0	1	2	5.031872509960161	4.980079681274903
0	2	2	4.948	45.004000000000005
0	3	2	4.999999999999999	85.01599999999998
0	4	2	4.963999999999999	125.03200000000001
0	5	2	4.9677419354838666	165.01612903225822
0	6	2	45.004016064257065	5.036144578313255
0	7	2	44.976	45.039999999999985
0	8	2	44.96400000000001	84.99999999999994
0	9	2	45.06772908366536	124.98406374501987
0	10	2	45.03187250996018	164.980079681275
0	11	2	85.012	4.952000000000001
0	12	2	85.00398406374498	45.01593625498009
0	13	2	84.99596774193547	85.02016129032256
0	14	2	84.98000000000002	124.98400000000004
0	15	2	85.01606425702813	165.06827309236942
0	16	2	124.99999999999994	4.975903614457833
0	17	2	125.01600000000002	44.98
0	18	2	125.03614457831327	85.03614457831324
0	19	2	124.91967871485943	124.97590361445782
0	20	2	125.08467741935486	164.89919354838702
0	21	2	165	5.024096385542171
0	22	2	165.03599999999997	44.96800000000001
0	23	2	164.99999999999994	84.99999999999997
0	24	2	164.93200000000013	124.99999999999991
0	25	2	165.10400000000004	164.9800000000002
0	26	1	184.5	26.5
0	27	1	160	149
0	28	1	22.333333333333332	42
0	29	1	187	41.6
0	30	1	92.5	150.5
0	31	1	7.5	76
0	32	1	11.5	72.5
0	33	1	94.5	48.5
0	34	1	191	86
0	35	1	89.5	179.5
0	36	1	37	172
0	37	1	19	59
0	38	1	36.5	69.5
0	39	1	130.5	144.5
0	40	1	5	28
0	41	1	21.5	38.5
0	42	1	176.66666666666666	83.33333333333333
0	43	1	35	112.5
0	44	1	38.5	102
0	45	1	7	192
1	1	2	5.060000000000002	4.999999999999999
1	2	2	4.948	45.004000000000005
1	3	2	4.999999999999999	85.01599999999998
1	4	2	5.036000000000001	124.94399999999997
1	5	2	4.9999999999999964	165.00000000000009
1	6	2	45.02000000000002	5.0680000000000005
1	7	2	44.976	45.039999999999985
1	8	2	45.00000000000003	84.99999999999997
1	9	2	45.019999999999996	124.98799999999994
1	10	2	45.03187250996018	164.980079681275
1	11	2	84.99598393574293	4.983935742971886
1	12	2	84.972	44.94400000000001
1	13	2	85.04417670682732	85.0883534136547
1	14	2	84.988	124.89599999999994
1	15	2	85.01612903225806	165.03225806451613
1	16	2	125.03614457831324	4.9357429718875485
1	17	2	125.01600000000002	44.98
1	18	2	125.02008032128512	84.96787148594372
1	19	2	124.92399999999999	125.01200000000007
1	20	2	125.10799999999993	164.92400000000004
1	21	2	164.96370967741936	5.024193548387099
1	22	2	165.03614457831324	44.93172690763051
1	23	2	164.99999999999994	84.99999999999997
1	24	2	164.9314516129032	124.99999999999996
1	25	2	165.10400000000004	164.9800000000002
1	26	1	185.5	26.75
1	27	1	159.2	149
1	28	1	22.2	42.4
1	29	1	186.71428571428572	41.57142857142858
1	30	1	92.25	150.75
1	31	1	7.333333333333333	75.66666666666667
1	32	1	11.666666666666666	72.66666666666667
1	33	1	94.66666666666667	48
1	34	1	191	86
1	35	1	89.66666666666667	179.66666666666666
1	36	1	37	172.5
1	37	1	19.5	58.5
1	38	1	36.5	69.5
1	39	1	130.5	144.5
1	40	1	5	28
1	41	1	21.5	38.16666666666667
1	42	1	176.77777777777777	83.44444444444444
1	43	1	35.111111111111114	112.66666666666667
1	44	1	38.5	102
1	45	1	7	192
2	1	2	5.132000000000001	5.004
2	2	2	4.983935742971886	45.00401606425705
2	3	2	4.995983935742974	85.04819277108443
2	4	2	5.036000000000001	124.94399999999997
2	5	2	4.9999999999999964	165.00000000000009
2	6	2	44.988	5.104000000000002
2	7	2	45.04000000000003	45.02000000000001
2	8	2	45.00000000000003	84.99999999999997
2	9	2	44.988	125.04
2	10	2	44.979838709677416	164.98387096774192
2	11	2	85.03225806451616	4.983870967741934
2	12	2	84.972	44.94400000000001
2	13	2	85.01200000000003	85.10400000000001
2	14	2	84.988	124.89599999999994
2	15	2	85.01612903225806	165.03225806451613
2	16	2	125.07199999999999	4.939999999999999
2	17	2	125.08835341365467	45.01204819277112
2	18	2	125.05599999999998	84.97199999999994
2	19	2	124.8875502008032	125.01204819277116
2	20	2	125.10799999999993	164.92400000000004
2	21	2	164.98387096774198	5.032258064516128
2	22	2	164.99999999999994	45.00000000000002
2	23	2	164.99999999999994	84.99999999999997
2	24	2	164.86000000000004	125.01200000000001
2	25	2	165.10400000000004	164.9800000000002
2	26	1	185.11111111111111	26.555555555555557
2	27	1	159.2	149
2	28	1	21.714285714285715	42.28571428571428
2	29	1	187.38461538461542	40.846153846153854
2	30	1	92	151.44444444444446
2	31	1	7	76
2	32	1	11.166666666666666	72.16666666666667
2	33	1	95.42857142857143	48.42857142857143
2	34	1	191.33333333333334	86
2	35	1	90	180
2	36	1	37.25	172.75
2	37	1	19.75	59
2	38	1	36	70
2	39	1	130	144.33333333333334
2	40	1	5.166666666666666	28.5
2	41	1	21.555555555555557	38.444444444444436
2	42	1	176.7894736842105	83.36842105263158
2	43	1	35.14285714285715	113.28571428571429
2	44	1	38.2	102.6
2	45	1	6.7	192.3
3	1	2	5.132000000000001	5.004
3	2	2	4.9999999999999964	45
3	3	2	4.9718875502008055	85.11646586345383
3	4	2	5.036000000000001	124.94399999999997
3	5	2	4.9999999999999964	165.00000000000009
3	6	2	44.988	5.104000000000002
3	7	2	45.04000000000003	45.02000000000001
3	8	2	45.00000000000003	84.99999999999997
3	9	2	44.988	125.04
3	10	2	44.959999999999994	165.01199999999997
3	11	2	85.03225806451616	4.983870967741934
3	12	2	84.972	44.94400000000001
3	13	2	85.01200000000003	85.10400000000001
3	14	2	84.988	124.89599999999994
3	15	2	85.01612903225806	165.03225806451613
3	16	2	125.07199999999999	4.939999999999999
3	17	2	125.12400000000005	45.00400000000004
3	18	2	125.05599999999998	84.97199999999994
3	19	2	124.85200000000002	125.00799999999997
3	20	2	125.10799999999993	164.92400000000004
3	21	2	164.98387096774198	5.032258064516128
3	22	2	164.99999999999994	45.00000000000002
3	23	2	164.96774193548382	85.00806451612902
3	24	2	164.86000000000004	125.01200000000001
3	25	2	165.10400000000004	164.9800000000002
3	26	1	184.59999999999997	26.133333333333336
3	27	1	159.3	149.5
3	28	1	21.599999999999994	42.35
3	29	1	187.31250000000003	41
3	30	1	91.57142857142857	150.57142857142858
3	31	1	7.3	75.89999999999998
3	32	1	10.399999999999999	72.1
3	33	1	95.27272727272727	48.36363636363636
3	34	1	191	86.99999999999999
3	35	1	90	180.7
3	36	1	37.18181818181818	172.0909090909091
3	37	1	20.222222222222225	60.11111111111111
3	38	1	35.833333333333336	70.16666666666667
3	39	1	129.4	144
3	40	1	5.777777777777778	28.666666666666668
3	41	1	20.625000000000004	38.1875
3	42	1	176.71428571428567	83.92857142857144
3	43	1	34.80952380952381	113.14285714285715
3	44	1	38.36363636363637	102.0909090909091
3	45	1	6.6000000000000005	192.26666666666668
4	1	2	5.132530120481924	5.040160642570277
4	2	2	4.9999999999999964	45
4	3	2	4.947368421052632	85.31983805668017
4	4	2	5.036000000000001	124.94399999999997
4	5	2	4.9999999999999964	165.00000000000009
4	6	2	44.988	5.104000000000002
4	7	2	45.04000000000003	45.02000000000001
4	8	2	45.00000000000003	84.99999999999997
4	9	2	44.988	125.04
4	10	2	44.94800000000002	164.95999999999992
4	11	2	85.03225806451616	4.983870967741934
4	12	2	84.972	44.94400000000001
4	13	2	85.01200000000003	85.10400000000001
4	14	2	84.988	124.89599999999994
4	15	2	85.01612903225806	165.03225806451613
4	16	2	125.07199999999999	4.939999999999999
4	17	2	125.12400000000005	45.00400000000004
4	18	2	125.05599999999998	84.97199999999994
4	19	2	124.85200000000002	125.00799999999997
4	20	2	125.10799999999993	164.92400000000004
4	21	2	164.98387096774198	5.032258064516128
4	22	2	164.99999999999994	45.00000000000002
4	23	2	164.869387755102	85.02448979591836
4	24	2	164.86000000000004	125.01200000000001
4	25	2	165.10400000000004	164.9800000000002
4	26	1	184.49999999999997	26.099999999999998
4	27	1	159.16666666666666	149.91666666666669
4	28	1	21.666666666666668	42.208333333333336
4	29	1	188.1153846153846	40.76923076923077
4	30	1	91.2	149.92000000000002
4	31	1	6.9	75.6
4	32	1	10.333333333333332	71.46666666666665
4	33	1	95.80000000000001	48.2
4	34	1	190.92307692307693	87.07692307692307
4	35	1	90.2	180.6
4	36	1	37.529411764705884	172.41176470588238
4	37	1	20.363636363636367	60.18181818181818
4	38	1	35.300000000000004	70.10000000000002
4	39	1	129	143.79999999999998
4	40	1	5.65	27.9
4	41	1	22.080000000000002	38.76
4	42	1	176.34285714285716	83.97142857142855
4	43	1	34.90625000000001	113.09374999999997
4	44	1	37.722222222222214	102.77777777777777
4	45	1	6.523809523809524	192.33333333333334
5	1	2	5.132530120481924	5.040160642570277
5	2	2	4.9999999999999964	45
5	3	2	4.926530612244897	85.38367346938776
5	4	2	5.036000000000001	124.94399999999997
5	5	2	4.9999999999999964	165.00000000000009
5	6	2	44.988	5.104000000000002
5	7	2	45.04000000000003	45.02000000000001
5	8	2	45.00000000000003	84.99999999999997
5	9	2	44.988	125.04
5	10	2	44.94800000000002	164.95999999999992
5	11	2	84.99999999999997	5.000000000000002
5	12	2	84.84552845528454	44.93902439024391
5	13	2	85.01200000000003	85.10400000000001
5	14	2	84.988	124.89599999999994
5	15	2	84.99999999999997	164.99999999999991
5	16	2	125.07199999999999	4.939999999999999
5	17	2	125.12400000000005	45.00400000000004
5	18	2	125.05599999999998	84.97199999999994
5	19	2	124.85200000000002	125.00799999999997
5	20	2	125.10799999999993	164.92400000000004
5	21	2	164.99999999999994	5.000000000000002
5	22	2	164.99999999999994	45.00000000000002
5	23	2	164.70833333333326	85.04166666666664
5	24	2	164.86000000000004	125.01200000000001
5	25	2	165.10400000000004	164.9800000000002
5	26	1	185.21428571428575	26.214285714285715
5	27	1	159.20588235294116	149.8529411764706
5	28	1	21.48275862068966	41.9655172413793
5	29	1	188.41025641025635	40.66666666666667
5	30	1	91.24242424242425	149.39393939393943
5	31	1	6.486486486486487	75.27027027027026
5	32	1	10.5	71.18181818181819
5	33	1	95.74193548387096	47.6774193548387
5	34	1	191.20833333333334	86.87499999999999
5	35	1	90.24999999999999	181.375
5	36	1	37.40740740740741	173.14814814814818
5	37	1	20.375000000000004	60.43750000000001
5	38	1	34.92307692307692	70
5	39	1	128.52941176470588	143.23529411764707
5	40	1	5.199999999999999	27.8
5	41	1	21.77777777777778	39.08333333333333
5	42	1	176.92592592592598	84.4259259259259
5	43	1	35.081081081081074	112.78378378378378
5	44	1	38.080000000000005	102.71999999999997
5	45	1	6.743589743589743	192.41025641025638
6	1	2	5.133064516129029	5.072580645161288
6	2	2	4.9999999999999964	45
6	3	2	4.90495867768595	85.54958677685954
6	4	2	5.036000000000001	124.94399999999997
6	5	2	4.9999999999999964	165.00000000000009
6	6	2	44.988	5.104000000000002
6	7	2	45.04000000000003	45.02000000000001
6	8	2	45.00000000000003	84.99999999999997
6	9	2	44.988	125.04
6	10	2	44.963855421686745	164.92771084337357
6	11	2	84.99999999999997	5.000000000000002
6	12	2	84.86345381526105	44.799196787148574
6	13	2	85.01200000000003	85.10400000000001
6	14	2	84.988	124.89599999999994
6	15	2	84.99999999999997	164.99999999999991
6	16	2	125.07199999999999	4.939999999999999
6	17	2	125.12400000000005	45.00400000000004
6	18	2	125.05599999999998	84.97199999999994
6	19	2	124.85200000000002	125.00799999999997
6	20	2	125.10799999999993	164.92400000000004
6	21	2	164.99999999999994	5.000000000000002
6	22	2	164.99999999999994	45.00000000000002
6	23	2	164.60759493670878	85.00421940928268
6	24	2	164.86000000000004	125.01200000000001
6	25	2	165.10400000000004	164.9800000000002
6	26	1	184.84615384615387	26.56410256410256
6	27	1	158.83673469387756	150.26530612244898
6	28	1	21.314285714285713	42.171428571428564
6	29	1	188.36206896551724	40.25862068965518
6	30	1	91.05128205128206	148.92307692307693
6	31	1	6.465116279069767	75.53488372093024
6	32	1	10.966666666666667	71.16666666666664
6	33	1	95.78947368421053	48.10526315789473
6	34	1	190.95000000000002	86.17500000000001
6	35	1	90.26470588235294	181.6176470588235
6	36	1	37.48648648648649	173.89189189189187
6	37	1	20.44	60.16
6	38	1	34.888888888888886	69.99999999999999
6	39	1	128.45454545454544	142.9090909090909
6	40	1	4.611940298507462	27.626865671641788
6	41	1	21.590909090909086	39.06818181818181
6	42	1	177.16883116883113	84.42857142857146
6	43	1	35.22222222222222	113.05555555555557
6	44	1	37.86842105263158	103.2105263157895
6	45	1	6.836734693877551	192.57142857142856
7	1	2	5.068273092369477	5.068273092369481
7	2	2	4.9999999999999964	45
7	3	2	4.941908713692946	85.65560165975107
7	4	2	5.036000000000001	124.94399999999997
7	5	2	4.9999999999999964	165.00000000000009
7	6	2	44.988	5.104000000000002
7	7	2	45.04000000000003	45.02000000000001
7	8	2	45.00000000000003	84.99999999999997
7	9	2	45.03200000000003	125.09199999999993
7	10	2	45.02024291497977	164.88663967611345
7	11	2	84.99999999999997	5.000000000000002
7	12	2	84.73877551020409	44.74693877551017
7	13	2	85.01200000000003	85.10400000000001
7	14	2	84.988	124.89599999999994
7	15	2	84.99999999999997	164.99999999999991
7	16	2	125.07199999999999	4.939999999999999
7	17	2	125.12400000000005	45.00400000000004
7	18	2	125.05599999999998	84.97199999999994
7	19	2	124.85200000000002	125.00799999999997
7	20	2	125.10799999999993	164.92400000000004
7	21	2	164.99999999999994	5.000000000000002
7	22	2	164.99999999999994	45.00000000000002
7	23	2	164.51282051282044	85.02136752136751
7	24	2	164.86000000000004	125.01200000000001
7	25	2	165.10400000000004	164.9800000000002
7	26	1	185.20754716981133	26.71698113207547
7	27	1	158.92647058823525	149.83823529411762
7	28	1	21.272727272727273	41.81818181818182
7	29	1	188.13414634146338	39.95121951219512
7	30	1	91.25000000000001	149.4107142857143
7	31	1	5.888888888888888	75.57777777777777
7	32	1	10.444444444444443	70.99999999999999
7	33	1	95.93999999999998	47.98
7	34	1	190.64406779661013	86.47457627118644
7	35	1	90.58695652173914	181.82608695652172
7	36	1	37.19230769230769	173.94230769230774
7	37	1	20.368421052631582	60.499999999999986
7	38	1	34.8	70.29999999999998
7	39	1	128.9032258064516	143.38709677419357
7	40	1	4.630434782608697	27.793478260869563
7	41	1	21.659574468085104	39.40425531914893
7	42	1	177.0860215053763	84.08602150537631
7	43	1	35.046875000000014	113.078125
7	44	1	37.8490566037736	103.11320754716981
7	45	1	6.914285714285715	192.52857142857144
8	1	2	5.07258064516129	5.100806451612901
8	2	2	4.9999999999999964	45
8	3	2	4.920168067226891	85.75210084033614
8	4	2	5.036000000000001	124.94399999999997
8	5	2	4.9999999999999964	165.00000000000009
8	6	2	44.988	5.104000000000002
8	7	2	45.04000000000003	45.02000000000001
8	8	2	45.00000000000003	84.99999999999997
8	9	2	45.052208835341354	125.12048192771088
8	10	2	45.04065040650408	164.8414634146341
8	11	2	84.99999999999997	5.000000000000002
8	12	2	84.64609053497935	44.658436213991735
8	13	2	85.01200000000003	85.10400000000001
8	14	2	84.988	124.89599999999994
8	15	2	84.99999999999997	164.99999999999991
8	16	2	125.07199999999999	4.939999999999999
8	17	2	125.12400000000005	45.00400000000004
8	18	2	125.05599999999998	84.97199999999994
8	19	2	124.85200000000002	125.00799999999997
8	20	2	125.10799999999993	164.92400000000004
8	21	2	164.99999999999994	5.000000000000002
8	22	2	164.99999999999994	45.00000000000002
8	23	2	164.51282051282044	85.02136752136751
8	24	2	164.86000000000004	125.01200000000001
8	25	2	165.10400000000004	164.9800000000002
8	26	1	185.1746031746032	26.968253968253972
8	27	1	159.02409638554218	149.67469879518072
8	28	1	21.52631578947369	41.57894736842105
8	29	1	188.0612244897959	39.86734693877552
8	30	1	90.64864864864865	149.06756756756755
8	31	1	6.137254901960785	75.6470588235294
8	32	1	10.129629629629628	70.81481481481481
8	33	1	95.95454545454548	48.15151515151514
8	34	1	190.78021978021974	86.5054945054945
8	35	1	90.63793103448276	182.18965517241378
8	36	1	37.06249999999999	173.98437499999997
8	37	1	20.43137254901961	60.43137254901962
8	38	1	34.935483870967744	70.06451612903228
8	39	1	129.23809523809527	143.33333333333331
8	40	1	4.764227642276424	27.902439024390237
8	41	1	21.566666666666663	38.650000000000006
8	42	1	177.52727272727267	84.30909090909095
8	43	1	35.01149425287358	113.35632183908048
8	44	1	37.89855072463768	103.07246376811594
8	45	1	7.186046511627905	192.47674418604643
9	1	2	5.081300813008132	5.1626016260162615
9	2	2	4.9999999999999964	45
9	3	2	4.970588235294119	85.81512605042019
9	4	2	5.036000000000001	124.94399999999997
9	5	2	4.9999999999999964	165.00000000000009
9	6	2	44.988	5.104000000000002
9	7	2	45.04000000000003	45.02000000000001
9	8	2	45.00000000000003	84.99999999999997
9	9	2	45.07630522088353	125.18875502008035
9	10	2	45.04065040650408	164.8414634146341
9	11	2	84.99999999999997	5.000000000000002
9	12	2	84.58921161825718	44.639004149377556
9	13	2	85.01200000000003	85.10400000000001
9	14	2	84.988	124.89599999999994
9	15	2	84.99999999999997	164.99999999999991
9	16	2	125.07199999999999	4.939999999999999
9	17	2	125.12400000000005	45.00400000000004
9	18	2	125.05599999999998	84.97199999999994
9	19	2	124.85200000000002	125.00799999999997
9	20	2	125.10799999999993	164.92400000000004
9	21	2	164.99999999999994	5.000000000000002
9	22	2	164.99999999999994	45.00000000000002
9	23	2	164.4849785407725	85.03433476394848
9	24	2	164.86000000000004	125.01200000000001
9	25	2	165.10400000000004	164.9800000000002
9	26	1	185.55555555555554	26.800000000000004
9	27	1	159.2596153846154	149.66346153846143
9	28	1	21.212121212121215	42.01515151515151
9	29	1	188.07500000000005	39.69166666666665
9	30	1	90.84848484848486	149.04040404040396
9	31	1	6.787878787878788	75.2424242424242
9	32	1	10.049180327868855	71.08196721311475
9	33	1	96.05882352941178	47.91764705882353
9	34	1	190.71900826446287	86.37190082644629
9	35	1	90.46575342465752	182.57534246575347
9	36	1	36.949367088607595	174.20253164556962
9	37	1	20.590163934426233	60.57377049180328
9	38	1	34.952380952380956	69.85714285714285
9	39	1	129.78873239436615	143.38028169014086
9	40	1	4.6013071895424815	27.967320261437916
9	41	1	21.55128205128205	38.07692307692307
9	42	1	177.53719008264463	84.32231404958678
9	43	1	35.33333333333332	113.36190476190474
9	44	1	38.56790123456791	102.95061728395062
9	45	1	7.247619047619047	192.22857142857148
10	1	2	5.069387755102039	5.195918367346937
10	2	2	4.983870967741933	45.032258064516164
10	3	2	4.974248927038624	85.95278969957086
10	4	2	5.036000000000001	124.94399999999997
10	5	2	4.9999999999999964	165.00000000000009
10	6	2	44.988	5.104000000000002
10	7	2	45.04000000000003	45.02000000000001
10	8	2	45.00000000000003	84.99999999999997
10	9	2	45.08799999999999	125.22400000000002
10	10	2	45.14462809917357	164.7768595041323
10	11	2	84.99999999999997	5.000000000000002
10	12	2	84.52719665271958	44.64435146443513
10	13	2	85.01200000000003	85.10400000000001
10	14	2	84.988	124.89599999999994
10	15	2	84.99999999999997	164.99999999999991
10	16	2	125.07199999999999	4.939999999999999
10	17	2	125.12400000000005	45.00400000000004
10	18	2	125.05599999999998	84.97199999999994
10	19	2	124.85200000000002	125.00799999999997
10	20	2	125.10799999999993	164.92400000000004
10	21	2	164.99999999999994	5.000000000000002
10	22	2	164.99999999999994	45.00000000000002
10	23	2	164.4242424242424	85.038961038961
10	24	2	164.86000000000004	125.01200000000001
10	25	2	165.10400000000004	164.9800000000002
10	26	1	185.5726495726495	26.57264957264957
10	27	1	159.09166666666664	149.85833333333338
10	28	1	21.172413793103456	42.02298850574711
10	29	1	187.65714285714293	39.37857142857142
10	30	1	90.7426470588236	148.8161764705882
10	31	1	6.512499999999999	75.07500000000002
10	32	1	10.168831168831172	71.46753246753248
10	33	1	96.17894736842109	47.89473684210526
10	34	1	190.87323943661974	86.20422535211267
10	35	1	90.30107526881721	182.5806451612903
10	36	1	37.074468085106375	174.05319148936175
10	37	1	20.769230769230766	60.61538461538463
10	38	1	34.35	69.56666666666668
10	39	1	129.59139784946234	143.38709677419354
10	40	1	4.5989304812834195	27.844919786096263
10	41	1	21.43678160919542	37.20689655172412
10	42	1	177.93006993006998	84.3846153846154
10	43	1	34.95238095238094	113.15079365079364
10	44	1	38.76470588235295	102.79411764705887
10	45	1	7.0000000000000036	191.86466165413535
11	1	2	5.0333333333333306	5.358333333333332
11	2	2	4.96311475409836	45.131147540983626
11	3	2	5.008733624454147	86.06113537117905
11	4	2	5.036000000000001	124.94399999999997
11	5	2	4.9999999999999964	165.00000000000009
11	6	2	44.988	5.104000000000002
11	7	2	45.04000000000003	45.02000000000001
11	8	2	45.00000000000003	84.99999999999997
11	9	2	45.133603238866385	125.30769230769228
11	10	2	45.19166666666668	164.72500000000002
11	11	2	84.99999999999997	5.000000000000002
11	12	2	84.33760683760684	44.589743589743605
11	13	2	85.01200000000003	85.10400000000001
11	14	2	84.988	124.89599999999994
11	15	2	84.99999999999997	164.99999999999991
11	16	2	125.07199999999999	4.939999999999999
11	17	2	125.12400000000005	45.00400000000004
11	18	2	125.05599999999998	84.97199999999994
11	19	2	124.85200000000002	125.00799999999997
11	20	2	125.10799999999993	164.92400000000004
11	21	2	164.99999999999994	5.000000000000002
11	22	2	164.99999999999994	45.00000000000002
11	23	2	164.4242424242424	85.038961038961
11	24	2	164.86000000000004	125.01200000000001
11	25	2	165.10400000000004	164.9800000000002
11	26	1	185.72108843537416	26.367346938775505
11	27	1	158.96774193548384	149.60645161290327
11	28	1	21.175925925925927	42.509259259259274
11	29	1	187.52564102564105	39.32692307692311
11	30	1	90.37790697674424	148.1511627906977
11	31	1	6.804347826086957	74.8804347826087
11	32	1	10.287356321839079	71.47126436781608
11	33	1	96.30252100840337	48.0252100840336
11	34	1	190.9112426035502	86.45562130177514
11	35	1	90.27927927927931	182.54954954954965
11	36	1	37.02702702702704	174.1531531531532
11	37	1	20.97916666666667	60.69791666666665
11	38	1	34.674418604651166	68.97674418604652
11	39	1	129.4765625	143.49999999999997
11	40	1	4.834782608695653	27.82173913043479
11	41	1	21.672897196261676	36.36448598130841
11	42	1	178.4534161490682	84.22981366459625
11	43	1	34.94078947368422	113.32236842105264
11	44	1	38.91240875912407	102
11	45	1	6.902597402597402	192.06493506493513
12	1	2	5.166666666666667	5.441666666666665
12	2	2	4.975308641975308	45.164609053497955
12	3	2	4.991228070175437	86.09210526315792
12	4	2	5.036000000000001	124.94399999999997
12	5	2	4.9999999999999964	165.00000000000009
12	6	2	44.988	5.104000000000002
12	7	2	45.04000000000003	45.02000000000001
12	8	2	45.00000000000003	84.99999999999997
12	9	2	45.15789473684211	125.43724696356277
12	10	2	45.28389830508472	164.6398305084746
12	11	2	84.99999999999997	5.000000000000002
12	12	2	84.27155172413792	44.58620689655176
12	13	2	85.01200000000003	85.10400000000001
12	14	2	84.988	124.89599999999994
12	15	2	84.99999999999997	164.99999999999991
12	16	2	125.07199999999999	4.939999999999999
12	17	2	125.12400000000005	45.00400000000004
12	18	2	125.05599999999998	84.97199999999994
12	19	2	124.85200000000002	125.00799999999997
12	20	2	125.10799999999993	164.92400000000004
12	21	2	164.99999999999994	5.000000000000002
12	22	2	164.99999999999994	45.00000000000002
12	23	2	164.39130434782606	85.03913043478259
12	24	2	164.86000000000004	125.01200000000001
12	25	2	165.10400000000004	164.9800000000002
12	26	1	185.9415204678362	26.26315789473685
12	27	1	158.85279187817264	149.51269035532994
12	28	1	21.24806201550389	42.97674418604651
12	29	1	187.6544502617801	39.27748691099478
12	30	1	90.28365384615384	147.66346153846158
12	31	1	6.616161616161616	74.46464646464646
12	32	1	10.64	71.78000000000002
12	33	1	96.50704225352116	48.056338028169016
12	34	1	190.77202072538861	86.93782383419685
12	35	1	90.24817518248172	182.4671532846715
12	36	1	37.12307692307691	174.63076923076923
12	37	1	21.14035087719298	60.57894736842105
12	38	1	34.772727272727266	68.87272727272727
12	39	1	129.3684210526316	143.57894736842107
12	40	1	5.314814814814811	27.766666666666666
12	41	1	21.6279069767442	35.56589147286824
12	42	1	178.50555555555553	84.38333333333334
12	43	1	34.93714285714287	113.11428571428567
12	44	1	39.23030303030302	101.73333333333338
12	45	1	6.966480446927376	191.80446927374294
13	1	2	5.20331950207469	5.452282157676349
13	2	2	4.916317991631797	45.267782426778254
13	3	2	4.999999999999997	86.1277533039648
13	4	2	5.036000000000001	124.94399999999997
13	5	2	4.9999999999999964	165.00000000000009
13	6	2	44.988	5.104000000000002
13	7	2	45.04000000000003	45.02000000000001
13	8	2	45.01209677419356	84.96774193548386
13	9	2	45.17479674796749	125.46747967479679
13	10	2	45.2936170212766	164.60425531914896
13	11	2	84.99999999999997	5.000000000000002
13	12	2	84.19213973799123	44.51965065502185
13	13	2	85.01200000000003	85.10400000000001
13	14	2	84.988	124.89599999999994
13	15	2	84.96356275303643	165.06072874493933
13	16	2	125.07199999999999	4.939999999999999
13	17	2	125.12400000000005	45.00400000000004
13	18	2	125.05599999999998	84.97199999999994
13	19	2	124.85200000000002	125.00799999999997
13	20	2	125.10799999999993	164.92400000000004
13	21	2	164.99999999999994	5.000000000000002
13	22	2	164.99999999999994	45.00000000000002
13	23	2	164.32894736842098	85.02631578947367
13	24	2	164.86000000000004	125.01200000000001
13	25	2	165.08800000000008	165.02800000000002
13	26	1	186.18627450980384	26.450980392156875
13	27	1	159.04526748971193	149.31687242798353
13	28	1	21.04827586206897	43.10344827586208
13	29	1	187.67136150234734	39.55868544600939
13	30	1	90.47773279352228	147.50607287449387
13	31	1	6.990909090909091	74.29090909090908
13	32	1	11.000000000000002	71.21621621621624
13	33	1	96.84571428571424	48.239999999999974
13	34	1	190.68837209302325	87.19999999999993
13	35	1	90.02409638554218	182.92771084337352
13	36	1	36.99315068493151	174.6301369863013
13	37	1	21.31034482758621	60.524137931034474
13	38	1	34.68115942028985	68.57971014492752
13	39	1	129.3675675675676	143.34594594594583
13	40	1	5.562289562289559	27.622895622895637
13	41	1	21.356164383561637	35.068493150684944
13	42	1	178.46268656716433	84.02985074626866
13	43	1	34.48717948717949	113.28717948717942
13	44	1	39.27979274611398	101.88601036269435
13	45	1	7.170854271356786	191.59798994974875
14	1	2	5.154811715481169	5.514644351464434
14	2	2	4.957264957264954	45.41025641025643
14	3	2	5.09691629955947	86.25991189427313
14	4	2	5.036000000000001	124.94399999999997
14	5	2	4.9999999999999964	165.00000000000009
14	6	2	44.988	5.104000000000002
14	7	2	45.04000000000003	45.02000000000001
14	8	2	45.03238866396763	84.93927125506075
14	9	2	45.19672131147542	125.52868852459014
14	10	2	45.2936170212766	164.60425531914896
14	11	2	84.99999999999997	5.000000000000002
14	12	2	84.06607929515418	44.612334801762124
14	13	2	85.01200000000003	85.10400000000001
14	14	2	84.988	124.89599999999994
14	15	2	84.96356275303643	165.06072874493933
14	16	2	125.07199999999999	4.939999999999999
14	17	2	125.12400000000005	45.00400000000004
14	18	2	125.05599999999998	84.97199999999994
14	19	2	124.85200000000002	125.00799999999997
14	20	2	125.10799999999993	164.92400000000004
14	21	2	164.99999999999994	5.000000000000002
14	22	2	164.99999999999994	45.00000000000002
14	23	2	164.32894736842098	85.02631578947367
14	24	2	164.86000000000004	125.01200000000001
14	25	2	165.10040160642572	165.06024096385545
14	26	1	186.49361702127655	26.238297872340432
14	27	1	158.9354838709678	148.9211469534051
14	28	1	21.265432098765434	43.39506172839505
14	29	1	187.40677966101697	39.98305084745764
14	30	1	90.37414965986399	147.33673469387756
14	31	1	7.115702479338842	74.42975206611567
14	32	1	10.558333333333332	70.63333333333334
14	33	1	97.08796296296298	48.37500000000001
14	34	1	190.9662447257384	87.58227848101264
14	35	1	90.21393034825873	182.93034825870643
14	36	1	36.87179487179489	174.4999999999999
14	37	1	21.425287356321835	60.59195402298851
14	38	1	34.73142857142857	68.28
14	39	1	129.54424778761063	143.6946902654867
14	40	1	5.620578778135045	27.7459807073955
14	41	1	21.042944785276077	34.447852760736176
14	42	1	178.76818181818186	83.99090909090908
14	43	1	34.31858407079646	113.38495575221243
14	44	1	39.85462555066079	101.63876651982372
14	45	1	7.6695652173913045	191.45652173913047
15	1	2	5.080851063829783	5.617021276595748
15	2	2	4.969696969696972	45.45454545454545
15	3	2	5.192982456140349	86.38157894736848
15	4	2	5.036000000000001	124.94399999999997
15	5	2	4.9999999999999964	165.00000000000009
15	6	2	44.988	5.104000000000002
15	7	2	45.04000000000003	45.02000000000001
15	8	2	45.04878048780488	84.90650406504065
15	9	2	45.18442622950818	125.59836065573774
15	10	2	45.36637931034484	164.54741379310335
15	11	2	84.99999999999997	5.000000000000002
15	12	2	83.90308370044053	44.68281938325996
15	13	2	85.01200000000003	85.10400000000001
15	14	2	84.988	124.89599999999994
15	15	2	84.96356275303643	165.06072874493933
15	16	2	125.07199999999999	4.939999999999999
15	17	2	125.12400000000005	45.00400000000004
15	18	2	125.05599999999998	84.97199999999994
15	19	2	124.85200000000002	125.00799999999997
15	20	2	125.10799999999993	164.92400000000004
15	21	2	164.99999999999994	5.000000000000002
15	22	2	164.99999999999994	45.00000000000002
15	23	2	164.26872246696036	84.9647577092511
15	24	2	164.86000000000004	125.01200000000001
15	25	2	165.24291497975705	165.1538461538462
15	26	1	186.69172932330818	26.10902255639098
15	27	1	158.83734939759034	148.8132530120482
15	28	1	21.748663101604294	43.65775401069521
15	29	1	187.15849056603776	40.264150943396224
15	30	1	90.31858407079646	147.31563421828926
15	31	1	7.181818181818181	74.37121212121218
15	32	1	10.77862595419847	70.09923664122137
15	33	1	97.25106382978727	48.18723404255318
15	34	1	190.95366795366795	88.2857142857143
15	35	1	90.15151515151517	183.0259740259739
15	36	1	37.021276595744666	174.52659574468075
15	37	1	21.457711442786067	60.353233830845774
15	38	1	34.94258373205743	68.377990430622
15	39	1	129.78030303030297	143.74242424242425
15	40	1	5.777439024390247	27.542682926829283
15	41	1	21.29787234042552	33.99468085106383
15	42	1	179.07258064516117	83.95967741935488
15	43	1	34.171102661596976	113.11406844106459
15	44	1	39.99604743083007	101.18577075098818
15	45	1	7.988593155893533	191.50570342205313
16	1	2	5.042918454935623	5.673819742489268
16	2	2	4.917391304347829	45.430434782608685
16	3	2	5.334801762114539	86.47136563876653
16	4	2	5.036000000000001	124.94399999999997
16	5	2	4.9999999999999964	165.00000000000009
16	6	2	44.988	5.104000000000002
16	7	2	45.07228915662651	45.03614457831329
16	8	2	45.073770491803266	84.84426229508192
16	9	2	45.25206611570248	125.62396694214877
16	10	2	45.464912280701746	164.48245614035085
16	11	2	84.99999999999997	5.000000000000002
16	12	2	83.75877192982456	44.64035087719298
16	13	2	85.01200000000003	85.10400000000001
16	14	2	84.988	124.89599999999994
16	15	2	84.93902439024386	165.08536585365854
16	16	2	125.07199999999999	4.939999999999999
16	17	2	125.12400000000005	45.00400000000004
16	18	2	125.05599999999998	84.97199999999994
16	19	2	124.84400000000001	125.00800000000001
16	20	2	125.10799999999993	164.92400000000004
16	21	2	164.99999999999994	5.000000000000002
16	22	2	164.99999999999994	45.00000000000002
16	23	2	164.27510917030568	84.88646288209608
16	24	2	164.86000000000004	125.01200000000001
16	25	2	165.36929460580905	165.2987551867219
16	26	1	186.42483660130713	26.06535947712419
16	27	1	158.99999999999994	148.63779527559063
16	28	1	22.048309178743978	43.82125603864734
16	29	1	186.95049504950492	40.67326732673267
16	30	1	90.15326633165836	146.99999999999994
16	31	1	7.020000000000001	74.50000000000001
16	32	1	11.259999999999998	69.84666666666668
16	33	1	97.47777777777783	47.89999999999998
16	34	1	190.87544483985764	88.90747330960855
16	35	1	90.19540229885061	183.1226053639847
16	36	1	37.16071428571431	174.8705357142858
16	37	1	21.849137931034477	59.89655172413793
16	38	1	35.23706896551723	68.40086206896548
16	39	1	129.65594855305466	143.8585209003216
16	40	1	5.790419161676646	27.21257485029941
16	41	1	21.57692307692309	33.51442307692307
16	42	1	179.26950354609937	83.84397163120569
16	43	1	33.65529010238906	113.06484641638222
16	44	1	40.19795221843002	101.09897610921502
16	45	1	7.941935483870966	191.28709677419351
17	1	2	5.042918454935623	5.673819742489268
17	2	2	4.868995633187775	45.423580786026186
17	3	2	5.421052631578946	86.53508771929823
17	4	2	5.036000000000001	124.94399999999997
17	5	2	4.9999999999999964	165.00000000000009
17	6	2	44.988	5.104000000000002
17	7	2	45.10483870967741	45.04838709677417
17	8	2	45.098765432098766	84.81893004115233
17	9	2	45.313807531380746	125.69037656903762
17	10	2	45.6431718061674	164.4405286343612
17	11	2	84.99999999999997	5.000000000000002
17	12	2	83.75652173913052	44.63478260869565
17	13	2	85.01200000000003	85.10400000000001
17	14	2	84.988	124.89599999999994
17	15	2	84.93902439024386	165.08536585365854
17	16	2	125.07199999999999	4.939999999999999
17	17	2	125.12400000000005	45.00400000000004
17	18	2	125.05599999999998	84.97199999999994
17	19	2	124.84400000000001	125.00800000000001
17	20	2	125.10799999999993	164.92400000000004
17	21	2	164.99999999999994	5.000000000000002
17	22	2	164.99999999999994	45.00000000000002
17	23	2	164.3	84.89565217391308
17	24	2	164.86000000000004	125.01200000000001
17	25	2	165.3817427385893	165.29460580912854
17	26	1	185.95522388059712	25.970149253731353
17	27	1	159.00245700245713	148.46191646191653
17	28	1	21.982532751091682	44.100436681222725
17	29	1	186.84795321637418	41.58187134502923
17	30	1	90.30257510729611	146.8476394849784
17	31	1	6.7604790419161676	74.27544910179644
17	32	1	11.461077844311383	69.41916167664674
17	33	1	97.81999999999996	47.83333333333332
17	34	1	190.99333333333334	89.21333333333334
17	35	1	90.39344262295076	182.88196721311485
17	36	1	36.91015625000002	174.68359375000009
17	37	1	21.790513833992094	59.719367588932776
17	38	1	35.439688715953324	68.5525291828794
17	39	1	129.64325842696624	144.07022471910125
17	40	1	5.659701492537311	26.8686567164179
17	41	1	21.504347826086956	33.147826086956535
17	42	1	179.44000000000005	83.68666666666668
17	43	1	33.17868338557992	113.12225705329153
17	44	1	40.33230769230771	101.05846153846151
17	45	1	7.970501474926259	191.36283185840716
18	1	2	5.034188034188034	5.641025641025641
18	2	2	4.868995633187775	45.423580786026186
18	3	2	5.416666666666666	86.58771929824563
18	4	2	5.036000000000001	124.94399999999997
18	5	2	4.9999999999999964	165.00000000000009
18	6	2	44.988	5.104000000000002
18	7	2	45.10483870967741	45.04838709677417
18	8	2	45.11157024793387	84.78925619834716
18	9	2	45.362869198312204	125.73839662447254
18	10	2	45.58771929824564	164.2412280701755
18	11	2	84.99999999999997	5.000000000000002
18	12	2	83.64224137931035	44.5905172413793
18	13	2	85.01200000000003	85.10400000000001
18	14	2	84.988	124.89599999999994
18	15	2	84.96356275303643	165.06072874493933
18	16	2	125.07199999999999	4.939999999999999
18	17	2	125.12400000000005	45.00400000000004
18	18	2	125.05599999999998	84.97199999999994
18	19	2	124.80799999999994	124.97599999999996
18	20	2	125.10799999999993	164.92400000000004
18	21	2	164.99999999999994	5.000000000000002
18	22	2	164.99999999999994	45.00000000000002
18	23	2	164.3	84.89565217391308
18	24	2	164.86000000000004	125.01200000000001
18	25	2	165.43265306122453	165.24081632653068
18	26	1	185.31693989071042	25.579234972677593
18	27	1	158.95796460177007	148.23008849557533
18	28	1	22.43798449612404	44.19379844961238
18	29	1	186.27499999999986	41.95833333333333
18	30	1	90.2334004024145	146.85714285714323
18	31	1	6.464480874316938	74.30054644808743
18	32	1	11.844086021505376	69.18279569892472
18	33	1	97.99689440993781	47.98136645962734
18	34	1	191.11635220125785	89.41509433962264
18	35	1	90.68390804597708	183.08333333333331
18	36	1	36.92387543252591	174.98269896193784
18	37	1	22.19101123595506	59.722846441947574
18	38	1	36.04044117647059	68.79779411764713
18	39	1	129.49876543209885	144.22222222222223
18	40	1	5.33142857142857	26.48285714285716
18	41	1	21.158102766798418	32.47826086956522
18	42	1	179.52830188679252	83.7075471698113
18	43	1	32.662983425414374	113.1353591160221
18	44	1	40.3211267605634	100.92112676056335
18	45	1	7.846354166666665	190.95312500000014
19	1	2	5.034188034188034	5.641025641025641
19	2	2	4.837719298245611	45.40350877192984
19	3	2	5.393805309734513	86.64601769911505
19	4	2	5.036000000000001	124.94399999999997
19	5	2	4.9999999999999964	165.00000000000009
19	6	2	44.988	5.104000000000002
19	7	2	45.208835341365486	45.07630522088354
19	8	2	45.14107883817424	84.76763485477179
19	9	2	45.35714285714287	125.7058823529412
19	10	2	45.701298701298725	164.23809523809533
19	11	2	84.99999999999997	5.000000000000002
19	12	2	83.66952789699572	44.56223175965665
19	13	2	85.01200000000003	85.10400000000001
19	14	2	84.988	124.89599999999994
19	15	2	84.96356275303643	165.06072874493933
19	16	2	125.07199999999999	4.939999999999999
19	17	2	125.12400000000005	45.00400000000004
19	18	2	125.05599999999998	84.97199999999994
19	19	2	124.81124497991969	124.93975903614465
19	20	2	125.10799999999993	164.92400000000004
19	21	2	164.99999999999994	5.000000000000002
19	22	2	164.9024390243902	45.036585365853675
19	23	2	164.35193133047204	84.84549356223177
19	24	2	164.86000000000004	125.01200000000001
19	25	2	165.4105691056911	165.21544715447158
19	26	1	184.67341772151897	25.098734177215185
19	27	1	158.87374749498994	148.21643286573146
19	28	1	22.589285714285708	44.432142857142864
19	29	1	185.84793814432982	42.234536082474264
19	30	1	90.36653386454188	146.88047808764935
19	31	1	6.0247524752475226	74.26732673267324
19	32	1	12.10837438423645	68.7586206896552
19	33	1	98.41666666666674	47.980555555555554
19	34	1	191.06306306306305	89.73273273273281
19	35	1	90.76395939086291	183.04822335025395
19	36	1	36.70093457943923	175.04672897196258
19	37	1	22.46071428571429	59.57142857142856
19	38	1	36.5173611111111	68.72569444444447
19	39	1	129.33867276887875	144.37070938215098
19	40	1	4.955922865013774	25.958677685950406
19	41	1	21.454545454545464	32.12237762237761
19	42	1	179.5195195195197	83.44444444444444
19	43	1	32.130208333333314	113.11197916666677
19	44	1	40.339331619537276	100.76606683804623
19	45	1	7.818181818181815	190.8386363636364
20	1	2	5.055084745762709	5.584745762711868
20	2	2	4.837719298245611	45.40350877192984
20	3	2	5.431718061674009	86.71365638766522
20	4	2	5.036000000000001	124.94399999999997
20	5	2	4.9999999999999964	165.00000000000009
20	6	2	44.988	5.104000000000002
20	7	2	45.27710843373494	45.076305220883526
20	8	2	45.14583333333334	84.74583333333338
20	9	2	45.291666666666664	125.6791666666666
20	10	2	45.699570815450635	164.24034334763954
20	11	2	84.99999999999997	5.000000000000002
20	12	2	83.63559322033898	44.55084745762712
20	13	2	85.01200000000003	85.10400000000001
20	14	2	84.988	124.89599999999994
20	15	2	84.98387096774192	165.03225806451616
20	16	2	125.07199999999999	4.939999999999999
20	17	2	125.12400000000005	45.00400000000004
20	18	2	125.05599999999998	84.97199999999994
20	19	2	124.828	124.97199999999997
20	20	2	125.13200000000003	165.02399999999992
20	21	2	164.99999999999994	5.000000000000002
20	22	2	164.873469387755	45.05714285714288
20	23	2	164.34188034188028	84.80769230769232
20	24	2	164.86000000000004	125.01200000000001
20	25	2	165.34939759036135	165.14056224899596
20	26	1	184.10588235294117	24.43999999999999
20	27	1	158.82634730538933	148.07784431137733
20	28	1	22.840677966101694	44.15932203389833
20	29	1	185.26328502415478	42.42753623188407
20	30	1	90.24501992031864	146.84462151394425
20	31	1	5.764192139737989	74.22270742358073
20	32	1	12.631111111111116	68.2088888888889
20	33	1	98.66183574879229	47.85748792270532
20	34	1	190.9915254237288	90.37288135593226
20	35	1	90.60000000000005	183.10114942528742
20	36	1	36.542134831460686	175.3370786516854
20	37	1	22.79790940766551	59.29965156794425
20	38	1	37.016666666666666	68.9066666666667
20	39	1	129.24947589098534	144.5723270440252
20	40	1	4.482758620689654	25.519893899204234
20	41	1	21.47936507936507	31.609523809523807
20	42	1	179.37464788732402	83.3154929577464
20	43	1	31.931873479318742	113.1119221411192
20	44	1	40.5059665871122	100.47494033412887
20	45	1	7.776371308016879	190.76793248945162
21	1	2	5.07949790794979	5.493723849372387
21	2	2	4.904347826086955	45.43478260869566
21	3	2	5.422907488986782	86.70484581497799
21	4	2	5.036000000000001	124.94399999999997
21	5	2	4.9999999999999964	165.00000000000009
21	6	2	44.988	5.104000000000002
21	7	2	45.30800000000001	45.05999999999999
21	8	2	45.14462809917357	84.80991735537197
21	9	2	45.25619834710741	125.63223140495869
21	10	2	45.67372881355934	164.16525423728808
21	11	2	84.99999999999997	5.000000000000002
21	12	2	83.70833333333334	44.479166666666636
21	13	2	85.01200000000003	85.10400000000001
21	14	2	84.988	124.89599999999994
21	15	2	84.96761133603232	165
21	16	2	125.07199999999999	4.939999999999999
21	17	2	125.12400000000005	45.00400000000004
21	18	2	125.05599999999998	84.97199999999994
21	19	2	124.828	124.97199999999997
21	20	2	125.148	165.03999999999996
21	21	2	164.99999999999994	5.000000000000002
21	22	2	164.8106995884773	45.07818930041155
21	23	2	164.35319148936168	84.77021276595747
21	24	2	164.86000000000004	125.01200000000001
21	25	2	165.34939759036135	165.14056224899596
21	26	1	183.69020501138957	23.86788154897494
21	27	1	158.67131474103581	148.0577689243027
21	28	1	23.07540983606559	44.06229508196724
21	29	1	185.02320185614866	42.547563805104375
21	30	1	90.15936254980069	146.81872509960147
21	31	1	5.6600790513834	74.23715415019757
21	32	1	12.927125506072876	67.65182186234819
21	33	1	99.16740088105733	47.57048458149783
21	34	1	191.0909090909091	90.66042780748656
21	35	1	90.33333333333333	183.15637860082307
21	36	1	36.3746898263027	175.64764267990068
21	37	1	23.401337792642135	59.321070234113705
21	38	1	37.73354231974922	69.04075235109718
21	39	1	129.1357285429142	144.73053892215566
21	40	1	4.01818181818182	25.109090909090895
21	41	1	21.45772594752188	31.43440233236152
21	42	1	179.25000000000006	83.21774193548386
21	43	1	31.708715596330283	113.32568807339443
21	44	1	40.74376417233557	100.36507936507932
21	45	1	7.8980000000000015	190.60599999999982
22	1	2	5.07949790794979	5.493723849372387
22	2	2	4.939393939393939	45.43290043290044
22	3	2	5.385964912280701	86.78508771929825
22	4	2	5.036000000000001	124.94399999999997
22	5	2	4.9999999999999964	165.00000000000009
22	6	2	44.988	5.104000000000002
22	7	2	45.34136546184742	45.060240963855435
22	8	2	45.14462809917357	84.80991735537197
22	9	2	45.23868312757205	125.6049382716049
22	10	2	45.67372881355934	164.16525423728808
22	11	2	84.99999999999997	5.000000000000002
22	12	2	83.73858921161826	44.4854771784232
22	13	2	85.01200000000003	85.10400000000001
22	14	2	84.988	124.89599999999994
22	15	2	84.98387096774192	164.9677419354839
22	16	2	125.07199999999999	4.939999999999999
22	17	2	125.12400000000005	45.00400000000004
22	18	2	125.05599999999998	84.97199999999994
22	19	2	124.828	124.97199999999997
22	20	2	125.148	165.03999999999996
22	21	2	164.99999999999994	5.000000000000002
22	22	2	164.84016393442613	45.06147540983608
22	23	2	164.35319148936168	84.77021276595747
22	24	2	164.86000000000004	125.01200000000001
22	25	2	165.33600000000004	165.10799999999998
22	26	1	183.08783783783795	23.500000000000004
22	27	1	158.5928143712574	148.09181636726564
22	28	1	23.45079365079366	43.476190476190446
22	29	1	184.93303571428578	43.00000000000001
22	30	1	90.09780439121758	146.7245508982036
22	31	1	4.967391304347827	74.04710144927533
22	32	1	13.322807017543866	67.2385964912281
22	33	1	99.41056910569111	47.40853658536584
22	34	1	191.0959595959596	91.1212121212121
22	35	1	90.50898203592814	183.43512974051887
22	36	1	36.22489082969433	176.02183406113525
22	37	1	24.14617940199337	59.089700996677735
22	38	1	38.463976945244966	68.9942363112391
22	39	1	129.0737051792829	144.84063745019927
22	40	1	3.2531017369727087	24.781637717121576
22	41	1	21.422043010752688	31.12634408602152
22	42	1	178.94540942928037	83.29528535980154
22	43	1	31.22222222222222	113.5042735042735
22	44	1	41.021459227467794	100.36695278969954
22	45	1	7.910358565737047	190.46414342629484
23	1	2	5.07949790794979	5.493723849372387
23	2	2	4.974137931034483	45.44827586206897
23	3	2	5.40174672489083	86.8296943231441
23	4	2	5.036000000000001	124.94399999999997
23	5	2	4.9999999999999964	165.00000000000009
23	6	2	44.988	5.104000000000002
23	7	2	45.376000000000026	45.052000000000014
23	8	2	45.161825726141096	84.84232365145226
23	9	2	45.17813765182186	125.49392712550605
23	10	2	45.67083333333333	164.25833333333327
23	11	2	84.99999999999997	5.000000000000002
23	12	2	83.71487603305783	44.462809917355386
23	13	2	85.01200000000003	85.10400000000001
23	14	2	84.988	124.89599999999994
23	15	2	84.99999999999997	164.99999999999991
23	16	2	125.07199999999999	4.939999999999999
23	17	2	125.12400000000005	45.00400000000004
23	18	2	125.05599999999998	84.97199999999994
23	19	2	124.828	124.97199999999997
23	20	2	125.148	165.03999999999996
23	21	2	164.99999999999994	5.000000000000002
23	22	2	164.84016393442613	45.06147540983608
23	23	2	164.36864406779657	84.7330508474576
23	24	2	164.86000000000004	125.01200000000001
23	25	2	165.33600000000004	165.10799999999998
23	26	1	182.53493449781647	23.18558951965066
23	27	1	158.6593625498009	148.1573705179282
23	28	1	24.02439024390245	42.6036585365854
23	29	1	184.85256410256395	43.32478632478632
23	30	1	90.12574850299406	146.6506986027943
23	31	1	4.579804560260585	73.8729641693811
23	32	1	13.565359477124188	66.90849673202614
23	33	1	99.562	47.238
23	34	1	190.8803827751196	91.92822966507177
23	35	1	90.49601593625498	183.55378486055778
23	36	1	35.97171717171722	176.0888888888888
23	37	1	24.433121019108274	59.01273885350318
23	38	1	39.016348773841955	68.84741144414173
23	39	1	128.89243027888432	144.8984063745019
23	40	1	3.0240963855421685	24.467469879518063
23	41	1	21.37336814621411	30.757180156657963
23	42	1	178.88862559241704	83.17061611374412
23	43	1	30.68902439024391	113.82520325203255
23	44	1	40.96177062374248	100.19315895372233
23	45	1	7.760956175298804	190.54183266932273
24	1	2	5.0875	5.462499999999998
24	2	2	4.974137931034483	45.44827586206897
24	3	2	5.42173913043478	86.80000000000003
24	4	2	5.036000000000001	124.94399999999997
24	5	2	4.9999999999999964	165.00000000000009
24	6	2	44.988	5.104000000000002
24	7	2	45.376000000000026	45.052000000000014
24	8	2	45.15289256198343	84.87603305785117
24	9	2	45.16935483870968	125.45967741935482
24	10	2	45.67355371900826	164.27685950413232
24	11	2	84.99999999999997	5.000000000000002
24	12	2	83.74898785425103	44.461538461538446
24	13	2	85.01200000000003	85.10400000000001
24	14	2	84.988	124.89599999999994
24	15	2	84.99999999999997	164.99999999999991
24	16	2	125.07199999999999	4.939999999999999
24	17	2	125.12400000000005	45.00400000000004
24	18	2	125.05599999999998	84.97199999999994
24	19	2	124.828	124.97199999999997
24	20	2	125.148	165.03999999999996
24	21	2	164.99999999999994	5.000000000000002
24	22	2	164.873469387755	45.05714285714288
24	23	2	164.36864406779657	84.7330508474576
24	24	2	164.86000000000004	125.01200000000001
24	25	2	165.33600000000004	165.10799999999998
24	26	1	182.1861924686191	22.81380753138074
24	27	1	158.75896414342643	148.0498007968129
24	28	1	24.684065934065945	42.08241758241758
24	29	1	184.65756302521012	43.76890756302522
24	30	1	90.07784431137725	146.57684630738515
24	31	1	4.030395136778114	73.60182370820661
24	32	1	13.57361963190184	66.73619631901842
24	33	1	99.57684630738525	47.18163672654687
24	34	1	190.57045454545454	92.66136363636372
24	35	1	90.45109780439115	183.65668662674648
24	36	1	35.936254980079696	176.20717131474083
24	37	1	24.757575757575758	59.03030303030301
24	38	1	39.35051546391756	69.01546391752575
24	39	1	128.7609561752988	144.96812749003982
24	40	1	2.6628959276018107	24.37556561085972
24	41	1	21.344736842105288	30.14736842105264
24	42	1	178.72272727272747	83.10909090909085
24	43	1	30.546906187624764	113.77844311377244
24	44	1	41.019960079840345	100.15968063872256
24	45	1	7.749003984063753	190.50398406374512
25	1	2	5.0875	5.462499999999998
25	2	2	5.042735042735046	45.431623931623925
25	3	2	5.385281385281386	86.79220779220778
25	4	2	5.036000000000001	124.94399999999997
25	5	2	4.9999999999999964	165.00000000000009
25	6	2	44.988	5.104000000000002
25	7	2	45.50403225806453	45.07258064516129
25	8	2	45.1735537190083	84.92561983471076
25	9	2	45.14859437751004	125.43373493975903
25	10	2	45.68032786885247	164.30737704918036
25	11	2	84.99999999999997	5.000000000000002
25	12	2	83.72177419354841	44.43951612903229
25	13	2	85.01200000000003	85.10400000000001
25	14	2	84.988	124.89599999999994
25	15	2	84.99999999999997	164.99999999999991
25	16	2	125.07199999999999	4.939999999999999
25	17	2	125.12400000000005	45.00400000000004
25	18	2	125.05599999999998	84.97199999999994
25	19	2	124.828	124.97199999999997
25	20	2	125.148	165.03999999999996
25	21	2	164.99999999999994	5.000000000000002
25	22	2	164.873469387755	45.05714285714288
25	23	2	164.36864406779657	84.7330508474576
25	24	2	164.86000000000004	125.01200000000001
25	25	2	165.33600000000004	165.10799999999998
25	26	1	181.709939148073	22.541582150101416
25	27	1	158.7768924302789	148.06573705179292
25	28	1	25.109919571045562	41.211796246648795
25	29	1	184.52857142857147	44.318367346938786
25	30	1	90.08982035928146	146.5049900199603
25	31	1	3.6495726495726495	73.53846153846143
25	32	1	13.551724137931037	66.76436781609192
25	33	1	99.59880239520953	47.18363273453095
25	34	1	190.42047930283223	93.34858387799571
25	35	1	90.47410358565733	183.65936254980096
25	36	1	35.788844621513924	175.99203187250998
25	37	1	24.751428571428562	58.71428571428567
25	38	1	39.80190930787593	68.9761336515513
25	39	1	128.80478087649408	145.06175298804803
25	40	1	2.1800000000000037	24.462222222222202
25	41	1	21.263959390862937	29.642131979695414
25	42	1	178.24678111587986	83.12660944206009
25	43	1	30.527888446215133	113.74701195219117
25	44	1	41.21513944223103	100.25896414342623
25	45	1	7.820359281437121	190.48702594810368
26	1	2	5.0875	5.462499999999998
26	2	2	5.042735042735046	45.431623931623925
26	3	2	5.313304721030041	86.78969957081547
26	4	2	5.036000000000001	124.94399999999997
26	5	2	4.9999999999999964	165.00000000000009
26	6	2	44.988	5.104000000000002
26	7	2	45.565040650406495	45.09349593495933
26	8	2	45.1735537190083	84.92561983471076
26	9	2	45.132	125.40399999999994
26	10	2	45.648979591836785	164.31836734693883
26	11	2	84.99999999999997	5.000000000000002
26	12	2	83.74698795180724	44.46184738955826
26	13	2	85.01200000000003	85.10400000000001
26	14	2	84.988	124.89599999999994
26	15	2	84.99999999999997	164.99999999999991
26	16	2	125.07199999999999	4.939999999999999
26	17	2	125.12400000000005	45.00400000000004
26	18	2	125.05599999999998	84.97199999999994
26	19	2	124.828	124.97199999999997
26	20	2	125.148	165.03999999999996
26	21	2	164.99999999999994	5.000000000000002
26	22	2	164.9024390243902	45.036585365853675
26	23	2	164.36864406779657	84.7330508474576
26	24	2	164.86000000000004	125.01200000000001
26	25	2	165.33600000000004	165.10799999999998
26	26	1	181.29000000000002	22.359999999999975
26	27	1	158.76447105788415	148.1197604790418
26	28	1	25.581632653061227	40.70663265306124
26	29	1	184.40442655935593	44.59356136820926
26	30	1	90.10956175298801	146.5079681274899
26	31	1	3.198924731182792	73.51075268817196
26	32	1	13.519125683060109	66.66120218579236
26	33	1	99.55888223552888	47.193612774451154
26	34	1	190.29853862212946	94.23590814196241
26	35	1	90.43227091633469	183.70517928286856
26	36	1	35.92629482071717	176.15139442231074
26	37	1	25.10027100271002	58.73712737127373
26	38	1	40.07888631090487	69.13225058004639
26	39	1	128.7824351297406	145.1616766467067
26	40	1	1.8170212765957434	24.346808510638283
26	41	1	21.069825436408983	29.2992518703242
26	42	1	177.9533468559837	82.868154158215
26	43	1	30.59081836327348	113.66467065868257
26	44	1	41.209163346613515	100.19123505976093
26	45	1	7.796407185628742	190.43912175648705
27	1	2	5.0875	5.462499999999998
27	2	2	5.0765957446808505	45.41702127659573
27	3	2	5.2542372881355925	86.70762711864411
27	4	2	5.036000000000001	124.94399999999997
27	5	2	4.9999999999999964	165.00000000000009
27	6	2	44.988	5.104000000000002
27	7	2	45.591836734693864	45.1183673469388
27	8	2	45.1735537190083	84.92561983471076
27	9	2	45.132	125.40399999999994
27	10	2	45.57894736842105	164.327935222672
27	11	2	84.99999999999997	5.000000000000002
27	12	2	83.71600000000002	44.44800000000001
27	13	2	85.01200000000003	85.10400000000001
27	14	2	84.988	124.89599999999994
27	15	2	84.99999999999997	164.99999999999991
27	16	2	125.07199999999999	4.939999999999999
27	17	2	125.12400000000005	45.00400000000004
27	18	2	125.05599999999998	84.97199999999994
27	19	2	124.828	124.97199999999997
27	20	2	125.148	165.03999999999996
27	21	2	164.99999999999994	5.000000000000002
27	22	2	164.93522267206473	45.028340080971674
27	23	2	164.36864406779657	84.7330508474576
27	24	2	164.86000000000004	125.01200000000001
27	25	2	165.33600000000004	165.10799999999998
27	26	1	181.04373757455278	22.107355864811144
27	27	1	158.75449101796409	148.0139720558882
27	28	1	25.82063882063881	40.33169533169535
27	29	1	184.18525896414332	44.8067729083665
27	30	1	90.00998003992021	146.4431137724551
27	31	1	2.8346055979643765	73.46310432569979
27	32	1	13.488372093023257	66.6589147286822
27	33	1	99.45617529880481	47.316733067729096
27	34	1	190.0102880658436	94.86008230452673
27	35	1	90.52295409181644	183.8443113772453
27	36	1	35.9282868525896	176.16533864541833
27	37	1	25.60204081632654	58.69642857142858
27	38	1	40.50904977375566	69.40497737556551
27	39	1	128.69461077844298	145.2854291417167
27	40	1	1.5681818181818192	24.249999999999986
27	41	1	20.9736211031175	28.877697841726608
27	42	1	177.74297188755023	82.94578313253017
27	43	1	30.65936254980081	113.60159362549798
27	44	1	41.01596806387228	100.11177644710568
27	45	1	7.830339321357287	190.5588822355291
28	1	2	5.0875	5.462499999999998
28	2	2	5.0765957446808505	45.41702127659573
28	3	2	5.214285714285714	86.65546218487401
28	4	2	5.036000000000001	124.94399999999997
28	5	2	4.9999999999999964	165.00000000000009
28	6	2	44.988	5.104000000000002
28	7	2	45.591836734693864	45.1183673469388
28	8	2	45.139917695473265	84.9094650205761
28	9	2	45.132	125.40399999999994
28	10	2	45.57894736842105	164.327935222672
28	11	2	84.99999999999997	5.000000000000002
28	12	2	83.71600000000002	44.44800000000001
28	13	2	85.01200000000003	85.10400000000001
28	14	2	84.988	124.89599999999994
28	15	2	84.99999999999997	164.99999999999991
28	16	2	125.07199999999999	4.939999999999999
28	17	2	125.12400000000005	45.00400000000004
28	18	2	125.05599999999998	84.97199999999994
28	19	2	124.828	124.97199999999997
28	20	2	125.148	165.03999999999996
28	21	2	164.99999999999994	5.000000000000002
28	22	2	164.99999999999994	45.00000000000002
28	23	2	164.36864406779657	84.7330508474576
28	24	2	164.86000000000004	125.01200000000001
28	25	2	165.33600000000004	165.10799999999998
28	26	1	180.92600000000002	22.09800000000002
28	27	1	158.73453093812384	148.0119760479041
28	28	1	26.096618357487912	39.934782608695656
28	29	1	184.06586826347325	44.98003992015965
28	30	1	89.88223552894209	146.3333333333333
28	31	1	2.5829383886255943	73.4691943127961
28	32	1	13.639024390243899	66.72439024390245
28	33	1	99.43512974051895	47.15169660678644
28	34	1	190.0963855421687	95.34337349397596
28	35	1	90.49301397205592	183.84231536926143
28	36	1	36.143426294820685	176.2988047808766
28	37	1	26.08515815085158	58.615571776155726
28	38	1	41.04366812227069	69.34716157205234
28	39	1	128.64612326043738	145.30218687872764
28	40	1	1.2053941908713695	24.149377593360995
28	41	1	20.35159817351601	28.372146118721457
28	42	1	177.58400000000006	82.93399999999995
28	43	1	30.63073852295408	113.57085828343303
28	44	1	41.07185628742514	100.18363273453096
28	45	1	7.908183632734532	190.53093812375238
29	1	2	5.0875	5.462499999999998
29	2	2	5.0765957446808505	45.41702127659573
29	3	2	5.214285714285714	86.65546218487401
29	4	2	5.036000000000001	124.94399999999997
29	5	2	4.9999999999999964	165.00000000000009
29	6	2	44.988	5.104000000000002
29	7	2	45.591836734693864	45.1183673469388
29	8	2	45.12295081967211	84.8770491803279
29	9	2	45.132	125.40399999999994
29	10	2	45.57894736842105	164.327935222672
29	11	2	84.99999999999997	5.000000000000002
29	12	2	83.71600000000002	44.44800000000001
29	13	2	85.01200000000003	85.10400000000001
29	14	2	84.988	124.89599999999994
29	15	2	84.99999999999997	164.99999999999991
29	16	2	125.07199999999999	4.939999999999999
29	17	2	125.12400000000005	45.00400000000004
29	18	2	125.05599999999998	84.97199999999994
29	19	2	124.828	124.97199999999997
29	20	2	125.148	165.03999999999996
29	21	2	164.99999999999994	5.000000000000002
29	22	2	164.99999999999994	45.00000000000002
29	23	2	164.36864406779657	84.7330508474576
29	24	2	164.86000000000004	125.01200000000001
29	25	2	165.33600000000004	165.10799999999998
29	26	1	180.63326653306612	22.03006012024048
29	27	1	158.73505976095595	148.02788844621514
29	28	1	26.26896551724137	39.85747126436785
29	29	1	183.9960159362549	44.962151394422285
29	30	1	89.93812375249507	146.4371257485028
29	31	1	2.02227171492205	73.23830734966589
29	32	1	13.422988505747135	66.7195402298851
29	33	1	99.32934131736525	47.293413173652674
29	34	1	189.90438247011951	95.5637450199204
29	35	1	90.52589641434261	183.89043824701199
29	36	1	36.12375249500999	176.25149700598809
29	37	1	26.63678160919541	58.882758620689664
29	38	1	41.48253275109177	69.68777292576421
29	39	1	128.72255489021964	145.3253493013972
29	40	1	0.9897330595482554	23.88501026694046
29	41	1	20.33991228070175	27.822368421052627
29	42	1	177.39840637450214	82.91633466135458
29	43	1	30.672654690618767	113.62874251497
29	44	1	40.97211155378489	100.21115537848605
29	45	1	7.9580838323353325	190.49101796407206
30	1	2	5.0875	5.462499999999998
30	2	2	5.110169491525425	45.39830508474574
30	3	2	5.214285714285714	86.65546218487401
30	4	2	5.036000000000001	124.94399999999997
30	5	2	4.9999999999999964	165.00000000000009
30	6	2	44.988	5.104000000000002
30	7	2	45.633744855967095	45.18106995884773
30	8	2	45.12295081967211	84.8770491803279
30	9	2	45.132	125.40399999999994
30	10	2	45.57894736842105	164.327935222672
30	11	2	84.99999999999997	5.000000000000002
30	12	2	83.71600000000002	44.44800000000001
30	13	2	85.01200000000003	85.10400000000001
30	14	2	84.988	124.89599999999994
30	15	2	84.99999999999997	164.99999999999991
30	16	2	125.07199999999999	4.939999999999999
30	17	2	125.12400000000005	45.00400000000004
30	18	2	125.05599999999998	84.97199999999994
30	19	2	124.828	124.97199999999997
30	20	2	125.148	165.03999999999996
30	21	2	164.99999999999994	5.000000000000002
30	22	2	164.99999999999994	45.00000000000002
30	23	2	164.36864406779657	84.7330508474576
30	24	2	164.86000000000004	125.01200000000001
30	25	2	165.33600000000004	165.10799999999998
30	26	1	180.358565737052	21.786852589641448
30	27	1	158.82435129740514	147.93812375249493
30	28	1	26.50110864745012	39.7272727272727
30	29	1	183.78884462151393	44.85856573705176
30	30	1	89.97000000000008	146.39399999999995
30	31	1	1.680257510729614	73.12875536480696
30	32	1	13.330376940133025	66.820399113082
30	33	1	99.35329341317366	47.227544910179674
30	34	1	189.9438877755511	95.74348697394784
30	35	1	90.43313373253494	183.89421157684623
30	36	1	36.1676646706587	176.29141716566878
30	37	1	26.851111111111113	59.10888888888887
30	38	1	41.692963752665236	69.78678038379526
30	39	1	128.6786427145709	145.303393213573
30	40	1	0.7188755020080341	23.929718875501997
30	41	1	20.618143459915622	27.417721518987356
30	42	1	177.34791252485087	83.14115308151095
30	43	1	30.739043824701177	113.62948207171308
30	44	1	40.808383233532915	100.1656686626745
30	45	1	8.01596806387225	190.5568862275448
31	1	2	5.115702479338843	5.400826446280992
31	2	2	5.110169491525425	45.39830508474574
31	3	2	5.2133891213389125	86.62343096234311
31	4	2	5.036000000000001	124.94399999999997
31	5	2	4.9999999999999964	165.00000000000009
31	6	2	44.988	5.104000000000002
31	7	2	45.60245901639345	45.17213114754097
31	8	2	45.12295081967211	84.8770491803279
31	9	2	45.132	125.40399999999994
31	10	2	45.54032258064515	164.3266129032259
31	11	2	84.99999999999997	5.000000000000002
31	12	2	83.71600000000002	44.44800000000001
31	13	2	85.01200000000003	85.10400000000001
31	14	2	84.988	124.89599999999994
31	15	2	84.99999999999997	164.99999999999991
31	16	2	125.07199999999999	4.939999999999999
31	17	2	125.12400000000005	45.00400000000004
31	18	2	125.05599999999998	84.97199999999994
31	19	2	124.828	124.97199999999997
31	20	2	125.148	165.03999999999996
31	21	2	164.99999999999994	5.000000000000002
31	22	2	164.99999999999994	45.00000000000002
31	23	2	164.36864406779657	84.7330508474576
31	24	2	164.86000000000004	125.01200000000001
31	25	2	165.33600000000004	165.10799999999998
31	26	1	180.20958083832346	21.62874251497004
31	27	1	158.8882235528942	147.97005988023966
31	28	1	26.467948717948715	39.491452991453
31	29	1	183.5229540918165	44.63273453093813
31	30	1	89.97200000000005	146.37799999999996
31	31	1	1.2725409836065553	72.97336065573778
31	32	1	13.209850107066371	66.91006423982861
31	33	1	99.36127744510972	47.20359281437127
31	34	1	189.8443113772455	96.09980039920164
31	35	1	90.42514970059878	183.9461077844311
31	36	1	36.285429141716556	176.39920159680634
31	37	1	27.104700854700837	59.264957264957246
31	38	1	42.1166666666667	69.80625000000002
31	39	1	128.7259999999999	145.35399999999987
31	40	1	0.5513078470824949	23.885311871227376
31	41	1	20.55042016806724	27.018907563025202
31	42	1	177.23306772908373	83.16533864541832
31	43	1	30.696606786427136	113.6347305389221
31	44	1	40.78243512974053	100.21756487025952
31	45	1	7.97205588822355	190.52894211576864
32	1	2	5.115702479338843	5.400826446280992
32	2	2	5.110169491525425	45.39830508474574
32	3	2	5.2133891213389125	86.62343096234311
32	4	2	5.036000000000001	124.94399999999997
32	5	2	4.9999999999999964	165.00000000000009
32	6	2	44.988	5.104000000000002
32	7	2	45.60245901639345	45.17213114754097
32	8	2	45.12295081967211	84.8770491803279
32	9	2	45.132	125.40399999999994
32	10	2	45.54032258064515	164.3266129032259
32	11	2	84.99999999999997	5.000000000000002
32	12	2	83.71600000000002	44.44800000000001
32	13	2	85.01200000000003	85.10400000000001
32	14	2	84.988	124.89599999999994
32	15	2	84.99999999999997	164.99999999999991
32	16	2	125.07199999999999	4.939999999999999
32	17	2	125.12400000000005	45.00400000000004
32	18	2	125.05599999999998	84.97199999999994
32	19	2	124.828	124.97199999999997
32	20	2	125.148	165.03999999999996
32	21	2	164.99999999999994	5.000000000000002
32	22	2	164.99999999999994	45.00000000000002
32	23	2	164.36864406779657	84.7330508474576
32	24	2	164.86000000000004	125.01200000000001
32	25	2	165.33600000000004	165.10799999999998
32	26	1	180.09960159362555	21.545816733067728
32	27	1	158.884	147.73599999999988
32	28	1	26.38958333333332	39.30208333333333
32	29	1	183.41916167664672	44.59081836327346
32	30	1	89.87425149700599	146.37125748502982
32	31	1	1.032388663967613	73.07489878542508
32	32	1	13.14462809917356	67.15702479338849
32	33	1	99.30738522954087	47.22554890219565
32	34	1	189.79241516966067	96.30938123752499
32	35	1	90.42514970059878	183.9461077844311
32	36	1	36.26693227091633	176.36852589641435
32	37	1	27.18503118503118	59.399168399168424
32	38	1	42.364008179959065	69.8445807770961
32	39	1	128.78842315369258	145.34131736526942
32	40	1	0.4639999999999989	23.875999999999994
32	41	1	20.94250513347022	26.75359342915811
32	42	1	177.09	83.08799999999997
32	43	1	30.774451097804384	113.63872255489017
32	44	1	40.80039920159683	100.26946107784424
32	45	1	7.888000000000006	190.65599999999995
33	1	2	5.115702479338843	5.400826446280992
33	2	2	5.110169491525425	45.39830508474574
33	3	2	5.2166666666666694	86.59166666666668
33	4	2	5.036000000000001	124.94399999999997
33	5	2	4.9999999999999964	165.00000000000009
33	6	2	44.988	5.104000000000002
33	7	2	45.56734693877556	45.17551020408159
33	8	2	45.12295081967211	84.8770491803279
33	9	2	45.132	125.40399999999994
33	10	2	45.502008032128465	164.32931726907637
33	11	2	84.99999999999997	5.000000000000002
33	12	2	83.71600000000002	44.44800000000001
33	13	2	85.01200000000003	85.10400000000001
33	14	2	84.988	124.89599999999994
33	15	2	84.99999999999997	164.99999999999991
33	16	2	125.07199999999999	4.939999999999999
33	17	2	125.12400000000005	45.00400000000004
33	18	2	125.05599999999998	84.97199999999994
33	19	2	124.828	124.97199999999997
33	20	2	125.148	165.03999999999996
33	21	2	164.99999999999994	5.000000000000002
33	22	2	164.99999999999994	45.00000000000002
33	23	2	164.36864406779657	84.7330508474576
33	24	2	164.86000000000004	125.01200000000001
33	25	2	165.33600000000004	165.10799999999998
33	26	1	179.92614770459076	21.483033932135726
33	27	1	158.90019960079843	147.70658682634752
33	28	1	26.358452138492865	39.24643584521387
33	29	1	183.32868525896419	44.60159362549802
33	30	1	89.74251497005989	146.189620758483
33	31	1	0.9778672032193177	73.10462776659966
33	32	1	13.008113590263696	67.25354969574039
33	33	1	99.317365269461	47.32534930139718
33	34	1	189.85657370517927	96.35458167330667
33	35	1	90.41516966067866	183.98203592814366
33	36	1	36.18163672654689	176.27345309381232
33	37	1	27.23517382413088	59.580777096114524
33	38	1	42.5100806451613	69.85282258064515
33	39	1	128.83832335329345	145.42914171656685
33	40	1	0.3253493013972035	23.966067864271473
33	41	1	20.902834008097166	26.526315789473667
33	42	1	177.0119521912351	83.18525896414347
33	43	1	30.718562874251486	113.72654690618765
33	44	1	40.81437125748505	100.39121756487036
33	45	1	7.788423153692604	190.77245508982026
34	1	2	5.115702479338843	5.400826446280992
34	2	2	5.110169491525425	45.39830508474574
34	3	2	5.2166666666666694	86.59166666666668
34	4	2	5.036000000000001	124.94399999999997
34	5	2	4.9999999999999964	165.00000000000009
34	6	2	44.988	5.104000000000002
34	7	2	45.536585365853654	45.16260162601624
34	8	2	45.12295081967211	84.8770491803279
34	9	2	45.132	125.40399999999994
34	10	2	45.502008032128465	164.32931726907637
34	11	2	84.99999999999997	5.000000000000002
34	12	2	83.71600000000002	44.44800000000001
34	13	2	85.01200000000003	85.10400000000001
34	14	2	84.988	124.89599999999994
34	15	2	84.99999999999997	164.99999999999991
34	16	2	125.07199999999999	4.939999999999999
34	17	2	125.12400000000005	45.00400000000004
34	18	2	125.05599999999998	84.97199999999994
34	19	2	124.828	124.97199999999997
34	20	2	125.148	165.03999999999996
34	21	2	164.99999999999994	5.000000000000002
34	22	2	164.99999999999994	45.00000000000002
34	23	2	164.36864406779657	84.7330508474576
34	24	2	164.86000000000004	125.01200000000001
34	25	2	165.33600000000004	165.10799999999998
34	26	1	179.816	21.27599999999998
34	27	1	158.874251497006	147.7065868263474
34	28	1	26.466800804828992	39.20321931589535
34	29	1	183.2355289421157	44.44111776447101
34	30	1	89.53692614770463	146.11177644710597
34	31	1	0.631790744466802	72.91750503018113
34	32	1	12.91583166332666	67.35070140280558
34	33	1	99.33599999999997	47.40599999999999
34	34	1	189.83832335329342	96.34530938123754
34	35	1	90.36926147704592	184.0459081836327
34	36	1	36.23705179282869	176.35258964143443
34	37	1	27.29518072289156	59.79919678714862
34	38	1	42.522088353413665	69.93172690763055
34	39	1	128.82834331337327	145.5429141716566
34	40	1	0.1892430278884475	24.06175298804779
34	41	1	20.871999999999986	26.33200000000001
34	42	1	176.94422310756968	83.25498007968129
34	43	1	30.800399201596793	113.76047904191616
34	44	1	40.75000000000001	100.38400000000004
34	45	1	7.615537848605576	190.9860557768925
35	1	2	5.115702479338843	5.400826446280992
35	2	2	5.110169491525425	45.39830508474574
35	3	2	5.2166666666666694	86.59166666666668
35	4	2	5.036000000000001	124.94399999999997
35	5	2	4.9999999999999964	165.00000000000009
35	6	2	44.988	5.104000000000002
35	7	2	45.536585365853654	45.16260162601624
35	8	2	45.12295081967211	84.8770491803279
35	9	2	45.132	125.40399999999994
35	10	2	45.502008032128465	164.32931726907637
35	11	2	84.99999999999997	5.000000000000002
35	12	2	83.71600000000002	44.44800000000001
35	13	2	85.01200000000003	85.10400000000001
35	14	2	84.988	124.89599999999994
35	15	2	84.99999999999997	164.99999999999991
35	16	2	125.07199999999999	4.939999999999999
35	17	2	125.12400000000005	45.00400000000004
35	18	2	125.05599999999998	84.97199999999994
35	19	2	124.828	124.97199999999997
35	20	2	125.148	165.03999999999996
35	21	2	164.99999999999994	5.000000000000002
35	22	2	164.99999999999994	45.00000000000002
35	23	2	164.36864406779657	84.7330508474576
35	24	2	164.86000000000004	125.01200000000001
35	25	2	165.33600000000004	165.10799999999998
35	26	1	179.7564870259481	21.191616766467074
35	27	1	158.83067729083658	147.5677290836654
35	28	1	26.500998003992024	39.11776447105791
35	29	1	183.2310756972112	44.37250996015938
35	30	1	89.57884231536922	145.8922155688623
35	31	1	0.6227544910179679	72.90019960079842
35	32	1	12.854291417165665	67.26746506986025
35	33	1	99.30538922155691	47.43912175648702
35	34	1	189.8409542743539	96.32803180914517
35	35	1	90.21357285429139	184.04790419161668
35	36	1	36.21357285429138	176.3972055888225
35	37	1	27.262000000000025	59.839999999999996
35	38	1	42.490000000000016	69.94600000000001
35	39	1	128.85429141716565	145.65069860279448
35	40	1	0.19399999999999884	24.08600000000001
35	41	1	20.84830339321357	26.273453093812385
35	42	1	176.89620758483017	83.26347305389226
35	43	1	30.830339321357283	113.78043912175644
35	44	1	40.86254980079674	100.32071713147413
35	45	1	7.628000000000004	191.07199999999983
36	1	2	5.115702479338843	5.400826446280992
36	2	2	5.110169491525425	45.39830508474574
36	3	2	5.2166666666666694	86.59166666666668
36	4	2	5.036000000000001	124.94399999999997
36	5	2	4.9999999999999964	165.00000000000009
36	6	2	44.988	5.104000000000002
36	7	2	45.536585365853654	45.16260162601624
36	8	2	45.12295081967211	84.8770491803279
36	9	2	45.132	125.40399999999994
36	10	2	45.502008032128465	164.32931726907637
36	11	2	84.99999999999997	5.000000000000002
36	12	2	83.71600000000002	44.44800000000001
36	13	2	85.01200000000003	85.10400000000001
36	14	2	84.988	124.89599999999994
36	15	2	84.99999999999997	164.99999999999991
36	16	2	125.07199999999999	4.939999999999999
36	17	2	125.12400000000005	45.00400000000004
36	18	2	125.05599999999998	84.97199999999994
36	19	2	124.828	124.97199999999997
36	20	2	125.148	165.03999999999996
36	21	2	164.99999999999994	5.000000000000002
36	22	2	164.99999999999994	45.00000000000002
36	23	2	164.36864406779657	84.7330508474576
36	24	2	164.86000000000004	125.01200000000001
36	25	2	165.33600000000004	165.10799999999998
36	26	1	179.63273453093825	21.209580838323348
36	27	1	158.7844311377245	147.48902195608773
36	28	1	26.5776892430279	39.06374501992029
36	29	1	183.191616766467	44.43912175648709
36	30	1	89.45109780439128	145.66467065868255
36	31	1	0.4940000000000003	72.83800000000002
36	32	1	12.739562624254475	67.16302186878731
36	33	1	99.23552894211574	47.5129740518962
36	34	1	189.81636726546907	96.30139720558883
36	35	1	90.10778443113766	184.09980039920165
36	36	1	36.1996007984032	176.45309381237504
36	37	1	27.239043824701202	59.81872509960161
36	38	1	42.3992015968064	69.90219560878243
36	39	1	128.93413173652704	145.8183632734532
36	40	1	0.06786427145708325	24.11377245508983
36	41	1	20.688622754491007	26.221556886227546
36	42	1	176.8680000000001	83.23400000000005
36	43	1	30.836327345309385	113.7804391217564
36	44	1	40.76199999999999	100.328
36	45	1	7.541999999999999	191.23600000000005
37	1	2	5.115702479338843	5.400826446280992
37	2	2	5.110169491525425	45.39830508474574
37	3	2	5.2166666666666694	86.59166666666668
37	4	2	5.036000000000001	124.94399999999997
37	5	2	4.9999999999999964	165.00000000000009
37	6	2	44.988	5.104000000000002
37	7	2	45.50202429149797	45.161943319838066
37	8	2	45.12295081967211	84.8770491803279
37	9	2	45.132	125.40399999999994
37	10	2	45.502008032128465	164.32931726907637
37	11	2	84.99999999999997	5.000000000000002
37	12	2	83.71600000000002	44.44800000000001
37	13	2	85.01200000000003	85.10400000000001
37	14	2	84.988	124.89599999999994
37	15	2	84.99999999999997	164.99999999999991
37	16	2	125.07199999999999	4.939999999999999
37	17	2	125.12400000000005	45.00400000000004
37	18	2	125.05599999999998	84.97199999999994
37	19	2	124.828	124.97199999999997
37	20	2	125.148	165.03999999999996
37	21	2	164.99999999999994	5.000000000000002
37	22	2	164.99999999999994	45.00000000000002
37	23	2	164.36864406779657	84.7330508474576
37	24	2	164.86000000000004	125.01200000000001
37	25	2	165.33600000000004	165.10799999999998
37	26	1	179.5249500998005	21.083832335329333
37	27	1	158.85200000000003	147.36400000000003
37	28	1	26.538767395626238	39.05367793240557
37	29	1	183.1796407185629	44.27345309381235
37	30	1	89.27290836653395	145.6095617529879
37	31	1	0.6314741035856557	72.92629482071712
37	32	1	12.75944333996024	67.12326043737573
37	33	1	99.19361277445104	47.39321357285426
37	34	1	189.81037924151698	96.30339321357278
37	35	1	89.91616766467071	184.1457085828344
37	36	1	36.18762475049902	176.4850299401199
37	37	1	27.314741035856585	59.842629482071736
37	38	1	42.41516966067865	69.80039920159678
37	39	1	129.0818363273454	145.8323353293414
37	40	1	199.9980079681275	24.185258964143426
37	41	1	20.688000000000002	26.213999999999995
37	42	1	176.8780000000001	83.16199999999995
37	43	1	30.893999999999988	113.70400000000005
37	44	1	40.792	100.26599999999998
37	45	1	7.553999999999999	191.28999999999988
38	1	2	5.115702479338843	5.400826446280992
38	2	2	5.110169491525425	45.39830508474574
38	3	2	5.224066390041496	86.56016597510376
38	4	2	5.036000000000001	124.94399999999997
38	5	2	4.9999999999999964	165.00000000000009
38	6	2	44.988	5.104000000000002
38	7	2	45.471774193548406	45.145161290322555
38	8	2	45.12295081967211	84.8770491803279
38	9	2	45.132	125.40399999999994
38	10	2	45.502008032128465	164.32931726907637
38	11	2	84.99999999999997	5.000000000000002
38	12	2	83.71600000000002	44.44800000000001
38	13	2	85.01200000000003	85.10400000000001
38	14	2	84.988	124.89599999999994
38	15	2	84.99999999999997	164.99999999999991
38	16	2	125.07199999999999	4.939999999999999
38	17	2	125.12400000000005	45.00400000000004
38	18	2	125.05599999999998	84.97199999999994
38	19	2	124.828	124.97199999999997
38	20	2	125.148	165.03999999999996
38	21	2	164.99999999999994	5.000000000000002
38	22	2	164.99999999999994	45.00000000000002
38	23	2	164.36864406779657	84.7330508474576
38	24	2	164.86000000000004	125.01200000000001
38	25	2	165.33600000000004	165.10799999999998
38	26	1	179.52589641434253	20.91633466135458
38	27	1	158.88247011952183	147.27689243027905
38	28	1	26.49999999999999	39.08565737051791
38	29	1	183.0778443113772	44.17165668662673
38	30	1	89.06786427145708	145.39121756487037
38	31	1	0.59481037924152	72.88822355289417
38	32	1	12.687999999999999	67.05600000000001
38	33	1	99.1137724550898	47.39121756487026
38	34	1	189.76447105788424	96.28742514970062
38	35	1	89.97005988023945	184.2075848303394
38	36	1	36.38522954091816	176.56087824351295
38	37	1	27.31013916500995	59.884691848906584
38	38	1	42.33466135458165	69.83266932270911
38	39	1	129.20200000000006	145.9420000000001
38	40	1	199.916	24.268000000000008
38	41	1	20.58167330677291	26.16733067729082
38	42	1	176.84031936127727	83.16766467065875
38	43	1	30.686626746507017	113.66267465069865
38	44	1	40.9001996007984	100.3393213572854
38	45	1	7.481037924151699	191.3812375249502
39	1	2	5.115702479338843	5.400826446280992
39	2	2	5.110169491525425	45.39830508474574
39	3	2	5.235537190082648	86.52892561983471
39	4	2	5.036000000000001	124.94399999999997
39	5	2	4.9999999999999964	165.00000000000009
39	6	2	44.988	5.104000000000002
39	7	2	45.471774193548406	45.145161290322555
39	8	2	45.12295081967211	84.8770491803279
39	9	2	45.132	125.40399999999994
39	10	2	45.502008032128465	164.32931726907637
39	11	2	84.99999999999997	5.000000000000002
39	12	2	83.71600000000002	44.44800000000001
39	13	2	85.01200000000003	85.10400000000001
39	14	2	84.988	124.89599999999994
39	15	2	84.99999999999997	164.99999999999991
39	16	2	125.07199999999999	4.939999999999999
39	17	2	125.12400000000005	45.00400000000004
39	18	2	125.05599999999998	84.97199999999994
39	19	2	124.828	124.97199999999997
39	20	2	125.148	165.03999999999996
39	21	2	164.99999999999994	5.000000000000002
39	22	2	164.99999999999994	45.00000000000002
39	23	2	164.36864406779657	84.7330508474576
39	24	2	164.86000000000004	125.01200000000001
39	25	2	165.33600000000004	165.10799999999998
39	26	1	179.45908183632736	20.918163672654718
39	27	1	158.95999999999992	147.24799999999968
39	28	1	26.374501992031856	39.01394422310755
39	29	1	183.1217564870259	44.23552894211575
39	30	1	88.93812375249509	145.3473053892217
39	31	1	0.6000000000000015	72.87600000000003
39	32	1	12.764940239043822	67.02788844621509
39	33	1	98.90618762475046	47.41317365269465
39	34	1	189.7864271457086	96.19161676646704
39	35	1	89.7804391217565	184.11776447105782
39	36	1	36.502994011976085	176.65868263473033
39	37	1	27.397614314115298	59.854870775347926
39	38	1	42.36852589641433	69.79282868525894
39	39	1	129.32199999999995	146.06599999999997
39	40	1	199.80439121756487	24.26147704590818
39	41	1	20.722554890219566	26.109780439121757
39	42	1	176.7724550898202	83.16566866267473
39	43	1	30.61999999999999	113.6580000000001
39	44	1	40.865999999999964	100.32999999999994
39	45	1	7.28399999999999	191.35400000000018
40	1	2	5.115702479338843	5.400826446280992
40	2	2	5.110169491525425	45.39830508474574
40	3	2	5.235537190082648	86.52892561983471
40	4	2	5.036000000000001	124.94399999999997
40	5	2	4.9999999999999964	165.00000000000009
40	6	2	44.988	5.104000000000002
40	7	2	45.43775100401608	45.140562248996
40	8	2	45.12295081967211	84.8770491803279
40	9	2	45.132	125.40399999999994
40	10	2	45.502008032128465	164.32931726907637
40	11	2	84.99999999999997	5.000000000000002
40	12	2	83.71600000000002	44.44800000000001
40	13	2	85.01200000000003	85.10400000000001
40	14	2	84.988	124.89599999999994
40	15	2	84.99999999999997	164.99999999999991
40	16	2	125.07199999999999	4.939999999999999
40	17	2	125.12400000000005	45.00400000000004
40	18	2	125.05599999999998	84.97199999999994
40	19	2	124.828	124.97199999999997
40	20	2	125.148	165.03999999999996
40	21	2	164.99999999999994	5.000000000000002
40	22	2	164.99999999999994	45.00000000000002
40	23	2	164.36864406779657	84.7330508474576
40	24	2	164.86000000000004	125.01200000000001
40	25	2	165.33600000000004	165.10799999999998
40	26	1	179.42828685258968	20.902390438247007
40	27	1	159.00000000000009	147.13173652694624
40	28	1	26.263999999999985	38.96200000000001
40	29	1	183.06387225548895	44.26746506986027
40	30	1	88.87824351297407	145.2634730538924
40	31	1	0.529880478087648	72.87649402390441
40	32	1	12.788844621513938	66.83665338645423
40	33	1	98.88199999999998	47.404000000000025
40	34	1	189.6427145708583	96.2095808383233
40	35	1	89.56487025948101	184.18562874251484
40	36	1	36.596806387225556	176.63073852295432
40	37	1	27.527888446215137	59.86254980079677
40	38	1	42.413173652694674	69.72455089820353
40	39	1	129.38722554890217	146.33532934131753
40	40	1	199.6986027944112	24.291417165668665
40	41	1	20.688622754491018	26.003992015968098
40	42	1	176.72854291417178	83.11576846307382
40	43	1	30.566866267465052	113.6606786427145
40	44	1	40.849999999999994	100.26799999999997
40	45	1	7.154000000000002	191.4459999999997
41	1	2	5.115702479338843	5.400826446280992
41	2	2	5.110169491525425	45.39830508474574
41	3	2	5.235537190082648	86.52892561983471
41	4	2	5.036000000000001	124.94399999999997
41	5	2	4.9999999999999964	165.00000000000009
41	6	2	44.988	5.104000000000002
41	7	2	45.40400000000003	45.13199999999998
41	8	2	45.12295081967211	84.8770491803279
41	9	2	45.132	125.40399999999994
41	10	2	45.502008032128465	164.32931726907637
41	11	2	84.99999999999997	5.000000000000002
41	12	2	83.71600000000002	44.44800000000001
41	13	2	85.01200000000003	85.10400000000001
41	14	2	84.988	124.89599999999994
41	15	2	84.99999999999997	164.99999999999991
41	16	2	125.07199999999999	4.939999999999999
41	17	2	125.12400000000005	45.00400000000004
41	18	2	125.05599999999998	84.97199999999994
41	19	2	124.828	124.97199999999997
41	20	2	125.148	165.03999999999996
41	21	2	164.99999999999994	5.000000000000002
41	22	2	164.99999999999994	45.00000000000002
41	23	2	164.36864406779657	84.7330508474576
41	24	2	164.86000000000004	125.01200000000001
41	25	2	165.33600000000004	165.10799999999998
41	26	1	179.35657370517913	20.832669322709165
41	27	1	158.97199999999995	147.04799999999997
41	28	1	26.30938123752495	38.91017964071862
41	29	1	183.0818363273453	44.25149700598806
41	30	1	88.72399999999999	145.26599999999982
41	31	1	0.508982035928142	72.8283433133732
41	32	1	12.820359281437128	66.76247504990023
41	33	1	98.87599999999998	47.402000000000015
41	34	1	189.5988023952096	96.24750499001993
41	35	1	89.5189620758483	184.18163672654677
41	36	1	36.66199999999999	176.6939999999999
41	37	1	27.58167330677292	59.87051792828684
41	38	1	42.39520958083834	69.82035928143709
41	39	1	129.48000000000013	146.4759999999999
41	40	1	199.562	24.345999999999982
41	41	1	20.545816733067724	25.938247011952186
41	42	1	176.68263473053904	82.98203592814379
41	43	1	30.604790419161713	113.68063872255493
41	44	1	40.8842315369261	100.24151696606788
41	45	1	7.191616766467069	191.3353293413175
42	1	2	5.115702479338843	5.400826446280992
42	2	2	5.110169491525425	45.39830508474574
42	3	2	5.235537190082648	86.52892561983471
42	4	2	5.036000000000001	124.94399999999997
42	5	2	4.9999999999999964	165.00000000000009
42	6	2	44.988	5.104000000000002
42	7	2	45.40400000000003	45.13199999999998
42	8	2	45.12295081967211	84.8770491803279
42	9	2	45.132	125.40399999999994
42	10	2	45.502008032128465	164.32931726907637
42	11	2	84.99999999999997	5.000000000000002
42	12	2	83.71600000000002	44.44800000000001
42	13	2	85.01200000000003	85.10400000000001
42	14	2	84.988	124.89599999999994
42	15	2	84.99999999999997	164.99999999999991
42	16	2	125.07199999999999	4.939999999999999
42	17	2	125.12400000000005	45.00400000000004
42	18	2	125.05599999999998	84.97199999999994
42	19	2	124.828	124.97199999999997
42	20	2	125.148	165.03999999999996
42	21	2	164.99999999999994	5.000000000000002
42	22	2	164.99999999999994	45.00000000000002
42	23	2	164.36864406779657	84.7330508474576
42	24	2	164.86000000000004	125.01200000000001
42	25	2	165.33600000000004	165.10799999999998
42	26	1	179.35928143712573	20.716566866267453
42	27	1	159.21400000000006	146.98999999999995
42	28	1	26.26693227091633	38.86653386454188
42	29	1	182.97405189620792	44.181636726546905
42	30	1	88.66199999999995	145.22799999999992
42	31	1	0.4770459081836332	72.79441117764469
42	32	1	12.794411177644706	66.62874251497009
42	33	1	98.82000000000004	47.37999999999999
42	34	1	189.6107784431138	96.2315369261477
42	35	1	89.33599999999998	184.17999999999986
42	36	1	36.673999999999985	176.78799999999998
42	37	1	27.680638722554903	59.9201596806387
42	38	1	42.40119760479041	69.81437125748498
42	39	1	129.54581673306785	146.59960159362538
42	40	1	199.45309381237524	24.487025948103774
42	41	1	20.470000000000002	25.913999999999998
42	42	1	176.66199999999995	82.92199999999991
42	43	1	30.648702594810366	113.57285429141709
42	44	1	40.96593186372751	100.23246492985963
42	45	1	7.359281437125747	191.32934131736525
43	1	2	5.115702479338843	5.400826446280992
43	2	2	5.110169491525425	45.39830508474574
43	3	2	5.251028806584367	86.4979423868313
43	4	2	5.036000000000001	124.94399999999997
43	5	2	4.9999999999999964	165.00000000000009
43	6	2	44.988	5.104000000000002
43	7	2	45.40400000000003	45.13199999999998
43	8	2	45.12295081967211	84.8770491803279
43	9	2	45.132	125.40399999999994
43	10	2	45.502008032128465	164.32931726907637
43	11	2	84.99999999999997	5.000000000000002
43	12	2	83.71600000000002	44.44800000000001
43	13	2	85.01200000000003	85.10400000000001
43	14	2	84.988	124.89599999999994
43	15	2	84.99999999999997	164.99999999999991
43	16	2	125.07199999999999	4.939999999999999
43	17	2	125.12400000000005	45.00400000000004
43	18	2	125.05599999999998	84.97199999999994
43	19	2	124.828	124.97199999999997
43	20	2	125.148	165.03999999999996
43	21	2	164.99999999999994	5.000000000000002
43	22	2	164.99999999999994	45.00000000000002
43	23	2	164.36864406779657	84.7330508474576
43	24	2	164.86000000000004	125.01200000000001
43	25	2	165.33600000000004	165.10799999999998
43	26	1	179.2155688622755	20.692614770459073
43	27	1	159.20600000000002	146.89400000000006
43	28	1	26.250996015936263	38.87848605577695
43	29	1	183.02794411177655	44.053892215568865
43	30	1	88.15999999999998	144.94599999999988
43	31	1	0.4670658682634726	72.8023952095808
43	32	1	12.858283433133721	66.65668662674655
43	33	1	98.76200000000001	47.35600000000002
43	34	1	189.7325349301397	96.25149700598811
43	35	1	89.29800000000004	184.17800000000008
43	36	1	36.470119521912345	176.92031872509938
43	37	1	27.64741035856572	59.938247011952214
43	38	1	42.44710578842316	69.84830339321358
43	39	1	129.51399999999998	146.7999999999999
43	40	1	199.454	24.46999999999999
43	41	1	20.502994011976053	25.888223552894214
43	42	1	176.6200000000002	82.818
43	43	1	30.685999999999993	113.51399999999998
43	44	1	40.90399999999998	100.17200000000001
43	45	1	7.3293413173652695	191.34530938123763
44	1	2	5.115702479338843	5.400826446280992
44	2	2	5.110169491525425	45.39830508474574
44	3	2	5.251028806584367	86.4979423868313
44	4	2	5.036000000000001	124.94399999999997
44	5	2	4.9999999999999964	165.00000000000009
44	6	2	44.988	5.104000000000002
44	7	2	45.40400000000003	45.13199999999998
44	8	2	45.12295081967211	84.8770491803279
44	9	2	45.132	125.40399999999994
44	10	2	45.502008032128465	164.32931726907637
44	11	2	84.99999999999997	5.000000000000002
44	12	2	83.71600000000002	44.44800000000001
44	13	2	85.01200000000003	85.10400000000001
44	14	2	84.988	124.89599999999994
44	15	2	84.99999999999997	164.99999999999991
44	16	2	125.07199999999999	4.939999999999999
44	17	2	125.12400000000005	45.00400000000004
44	18	2	125.05599999999998	84.97199999999994
44	19	2	124.828	124.97199999999997
44	20	2	125.148	165.03999999999996
44	21	2	164.99999999999994	5.000000000000002
44	22	2	164.99999999999994	45.00000000000002
44	23	2	164.36864406779657	84.7330508474576
44	24	2	164.86000000000004	125.01200000000001
44	25	2	165.33600000000004	165.10799999999998
44	26	1	179.10200000000006	20.646
44	27	1	159.25149700598797	146.73053892215555
44	28	1	26.19521912350598	38.8187250996016
44	29	1	183.0538922155688	44.06387225548905
44	30	1	87.98403193612776	144.84630738522952
44	31	1	0.4650698602794441	72.78642714570859
44	32	1	12.906374501992028	66.52788844621506
44	33	1	98.72255489021968	47.21157684630739
44	34	1	189.79799999999997	96.25400000000008
44	35	1	89.07600000000004	184.08799999999997
44	36	1	36.489021956087825	176.94810379241508
44	37	1	27.72200000000002	59.99799999999997
44	38	1	42.423153692614775	69.75049900199608
44	39	1	129.57199999999997	146.99400000000006
44	40	1	199.33067729083666	24.494023904382473
44	41	1	20.548902195608783	25.846307385229544
44	42	1	176.58599999999998	82.85600000000001
44	43	1	30.645999999999994	113.47200000000008
44	44	1	40.992015968063825	100.19161676646708
44	45	1	7.179640718562884	191.40718562874252
45	1	2	5.115702479338843	5.400826446280992
45	2	2	5.110169491525425	45.39830508474574
45	3	2	5.251028806584367	86.4979423868313
45	4	2	5.036000000000001	124.94399999999997
45	5	2	4.9999999999999964	165.00000000000009
45	6	2	44.988	5.104000000000002
45	7	2	45.40400000000003	45.13199999999998
45	8	2	45.12295081967211	84.8770491803279
45	9	2	45.132	125.40399999999994
45	10	2	45.502008032128465	164.32931726907637
45	11	2	84.99999999999997	5.000000000000002
45	12	2	83.71600000000002	44.44800000000001
45	13	2	85.01200000000003	85.10400000000001
45	14	2	84.988	124.89599999999994
45	15	2	84.99999999999997	164.99999999999991
45	16	2	125.07199999999999	4.939999999999999
45	17	2	125.12400000000005	45.00400000000004
45	18	2	125.05599999999998	84.97199999999994
45	19	2	124.828	124.97199999999997
45	20	2	125.148	165.03999999999996
45	21	2	164.99999999999994	5.000000000000002
45	22	2	164.99999999999994	45.00000000000002
45	23	2	164.36864406779657	84.7330508474576
45	24	2	164.86000000000004	125.01200000000001
45	25	2	165.33600000000004	165.10799999999998
45	26	1	179.03200000000015	20.674000000000028
45	27	1	159.29141716566855	146.71057884231547
45	28	1	26.159362549800782	38.7649402390438
45	29	1	183.02594810379233	44.09780439121763
45	30	1	87.74451097804392	144.70858283433125
45	31	1	0.6107784431137687	72.8243512974052
45	32	1	12.948103792415177	66.45109780439118
45	33	1	98.74051896207581	46.916167664670674
45	34	1	189.79640718562874	96.04391217564877
45	35	1	89.17165668662676	184.05788423153697
45	36	1	36.554890219560875	176.9960079840318
45	37	1	27.79083665338646	59.94422310756972
45	38	1	42.44111776447107	69.74251497005986
45	39	1	129.78043912175664	147.21756487025962
45	40	1	199.15338645418328	24.613545816733087
45	41	1	20.54183266932272	25.78685258964144
45	42	1	176.53892215568874	82.82435129740526
45	43	1	30.659999999999997	113.34400000000002
45	44	1	40.98403193612775	100.17165668662668
45	45	1	7.0039920159680635	191.3992015968063
46	1	2	5.115702479338843	5.400826446280992
46	2	2	5.110169491525425	45.39830508474574
46	3	2	5.251028806584367	86.4979423868313
46	4	2	5.036000000000001	124.94399999999997
46	5	2	4.9999999999999964	165.00000000000009
46	6	2	44.988	5.104000000000002
46	7	2	45.40400000000003	45.13199999999998
46	8	2	45.12295081967211	84.8770491803279
46	9	2	45.132	125.40399999999994
46	10	2	45.502008032128465	164.32931726907637
46	11	2	84.99999999999997	5.000000000000002
46	12	2	83.71600000000002	44.44800000000001
46	13	2	85.01200000000003	85.10400000000001
46	14	2	84.988	124.89599999999994
46	15	2	84.99999999999997	164.99999999999991
46	16	2	125.07199999999999	4.939999999999999
46	17	2	125.12400000000005	45.00400000000004
46	18	2	125.05599999999998	84.97199999999994
46	19	2	124.828	124.97199999999997
46	20	2	125.148	165.03999999999996
46	21	2	164.99999999999994	5.000000000000002
46	22	2	164.99999999999994	45.00000000000002
46	23	2	164.36864406779657	84.7330508474576
46	24	2	164.86000000000004	125.01200000000001
46	25	2	165.33600000000004	165.10799999999998
46	26	1	179.00598802395214	20.632734530938137
46	27	1	159.2940000000001	146.60199999999995
46	28	1	26.07599999999999	38.756000000000036
46	29	1	183.00799999999978	44.03999999999998
46	30	1	87.72800000000001	144.64599999999982
46	31	1	0.5776892430278896	72.8107569721116
46	32	1	12.964071856287418	66.31736526946109
46	33	1	98.75049900199609	46.7904191616767
46	34	1	189.88223552894212	95.93413173652694
46	35	1	89.04790419161682	183.92814371257472
46	36	1	36.59880239520955	177.0698602794413
46	37	1	27.870517928286844	59.98605577689241
46	38	1	42.466000000000015	69.732
46	39	1	129.78243512974066	147.34331337325332
46	40	1	199.038	24.629999999999992
46	41	1	20.44111776447106	25.71856287425151
46	42	1	176.47400000000005	82.80799999999995
46	43	1	30.763999999999964	113.24199999999995
46	44	1	40.91400000000002	100.11999999999992
46	45	1	6.803999999999988	191.49199999999996
47	1	2	5.115702479338843	5.400826446280992
47	2	2	5.110169491525425	45.39830508474574
47	3	2	5.251028806584367	86.4979423868313
47	4	2	5.036000000000001	124.94399999999997
47	5	2	4.9999999999999964	165.00000000000009
47	6	2	44.988	5.104000000000002
47	7	2	45.40400000000003	45.13199999999998
47	8	2	45.12295081967211	84.8770491803279
47	9	2	45.132	125.40399999999994
47	10	2	45.502008032128465	164.32931726907637
47	11	2	84.99999999999997	5.000000000000002
47	12	2	83.71600000000002	44.44800000000001
47	13	2	85.01200000000003	85.10400000000001
47	14	2	84.988	124.89599999999994
47	15	2	84.99999999999997	164.99999999999991
47	16	2	125.07199999999999	4.939999999999999
47	17	2	125.12400000000005	45.00400000000004
47	18	2	125.05599999999998	84.97199999999994
47	19	2	124.828	124.97199999999997
47	20	2	125.148	165.03999999999996
47	21	2	164.99999999999994	5.000000000000002
47	22	2	164.99999999999994	45.00000000000002
47	23	2	164.36864406779657	84.7330508474576
47	24	2	164.86000000000004	125.01200000000001
47	25	2	165.33600000000004	165.10799999999998
47	26	1	179.00000000000006	20.524950099800403
47	27	1	159.3580000000002	146.498
47	28	1	26.145708582834338	38.760479041916156
47	29	1	183.0299401197604	44.00998003992019
47	30	1	87.53692614770458	144.5968063872256
47	31	1	0.5600000000000015	72.83199999999991
47	32	1	13.013944223107574	66.28087649402387
47	33	1	98.73799999999997	46.76999999999999
47	34	1	189.91	95.924
47	35	1	88.94199999999988	183.95600000000022
47	36	1	36.58200000000002	177.07200000000003
47	37	1	27.867999999999995	59.974000000000004
47	38	1	42.479041916167674	69.75249500998001
47	39	1	129.9020000000001	147.46400000000008
47	40	1	198.94610778443115	24.704590818363286
47	41	1	20.380000000000017	25.66600000000001
47	42	1	176.46200000000002	82.77199999999996
47	43	1	30.75600000000001	113.14800000000007
47	44	1	40.89021956087825	100.1357285429142
47	45	1	6.747999999999997	191.54600000000002
48	1	2	5.115702479338843	5.400826446280992
48	2	2	5.110169491525425	45.39830508474574
48	3	2	5.251028806584367	86.4979423868313
48	4	2	5.036000000000001	124.94399999999997
48	5	2	4.9999999999999964	165.00000000000009
48	6	2	44.988	5.104000000000002
48	7	2	45.40400000000003	45.13199999999998
48	8	2	45.12295081967211	84.8770491803279
48	9	2	45.132	125.40399999999994
48	10	2	45.502008032128465	164.32931726907637
48	11	2	84.99999999999997	5.000000000000002
48	12	2	83.71600000000002	44.44800000000001
48	13	2	85.01200000000003	85.10400000000001
48	14	2	84.988	124.89599999999994
48	15	2	84.99999999999997	164.99999999999991
48	16	2	125.07199999999999	4.939999999999999
48	17	2	125.12400000000005	45.00400000000004
48	18	2	125.05599999999998	84.97199999999994
48	19	2	124.828	124.97199999999997
48	20	2	125.148	165.03999999999996
48	21	2	164.99999999999994	5.000000000000002
48	22	2	164.99999999999994	45.00000000000002
48	23	2	164.36864406779657	84.7330508474576
48	24	2	164.86000000000004	125.01200000000001
48	25	2	165.33600000000004	165.10799999999998
48	26	1	179.10799999999998	20.491999999999976
48	27	1	159.3700000000003	146.38800000000012
48	28	1	26.111776447105782	38.694610778443064
48	29	1	182.97999999999996	43.94999999999996
48	30	1	87.42914171656686	144.61277445109772
48	31	1	0.5060000000000012	72.79600000000008
48	32	1	13.053784860557771	66.21314741035854
48	33	1	98.86626746506991	46.78842315369261
48	34	1	190.008	95.81400000000001
48	35	1	88.7490039840638	183.89243027888446
48	36	1	36.548902195608754	177.1017964071854
48	37	1	27.933999999999983	60.00199999999998
48	38	1	42.444223107569734	69.75697211155384
48	39	1	129.90818363273442	147.67864271457086
48	40	1	198.83599999999998	24.758000000000003
48	41	1	20.3992015968064	25.648702594810384
48	42	1	176.44311377245504	82.7584830339322
48	43	1	30.850299401197578	112.99001996007986
48	44	1	40.87225548902196	100.10578842315365
48	45	1	6.850299401197609	191.47105788423147
49	1	2	5.115702479338843	5.400826446280992
49	2	2	5.110169491525425	45.39830508474574
49	3	2	5.251028806584367	86.4979423868313
49	4	2	5.036000000000001	124.94399999999997
49	5	2	4.9999999999999964	165.00000000000009
49	6	2	44.988	5.104000000000002
49	7	2	45.40400000000003	45.13199999999998
49	8	2	45.12295081967211	84.8770491803279
49	9	2	45.132	125.40399999999994
49	10	2	45.502008032128465	164.32931726907637
49	11	2	84.99999999999997	5.000000000000002
49	12	2	83.71600000000002	44.44800000000001
49	13	2	85.01200000000003	85.10400000000001
49	14	2	84.988	124.89599999999994
49	15	2	84.99999999999997	164.99999999999991
49	16	2	125.07199999999999	4.939999999999999
49	17	2	125.12400000000005	45.00400000000004
49	18	2	125.05599999999998	84.97199999999994
49	19	2	124.828	124.97199999999997
49	20	2	125.148	165.03999999999996
49	21	2	164.99999999999994	5.000000000000002
49	22	2	164.99999999999994	45.00000000000002
49	23	2	164.36864406779657	84.7330508474576
49	24	2	164.86000000000004	125.01200000000001
49	25	2	165.33600000000004	165.10799999999998
49	26	1	179.15768463073866	20.38323353293412
49	27	1	159.40399999999994	146.27
49	28	1	26.04	38.68600000000001
49	29	1	182.92415169660677	43.89421157684638
49	30	1	87.39400000000002	144.56799999999998
49	31	1	0.5439999999999939	72.79400000000007
49	32	1	13.014000000000001	66.12399999999995
49	33	1	98.80039920159685	46.78243512974049
49	34	1	189.99	95.78800000000007
49	35	1	88.53386454183271	183.80278884462132
49	36	1	36.48702594810378	177.10778443113773
49	37	1	27.980039920159687	60.031936127744515
49	38	1	42.43200000000001	69.71999999999996
49	39	1	130.12024048096194	147.9078156312623
49	40	1	198.818	24.81000000000002
49	41	1	20.436000000000014	25.617999999999995
49	42	1	176.44000000000017	82.734
49	43	1	31.017964071856294	112.84031936127741
49	44	1	40.86227544910181	100.02994011976048
49	45	1	6.753999999999997	191.53199999999987
50	1	2	5.115702479338843	5.400826446280992
50	2	2	5.110169491525425	45.39830508474574
50	3	2	5.251028806584367	86.4979423868313
50	4	2	5.036000000000001	124.94399999999997
50	5	2	4.9999999999999964	165.00000000000009
50	6	2	44.988	5.104000000000002
50	7	2	45.40400000000003	45.13199999999998
50	8	2	45.12295081967211	84.8770491803279
50	9	2	45.132	125.40399999999994
50	10	2	45.502008032128465	164.32931726907637
50	11	2	84.99999999999997	5.000000000000002
50	12	2	83.71600000000002	44.44800000000001
50	13	2	85.01200000000003	85.10400000000001
50	14	2	84.988	124.89599999999994
50	15	2	84.99999999999997	164.99999999999991
50	16	2	125.07199999999999	4.939999999999999
50	17	2	125.12400000000005	45.00400000000004
50	18	2	125.05599999999998	84.97199999999994
50	19	2	124.828	124.97199999999997
50	20	2	125.148	165.03999999999996
50	21	2	164.99999999999994	5.000000000000002
50	22	2	164.99999999999994	45.00000000000002
50	23	2	164.36864406779657	84.7330508474576
50	24	2	164.86000000000004	125.01200000000001
50	25	2	165.33600000000004	165.10799999999998
50	26	1	179.12999999999982	20.378000000000007
50	27	1	159.53493013972067	146.1896207584831
50	28	1	26.015936254980097	38.69521912350592
50	29	1	182.85399999999996	43.867999999999995
50	30	1	87.25200000000005	144.6219999999998
50	31	1	0.5439999999999939	72.79400000000007
50	32	1	12.993999999999994	66.0440000000001
50	33	1	98.80039920159685	46.804391217564856
50	34	1	189.96007984031937	95.70259481037925
50	35	1	88.47294589178362	183.7214428857715
50	36	1	36.45908183632732	177.2175648702595
50	37	1	27.98007968127492	60.06972111553786
50	38	1	42.454000000000036	69.68600000000008
50	39	1	130.0059760956175	148.0219123505977
50	40	1	198.65868263473055	24.852295409181657
50	41	1	20.44710578842315	25.556886227544926
50	42	1	176.4219999999999	82.68600000000004
50	43	1	31.26746506986026	112.7564870259481
50	44	1	40.79759519038076	99.94388777555112
50	45	1	6.7828685258964185	191.42231075697217
51	1	2	5.115702479338843	5.400826446280992
51	2	2	5.110169491525425	45.39830508474574
51	3	2	5.251028806584367	86.4979423868313
51	4	2	5.036000000000001	124.94399999999997
51	5	2	4.9999999999999964	165.00000000000009
51	6	2	44.988	5.104000000000002
51	7	2	45.40400000000003	45.13199999999998
51	8	2	45.12295081967211	84.8770491803279
51	9	2	45.132	125.40399999999994
51	10	2	45.502008032128465	164.32931726907637
51	11	2	84.99999999999997	5.000000000000002
51	12	2	83.71600000000002	44.44800000000001
51	13	2	85.01200000000003	85.10400000000001
51	14	2	84.988	124.89599999999994
51	15	2	84.99999999999997	164.99999999999991
51	16	2	125.07199999999999	4.939999999999999
51	17	2	125.12400000000005	45.00400000000004
51	18	2	125.05599999999998	84.97199999999994
51	19	2	124.828	124.97199999999997
51	20	2	125.148	165.03999999999996
51	21	2	164.99999999999994	5.000000000000002
51	22	2	164.99999999999994	45.00000000000002
51	23	2	164.36864406779657	84.7330508474576
51	24	2	164.86000000000004	125.01200000000001
51	25	2	165.33600000000004	165.10799999999998
51	26	1	179.10199999999998	20.31000000000001
51	27	1	159.64400000000012	146.07799999999986
51	28	1	26.031872509960163	38.67928286852585
51	29	1	182.8659999999999	43.88
51	30	1	87.19760479041919	144.58483033932137
51	31	1	0.5369261477045898	72.78842315369265
51	32	1	13.005999999999998	65.97400000000002
51	33	1	98.77400000000002	46.721999999999966
51	34	1	189.91616766467067	95.60279441117767
51	35	1	88.35329341317367	183.64471057884245
51	36	1	36.44600000000001	177.21799999999996
51	37	1	28.006000000000004	60.06000000000003
51	38	1	42.43113772455091	69.66467065868262
51	39	1	129.88023952095813	148.13373253492998
51	40	1	198.5811623246493	24.901803607214436
51	41	1	20.366000000000017	25.531999999999996
51	42	1	176.3899999999999	82.69199999999995
51	43	1	31.309999999999985	112.72200000000004
51	44	1	40.723107569721094	99.91633466135457
51	45	1	6.493013972055893	191.54890219560878
52	1	2	5.115702479338843	5.400826446280992
52	2	2	5.110169491525425	45.39830508474574
52	3	2	5.251028806584367	86.4979423868313
52	4	2	5.036000000000001	124.94399999999997
52	5	2	4.9999999999999964	165.00000000000009
52	6	2	44.988	5.104000000000002
52	7	2	45.40400000000003	45.13199999999998
52	8	2	45.12295081967211	84.8770491803279
52	9	2	45.132	125.40399999999994
52	10	2	45.502008032128465	164.32931726907637
52	11	2	84.99999999999997	5.000000000000002
52	12	2	83.71600000000002	44.44800000000001
52	13	2	85.01200000000003	85.10400000000001
52	14	2	84.988	124.89599999999994
52	15	2	84.99999999999997	164.99999999999991
52	16	2	125.07199999999999	4.939999999999999
52	17	2	125.12400000000005	45.00400000000004
52	18	2	125.05599999999998	84.97199999999994
52	19	2	124.828	124.97199999999997
52	20	2	125.148	165.03999999999996
52	21	2	164.99999999999994	5.000000000000002
52	22	2	164.99999999999994	45.00000000000002
52	23	2	164.36864406779657	84.7330508474576
52	24	2	164.86000000000004	125.01200000000001
52	25	2	165.33600000000004	165.10799999999998
52	26	1	178.9700598802395	20.247504990019948
52	27	1	159.54291417165658	145.98802395209597
52	28	1	26.036072144288593	38.70741482965929
52	29	1	182.79640718562874	43.84231536926151
52	30	1	87.23952095808382	144.48103792415182
52	31	1	0.6287425149700594	72.82834331337325
52	32	1	13.065868263473062	65.9920159680638
52	33	1	98.68600000000004	46.721999999999994
52	34	1	189.93612774451097	95.50299401197604
52	35	1	88.30876494023919	183.58167330677307
52	36	1	36.38123752495011	177.181636726547
52	37	1	28.011976047904202	60.091816367265466
52	38	1	42.512000000000015	69.57199999999996
52	39	1	129.84661354581678	148.20119521912352
52	40	1	198.57285429141717	24.992015968063853
52	41	1	20.361277445109796	25.56287425149701
52	42	1	176.3687374749499	82.67735470941886
52	43	1	31.311377245508982	112.68063872255497
52	44	1	40.71799999999999	99.93999999999998
52	45	1	6.315369261477049	191.7445109780439
53	1	2	5.115702479338843	5.400826446280992
53	2	2	5.110169491525425	45.39830508474574
53	3	2	5.251028806584367	86.4979423868313
53	4	2	5.036000000000001	124.94399999999997
53	5	2	4.9999999999999964	165.00000000000009
53	6	2	44.988	5.104000000000002
53	7	2	45.40400000000003	45.13199999999998
53	8	2	45.12295081967211	84.8770491803279
53	9	2	45.132	125.40399999999994
53	10	2	45.502008032128465	164.32931726907637
53	11	2	84.99999999999997	5.000000000000002
53	12	2	83.71600000000002	44.44800000000001
53	13	2	85.01200000000003	85.10400000000001
53	14	2	84.988	124.89599999999994
53	15	2	84.99999999999997	164.99999999999991
53	16	2	125.07199999999999	4.939999999999999
53	17	2	125.12400000000005	45.00400000000004
53	18	2	125.05599999999998	84.97199999999994
53	19	2	124.828	124.97199999999997
53	20	2	125.148	165.03999999999996
53	21	2	164.99999999999994	5.000000000000002
53	22	2	164.99999999999994	45.00000000000002
53	23	2	164.36864406779657	84.7330508474576
53	24	2	164.86000000000004	125.01200000000001
53	25	2	165.33600000000004	165.10799999999998
53	26	1	178.96399999999997	20.23799999999999
53	27	1	159.582	145.70799999999997
53	28	1	26.093812375249485	38.70059880239521
53	29	1	182.76800000000006	43.80600000000005
53	30	1	87.16566866267459	144.45309381237539
53	31	1	0.5419999999999981	72.73599999999998
53	32	1	13.103585657370516	65.97211155378491
53	33	1	98.74451097804393	46.69660678642714
53	34	1	190	95.49800000000002
53	35	1	88.1616766467066	183.57884231536934
53	36	1	36.325349301397225	177.16566866267468
53	37	1	28.054000000000013	60.116
53	38	1	42.564	69.51000000000005
53	39	1	129.93799999999996	148.37599999999995
53	40	1	198.52095808383234	24.986027944111772
53	41	1	20.278000000000013	25.534000000000002
53	42	1	176.38800000000018	82.71600000000002
53	43	1	31.215568862275443	112.66067864271463
53	44	1	40.8642714570858	99.99401197604794
53	45	1	6.371999999999995	191.69399999999996
54	1	2	5.115702479338843	5.400826446280992
54	2	2	5.110169491525425	45.39830508474574
54	3	2	5.251028806584367	86.4979423868313
54	4	2	5.036000000000001	124.94399999999997
54	5	2	4.9999999999999964	165.00000000000009
54	6	2	44.988	5.104000000000002
54	7	2	45.40400000000003	45.13199999999998
54	8	2	45.12295081967211	84.8770491803279
54	9	2	45.132	125.40399999999994
54	10	2	45.502008032128465	164.32931726907637
54	11	2	84.99999999999997	5.000000000000002
54	12	2	83.71600000000002	44.44800000000001
54	13	2	85.01200000000003	85.10400000000001
54	14	2	84.988	124.89599999999994
54	15	2	84.99999999999997	164.99999999999991
54	16	2	125.07199999999999	4.939999999999999
54	17	2	125.12400000000005	45.00400000000004
54	18	2	125.05599999999998	84.97199999999994
54	19	2	124.828	124.97199999999997
54	20	2	125.148	165.03999999999996
54	21	2	164.99999999999994	5.000000000000002
54	22	2	164.99999999999994	45.00000000000002
54	23	2	164.36864406779657	84.7330508474576
54	24	2	164.86000000000004	125.01200000000001
54	25	2	165.33600000000004	165.10799999999998
54	26	1	178.93812375249496	20.245508982035954
54	27	1	159.56112224448879	145.5090180360722
54	28	1	26.09381237524949	38.65868263473059
54	29	1	182.78199999999998	43.86400000000001
54	30	1	87.00599999999999	144.28200000000015
54	31	1	0.5719999999999961	72.72800000000002
54	32	1	13.199999999999996	65.934
54	33	1	98.68662674650697	46.70259481037927
54	34	1	190.064	95.46199999999995
54	35	1	88.04191616766458	183.62475049900192
54	36	1	36.313373253493005	177.26347305389223
54	37	1	28.086000000000013	60.123999999999995
54	38	1	42.55289421157682	69.41916167664677
54	39	1	129.97005988023952	148.44910179640732
54	40	1	198.418	24.984000000000012
54	41	1	20.13000000000001	25.63400000000003
54	42	1	176.38123752495025	82.7325349301397
54	43	1	31.33665338645418	112.66334661354583
54	44	1	40.959999999999994	99.968
54	45	1	6.353293413173645	191.69261477045893
55	1	2	5.115702479338843	5.400826446280992
55	2	2	5.110169491525425	45.39830508474574
55	3	2	5.251028806584367	86.4979423868313
55	4	2	5.036000000000001	124.94399999999997
55	5	2	4.9999999999999964	165.00000000000009
55	6	2	44.988	5.104000000000002
55	7	2	45.40400000000003	45.13199999999998
55	8	2	45.12295081967211	84.8770491803279
55	9	2	45.132	125.40399999999994
55	10	2	45.502008032128465	164.32931726907637
55	11	2	84.99999999999997	5.000000000000002
55	12	2	83.71600000000002	44.44800000000001
55	13	2	85.01200000000003	85.10400000000001
55	14	2	84.988	124.89599999999994
55	15	2	84.99999999999997	164.99999999999991
55	16	2	125.07199999999999	4.939999999999999
55	17	2	125.12400000000005	45.00400000000004
55	18	2	125.05599999999998	84.97199999999994
55	19	2	124.828	124.97199999999997
55	20	2	125.148	165.03999999999996
55	21	2	164.99999999999994	5.000000000000002
55	22	2	164.99999999999994	45.00000000000002
55	23	2	164.36864406779657	84.7330508474576
55	24	2	164.86000000000004	125.01200000000001
55	25	2	165.33600000000004	165.10799999999998
55	26	1	178.90600000000006	20.21600000000002
55	27	1	159.5788423153693	145.28742514970077
55	28	1	26.167999999999992	38.626000000000055
55	29	1	182.75249500998015	43.7884231536926
55	30	1	86.98207171314745	144.26892430278878
55	31	1	0.636726546906187	72.73852295409185
55	32	1	13.298000000000004	65.99399999999997
55	33	1	98.66467065868257	46.71257485029939
55	34	1	190.16566866267465	95.35329341317359
55	35	1	87.96207584830339	183.64870259481023
55	36	1	36.44910179640716	177.39520958083835
55	37	1	28.082000000000004	60.06599999999996
55	38	1	42.59800000000001	69.326
55	39	1	129.9281437125749	148.55888223552884
55	40	1	198.375249500998	24.954091816367256
55	41	1	19.994011976047894	25.634730538922177
55	42	1	176.37599999999983	82.68599999999996
55	43	1	31.48902195608784	112.53692614770469
55	44	1	41.122	100.0300000000001
55	45	1	6.437125748502991	191.71057884231521
56	1	2	5.115702479338843	5.400826446280992
56	2	2	5.110169491525425	45.39830508474574
56	3	2	5.251028806584367	86.4979423868313
56	4	2	5.036000000000001	124.94399999999997
56	5	2	4.9999999999999964	165.00000000000009
56	6	2	44.988	5.104000000000002
56	7	2	45.40400000000003	45.13199999999998
56	8	2	45.12295081967211	84.8770491803279
56	9	2	45.132	125.40399999999994
56	10	2	45.502008032128465	164.32931726907637
56	11	2	84.99999999999997	5.000000000000002
56	12	2	83.71600000000002	44.44800000000001
56	13	2	85.01200000000003	85.10400000000001
56	14	2	84.988	124.89599999999994
56	15	2	84.99999999999997	164.99999999999991
56	16	2	125.07199999999999	4.939999999999999
56	17	2	125.12400000000005	45.00400000000004
56	18	2	125.05599999999998	84.97199999999994
56	19	2	124.828	124.97199999999997
56	20	2	125.148	165.03999999999996
56	21	2	164.99999999999994	5.000000000000002
56	22	2	164.99999999999994	45.00000000000002
56	23	2	164.36864406779657	84.7330508474576
56	24	2	164.86000000000004	125.01200000000001
56	25	2	165.33600000000004	165.10799999999998
56	26	1	178.91000000000005	20.216000000000015
56	27	1	159.61354581673288	145.16533864541833
56	28	1	26.16800000000001	38.612
56	29	1	182.79999999999998	43.802000000000014
56	30	1	86.92215568862264	144.22954091816374
56	31	1	0.584	72.67599999999993
56	32	1	13.385229540918173	66.07385229540913
56	33	1	98.64200000000011	46.689999999999976
56	34	1	190.2055888223553	95.33732534930132
56	35	1	87.95608782435127	183.63473053892204
56	36	1	36.49799999999998	177.3580000000001
56	37	1	28.105999999999998	60.03599999999999
56	38	1	42.65469061876246	69.22155688622755
56	39	1	129.95409181636728	148.78642714570844
56	40	1	198.318	24.948000000000008
56	41	1	19.956	25.61399999999998
56	42	1	176.35200000000012	82.68200000000004
56	43	1	31.650698602794424	112.46506986027951
56	44	1	41.08599999999999	99.98200000000003
56	45	1	6.42914171656686	191.69860279441107
57	1	2	5.115702479338843	5.400826446280992
57	2	2	5.110169491525425	45.39830508474574
57	3	2	5.251028806584367	86.4979423868313
57	4	2	5.036000000000001	124.94399999999997
57	5	2	4.9999999999999964	165.00000000000009
57	6	2	44.988	5.104000000000002
57	7	2	45.40400000000003	45.13199999999998
57	8	2	45.12295081967211	84.8770491803279
57	9	2	45.132	125.40399999999994
57	10	2	45.502008032128465	164.32931726907637
57	11	2	84.99999999999997	5.000000000000002
57	12	2	83.71600000000002	44.44800000000001
57	13	2	85.01200000000003	85.10400000000001
57	14	2	84.988	124.89599999999994
57	15	2	84.99999999999997	164.99999999999991
57	16	2	125.07199999999999	4.939999999999999
57	17	2	125.12400000000005	45.00400000000004
57	18	2	125.05599999999998	84.97199999999994
57	19	2	124.828	124.97199999999997
57	20	2	125.148	165.03999999999996
57	21	2	164.99999999999994	5.000000000000002
57	22	2	164.99999999999994	45.00000000000002
57	23	2	164.36864406779657	84.7330508474576
57	24	2	164.86000000000004	125.01200000000001
57	25	2	165.33600000000004	165.10799999999998
57	26	1	178.92400000000006	20.210000000000008
57	27	1	159.57799999999992	145.06199999999995
57	28	1	26.268924302788857	38.60956175298804
57	29	1	182.77800000000013	43.734
57	30	1	86.81437125748508	144.13572854291408
57	31	1	0.5140000000000011	72.60000000000005
57	32	1	13.426853707414828	66.06212424849701
57	33	1	98.65069860279449	46.70259481037927
57	34	1	190.308	95.24000000000004
57	35	1	87.87051792828683	183.55577689243032
57	36	1	36.411999999999985	177.33200000000008
57	37	1	28.105999999999998	60.03599999999999
57	38	1	42.6387225548902	69.17964071856285
57	39	1	129.94610778443115	148.87225548902188
57	40	1	198.296	24.928
57	41	1	19.921999999999986	25.565999999999995
57	42	1	176.31799999999993	82.67200000000003
57	43	1	31.704590818363243	112.46107784431135
57	44	1	41.10200000000006	99.95599999999999
57	45	1	6.296812749003983	191.75498007968116
58	1	2	5.115702479338843	5.400826446280992
58	2	2	5.110169491525425	45.39830508474574
58	3	2	5.251028806584367	86.4979423868313
58	4	2	5.036000000000001	124.94399999999997
58	5	2	4.9999999999999964	165.00000000000009
58	6	2	44.988	5.104000000000002
58	7	2	45.40400000000003	45.13199999999998
58	8	2	45.12295081967211	84.8770491803279
58	9	2	45.132	125.40399999999994
58	10	2	45.502008032128465	164.32931726907637
58	11	2	84.99999999999997	5.000000000000002
58	12	2	83.71600000000002	44.44800000000001
58	13	2	85.01200000000003	85.10400000000001
58	14	2	84.988	124.89599999999994
58	15	2	84.99999999999997	164.99999999999991
58	16	2	125.07199999999999	4.939999999999999
58	17	2	125.12400000000005	45.00400000000004
58	18	2	125.05599999999998	84.97199999999994
58	19	2	124.828	124.97199999999997
58	20	2	125.148	165.03999999999996
58	21	2	164.99999999999994	5.000000000000002
58	22	2	164.99999999999994	45.00000000000002
58	23	2	164.36864406779657	84.7330508474576
58	24	2	164.86000000000004	125.01200000000001
58	25	2	165.33600000000004	165.10799999999998
58	26	1	178.924	20.07400000000001
58	27	1	159.51992031872513	144.87250996015953
58	28	1	26.31663326653307	38.63326653306612
58	29	1	182.7924151696608	43.612774451097756
58	30	1	86.69999999999995	144.0940000000002
58	31	1	0.4208416833667288	72.50901803607219
58	32	1	13.534000000000008	66.08200000000001
58	33	1	98.64471057884226	46.70259481037922
58	34	1	190.404	95.30400000000002
58	35	1	87.76646706586827	183.56087824351292
58	36	1	36.37800000000002	177.36999999999983
58	37	1	28.201596806387233	60.0578842315369
58	38	1	42.67999999999997	69.11400000000005
58	39	1	129.90019960079843	148.98403193612785
58	40	1	198.312	24.87400000000002
58	41	1	19.86852589641433	25.62350597609562
58	42	1	176.31399999999982	82.60200000000005
58	43	1	31.750499001996015	112.38123752495
58	44	1	41.246000000000016	99.97400000000003
58	45	1	6.201596806387223	191.76247504990016
59	1	2	5.115702479338843	5.400826446280992
59	2	2	5.110169491525425	45.39830508474574
59	3	2	5.251028806584367	86.4979423868313
59	4	2	5.036000000000001	124.94399999999997
59	5	2	4.9999999999999964	165.00000000000009
59	6	2	44.988	5.104000000000002
59	7	2	45.40400000000003	45.13199999999998
59	8	2	45.12295081967211	84.8770491803279
59	9	2	45.132	125.40399999999994
59	10	2	45.502008032128465	164.32931726907637
59	11	2	84.99999999999997	5.000000000000002
59	12	2	83.71600000000002	44.44800000000001
59	13	2	85.01200000000003	85.10400000000001
59	14	2	84.988	124.89599999999994
59	15	2	84.99999999999997	164.99999999999991
59	16	2	125.07199999999999	4.939999999999999
59	17	2	125.12400000000005	45.00400000000004
59	18	2	125.05599999999998	84.97199999999994
59	19	2	124.828	124.97199999999997
59	20	2	125.148	165.03999999999996
59	21	2	164.99999999999994	5.000000000000002
59	22	2	164.99999999999994	45.00000000000002
59	23	2	164.36864406779657	84.7330508474576
59	24	2	164.86000000000004	125.01200000000001
59	25	2	165.33600000000004	165.10799999999998
59	26	1	178.84031936127758	19.968063872255502
59	27	1	159.41716566866276	144.73652694610783
59	28	1	26.256000000000007	38.605999999999995
59	29	1	182.81963927855728	43.56112224448895
59	30	1	86.7171314741036	144.05378486055767
59	31	1	0.41916167664670384	72.51297405189617
59	32	1	13.594810379241528	66.03992015968062
59	33	1	98.60199999999996	46.728000000000016
59	34	1	190.49500998003992	95.37724550898204
59	35	1	87.68662674650695	183.55089820359282
59	36	1	36.28799999999999	177.38200000000023
59	37	1	28.311999999999983	60.14600000000001
59	38	1	42.70200000000003	69.07600000000002
59	39	1	129.93213572854285	149.06187624750524
59	40	1	198.2315369261477	24.864271457085806
59	41	1	19.88199999999998	25.627999999999997
59	42	1	176.33400000000006	82.60600000000005
59	43	1	31.741999999999983	112.30399999999997
59	44	1	41.363273453093775	99.98802395209582
59	45	1	6.151696606786418	191.80838323353294
60	1	2	5.115702479338843	5.400826446280992
60	2	2	5.110169491525425	45.39830508474574
60	3	2	5.251028806584367	86.4979423868313
60	4	2	5.036000000000001	124.94399999999997
60	5	2	4.9999999999999964	165.00000000000009
60	6	2	44.988	5.104000000000002
60	7	2	45.40400000000003	45.13199999999998
60	8	2	45.12295081967211	84.8770491803279
60	9	2	45.132	125.40399999999994
60	10	2	45.502008032128465	164.32931726907637
60	11	2	84.99999999999997	5.000000000000002
60	12	2	83.71600000000002	44.44800000000001
60	13	2	85.01200000000003	85.10400000000001
60	14	2	84.988	124.89599999999994
60	15	2	84.99999999999997	164.99999999999991
60	16	2	125.07199999999999	4.939999999999999
60	17	2	125.12400000000005	45.00400000000004
60	18	2	125.05599999999998	84.97199999999994
60	19	2	124.828	124.97199999999997
60	20	2	125.148	165.03999999999996
60	21	2	164.99999999999994	5.000000000000002
60	22	2	164.99999999999994	45.00000000000002
60	23	2	164.36864406779657	84.7330508474576
60	24	2	164.86000000000004	125.01200000000001
60	25	2	165.33600000000004	165.10799999999998
60	26	1	178.8343313373253	19.882235528942136
60	27	1	159.34331337325352	144.55089820359274
60	28	1	26.328657314629258	38.57114228456917
60	29	1	182.800796812749	43.48207171314741
60	30	1	86.66267465069863	143.93812375249502
60	31	1	0.49000000000000343	72.53199999999998
60	32	1	13.644710578842307	65.99401197604793
60	33	1	98.47504990019969	46.73253493013971
60	34	1	190.5748502994012	95.33932135728541
60	35	1	87.70200000000008	183.53600000000006
60	36	1	36.206	177.35199999999998
60	37	1	28.3672654690619	60.12175648702598
60	38	1	42.642	69.12600000000006
60	39	1	129.97604790419155	149.15369261477056
60	40	1	198.2135728542914	24.882235528942108
60	41	1	19.846	25.629999999999992
60	42	1	176.31600000000006	82.60799999999995
60	43	1	31.779999999999987	112.37
60	44	1	41.463073852295395	100.01796407185624
60	45	1	6.1000000000000005	191.79599999999988
61	1	2	5.115702479338843	5.400826446280992
61	2	2	5.110169491525425	45.39830508474574
61	3	2	5.251028806584367	86.4979423868313
61	4	2	5.036000000000001	124.94399999999997
61	5	2	4.9999999999999964	165.00000000000009
61	6	2	44.988	5.104000000000002
61	7	2	45.40400000000003	45.13199999999998
61	8	2	45.12295081967211	84.8770491803279
61	9	2	45.132	125.40399999999994
61	10	2	45.502008032128465	164.32931726907637
61	11	2	84.99999999999997	5.000000000000002
61	12	2	83.71600000000002	44.44800000000001
61	13	2	85.01200000000003	85.10400000000001
61	14	2	84.988	124.89599999999994
61	15	2	84.99999999999997	164.99999999999991
61	16	2	125.07199999999999	4.939999999999999
61	17	2	125.12400000000005	45.00400000000004
61	18	2	125.05599999999998	84.97199999999994
61	19	2	124.828	124.97199999999997
61	20	2	125.148	165.03999999999996
61	21	2	164.99999999999994	5.000000000000002
61	22	2	164.99999999999994	45.00000000000002
61	23	2	164.36864406779657	84.7330508474576
61	24	2	164.86000000000004	125.01200000000001
61	25	2	165.33600000000004	165.10799999999998
61	26	1	178.75848303393212	19.782435129740524
61	27	1	159.32534930139713	144.30938123752486
61	28	1	26.363999999999994	38.51400000000005
61	29	1	182.8500000000002	43.439999999999955
61	30	1	86.52694610778447	143.8782435129741
61	31	1	0.5140000000000001	72.56400000000012
61	32	1	13.707999999999993	65.926
61	33	1	98.42200000000004	46.68999999999997
61	34	1	190.684	95.45799999999996
61	35	1	87.58483033932129	183.50299401197591
61	36	1	36.24	177.38999999999984
61	37	1	28.421157684630735	60.111776447105754
61	38	1	42.623246492985984	69.05410821643285
61	39	1	129.99600798403193	149.18363273453096
61	40	1	198.11354581673308	24.952191235059747
61	41	1	19.874	25.60599999999997
61	42	1	176.34199999999984	82.64399999999999
61	43	1	31.785999999999994	112.38400000000003
61	44	1	41.54091816367261	100.08183632734526
61	45	1	6.114000000000005	191.76599999999982
62	1	2	5.115702479338843	5.400826446280992
62	2	2	5.110169491525425	45.39830508474574
62	3	2	5.251028806584367	86.4979423868313
62	4	2	5.036000000000001	124.94399999999997
62	5	2	4.9999999999999964	165.00000000000009
62	6	2	44.988	5.104000000000002
62	7	2	45.40400000000003	45.13199999999998
62	8	2	45.12295081967211	84.8770491803279
62	9	2	45.132	125.40399999999994
62	10	2	45.502008032128465	164.32931726907637
62	11	2	84.99999999999997	5.000000000000002
62	12	2	83.71600000000002	44.44800000000001
62	13	2	85.01200000000003	85.10400000000001
62	14	2	84.988	124.89599999999994
62	15	2	84.99999999999997	164.99999999999991
62	16	2	125.07199999999999	4.939999999999999
62	17	2	125.12400000000005	45.00400000000004
62	18	2	125.05599999999998	84.97199999999994
62	19	2	124.828	124.97199999999997
62	20	2	125.148	165.03999999999996
62	21	2	164.99999999999994	5.000000000000002
62	22	2	164.99999999999994	45.00000000000002
62	23	2	164.36864406779657	84.7330508474576
62	24	2	164.86000000000004	125.01200000000001
62	25	2	165.33600000000004	165.10799999999998
62	26	1	178.70599999999993	19.754
62	27	1	159.34800000000004	144.07200000000014
62	28	1	26.334000000000007	38.48400000000005
62	29	1	182.83033932135737	43.37924151696609
62	30	1	86.42685370741478	143.87374749498994
62	31	1	0.4940000000000011	72.536
62	32	1	13.780439121756478	65.92415169660687
62	33	1	98.33599999999991	46.79200000000004
62	34	1	190.708	95.41999999999996
62	35	1	87.52104208416839	183.38677354709412
62	36	1	36.212	177.41400000000004
62	37	1	28.439999999999987	60.10599999999999
62	38	1	42.63473053892217	69.04990019960078
62	39	1	129.9800399201596	149.41117764471068
62	40	1	197.95	25.042000000000016
62	41	1	19.876247504990005	25.55688622754489
62	42	1	176.356	82.666
62	43	1	31.654690618762498	112.39321357285426
62	44	1	41.576	100.17199999999997
62	45	1	6.134000000000005	191.75399999999985
63	1	2	5.115702479338843	5.400826446280992
63	2	2	5.110169491525425	45.39830508474574
63	3	2	5.251028806584367	86.4979423868313
63	4	2	5.036000000000001	124.94399999999997
63	5	2	4.9999999999999964	165.00000000000009
63	6	2	44.988	5.104000000000002
63	7	2	45.40400000000003	45.13199999999998
63	8	2	45.12295081967211	84.8770491803279
63	9	2	45.132	125.40399999999994
63	10	2	45.502008032128465	164.32931726907637
63	11	2	84.99999999999997	5.000000000000002
63	12	2	83.71600000000002	44.44800000000001
63	13	2	85.01200000000003	85.10400000000001
63	14	2	84.988	124.89599999999994
63	15	2	84.99999999999997	164.99999999999991
63	16	2	125.07199999999999	4.939999999999999
63	17	2	125.12400000000005	45.00400000000004
63	18	2	125.05599999999998	84.97199999999994
63	19	2	124.828	124.97199999999997
63	20	2	125.148	165.03999999999996
63	21	2	164.99999999999994	5.000000000000002
63	22	2	164.99999999999994	45.00000000000002
63	23	2	164.36864406779657	84.7330508474576
63	24	2	164.86000000000004	125.01200000000001
63	25	2	165.33600000000004	165.10799999999998
63	26	1	178.63599999999994	19.73399999999999
63	27	1	159.31736526946105	143.99001996007985
63	28	1	26.376000000000015	38.489999999999995
63	29	1	182.78599999999994	43.35400000000003
63	30	1	86.39599999999992	143.78000000000011
63	31	1	0.5220000000000006	72.57200000000003
63	32	1	13.762475049900212	65.84031936127745
63	33	1	98.18399999999995	47.004000000000005
63	34	1	190.82634730538922	95.37924151696605
63	35	1	87.38123752495014	183.46906187624748
63	36	1	36.17800000000005	177.51000000000005
63	37	1	28.45799999999999	60.126
63	38	1	42.705999999999975	68.93600000000004
63	39	1	129.97205588822362	149.50698602794407
63	40	1	197.8682634730539	25.11976047904192
63	41	1	19.91816367265467	25.499001996007987
63	42	1	176.36272545090182	82.60721442885776
63	43	1	31.803999999999995	112.40999999999995
63	44	1	41.63473053892218	100.14570858283436
63	45	1	6.108216432865736	191.79158316633266
64	1	2	5.115702479338843	5.400826446280992
64	2	2	5.110169491525425	45.39830508474574
64	3	2	5.251028806584367	86.4979423868313
64	4	2	5.036000000000001	124.94399999999997
64	5	2	4.9999999999999964	165.00000000000009
64	6	2	44.988	5.104000000000002
64	7	2	45.40400000000003	45.13199999999998
64	8	2	45.12295081967211	84.8770491803279
64	9	2	45.132	125.40399999999994
64	10	2	45.502008032128465	164.32931726907637
64	11	2	84.99999999999997	5.000000000000002
64	12	2	83.71600000000002	44.44800000000001
64	13	2	85.01200000000003	85.10400000000001
64	14	2	84.988	124.89599999999994
64	15	2	84.99999999999997	164.99999999999991
64	16	2	125.07199999999999	4.939999999999999
64	17	2	125.12400000000005	45.00400000000004
64	18	2	125.05599999999998	84.97199999999994
64	19	2	124.828	124.97199999999997
64	20	2	125.148	165.03999999999996
64	21	2	164.99999999999994	5.000000000000002
64	22	2	164.99999999999994	45.00000000000002
64	23	2	164.36864406779657	84.7330508474576
64	24	2	164.86000000000004	125.01200000000001
64	25	2	165.33600000000004	165.10799999999998
64	26	1	178.60878243512963	19.64870259481039
64	27	1	159.26946107784414	143.78243512974055
64	28	1	26.38600000000001	38.49999999999999
64	29	1	182.75399999999996	43.41400000000002
64	30	1	86.3852295409182	143.73652694610783
64	31	1	0.5439999999999986	72.58600000000003
64	32	1	13.80239520958083	65.84431137724549
64	33	1	98.06586826347296	47.05588822355289
64	34	1	190.79640718562874	95.41117764471062
64	35	1	87.20359281437133	183.49301397205568
64	36	1	36.10778443113776	177.53093812375246
64	37	1	28.494	60.11399999999998
64	38	1	42.71142284569142	68.95390781563125
64	39	1	130.11976047904187	149.67465069860285
64	40	1	197.59199999999998	25.344
64	41	1	19.999999999999996	25.47704590818364
64	42	1	176.37799999999996	82.61199999999998
64	43	1	31.867999999999984	112.45599999999992
64	44	1	41.62800000000001	100.06399999999998
64	45	1	6.073999999999998	191.774
65	1	2	5.115702479338843	5.400826446280992
65	2	2	5.110169491525425	45.39830508474574
65	3	2	5.251028806584367	86.4979423868313
65	4	2	5.036000000000001	124.94399999999997
65	5	2	4.9999999999999964	165.00000000000009
65	6	2	44.988	5.104000000000002
65	7	2	45.40400000000003	45.13199999999998
65	8	2	45.12295081967211	84.8770491803279
65	9	2	45.132	125.40399999999994
65	10	2	45.502008032128465	164.32931726907637
65	11	2	84.99999999999997	5.000000000000002
65	12	2	83.71600000000002	44.44800000000001
65	13	2	85.01200000000003	85.10400000000001
65	14	2	84.988	124.89599999999994
65	15	2	84.99999999999997	164.99999999999991
65	16	2	125.07199999999999	4.939999999999999
65	17	2	125.12400000000005	45.00400000000004
65	18	2	125.05599999999998	84.97199999999994
65	19	2	124.828	124.97199999999997
65	20	2	125.148	165.03999999999996
65	21	2	164.99999999999994	5.000000000000002
65	22	2	164.99999999999994	45.00000000000002
65	23	2	164.36864406779657	84.7330508474576
65	24	2	164.86000000000004	125.01200000000001
65	25	2	165.33600000000004	165.10799999999998
65	26	1	178.71943887775544	19.515030060120253
65	27	1	159.16766467065878	143.66666666666663
65	28	1	26.453999999999997	38.494
65	29	1	182.75249500998018	43.4071856287425
65	30	1	86.39121756487032	143.6566866267465
65	31	1	0.4570858283433126	72.52495009980048
65	32	1	13.828	65.84600000000005
65	33	1	97.99201596806391	47.08782435129738
65	34	1	190.75751503006012	95.4148296593186
65	35	1	87.06800000000004	183.4579999999999
65	36	1	35.974051896207605	177.51696606786416
65	37	1	28.522954091816384	60.14171656686628
65	38	1	42.785999999999966	68.91600000000001
65	39	1	130.20359281437115	149.76247504990022
65	40	1	197.50299401197606	25.355289421157686
65	41	1	19.838000000000008	25.478000000000005
65	42	1	176.3820000000001	82.60799999999999
65	43	1	31.85229540918164	112.429141716567
65	44	1	41.75099601593623	100.09362549800801
65	45	1	6.03393213572854	191.748502994012
66	1	2	5.115702479338843	5.400826446280992
66	2	2	5.110169491525425	45.39830508474574
66	3	2	5.251028806584367	86.4979423868313
66	4	2	5.036000000000001	124.94399999999997
66	5	2	4.9999999999999964	165.00000000000009
66	6	2	44.988	5.104000000000002
66	7	2	45.40400000000003	45.13199999999998
66	8	2	45.12295081967211	84.8770491803279
66	9	2	45.132	125.40399999999994
66	10	2	45.502008032128465	164.32931726907637
66	11	2	84.99999999999997	5.000000000000002
66	12	2	83.71600000000002	44.44800000000001
66	13	2	85.01200000000003	85.10400000000001
66	14	2	84.988	124.89599999999994
66	15	2	84.99999999999997	164.99999999999991
66	16	2	125.07199999999999	4.939999999999999
66	17	2	125.12400000000005	45.00400000000004
66	18	2	125.05599999999998	84.97199999999994
66	19	2	124.828	124.97199999999997
66	20	2	125.148	165.03999999999996
66	21	2	164.99999999999994	5.000000000000002
66	22	2	164.99999999999994	45.00000000000002
66	23	2	164.36864406779657	84.7330508474576
66	24	2	164.86000000000004	125.01200000000001
66	25	2	165.33600000000004	165.10799999999998
66	26	1	178.7305389221557	19.449101796407195
66	27	1	159.13173652694633	143.50099800399212
66	28	1	26.43000000000001	38.45999999999997
66	29	1	182.81237524950114	43.479041916167645
66	30	1	86.47999999999993	143.63600000000002
66	31	1	0.5039999999999991	72.55000000000007
66	32	1	13.872255489021942	65.82634730538928
66	33	1	97.97799999999992	47.09799999999998
66	34	1	190.724	95.44400000000002
66	35	1	86.97599999999998	183.36800000000014
66	36	1	35.94011976047907	177.55888223552898
66	37	1	28.570858283433132	60.14171656686625
66	38	1	42.91000000000001	68.75199999999992
66	39	1	130.25948103792402	149.84431137724548
66	40	1	197.4570858283433	25.32135728542915
66	41	1	19.79200000000001	25.459999999999983
66	42	1	176.42000000000007	82.59799999999997
66	43	1	31.842315369261467	112.42714570858294
66	44	1	41.80039920159682	100.01397205588817
66	45	1	5.986000000000003	191.76800000000003
67	1	2	5.115702479338843	5.400826446280992
67	2	2	5.110169491525425	45.39830508474574
67	3	2	5.251028806584367	86.4979423868313
67	4	2	5.036000000000001	124.94399999999997
67	5	2	4.9999999999999964	165.00000000000009
67	6	2	44.988	5.104000000000002
67	7	2	45.40400000000003	45.13199999999998
67	8	2	45.12295081967211	84.8770491803279
67	9	2	45.132	125.40399999999994
67	10	2	45.502008032128465	164.32931726907637
67	11	2	84.99999999999997	5.000000000000002
67	12	2	83.71600000000002	44.44800000000001
67	13	2	85.01200000000003	85.10400000000001
67	14	2	84.988	124.89599999999994
67	15	2	84.99999999999997	164.99999999999991
67	16	2	125.07199999999999	4.939999999999999
67	17	2	125.12400000000005	45.00400000000004
67	18	2	125.05599999999998	84.97199999999994
67	19	2	124.828	124.97199999999997
67	20	2	125.148	165.03999999999996
67	21	2	164.99999999999994	5.000000000000002
67	22	2	164.99999999999994	45.00000000000002
67	23	2	164.36864406779657	84.7330508474576
67	24	2	164.86000000000004	125.01200000000001
67	25	2	165.33600000000004	165.10799999999998
67	26	1	178.6087824351297	19.363273453093818
67	27	1	159.0299401197606	143.38323353293384
67	28	1	26.522000000000002	38.40199999999998
67	29	1	182.87025948103786	43.49700598802397
67	30	1	86.43113772455088	143.64670658682635
67	31	1	0.5129740518962069	72.53093812375245
67	32	1	13.957999999999993	65.76600000000002
67	33	1	97.89200000000008	47.16800000000005
67	34	1	190.718	95.44599999999993
67	35	1	86.86027944111783	183.27944111776438
67	36	1	35.92000000000002	177.65399999999994
67	37	1	28.62599999999999	60.06599999999997
67	38	1	42.942000000000014	68.682
67	39	1	130.23952095808394	149.79041916167668
67	40	1	197.3804780876494	25.350597609561724
67	41	1	19.70658682634731	25.403193612774462
67	42	1	176.49098196392802	82.59519038076154
67	43	1	31.799599198396788	112.3947895791584
67	44	1	41.8323353293413	99.97804391217566
67	45	1	6.029999999999997	191.74800000000002
68	1	2	5.115702479338843	5.400826446280992
68	2	2	5.110169491525425	45.39830508474574
68	3	2	5.251028806584367	86.4979423868313
68	4	2	5.036000000000001	124.94399999999997
68	5	2	4.9999999999999964	165.00000000000009
68	6	2	44.988	5.104000000000002
68	7	2	45.40400000000003	45.13199999999998
68	8	2	45.12295081967211	84.8770491803279
68	9	2	45.132	125.40399999999994
68	10	2	45.502008032128465	164.32931726907637
68	11	2	84.99999999999997	5.000000000000002
68	12	2	83.71600000000002	44.44800000000001
68	13	2	85.01200000000003	85.10400000000001
68	14	2	84.988	124.89599999999994
68	15	2	84.99999999999997	164.99999999999991
68	16	2	125.07199999999999	4.939999999999999
68	17	2	125.12400000000005	45.00400000000004
68	18	2	125.05599999999998	84.97199999999994
68	19	2	124.828	124.97199999999997
68	20	2	125.148	165.03999999999996
68	21	2	164.99999999999994	5.000000000000002
68	22	2	164.99999999999994	45.00000000000002
68	23	2	164.36864406779657	84.7330508474576
68	24	2	164.86000000000004	125.01200000000001
68	25	2	165.33600000000004	165.10799999999998
68	26	1	178.53293413173657	19.353293413173645
68	27	1	159.02589641434255	143.21912350597606
68	28	1	26.572854291417187	38.38522954091813
68	29	1	182.85229540918164	43.48103792415176
68	30	1	86.41916167664664	143.5888223552894
68	31	1	0.5219999999999949	72.46799999999999
68	32	1	13.932000000000002	65.736
68	33	1	97.79800000000004	47.201999999999984
68	34	1	190.76	95.43399999999998
68	35	1	86.70858283433134	183.1636726546907
68	36	1	35.930139720558905	177.6666666666666
68	37	1	28.62599999999999	60.06599999999997
68	38	1	42.910179640718546	68.71257485029939
68	39	1	130.31600000000003	149.8759999999998
68	40	1	197.3013972055888	25.34730538922158
68	41	1	19.72455089820358	25.3812375249501
68	42	1	176.54000000000002	82.66600000000012
68	43	1	31.93413173652696	112.41916167664665
68	44	1	41.901999999999994	99.97199999999998
68	45	1	5.9760479041916215	191.76047904191623
69	1	2	5.115702479338843	5.400826446280992
69	2	2	5.110169491525425	45.39830508474574
69	3	2	5.251028806584367	86.4979423868313
69	4	2	5.036000000000001	124.94399999999997
69	5	2	4.9999999999999964	165.00000000000009
69	6	2	44.988	5.104000000000002
69	7	2	45.40400000000003	45.13199999999998
69	8	2	45.12295081967211	84.8770491803279
69	9	2	45.132	125.40399999999994
69	10	2	45.502008032128465	164.32931726907637
69	11	2	84.99999999999997	5.000000000000002
69	12	2	83.71600000000002	44.44800000000001
69	13	2	85.01200000000003	85.10400000000001
69	14	2	84.988	124.89599999999994
69	15	2	84.99999999999997	164.99999999999991
69	16	2	125.07199999999999	4.939999999999999
69	17	2	125.12400000000005	45.00400000000004
69	18	2	125.05599999999998	84.97199999999994
69	19	2	124.828	124.97199999999997
69	20	2	125.148	165.03999999999996
69	21	2	164.99999999999994	5.000000000000002
69	22	2	164.99999999999994	45.00000000000002
69	23	2	164.36864406779657	84.7330508474576
69	24	2	164.86000000000004	125.01200000000001
69	25	2	165.33600000000004	165.10799999999998
69	26	1	178.6427145708584	19.303393213572832
69	27	1	159.0279441117765	143.1217564870259
69	28	1	26.604000000000003	38.35
69	29	1	182.83033932135737	43.5409181636726
69	30	1	86.32868525896421	143.57171314741032
69	31	1	0.5780000000000018	72.484
69	32	1	13.952000000000012	65.74600000000001
69	33	1	97.774	47.18400000000003
69	34	1	190.922	95.39200000000001
69	35	1	86.60678642714566	183.0479041916167
69	36	1	35.76846307385227	177.7485029940119
69	37	1	28.612774451097824	60.06586826347305
69	38	1	42.885999999999996	68.71799999999999
69	39	1	130.26946107784423	149.92415169660654
69	40	1	197.25948103792416	25.401197604790436
69	41	1	19.6067864271457	25.371257485029947
69	42	1	176.5868263473054	82.71457085828337
69	43	1	31.910000000000014	112.37799999999996
69	44	1	41.906000000000034	99.9539999999999
69	45	1	5.886000000000007	191.79400000000004
70	1	2	5.115702479338843	5.400826446280992
70	2	2	5.110169491525425	45.39830508474574
70	3	2	5.251028806584367	86.4979423868313
70	4	2	5.036000000000001	124.94399999999997
70	5	2	4.9999999999999964	165.00000000000009
70	6	2	44.988	5.104000000000002
70	7	2	45.40400000000003	45.13199999999998
70	8	2	45.12295081967211	84.8770491803279
70	9	2	45.132	125.40399999999994
70	10	2	45.502008032128465	164.32931726907637
70	11	2	84.99999999999997	5.000000000000002
70	12	2	83.71600000000002	44.44800000000001
70	13	2	85.01200000000003	85.10400000000001
70	14	2	84.988	124.89599999999994
70	15	2	84.99999999999997	164.99999999999991
70	16	2	125.07199999999999	4.939999999999999
70	17	2	125.12400000000005	45.00400000000004
70	18	2	125.05599999999998	84.97199999999994
70	19	2	124.828	124.97199999999997
70	20	2	125.148	165.03999999999996
70	21	2	164.99999999999994	5.000000000000002
70	22	2	164.99999999999994	45.00000000000002
70	23	2	164.36864406779657	84.7330508474576
70	24	2	164.86000000000004	125.01200000000001
70	25	2	165.33600000000004	165.10799999999998
70	26	1	178.68862275449104	19.289421157684664
70	27	1	159.00200000000015	143.0420000000001
70	28	1	26.744510978043902	38.307385229540955
70	29	1	182.77045908183646	43.55688622754491
70	30	1	86.374	143.39600000000007
70	31	1	0.5548902195608729	72.44710578842314
70	32	1	14.023999999999996	65.77999999999997
70	33	1	97.74199999999996	47.26199999999996
70	34	1	190.948	95.26199999999999
70	35	1	86.39278557114226	182.9759519038077
70	36	1	35.65200000000001	177.77199999999988
70	37	1	28.62075848303392	60.01197604790416
70	38	1	42.87799999999997	68.666
70	39	1	130.3912175648703	149.95409181636734
70	40	1	197.18363273453093	25.532934131736546
70	41	1	19.560878243512985	25.397205588822384
70	42	1	176.5369261477046	82.72055888223548
70	43	1	31.93013972055886	112.26546906187617
70	44	1	42.007999999999974	99.91000000000003
70	45	1	5.858283433133733	191.8922155688623
71	1	2	5.115702479338843	5.400826446280992
71	2	2	5.110169491525425	45.39830508474574
71	3	2	5.251028806584367	86.4979423868313
71	4	2	5.036000000000001	124.94399999999997
71	5	2	4.9999999999999964	165.00000000000009
71	6	2	44.988	5.104000000000002
71	7	2	45.40400000000003	45.13199999999998
71	8	2	45.12295081967211	84.8770491803279
71	9	2	45.132	125.40399999999994
71	10	2	45.502008032128465	164.32931726907637
71	11	2	84.99999999999997	5.000000000000002
71	12	2	83.71600000000002	44.44800000000001
71	13	2	85.01200000000003	85.10400000000001
71	14	2	84.988	124.89599999999994
71	15	2	84.99999999999997	164.99999999999991
71	16	2	125.07199999999999	4.939999999999999
71	17	2	125.12400000000005	45.00400000000004
71	18	2	125.05599999999998	84.97199999999994
71	19	2	124.828	124.97199999999997
71	20	2	125.148	165.03999999999996
71	21	2	164.99999999999994	5.000000000000002
71	22	2	164.99999999999994	45.00000000000002
71	23	2	164.36864406779657	84.7330508474576
71	24	2	164.86000000000004	125.01200000000001
71	25	2	165.33600000000004	165.10799999999998
71	26	1	178.68862275449098	19.321357285429144
71	27	1	159.0439121756487	142.97005988023946
71	28	1	26.714000000000013	38.315999999999946
71	29	1	182.77399999999992	43.634000000000036
71	30	1	86.51896207584831	143.27345309381235
71	31	1	0.5808383233532901	72.46506986027946
71	32	1	14.032000000000002	65.75400000000006
71	33	1	97.73253493013974	47.23752495009982
71	34	1	191.13400000000001	95.35599999999997
71	35	1	86.31000000000006	182.91400000000002
71	36	1	35.61477045908181	177.81437125748496
71	37	1	28.70600000000002	60.04
71	38	1	42.91799999999999	68.58600000000006
71	39	1	130.41800000000003	149.96600000000004
71	40	1	197.05389221556885	25.618762475049927
71	41	1	19.405999999999985	25.434
71	42	1	176.5409181636727	82.7744510978044
71	43	1	31.898000000000003	112.18399999999997
71	44	1	42.02594810379242	99.91616766467062
71	45	1	5.913999999999995	191.90999999999994
72	1	2	5.115702479338843	5.400826446280992
72	2	2	5.110169491525425	45.39830508474574
72	3	2	5.251028806584367	86.4979423868313
72	4	2	5.036000000000001	124.94399999999997
72	5	2	4.9999999999999964	165.00000000000009
72	6	2	44.988	5.104000000000002
72	7	2	45.40400000000003	45.13199999999998
72	8	2	45.12295081967211	84.8770491803279
72	9	2	45.132	125.40399999999994
72	10	2	45.502008032128465	164.32931726907637
72	11	2	84.99999999999997	5.000000000000002
72	12	2	83.71600000000002	44.44800000000001
72	13	2	85.01200000000003	85.10400000000001
72	14	2	84.988	124.89599999999994
72	15	2	84.99999999999997	164.99999999999991
72	16	2	125.07199999999999	4.939999999999999
72	17	2	125.12400000000005	45.00400000000004
72	18	2	125.05599999999998	84.97199999999994
72	19	2	124.828	124.97199999999997
72	20	2	125.148	165.03999999999996
72	21	2	164.99999999999994	5.000000000000002
72	22	2	164.99999999999994	45.00000000000002
72	23	2	164.36864406779657	84.7330508474576
72	24	2	164.86000000000004	125.01200000000001
72	25	2	165.33600000000004	165.10799999999998
72	26	1	178.6766467065867	19.32534930139723
72	27	1	158.9820359281438	142.7964071856289
72	28	1	26.71799999999997	38.28999999999996
72	29	1	182.80239520958074	43.6966067864271
72	30	1	86.42115768463067	143.20159680638716
72	31	1	0.6240000000000041	72.5020000000001
72	32	1	14.086000000000002	65.796
72	33	1	97.68263473053894	47.18762475049903
72	34	1	191.242	95.36800000000005
72	35	1	86.23400000000001	182.93600000000004
72	36	1	35.54890219560876	177.80039920159678
72	37	1	28.708582834331352	59.99001996007988
72	38	1	42.994011976047865	68.49700598802407
72	39	1	130.45309381237513	150.0019960079841
72	40	1	196.9402390438247	25.637450199203194
72	41	1	19.3386454183267	25.37649402390437
72	42	1	176.61000000000007	82.85600000000005
72	43	1	31.916167664670656	112.1696606786427
72	44	1	42.08799999999998	99.92600000000006
72	45	1	5.888000000000005	191.99200000000008
73	1	2	5.115702479338843	5.400826446280992
73	2	2	5.110169491525425	45.39830508474574
73	3	2	5.251028806584367	86.4979423868313
73	4	2	5.036000000000001	124.94399999999997
73	5	2	4.9999999999999964	165.00000000000009
73	6	2	44.988	5.104000000000002
73	7	2	45.40400000000003	45.13199999999998
73	8	2	45.12295081967211	84.8770491803279
73	9	2	45.132	125.40399999999994
73	10	2	45.502008032128465	164.32931726907637
73	11	2	84.99999999999997	5.000000000000002
73	12	2	83.71600000000002	44.44800000000001
73	13	2	85.01200000000003	85.10400000000001
73	14	2	84.988	124.89599999999994
73	15	2	84.99999999999997	164.99999999999991
73	16	2	125.07199999999999	4.939999999999999
73	17	2	125.12400000000005	45.00400000000004
73	18	2	125.05599999999998	84.97199999999994
73	19	2	124.828	124.97199999999997
73	20	2	125.148	165.03999999999996
73	21	2	164.99999999999994	5.000000000000002
73	22	2	164.99999999999994	45.00000000000002
73	23	2	164.36864406779657	84.7330508474576
73	24	2	164.86000000000004	125.01200000000001
73	25	2	165.33600000000004	165.10799999999998
73	26	1	178.6686626746507	19.36526946107787
73	27	1	158.97799999999992	142.65600000000006
73	28	1	26.736526946107794	38.22754491017963
73	29	1	182.82600000000014	43.71399999999998
73	30	1	86.4759999999999	143.14600000000007
73	31	1	0.6820000000000009	72.53199999999997
73	32	1	14.062000000000005	65.65600000000003
73	33	1	97.68600000000013	47.11400000000003
73	34	1	191.28056112224448	95.43687374749506
73	35	1	86.14770459081838	182.87025948103798
73	36	1	35.44999999999999	177.85999999999996
73	37	1	28.82600000000002	60.016000000000005
73	38	1	42.998000000000026	68.46799999999996
73	39	1	130.38323353293418	150.02794411177663
73	40	1	196.82669322709162	25.735059760956165
73	41	1	19.22954091816367	25.38722554890218
73	42	1	176.73053892215566	82.89021956087824
73	43	1	31.872	112.17199999999997
73	44	1	42.12175648702594	99.97005988023949
73	45	1	5.793587174348698	192.11422845691393
74	1	2	5.115702479338843	5.400826446280992
74	2	2	5.110169491525425	45.39830508474574
74	3	2	5.251028806584367	86.4979423868313
74	4	2	5.036000000000001	124.94399999999997
74	5	2	4.9999999999999964	165.00000000000009
74	6	2	44.988	5.104000000000002
74	7	2	45.40400000000003	45.13199999999998
74	8	2	45.12295081967211	84.8770491803279
74	9	2	45.132	125.40399999999994
74	10	2	45.502008032128465	164.32931726907637
74	11	2	84.99999999999997	5.000000000000002
74	12	2	83.71600000000002	44.44800000000001
74	13	2	85.01200000000003	85.10400000000001
74	14	2	84.988	124.89599999999994
74	15	2	84.99999999999997	164.99999999999991
74	16	2	125.07199999999999	4.939999999999999
74	17	2	125.12400000000005	45.00400000000004
74	18	2	125.05599999999998	84.97199999999994
74	19	2	124.828	124.97199999999997
74	20	2	125.148	165.03999999999996
74	21	2	164.99999999999994	5.000000000000002
74	22	2	164.99999999999994	45.00000000000002
74	23	2	164.36864406779657	84.7330508474576
74	24	2	164.86000000000004	125.01200000000001
74	25	2	165.33600000000004	165.10799999999998
74	26	1	178.66799999999995	19.347999999999995
74	27	1	158.91816367265474	142.58483033932146
74	28	1	26.68200000000002	38.17799999999997
74	29	1	182.76846307385225	43.62674650698602
74	30	1	86.4231536926148	143.2395209580837
74	31	1	0.6820000000000009	72.53199999999997
74	32	1	14.07385229540918	65.63672654690622
74	33	1	97.5920000000001	47.16999999999997
74	34	1	191.246	95.5
74	35	1	86.09999999999998	182.83600000000013
74	36	1	35.463999999999956	177.9419999999999
74	37	1	28.816	59.96199999999994
74	38	1	43.00199600798404	68.38922155688624
74	39	1	130.4670658682635	150.0499001996007
74	40	1	196.688	25.77600000000001
74	41	1	19.027944111776463	25.41916167664672
74	42	1	176.77800000000002	82.87799999999997
74	43	1	31.966067864271437	112.15968063872242
74	44	1	42.18762475049897	99.93812375249497
74	45	1	5.786	192.1339999999999
75	1	2	5.115702479338843	5.400826446280992
75	2	2	5.110169491525425	45.39830508474574
75	3	2	5.251028806584367	86.4979423868313
75	4	2	5.036000000000001	124.94399999999997
75	5	2	4.9999999999999964	165.00000000000009
75	6	2	44.988	5.104000000000002
75	7	2	45.40400000000003	45.13199999999998
75	8	2	45.12295081967211	84.8770491803279
75	9	2	45.132	125.40399999999994
75	10	2	45.502008032128465	164.32931726907637
75	11	2	84.99999999999997	5.000000000000002
75	12	2	83.71600000000002	44.44800000000001
75	13	2	85.01200000000003	85.10400000000001
75	14	2	84.988	124.89599999999994
75	15	2	84.99999999999997	164.99999999999991
75	16	2	125.07199999999999	4.939999999999999
75	17	2	125.12400000000005	45.00400000000004
75	18	2	125.05599999999998	84.97199999999994
75	19	2	124.828	124.97199999999997
75	20	2	125.148	165.03999999999996
75	21	2	164.99999999999994	5.000000000000002
75	22	2	164.99999999999994	45.00000000000002
75	23	2	164.36864406779657	84.7330508474576
75	24	2	164.86000000000004	125.01200000000001
75	25	2	165.33600000000004	165.10799999999998
75	26	1	178.678642714571	19.343313373253498
75	27	1	158.82035928143722	142.55289421157678
75	28	1	26.678	38.214000000000006
75	29	1	182.81400000000016	43.69600000000004
75	30	1	86.39321357285425	143.28542914171663
75	31	1	0.7160000000000039	72.56200000000001
75	32	1	14.119760479041926	65.6586826347306
75	33	1	97.52000000000012	47.191999999999986
75	34	1	191.29740518962075	95.51097804391205
75	35	1	85.99001996007993	182.78642714570864
75	36	1	35.648702594810366	178.0898203592815
75	37	1	28.884000000000004	59.87000000000005
75	38	1	43.12375249500998	68.38323353293417
75	39	1	130.47600000000006	149.99799999999996
75	40	1	196.5988023952096	25.86027944111778
75	41	1	18.958000000000006	25.432
75	42	1	176.82399999999987	82.87200000000001
75	43	1	32.07385229540918	112.1377245508982
75	44	1	42.2064128256513	99.8617234468937
75	45	1	5.75	192.28200000000007
76	1	2	5.115702479338843	5.400826446280992
76	2	2	5.110169491525425	45.39830508474574
76	3	2	5.251028806584367	86.4979423868313
76	4	2	5.036000000000001	124.94399999999997
76	5	2	4.9999999999999964	165.00000000000009
76	6	2	44.988	5.104000000000002
76	7	2	45.40400000000003	45.13199999999998
76	8	2	45.12295081967211	84.8770491803279
76	9	2	45.132	125.40399999999994
76	10	2	45.502008032128465	164.32931726907637
76	11	2	84.99999999999997	5.000000000000002
76	12	2	83.71600000000002	44.44800000000001
76	13	2	85.01200000000003	85.10400000000001
76	14	2	84.988	124.89599999999994
76	15	2	84.99999999999997	164.99999999999991
76	16	2	125.07199999999999	4.939999999999999
76	17	2	125.12400000000005	45.00400000000004
76	18	2	125.05599999999998	84.97199999999994
76	19	2	124.828	124.97199999999997
76	20	2	125.148	165.03999999999996
76	21	2	164.99999999999994	5.000000000000002
76	22	2	164.99999999999994	45.00000000000002
76	23	2	164.36864406779657	84.7330508474576
76	24	2	164.86000000000004	125.01200000000001
76	25	2	165.33600000000004	165.10799999999998
76	26	1	178.680638722555	19.297405189620754
76	27	1	158.76447105788412	142.4131736526945
76	28	1	26.632734530938126	38.14371257485034
76	29	1	182.82634730538942	43.662674650698605
76	30	1	86.46107784431129	143.28742514970085
76	31	1	0.7460000000000004	72.57200000000003
76	32	1	14.147704590818368	65.65668662674649
76	33	1	97.45508982035926	47.18762475049898
76	34	1	191.28	95.47799999999997
76	35	1	86.04999999999994	182.78599999999986
76	36	1	35.6593625498008	178.18725099601568
76	37	1	28.972055888223544	59.86626746506987
76	38	1	43.08600000000003	68.45400000000004
76	39	1	130.44710578842324	150.02395209580834
76	40	1	196.55	25.876000000000005
76	41	1	19.00000000000001	25.405189620758485
76	42	1	176.8400000000001	82.76600000000003
76	43	1	32.07370517928288	112.13147410358566
76	44	1	42.28600000000001	99.85400000000001
76	45	1	5.812375249501	192.29740518962086
77	1	2	5.115702479338843	5.400826446280992
77	2	2	5.110169491525425	45.39830508474574
77	3	2	5.251028806584367	86.4979423868313
77	4	2	5.036000000000001	124.94399999999997
77	5	2	4.9999999999999964	165.00000000000009
77	6	2	44.988	5.104000000000002
77	7	2	45.40400000000003	45.13199999999998
77	8	2	45.12295081967211	84.8770491803279
77	9	2	45.132	125.40399999999994
77	10	2	45.502008032128465	164.32931726907637
77	11	2	84.99999999999997	5.000000000000002
77	12	2	83.71600000000002	44.44800000000001
77	13	2	85.01200000000003	85.10400000000001
77	14	2	84.988	124.89599999999994
77	15	2	84.99999999999997	164.99999999999991
77	16	2	125.07199999999999	4.939999999999999
77	17	2	125.12400000000005	45.00400000000004
77	18	2	125.05599999999998	84.97199999999994
77	19	2	124.828	124.97199999999997
77	20	2	125.148	165.03999999999996
77	21	2	164.99999999999994	5.000000000000002
77	22	2	164.99999999999994	45.00000000000002
77	23	2	164.36864406779657	84.7330508474576
77	24	2	164.86000000000004	125.01200000000001
77	25	2	165.33600000000004	165.10799999999998
77	26	1	178.81399999999996	19.210000000000004
77	27	1	158.83033932135737	142.37924151696598
77	28	1	26.625999999999994	38.13199999999998
77	29	1	182.80000000000018	43.593999999999966
77	30	1	86.47105788423139	143.44510978043917
77	31	1	0.8060000000000003	72.56800000000005
77	32	1	14.168000000000003	65.50399999999998
77	33	1	97.4119999999999	47.35199999999998
77	34	1	191.36127744510978	95.55489021956093
77	35	1	85.97399999999995	182.67000000000002
77	36	1	35.690000000000005	178.29400000000007
77	37	1	29.026052104208414	59.837675350701424
77	38	1	43.0459081836327	68.49301397205585
77	39	1	130.46400000000008	150.05399999999986
77	40	1	196.43912175648703	25.954091816367264
77	41	1	18.90019960079839	25.387225548902187
77	42	1	176.90199999999984	82.7960000000001
77	43	1	32.157684630738515	112.08383233532938
77	44	1	42.24999999999997	99.84199999999994
77	45	1	5.890000000000004	192.25200000000018
78	1	2	5.115702479338843	5.400826446280992
78	2	2	5.110169491525425	45.39830508474574
78	3	2	5.251028806584367	86.4979423868313
78	4	2	5.036000000000001	124.94399999999997
78	5	2	4.9999999999999964	165.00000000000009
78	6	2	44.988	5.104000000000002
78	7	2	45.40400000000003	45.13199999999998
78	8	2	45.12295081967211	84.8770491803279
78	9	2	45.132	125.40399999999994
78	10	2	45.502008032128465	164.32931726907637
78	11	2	84.99999999999997	5.000000000000002
78	12	2	83.71600000000002	44.44800000000001
78	13	2	85.01200000000003	85.10400000000001
78	14	2	84.988	124.89599999999994
78	15	2	84.99999999999997	164.99999999999991
78	16	2	125.07199999999999	4.939999999999999
78	17	2	125.12400000000005	45.00400000000004
78	18	2	125.05599999999998	84.97199999999994
78	19	2	124.828	124.97199999999997
78	20	2	125.148	165.03999999999996
78	21	2	164.99999999999994	5.000000000000002
78	22	2	164.99999999999994	45.00000000000002
78	23	2	164.36864406779657	84.7330508474576
78	24	2	164.86000000000004	125.01200000000001
78	25	2	165.33600000000004	165.10799999999998
78	26	1	178.80999999999977	19.240000000000006
78	27	1	158.79199999999992	142.282
78	28	1	26.549999999999994	38.12799999999993
78	29	1	182.82200000000032	43.66399999999995
78	30	1	86.48902195608778	143.38123752495005
78	31	1	0.8179999999999985	72.54000000000002
78	32	1	14.170340681362717	65.4569138276553
78	33	1	97.35600000000008	47.34800000000002
78	34	1	191.44910179640718	95.63073852295416
78	35	1	85.81237524950092	182.56487025948113
78	36	1	35.67465069860281	178.28742514970045
78	37	1	29.096000000000004	59.918
78	38	1	43.10000000000003	68.45399999999985
78	39	1	130.47504990019954	149.9940119760479
78	40	1	196.374	26.07599999999999
78	41	1	18.94211576846308	25.371257485029926
78	42	1	176.938123752495	82.90019960079844
78	43	1	32.11377245508983	112.08183632734531
78	44	1	42.243512974051896	99.78642714570849
78	45	1	6.0578842315369235	192.2055888223553
79	1	2	5.115702479338843	5.400826446280992
79	2	2	5.110169491525425	45.39830508474574
79	3	2	5.251028806584367	86.4979423868313
79	4	2	5.036000000000001	124.94399999999997
79	5	2	4.9999999999999964	165.00000000000009
79	6	2	44.988	5.104000000000002
79	7	2	45.40400000000003	45.13199999999998
79	8	2	45.12295081967211	84.8770491803279
79	9	2	45.132	125.40399999999994
79	10	2	45.502008032128465	164.32931726907637
79	11	2	84.99999999999997	5.000000000000002
79	12	2	83.71600000000002	44.44800000000001
79	13	2	85.01200000000003	85.10400000000001
79	14	2	84.988	124.89599999999994
79	15	2	84.99999999999997	164.99999999999991
79	16	2	125.07199999999999	4.939999999999999
79	17	2	125.12400000000005	45.00400000000004
79	18	2	125.05599999999998	84.97199999999994
79	19	2	124.828	124.97199999999997
79	20	2	125.148	165.03999999999996
79	21	2	164.99999999999994	5.000000000000002
79	22	2	164.99999999999994	45.00000000000002
79	23	2	164.36864406779657	84.7330508474576
79	24	2	164.86000000000004	125.01200000000001
79	25	2	165.33600000000004	165.10799999999998
79	26	1	178.80239520958074	19.255489021956098
79	27	1	158.84600000000032	142.14400000000012
79	28	1	26.5	38.129999999999995
79	29	1	182.8263473053893	43.7485029940119
79	30	1	86.5169660678642	143.33732534930144
79	31	1	0.8120000000000029	72.55400000000009
79	32	1	14.170000000000002	65.44799999999995
79	33	1	97.31399999999992	47.37400000000001
79	34	1	191.436	95.61400000000009
79	35	1	85.66400000000004	182.4720000000001
79	36	1	35.81000000000001	178.44200000000004
79	37	1	29.097999999999995	59.952
79	38	1	43.10000000000003	68.45399999999985
79	39	1	130.47808764940226	149.97211155378488
79	40	1	196.34730538922156	26.079840319361296
79	41	1	18.936000000000003	25.32400000000001
79	42	1	176.968	82.87599999999998
79	43	1	32.18562874251498	112.14171656686625
79	44	1	42.16199999999997	99.77199999999996
79	45	1	6.05399999999999	192.22200000000004
80	1	2	5.115702479338843	5.400826446280992
80	2	2	5.110169491525425	45.39830508474574
80	3	2	5.251028806584367	86.4979423868313
80	4	2	5.036000000000001	124.94399999999997
80	5	2	4.9999999999999964	165.00000000000009
80	6	2	44.988	5.104000000000002
80	7	2	45.40400000000003	45.13199999999998
80	8	2	45.12295081967211	84.8770491803279
80	9	2	45.132	125.40399999999994
80	10	2	45.502008032128465	164.32931726907637
80	11	2	84.99999999999997	5.000000000000002
80	12	2	83.71600000000002	44.44800000000001
80	13	2	85.01200000000003	85.10400000000001
80	14	2	84.988	124.89599999999994
80	15	2	84.99999999999997	164.99999999999991
80	16	2	125.07199999999999	4.939999999999999
80	17	2	125.12400000000005	45.00400000000004
80	18	2	125.05599999999998	84.97199999999994
80	19	2	124.828	124.97199999999997
80	20	2	125.148	165.03999999999996
80	21	2	164.99999999999994	5.000000000000002
80	22	2	164.99999999999994	45.00000000000002
80	23	2	164.36864406779657	84.7330508474576
80	24	2	164.86000000000004	125.01200000000001
80	25	2	165.33600000000004	165.10799999999998
80	26	1	178.8143712574851	19.23752495009982
80	27	1	158.90019960079835	142.14970059880255
80	28	1	26.464000000000002	38.12799999999994
80	29	1	182.85800000000012	43.72599999999998
80	30	1	86.56087824351299	143.3473053892216
80	31	1	0.7679999999999998	72.51800000000006
80	32	1	14.219560878243513	65.46107784431135
80	33	1	97.21000000000005	47.346
80	34	1	191.466	95.64399999999999
80	35	1	85.56599999999992	182.37199999999996
80	36	1	35.89221556886226	178.60878243512977
80	37	1	29.14629258517035	59.91783567134272
80	38	1	43.14799999999995	68.39799999999994
80	39	1	130.564870259481	149.95409181636728
80	40	1	196.318	26.074000000000012
80	41	1	18.882	25.30400000000001
80	42	1	176.99600798403202	82.89021956087834
80	43	1	32.11976047904192	111.99600798403193
80	44	1	42.17764471057881	99.72854291417168
80	45	1	6.0959999999999965	192.22199999999992
81	1	2	5.115702479338843	5.400826446280992
81	2	2	5.110169491525425	45.39830508474574
81	3	2	5.251028806584367	86.4979423868313
81	4	2	5.036000000000001	124.94399999999997
81	5	2	4.9999999999999964	165.00000000000009
81	6	2	44.988	5.104000000000002
81	7	2	45.40400000000003	45.13199999999998
81	8	2	45.12295081967211	84.8770491803279
81	9	2	45.132	125.40399999999994
81	10	2	45.502008032128465	164.32931726907637
81	11	2	84.99999999999997	5.000000000000002
81	12	2	83.71600000000002	44.44800000000001
81	13	2	85.01200000000003	85.10400000000001
81	14	2	84.988	124.89599999999994
81	15	2	84.99999999999997	164.99999999999991
81	16	2	125.07199999999999	4.939999999999999
81	17	2	125.12400000000005	45.00400000000004
81	18	2	125.05599999999998	84.97199999999994
81	19	2	124.828	124.97199999999997
81	20	2	125.148	165.03999999999996
81	21	2	164.99999999999994	5.000000000000002
81	22	2	164.99999999999994	45.00000000000002
81	23	2	164.36864406779657	84.7330508474576
81	24	2	164.86000000000004	125.01200000000001
81	25	2	165.33600000000004	165.10799999999998
81	26	1	178.72055888223548	19.285429141716556
81	27	1	158.93399999999997	142.038
81	28	1	26.505999999999986	38.09200000000003
81	29	1	182.98003992015967	43.888223552894225
81	30	1	86.61477045908183	143.3612774451099
81	31	1	0.794411177644713	72.52894211576849
81	32	1	14.27	65.4
81	33	1	97.17199999999997	47.39200000000001
81	34	1	191.40881763527054	95.67935871743481
81	35	1	85.5808383233532	182.09181636726547
81	36	1	35.846307385229565	178.558882235529
81	37	1	29.21756487025949	59.82235528942114
81	38	1	43.24600000000001	68.438
81	39	1	130.59680638722557	149.9481037924152
81	40	1	196.21756487025948	26.101796407185628
81	41	1	18.89399999999998	25.27600000000002
81	42	1	177.02195608782438	82.96407185628742
81	43	1	32.156	111.93400000000008
81	44	1	42.36199999999996	99.72000000000004
81	45	1	6.03393213572853	192.33333333333334
82	1	2	5.115702479338843	5.400826446280992
82	2	2	5.110169491525425	45.39830508474574
82	3	2	5.251028806584367	86.4979423868313
82	4	2	5.036000000000001	124.94399999999997
82	5	2	4.9999999999999964	165.00000000000009
82	6	2	44.988	5.104000000000002
82	7	2	45.40400000000003	45.13199999999998
82	8	2	45.12295081967211	84.8770491803279
82	9	2	45.132	125.40399999999994
82	10	2	45.502008032128465	164.32931726907637
82	11	2	84.99999999999997	5.000000000000002
82	12	2	83.71600000000002	44.44800000000001
82	13	2	85.01200000000003	85.10400000000001
82	14	2	84.988	124.89599999999994
82	15	2	84.99999999999997	164.99999999999991
82	16	2	125.07199999999999	4.939999999999999
82	17	2	125.12400000000005	45.00400000000004
82	18	2	125.05599999999998	84.97199999999994
82	19	2	124.828	124.97199999999997
82	20	2	125.148	165.03999999999996
82	21	2	164.99999999999994	5.000000000000002
82	22	2	164.99999999999994	45.00000000000002
82	23	2	164.36864406779657	84.7330508474576
82	24	2	164.86000000000004	125.01200000000001
82	25	2	165.33600000000004	165.10799999999998
82	26	1	178.83199999999988	19.32
82	27	1	158.8299999999999	142.03200000000004
82	28	1	26.56400000000001	38.01799999999997
82	29	1	182.97999999999982	43.89399999999998
82	30	1	86.6506986027944	143.3173652694612
82	31	1	0.7174348697394799	72.45490981963937
82	32	1	14.257485029940113	65.29740518962073
82	33	1	97.20000000000003	47.436000000000014
82	34	1	191.48	95.74599999999994
82	35	1	85.59481037924148	181.9281437125748
82	36	1	35.81836327345307	178.50099800399212
82	37	1	29.292	59.662000000000006
82	38	1	43.21800000000001	68.48199999999999
82	39	1	130.69	149.99399999999977
82	40	1	196.07784431137725	26.063872255489024
82	41	1	18.764000000000014	25.25000000000003
82	42	1	177.01199999999992	83.08999999999999
82	43	1	32.11177644710575	111.99201596806387
82	44	1	42.343313373253466	99.72455089820363
82	45	1	6.073999999999997	192.3899999999999
83	1	2	5.115702479338843	5.400826446280992
83	2	2	5.110169491525425	45.39830508474574
83	3	2	5.251028806584367	86.4979423868313
83	4	2	5.036000000000001	124.94399999999997
83	5	2	4.9999999999999964	165.00000000000009
83	6	2	44.988	5.104000000000002
83	7	2	45.40400000000003	45.13199999999998
83	8	2	45.12295081967211	84.8770491803279
83	9	2	45.132	125.40399999999994
83	10	2	45.502008032128465	164.32931726907637
83	11	2	84.99999999999997	5.000000000000002
83	12	2	83.71600000000002	44.44800000000001
83	13	2	85.01200000000003	85.10400000000001
83	14	2	84.988	124.89599999999994
83	15	2	84.99999999999997	164.99999999999991
83	16	2	125.07199999999999	4.939999999999999
83	17	2	125.12400000000005	45.00400000000004
83	18	2	125.05599999999998	84.97199999999994
83	19	2	124.828	124.97199999999997
83	20	2	125.148	165.03999999999996
83	21	2	164.99999999999994	5.000000000000002
83	22	2	164.99999999999994	45.00000000000002
83	23	2	164.36864406779657	84.7330508474576
83	24	2	164.86000000000004	125.01200000000001
83	25	2	165.33600000000004	165.10799999999998
83	26	1	178.78200000000015	19.197999999999986
83	27	1	158.869739478958	141.9739478957915
83	28	1	26.616	37.994
83	29	1	182.94223107569724	43.902390438247
83	30	1	86.79880478087644	143.31872509960152
83	31	1	0.7199999999999976	72.43000000000002
83	32	1	14.295409181636716	65.31736526946113
83	33	1	97.18837675350699	47.51503006012018
83	34	1	191.5508982035928	95.874251497006
83	35	1	85.54491017964081	181.85029940119767
83	36	1	35.893999999999984	178.51999999999987
83	37	1	29.323353293413177	59.594810379241494
83	38	1	43.326	68.42400000000005
83	39	1	130.70658682634743	149.91217564870263
83	40	1	195.9441117764471	26.143712574850294
83	41	1	18.698602794411183	25.233532934131745
83	42	1	177.04999999999998	83.09000000000003
83	43	1	32.167664670658674	111.95209580838326
83	44	1	42.296	99.68999999999993
83	45	1	6.057884231536923	192.42315369261473
84	1	2	5.115702479338843	5.400826446280992
84	2	2	5.110169491525425	45.39830508474574
84	3	2	5.251028806584367	86.4979423868313
84	4	2	5.036000000000001	124.94399999999997
84	5	2	4.9999999999999964	165.00000000000009
84	6	2	44.988	5.104000000000002
84	7	2	45.40400000000003	45.13199999999998
84	8	2	45.12295081967211	84.8770491803279
84	9	2	45.132	125.40399999999994
84	10	2	45.502008032128465	164.32931726907637
84	11	2	84.99999999999997	5.000000000000002
84	12	2	83.71600000000002	44.44800000000001
84	13	2	85.01200000000003	85.10400000000001
84	14	2	84.988	124.89599999999994
84	15	2	84.99999999999997	164.99999999999991
84	16	2	125.07199999999999	4.939999999999999
84	17	2	125.12400000000005	45.00400000000004
84	18	2	125.05599999999998	84.97199999999994
84	19	2	124.828	124.97199999999997
84	20	2	125.148	165.03999999999996
84	21	2	164.99999999999994	5.000000000000002
84	22	2	164.99999999999994	45.00000000000002
84	23	2	164.36864406779657	84.7330508474576
84	24	2	164.86000000000004	125.01200000000001
84	25	2	165.33600000000004	165.10799999999998
84	26	1	178.78799999999993	19.208000000000006
84	27	1	158.87600000000015	141.926
84	28	1	26.586826347305365	37.94610778443116
84	29	1	182.90818363273465	43.87824351297405
84	30	1	86.82634730538938	143.2295409181638
84	31	1	0.8140000000000053	72.40199999999993
84	32	1	14.240480961923861	65.22645290581164
84	33	1	97.17764471057885	47.46706586826351
84	34	1	191.592	95.83600000000006
84	35	1	85.45200000000006	181.8179999999999
84	36	1	35.999999999999986	178.52495009980044
84	37	1	29.399201596806407	59.49500998003995
84	38	1	43.274	68.45399999999994
84	39	1	130.79441117764472	149.93413173652684
84	40	1	195.87575150300603	26.214428857715415
84	41	1	18.62075848303393	25.1497005988024
84	42	1	177.0778443113771	83.18962075848306
84	43	1	32.02994011976048	111.936127744511
84	44	1	42.29540918163672	99.65269461077837
84	45	1	6.093812375249497	192.44311377245498
85	1	2	5.115702479338843	5.400826446280992
85	2	2	5.110169491525425	45.39830508474574
85	3	2	5.251028806584367	86.4979423868313
85	4	2	5.036000000000001	124.94399999999997
85	5	2	4.9999999999999964	165.00000000000009
85	6	2	44.988	5.104000000000002
85	7	2	45.40400000000003	45.13199999999998
85	8	2	45.12295081967211	84.8770491803279
85	9	2	45.132	125.40399999999994
85	10	2	45.502008032128465	164.32931726907637
85	11	2	84.99999999999997	5.000000000000002
85	12	2	83.71600000000002	44.44800000000001
85	13	2	85.01200000000003	85.10400000000001
85	14	2	84.988	124.89599999999994
85	15	2	84.99999999999997	164.99999999999991
85	16	2	125.07199999999999	4.939999999999999
85	17	2	125.12400000000005	45.00400000000004
85	18	2	125.05599999999998	84.97199999999994
85	19	2	124.828	124.97199999999997
85	20	2	125.148	165.03999999999996
85	21	2	164.99999999999994	5.000000000000002
85	22	2	164.99999999999994	45.00000000000002
85	23	2	164.36864406779657	84.7330508474576
85	24	2	164.86000000000004	125.01200000000001
85	25	2	165.33600000000004	165.10799999999998
85	26	1	178.80838323353274	19.2315369261477
85	27	1	158.89600000000002	141.92399999999995
85	28	1	26.632000000000016	37.92799999999999
85	29	1	182.928	44.00000000000002
85	30	1	86.87425149700591	143.2455089820359
85	31	1	0.7879999999999996	72.35
85	32	1	14.325999999999992	65.33799999999995
85	33	1	97.20399999999998	47.494000000000014
85	34	1	191.688	95.95000000000002
85	35	1	85.40400000000001	181.8059999999999
85	36	1	35.95399999999997	178.49399999999991
85	37	1	29.367999999999988	59.297999999999995
85	38	1	43.36199999999995	68.40800000000013
85	39	1	130.95209580838318	149.8283433133732
85	40	1	195.822	26.23799999999997
85	41	1	18.51800000000002	25.106000000000005
85	42	1	177.07400000000013	83.31600000000005
85	43	1	32.038000000000004	111.85200000000003
85	44	1	42.33599999999996	99.54600000000003
85	45	1	6.090000000000006	192.48000000000008
86	1	2	5.115702479338843	5.400826446280992
86	2	2	5.110169491525425	45.39830508474574
86	3	2	5.251028806584367	86.4979423868313
86	4	2	5.036000000000001	124.94399999999997
86	5	2	4.9999999999999964	165.00000000000009
86	6	2	44.988	5.104000000000002
86	7	2	45.40400000000003	45.13199999999998
86	8	2	45.12295081967211	84.8770491803279
86	9	2	45.132	125.40399999999994
86	10	2	45.502008032128465	164.32931726907637
86	11	2	84.99999999999997	5.000000000000002
86	12	2	83.71600000000002	44.44800000000001
86	13	2	85.01200000000003	85.10400000000001
86	14	2	84.988	124.89599999999994
86	15	2	84.99999999999997	164.99999999999991
86	16	2	125.07199999999999	4.939999999999999
86	17	2	125.12400000000005	45.00400000000004
86	18	2	125.05599999999998	84.97199999999994
86	19	2	124.828	124.97199999999997
86	20	2	125.148	165.03999999999996
86	21	2	164.99999999999994	5.000000000000002
86	22	2	164.99999999999994	45.00000000000002
86	23	2	164.36864406779657	84.7330508474576
86	24	2	164.86000000000004	125.01200000000001
86	25	2	165.33600000000004	165.10799999999998
86	26	1	178.79241516966067	19.283433133732537
86	27	1	158.86027944111777	141.89620758483053
86	28	1	26.676646706586805	37.874251497006
86	29	1	182.85999999999999	43.97999999999996
86	30	1	86.90618762475042	143.2315369261475
86	31	1	0.8479999999999979	72.42
86	32	1	14.237524950099804	65.23552894211576
86	33	1	97.22355289421169	47.477045908183605
86	34	1	191.674	95.97999999999995
86	35	1	85.19361277445101	181.71457085828334
86	36	1	35.976000000000006	178.56400000000005
86	37	1	29.376000000000005	59.26000000000001
86	38	1	43.399201596806385	68.30938123752497
86	39	1	131.14171656686625	149.81836327345317
86	40	1	195.73547094188376	26.28056112224449
86	41	1	18.407185628742525	25.039920159680644
86	42	1	177.01397205588816	83.36327345309373
86	43	1	31.994	111.78000000000002
86	44	1	42.334669338677394	99.50501002004006
86	45	1	6.167999999999999	192.50199999999992
87	1	2	5.115702479338843	5.400826446280992
87	2	2	5.110169491525425	45.39830508474574
87	3	2	5.251028806584367	86.4979423868313
87	4	2	5.036000000000001	124.94399999999997
87	5	2	4.9999999999999964	165.00000000000009
87	6	2	44.988	5.104000000000002
87	7	2	45.40400000000003	45.13199999999998
87	8	2	45.12295081967211	84.8770491803279
87	9	2	45.132	125.40399999999994
87	10	2	45.502008032128465	164.32931726907637
87	11	2	84.99999999999997	5.000000000000002
87	12	2	83.71600000000002	44.44800000000001
87	13	2	85.01200000000003	85.10400000000001
87	14	2	84.988	124.89599999999994
87	15	2	84.99999999999997	164.99999999999991
87	16	2	125.07199999999999	4.939999999999999
87	17	2	125.12400000000005	45.00400000000004
87	18	2	125.05599999999998	84.97199999999994
87	19	2	124.828	124.97199999999997
87	20	2	125.148	165.03999999999996
87	21	2	164.99999999999994	5.000000000000002
87	22	2	164.99999999999994	45.00000000000002
87	23	2	164.36864406779657	84.7330508474576
87	24	2	164.86000000000004	125.01200000000001
87	25	2	165.33600000000004	165.10799999999998
87	26	1	178.8163672654689	19.2694610778443
87	27	1	158.86826347305376	141.94810379241525
87	28	1	26.728000000000012	37.81199999999999
87	29	1	182.7640000000001	44.02599999999997
87	30	1	86.97399999999996	143.11799999999997
87	31	1	0.7684630738522907	72.31337325349301
87	32	1	14.275449101796399	65.22554890219561
87	33	1	97.18599999999986	47.56800000000005
87	34	1	191.754	96.06000000000006
87	35	1	85.22155688622757	181.62475049900203
87	36	1	36.09580838323351	178.698602794411
87	37	1	29.33732534930138	59.23552894211577
87	38	1	43.38999999999999	68.276
87	39	1	131.15831663326642	149.79158316633254
87	40	1	195.70459081836327	26.379241516966058
87	41	1	18.400000000000013	25.01599999999998
87	42	1	177.08400000000017	83.45199999999996
87	43	1	31.966000000000005	111.72799999999995
87	44	1	42.361999999999966	99.52000000000001
87	45	1	6.339999999999999	192.4919999999999
88	1	2	5.115702479338843	5.400826446280992
88	2	2	5.110169491525425	45.39830508474574
88	3	2	5.251028806584367	86.4979423868313
88	4	2	5.036000000000001	124.94399999999997
88	5	2	4.9999999999999964	165.00000000000009
88	6	2	44.988	5.104000000000002
88	7	2	45.40400000000003	45.13199999999998
88	8	2	45.12295081967211	84.8770491803279
88	9	2	45.132	125.40399999999994
88	10	2	45.502008032128465	164.32931726907637
88	11	2	84.99999999999997	5.000000000000002
88	12	2	83.71600000000002	44.44800000000001
88	13	2	85.01200000000003	85.10400000000001
88	14	2	84.988	124.89599999999994
88	15	2	84.99999999999997	164.99999999999991
88	16	2	125.07199999999999	4.939999999999999
88	17	2	125.12400000000005	45.00400000000004
88	18	2	125.05599999999998	84.97199999999994
88	19	2	124.828	124.97199999999997
88	20	2	125.148	165.03999999999996
88	21	2	164.99999999999994	5.000000000000002
88	22	2	164.99999999999994	45.00000000000002
88	23	2	164.36864406779657	84.7330508474576
88	24	2	164.86000000000004	125.01200000000001
88	25	2	165.33600000000004	165.10799999999998
88	26	1	178.8443113772454	19.295409181636725
88	27	1	158.8502994011976	141.9021956087825
88	28	1	26.738000000000003	37.75400000000001
88	29	1	182.83233532934142	44.07185628742515
88	30	1	87.03393213572848	143.08782435129757
88	31	1	0.8343313373253515	72.36726546906188
88	32	1	14.242000000000003	65.13000000000002
88	33	1	97.17399999999996	47.63800000000001
88	34	1	191.846	96.45799999999991
88	35	1	85.22399999999996	181.6159999999999
88	36	1	36.052	178.63599999999997
88	37	1	29.321357285429144	59.175648702594806
88	38	1	43.40718562874252	68.2255489021956
88	39	1	131.3173652694611	149.77245508982034
88	40	1	195.7325349301397	26.371257485029957
88	41	1	18.422000000000004	24.881999999999987
88	42	1	177.21556886227546	83.57085828343308
88	43	1	31.933867735470923	111.72144288577161
88	44	1	42.33800000000004	99.51399999999997
88	45	1	6.435129740518961	192.47904191616766
89	1	2	5.115702479338843	5.400826446280992
89	2	2	5.110169491525425	45.39830508474574
89	3	2	5.251028806584367	86.4979423868313
89	4	2	5.036000000000001	124.94399999999997
89	5	2	4.9999999999999964	165.00000000000009
89	6	2	44.988	5.104000000000002
89	7	2	45.40400000000003	45.13199999999998
89	8	2	45.12295081967211	84.8770491803279
89	9	2	45.132	125.40399999999994
89	10	2	45.502008032128465	164.32931726907637
89	11	2	84.99999999999997	5.000000000000002
89	12	2	83.71600000000002	44.44800000000001
89	13	2	85.01200000000003	85.10400000000001
89	14	2	84.988	124.89599999999994
89	15	2	84.99999999999997	164.99999999999991
89	16	2	125.07199999999999	4.939999999999999
89	17	2	125.12400000000005	45.00400000000004
89	18	2	125.05599999999998	84.97199999999994
89	19	2	124.828	124.97199999999997
89	20	2	125.148	165.03999999999996
89	21	2	164.99999999999994	5.000000000000002
89	22	2	164.99999999999994	45.00000000000002
89	23	2	164.36864406779657	84.7330508474576
89	24	2	164.86000000000004	125.01200000000001
89	25	2	165.33600000000004	165.10799999999998
89	26	1	178.91217564870274	19.33133732534931
89	27	1	158.8559999999999	141.88000000000002
89	28	1	26.78842315369263	37.6686626746507
89	29	1	182.88622754491027	44.203592814371255
89	30	1	87.15568862275454	142.95608782435116
89	31	1	0.8840000000000008	72.36199999999998
89	32	1	14.294589178356706	65.06613226452909
89	33	1	97.1077844311376	47.710578842315314
89	34	1	191.914	96.57200000000003
89	35	1	85.09381237524948	181.6387225548903
89	36	1	36.1297405189621	178.7385229540921
89	37	1	29.35928143712575	59.117764471057896
89	38	1	43.408000000000015	68.21600000000001
89	39	1	131.36599999999996	149.77800000000016
89	40	1	195.67864271457086	26.39121756487024
89	41	1	18.31800000000001	24.76599999999999
89	42	1	177.31400000000014	83.65199999999996
89	43	1	32.032	111.8140000000001
89	44	1	42.34331337325352	99.36526946107787
89	45	1	6.590818363273452	192.37724550898193
90	1	2	5.115702479338843	5.400826446280992
90	2	2	5.110169491525425	45.39830508474574
90	3	2	5.251028806584367	86.4979423868313
90	4	2	5.036000000000001	124.94399999999997
90	5	2	4.9999999999999964	165.00000000000009
90	6	2	44.988	5.104000000000002
90	7	2	45.40400000000003	45.13199999999998
90	8	2	45.12295081967211	84.8770491803279
90	9	2	45.132	125.40399999999994
90	10	2	45.502008032128465	164.32931726907637
90	11	2	84.99999999999997	5.000000000000002
90	12	2	83.71600000000002	44.44800000000001
90	13	2	85.01200000000003	85.10400000000001
90	14	2	84.988	124.89599999999994
90	15	2	84.99999999999997	164.99999999999991
90	16	2	125.07199999999999	4.939999999999999
90	17	2	125.12400000000005	45.00400000000004
90	18	2	125.05599999999998	84.97199999999994
90	19	2	124.828	124.97199999999997
90	20	2	125.148	165.03999999999996
90	21	2	164.99999999999994	5.000000000000002
90	22	2	164.99999999999994	45.00000000000002
90	23	2	164.36864406779657	84.7330508474576
90	24	2	164.86000000000004	125.01200000000001
90	25	2	165.33600000000004	165.10799999999998
90	26	1	178.96400000000006	19.44599999999998
90	27	1	158.87400000000005	141.87200000000007
90	28	1	26.902390438247025	37.66135458167331
90	29	1	182.79399999999987	44.25399999999999
90	30	1	87.20199999999996	142.93600000000006
90	31	1	0.8759999999999999	72.38400000000004
90	32	1	14.239520958083828	65.00598802395217
90	33	1	96.96199999999999	47.72
90	34	1	192.00998003992015	96.7624750499002
90	35	1	84.96200000000002	181.742
90	36	1	36.157684630738515	178.7285429141716
90	37	1	29.361277445109792	59.079840319361224
90	38	1	43.40119760479042	68.28143712574844
90	39	1	131.39400000000003	149.70800000000008
90	40	1	195.6546906187625	26.45708582834332
90	41	1	18.263473053892216	24.73652694610779
90	42	1	177.38399999999996	83.77600000000001
90	43	1	31.952095808383238	111.77045908183628
90	44	1	42.36799999999998	99.388
90	45	1	6.562000000000005	192.45600000000002
91	1	2	5.115702479338843	5.400826446280992
91	2	2	5.110169491525425	45.39830508474574
91	3	2	5.251028806584367	86.4979423868313
91	4	2	5.036000000000001	124.94399999999997
91	5	2	4.9999999999999964	165.00000000000009
91	6	2	44.988	5.104000000000002
91	7	2	45.40400000000003	45.13199999999998
91	8	2	45.12295081967211	84.8770491803279
91	9	2	45.132	125.40399999999994
91	10	2	45.502008032128465	164.32931726907637
91	11	2	84.99999999999997	5.000000000000002
91	12	2	83.71600000000002	44.44800000000001
91	13	2	85.01200000000003	85.10400000000001
91	14	2	84.988	124.89599999999994
91	15	2	84.99999999999997	164.99999999999991
91	16	2	125.07199999999999	4.939999999999999
91	17	2	125.12400000000005	45.00400000000004
91	18	2	125.05599999999998	84.97199999999994
91	19	2	124.828	124.97199999999997
91	20	2	125.148	165.03999999999996
91	21	2	164.99999999999994	5.000000000000002
91	22	2	164.99999999999994	45.00000000000002
91	23	2	164.36864406779657	84.7330508474576
91	24	2	164.86000000000004	125.01200000000001
91	25	2	165.33600000000004	165.10799999999998
91	26	1	179.00599999999986	19.53399999999999
91	27	1	158.8922155688623	141.83632734530937
91	28	1	26.89620758483033	37.68063872255489
91	29	1	182.8039999999999	44.331999999999994
91	30	1	87.22355289421152	142.94411177644713
91	31	1	0.9221556886227533	72.39720558882233
91	32	1	14.288844621513931	65.0378486055777
91	33	1	96.84399999999987	47.76600000000003
91	34	1	192.00400801603206	96.88977955911834
91	35	1	84.89021956087814	181.77045908183632
91	36	1	36.17800000000001	178.65199999999984
91	37	1	29.35600000000002	58.978000000000016
91	38	1	43.44710578842319	68.26946107784433
91	39	1	131.4621513944222	149.67928286852577
91	40	1	195.71457085828342	26.39121756487025
91	41	1	18.288000000000007	24.66999999999999
91	42	1	177.51302605210427	83.85170340681364
91	43	1	31.91017964071856	111.68662674650703
91	44	1	42.48400000000003	99.34599999999999
91	45	1	6.604790419161679	192.43912175648703
92	1	2	5.115702479338843	5.400826446280992
92	2	2	5.110169491525425	45.39830508474574
92	3	2	5.251028806584367	86.4979423868313
92	4	2	5.036000000000001	124.94399999999997
92	5	2	4.9999999999999964	165.00000000000009
92	6	2	44.988	5.104000000000002
92	7	2	45.40400000000003	45.13199999999998
92	8	2	45.12295081967211	84.8770491803279
92	9	2	45.132	125.40399999999994
92	10	2	45.502008032128465	164.32931726907637
92	11	2	84.99999999999997	5.000000000000002
92	12	2	83.71600000000002	44.44800000000001
92	13	2	85.01200000000003	85.10400000000001
92	14	2	84.988	124.89599999999994
92	15	2	84.99999999999997	164.99999999999991
92	16	2	125.07199999999999	4.939999999999999
92	17	2	125.12400000000005	45.00400000000004
92	18	2	125.05599999999998	84.97199999999994
92	19	2	124.828	124.97199999999997
92	20	2	125.148	165.03999999999996
92	21	2	164.99999999999994	5.000000000000002
92	22	2	164.99999999999994	45.00000000000002
92	23	2	164.36864406779657	84.7330508474576
92	24	2	164.86000000000004	125.01200000000001
92	25	2	165.33600000000004	165.10799999999998
92	26	1	179.0519999999999	19.624000000000024
92	27	1	158.95000000000002	141.85800000000003
92	28	1	26.998003992015974	37.682634730538965
92	29	1	182.83033932135723	44.389221556886255
92	30	1	87.35728542914168	142.80638722554897
92	31	1	0.9840319361277461	72.40319361277444
92	32	1	14.347305389221557	65.05389221556881
92	33	1	96.78443113772461	47.99401197604795
92	34	1	192.118	97.28600000000004
92	35	1	84.9239999999999	181.722
92	36	1	36.13373253493013	178.62874251497018
92	37	1	29.422000000000015	58.90200000000002
92	38	1	43.44510978043914	68.31137724550891
92	39	1	131.50599999999994	149.64800000000002
92	40	1	195.77555110220442	26.40681362725451
92	41	1	18.26	24.66999999999999
92	42	1	177.68525896414351	83.77290836653385
92	43	1	31.918000000000006	111.62999999999994
92	44	1	42.552000000000014	99.32399999999997
92	45	1	6.598802395209581	192.41516966067863
93	1	2	5.115702479338843	5.400826446280992
93	2	2	5.110169491525425	45.39830508474574
93	3	2	5.251028806584367	86.4979423868313
93	4	2	5.036000000000001	124.94399999999997
93	5	2	4.9999999999999964	165.00000000000009
93	6	2	44.988	5.104000000000002
93	7	2	45.40400000000003	45.13199999999998
93	8	2	45.12295081967211	84.8770491803279
93	9	2	45.132	125.40399999999994
93	10	2	45.502008032128465	164.32931726907637
93	11	2	84.99999999999997	5.000000000000002
93	12	2	83.71600000000002	44.44800000000001
93	13	2	85.01200000000003	85.10400000000001
93	14	2	84.988	124.89599999999994
93	15	2	84.99999999999997	164.99999999999991
93	16	2	125.07199999999999	4.939999999999999
93	17	2	125.12400000000005	45.00400000000004
93	18	2	125.05599999999998	84.97199999999994
93	19	2	124.828	124.97199999999997
93	20	2	125.148	165.03999999999996
93	21	2	164.99999999999994	5.000000000000002
93	22	2	164.99999999999994	45.00000000000002
93	23	2	164.36864406779657	84.7330508474576
93	24	2	164.86000000000004	125.01200000000001
93	25	2	165.33600000000004	165.10799999999998
93	26	1	178.99600798403202	19.77644710578844
93	27	1	158.9380000000001	141.818
93	28	1	27.111776447105807	37.62475049900199
93	29	1	182.92015968063887	44.58882235528943
93	30	1	87.32734530938119	142.71856287425157
93	31	1	1.0159680638722537	72.34331337325351
93	32	1	14.496000000000008	65.13999999999997
93	33	1	96.72654690618764	48.05788423153693
93	34	1	192.18562874251498	97.31337325349305
93	35	1	84.9061876247505	181.83433133732532
93	36	1	36.23000000000002	178.67200000000003
93	37	1	29.445999999999987	58.802000000000014
93	38	1	43.43400000000002	68.28999999999994
93	39	1	131.6519999999999	149.598
93	40	1	195.63527054108218	26.468937875751504
93	41	1	18.093625498007963	24.58764940239047
93	42	1	177.74400000000009	83.85799999999993
93	43	1	31.877999999999986	111.61999999999996
93	44	1	42.53199999999993	99.30599999999993
93	45	1	6.603999999999997	192.39600000000007
94	1	2	5.115702479338843	5.400826446280992
94	2	2	5.110169491525425	45.39830508474574
94	3	2	5.251028806584367	86.4979423868313
94	4	2	5.036000000000001	124.94399999999997
94	5	2	4.9999999999999964	165.00000000000009
94	6	2	44.988	5.104000000000002
94	7	2	45.40400000000003	45.13199999999998
94	8	2	45.12295081967211	84.8770491803279
94	9	2	45.132	125.40399999999994
94	10	2	45.502008032128465	164.32931726907637
94	11	2	84.99999999999997	5.000000000000002
94	12	2	83.71600000000002	44.44800000000001
94	13	2	85.01200000000003	85.10400000000001
94	14	2	84.988	124.89599999999994
94	15	2	84.99999999999997	164.99999999999991
94	16	2	125.07199999999999	4.939999999999999
94	17	2	125.12400000000005	45.00400000000004
94	18	2	125.05599999999998	84.97199999999994
94	19	2	124.828	124.97199999999997
94	20	2	125.148	165.03999999999996
94	21	2	164.99999999999994	5.000000000000002
94	22	2	164.99999999999994	45.00000000000002
94	23	2	164.36864406779657	84.7330508474576
94	24	2	164.86000000000004	125.01200000000001
94	25	2	165.33600000000004	165.10799999999998
94	26	1	178.92814371257495	19.74850299401197
94	27	1	158.85628742514976	141.72055888223562
94	28	1	27.128000000000004	37.61400000000003
94	29	1	182.91599999999985	44.58199999999992
94	30	1	87.48303393213573	142.63672654690632
94	31	1	1.0439121756487009	72.35728542914167
94	32	1	14.465999999999998	65.10399999999998
94	33	1	96.66467065868265	48.101796407185596
94	34	1	192.334	97.51800000000007
94	35	1	84.86599999999993	181.7740000000001
94	36	1	36.3373253493014	178.70059880239526
94	37	1	29.43912175648704	58.7824351297405
94	38	1	43.43400000000002	68.28999999999994
94	39	1	131.7620000000001	149.50200000000007
94	40	1	195.60756972111554	26.472111553784853
94	41	1	18.12	24.54600000000002
94	42	1	177.92215568862264	83.92015968063873
94	43	1	31.848	111.65400000000004
94	44	1	42.49400000000001	99.27400000000002
94	45	1	6.69	192.32999999999996
95	1	2	5.115702479338843	5.400826446280992
95	2	2	5.110169491525425	45.39830508474574
95	3	2	5.251028806584367	86.4979423868313
95	4	2	5.036000000000001	124.94399999999997
95	5	2	4.9999999999999964	165.00000000000009
95	6	2	44.988	5.104000000000002
95	7	2	45.40400000000003	45.13199999999998
95	8	2	45.12295081967211	84.8770491803279
95	9	2	45.132	125.40399999999994
95	10	2	45.502008032128465	164.32931726907637
95	11	2	84.99999999999997	5.000000000000002
95	12	2	83.71600000000002	44.44800000000001
95	13	2	85.01200000000003	85.10400000000001
95	14	2	84.988	124.89599999999994
95	15	2	84.99999999999997	164.99999999999991
95	16	2	125.07199999999999	4.939999999999999
95	17	2	125.12400000000005	45.00400000000004
95	18	2	125.05599999999998	84.97199999999994
95	19	2	124.828	124.97199999999997
95	20	2	125.148	165.03999999999996
95	21	2	164.99999999999994	5.000000000000002
95	22	2	164.99999999999994	45.00000000000002
95	23	2	164.36864406779657	84.7330508474576
95	24	2	164.86000000000004	125.01200000000001
95	25	2	165.33600000000004	165.10799999999998
95	26	1	179.0540000000001	19.799999999999983
95	27	1	158.8343313373252	141.62275449101782
95	28	1	27.152	37.626
95	29	1	182.84399999999988	44.498000000000005
95	30	1	87.53599999999996	142.56600000000006
95	31	1	1.0460000000000012	72.324
95	32	1	14.469061876247507	65.10379241516962
95	33	1	96.67664670658677	48.13373253493014
95	34	1	192.39720558882235	97.70059880239518
95	35	1	84.99601593625488	181.6932270916335
95	36	1	36.36726546906188	178.77445109780427
95	37	1	29.490000000000023	58.77199999999998
95	38	1	43.462000000000025	68.28800000000003
95	39	1	131.75199999999992	149.5140000000002
95	40	1	195.618	26.472000000000026
95	41	1	18.143712574850298	24.588822355289405
95	42	1	177.99600798403193	83.90818363273455
95	43	1	31.845999999999993	111.684
95	44	1	42.472	99.25400000000009
95	45	1	6.676646706586831	192.36127744510975
96	1	2	5.115702479338843	5.400826446280992
96	2	2	5.110169491525425	45.39830508474574
96	3	2	5.251028806584367	86.4979423868313
96	4	2	5.036000000000001	124.94399999999997
96	5	2	4.9999999999999964	165.00000000000009
96	6	2	44.988	5.104000000000002
96	7	2	45.40400000000003	45.13199999999998
96	8	2	45.12295081967211	84.8770491803279
96	9	2	45.132	125.40399999999994
96	10	2	45.502008032128465	164.32931726907637
96	11	2	84.99999999999997	5.000000000000002
96	12	2	83.71600000000002	44.44800000000001
96	13	2	85.01200000000003	85.10400000000001
96	14	2	84.988	124.89599999999994
96	15	2	84.99999999999997	164.99999999999991
96	16	2	125.07199999999999	4.939999999999999
96	17	2	125.12400000000005	45.00400000000004
96	18	2	125.05599999999998	84.97199999999994
96	19	2	124.828	124.97199999999997
96	20	2	125.148	165.03999999999996
96	21	2	164.99999999999994	5.000000000000002
96	22	2	164.99999999999994	45.00000000000002
96	23	2	164.36864406779657	84.7330508474576
96	24	2	164.86000000000004	125.01200000000001
96	25	2	165.33600000000004	165.10799999999998
96	26	1	179.03399999999993	19.722000000000005
96	27	1	158.908	141.51799999999994
96	28	1	27.26546906187626	37.61876247504993
96	29	1	182.88223552894215	44.5548902195609
96	30	1	87.68537074148293	142.3667334669338
96	31	1	1.0459999999999996	72.25400000000006
96	32	1	14.530000000000003	65.09999999999998
96	33	1	96.69399999999997	48.23799999999997
96	34	1	192.39520958083833	97.79041916167661
96	35	1	84.83400000000002	181.64999999999998
96	36	1	36.346	178.74999999999991
96	37	1	29.548000000000016	58.809999999999974
96	38	1	43.49000000000004	68.30199999999991
96	39	1	131.84830339321354	149.5369261477044
96	40	1	195.57884231536926	26.57884231536924
96	41	1	18.029999999999976	24.461999999999975
96	42	1	178.06586826347308	83.99800399201598
96	43	1	31.83599999999999	111.69999999999999
96	44	1	42.46800000000003	99.22600000000011
96	45	1	6.688000000000009	192.322
97	1	2	5.115702479338843	5.400826446280992
97	2	2	5.110169491525425	45.39830508474574
97	3	2	5.251028806584367	86.4979423868313
97	4	2	5.036000000000001	124.94399999999997
97	5	2	4.9999999999999964	165.00000000000009
97	6	2	44.988	5.104000000000002
97	7	2	45.40400000000003	45.13199999999998
97	8	2	45.12295081967211	84.8770491803279
97	9	2	45.132	125.40399999999994
97	10	2	45.502008032128465	164.32931726907637
97	11	2	84.99999999999997	5.000000000000002
97	12	2	83.71600000000002	44.44800000000001
97	13	2	85.01200000000003	85.10400000000001
97	14	2	84.988	124.89599999999994
97	15	2	84.99999999999997	164.99999999999991
97	16	2	125.07199999999999	4.939999999999999
97	17	2	125.12400000000005	45.00400000000004
97	18	2	125.05599999999998	84.97199999999994
97	19	2	124.828	124.97199999999997
97	20	2	125.148	165.03999999999996
97	21	2	164.99999999999994	5.000000000000002
97	22	2	164.99999999999994	45.00000000000002
97	23	2	164.36864406779657	84.7330508474576
97	24	2	164.86000000000004	125.01200000000001
97	25	2	165.33600000000004	165.10799999999998
97	26	1	179.03193612774444	19.774451097804416
97	27	1	158.89000000000013	141.40400000000008
97	28	1	27.35799999999999	37.518
97	29	1	182.92015968063876	44.58682634730541
97	30	1	87.74000000000005	142.36999999999992
97	31	1	1.0539999999999994	72.20799999999998
97	32	1	14.623505976095611	65.0996015936255
97	33	1	96.71999999999997	48.285999999999994
97	34	1	192.388	97.85400000000001
97	35	1	84.86626746506984	181.6846307385231
97	36	1	36.439121756487054	178.77245508982034
97	37	1	29.601999999999975	58.612000000000016
97	38	1	43.48502994011973	68.35528942115766
97	39	1	131.92800000000008	149.48800000000014
97	40	1	195.606	26.57600000000002
97	41	1	17.988000000000007	24.330000000000013
97	42	1	178.1097804391216	83.95009980039914
97	43	1	31.81	111.66000000000008
97	44	1	42.52399999999996	99.22200000000004
97	45	1	6.748000000000002	192.294
98	1	2	5.115702479338843	5.400826446280992
98	2	2	5.110169491525425	45.39830508474574
98	3	2	5.251028806584367	86.4979423868313
98	4	2	5.036000000000001	124.94399999999997
98	5	2	4.9999999999999964	165.00000000000009
98	6	2	44.988	5.104000000000002
98	7	2	45.40400000000003	45.13199999999998
98	8	2	45.12295081967211	84.8770491803279
98	9	2	45.132	125.40399999999994
98	10	2	45.502008032128465	164.32931726907637
98	11	2	84.99999999999997	5.000000000000002
98	12	2	83.71600000000002	44.44800000000001
98	13	2	85.01200000000003	85.10400000000001
98	14	2	84.988	124.89599999999994
98	15	2	84.99999999999997	164.99999999999991
98	16	2	125.07199999999999	4.939999999999999
98	17	2	125.12400000000005	45.00400000000004
98	18	2	125.05599999999998	84.97199999999994
98	19	2	124.828	124.97199999999997
98	20	2	125.148	165.03999999999996
98	21	2	164.99999999999994	5.000000000000002
98	22	2	164.99999999999994	45.00000000000002
98	23	2	164.36864406779657	84.7330508474576
98	24	2	164.86000000000004	125.01200000000001
98	25	2	165.33600000000004	165.10799999999998
98	26	1	179.09580838323345	19.87025948103793
98	27	1	158.93799999999993	141.37400000000002
98	28	1	27.433133732534944	37.47504990019961
98	29	1	183.002	44.74199999999999
98	30	1	87.70999999999998	142.3319999999999
98	31	1	1.0939999999999985	72.19399999999996
98	32	1	14.665330661322647	65.12024048096194
98	33	1	96.66467065868262	48.355289421157664
98	34	1	192.42315369261476	98.00399201596807
98	35	1	84.90999999999994	181.5619999999998
98	36	1	36.47105788423155	178.78842315369258
98	37	1	29.568862275449096	58.564870259481076
98	38	1	43.45309381237524	68.3632734530938
98	39	1	131.89999999999998	149.4459999999999
98	40	1	195.582	26.55599999999999
98	41	1	17.921999999999997	24.272000000000006
98	42	1	178.18962075848302	83.97804391217562
98	43	1	31.760479041916174	111.58682634730542
98	44	1	42.56400000000002	99.24600000000007
98	45	1	6.791999999999997	192.24999999999994
99	1	2	5.115702479338843	5.400826446280992
99	2	2	5.110169491525425	45.39830508474574
99	3	2	5.251028806584367	86.4979423868313
99	4	2	5.036000000000001	124.94399999999997
99	5	2	4.9999999999999964	165.00000000000009
99	6	2	44.988	5.104000000000002
99	7	2	45.40400000000003	45.13199999999998
99	8	2	45.12295081967211	84.8770491803279
99	9	2	45.132	125.40399999999994
99	10	2	45.502008032128465	164.32931726907637
99	11	2	84.99999999999997	5.000000000000002
99	12	2	83.71600000000002	44.44800000000001
99	13	2	85.01200000000003	85.10400000000001
99	14	2	84.988	124.89599999999994
99	15	2	84.99999999999997	164.99999999999991
99	16	2	125.07199999999999	4.939999999999999
99	17	2	125.12400000000005	45.00400000000004
99	18	2	125.05599999999998	84.97199999999994
99	19	2	124.828	124.97199999999997
99	20	2	125.148	165.03999999999996
99	21	2	164.99999999999994	5.000000000000002
99	22	2	164.99999999999994	45.00000000000002
99	23	2	164.36864406779657	84.7330508474576
99	24	2	164.86000000000004	125.01200000000001
99	25	2	165.33600000000004	165.10799999999998
99	26	1	179.0219999999999	19.818000000000023
99	27	1	158.90600000000015	141.30600000000024
99	28	1	27.54291417165669	37.3992015968064
99	29	1	183.057884231537	44.84031936127745
99	30	1	87.89021956087832	142.16966067864277
99	31	1	1.152000000000002	72.19800000000004
99	32	1	14.766	65.14799999999995
99	33	1	96.60479041916163	48.457085828343324
99	34	1	192.499001996008	98.12574850299409
99	35	1	84.86599999999993	181.57999999999993
99	36	1	36.52999999999999	178.8340000000002
99	37	1	29.543999999999986	58.382000000000005
99	38	1	43.48902195608785	68.30738522954101
99	39	1	131.95209580838323	149.45908183632724
99	40	1	195.53692614770458	26.60479041916166
99	41	1	17.87800000000001	24.24000000000001
99	42	1	178.3200000000001	83.99399999999996
99	43	1	31.730538922155716	111.53892215568867
99	44	1	42.54199999999999	99.22799999999991
99	45	1	6.830000000000003	192.2060000000001
100	1	2	5.115702479338843	5.400826446280992
100	2	2	5.110169491525425	45.39830508474574
100	3	2	5.251028806584367	86.4979423868313
100	4	2	5.036000000000001	124.94399999999997
100	5	2	4.9999999999999964	165.00000000000009
100	6	2	44.988	5.104000000000002
100	7	2	45.40400000000003	45.13199999999998
100	8	2	45.12295081967211	84.8770491803279
100	9	2	45.132	125.40399999999994
100	10	2	45.502008032128465	164.32931726907637
100	11	2	84.99999999999997	5.000000000000002
100	12	2	83.71600000000002	44.44800000000001
100	13	2	85.01200000000003	85.10400000000001
100	14	2	84.988	124.89599999999994
100	15	2	84.99999999999997	164.99999999999991
100	16	2	125.07199999999999	4.939999999999999
100	17	2	125.12400000000005	45.00400000000004
100	18	2	125.05599999999998	84.97199999999994
100	19	2	124.828	124.97199999999997
100	20	2	125.148	165.03999999999996
100	21	2	164.99999999999994	5.000000000000002
100	22	2	164.99999999999994	45.00000000000002
100	23	2	164.36864406779657	84.7330508474576
100	24	2	164.86000000000004	125.01200000000001
100	25	2	165.33600000000004	165.10799999999998
100	26	1	179.04590818363258	19.88423153692614
100	27	1	158.97199999999995	141.23400000000007
100	28	1	27.639999999999993	37.398000000000025
100	29	1	183.08200000000014	44.80400000000005
100	30	1	87.97804391217558	142.05588822355276
100	31	1	1.1479999999999961	72.2040000000001
100	32	1	14.773547094188373	65.16232464929857
100	33	1	96.74051896207581	48.51696606786428
100	34	1	192.50499001996008	98.26546906187616
100	35	1	84.94411177644713	181.55688622754482
100	36	1	36.52694610778442	178.8083832335329
100	37	1	29.530938123752474	58.2854291417166
100	38	1	43.498000000000005	68.29199999999999
100	39	1	132.1215139442232	149.34462151394425
100	40	1	195.52599999999998	26.548000000000005
100	41	1	17.732	24.129999999999992
100	42	1	178.39321357285434	83.92814371257478
100	43	1	31.676000000000002	111.45000000000003
100	44	1	42.542914171656705	99.22954091816369
100	45	1	6.959999999999994	192.1039999999999
101	1	2	5.115702479338843	5.400826446280992
101	2	2	5.110169491525425	45.39830508474574
101	3	2	5.251028806584367	86.4979423868313
101	4	2	5.036000000000001	124.94399999999997
101	5	2	4.9999999999999964	165.00000000000009
101	6	2	44.988	5.104000000000002
101	7	2	45.40400000000003	45.13199999999998
101	8	2	45.12295081967211	84.8770491803279
101	9	2	45.132	125.40399999999994
101	10	2	45.502008032128465	164.32931726907637
101	11	2	84.99999999999997	5.000000000000002
101	12	2	83.71600000000002	44.44800000000001
101	13	2	85.01200000000003	85.10400000000001
101	14	2	84.988	124.89599999999994
101	15	2	84.99999999999997	164.99999999999991
101	16	2	125.07199999999999	4.939999999999999
101	17	2	125.12400000000005	45.00400000000004
101	18	2	125.05599999999998	84.97199999999994
101	19	2	124.828	124.97199999999997
101	20	2	125.148	165.03999999999996
101	21	2	164.99999999999994	5.000000000000002
101	22	2	164.99999999999994	45.00000000000002
101	23	2	164.36864406779657	84.7330508474576
101	24	2	164.86000000000004	125.01200000000001
101	25	2	165.33600000000004	165.10799999999998
101	26	1	179.04399999999998	19.869999999999987
101	27	1	158.92000000000016	141.14400000000006
101	28	1	27.689378757515026	37.29058116232466
101	29	1	183.06986027944114	44.83632734530941
101	30	1	87.98003992015973	142.00399201596807
101	31	1	1.16566866267465	72.14770459081838
101	32	1	14.88	65.19199999999998
101	33	1	96.81872509960165	48.59760956175295
101	34	1	192.53892215568862	98.29341317365271
101	35	1	84.880239520958	181.52095808383228
101	36	1	36.47600000000001	178.85999999999987
101	37	1	29.512974051896208	58.10978043912175
101	38	1	43.471057884231534	68.30139720558883
101	39	1	132.14999999999992	149.31600000000012
101	40	1	195.47904191616766	26.542914171656637
101	41	1	17.610000000000003	24.024
101	42	1	178.53199999999984	83.83200000000001
101	43	1	31.645999999999994	111.42199999999994
101	44	1	42.56487025948104	99.18163672654687
101	45	1	6.963999999999998	192.13400000000004
102	1	2	5.115702479338843	5.400826446280992
102	2	2	5.110169491525425	45.39830508474574
102	3	2	5.251028806584367	86.4979423868313
102	4	2	5.036000000000001	124.94399999999997
102	5	2	4.9999999999999964	165.00000000000009
102	6	2	44.988	5.104000000000002
102	7	2	45.40400000000003	45.13199999999998
102	8	2	45.12295081967211	84.8770491803279
102	9	2	45.132	125.40399999999994
102	10	2	45.502008032128465	164.32931726907637
102	11	2	84.99999999999997	5.000000000000002
102	12	2	83.71600000000002	44.44800000000001
102	13	2	85.01200000000003	85.10400000000001
102	14	2	84.988	124.89599999999994
102	15	2	84.99999999999997	164.99999999999991
102	16	2	125.07199999999999	4.939999999999999
102	17	2	125.12400000000005	45.00400000000004
102	18	2	125.05599999999998	84.97199999999994
102	19	2	124.828	124.97199999999997
102	20	2	125.148	165.03999999999996
102	21	2	164.99999999999994	5.000000000000002
102	22	2	164.99999999999994	45.00000000000002
102	23	2	164.36864406779657	84.7330508474576
102	24	2	164.86000000000004	125.01200000000001
102	25	2	165.33600000000004	165.10799999999998
102	26	1	179.10956175298801	19.932270916334655
102	27	1	158.91783567134277	141.13226452905803
102	28	1	27.670658682634738	37.27944111776448
102	29	1	183.1280000000001	44.88600000000002
102	30	1	87.97199999999997	141.98799999999986
102	31	1	1.2959999999999996	72.19400000000006
102	32	1	14.949999999999996	65.15800000000003
102	33	1	96.89620758483038	48.65668662674649
102	34	1	192.50299401197603	98.32734530938113
102	35	1	84.83433133732534	181.5948103792415
102	36	1	36.33532934131735	178.89221556886218
102	37	1	29.578000000000024	58.125999999999976
102	38	1	43.50200000000001	68.328
102	39	1	132.11776447105797	149.23552894211576
102	40	1	195.476	26.539999999999974
102	41	1	17.544910179640723	23.89421157684632
102	42	1	178.59081836327337	83.75249500998004
102	43	1	31.55688622754492	111.34730538922162
102	44	1	42.612000000000045	99.23200000000006
102	45	1	7.069860279441118	192.0618762475051
103	1	2	5.115702479338843	5.400826446280992
103	2	2	5.110169491525425	45.39830508474574
103	3	2	5.251028806584367	86.4979423868313
103	4	2	5.036000000000001	124.94399999999997
103	5	2	4.9999999999999964	165.00000000000009
103	6	2	44.988	5.104000000000002
103	7	2	45.40400000000003	45.13199999999998
103	8	2	45.12295081967211	84.8770491803279
103	9	2	45.132	125.40399999999994
103	10	2	45.502008032128465	164.32931726907637
103	11	2	84.99999999999997	5.000000000000002
103	12	2	83.71600000000002	44.44800000000001
103	13	2	85.01200000000003	85.10400000000001
103	14	2	84.988	124.89599999999994
103	15	2	84.99999999999997	164.99999999999991
103	16	2	125.07199999999999	4.939999999999999
103	17	2	125.12400000000005	45.00400000000004
103	18	2	125.05599999999998	84.97199999999994
103	19	2	124.828	124.97199999999997
103	20	2	125.148	165.03999999999996
103	21	2	164.99999999999994	5.000000000000002
103	22	2	164.99999999999994	45.00000000000002
103	23	2	164.36864406779657	84.7330508474576
103	24	2	164.86000000000004	125.01200000000001
103	25	2	165.33600000000004	165.10799999999998
103	26	1	179.11200000000005	19.95399999999999
103	27	1	159.04999999999984	141.0599999999997
103	28	1	27.786	37.244000000000035
103	29	1	183.17600000000013	44.965999999999944
103	30	1	88.03399999999993	141.89599999999993
103	31	1	1.3652694610778453	72.22554890219565
103	32	1	14.970059880239521	65.02594810379243
103	33	1	96.80838323353295	48.89820359281439
103	34	1	192.566	98.52199999999993
103	35	1	84.86826347305386	181.58083832335313
103	36	1	36.31399999999997	178.85399999999993
103	37	1	29.70400000000003	58.105999999999966
103	38	1	43.47094188376755	68.42084168336682
103	39	1	132.25250501002006	149.18837675350696
103	40	1	195.4750499001996	26.61676646706587
103	41	1	17.531999999999993	23.86200000000001
103	42	1	178.792	83.67599999999995
103	43	1	31.54509018036073	111.33266533066134
103	44	1	42.654690618762444	99.20558882235528
103	45	1	7.193999999999993	191.93400000000017
104	1	2	5.115702479338843	5.400826446280992
104	2	2	5.110169491525425	45.39830508474574
104	3	2	5.251028806584367	86.4979423868313
104	4	2	5.036000000000001	124.94399999999997
104	5	2	4.9999999999999964	165.00000000000009
104	6	2	44.988	5.104000000000002
104	7	2	45.40400000000003	45.13199999999998
104	8	2	45.12295081967211	84.8770491803279
104	9	2	45.132	125.40399999999994
104	10	2	45.502008032128465	164.32931726907637
104	11	2	84.99999999999997	5.000000000000002
104	12	2	83.71600000000002	44.44800000000001
104	13	2	85.01200000000003	85.10400000000001
104	14	2	84.988	124.89599999999994
104	15	2	84.99999999999997	164.99999999999991
104	16	2	125.07199999999999	4.939999999999999
104	17	2	125.12400000000005	45.00400000000004
104	18	2	125.05599999999998	84.97199999999994
104	19	2	124.828	124.97199999999997
104	20	2	125.148	165.03999999999996
104	21	2	164.99999999999994	5.000000000000002
104	22	2	164.99999999999994	45.00000000000002
104	23	2	164.36864406779657	84.7330508474576
104	24	2	164.86000000000004	125.01200000000001
104	25	2	165.33600000000004	165.10799999999998
104	26	1	179.2239999999999	19.95599999999997
104	27	1	159.07999999999987	141.00999999999985
104	28	1	27.882235528942132	37.20958083832333
104	29	1	183.18962075848307	45.017964071856284
104	30	1	88.05189620758483	141.82834331337324
104	31	1	1.4340000000000017	72.23999999999995
104	32	1	14.99001996007984	64.96407185628736
104	33	1	96.864	48.94000000000001
104	34	1	192.74650698602795	98.72455089820359
104	35	1	84.86427145708585	181.56487025948095
104	36	1	36.25199999999999	178.81600000000003
104	37	1	29.776000000000003	58.00800000000002
104	38	1	43.52199999999997	68.43000000000009
104	39	1	132.50698602794424	149.1197604790419
104	40	1	195.448	26.622
104	41	1	17.487025948103796	23.78043912175648
104	42	1	178.91417165668653	83.65668662674643
104	43	1	31.5249500998004	111.23153692614773
104	44	1	42.617999999999995	99.12999999999998
104	45	1	7.345999999999993	191.83400000000012
105	1	2	5.115702479338843	5.400826446280992
105	2	2	5.110169491525425	45.39830508474574
105	3	2	5.251028806584367	86.4979423868313
105	4	2	5.036000000000001	124.94399999999997
105	5	2	4.9999999999999964	165.00000000000009
105	6	2	44.988	5.104000000000002
105	7	2	45.40400000000003	45.13199999999998
105	8	2	45.12295081967211	84.8770491803279
105	9	2	45.132	125.40399999999994
105	10	2	45.502008032128465	164.32931726907637
105	11	2	84.99999999999997	5.000000000000002
105	12	2	83.71600000000002	44.44800000000001
105	13	2	85.01200000000003	85.10400000000001
105	14	2	84.988	124.89599999999994
105	15	2	84.99999999999997	164.99999999999991
105	16	2	125.07199999999999	4.939999999999999
105	17	2	125.12400000000005	45.00400000000004
105	18	2	125.05599999999998	84.97199999999994
105	19	2	124.828	124.97199999999997
105	20	2	125.148	165.03999999999996
105	21	2	164.99999999999994	5.000000000000002
105	22	2	164.99999999999994	45.00000000000002
105	23	2	164.36864406779657	84.7330508474576
105	24	2	164.86000000000004	125.01200000000001
105	25	2	165.33600000000004	165.10799999999998
105	26	1	179.20599999999993	19.96200000000003
105	27	1	159.12200000000013	140.94000000000008
105	28	1	28.073999999999984	37.16199999999999
105	29	1	183.19161676646715	44.9461077844311
105	30	1	88.08799999999992	141.82800000000017
105	31	1	1.501999999999998	72.22400000000002
105	32	1	14.954000000000002	64.942
105	33	1	97.00999999999999	48.94599999999996
105	34	1	192.828	98.79800000000003
105	35	1	84.79640718562877	181.5728542914174
105	36	1	36.326000000000015	178.85999999999987
105	37	1	29.715999999999976	57.91799999999995
105	38	1	43.43200000000005	68.408
105	39	1	132.48897795591174	149.07615230460954
105	40	1	195.49700598802394	26.598802395209574
105	41	1	17.546906187624746	23.760479041916184
105	42	1	179.09960159362552	83.6553784860558
105	43	1	31.463999999999995	111.25600000000007
105	44	1	42.57800000000006	99.11400000000002
105	45	1	7.357285429141719	191.84630738522938
106	1	2	5.115702479338843	5.400826446280992
106	2	2	5.110169491525425	45.39830508474574
106	3	2	5.251028806584367	86.4979423868313
106	4	2	5.036000000000001	124.94399999999997
106	5	2	4.9999999999999964	165.00000000000009
106	6	2	44.988	5.104000000000002
106	7	2	45.40400000000003	45.13199999999998
106	8	2	45.12295081967211	84.8770491803279
106	9	2	45.132	125.40399999999994
106	10	2	45.502008032128465	164.32931726907637
106	11	2	84.99999999999997	5.000000000000002
106	12	2	83.71600000000002	44.44800000000001
106	13	2	85.01200000000003	85.10400000000001
106	14	2	84.988	124.89599999999994
106	15	2	84.99999999999997	164.99999999999991
106	16	2	125.07199999999999	4.939999999999999
106	17	2	125.12400000000005	45.00400000000004
106	18	2	125.05599999999998	84.97199999999994
106	19	2	124.828	124.97199999999997
106	20	2	125.148	165.03999999999996
106	21	2	164.99999999999994	5.000000000000002
106	22	2	164.99999999999994	45.00000000000002
106	23	2	164.36864406779657	84.7330508474576
106	24	2	164.86000000000004	125.01200000000001
106	25	2	165.33600000000004	165.10799999999998
106	26	1	179.26	20.01199999999999
106	27	1	159.11399999999995	140.92200000000003
106	28	1	28.2768924302789	37.05179282868522
106	29	1	183.2155688622756	45.01397205588819
106	30	1	88.2594810379241	141.59281437125748
106	31	1	1.2980000000000003	72.12599999999999
106	32	1	14.936127744510975	64.94411177644707
106	33	1	97.19199999999996	49.00200000000003
106	34	1	192.826	98.85399999999994
106	35	1	84.72854291417164	181.52694610778443
106	36	1	36.326000000000015	178.85999999999987
106	37	1	29.67065868263474	57.90219560878244
106	38	1	43.383233532934085	68.40918163672654
106	39	1	132.59481037924152	149.08183632734514
106	40	1	195.52694610778443	26.562874251496996
106	41	1	17.464000000000006	23.706
106	42	1	179.06387225548912	83.80039920159682
106	43	1	31.43	111.2020000000001
106	44	1	42.52894211576848	99.09580838323352
106	45	1	7.457085828343308	191.80239520958077
107	1	2	5.115702479338843	5.400826446280992
107	2	2	5.110169491525425	45.39830508474574
107	3	2	5.251028806584367	86.4979423868313
107	4	2	5.036000000000001	124.94399999999997
107	5	2	4.9999999999999964	165.00000000000009
107	6	2	44.988	5.104000000000002
107	7	2	45.40400000000003	45.13199999999998
107	8	2	45.12295081967211	84.8770491803279
107	9	2	45.132	125.40399999999994
107	10	2	45.502008032128465	164.32931726907637
107	11	2	84.99999999999997	5.000000000000002
107	12	2	83.71600000000002	44.44800000000001
107	13	2	85.01200000000003	85.10400000000001
107	14	2	84.988	124.89599999999994
107	15	2	84.99999999999997	164.99999999999991
107	16	2	125.07199999999999	4.939999999999999
107	17	2	125.12400000000005	45.00400000000004
107	18	2	125.05599999999998	84.97199999999994
107	19	2	124.828	124.97199999999997
107	20	2	125.148	165.03999999999996
107	21	2	164.99999999999994	5.000000000000002
107	22	2	164.99999999999994	45.00000000000002
107	23	2	164.36864406779657	84.7330508474576
107	24	2	164.86000000000004	125.01200000000001
107	25	2	165.33600000000004	165.10799999999998
107	26	1	179.192	20.05599999999998
107	27	1	159.14000000000004	140.918
107	28	1	28.369261477045907	37.027944111776435
107	29	1	183.253493013972	45.063872255489045
107	30	1	88.49500998003985	141.24151696606788
107	31	1	1.329999999999997	72.04000000000005
107	32	1	14.963927855711418	64.90380761523048
107	33	1	97.40119760479038	49.085828343313416
107	34	1	192.872	98.82399999999997
107	35	1	84.72199999999997	181.50399999999993
107	36	1	36.3053892215569	178.91816367265469
107	37	1	29.702594810379242	57.828343313373246
107	38	1	43.229540918163686	68.50499001996015
107	39	1	132.66000000000003	149.00399999999996
107	40	1	195.5250501002004	26.57915831663325
107	41	1	17.362000000000005	23.702000000000034
107	42	1	179.14570858283463	83.71257485029942
107	43	1	31.370000000000008	111.17999999999999
107	44	1	42.564870259481054	99.12774451097802
107	45	1	7.490000000000004	191.79999999999995
108	1	2	5.115702479338843	5.400826446280992
108	2	2	5.110169491525425	45.39830508474574
108	3	2	5.251028806584367	86.4979423868313
108	4	2	5.036000000000001	124.94399999999997
108	5	2	4.9999999999999964	165.00000000000009
108	6	2	44.988	5.104000000000002
108	7	2	45.40400000000003	45.13199999999998
108	8	2	45.12295081967211	84.8770491803279
108	9	2	45.132	125.40399999999994
108	10	2	45.502008032128465	164.32931726907637
108	11	2	84.99999999999997	5.000000000000002
108	12	2	83.71600000000002	44.44800000000001
108	13	2	85.01200000000003	85.10400000000001
108	14	2	84.988	124.89599999999994
108	15	2	84.99999999999997	164.99999999999991
108	16	2	125.07199999999999	4.939999999999999
108	17	2	125.12400000000005	45.00400000000004
108	18	2	125.05599999999998	84.97199999999994
108	19	2	124.828	124.97199999999997
108	20	2	125.148	165.03999999999996
108	21	2	164.99999999999994	5.000000000000002
108	22	2	164.99999999999994	45.00000000000002
108	23	2	164.36864406779657	84.7330508474576
108	24	2	164.86000000000004	125.01200000000001
108	25	2	165.33600000000004	165.10799999999998
108	26	1	179.0898203592814	20.08782435129743
108	27	1	159.17199999999994	140.95600000000016
108	28	1	28.43200000000002	36.90999999999999
108	29	1	183.28343313373242	45.181636726546934
108	30	1	88.56799999999996	141.16000000000022
108	31	1	1.1900000000000013	71.8740000000001
108	32	1	15.109780439121757	64.97005988023956
108	33	1	97.59081836327348	49.15568862275449
108	34	1	192.968	98.72399999999995
108	35	1	84.69199999999994	181.51799999999994
108	36	1	36.31800000000001	178.938
108	37	1	29.68662674650701	57.654690618762466
108	38	1	43.09580838323358	68.57285429141714
108	39	1	132.7664670658683	148.98203592814372
108	40	1	195.518	26.59599999999998
108	41	1	17.266	23.55399999999999
108	42	1	179.056	83.78600000000006
108	43	1	31.280000000000015	111.10399999999998
108	44	1	42.60799999999999	99.16400000000003
108	45	1	7.50400000000001	191.78400000000002
109	1	2	5.115702479338843	5.400826446280992
109	2	2	5.110169491525425	45.39830508474574
109	3	2	5.251028806584367	86.4979423868313
109	4	2	5.036000000000001	124.94399999999997
109	5	2	4.9999999999999964	165.00000000000009
109	6	2	44.988	5.104000000000002
109	7	2	45.40400000000003	45.13199999999998
109	8	2	45.12295081967211	84.8770491803279
109	9	2	45.132	125.40399999999994
109	10	2	45.502008032128465	164.32931726907637
109	11	2	84.99999999999997	5.000000000000002
109	12	2	83.71600000000002	44.44800000000001
109	13	2	85.01200000000003	85.10400000000001
109	14	2	84.988	124.89599999999994
109	15	2	84.99999999999997	164.99999999999991
109	16	2	125.07199999999999	4.939999999999999
109	17	2	125.12400000000005	45.00400000000004
109	18	2	125.05599999999998	84.97199999999994
109	19	2	124.828	124.97199999999997
109	20	2	125.148	165.03999999999996
109	21	2	164.99999999999994	5.000000000000002
109	22	2	164.99999999999994	45.00000000000002
109	23	2	164.36864406779657	84.7330508474576
109	24	2	164.86000000000004	125.01200000000001
109	25	2	165.33600000000004	165.10799999999998
109	26	1	179.07599999999988	20.171999999999993
109	27	1	159.1559999999998	140.906
109	28	1	28.59799999999999	36.80400000000002
109	29	1	183.42430278884467	45.37051792828687
109	30	1	88.77245508982043	140.89021956087836
109	31	1	1.2295409181636738	71.91616766467065
109	32	1	15.203592814371262	64.98003992015964
109	33	1	97.73652694610777	49.12175648702593
109	34	1	193.07984031936127	98.86826347305389
109	35	1	84.736	181.51400000000024
109	36	1	36.34530938123753	178.95009980039927
109	37	1	29.71656686626748	57.508982035928156
109	38	1	42.9498997995992	68.70741482965926
109	39	1	132.7285429141717	148.98802395209583
109	40	1	195.552	26.528000000000006
109	41	1	17.257485029940117	23.51297405189619
109	42	1	179.1479999999998	83.74000000000004
109	43	1	31.162000000000003	110.99000000000002
109	44	1	42.64071856287428	99.16766467065867
109	45	1	7.550898203592819	191.81437125748505
110	1	2	5.115702479338843	5.400826446280992
110	2	2	5.110169491525425	45.39830508474574
110	3	2	5.251028806584367	86.4979423868313
110	4	2	5.036000000000001	124.94399999999997
110	5	2	4.9999999999999964	165.00000000000009
110	6	2	44.988	5.104000000000002
110	7	2	45.40400000000003	45.13199999999998
110	8	2	45.12295081967211	84.8770491803279
110	9	2	45.132	125.40399999999994
110	10	2	45.502008032128465	164.32931726907637
110	11	2	84.99999999999997	5.000000000000002
110	12	2	83.71600000000002	44.44800000000001
110	13	2	85.01200000000003	85.10400000000001
110	14	2	84.988	124.89599999999994
110	15	2	84.99999999999997	164.99999999999991
110	16	2	125.07199999999999	4.939999999999999
110	17	2	125.12400000000005	45.00400000000004
110	18	2	125.05599999999998	84.97199999999994
110	19	2	124.828	124.97199999999997
110	20	2	125.148	165.03999999999996
110	21	2	164.99999999999994	5.000000000000002
110	22	2	164.99999999999994	45.00000000000002
110	23	2	164.36864406779657	84.7330508474576
110	24	2	164.86000000000004	125.01200000000001
110	25	2	165.33600000000004	165.10799999999998
110	26	1	179.1579999999999	20.194000000000027
110	27	1	159.26147704590795	140.89620758483014
110	28	1	28.699203187250983	36.76892430278884
110	29	1	183.40718562874235	45.361277445109785
110	30	1	88.83033932135743	140.862275449102
110	31	1	1.1759999999999973	71.84199999999989
110	32	1	15.189620758483041	64.96007984031941
110	33	1	97.75848303393218	49.257485029940085
110	34	1	193.12175648702595	98.85828343313383
110	35	1	84.77045908183634	181.51696606786427
110	36	1	36.465069860279414	178.90818363273456
110	37	1	29.748	57.499999999999986
110	38	1	42.91600000000001	68.72799999999997
110	39	1	132.79799999999992	148.95200000000006
110	40	1	195.612	26.49799999999998
110	41	1	17.159999999999997	23.45800000000001
110	42	1	179.1792828685259	83.76892430278879
110	43	1	31.132264529058098	110.87174348697391
110	44	1	42.69599999999997	99.14799999999995
110	45	1	7.494000000000004	191.85199999999978
111	1	2	5.115702479338843	5.400826446280992
111	2	2	5.110169491525425	45.39830508474574
111	3	2	5.251028806584367	86.4979423868313
111	4	2	5.036000000000001	124.94399999999997
111	5	2	4.9999999999999964	165.00000000000009
111	6	2	44.988	5.104000000000002
111	7	2	45.40400000000003	45.13199999999998
111	8	2	45.12295081967211	84.8770491803279
111	9	2	45.132	125.40399999999994
111	10	2	45.502008032128465	164.32931726907637
111	11	2	84.99999999999997	5.000000000000002
111	12	2	83.71600000000002	44.44800000000001
111	13	2	85.01200000000003	85.10400000000001
111	14	2	84.988	124.89599999999994
111	15	2	84.99999999999997	164.99999999999991
111	16	2	125.07199999999999	4.939999999999999
111	17	2	125.12400000000005	45.00400000000004
111	18	2	125.05599999999998	84.97199999999994
111	19	2	124.828	124.97199999999997
111	20	2	125.148	165.03999999999996
111	21	2	164.99999999999994	5.000000000000002
111	22	2	164.99999999999994	45.00000000000002
111	23	2	164.36864406779657	84.7330508474576
111	24	2	164.86000000000004	125.01200000000001
111	25	2	165.33600000000004	165.10799999999998
111	26	1	179.1274900398406	20.23904382470119
111	27	1	159.34869739478967	140.75350701402817
111	28	1	28.790419161676645	36.73053892215568
111	29	1	183.3645418326693	45.38247011952193
111	30	1	88.89200000000002	140.70200000000006
111	31	1	1.1736526946107824	71.74650698602801
111	32	1	15.29859719438877	65.01002004008019
111	33	1	97.77045908183632	49.423153692614825
111	34	1	193.20958083832335	98.9520958083832
111	35	1	84.84969939879747	181.4509018036071
111	36	1	36.44000000000001	178.92999999999986
111	37	1	29.708000000000002	57.413999999999994
111	38	1	42.858000000000004	68.72599999999996
111	39	1	132.86199999999988	148.938
111	40	1	195.70600000000002	26.57600000000002
111	41	1	17.261477045908183	23.397205588822345
111	42	1	179.28742514970085	83.71656686626751
111	43	1	31.099800399201605	110.8622754491017
111	44	1	42.70999999999999	99.11399999999996
111	45	1	7.405189620758479	191.86626746506988
112	1	2	5.115702479338843	5.400826446280992
112	2	2	5.110169491525425	45.39830508474574
112	3	2	5.251028806584367	86.4979423868313
112	4	2	5.036000000000001	124.94399999999997
112	5	2	4.9999999999999964	165.00000000000009
112	6	2	44.988	5.104000000000002
112	7	2	45.40400000000003	45.13199999999998
112	8	2	45.12295081967211	84.8770491803279
112	9	2	45.132	125.40399999999994
112	10	2	45.502008032128465	164.32931726907637
112	11	2	84.99999999999997	5.000000000000002
112	12	2	83.71600000000002	44.44800000000001
112	13	2	85.01200000000003	85.10400000000001
112	14	2	84.988	124.89599999999994
112	15	2	84.99999999999997	164.99999999999991
112	16	2	125.07199999999999	4.939999999999999
112	17	2	125.12400000000005	45.00400000000004
112	18	2	125.05599999999998	84.97199999999994
112	19	2	124.828	124.97199999999997
112	20	2	125.148	165.03999999999996
112	21	2	164.99999999999994	5.000000000000002
112	22	2	164.99999999999994	45.00000000000002
112	23	2	164.36864406779657	84.7330508474576
112	24	2	164.86000000000004	125.01200000000001
112	25	2	165.33600000000004	165.10799999999998
112	26	1	179.15169660678617	20.149700598802404
112	27	1	159.42999999999998	140.75200000000012
112	28	1	28.862000000000016	36.654
112	29	1	183.34400000000016	45.35800000000001
112	30	1	89.03193612774449	140.72255489021956
112	31	1	1.077844311377247	71.64670658682634
112	32	1	15.331337325349294	65.02794411177646
112	33	1	97.77245508982031	49.560878243513
112	34	1	193.278	99.03400000000002
112	35	1	84.86199999999998	181.46800000000002
112	36	1	36.41916167664671	178.8922155688622
112	37	1	29.646706586826355	57.32135728542913
112	38	1	42.791583166332686	68.72144288577147
112	39	1	133.0000000000002	148.9199999999999
112	40	1	195.72654690618762	26.56087824351297
112	41	1	17.232000000000003	23.299999999999994
112	42	1	179.3333333333334	83.7604790419162
112	43	1	30.932135728542914	110.77045908183628
112	44	1	42.73400000000006	99.12600000000006
112	45	1	7.374000000000002	191.90599999999992
113	1	2	5.115702479338843	5.400826446280992
113	2	2	5.110169491525425	45.39830508474574
113	3	2	5.251028806584367	86.4979423868313
113	4	2	5.036000000000001	124.94399999999997
113	5	2	4.9999999999999964	165.00000000000009
113	6	2	44.988	5.104000000000002
113	7	2	45.40400000000003	45.13199999999998
113	8	2	45.12295081967211	84.8770491803279
113	9	2	45.132	125.40399999999994
113	10	2	45.502008032128465	164.32931726907637
113	11	2	84.99999999999997	5.000000000000002
113	12	2	83.71600000000002	44.44800000000001
113	13	2	85.01200000000003	85.10400000000001
113	14	2	84.988	124.89599999999994
113	15	2	84.99999999999997	164.99999999999991
113	16	2	125.07199999999999	4.939999999999999
113	17	2	125.12400000000005	45.00400000000004
113	18	2	125.05599999999998	84.97199999999994
113	19	2	124.828	124.97199999999997
113	20	2	125.148	165.03999999999996
113	21	2	164.99999999999994	5.000000000000002
113	22	2	164.99999999999994	45.00000000000002
113	23	2	164.36864406779657	84.7330508474576
113	24	2	164.86000000000004	125.01200000000001
113	25	2	165.33600000000004	165.10799999999998
113	26	1	179.21956087824353	20.169660678642714
113	27	1	159.51400000000007	140.76800000000006
113	28	1	28.934131736526957	36.56087824351299
113	29	1	183.38922155688607	45.38323353293411
113	30	1	89.10400000000004	140.65599999999998
113	31	1	0.9920318725099624	71.55179282868528
113	32	1	15.427145708582842	65.08782435129736
113	33	1	97.8023952095809	49.696606786427175
113	34	1	193.42115768463074	99.09780439121764
113	35	1	84.86199999999998	181.46800000000002
113	36	1	36.42685370741483	178.92985971943887
113	37	1	29.654000000000018	57.20800000000003
113	38	1	42.83233532934135	68.69461077844308
113	39	1	133.13373253493015	148.87225548902202
113	40	1	195.782	26.46599999999998
113	41	1	17.17365269461077	23.18363273453095
113	42	1	179.34669338677358	83.92985971943884
113	43	1	30.943999999999996	110.70800000000001
113	44	1	42.72800000000007	99.14200000000007
113	45	1	7.436873747494986	191.92985971943875
114	1	2	5.115702479338843	5.400826446280992
114	2	2	5.110169491525425	45.39830508474574
114	3	2	5.251028806584367	86.4979423868313
114	4	2	5.036000000000001	124.94399999999997
114	5	2	4.9999999999999964	165.00000000000009
114	6	2	44.988	5.104000000000002
114	7	2	45.40400000000003	45.13199999999998
114	8	2	45.12295081967211	84.8770491803279
114	9	2	45.132	125.40399999999994
114	10	2	45.502008032128465	164.32931726907637
114	11	2	84.99999999999997	5.000000000000002
114	12	2	83.71600000000002	44.44800000000001
114	13	2	85.01200000000003	85.10400000000001
114	14	2	84.988	124.89599999999994
114	15	2	84.99999999999997	164.99999999999991
114	16	2	125.07199999999999	4.939999999999999
114	17	2	125.12400000000005	45.00400000000004
114	18	2	125.05599999999998	84.97199999999994
114	19	2	124.828	124.97199999999997
114	20	2	125.148	165.03999999999996
114	21	2	164.99999999999994	5.000000000000002
114	22	2	164.99999999999994	45.00000000000002
114	23	2	164.36864406779657	84.7330508474576
114	24	2	164.86000000000004	125.01200000000001
114	25	2	165.33600000000004	165.10799999999998
114	26	1	179.19760479041912	20.151696606786423
114	27	1	159.68200000000013	140.71600000000007
114	28	1	28.972000000000012	36.47799999999999
114	29	1	183.43512974051902	45.43313373253491
114	30	1	89.14400000000002	140.62000000000006
114	31	1	0.9181636726546907	71.52495009980038
114	32	1	15.471057884231532	65.1137724550898
114	33	1	97.83266932270912	49.770916334661344
114	34	1	193.44710578842316	99.07385229540917
114	35	1	84.87399999999998	181.4299999999999
114	36	1	36.392	178.85600000000008
114	37	1	29.686626746506978	57.06387225548897
114	38	1	42.58964143426291	68.9083665338646
114	39	1	133.36127744510986	148.86227544910182
114	40	1	195.794	26.503999999999998
114	41	1	17.123752495009988	23.10179640718564
114	42	1	179.32200000000017	83.89199999999994
114	43	1	30.77200000000001	110.57200000000003
114	44	1	42.83000000000002	99.22399999999995
114	45	1	7.538922155688623	191.90219560878256
115	1	2	5.115702479338843	5.400826446280992
115	2	2	5.110169491525425	45.39830508474574
115	3	2	5.251028806584367	86.4979423868313
115	4	2	5.036000000000001	124.94399999999997
115	5	2	4.9999999999999964	165.00000000000009
115	6	2	44.988	5.104000000000002
115	7	2	45.40400000000003	45.13199999999998
115	8	2	45.12295081967211	84.8770491803279
115	9	2	45.132	125.40399999999994
115	10	2	45.502008032128465	164.32931726907637
115	11	2	84.99999999999997	5.000000000000002
115	12	2	83.71600000000002	44.44800000000001
115	13	2	85.01200000000003	85.10400000000001
115	14	2	84.988	124.89599999999994
115	15	2	84.99999999999997	164.99999999999991
115	16	2	125.07199999999999	4.939999999999999
115	17	2	125.12400000000005	45.00400000000004
115	18	2	125.05599999999998	84.97199999999994
115	19	2	124.828	124.97199999999997
115	20	2	125.148	165.03999999999996
115	21	2	164.99999999999994	5.000000000000002
115	22	2	164.99999999999994	45.00000000000002
115	23	2	164.36864406779657	84.7330508474576
115	24	2	164.86000000000004	125.01200000000001
115	25	2	165.33600000000004	165.10799999999998
115	26	1	179.2475049900199	20.059880239520947
115	27	1	159.75648702594825	140.64670658682644
115	28	1	28.947895791583175	36.30861723446895
115	29	1	183.45508982035923	45.44710578842319
115	30	1	89.25999999999999	140.53
115	31	1	0.9980039920159676	71.5169660678643
115	32	1	15.471057884231536	65.02794411177643
115	33	1	97.90419161676651	49.82035928143714
115	34	1	193.466	99.05599999999998
115	35	1	84.83399999999993	181.48000000000002
115	36	1	36.42600000000003	178.88200000000003
115	37	1	29.64870259481036	56.964071856287426
115	38	1	42.39199999999998	69.04999999999997
115	39	1	133.4220000000001	148.85200000000006
115	40	1	195.7005988023952	26.473053892215557
115	41	1	16.956	23.008000000000003
115	42	1	179.3207171314743	83.87649402390433
115	43	1	30.71115537848607	110.55776892430272
115	44	1	42.842000000000006	99.24799999999995
115	45	1	7.642714570858277	191.9341317365268
116	1	2	5.115702479338843	5.400826446280992
116	2	2	5.110169491525425	45.39830508474574
116	3	2	5.251028806584367	86.4979423868313
116	4	2	5.036000000000001	124.94399999999997
116	5	2	4.9999999999999964	165.00000000000009
116	6	2	44.988	5.104000000000002
116	7	2	45.40400000000003	45.13199999999998
116	8	2	45.12295081967211	84.8770491803279
116	9	2	45.132	125.40399999999994
116	10	2	45.502008032128465	164.32931726907637
116	11	2	84.99999999999997	5.000000000000002
116	12	2	83.71600000000002	44.44800000000001
116	13	2	85.01200000000003	85.10400000000001
116	14	2	84.988	124.89599999999994
116	15	2	84.99999999999997	164.99999999999991
116	16	2	125.07199999999999	4.939999999999999
116	17	2	125.12400000000005	45.00400000000004
116	18	2	125.05599999999998	84.97199999999994
116	19	2	124.828	124.97199999999997
116	20	2	125.148	165.03999999999996
116	21	2	164.99999999999994	5.000000000000002
116	22	2	164.99999999999994	45.00000000000002
116	23	2	164.36864406779657	84.7330508474576
116	24	2	164.86000000000004	125.01200000000001
116	25	2	165.33600000000004	165.10799999999998
116	26	1	179.23153692614767	20.05389221556886
116	27	1	159.83200000000008	140.52600000000007
116	28	1	29.00400801603206	36.19839679358718
116	29	1	183.40718562874258	45.34331337325351
116	30	1	89.17928286852586	140.52390438247002
116	31	1	1.0000000000000022	71.4830339321357
116	32	1	15.489021956087825	65.03393213572856
116	33	1	97.97799999999991	50.09400000000001
116	34	1	193.55289421157684	99.05788423153683
116	35	1	84.8236472945891	181.45490981963923
116	36	1	36.398000000000025	178.84800000000004
116	37	1	29.538922155688635	56.87425149700603
116	38	1	42.270000000000024	69.11399999999995
116	39	1	133.51896207584832	148.81836327345303
116	40	1	195.68463073852297	26.479041916167677
116	41	1	16.89221556886227	22.94211576846308
116	42	1	179.41599999999988	83.86799999999998
116	43	1	30.606786427145725	110.5109780439122
116	44	1	42.76399999999997	99.25399999999996
116	45	1	7.677354709418839	191.93386773547084
117	1	2	5.115702479338843	5.400826446280992
117	2	2	5.110169491525425	45.39830508474574
117	3	2	5.251028806584367	86.4979423868313
117	4	2	5.036000000000001	124.94399999999997
117	5	2	4.9999999999999964	165.00000000000009
117	6	2	44.988	5.104000000000002
117	7	2	45.40400000000003	45.13199999999998
117	8	2	45.12295081967211	84.8770491803279
117	9	2	45.132	125.40399999999994
117	10	2	45.502008032128465	164.32931726907637
117	11	2	84.99999999999997	5.000000000000002
117	12	2	83.71600000000002	44.44800000000001
117	13	2	85.01200000000003	85.10400000000001
117	14	2	84.988	124.89599999999994
117	15	2	84.99999999999997	164.99999999999991
117	16	2	125.07199999999999	4.939999999999999
117	17	2	125.12400000000005	45.00400000000004
117	18	2	125.05599999999998	84.97199999999994
117	19	2	124.828	124.97199999999997
117	20	2	125.148	165.03999999999996
117	21	2	164.99999999999994	5.000000000000002
117	22	2	164.99999999999994	45.00000000000002
117	23	2	164.36864406779657	84.7330508474576
117	24	2	164.86000000000004	125.01200000000001
117	25	2	165.33600000000004	165.10799999999998
117	26	1	179.29341317365262	20.041916167664663
117	27	1	159.97599999999994	140.4860000000002
117	28	1	29.137724550898202	36.08782435129747
117	29	1	183.46399999999986	45.331999999999994
117	30	1	89.226	140.43199999999996
117	31	1	0.8764940239043832	71.41235059760943
117	32	1	15.529880478087641	65.0358565737052
117	33	1	98.10778443113776	50.071856287425156
117	34	1	193.554	99.03999999999999
117	35	1	84.71399999999991	181.51799999999992
117	36	1	36.44510978043914	178.86626746506985
117	37	1	29.557768924302785	56.87649402390435
117	38	1	42.05600000000001	69.29799999999999
117	39	1	133.596	148.80599999999998
117	40	1	195.68537074148296	26.47695390781562
117	41	1	16.794411177644694	22.852295409181654
117	42	1	179.41916167664687	83.9101796407185
117	43	1	30.475049900199604	110.53892215568855
117	44	1	42.716566866267485	99.31936127744514
117	45	1	7.646000000000004	191.92200000000003
118	1	2	5.115702479338843	5.400826446280992
118	2	2	5.110169491525425	45.39830508474574
118	3	2	5.251028806584367	86.4979423868313
118	4	2	5.036000000000001	124.94399999999997
118	5	2	4.9999999999999964	165.00000000000009
118	6	2	44.988	5.104000000000002
118	7	2	45.40400000000003	45.13199999999998
118	8	2	45.12295081967211	84.8770491803279
118	9	2	45.132	125.40399999999994
118	10	2	45.502008032128465	164.32931726907637
118	11	2	84.99999999999997	5.000000000000002
118	12	2	83.71600000000002	44.44800000000001
118	13	2	85.01200000000003	85.10400000000001
118	14	2	84.988	124.89599999999994
118	15	2	84.99999999999997	164.99999999999991
118	16	2	125.07199999999999	4.939999999999999
118	17	2	125.12400000000005	45.00400000000004
118	18	2	125.05599999999998	84.97199999999994
118	19	2	124.828	124.97199999999997
118	20	2	125.148	165.03999999999996
118	21	2	164.99999999999994	5.000000000000002
118	22	2	164.99999999999994	45.00000000000002
118	23	2	164.36864406779657	84.7330508474576
118	24	2	164.86000000000004	125.01200000000001
118	25	2	165.33600000000004	165.10799999999998
118	26	1	179.32599999999994	20.09
118	27	1	159.99003984063748	140.62948207171306
118	28	1	28.95409181636728	36.00598802395215
118	29	1	183.5831663326652	45.5110220440882
118	30	1	89.30938123752499	140.35928143712565
118	31	1	0.9860000000000049	71.44599999999998
118	32	1	15.594810379241517	64.92015968063875
118	33	1	98.07385229540918	50.28143712574853
118	34	1	193.69061876247505	99.04191616766467
118	35	1	84.66267465069849	181.52095808383223
118	36	1	36.414000000000016	178.88
118	37	1	29.60199999999999	56.865999999999936
118	38	1	42.035928143712624	69.26546906187617
118	39	1	133.75199999999995	148.77799999999993
118	40	1	195.67000000000002	26.50399999999999
118	41	1	16.774451097804388	22.694610778443124
118	42	1	179.40918163672677	84.0618762475051
118	43	1	30.41683366733466	110.5030060120241
118	44	1	42.74200000000001	99.33000000000003
118	45	1	7.737999999999999	191.98199999999989
119	1	2	5.115702479338843	5.400826446280992
119	2	2	5.110169491525425	45.39830508474574
119	3	2	5.251028806584367	86.4979423868313
119	4	2	5.036000000000001	124.94399999999997
119	5	2	4.9999999999999964	165.00000000000009
119	6	2	44.988	5.104000000000002
119	7	2	45.40400000000003	45.13199999999998
119	8	2	45.12295081967211	84.8770491803279
119	9	2	45.132	125.40399999999994
119	10	2	45.502008032128465	164.32931726907637
119	11	2	84.99999999999997	5.000000000000002
119	12	2	83.71600000000002	44.44800000000001
119	13	2	85.01200000000003	85.10400000000001
119	14	2	84.988	124.89599999999994
119	15	2	84.99999999999997	164.99999999999991
119	16	2	125.07199999999999	4.939999999999999
119	17	2	125.12400000000005	45.00400000000004
119	18	2	125.05599999999998	84.97199999999994
119	19	2	124.828	124.97199999999997
119	20	2	125.148	165.03999999999996
119	21	2	164.99999999999994	5.000000000000002
119	22	2	164.99999999999994	45.00000000000002
119	23	2	164.36864406779657	84.7330508474576
119	24	2	164.86000000000004	125.01200000000001
119	25	2	165.33600000000004	165.10799999999998
119	26	1	179.34530938123734	20.095808383233546
119	27	1	160.1260000000001	140.54399999999993
119	28	1	28.99201596806386	35.88023952095807
119	29	1	183.59481037924152	45.540918163672686
119	30	1	89.37999999999998	140.32200000000003
119	31	1	0.8820000000000003	71.39
119	32	1	15.678642714570858	65.01796407185623
119	33	1	98.09181636726544	50.447105788423166
119	34	1	193.74	99.02799999999993
119	35	1	84.62599999999998	181.4960000000002
119	36	1	36.4131736526946	178.91616766467072
119	37	1	29.56772908366533	56.77490039840636
119	38	1	41.93799999999999	69.31800000000011
119	39	1	133.78043912175642	148.7325349301398
119	40	1	195.62199999999999	26.538000000000018
119	41	1	16.657999999999994	22.596000000000007
119	42	1	179.42514970059884	84.10778443113766
119	43	1	30.30339321357287	110.28742514970052
119	44	1	42.846000000000004	99.272
119	45	1	7.832335329341321	192.02195608782426
120	1	2	5.115702479338843	5.400826446280992
120	2	2	5.110169491525425	45.39830508474574
120	3	2	5.251028806584367	86.4979423868313
120	4	2	5.036000000000001	124.94399999999997
120	5	2	4.9999999999999964	165.00000000000009
120	6	2	44.988	5.104000000000002
120	7	2	45.40400000000003	45.13199999999998
120	8	2	45.12295081967211	84.8770491803279
120	9	2	45.132	125.40399999999994
120	10	2	45.502008032128465	164.32931726907637
120	11	2	84.99999999999997	5.000000000000002
120	12	2	83.71600000000002	44.44800000000001
120	13	2	85.01200000000003	85.10400000000001
120	14	2	84.988	124.89599999999994
120	15	2	84.99999999999997	164.99999999999991
120	16	2	125.07199999999999	4.939999999999999
120	17	2	125.12400000000005	45.00400000000004
120	18	2	125.05599999999998	84.97199999999994
120	19	2	124.828	124.97199999999997
120	20	2	125.148	165.03999999999996
120	21	2	164.99999999999994	5.000000000000002
120	22	2	164.99999999999994	45.00000000000002
120	23	2	164.36864406779657	84.7330508474576
120	24	2	164.86000000000004	125.01200000000001
120	25	2	165.33600000000004	165.10799999999998
120	26	1	179.3399999999997	20.048000000000002
120	27	1	160.17365269461087	140.5469061876248
120	28	1	29.13173652694611	35.72255489021962
120	29	1	183.58283433133747	45.45109780439123
120	30	1	89.40718562874257	140.40718562874252
120	31	1	0.8400000000000007	71.26400000000001
120	32	1	15.768463073852288	65.02994011976044
120	33	1	98.046	50.518000000000015
120	34	1	193.792	99.008
120	35	1	84.57085828343305	181.49900199600808
120	36	1	36.40000000000001	178.94600000000005
120	37	1	29.5398406374502	56.57370517928291
120	38	1	41.80800000000005	69.40800000000011
120	39	1	133.78842315369246	148.74650698602795
120	40	1	195.59	26.528000000000013
120	41	1	16.57199999999999	22.566
120	42	1	179.4540000000001	84.1579999999999
120	43	1	30.215568862275443	110.1776447105788
120	44	1	42.82200000000002	99.27800000000003
120	45	1	7.902000000000004	192.10200000000003
121	1	2	5.115702479338843	5.400826446280992
121	2	2	5.110169491525425	45.39830508474574
121	3	2	5.251028806584367	86.4979423868313
121	4	2	5.036000000000001	124.94399999999997
121	5	2	4.9999999999999964	165.00000000000009
121	6	2	44.988	5.104000000000002
121	7	2	45.40400000000003	45.13199999999998
121	8	2	45.12295081967211	84.8770491803279
121	9	2	45.132	125.40399999999994
121	10	2	45.502008032128465	164.32931726907637
121	11	2	84.99999999999997	5.000000000000002
121	12	2	83.71600000000002	44.44800000000001
121	13	2	85.01200000000003	85.10400000000001
121	14	2	84.988	124.89599999999994
121	15	2	84.99999999999997	164.99999999999991
121	16	2	125.07199999999999	4.939999999999999
121	17	2	125.12400000000005	45.00400000000004
121	18	2	125.05599999999998	84.97199999999994
121	19	2	124.828	124.97199999999997
121	20	2	125.148	165.03999999999996
121	21	2	164.99999999999994	5.000000000000002
121	22	2	164.99999999999994	45.00000000000002
121	23	2	164.36864406779657	84.7330508474576
121	24	2	164.86000000000004	125.01200000000001
121	25	2	165.33600000000004	165.10799999999998
121	26	1	179.2805611222444	20.024048096192384
121	27	1	160.2934131736528	140.61077844311367
121	28	1	29.243027888446242	35.62350597609555
121	29	1	183.64600000000002	45.482
121	30	1	89.38123752495011	140.40918163672657
121	31	1	0.7704590818363304	71.17964071856278
121	32	1	15.880000000000004	65.11200000000002
121	33	1	98.13572854291421	50.50299401197604
121	34	1	193.82834331337324	99.00000000000011
121	35	1	84.54091816367266	181.48502994011966
121	36	1	36.32868525896411	178.95418326693232
121	37	1	29.423153692614754	56.514970059880234
121	38	1	41.69599999999997	69.41200000000006
121	39	1	134.058116232465	148.7254509018037
121	40	1	195.554	26.58
121	41	1	16.469061876247494	22.508982035928135
121	42	1	179.45200000000008	84.22800000000004
121	43	1	30.147410358565725	110.11354581673315
121	44	1	42.82800000000002	99.30600000000005
121	45	1	7.914000000000008	192.13800000000018
122	1	2	5.115702479338843	5.400826446280992
122	2	2	5.110169491525425	45.39830508474574
122	3	2	5.251028806584367	86.4979423868313
122	4	2	5.036000000000001	124.94399999999997
122	5	2	4.9999999999999964	165.00000000000009
122	6	2	44.988	5.104000000000002
122	7	2	45.40400000000003	45.13199999999998
122	8	2	45.12295081967211	84.8770491803279
122	9	2	45.132	125.40399999999994
122	10	2	45.502008032128465	164.32931726907637
122	11	2	84.99999999999997	5.000000000000002
122	12	2	83.71600000000002	44.44800000000001
122	13	2	85.01200000000003	85.10400000000001
122	14	2	84.988	124.89599999999994
122	15	2	84.99999999999997	164.99999999999991
122	16	2	125.07199999999999	4.939999999999999
122	17	2	125.12400000000005	45.00400000000004
122	18	2	125.05599999999998	84.97199999999994
122	19	2	124.828	124.97199999999997
122	20	2	125.148	165.03999999999996
122	21	2	164.99999999999994	5.000000000000002
122	22	2	164.99999999999994	45.00000000000002
122	23	2	164.36864406779657	84.7330508474576
122	24	2	164.86000000000004	125.01200000000001
122	25	2	165.33600000000004	165.10799999999998
122	26	1	179.29141716566866	19.976047904191613
122	27	1	160.3100000000001	140.602
122	28	1	29.263473053892223	35.45109780439123
122	29	1	183.76693227091636	45.6394422310757
122	30	1	89.34399999999995	140.37600000000015
122	31	1	0.7519999999999963	71.162
122	32	1	15.997999999999989	65.16999999999996
122	33	1	98.15169660678637	50.64870259481037
122	34	1	193.82834331337324	98.98203592814372
122	35	1	84.42599999999995	181.49200000000008
122	36	1	36.29341317365273	178.938123752495
122	37	1	29.3784860557769	56.37848605577691
122	38	1	41.63599999999997	69.41999999999997
122	39	1	134.24750499001982	148.63872255489025
122	40	1	195.57	26.529999999999987
122	41	1	16.425702811244975	22.51204819277109
122	42	1	179.4259999999999	84.24400000000003
122	43	1	30.069999999999986	110.09599999999996
122	44	1	42.70599999999996	99.34800000000006
122	45	1	7.895999999999996	192.13400000000001
123	1	2	5.115702479338843	5.400826446280992
123	2	2	5.110169491525425	45.39830508474574
123	3	2	5.251028806584367	86.4979423868313
123	4	2	5.036000000000001	124.94399999999997
123	5	2	4.9999999999999964	165.00000000000009
123	6	2	44.988	5.104000000000002
123	7	2	45.40400000000003	45.13199999999998
123	8	2	45.12295081967211	84.8770491803279
123	9	2	45.132	125.40399999999994
123	10	2	45.502008032128465	164.32931726907637
123	11	2	84.99999999999997	5.000000000000002
123	12	2	83.71600000000002	44.44800000000001
123	13	2	85.01200000000003	85.10400000000001
123	14	2	84.988	124.89599999999994
123	15	2	84.99999999999997	164.99999999999991
123	16	2	125.07199999999999	4.939999999999999
123	17	2	125.12400000000005	45.00400000000004
123	18	2	125.05599999999998	84.97199999999994
123	19	2	124.828	124.97199999999997
123	20	2	125.148	165.03999999999996
123	21	2	164.99999999999994	5.000000000000002
123	22	2	164.99999999999994	45.00000000000002
123	23	2	164.36864406779657	84.7330508474576
123	24	2	164.86000000000004	125.01200000000001
123	25	2	165.33600000000004	165.10799999999998
123	26	1	179.30738522954098	19.9880239520958
123	27	1	160.42315369261476	140.686626746507
123	28	1	29.241516966067863	35.38722554890221
123	29	1	183.748	45.58799999999998
123	30	1	89.35928143712567	140.3652694610781
123	31	1	0.8203592814371266	71.10778443113766
123	32	1	16.110000000000003	65.15600000000002
123	33	1	98.11976047904191	50.80039920159682
123	34	1	193.81636726546904	98.93013972055884
123	35	1	84.4359999999998	181.45600000000016
123	36	1	36.332665330661285	178.88777555110207
123	37	1	29.378000000000007	56.31800000000007
123	38	1	41.674650698602846	69.3832335329341
123	39	1	134.346	148.58799999999985
123	40	1	195.564	26.483999999999998
123	41	1	16.391999999999996	22.461999999999996
123	42	1	179.49301397205622	84.12774451097805
123	43	1	30.007984031936125	110.13772455089814
123	44	1	42.701195219123484	99.40239043824702
123	45	1	7.958083832335331	192.10778443113776
124	1	2	5.115702479338843	5.400826446280992
124	2	2	5.110169491525425	45.39830508474574
124	3	2	5.251028806584367	86.4979423868313
124	4	2	5.036000000000001	124.94399999999997
124	5	2	4.9999999999999964	165.00000000000009
124	6	2	44.988	5.104000000000002
124	7	2	45.40400000000003	45.13199999999998
124	8	2	45.12295081967211	84.8770491803279
124	9	2	45.132	125.40399999999994
124	10	2	45.502008032128465	164.32931726907637
124	11	2	84.99999999999997	5.000000000000002
124	12	2	83.71600000000002	44.44800000000001
124	13	2	85.01200000000003	85.10400000000001
124	14	2	84.988	124.89599999999994
124	15	2	84.99999999999997	164.99999999999991
124	16	2	125.07199999999999	4.939999999999999
124	17	2	125.12400000000005	45.00400000000004
124	18	2	125.05599999999998	84.97199999999994
124	19	2	124.828	124.97199999999997
124	20	2	125.148	165.03999999999996
124	21	2	164.99999999999994	5.000000000000002
124	22	2	164.99999999999994	45.00000000000002
124	23	2	164.36864406779657	84.7330508474576
124	24	2	164.86000000000004	125.01200000000001
124	25	2	165.33600000000004	165.10799999999998
124	26	1	179.32534930139698	19.916167664670652
124	27	1	160.58799999999988	140.76599999999996
124	28	1	29.313373253493015	35.21357285429149
124	29	1	183.70658682634732	45.62275449101796
124	30	1	89.34930139720555	140.36526946107773
124	31	1	0.8780000000000008	71.13999999999994
124	32	1	16.10578842315368	65.08183632734529
124	33	1	98.04399999999995	50.924
124	34	1	193.874251497006	98.86626746506978
124	35	1	84.42199999999993	181.49600000000012
124	36	1	36.29540918163671	178.95409181636728
124	37	1	29.326043737574565	56.20278330019876
124	38	1	41.659999999999954	69.37999999999998
124	39	1	134.35528942115758	148.58882235528947
124	40	1	195.546	26.59399999999999
124	41	1	16.366000000000014	22.46199999999999
124	42	1	179.53093812375266	84.1976047904192
124	43	1	30.006000000000007	110.13599999999995
124	44	1	42.63273453093814	99.3632734530938
124	45	1	7.881763527054108	192.14228456913818
125	1	2	5.115702479338843	5.400826446280992
125	2	2	5.110169491525425	45.39830508474574
125	3	2	5.251028806584367	86.4979423868313
125	4	2	5.036000000000001	124.94399999999997
125	5	2	4.9999999999999964	165.00000000000009
125	6	2	44.988	5.104000000000002
125	7	2	45.40400000000003	45.13199999999998
125	8	2	45.12295081967211	84.8770491803279
125	9	2	45.132	125.40399999999994
125	10	2	45.502008032128465	164.32931726907637
125	11	2	84.99999999999997	5.000000000000002
125	12	2	83.71600000000002	44.44800000000001
125	13	2	85.01200000000003	85.10400000000001
125	14	2	84.988	124.89599999999994
125	15	2	84.99999999999997	164.99999999999991
125	16	2	125.07199999999999	4.939999999999999
125	17	2	125.12400000000005	45.00400000000004
125	18	2	125.05599999999998	84.97199999999994
125	19	2	124.828	124.97199999999997
125	20	2	125.148	165.03999999999996
125	21	2	164.99999999999994	5.000000000000002
125	22	2	164.99999999999994	45.00000000000002
125	23	2	164.36864406779657	84.7330508474576
125	24	2	164.86000000000004	125.01200000000001
125	25	2	165.33600000000004	165.10799999999998
125	26	1	179.31663326653313	19.903807615230463
125	27	1	160.69399999999993	140.7379999999999
125	28	1	29.429999999999993	35.12799999999999
125	29	1	183.68800000000002	45.59600000000001
125	30	1	89.34399999999994	140.36399999999998
125	31	1	1.0019960079840307	71.05988023952084
125	32	1	16.200400801603205	65.03406813627255
125	33	1	98.16733067729082	50.92828685258964
125	34	1	194.178	98.77400000000004
125	35	1	84.41317365269447	181.5908183632736
125	36	1	36.372	178.99799999999993
125	37	1	29.308000000000003	56.08199999999996
125	38	1	41.595617529880485	69.40239043824705
125	39	1	134.462	148.57999999999979
125	40	1	195.53	26.61399999999999
125	41	1	16.263473053892206	22.481037924151703
125	42	1	179.60956175298813	84.21314741035863
125	43	1	29.96392785571141	110.10821643286566
125	44	1	42.55888223552892	99.3812375249502
125	45	1	7.992	192.11399999999983
126	1	2	5.115702479338843	5.400826446280992
126	2	2	5.110169491525425	45.39830508474574
126	3	2	5.251028806584367	86.4979423868313
126	4	2	5.036000000000001	124.94399999999997
126	5	2	4.9999999999999964	165.00000000000009
126	6	2	44.988	5.104000000000002
126	7	2	45.40400000000003	45.13199999999998
126	8	2	45.12295081967211	84.8770491803279
126	9	2	45.132	125.40399999999994
126	10	2	45.502008032128465	164.32931726907637
126	11	2	84.99999999999997	5.000000000000002
126	12	2	83.71600000000002	44.44800000000001
126	13	2	85.01200000000003	85.10400000000001
126	14	2	84.988	124.89599999999994
126	15	2	84.99999999999997	164.99999999999991
126	16	2	125.07199999999999	4.939999999999999
126	17	2	125.12400000000005	45.00400000000004
126	18	2	125.05599999999998	84.97199999999994
126	19	2	124.828	124.97199999999997
126	20	2	125.148	165.03999999999996
126	21	2	164.99999999999994	5.000000000000002
126	22	2	164.99999999999994	45.00000000000002
126	23	2	164.36864406779657	84.7330508474576
126	24	2	164.86000000000004	125.01200000000001
126	25	2	165.33600000000004	165.10799999999998
126	26	1	179.2554890219559	19.72854291417166
126	27	1	160.84630738522955	140.76447105788424
126	28	1	29.437125748503004	34.98403193612775
126	29	1	183.6986027944112	45.62874251497006
126	30	1	89.37125748502989	140.3852295409182
126	31	1	0.8520000000000018	70.99599999999992
126	32	1	16.27145708582833	65.13572854291424
126	33	1	98.33599999999998	51.009999999999984
126	34	1	194.22044088176352	98.79559118236472
126	35	1	84.38200000000005	181.63400000000004
126	36	1	36.41399999999997	179.01600000000002
126	37	1	29.259481037924164	55.998003992016
126	38	1	41.61800000000002	69.29799999999996
126	39	1	134.53692614770446	148.56686626746492
126	40	1	195.5	26.70799999999999
126	41	1	16.135728542914165	22.43113772455089
126	42	1	179.64870259481043	84.17764471057886
126	43	1	29.952095808383206	110.0738522954091
126	44	1	42.539999999999985	99.33600000000004
126	45	1	7.999999999999992	192.09399999999994
127	1	2	5.115702479338843	5.400826446280992
127	2	2	5.110169491525425	45.39830508474574
127	3	2	5.251028806584367	86.4979423868313
127	4	2	5.036000000000001	124.94399999999997
127	5	2	4.9999999999999964	165.00000000000009
127	6	2	44.988	5.104000000000002
127	7	2	45.40400000000003	45.13199999999998
127	8	2	45.12295081967211	84.8770491803279
127	9	2	45.132	125.40399999999994
127	10	2	45.502008032128465	164.32931726907637
127	11	2	84.99999999999997	5.000000000000002
127	12	2	83.71600000000002	44.44800000000001
127	13	2	85.01200000000003	85.10400000000001
127	14	2	84.988	124.89599999999994
127	15	2	84.99999999999997	164.99999999999991
127	16	2	125.07199999999999	4.939999999999999
127	17	2	125.12400000000005	45.00400000000004
127	18	2	125.05599999999998	84.97199999999994
127	19	2	124.828	124.97199999999997
127	20	2	125.148	165.03999999999996
127	21	2	164.99999999999994	5.000000000000002
127	22	2	164.99999999999994	45.00000000000002
127	23	2	164.36864406779657	84.7330508474576
127	24	2	164.86000000000004	125.01200000000001
127	25	2	165.33600000000004	165.10799999999998
127	26	1	179.28199999999998	19.739999999999963
127	27	1	160.9560000000001	140.79599999999996
127	28	1	29.580838323353298	34.882235528942125
127	29	1	183.68400000000003	45.58199999999998
127	30	1	89.42914171656685	140.37924151696598
127	31	1	0.840000000000003	70.978
127	32	1	16.24701195219123	65.06175298804783
127	33	1	98.47105788423156	51.083832335329355
127	34	1	194.29141716566866	98.70059880239523
127	35	1	84.39800000000001	181.604
127	36	1	36.46000000000003	179.03200000000004
127	37	1	29.22754491017963	55.88822355289418
127	38	1	41.52600000000002	69.37000000000003
127	39	1	134.56087824351295	148.49301397205588
127	40	1	195.55911823647295	26.761523046092183
127	41	1	16.15768463073852	22.39720558882236
127	42	1	179.77800000000022	84.218
127	43	1	29.782000000000014	109.97799999999998
127	44	1	42.58483033932133	99.36726546906185
127	45	1	8.017964071856294	192.05988023952094
128	1	2	5.115702479338843	5.400826446280992
128	2	2	5.110169491525425	45.39830508474574
128	3	2	5.251028806584367	86.4979423868313
128	4	2	5.036000000000001	124.94399999999997
128	5	2	4.9999999999999964	165.00000000000009
128	6	2	44.988	5.104000000000002
128	7	2	45.40400000000003	45.13199999999998
128	8	2	45.12295081967211	84.8770491803279
128	9	2	45.132	125.40399999999994
128	10	2	45.502008032128465	164.32931726907637
128	11	2	84.99999999999997	5.000000000000002
128	12	2	83.71600000000002	44.44800000000001
128	13	2	85.01200000000003	85.10400000000001
128	14	2	84.988	124.89599999999994
128	15	2	84.99999999999997	164.99999999999991
128	16	2	125.07199999999999	4.939999999999999
128	17	2	125.12400000000005	45.00400000000004
128	18	2	125.05599999999998	84.97199999999994
128	19	2	124.828	124.97199999999997
128	20	2	125.148	165.03999999999996
128	21	2	164.99999999999994	5.000000000000002
128	22	2	164.99999999999994	45.00000000000002
128	23	2	164.36864406779657	84.7330508474576
128	24	2	164.86000000000004	125.01200000000001
128	25	2	165.33600000000004	165.10799999999998
128	26	1	179.2860000000001	19.742000000000008
128	27	1	160.99203187251004	140.84262948207152
128	28	1	29.720000000000006	34.68400000000001
128	29	1	183.67399999999998	45.56399999999997
128	30	1	89.49	140.35999999999993
128	31	1	0.9840319361277435	70.95409181636725
128	32	1	16.36127744510977	64.99600798403193
128	33	1	98.49301397205595	51.133732534930125
128	34	1	194.35329341317365	98.61477045908183
128	35	1	84.41117764471049	181.6347305389222
128	36	1	36.505999999999986	179.02199999999993
128	37	1	29.18599999999999	55.63800000000005
128	38	1	41.50799999999998	69.31000000000006
128	39	1	134.562	148.522
128	40	1	195.58599999999998	26.80400000000001
128	41	1	16.156000000000006	22.39399999999998
128	42	1	179.8183632734532	84.30139720558876
128	43	1	29.750499001996026	110.03992015968069
128	44	1	42.46307385229544	99.39121756487029
128	45	1	8.049999999999999	192.08600000000004
129	1	2	5.115702479338843	5.400826446280992
129	2	2	5.110169491525425	45.39830508474574
129	3	2	5.251028806584367	86.4979423868313
129	4	2	5.036000000000001	124.94399999999997
129	5	2	4.9999999999999964	165.00000000000009
129	6	2	44.988	5.104000000000002
129	7	2	45.40400000000003	45.13199999999998
129	8	2	45.12295081967211	84.8770491803279
129	9	2	45.132	125.40399999999994
129	10	2	45.502008032128465	164.32931726907637
129	11	2	84.99999999999997	5.000000000000002
129	12	2	83.71600000000002	44.44800000000001
129	13	2	85.01200000000003	85.10400000000001
129	14	2	84.988	124.89599999999994
129	15	2	84.99999999999997	164.99999999999991
129	16	2	125.07199999999999	4.939999999999999
129	17	2	125.12400000000005	45.00400000000004
129	18	2	125.05599999999998	84.97199999999994
129	19	2	124.828	124.97199999999997
129	20	2	125.148	165.03999999999996
129	21	2	164.99999999999994	5.000000000000002
129	22	2	164.99999999999994	45.00000000000002
129	23	2	164.36864406779657	84.7330508474576
129	24	2	164.86000000000004	125.01200000000001
129	25	2	165.33600000000004	165.10799999999998
129	26	1	179.2814371257487	19.71457085828343
129	27	1	161.118	140.92199999999994
129	28	1	29.834331337325345	34.52894211576843
129	29	1	183.606	45.466
129	30	1	89.55399999999997	140.3380000000001
129	31	1	1.0299401197604785	70.97005988023952
129	32	1	16.379241516966054	65.00199600798406
129	33	1	98.61077844311369	51.215568862275425
129	34	1	194.33333333333334	98.45508982035919
129	35	1	84.38999999999994	181.65399999999994
129	36	1	36.51497005988026	179.02794411177666
129	37	1	29.129740518962063	55.45508982035928
129	38	1	41.50299401197607	69.26147704590825
129	39	1	134.51200000000003	148.49200000000016
129	40	1	195.6187624750499	26.88223552894211
129	41	1	16.225548902195612	22.30938123752496
129	42	1	179.81800000000013	84.38199999999992
129	43	1	29.533999999999995	109.95200000000006
129	44	1	42.42799999999997	99.39200000000002
129	45	1	8.068000000000003	192.10399999999998
130	1	2	5.115702479338843	5.400826446280992
130	2	2	5.110169491525425	45.39830508474574
130	3	2	5.251028806584367	86.4979423868313
130	4	2	5.036000000000001	124.94399999999997
130	5	2	4.9999999999999964	165.00000000000009
130	6	2	44.988	5.104000000000002
130	7	2	45.40400000000003	45.13199999999998
130	8	2	45.12295081967211	84.8770491803279
130	9	2	45.132	125.40399999999994
130	10	2	45.502008032128465	164.32931726907637
130	11	2	84.99999999999997	5.000000000000002
130	12	2	83.71600000000002	44.44800000000001
130	13	2	85.01200000000003	85.10400000000001
130	14	2	84.988	124.89599999999994
130	15	2	84.99999999999997	164.99999999999991
130	16	2	125.07199999999999	4.939999999999999
130	17	2	125.12400000000005	45.00400000000004
130	18	2	125.05599999999998	84.97199999999994
130	19	2	124.828	124.97199999999997
130	20	2	125.148	165.03999999999996
130	21	2	164.99999999999994	5.000000000000002
130	22	2	164.99999999999994	45.00000000000002
130	23	2	164.36864406779657	84.7330508474576
130	24	2	164.86000000000004	125.01200000000001
130	25	2	165.33600000000004	165.10799999999998
130	26	1	179.41516966067874	19.740518962075868
130	27	1	161.1640000000001	140.904
130	28	1	29.924151696606774	34.40119760479041
130	29	1	183.57684630738527	45.44710578842312
130	30	1	89.58366533864537	140.29880478087637
130	31	1	1.0079840319361284	70.94011976047894
130	32	1	16.45109780439122	65.16766467065871
130	33	1	98.69061876247498	51.313373253493005
130	34	1	194.35470941883767	98.48096192384762
130	35	1	84.33999999999995	181.75800000000015
130	36	1	36.652694610778475	179.07385229540904
130	37	1	28.97804391217564	55.235528942115856
130	38	1	41.33800000000003	69.32399999999993
130	39	1	134.556	148.55599999999995
130	40	1	195.636	26.89800000000001
130	41	1	16.162324649298593	22.3246492985972
130	42	1	179.85856573705183	84.45418326693232
130	43	1	29.56087824351297	109.96407185628736
130	44	1	42.41399999999999	99.40800000000004
130	45	1	8.029940119760484	192.1716566866265
131	1	2	5.115702479338843	5.400826446280992
131	2	2	5.110169491525425	45.39830508474574
131	3	2	5.251028806584367	86.4979423868313
131	4	2	5.036000000000001	124.94399999999997
131	5	2	4.9999999999999964	165.00000000000009
131	6	2	44.988	5.104000000000002
131	7	2	45.40400000000003	45.13199999999998
131	8	2	45.12295081967211	84.8770491803279
131	9	2	45.132	125.40399999999994
131	10	2	45.502008032128465	164.32931726907637
131	11	2	84.99999999999997	5.000000000000002
131	12	2	83.71600000000002	44.44800000000001
131	13	2	85.01200000000003	85.10400000000001
131	14	2	84.988	124.89599999999994
131	15	2	84.99999999999997	164.99999999999991
131	16	2	125.07199999999999	4.939999999999999
131	17	2	125.12400000000005	45.00400000000004
131	18	2	125.05599999999998	84.97199999999994
131	19	2	124.828	124.97199999999997
131	20	2	125.148	165.03999999999996
131	21	2	164.99999999999994	5.000000000000002
131	22	2	164.99999999999994	45.00000000000002
131	23	2	164.36864406779657	84.7330508474576
131	24	2	164.86000000000004	125.01200000000001
131	25	2	165.33600000000004	165.10799999999998
131	26	1	179.38522954091817	19.81437125748505
131	27	1	161.24599999999998	141.07000000000002
131	28	1	29.90419161676647	34.3033932135728
131	29	1	183.56599999999997	45.397999999999975
131	30	1	89.52295409181636	140.38922155688638
131	31	1	1.0119760479041895	70.91017964071862
131	32	1	16.488000000000003	65.22399999999999
131	33	1	98.75648702594812	51.34331337325355
131	34	1	194.344	98.33799999999998
131	35	1	84.37199999999997	181.77
131	36	1	36.75400000000006	179.14599999999996
131	37	1	28.88376753507015	55.10420841683368
131	38	1	41.24750499001999	69.32335329341322
131	39	1	134.6566866267466	148.53293413173648
131	40	1	195.628	26.83800000000002
131	41	1	16.098	22.301999999999996
131	42	1	179.86427145708572	84.50698602794417
131	43	1	29.405189620758478	109.9600798403194
131	44	1	42.42599999999996	99.452
131	45	1	8.046000000000001	192.1319999999999
132	1	2	5.115702479338843	5.400826446280992
132	2	2	5.110169491525425	45.39830508474574
132	3	2	5.251028806584367	86.4979423868313
132	4	2	5.036000000000001	124.94399999999997
132	5	2	4.9999999999999964	165.00000000000009
132	6	2	44.988	5.104000000000002
132	7	2	45.40400000000003	45.13199999999998
132	8	2	45.12295081967211	84.8770491803279
132	9	2	45.132	125.40399999999994
132	10	2	45.502008032128465	164.32931726907637
132	11	2	84.99999999999997	5.000000000000002
132	12	2	83.71600000000002	44.44800000000001
132	13	2	85.01200000000003	85.10400000000001
132	14	2	84.988	124.89599999999994
132	15	2	84.99999999999997	164.99999999999991
132	16	2	125.07199999999999	4.939999999999999
132	17	2	125.12400000000005	45.00400000000004
132	18	2	125.05599999999998	84.97199999999994
132	19	2	124.828	124.97199999999997
132	20	2	125.148	165.03999999999996
132	21	2	164.99999999999994	5.000000000000002
132	22	2	164.99999999999994	45.00000000000002
132	23	2	164.36864406779657	84.7330508474576
132	24	2	164.86000000000004	125.01200000000001
132	25	2	165.33600000000004	165.10799999999998
132	26	1	179.50599999999994	19.676000000000016
132	27	1	161.32199999999983	141.07999999999973
132	28	1	30.009940357852877	34.14314115308149
132	29	1	183.574	45.42799999999996
132	30	1	89.58799999999994	140.4359999999999
132	31	1	1.0199999999999954	70.91600000000004
132	32	1	16.50200000000001	65.20400000000004
132	33	1	98.82599999999994	51.296
132	34	1	194.3373253493014	98.26746506986024
132	35	1	84.36	181.83399999999992
132	36	1	36.92399999999999	179.22000000000003
132	37	1	28.82000000000001	54.95799999999999
132	38	1	41.18762475049899	69.31137724550904
132	39	1	134.72599999999986	148.53800000000007
132	40	1	195.626	26.922000000000025
132	41	1	16.0998003992016	22.241516966067874
132	42	1	179.92000000000016	84.43600000000004
132	43	1	29.347305389221553	109.92614770459079
132	44	1	42.34800000000002	99.50399999999995
132	45	1	8.177644710578845	192.19161676646718
133	1	2	5.115702479338843	5.400826446280992
133	2	2	5.110169491525425	45.39830508474574
133	3	2	5.251028806584367	86.4979423868313
133	4	2	5.036000000000001	124.94399999999997
133	5	2	4.9999999999999964	165.00000000000009
133	6	2	44.988	5.104000000000002
133	7	2	45.40400000000003	45.13199999999998
133	8	2	45.12295081967211	84.8770491803279
133	9	2	45.132	125.40399999999994
133	10	2	45.502008032128465	164.32931726907637
133	11	2	84.99999999999997	5.000000000000002
133	12	2	83.71600000000002	44.44800000000001
133	13	2	85.01200000000003	85.10400000000001
133	14	2	84.988	124.89599999999994
133	15	2	84.99999999999997	164.99999999999991
133	16	2	125.07199999999999	4.939999999999999
133	17	2	125.12400000000005	45.00400000000004
133	18	2	125.05599999999998	84.97199999999994
133	19	2	124.828	124.97199999999997
133	20	2	125.148	165.03999999999996
133	21	2	164.99999999999994	5.000000000000002
133	22	2	164.99999999999994	45.00000000000002
133	23	2	164.36864406779657	84.7330508474576
133	24	2	164.86000000000004	125.01200000000001
133	25	2	165.33600000000004	165.10799999999998
133	26	1	179.561122244489	19.589178356713443
133	27	1	161.40836653386458	141.13944223107575
133	28	1	29.955911823647313	34.12625250500998
133	29	1	183.5	45.381999999999984
133	30	1	89.61800000000001	140.5239999999999
133	31	1	1.003992015968061	70.85229540918175
133	32	1	16.55110220440884	65.30060120240479
133	33	1	98.81600000000003	51.418
133	34	1	194.412	98.07199999999997
133	35	1	84.31137724550895	181.79640718562885
133	36	1	37.037924151696636	179.1916167664669
133	37	1	28.774451097804384	54.87624750499002
133	38	1	41.10821643286572	69.31262525050104
133	39	1	134.778	148.53599999999994
133	40	1	195.61	27.088000000000005
133	41	1	16.037924151696604	22.255489021956073
133	42	1	179.86599999999996	84.53000000000004
133	43	1	29.341317365269443	109.95608782435137
133	44	1	42.25149700598803	99.48303393213567
133	45	1	8.223999999999998	192.242
134	1	2	5.115702479338843	5.400826446280992
134	2	2	5.110169491525425	45.39830508474574
134	3	2	5.251028806584367	86.4979423868313
134	4	2	5.036000000000001	124.94399999999997
134	5	2	4.9999999999999964	165.00000000000009
134	6	2	44.988	5.104000000000002
134	7	2	45.40400000000003	45.13199999999998
134	8	2	45.12295081967211	84.8770491803279
134	9	2	45.132	125.40399999999994
134	10	2	45.502008032128465	164.32931726907637
134	11	2	84.99999999999997	5.000000000000002
134	12	2	83.71600000000002	44.44800000000001
134	13	2	85.01200000000003	85.10400000000001
134	14	2	84.988	124.89599999999994
134	15	2	84.99999999999997	164.99999999999991
134	16	2	125.07199999999999	4.939999999999999
134	17	2	125.12400000000005	45.00400000000004
134	18	2	125.05599999999998	84.97199999999994
134	19	2	124.828	124.97199999999997
134	20	2	125.148	165.03999999999996
134	21	2	164.99999999999994	5.000000000000002
134	22	2	164.99999999999994	45.00000000000002
134	23	2	164.36864406779657	84.7330508474576
134	24	2	164.86000000000004	125.01200000000001
134	25	2	165.33600000000004	165.10799999999998
134	26	1	179.62948207171314	19.47609561752988
134	27	1	161.58717434869757	141.24448897795585
134	28	1	30.032064128256486	34.04809619238477
134	29	1	183.562	45.40200000000003
134	30	1	89.64870259481039	140.52694610778437
134	31	1	0.9519999999999992	70.84800000000007
134	32	1	16.625250501001997	65.36673346693387
134	33	1	98.942	51.406
134	34	1	194.5189620758483	97.99201596806388
134	35	1	84.27599999999998	181.81800000000015
134	36	1	37.013972055888274	179.21157684630734
134	37	1	28.655999999999977	54.662000000000006
134	38	1	41.12774451097803	69.24151696606786
134	39	1	134.87999999999997	148.55399999999992
134	40	1	195.618	27.07000000000001
134	41	1	15.992015968063876	22.21357285429141
134	42	1	179.89000000000007	84.69000000000001
134	43	1	29.36199999999999	109.98799999999999
134	44	1	42.17234468937874	99.51302605210414
134	45	1	8.508	192.22199999999998
135	1	2	5.115702479338843	5.400826446280992
135	2	2	5.110169491525425	45.39830508474574
135	3	2	5.251028806584367	86.4979423868313
135	4	2	5.036000000000001	124.94399999999997
135	5	2	4.9999999999999964	165.00000000000009
135	6	2	44.988	5.104000000000002
135	7	2	45.40400000000003	45.13199999999998
135	8	2	45.12295081967211	84.8770491803279
135	9	2	45.132	125.40399999999994
135	10	2	45.502008032128465	164.32931726907637
135	11	2	84.99999999999997	5.000000000000002
135	12	2	83.71600000000002	44.44800000000001
135	13	2	85.01200000000003	85.10400000000001
135	14	2	84.988	124.89599999999994
135	15	2	84.99999999999997	164.99999999999991
135	16	2	125.07199999999999	4.939999999999999
135	17	2	125.12400000000005	45.00400000000004
135	18	2	125.05599999999998	84.97199999999994
135	19	2	124.828	124.97199999999997
135	20	2	125.148	165.03999999999996
135	21	2	164.99999999999994	5.000000000000002
135	22	2	164.99999999999994	45.00000000000002
135	23	2	164.36864406779657	84.7330508474576
135	24	2	164.86000000000004	125.01200000000001
135	25	2	165.33600000000004	165.10799999999998
135	26	1	179.67200000000003	19.382
135	27	1	161.61523046092182	141.41282565130257
135	28	1	30.133732534930136	34.00199600798401
135	29	1	183.53400000000002	45.368
135	30	1	89.61599999999994	140.54800000000003
135	31	1	0.9340000000000018	70.77000000000001
135	32	1	16.688000000000017	65.36799999999998
135	33	1	98.98003992015963	51.662674650698634
135	34	1	194.494	97.85400000000004
135	35	1	84.18599999999991	181.87400000000005
135	36	1	36.952095808383255	179.18962075848316
135	37	1	28.603206412825653	54.571142284569135
135	38	1	41.07199999999998	69.24
135	39	1	134.9920159680639	148.53892215568848
135	40	1	195.5888223552894	27.12574850299399
135	41	1	16.01	22.17000000000001
135	42	1	179.87824351297414	84.75049900199609
135	43	1	29.199600798403203	109.90818363273448
135	44	1	42.16999999999997	99.51799999999996
135	45	1	8.593999999999998	192.14200000000002
136	1	2	5.115702479338843	5.400826446280992
136	2	2	5.110169491525425	45.39830508474574
136	3	2	5.251028806584367	86.4979423868313
136	4	2	5.036000000000001	124.94399999999997
136	5	2	4.9999999999999964	165.00000000000009
136	6	2	44.988	5.104000000000002
136	7	2	45.40400000000003	45.13199999999998
136	8	2	45.12295081967211	84.8770491803279
136	9	2	45.132	125.40399999999994
136	10	2	45.502008032128465	164.32931726907637
136	11	2	84.99999999999997	5.000000000000002
136	12	2	83.71600000000002	44.44800000000001
136	13	2	85.01200000000003	85.10400000000001
136	14	2	84.988	124.89599999999994
136	15	2	84.99999999999997	164.99999999999991
136	16	2	125.07199999999999	4.939999999999999
136	17	2	125.12400000000005	45.00400000000004
136	18	2	125.05599999999998	84.97199999999994
136	19	2	124.828	124.97199999999997
136	20	2	125.148	165.03999999999996
136	21	2	164.99999999999994	5.000000000000002
136	22	2	164.99999999999994	45.00000000000002
136	23	2	164.36864406779657	84.7330508474576
136	24	2	164.86000000000004	125.01200000000001
136	25	2	165.33600000000004	165.10799999999998
136	26	1	179.8123752495009	19.233532934131738
136	27	1	161.80239520958088	141.5209580838323
136	28	1	30.298597194388783	33.88376753507015
136	29	1	183.47799999999998	45.28999999999999
136	30	1	89.63273453093812	140.5628742514971
136	31	1	0.9441117764471038	70.73253493013975
136	32	1	16.716000000000005	65.36799999999998
136	33	1	99.05000000000004	51.755999999999986
136	34	1	194.454	97.75
136	35	1	84.12400000000007	181.9419999999999
136	36	1	36.94011976047904	179.19960079840308
136	37	1	28.511952191235082	54.44422310756972
136	38	1	41.11800000000006	69.1699999999999
136	39	1	135.04800000000006	148.4739999999999
136	40	1	195.62948207171314	27.2390438247012
136	41	1	16.09381237524951	22.11576846307386
136	42	1	179.8542914171656	84.82235528942111
136	43	1	28.96407185628741	109.82634730538932
136	44	1	42.173652694610745	99.59281437125743
136	45	1	8.714570858283436	192.10179640718576
137	1	2	5.115702479338843	5.400826446280992
137	2	2	5.110169491525425	45.39830508474574
137	3	2	5.251028806584367	86.4979423868313
137	4	2	5.036000000000001	124.94399999999997
137	5	2	4.9999999999999964	165.00000000000009
137	6	2	44.988	5.104000000000002
137	7	2	45.40400000000003	45.13199999999998
137	8	2	45.12295081967211	84.8770491803279
137	9	2	45.132	125.40399999999994
137	10	2	45.502008032128465	164.32931726907637
137	11	2	84.99999999999997	5.000000000000002
137	12	2	83.71600000000002	44.44800000000001
137	13	2	85.01200000000003	85.10400000000001
137	14	2	84.988	124.89599999999994
137	15	2	84.99999999999997	164.99999999999991
137	16	2	125.07199999999999	4.939999999999999
137	17	2	125.12400000000005	45.00400000000004
137	18	2	125.05599999999998	84.97199999999994
137	19	2	124.828	124.97199999999997
137	20	2	125.148	165.03999999999996
137	21	2	164.99999999999994	5.000000000000002
137	22	2	164.99999999999994	45.00000000000002
137	23	2	164.36864406779657	84.7330508474576
137	24	2	164.86000000000004	125.01200000000001
137	25	2	165.33600000000004	165.10799999999998
137	26	1	179.82035928143705	19.169660678642693
137	27	1	161.90618762475052	141.48902195608804
137	28	1	30.462	33.83599999999997
137	29	1	183.45109780439122	45.195608782435166
137	30	1	89.64599999999993	140.60200000000012
137	31	1	0.9161676646706579	70.69261477045897
137	32	1	16.804391217564863	65.40518962075849
137	33	1	98.96199999999997	51.814
137	34	1	194.38323353293413	97.61876247504979
137	35	1	84.04208416833669	181.95190380761517
137	36	1	36.93812375249498	179.20159680638724
137	37	1	28.499999999999986	54.29000000000003
137	38	1	41.13599999999999	69.15800000000004
137	39	1	135.28143712574848	148.36526946107782
137	40	1	195.72654690618762	27.331337325349313
137	41	1	16.096000000000007	22.140000000000025
137	42	1	179.84399999999985	84.75199999999998
137	43	1	28.792000000000005	109.73200000000004
137	44	1	42.05599999999999	99.64400000000003
137	45	1	8.802395209580824	192.13572854291417
138	1	2	5.115702479338843	5.400826446280992
138	2	2	5.110169491525425	45.39830508474574
138	3	2	5.251028806584367	86.4979423868313
138	4	2	5.036000000000001	124.94399999999997
138	5	2	4.9999999999999964	165.00000000000009
138	6	2	44.988	5.104000000000002
138	7	2	45.40400000000003	45.13199999999998
138	8	2	45.12295081967211	84.8770491803279
138	9	2	45.132	125.40399999999994
138	10	2	45.502008032128465	164.32931726907637
138	11	2	84.99999999999997	5.000000000000002
138	12	2	83.71600000000002	44.44800000000001
138	13	2	85.01200000000003	85.10400000000001
138	14	2	84.988	124.89599999999994
138	15	2	84.99999999999997	164.99999999999991
138	16	2	125.07199999999999	4.939999999999999
138	17	2	125.12400000000005	45.00400000000004
138	18	2	125.05599999999998	84.97199999999994
138	19	2	124.828	124.97199999999997
138	20	2	125.148	165.03999999999996
138	21	2	164.99999999999994	5.000000000000002
138	22	2	164.99999999999994	45.00000000000002
138	23	2	164.36864406779657	84.7330508474576
138	24	2	164.86000000000004	125.01200000000001
138	25	2	165.33600000000004	165.10799999999998
138	26	1	179.85600000000005	19.17800000000001
138	27	1	162.1759999999999	141.52399999999992
138	28	1	30.49	33.79600000000003
138	29	1	183.446	45.106000000000044
138	30	1	89.71743486973956	140.54308617234466
138	31	1	0.852	70.59599999999999
138	32	1	16.8316633266533	65.45490981963928
138	33	1	98.98207171314739	51.814741035856535
138	34	1	194.32335329341316	97.48702594810376
138	35	1	84.04191616766471	181.96806387225556
138	36	1	36.90999999999998	179.21399999999966
138	37	1	28.46400000000001	54.230000000000004
138	38	1	41.10600000000004	69.12799999999994
138	39	1	135.44599999999986	148.24000000000018
138	40	1	195.78243512974052	27.32734530938124
138	41	1	16.098000000000003	22.118000000000016
138	42	1	179.78600000000012	85.01800000000003
138	43	1	28.697999999999997	109.68199999999997
138	44	1	42.03399999999995	99.67600000000002
138	45	1	8.741999999999997	192.1299999999999
139	1	2	5.115702479338843	5.400826446280992
139	2	2	5.110169491525425	45.39830508474574
139	3	2	5.251028806584367	86.4979423868313
139	4	2	5.036000000000001	124.94399999999997
139	5	2	4.9999999999999964	165.00000000000009
139	6	2	44.988	5.104000000000002
139	7	2	45.40400000000003	45.13199999999998
139	8	2	45.12295081967211	84.8770491803279
139	9	2	45.132	125.40399999999994
139	10	2	45.502008032128465	164.32931726907637
139	11	2	84.99999999999997	5.000000000000002
139	12	2	83.71600000000002	44.44800000000001
139	13	2	85.01200000000003	85.10400000000001
139	14	2	84.988	124.89599999999994
139	15	2	84.99999999999997	164.99999999999991
139	16	2	125.07199999999999	4.939999999999999
139	17	2	125.12400000000005	45.00400000000004
139	18	2	125.05599999999998	84.97199999999994
139	19	2	124.828	124.97199999999997
139	20	2	125.148	165.03999999999996
139	21	2	164.99999999999994	5.000000000000002
139	22	2	164.99999999999994	45.00000000000002
139	23	2	164.36864406779657	84.7330508474576
139	24	2	164.86000000000004	125.01200000000001
139	25	2	165.33600000000004	165.10799999999998
139	26	1	179.9141716566868	19.073852295409182
139	27	1	162.26746506986032	141.61876247505003
139	28	1	30.507999999999992	33.71000000000003
139	29	1	183.43086172344687	45.014028056112245
139	30	1	89.71799999999999	140.5899999999999
139	31	1	0.7884231536926162	70.56087824351303
139	32	1	16.878000000000014	65.46599999999992
139	33	1	99.07400000000003	51.78199999999997
139	34	1	194.412	97.46800000000003
139	35	1	84.05800000000004	181.93599999999984
139	36	1	36.88223552894212	179.19560878243504
139	37	1	28.479999999999972	54.18800000000004
139	38	1	41.10800000000001	69.15399999999995
139	39	1	135.40000000000006	148.2659999999998
139	40	1	195.80439121756487	27.39520958083833
139	41	1	16.013999999999992	22.108000000000015
139	42	1	179.77245508982028	85.08183632734531
139	43	1	28.554890219560875	109.69061876247503
139	44	1	41.92215568862277	99.67265469061874
139	45	1	8.850299401197606	192.20159680638716
140	1	2	5.115702479338843	5.400826446280992
140	2	2	5.110169491525425	45.39830508474574
140	3	2	5.251028806584367	86.4979423868313
140	4	2	5.036000000000001	124.94399999999997
140	5	2	4.9999999999999964	165.00000000000009
140	6	2	44.988	5.104000000000002
140	7	2	45.40400000000003	45.13199999999998
140	8	2	45.12295081967211	84.8770491803279
140	9	2	45.132	125.40399999999994
140	10	2	45.502008032128465	164.32931726907637
140	11	2	84.99999999999997	5.000000000000002
140	12	2	83.71600000000002	44.44800000000001
140	13	2	85.01200000000003	85.10400000000001
140	14	2	84.988	124.89599999999994
140	15	2	84.99999999999997	164.99999999999991
140	16	2	125.07199999999999	4.939999999999999
140	17	2	125.12400000000005	45.00400000000004
140	18	2	125.05599999999998	84.97199999999994
140	19	2	124.828	124.97199999999997
140	20	2	125.148	165.03999999999996
140	21	2	164.99999999999994	5.000000000000002
140	22	2	164.99999999999994	45.00000000000002
140	23	2	164.36864406779657	84.7330508474576
140	24	2	164.86000000000004	125.01200000000001
140	25	2	165.33600000000004	165.10799999999998
140	26	1	179.93612774451108	19.001996007984026
140	27	1	162.37799999999996	141.624
140	28	1	30.574000000000012	33.57400000000003
140	29	1	183.428	44.90800000000002
140	30	1	89.74199999999995	140.57800000000003
140	31	1	0.8103792415169652	70.50898203592811
140	32	1	16.91000000000001	65.45799999999997
140	33	1	99.10399999999989	51.81199999999998
140	34	1	194.384	97.34399999999992
140	35	1	84.05800000000004	181.93599999999984
140	36	1	36.786	179.22199999999987
140	37	1	28.43027888446214	54.05976095617531
140	38	1	41.09980039920159	69.13772455089823
140	39	1	135.4462151394421	148.21713147410347
140	40	1	195.87025948103792	27.421157684630742
140	41	1	16.03193612774451	21.902195608782435
140	42	1	179.7924151696606	85.16966067864267
140	43	1	28.399201596806382	109.61876247504986
140	44	1	41.85599999999995	99.77799999999996
140	45	1	8.921999999999995	192.22400000000016
141	1	2	5.115702479338843	5.400826446280992
141	2	2	5.110169491525425	45.39830508474574
141	3	2	5.251028806584367	86.4979423868313
141	4	2	5.036000000000001	124.94399999999997
141	5	2	4.9999999999999964	165.00000000000009
141	6	2	44.988	5.104000000000002
141	7	2	45.40400000000003	45.13199999999998
141	8	2	45.12295081967211	84.8770491803279
141	9	2	45.132	125.40399999999994
141	10	2	45.502008032128465	164.32931726907637
141	11	2	84.99999999999997	5.000000000000002
141	12	2	83.71600000000002	44.44800000000001
141	13	2	85.01200000000003	85.10400000000001
141	14	2	84.988	124.89599999999994
141	15	2	84.99999999999997	164.99999999999991
141	16	2	125.07199999999999	4.939999999999999
141	17	2	125.12400000000005	45.00400000000004
141	18	2	125.05599999999998	84.97199999999994
141	19	2	124.828	124.97199999999997
141	20	2	125.148	165.03999999999996
141	21	2	164.99999999999994	5.000000000000002
141	22	2	164.99999999999994	45.00000000000002
141	23	2	164.36864406779657	84.7330508474576
141	24	2	164.86000000000004	125.01200000000001
141	25	2	165.33600000000004	165.10799999999998
141	26	1	179.98203592814377	18.874251497006004
141	27	1	162.4460000000001	141.73399999999995
141	28	1	30.622754491017982	33.47904191616762
141	29	1	183.464	44.86000000000004
141	30	1	89.78443113772455	140.60079840319364
141	31	1	0.8103792415169666	70.45109780439122
141	32	1	16.986	65.45199999999996
141	33	1	99.13999999999994	51.79600000000001
141	34	1	194.34199999999998	97.2599999999999
141	35	1	84.00199600798402	181.92614770459096
141	36	1	36.88023952095806	179.18962075848302
141	37	1	28.453999999999997	53.87999999999995
141	38	1	41.035999999999994	69.17199999999997
141	39	1	135.48400000000015	148.0900000000001
141	40	1	195.89421157684632	27.493013972055877
141	41	1	16.05400000000002	21.926000000000002
141	42	1	179.7640000000001	85.20400000000001
141	43	1	28.233532934131723	109.5508982035928
141	44	1	41.886227544910184	99.80638722554885
141	45	1	9.0499001996008	192.36526946107784
142	1	2	5.115702479338843	5.400826446280992
142	2	2	5.110169491525425	45.39830508474574
142	3	2	5.251028806584367	86.4979423868313
142	4	2	5.036000000000001	124.94399999999997
142	5	2	4.9999999999999964	165.00000000000009
142	6	2	44.988	5.104000000000002
142	7	2	45.40400000000003	45.13199999999998
142	8	2	45.12295081967211	84.8770491803279
142	9	2	45.132	125.40399999999994
142	10	2	45.502008032128465	164.32931726907637
142	11	2	84.99999999999997	5.000000000000002
142	12	2	83.71600000000002	44.44800000000001
142	13	2	85.01200000000003	85.10400000000001
142	14	2	84.988	124.89599999999994
142	15	2	84.99999999999997	164.99999999999991
142	16	2	125.07199999999999	4.939999999999999
142	17	2	125.12400000000005	45.00400000000004
142	18	2	125.05599999999998	84.97199999999994
142	19	2	124.828	124.97199999999997
142	20	2	125.148	165.03999999999996
142	21	2	164.99999999999994	5.000000000000002
142	22	2	164.99999999999994	45.00000000000002
142	23	2	164.36864406779657	84.7330508474576
142	24	2	164.86000000000004	125.01200000000001
142	25	2	165.33600000000004	165.10799999999998
142	26	1	180.0358565737053	18.870517928286855
142	27	1	162.58882235528947	141.75049900199602
142	28	1	30.73453093812376	33.35129740518964
142	29	1	183.49101796407186	44.87225548902192
142	30	1	89.81037924151708	140.64071856287413
142	31	1	0.8400000000000016	70.46000000000005
142	32	1	17.061752988047804	65.5358565737052
142	33	1	99.23200000000003	51.791999999999994
142	34	1	194.34462151394422	97.1772908366534
142	35	1	84.05599999999991	181.94599999999994
142	36	1	36.83433133732537	179.10778443113756
142	37	1	28.43999999999999	53.727999999999994
142	38	1	41.008	69.22799999999998
142	39	1	135.48199999999997	148.0319999999999
142	40	1	195.97194388777555	27.62124248496993
142	41	1	15.976000000000003	21.89
142	42	1	179.70858283433134	85.31137724550894
142	43	1	28.181636726546905	109.44111776447106
142	44	1	41.87599999999998	99.81199999999998
142	45	1	8.981999999999992	192.4200000000001
143	1	2	5.115702479338843	5.400826446280992
143	2	2	5.110169491525425	45.39830508474574
143	3	2	5.251028806584367	86.4979423868313
143	4	2	5.036000000000001	124.94399999999997
143	5	2	4.9999999999999964	165.00000000000009
143	6	2	44.988	5.104000000000002
143	7	2	45.40400000000003	45.13199999999998
143	8	2	45.12295081967211	84.8770491803279
143	9	2	45.132	125.40399999999994
143	10	2	45.502008032128465	164.32931726907637
143	11	2	84.99999999999997	5.000000000000002
143	12	2	83.71600000000002	44.44800000000001
143	13	2	85.01200000000003	85.10400000000001
143	14	2	84.988	124.89599999999994
143	15	2	84.99999999999997	164.99999999999991
143	16	2	125.07199999999999	4.939999999999999
143	17	2	125.12400000000005	45.00400000000004
143	18	2	125.05599999999998	84.97199999999994
143	19	2	124.828	124.97199999999997
143	20	2	125.148	165.03999999999996
143	21	2	164.99999999999994	5.000000000000002
143	22	2	164.99999999999994	45.00000000000002
143	23	2	164.36864406779657	84.7330508474576
143	24	2	164.86000000000004	125.01200000000001
143	25	2	165.33600000000004	165.10799999999998
143	26	1	180.0459081836329	18.82235528942117
143	27	1	162.6626746506988	141.81836327345306
143	28	1	30.780439121756487	33.25349301397203
143	29	1	183.552	44.89
143	30	1	89.88999999999993	140.644
143	31	1	0.8283433133732577	70.40119760479035
143	32	1	17.097804391217572	65.56686626746504
143	33	1	99.30599999999993	51.73600000000001
143	34	1	194.24151696606788	97.01996007984036
143	35	1	84.05599999999991	181.94599999999994
143	36	1	36.72654690618762	179.17165668662673
143	37	1	28.40518962075848	53.6367265469062
143	38	1	40.98802395209581	69.22754491017962
143	39	1	135.6027944111775	147.83433133732527
143	40	1	196.036	27.56999999999997
143	41	1	15.991999999999994	21.834000000000007
143	42	1	179.64870259481043	85.42514970059881
143	43	1	27.961999999999993	109.30800000000005
143	44	1	41.85	99.86600000000007
143	45	1	8.964071856287434	192.45109780439137
144	1	2	5.115702479338843	5.400826446280992
144	2	2	5.110169491525425	45.39830508474574
144	3	2	5.251028806584367	86.4979423868313
144	4	2	5.036000000000001	124.94399999999997
144	5	2	4.9999999999999964	165.00000000000009
144	6	2	44.988	5.104000000000002
144	7	2	45.40400000000003	45.13199999999998
144	8	2	45.12295081967211	84.8770491803279
144	9	2	45.132	125.40399999999994
144	10	2	45.502008032128465	164.32931726907637
144	11	2	84.99999999999997	5.000000000000002
144	12	2	83.71600000000002	44.44800000000001
144	13	2	85.01200000000003	85.10400000000001
144	14	2	84.988	124.89599999999994
144	15	2	84.99999999999997	164.99999999999991
144	16	2	125.07199999999999	4.939999999999999
144	17	2	125.12400000000005	45.00400000000004
144	18	2	125.05599999999998	84.97199999999994
144	19	2	124.828	124.97199999999997
144	20	2	125.148	165.03999999999996
144	21	2	164.99999999999994	5.000000000000002
144	22	2	164.99999999999994	45.00000000000002
144	23	2	164.36864406779657	84.7330508474576
144	24	2	164.86000000000004	125.01200000000001
144	25	2	165.33600000000004	165.10799999999998
144	26	1	180.0120000000001	18.807999999999986
144	27	1	162.77844311377257	141.77844311377245
144	28	1	30.83832335329344	33.13173652694615
144	29	1	183.61599999999999	44.90199999999998
144	30	1	89.976	140.70600000000007
144	31	1	0.7365269461077808	70.35528942115768
144	32	1	17.102	65.49400000000003
144	33	1	99.3413173652695	51.77245508982041
144	34	1	194.22	96.93800000000002
144	35	1	84.106	181.96399999999988
144	36	1	36.64400000000005	179.15999999999997
144	37	1	28.327999999999978	53.482
144	38	1	40.79599999999998	69.35199999999995
144	39	1	135.72111553784862	147.73705179282894
144	40	1	196.128	27.514000000000017
144	41	1	16.024000000000004	21.68799999999999
144	42	1	179.62874251497004	85.5249500998004
144	43	1	27.814371257485032	109.22355289421148
144	44	1	41.898	99.91399999999999
144	45	1	8.970000000000008	192.4700000000001
145	1	2	5.115702479338843	5.400826446280992
145	2	2	5.110169491525425	45.39830508474574
145	3	2	5.251028806584367	86.4979423868313
145	4	2	5.036000000000001	124.94399999999997
145	5	2	4.9999999999999964	165.00000000000009
145	6	2	44.988	5.104000000000002
145	7	2	45.40400000000003	45.13199999999998
145	8	2	45.12295081967211	84.8770491803279
145	9	2	45.132	125.40399999999994
145	10	2	45.502008032128465	164.32931726907637
145	11	2	84.99999999999997	5.000000000000002
145	12	2	83.71600000000002	44.44800000000001
145	13	2	85.01200000000003	85.10400000000001
145	14	2	84.988	124.89599999999994
145	15	2	84.99999999999997	164.99999999999991
145	16	2	125.07199999999999	4.939999999999999
145	17	2	125.12400000000005	45.00400000000004
145	18	2	125.05599999999998	84.97199999999994
145	19	2	124.828	124.97199999999997
145	20	2	125.148	165.03999999999996
145	21	2	164.99999999999994	5.000000000000002
145	22	2	164.99999999999994	45.00000000000002
145	23	2	164.36864406779657	84.7330508474576
145	24	2	164.86000000000004	125.01200000000001
145	25	2	165.33600000000004	165.10799999999998
145	26	1	180.03999999999994	18.865999999999993
145	27	1	162.88223552894215	141.89421157684617
145	28	1	30.974000000000007	33.082
145	29	1	183.652	44.89600000000001
145	30	1	90.07784431137722	140.75249500997995
145	31	1	0.7539999999999999	70.41999999999994
145	32	1	17.072000000000003	65.43199999999997
145	33	1	99.26746506986031	51.51696606786427
145	34	1	194.13972055888223	96.87425149700596
145	35	1	84.15800000000004	181.95000000000005
145	36	1	36.67664670658686	179.12974051896205
145	37	1	28.26546906187625	53.37524950099797
145	38	1	40.699999999999974	69.46400000000003
145	39	1	135.86027944111774	147.63073852295432
145	40	1	196.17	27.558000000000032
145	41	1	16.083832335329344	21.688622754491032
145	42	1	179.58000000000013	85.54199999999994
145	43	1	27.747999999999998	109.20000000000016
145	44	1	41.89399999999998	99.96200000000003
145	45	1	9.042000000000007	192.53399999999993
146	1	2	5.115702479338843	5.400826446280992
146	2	2	5.110169491525425	45.39830508474574
146	3	2	5.251028806584367	86.4979423868313
146	4	2	5.036000000000001	124.94399999999997
146	5	2	4.9999999999999964	165.00000000000009
146	6	2	44.988	5.104000000000002
146	7	2	45.40400000000003	45.13199999999998
146	8	2	45.12295081967211	84.8770491803279
146	9	2	45.132	125.40399999999994
146	10	2	45.502008032128465	164.32931726907637
146	11	2	84.99999999999997	5.000000000000002
146	12	2	83.71600000000002	44.44800000000001
146	13	2	85.01200000000003	85.10400000000001
146	14	2	84.988	124.89599999999994
146	15	2	84.99999999999997	164.99999999999991
146	16	2	125.07199999999999	4.939999999999999
146	17	2	125.12400000000005	45.00400000000004
146	18	2	125.05599999999998	84.97199999999994
146	19	2	124.828	124.97199999999997
146	20	2	125.148	165.03999999999996
146	21	2	164.99999999999994	5.000000000000002
146	22	2	164.99999999999994	45.00000000000002
146	23	2	164.36864406779657	84.7330508474576
146	24	2	164.86000000000004	125.01200000000001
146	25	2	165.33600000000004	165.10799999999998
146	26	1	179.96600000000004	18.684000000000022
146	27	1	163.10358565737036	142.03984063745014
146	28	1	30.978000000000023	33.01
146	29	1	183.64870259481037	44.82634730538925
146	30	1	90.16766467065864	140.7604790419161
146	31	1	0.7379999999999982	70.41
146	32	1	17.133732534930157	65.40918163672652
146	33	1	99.28999999999995	51.47999999999995
146	34	1	194.046	96.7479999999999
146	35	1	84.19799999999992	181.9999999999999
146	36	1	36.590818363273456	179.0518962075849
146	37	1	28.23552894211578	53.191616766467035
146	38	1	40.636	69.59400000000001
146	39	1	135.9461077844311	147.50898203592791
146	40	1	196.136	27.644000000000005
146	41	1	16.005999999999993	21.644
146	42	1	179.552	85.60799999999993
146	43	1	27.527999999999984	109.07999999999987
146	44	1	41.90219560878247	100.07185628742509
146	45	1	9.108000000000006	192.53199999999984
147	1	2	5.115702479338843	5.400826446280992
147	2	2	5.110169491525425	45.39830508474574
147	3	2	5.251028806584367	86.4979423868313
147	4	2	5.036000000000001	124.94399999999997
147	5	2	4.9999999999999964	165.00000000000009
147	6	2	44.988	5.104000000000002
147	7	2	45.40400000000003	45.13199999999998
147	8	2	45.12295081967211	84.8770491803279
147	9	2	45.132	125.40399999999994
147	10	2	45.502008032128465	164.32931726907637
147	11	2	84.99999999999997	5.000000000000002
147	12	2	83.71600000000002	44.44800000000001
147	13	2	85.01200000000003	85.10400000000001
147	14	2	84.988	124.89599999999994
147	15	2	84.99999999999997	164.99999999999991
147	16	2	125.07199999999999	4.939999999999999
147	17	2	125.12400000000005	45.00400000000004
147	18	2	125.05599999999998	84.97199999999994
147	19	2	124.828	124.97199999999997
147	20	2	125.148	165.03999999999996
147	21	2	164.99999999999994	5.000000000000002
147	22	2	164.99999999999994	45.00000000000002
147	23	2	164.36864406779657	84.7330508474576
147	24	2	164.86000000000004	125.01200000000001
147	25	2	165.33600000000004	165.10799999999998
147	26	1	179.95400000000006	18.536000000000012
147	27	1	163.11200000000014	142.14799999999994
147	28	1	31.02395209580839	32.934131736526915
147	29	1	183.66666666666669	44.83033932135731
147	30	1	90.29740518962072	140.7385229540918
147	31	1	0.698602794411174	70.39321357285428
147	32	1	17.11952191235061	65.30876494023907
147	33	1	99.39720558882229	51.620758483033924
147	34	1	194.04	96.69599999999998
147	35	1	84.15799999999999	182.16199999999992
147	36	1	36.60678642714569	179.0978043912178
147	37	1	28.18363273453094	53.11576846307385
147	38	1	40.68199999999999	69.6
147	39	1	136.04590818363263	147.4610778443113
147	40	1	196.1437125748503	27.738522954091827
147	41	1	16.047904191616762	21.540918163672657
147	42	1	179.51799999999992	85.64199999999997
147	43	1	27.343313373253505	109.0079840319362
147	44	1	41.954	100.146
147	45	1	9.309999999999993	192.47599999999977
148	1	2	5.115702479338843	5.400826446280992
148	2	2	5.110169491525425	45.39830508474574
148	3	2	5.251028806584367	86.4979423868313
148	4	2	5.036000000000001	124.94399999999997
148	5	2	4.9999999999999964	165.00000000000009
148	6	2	44.988	5.104000000000002
148	7	2	45.40400000000003	45.13199999999998
148	8	2	45.12295081967211	84.8770491803279
148	9	2	45.132	125.40399999999994
148	10	2	45.502008032128465	164.32931726907637
148	11	2	84.99999999999997	5.000000000000002
148	12	2	83.71600000000002	44.44800000000001
148	13	2	85.01200000000003	85.10400000000001
148	14	2	84.988	124.89599999999994
148	15	2	84.99999999999997	164.99999999999991
148	16	2	125.07199999999999	4.939999999999999
148	17	2	125.12400000000005	45.00400000000004
148	18	2	125.05599999999998	84.97199999999994
148	19	2	124.828	124.97199999999997
148	20	2	125.148	165.03999999999996
148	21	2	164.99999999999994	5.000000000000002
148	22	2	164.99999999999994	45.00000000000002
148	23	2	164.36864406779657	84.7330508474576
148	24	2	164.86000000000004	125.01200000000001
148	25	2	165.33600000000004	165.10799999999998
148	26	1	179.8900000000001	18.510000000000016
148	27	1	163.2500000000001	142.22399999999996
148	28	1	30.945999999999994	32.874000000000024
148	29	1	183.67735470941884	44.76152304609219
148	30	1	90.38000000000001	140.8779999999999
148	31	1	0.7345309381237516	70.29341317365274
148	32	1	17.221999999999998	65.3619999999999
148	33	1	99.41516966067866	51.71656686626745
148	34	1	194.11354581673305	96.52788844621517
148	35	1	84.13600000000005	182.23200000000026
148	36	1	36.57000000000002	179.00000000000009
148	37	1	28.163672654690625	52.97804391217564
148	38	1	40.620758483033924	69.6946107784431
148	39	1	136.07984031936124	147.42514970059878
148	40	1	196.14770459081836	27.784431137724553
148	41	1	16.051896207584846	21.447105788423162
148	42	1	179.4690618762474	85.99600798403186
148	43	1	27.287425149700585	108.94011976047906
148	44	1	41.98600000000001	100.18400000000007
148	45	1	9.418000000000008	192.46000000000006
149	1	2	5.115702479338843	5.400826446280992
149	2	2	5.110169491525425	45.39830508474574
149	3	2	5.251028806584367	86.4979423868313
149	4	2	5.036000000000001	124.94399999999997
149	5	2	4.9999999999999964	165.00000000000009
149	6	2	44.988	5.104000000000002
149	7	2	45.40400000000003	45.13199999999998
149	8	2	45.12295081967211	84.8770491803279
149	9	2	45.132	125.40399999999994
149	10	2	45.502008032128465	164.32931726907637
149	11	2	84.99999999999997	5.000000000000002
149	12	2	83.71600000000002	44.44800000000001
149	13	2	85.01200000000003	85.10400000000001
149	14	2	84.988	124.89599999999994
149	15	2	84.99999999999997	164.99999999999991
149	16	2	125.07199999999999	4.939999999999999
149	17	2	125.12400000000005	45.00400000000004
149	18	2	125.05599999999998	84.97199999999994
149	19	2	124.828	124.97199999999997
149	20	2	125.148	165.03999999999996
149	21	2	164.99999999999994	5.000000000000002
149	22	2	164.99999999999994	45.00000000000002
149	23	2	164.36864406779657	84.7330508474576
149	24	2	164.86000000000004	125.01200000000001
149	25	2	165.33600000000004	165.10799999999998
149	26	1	179.8940000000001	18.506
149	27	1	163.35528942115772	142.32335329341316
149	28	1	30.946107784431145	32.75249500998003
149	29	1	183.69799999999998	44.69000000000001
149	30	1	90.42999999999988	140.914
149	31	1	0.8220000000000002	70.28400000000002
149	32	1	17.239520958083823	65.24750499001993
149	33	1	99.3944223107569	51.7410358565737
149	34	1	194.114	96.20199999999997
149	35	1	84.14970059880238	182.2574850299403
149	36	1	36.48600000000004	178.91400000000002
149	37	1	28.161999999999992	52.92799999999998
149	38	1	40.54999999999999	69.75600000000004
149	39	1	136.08183632734526	147.3572854291415
149	40	1	196.2255489021956	27.780439121756476
149	41	1	16.088000000000015	21.35600000000002
149	42	1	179.4071856287427	86.11576846307389
149	43	1	27.10379241516967	108.91217564870261
149	44	1	42.03399999999998	100.28800000000005
149	45	1	9.578842315369258	192.3892215568863
150	1	2	5.115702479338843	5.400826446280992
150	2	2	5.110169491525425	45.39830508474574
150	3	2	5.251028806584367	86.4979423868313
150	4	2	5.036000000000001	124.94399999999997
150	5	2	4.9999999999999964	165.00000000000009
150	6	2	44.988	5.104000000000002
150	7	2	45.40400000000003	45.13199999999998
150	8	2	45.12295081967211	84.8770491803279
150	9	2	45.132	125.40399999999994
150	10	2	45.502008032128465	164.32931726907637
150	11	2	84.99999999999997	5.000000000000002
150	12	2	83.71600000000002	44.44800000000001
150	13	2	85.01200000000003	85.10400000000001
150	14	2	84.988	124.89599999999994
150	15	2	84.99999999999997	164.99999999999991
150	16	2	125.07199999999999	4.939999999999999
150	17	2	125.12400000000005	45.00400000000004
150	18	2	125.05599999999998	84.97199999999994
150	19	2	124.828	124.97199999999997
150	20	2	125.148	165.03999999999996
150	21	2	164.99999999999994	5.000000000000002
150	22	2	164.99999999999994	45.00000000000002
150	23	2	164.36864406779657	84.7330508474576
150	24	2	164.86000000000004	125.01200000000001
150	25	2	165.33600000000004	165.10799999999998
150	26	1	179.89178356713418	18.484969939879758
150	27	1	163.5110220440883	142.4188376753508
150	28	1	31.06187624750499	32.58483033932132
150	29	1	183.676	44.628000000000036
150	30	1	90.49101796407187	141.01197604790403
150	31	1	0.8817635270541088	70.20240480961924
150	32	1	17.277999999999995	65.13799999999998
150	33	1	99.46107784431148	51.6686626746507
150	34	1	194.082	95.88399999999999
150	35	1	84.0698602794411	182.31936127744513
150	36	1	36.44111776447104	178.86027944111768
150	37	1	28.152000000000015	52.76999999999999
150	38	1	40.550000000000004	69.73999999999994
150	39	1	136.20359281437123	147.3013972055889
150	40	1	196.2435129740519	27.76646706586826
150	41	1	16.045908183632726	21.287425149700614
150	42	1	179.36127744510978	86.18962075848295
150	43	1	27.063999999999993	108.84599999999992
150	44	1	42.12200000000001	100.28999999999999
150	45	1	9.754491017964062	192.44311377245518
151	1	2	5.115702479338843	5.400826446280992
151	2	2	5.110169491525425	45.39830508474574
151	3	2	5.251028806584367	86.4979423868313
151	4	2	5.036000000000001	124.94399999999997
151	5	2	4.9999999999999964	165.00000000000009
151	6	2	44.988	5.104000000000002
151	7	2	45.40400000000003	45.13199999999998
151	8	2	45.12295081967211	84.8770491803279
151	9	2	45.132	125.40399999999994
151	10	2	45.502008032128465	164.32931726907637
151	11	2	84.99999999999997	5.000000000000002
151	12	2	83.71600000000002	44.44800000000001
151	13	2	85.01200000000003	85.10400000000001
151	14	2	84.988	124.89599999999994
151	15	2	84.99999999999997	164.99999999999991
151	16	2	125.07199999999999	4.939999999999999
151	17	2	125.12400000000005	45.00400000000004
151	18	2	125.05599999999998	84.97199999999994
151	19	2	124.828	124.97199999999997
151	20	2	125.148	165.03999999999996
151	21	2	164.99999999999994	5.000000000000002
151	22	2	164.99999999999994	45.00000000000002
151	23	2	164.36864406779657	84.7330508474576
151	24	2	164.86000000000004	125.01200000000001
151	25	2	165.33600000000004	165.10799999999998
151	26	1	179.95009980039902	18.409181636726576
151	27	1	163.6087824351297	142.64471057884225
151	28	1	31.027944111776463	32.5449101796407
151	29	1	183.76399999999998	44.70000000000003
151	30	1	90.60479041916165	140.96806387225553
151	31	1	0.8642714570858234	70.20758483033936
151	32	1	17.374000000000002	65.17799999999998
151	33	1	99.51400000000005	51.75600000000001
151	34	1	194.0938123752495	95.82634730538928
151	35	1	84.07999999999996	182.39399999999998
151	36	1	36.41317365269459	178.7964071856288
151	37	1	28.102409638554196	52.69477911646589
151	38	1	40.52295409181635	69.72654690618762
151	39	1	136.20558882235542	147.34331337325352
151	40	1	196.26546906187625	27.890219560878247
151	41	1	16.05800000000001	21.20000000000001
151	42	1	179.2680000000001	86.29199999999999
151	43	1	26.87000000000003	108.72400000000003
151	44	1	42.058000000000014	100.29399999999997
151	45	1	9.816000000000004	192.45799999999994
152	1	2	5.115702479338843	5.400826446280992
152	2	2	5.110169491525425	45.39830508474574
152	3	2	5.251028806584367	86.4979423868313
152	4	2	5.036000000000001	124.94399999999997
152	5	2	4.9999999999999964	165.00000000000009
152	6	2	44.988	5.104000000000002
152	7	2	45.40400000000003	45.13199999999998
152	8	2	45.12295081967211	84.8770491803279
152	9	2	45.132	125.40399999999994
152	10	2	45.502008032128465	164.32931726907637
152	11	2	84.99999999999997	5.000000000000002
152	12	2	83.71600000000002	44.44800000000001
152	13	2	85.01200000000003	85.10400000000001
152	14	2	84.988	124.89599999999994
152	15	2	84.99999999999997	164.99999999999991
152	16	2	125.07199999999999	4.939999999999999
152	17	2	125.12400000000005	45.00400000000004
152	18	2	125.05599999999998	84.97199999999994
152	19	2	124.828	124.97199999999997
152	20	2	125.148	165.03999999999996
152	21	2	164.99999999999994	5.000000000000002
152	22	2	164.99999999999994	45.00000000000002
152	23	2	164.36864406779657	84.7330508474576
152	24	2	164.86000000000004	125.01200000000001
152	25	2	165.33600000000004	165.10799999999998
152	26	1	180.00798403193596	18.38722554890221
152	27	1	163.6546906187624	142.61277445109783
152	28	1	31.06786427145706	32.421157684630714
152	29	1	183.79358717434872	44.7434869739479
152	30	1	90.65999999999995	141.06600000000003
152	31	1	0.8283433133732506	70.22155688622762
152	32	1	17.398000000000003	65.17400000000004
152	33	1	99.49700598802394	51.848303393213556
152	34	1	194.12800000000001	95.72400000000009
152	35	1	84.04400000000004	182.43999999999997
152	36	1	36.37799999999999	178.69400000000002
152	37	1	28.09200000000002	52.553999999999995
152	38	1	40.498	69.75999999999992
152	39	1	136.27944111776446	147.30938123752486
152	40	1	196.284	27.984000000000005
152	41	1	16.055999999999997	21.20200000000001
152	42	1	179.17600000000002	86.52400000000002
152	43	1	26.59880239520959	108.6367265469062
152	44	1	42.07784431137728	100.31736526946105
152	45	1	9.927999999999999	192.47599999999994
153	1	2	5.115702479338843	5.400826446280992
153	2	2	5.110169491525425	45.39830508474574
153	3	2	5.251028806584367	86.4979423868313
153	4	2	5.036000000000001	124.94399999999997
153	5	2	4.9999999999999964	165.00000000000009
153	6	2	44.988	5.104000000000002
153	7	2	45.40400000000003	45.13199999999998
153	8	2	45.12295081967211	84.8770491803279
153	9	2	45.132	125.40399999999994
153	10	2	45.502008032128465	164.32931726907637
153	11	2	84.99999999999997	5.000000000000002
153	12	2	83.71600000000002	44.44800000000001
153	13	2	85.01200000000003	85.10400000000001
153	14	2	84.988	124.89599999999994
153	15	2	84.99999999999997	164.99999999999991
153	16	2	125.07199999999999	4.939999999999999
153	17	2	125.12400000000005	45.00400000000004
153	18	2	125.05599999999998	84.97199999999994
153	19	2	124.828	124.97199999999997
153	20	2	125.148	165.03999999999996
153	21	2	164.99999999999994	5.000000000000002
153	22	2	164.99999999999994	45.00000000000002
153	23	2	164.36864406779657	84.7330508474576
153	24	2	164.86000000000004	125.01200000000001
153	25	2	165.33600000000004	165.10799999999998
153	26	1	180.0339321357284	18.439121756487026
153	27	1	163.71199999999976	142.60600000000005
153	28	1	31.128000000000014	32.37999999999995
153	29	1	183.89221556886227	44.93413173652696
153	30	1	90.79840319361287	141.12375249501005
153	31	1	0.9140000000000017	70.3019999999999
153	32	1	17.42115768463073	65.10978043912175
153	33	1	99.51896207584832	51.878243512974045
153	34	1	194.11599999999999	95.72999999999995
153	35	1	84.04800000000003	182.48999999999995
153	36	1	36.31800000000001	178.66800000000015
153	37	1	28.076152304609188	52.50501002004011
153	38	1	40.45109780439121	69.8463073852295
153	39	1	136.43912175648694	147.31536926147712
153	40	1	196.35399999999998	27.96400000000001
153	41	1	16.1	21.190000000000023
153	42	1	179.08400000000017	86.63
153	43	1	26.28857715430862	108.47695390781573
153	44	1	42.10000000000003	100.45400000000002
153	45	1	10.131999999999993	192.486
154	1	2	5.115702479338843	5.400826446280992
154	2	2	5.110169491525425	45.39830508474574
154	3	2	5.251028806584367	86.4979423868313
154	4	2	5.036000000000001	124.94399999999997
154	5	2	4.9999999999999964	165.00000000000009
154	6	2	44.988	5.104000000000002
154	7	2	45.40400000000003	45.13199999999998
154	8	2	45.12295081967211	84.8770491803279
154	9	2	45.132	125.40399999999994
154	10	2	45.502008032128465	164.32931726907637
154	11	2	84.99999999999997	5.000000000000002
154	12	2	83.71600000000002	44.44800000000001
154	13	2	85.01200000000003	85.10400000000001
154	14	2	84.988	124.89599999999994
154	15	2	84.99999999999997	164.99999999999991
154	16	2	125.07199999999999	4.939999999999999
154	17	2	125.12400000000005	45.00400000000004
154	18	2	125.05599999999998	84.97199999999994
154	19	2	124.828	124.97199999999997
154	20	2	125.148	165.03999999999996
154	21	2	164.99999999999994	5.000000000000002
154	22	2	164.99999999999994	45.00000000000002
154	23	2	164.36864406779657	84.7330508474576
154	24	2	164.86000000000004	125.01200000000001
154	25	2	165.33600000000004	165.10799999999998
154	26	1	180.08183632734534	18.369261477045907
154	27	1	163.69860279441104	142.67465069860276
154	28	1	31.05788423153691	32.279441117764456
154	29	1	183.89421157684632	44.926147704590875
154	30	1	90.83832335329342	141.16167664670667
154	31	1	1.0379999999999978	70.30799999999998
154	32	1	17.420841683366735	65.05811623246491
154	33	1	99.58682634730546	52.039920159680676
154	34	1	194.166	95.66799999999998
154	35	1	84.04800000000003	182.48999999999995
154	36	1	36.29999999999998	178.62800000000004
154	37	1	28.09181636726546	52.500998003992024
154	38	1	40.423999999999985	69.89399999999996
154	39	1	136.54690618762476	147.2954091816369
154	40	1	196.348	28.018
154	41	1	16.062	21.11200000000002
154	42	1	179.08582834331352	86.75449101796411
154	43	1	26.15799999999999	108.39599999999997
154	44	1	42.05988023952094	100.49700598802404
154	45	1	10.239520958083837	192.58083832335345
155	1	2	5.115702479338843	5.400826446280992
155	2	2	5.110169491525425	45.39830508474574
155	3	2	5.251028806584367	86.4979423868313
155	4	2	5.036000000000001	124.94399999999997
155	5	2	4.9999999999999964	165.00000000000009
155	6	2	44.988	5.104000000000002
155	7	2	45.40400000000003	45.13199999999998
155	8	2	45.12295081967211	84.8770491803279
155	9	2	45.132	125.40399999999994
155	10	2	45.502008032128465	164.32931726907637
155	11	2	84.99999999999997	5.000000000000002
155	12	2	83.71600000000002	44.44800000000001
155	13	2	85.01200000000003	85.10400000000001
155	14	2	84.988	124.89599999999994
155	15	2	84.99999999999997	164.99999999999991
155	16	2	125.07199999999999	4.939999999999999
155	17	2	125.12400000000005	45.00400000000004
155	18	2	125.05599999999998	84.97199999999994
155	19	2	124.828	124.97199999999997
155	20	2	125.148	165.03999999999996
155	21	2	164.99999999999994	5.000000000000002
155	22	2	164.99999999999994	45.00000000000002
155	23	2	164.36864406779657	84.7330508474576
155	24	2	164.86000000000004	125.01200000000001
155	25	2	165.33600000000004	165.10799999999998
155	26	1	180.07600000000014	18.313999999999986
155	27	1	163.93999999999994	142.91400000000013
155	28	1	30.998000000000015	32.166
155	29	1	183.894	44.85000000000003
155	30	1	90.94200000000006	141.14999999999986
155	31	1	1.0499001996007973	70.28343313373259
155	32	1	17.449999999999992	65.05600000000003
155	33	1	99.76247504990022	52.10379241516967
155	34	1	194.144	95.48799999999994
155	35	1	84.0938123752494	182.50499001996008
155	36	1	36.240000000000016	178.57799999999992
155	37	1	28.095999999999993	52.37399999999997
155	38	1	40.46506986027944	69.8622754491018
155	39	1	136.7079999999999	147.32799999999995
155	40	1	196.39442231075697	27.99003984063746
155	41	1	16.08399999999999	21.002000000000006
155	42	1	178.93800000000005	86.93200000000006
155	43	1	26.15	108.29800000000003
155	44	1	42.208	100.48799999999999
155	45	1	10.348000000000006	192.63799999999983
156	1	2	5.115702479338843	5.400826446280992
156	2	2	5.110169491525425	45.39830508474574
156	3	2	5.251028806584367	86.4979423868313
156	4	2	5.036000000000001	124.94399999999997
156	5	2	4.9999999999999964	165.00000000000009
156	6	2	44.988	5.104000000000002
156	7	2	45.40400000000003	45.13199999999998
156	8	2	45.12295081967211	84.8770491803279
156	9	2	45.132	125.40399999999994
156	10	2	45.502008032128465	164.32931726907637
156	11	2	84.99999999999997	5.000000000000002
156	12	2	83.71600000000002	44.44800000000001
156	13	2	85.01200000000003	85.10400000000001
156	14	2	84.988	124.89599999999994
156	15	2	84.99999999999997	164.99999999999991
156	16	2	125.07199999999999	4.939999999999999
156	17	2	125.12400000000005	45.00400000000004
156	18	2	125.05599999999998	84.97199999999994
156	19	2	124.828	124.97199999999997
156	20	2	125.148	165.03999999999996
156	21	2	164.99999999999994	5.000000000000002
156	22	2	164.99999999999994	45.00000000000002
156	23	2	164.36864406779657	84.7330508474576
156	24	2	164.86000000000004	125.01200000000001
156	25	2	165.33600000000004	165.10799999999998
156	26	1	180.0499001996008	18.363273453093814
156	27	1	163.99401197604777	142.8942115768461
156	28	1	31.025948103792416	32.07984031936125
156	29	1	183.91816367265469	44.85229540918164
156	30	1	91.01399999999998	141.25799999999998
156	31	1	1.1097804391217547	70.32135728542917
156	32	1	17.455089820359284	65.09381237524944
156	33	1	99.73000000000008	52.14199999999997
156	34	1	194.18363273453093	95.39720558882232
156	35	1	83.97604790419167	182.61077844311373
156	36	1	36.27544910179642	178.55489021956092
156	37	1	28.04599999999997	52.314000000000036
156	38	1	40.46599999999997	69.83399999999997
156	39	1	136.84860557768937	147.18924302788835
156	40	1	196.40718562874252	28.0319361277445
156	41	1	16.075697211155383	20.85258964143426
156	42	1	178.90600000000015	86.99799999999996
156	43	1	26.08399999999999	108.27400000000003
156	44	1	42.2	100.53200000000001
156	45	1	10.445109780439118	192.676646706587
157	1	2	5.115702479338843	5.400826446280992
157	2	2	5.110169491525425	45.39830508474574
157	3	2	5.251028806584367	86.4979423868313
157	4	2	5.036000000000001	124.94399999999997
157	5	2	4.9999999999999964	165.00000000000009
157	6	2	44.988	5.104000000000002
157	7	2	45.40400000000003	45.13199999999998
157	8	2	45.12295081967211	84.8770491803279
157	9	2	45.132	125.40399999999994
157	10	2	45.502008032128465	164.32931726907637
157	11	2	84.99999999999997	5.000000000000002
157	12	2	83.71600000000002	44.44800000000001
157	13	2	85.01200000000003	85.10400000000001
157	14	2	84.988	124.89599999999994
157	15	2	84.99999999999997	164.99999999999991
157	16	2	125.07199999999999	4.939999999999999
157	17	2	125.12400000000005	45.00400000000004
157	18	2	125.05599999999998	84.97199999999994
157	19	2	124.828	124.97199999999997
157	20	2	125.148	165.03999999999996
157	21	2	164.99999999999994	5.000000000000002
157	22	2	164.99999999999994	45.00000000000002
157	23	2	164.36864406779657	84.7330508474576
157	24	2	164.86000000000004	125.01200000000001
157	25	2	165.33600000000004	165.10799999999998
157	26	1	180.09000000000006	18.336
157	27	1	164.08799999999997	142.84400000000005
157	28	1	30.95209580838326	32.02594810379242
157	29	1	183.9	44.76999999999999
157	30	1	91.060120240481	141.33867735470935
157	31	1	1.067864271457084	70.2095808383234
157	32	1	17.52694610778443	65.25948103792416
157	33	1	99.89043824701201	52.15139442231073
157	34	1	194.202	95.12000000000006
157	35	1	83.99401197604793	182.6526946107783
157	36	1	36.19600000000004	178.47200000000007
157	37	1	28.012000000000015	52.25799999999997
157	38	1	40.403193612774444	69.87025948103788
157	39	1	136.99201596806387	147.23153692614784
157	40	1	196.452	28.090000000000003
157	41	1	16.032000000000004	20.814000000000007
157	42	1	178.71457085828345	87.14570858283436
157	43	1	25.917999999999992	108.21199999999999
157	44	1	42.248000000000026	100.55599999999995
157	45	1	10.55089820359282	192.6526946107785
158	1	2	5.115702479338843	5.400826446280992
158	2	2	5.110169491525425	45.39830508474574
158	3	2	5.251028806584367	86.4979423868313
158	4	2	5.036000000000001	124.94399999999997
158	5	2	4.9999999999999964	165.00000000000009
158	6	2	44.988	5.104000000000002
158	7	2	45.40400000000003	45.13199999999998
158	8	2	45.12295081967211	84.8770491803279
158	9	2	45.132	125.40399999999994
158	10	2	45.502008032128465	164.32931726907637
158	11	2	84.99999999999997	5.000000000000002
158	12	2	83.71600000000002	44.44800000000001
158	13	2	85.01200000000003	85.10400000000001
158	14	2	84.988	124.89599999999994
158	15	2	84.99999999999997	164.99999999999991
158	16	2	125.07199999999999	4.939999999999999
158	17	2	125.12400000000005	45.00400000000004
158	18	2	125.05599999999998	84.97199999999994
158	19	2	124.828	124.97199999999997
158	20	2	125.148	165.03999999999996
158	21	2	164.99999999999994	5.000000000000002
158	22	2	164.99999999999994	45.00000000000002
158	23	2	164.36864406779657	84.7330508474576
158	24	2	164.86000000000004	125.01200000000001
158	25	2	165.33600000000004	165.10799999999998
158	26	1	180.05988023952085	18.23552894211577
158	27	1	164.18127490039834	142.95219123505973
158	28	1	31.003999999999984	31.90799999999996
158	29	1	183.90219560878245	44.74650698602797
158	30	1	91.11976047904177	141.41916167664667
158	31	1	1.0641282565130248	70.19038076152307
158	32	1	17.499001996008	65.22355289421162
158	33	1	99.93213572854296	52.14570858283435
158	34	1	194.198	94.946
158	35	1	83.91999999999994	182.72199999999987
158	36	1	36.12175648702595	178.41317365269458
158	37	1	27.951999999999998	52.20199999999997
158	38	1	40.41317365269466	69.7864271457087
158	39	1	137.0838323353293	147.25349301397225
158	40	1	196.44710578842316	28.069860279441112
158	41	1	15.976047904191617	20.816367265469026
158	42	1	178.66866267465073	87.15369261477043
158	43	1	25.788423153692587	108.23153692614764
158	44	1	42.12974051896203	100.55888223552897
158	45	1	10.605999999999996	192.62799999999993
159	1	2	5.115702479338843	5.400826446280992
159	2	2	5.110169491525425	45.39830508474574
159	3	2	5.251028806584367	86.4979423868313
159	4	2	5.036000000000001	124.94399999999997
159	5	2	4.9999999999999964	165.00000000000009
159	6	2	44.988	5.104000000000002
159	7	2	45.40400000000003	45.13199999999998
159	8	2	45.12295081967211	84.8770491803279
159	9	2	45.132	125.40399999999994
159	10	2	45.502008032128465	164.32931726907637
159	11	2	84.99999999999997	5.000000000000002
159	12	2	83.71600000000002	44.44800000000001
159	13	2	85.01200000000003	85.10400000000001
159	14	2	84.988	124.89599999999994
159	15	2	84.99999999999997	164.99999999999991
159	16	2	125.07199999999999	4.939999999999999
159	17	2	125.12400000000005	45.00400000000004
159	18	2	125.05599999999998	84.97199999999994
159	19	2	124.828	124.97199999999997
159	20	2	125.148	165.03999999999996
159	21	2	164.99999999999994	5.000000000000002
159	22	2	164.99999999999994	45.00000000000002
159	23	2	164.36864406779657	84.7330508474576
159	24	2	164.86000000000004	125.01200000000001
159	25	2	165.33600000000004	165.10799999999998
159	26	1	180.06387225548895	18.22554890219559
159	27	1	164.26600000000005	142.99000000000015
159	28	1	31.002000000000013	31.78000000000002
159	29	1	183.93200000000002	44.76600000000003
159	30	1	91.24550898203593	141.4750499001995
159	31	1	1.0920000000000007	70.17999999999995
159	32	1	17.50299401197605	65.20558882235531
159	33	1	100.0998003992015	52.21956087824348
159	34	1	194.24550898203594	94.83832335329342
159	35	1	83.89378757515024	182.763527054108
159	36	1	36.13199999999999	178.34000000000003
159	37	1	27.94411177644711	52.0878243512974
159	38	1	40.347305389221546	69.84231536926156
159	39	1	137.10199999999998	147.18599999999986
159	40	1	196.44111776447104	28.149700598802387
159	41	1	15.915999999999991	20.745999999999995
159	42	1	178.6120000000002	87.21799999999999
159	43	1	25.601593625498033	108.07768924302795
159	44	1	42.161676646706596	100.67265469061874
159	45	1	10.618762475049898	192.5928143712575
160	1	2	5.115702479338843	5.400826446280992
160	2	2	5.110169491525425	45.39830508474574
160	3	2	5.251028806584367	86.4979423868313
160	4	2	5.036000000000001	124.94399999999997
160	5	2	4.9999999999999964	165.00000000000009
160	6	2	44.988	5.104000000000002
160	7	2	45.40400000000003	45.13199999999998
160	8	2	45.12295081967211	84.8770491803279
160	9	2	45.132	125.40399999999994
160	10	2	45.502008032128465	164.32931726907637
160	11	2	84.99999999999997	5.000000000000002
160	12	2	83.71600000000002	44.44800000000001
160	13	2	85.01200000000003	85.10400000000001
160	14	2	84.988	124.89599999999994
160	15	2	84.99999999999997	164.99999999999991
160	16	2	125.07199999999999	4.939999999999999
160	17	2	125.12400000000005	45.00400000000004
160	18	2	125.05599999999998	84.97199999999994
160	19	2	124.828	124.97199999999997
160	20	2	125.148	165.03999999999996
160	21	2	164.99999999999994	5.000000000000002
160	22	2	164.99999999999994	45.00000000000002
160	23	2	164.36864406779657	84.7330508474576
160	24	2	164.86000000000004	125.01200000000001
160	25	2	165.33600000000004	165.10799999999998
160	26	1	180.04599999999982	18.22800000000001
160	27	1	164.3273453093813	143.0299401197606
160	28	1	31.069860279441116	31.66067864271454
160	29	1	183.9619238476954	44.729458917835686
160	30	1	91.23353293413179	141.56487025948113
160	31	1	1.1097804391217567	70.16566866267465
160	32	1	17.554890219560882	65.22754491017962
160	33	1	100.33932135728547	52.27744510978046
160	34	1	194.40518962075848	94.68063872255485
160	35	1	83.74749498997996	182.80360721442884
160	36	1	36.025948103792395	178.2854291417167
160	37	1	27.908183632734538	51.968063872255456
160	38	1	40.38123752495008	69.79441117764483
160	39	1	137.15737051792834	147.20916334661348
160	40	1	196.47410358565736	28.189243027888445
160	41	1	15.88600000000001	20.654000000000007
160	42	1	178.54491017964065	87.32135728542916
160	43	1	25.543086172344687	107.95791583166334
160	44	1	42.123752495009995	100.71856287425149
160	45	1	10.683999999999994	192.60400000000007
161	1	2	5.115702479338843	5.400826446280992
161	2	2	5.110169491525425	45.39830508474574
161	3	2	5.251028806584367	86.4979423868313
161	4	2	5.036000000000001	124.94399999999997
161	5	2	4.9999999999999964	165.00000000000009
161	6	2	44.988	5.104000000000002
161	7	2	45.40400000000003	45.13199999999998
161	8	2	45.12295081967211	84.8770491803279
161	9	2	45.132	125.40399999999994
161	10	2	45.502008032128465	164.32931726907637
161	11	2	84.99999999999997	5.000000000000002
161	12	2	83.71600000000002	44.44800000000001
161	13	2	85.01200000000003	85.10400000000001
161	14	2	84.988	124.89599999999994
161	15	2	84.99999999999997	164.99999999999991
161	16	2	125.07199999999999	4.939999999999999
161	17	2	125.12400000000005	45.00400000000004
161	18	2	125.05599999999998	84.97199999999994
161	19	2	124.828	124.97199999999997
161	20	2	125.148	165.03999999999996
161	21	2	164.99999999999994	5.000000000000002
161	22	2	164.99999999999994	45.00000000000002
161	23	2	164.36864406779657	84.7330508474576
161	24	2	164.86000000000004	125.01200000000001
161	25	2	165.33600000000004	165.10799999999998
161	26	1	179.98800000000017	18.252000000000002
161	27	1	164.45708582834342	143.0778443113773
161	28	1	31.147704590818357	31.500998003992027
161	29	1	184.01000000000002	44.73600000000001
161	30	1	91.2774451097804	141.60479041916165
161	31	1	1.0998003992015948	70.2155688622755
161	32	1	17.65069860279441	65.29341317365265
161	33	1	100.41799999999992	52.05600000000002
161	34	1	194.47904191616766	94.4251497005988
161	35	1	83.81872509960151	182.87450199203195
161	36	1	36.012000000000036	178.1939999999998
161	37	1	27.70200000000001	51.870000000000005
161	38	1	40.396	69.71400000000004
161	39	1	137.11199999999988	147.21800000000007
161	40	1	196.46706586826346	28.155688622754518
161	41	1	15.7434869739479	20.701402805611224
161	42	1	178.36526946107782	87.32335329341313
161	43	1	25.355999999999987	107.78399999999999
161	44	1	42.09181636726544	100.72055888223548
161	45	1	10.687999999999997	192.65000000000003
162	1	2	5.115702479338843	5.400826446280992
162	2	2	5.110169491525425	45.39830508474574
162	3	2	5.251028806584367	86.4979423868313
162	4	2	5.036000000000001	124.94399999999997
162	5	2	4.9999999999999964	165.00000000000009
162	6	2	44.988	5.104000000000002
162	7	2	45.40400000000003	45.13199999999998
162	8	2	45.12295081967211	84.8770491803279
162	9	2	45.132	125.40399999999994
162	10	2	45.502008032128465	164.32931726907637
162	11	2	84.99999999999997	5.000000000000002
162	12	2	83.71600000000002	44.44800000000001
162	13	2	85.01200000000003	85.10400000000001
162	14	2	84.988	124.89599999999994
162	15	2	84.99999999999997	164.99999999999991
162	16	2	125.07199999999999	4.939999999999999
162	17	2	125.12400000000005	45.00400000000004
162	18	2	125.05599999999998	84.97199999999994
162	19	2	124.828	124.97199999999997
162	20	2	125.148	165.03999999999996
162	21	2	164.99999999999994	5.000000000000002
162	22	2	164.99999999999994	45.00000000000002
162	23	2	164.36864406779657	84.7330508474576
162	24	2	164.86000000000004	125.01200000000001
162	25	2	165.33600000000004	165.10799999999998
162	26	1	179.93213572854322	18.195608782435123
162	27	1	164.53800000000012	143.1819999999999
162	28	1	31.15968063872253	31.39720558882238
162	29	1	184.01999999999998	44.724000000000046
162	30	1	91.31999999999988	141.65400000000002
162	31	1	1.0838323353293438	70.24950099800402
162	32	1	17.61277445109782	65.22155688622757
162	33	1	100.49799999999993	52.11999999999998
162	34	1	194.54690618762476	94.38323353293411
162	35	1	83.68399999999994	183.018
162	36	1	35.79041916167669	178.1097804391219
162	37	1	27.626746506986017	51.78043912175645
162	38	1	40.39599999999999	69.68800000000003
162	39	1	137.26000000000008	147.15999999999983
162	40	1	196.43313373253494	28.229540918163668
162	41	1	15.670658682634738	20.558882235528923
162	42	1	178.3532934131738	87.25748502994009
162	43	1	25.28942115768464	107.69261477045907
162	44	1	42.06187624750499	100.74251497005984
162	45	1	10.692000000000005	192.66199999999995
163	1	2	5.115702479338843	5.400826446280992
163	2	2	5.110169491525425	45.39830508474574
163	3	2	5.251028806584367	86.4979423868313
163	4	2	5.036000000000001	124.94399999999997
163	5	2	4.9999999999999964	165.00000000000009
163	6	2	44.988	5.104000000000002
163	7	2	45.40400000000003	45.13199999999998
163	8	2	45.12295081967211	84.8770491803279
163	9	2	45.132	125.40399999999994
163	10	2	45.502008032128465	164.32931726907637
163	11	2	84.99999999999997	5.000000000000002
163	12	2	83.71600000000002	44.44800000000001
163	13	2	85.01200000000003	85.10400000000001
163	14	2	84.988	124.89599999999994
163	15	2	84.99999999999997	164.99999999999991
163	16	2	125.07199999999999	4.939999999999999
163	17	2	125.12400000000005	45.00400000000004
163	18	2	125.05599999999998	84.97199999999994
163	19	2	124.828	124.97199999999997
163	20	2	125.148	165.03999999999996
163	21	2	164.99999999999994	5.000000000000002
163	22	2	164.99999999999994	45.00000000000002
163	23	2	164.36864406779657	84.7330508474576
163	24	2	164.86000000000004	125.01200000000001
163	25	2	165.33600000000004	165.10799999999998
163	26	1	179.91816367265474	18.251497005988035
163	27	1	164.6259999999998	143.28600000000006
163	28	1	31.247999999999998	31.290000000000013
163	29	1	184.02200000000002	44.65199999999998
163	30	1	91.47399999999995	141.672
163	31	1	1.173306772908364	70.25896414342634
163	32	1	17.62999999999999	65.21
163	33	1	100.46800000000005	52.11400000000002
163	34	1	194.46706586826346	94.16167664670652
163	35	1	83.50599999999997	183.10599999999994
163	36	1	35.493999999999986	177.97400000000002
163	37	1	27.546906187624746	51.64071856287427
163	38	1	40.329341317365284	69.67065868263471
163	39	1	137.3360000000001	147.1500000000002
163	40	1	196.50499001996008	28.275449101796404
163	41	1	15.712574850299408	20.463073852295416
163	42	1	178.2905811623247	87.23847695390783
163	43	1	25.075848303393204	107.53493013972054
163	44	1	42.0419161676647	100.80439121756477
163	45	1	10.686000000000009	192.6700000000001
164	1	2	5.115702479338843	5.400826446280992
164	2	2	5.110169491525425	45.39830508474574
164	3	2	5.251028806584367	86.4979423868313
164	4	2	5.036000000000001	124.94399999999997
164	5	2	4.9999999999999964	165.00000000000009
164	6	2	44.988	5.104000000000002
164	7	2	45.40400000000003	45.13199999999998
164	8	2	45.12295081967211	84.8770491803279
164	9	2	45.132	125.40399999999994
164	10	2	45.502008032128465	164.32931726907637
164	11	2	84.99999999999997	5.000000000000002
164	12	2	83.71600000000002	44.44800000000001
164	13	2	85.01200000000003	85.10400000000001
164	14	2	84.988	124.89599999999994
164	15	2	84.99999999999997	164.99999999999991
164	16	2	125.07199999999999	4.939999999999999
164	17	2	125.12400000000005	45.00400000000004
164	18	2	125.05599999999998	84.97199999999994
164	19	2	124.828	124.97199999999997
164	20	2	125.148	165.03999999999996
164	21	2	164.99999999999994	5.000000000000002
164	22	2	164.99999999999994	45.00000000000002
164	23	2	164.36864406779657	84.7330508474576
164	24	2	164.86000000000004	125.01200000000001
164	25	2	165.33600000000004	165.10799999999998
164	26	1	179.94011976047886	18.251497005988014
164	27	1	164.7580000000001	143.34399999999997
164	28	1	31.195608782435144	31.2435129740519
164	29	1	184.126	44.622000000000035
164	30	1	91.52894211576843	141.67864271457077
164	31	1	1.1459999999999992	70.26199999999997
164	32	1	17.676646706586826	65.23952095808386
164	33	1	100.52095808383241	52.015968063872236
164	34	1	194.4431137724551	94.0279441117764
164	35	1	83.27345309381234	183.21756487025945
164	36	1	35.39920159680641	177.86626746506997
164	37	1	27.51399999999999	51.61999999999997
164	38	1	40.33400000000002	69.63199999999995
164	39	1	137.44311377245512	147.17365269461064
164	40	1	196.5988023952096	28.1756487025948
164	41	1	15.767999999999999	20.342000000000027
164	42	1	178.19038076152316	87.25651302605213
164	43	1	24.907999999999998	107.44200000000002
164	44	1	41.96600000000004	100.89200000000005
164	45	1	10.832	192.65
165	1	2	5.115702479338843	5.400826446280992
165	2	2	5.110169491525425	45.39830508474574
165	3	2	5.251028806584367	86.4979423868313
165	4	2	5.036000000000001	124.94399999999997
165	5	2	4.9999999999999964	165.00000000000009
165	6	2	44.988	5.104000000000002
165	7	2	45.40400000000003	45.13199999999998
165	8	2	45.12295081967211	84.8770491803279
165	9	2	45.132	125.40399999999994
165	10	2	45.502008032128465	164.32931726907637
165	11	2	84.99999999999997	5.000000000000002
165	12	2	83.71600000000002	44.44800000000001
165	13	2	85.01200000000003	85.10400000000001
165	14	2	84.988	124.89599999999994
165	15	2	84.99999999999997	164.99999999999991
165	16	2	125.07199999999999	4.939999999999999
165	17	2	125.12400000000005	45.00400000000004
165	18	2	125.05599999999998	84.97199999999994
165	19	2	124.828	124.97199999999997
165	20	2	125.148	165.03999999999996
165	21	2	164.99999999999994	5.000000000000002
165	22	2	164.99999999999994	45.00000000000002
165	23	2	164.36864406779657	84.7330508474576
165	24	2	164.86000000000004	125.01200000000001
165	25	2	165.33600000000004	165.10799999999998
165	26	1	179.90818363273468	18.17365269461079
165	27	1	164.85229540918158	143.45708582834325
165	28	1	31.12	31.144
165	29	1	184.166	44.50800000000001
165	30	1	91.59081836327343	141.65868263473052
165	31	1	1.093625498007969	70.23505976095612
165	32	1	17.6806387225549	65.22754491017957
165	33	1	100.65269461077838	52.07584830339325
165	34	1	194.3406374501992	93.85059760956172
165	35	1	83.24199999999996	183.19599999999997
165	36	1	35.35400000000001	177.8539999999998
165	37	1	27.533864541832653	51.56175298804776
165	38	1	40.416000000000004	69.51000000000003
165	39	1	137.65200000000004	147.09399999999994
165	40	1	196.636	28.11399999999999
165	41	1	15.860279441117761	20.257485029940103
165	42	1	178.03006012024053	87.38877755511021
165	43	1	24.8682634730539	107.40319361277442
165	44	1	41.96800000000002	100.894
165	45	1	10.91217564870259	192.67065868263447
166	1	2	5.115702479338843	5.400826446280992
166	2	2	5.110169491525425	45.39830508474574
166	3	2	5.251028806584367	86.4979423868313
166	4	2	5.036000000000001	124.94399999999997
166	5	2	4.9999999999999964	165.00000000000009
166	6	2	44.988	5.104000000000002
166	7	2	45.40400000000003	45.13199999999998
166	8	2	45.12295081967211	84.8770491803279
166	9	2	45.132	125.40399999999994
166	10	2	45.502008032128465	164.32931726907637
166	11	2	84.99999999999997	5.000000000000002
166	12	2	83.71600000000002	44.44800000000001
166	13	2	85.01200000000003	85.10400000000001
166	14	2	84.988	124.89599999999994
166	15	2	84.99999999999997	164.99999999999991
166	16	2	125.07199999999999	4.939999999999999
166	17	2	125.12400000000005	45.00400000000004
166	18	2	125.05599999999998	84.97199999999994
166	19	2	124.828	124.97199999999997
166	20	2	125.148	165.03999999999996
166	21	2	164.99999999999994	5.000000000000002
166	22	2	164.99999999999994	45.00000000000002
166	23	2	164.36864406779657	84.7330508474576
166	24	2	164.86000000000004	125.01200000000001
166	25	2	165.33600000000004	165.10799999999998
166	26	1	179.82035928143728	18.181636726546913
166	27	1	164.9120000000001	143.55199999999988
166	28	1	31.08982035928144	31.03992015968064
166	29	1	184.22155688622755	44.469061876247515
166	30	1	91.5900000000001	141.782
166	31	1	1.0580000000000003	70.23599999999995
166	32	1	17.713999999999988	65.23000000000002
166	33	1	100.65269461077838	52.12375249500997
166	34	1	194.428	93.83200000000001
166	35	1	83.2834331337325	183.25748502994
166	36	1	35.393213572854286	177.77644710578844
166	37	1	27.52788844621513	51.53386454183267
166	38	1	40.468000000000025	69.46799999999995
166	39	1	137.77200000000002	147.0619999999999
166	40	1	196.71057884231536	28.051896207584843
166	41	1	15.872255489021967	20.175648702594792
166	42	1	177.99003984063754	87.56772908366545
166	43	1	24.81600000000001	107.37599999999995
166	44	1	41.87425149700597	100.91816367265481
166	45	1	10.95808383233533	192.67465069860268
167	1	2	5.115702479338843	5.400826446280992
167	2	2	5.110169491525425	45.39830508474574
167	3	2	5.251028806584367	86.4979423868313
167	4	2	5.036000000000001	124.94399999999997
167	5	2	4.9999999999999964	165.00000000000009
167	6	2	44.988	5.104000000000002
167	7	2	45.40400000000003	45.13199999999998
167	8	2	45.12295081967211	84.8770491803279
167	9	2	45.132	125.40399999999994
167	10	2	45.502008032128465	164.32931726907637
167	11	2	84.99999999999997	5.000000000000002
167	12	2	83.71600000000002	44.44800000000001
167	13	2	85.01200000000003	85.10400000000001
167	14	2	84.988	124.89599999999994
167	15	2	84.99999999999997	164.99999999999991
167	16	2	125.07199999999999	4.939999999999999
167	17	2	125.12400000000005	45.00400000000004
167	18	2	125.05599999999998	84.97199999999994
167	19	2	124.828	124.97199999999997
167	20	2	125.148	165.03999999999996
167	21	2	164.99999999999994	5.000000000000002
167	22	2	164.99999999999994	45.00000000000002
167	23	2	164.36864406779657	84.7330508474576
167	24	2	164.86000000000004	125.01200000000001
167	25	2	165.33600000000004	165.10799999999998
167	26	1	179.7699999999999	18.18400000000001
167	27	1	165.04590818363266	143.72055888223554
167	28	1	30.974000000000004	30.956000000000003
167	29	1	184.251497005988	44.449101796407156
167	30	1	91.67	141.79599999999996
167	31	1	0.9601593625498026	70.2151394422311
167	32	1	17.745999999999988	65.17399999999996
167	33	1	100.68800000000007	52.11399999999998
167	34	1	194.452	93.82199999999999
167	35	1	83.25400000000006	183.2759999999999
167	36	1	35.26095617529884	177.6454183266934
167	37	1	27.542914171656697	51.49500998003993
167	38	1	40.453093812375236	69.46107784431142
167	39	1	137.85029940119756	147.02395209580834
167	40	1	196.7	28.05399999999999
167	41	1	15.840319361277441	20.04191616766467
167	42	1	177.96599999999992	87.69
167	43	1	24.82599999999999	107.39399999999996
167	44	1	41.84999999999995	100.89599999999997
167	45	1	11.012000000000002	192.69600000000003
168	1	2	5.115702479338843	5.400826446280992
168	2	2	5.110169491525425	45.39830508474574
168	3	2	5.251028806584367	86.4979423868313
168	4	2	5.036000000000001	124.94399999999997
168	5	2	4.9999999999999964	165.00000000000009
168	6	2	44.988	5.104000000000002
168	7	2	45.40400000000003	45.13199999999998
168	8	2	45.12295081967211	84.8770491803279
168	9	2	45.132	125.40399999999994
168	10	2	45.502008032128465	164.32931726907637
168	11	2	84.99999999999997	5.000000000000002
168	12	2	83.71600000000002	44.44800000000001
168	13	2	85.01200000000003	85.10400000000001
168	14	2	84.988	124.89599999999994
168	15	2	84.99999999999997	164.99999999999991
168	16	2	125.07199999999999	4.939999999999999
168	17	2	125.12400000000005	45.00400000000004
168	18	2	125.05599999999998	84.97199999999994
168	19	2	124.828	124.97199999999997
168	20	2	125.148	165.03999999999996
168	21	2	164.99999999999994	5.000000000000002
168	22	2	164.99999999999994	45.00000000000002
168	23	2	164.36864406779657	84.7330508474576
168	24	2	164.86000000000004	125.01200000000001
168	25	2	165.33600000000004	165.10799999999998
168	26	1	179.84000000000012	18.138
168	27	1	164.99000000000007	143.78399999999976
168	28	1	31.159680638722556	30.750499001995994
168	29	1	184.28343313373253	44.50299401197607
168	30	1	91.81599999999992	141.86200000000008
168	31	1	0.8922155688622783	70.13972055888229
168	32	1	17.77799999999998	65.10999999999997
168	33	1	100.68199999999997	52.1
168	34	1	194.50499001996008	93.7125748502995
168	35	1	83.17564870259488	183.19960079840322
168	36	1	35.28942115768464	177.47305389221552
168	37	1	27.544910179640723	51.36926147704587
168	38	1	40.49101796407185	69.46706586826346
168	39	1	137.876	146.992
168	40	1	196.74900398406373	28.193227091633474
168	41	1	15.830339321357283	20.097804391217558
168	42	1	177.90399999999994	87.768
168	43	1	24.758000000000006	107.29799999999996
168	44	1	41.91000000000001	100.92000000000003
168	45	1	11.100000000000003	192.71400000000014
169	1	2	5.115702479338843	5.400826446280992
169	2	2	5.110169491525425	45.39830508474574
169	3	2	5.251028806584367	86.4979423868313
169	4	2	5.036000000000001	124.94399999999997
169	5	2	4.9999999999999964	165.00000000000009
169	6	2	44.988	5.104000000000002
169	7	2	45.40400000000003	45.13199999999998
169	8	2	45.12295081967211	84.8770491803279
169	9	2	45.132	125.40399999999994
169	10	2	45.502008032128465	164.32931726907637
169	11	2	84.99999999999997	5.000000000000002
169	12	2	83.71600000000002	44.44800000000001
169	13	2	85.01200000000003	85.10400000000001
169	14	2	84.988	124.89599999999994
169	15	2	84.99999999999997	164.99999999999991
169	16	2	125.07199999999999	4.939999999999999
169	17	2	125.12400000000005	45.00400000000004
169	18	2	125.05599999999998	84.97199999999994
169	19	2	124.828	124.97199999999997
169	20	2	125.148	165.03999999999996
169	21	2	164.99999999999994	5.000000000000002
169	22	2	164.99999999999994	45.00000000000002
169	23	2	164.36864406779657	84.7330508474576
169	24	2	164.86000000000004	125.01200000000001
169	25	2	165.33600000000004	165.10799999999998
169	26	1	179.8163672654691	18.149700598802387
169	27	1	164.95	143.85200000000006
169	28	1	31.097609561752975	30.677290836653366
169	29	1	184.3552894211577	44.54890219560876
169	30	1	91.93199999999993	141.94799999999998
169	31	1	0.8360000000000031	70.17
169	32	1	17.82035928143711	65.1357285429142
169	33	1	100.74199999999993	52.168
169	34	1	194.49402390438246	93.66533864541825
169	35	1	83.07185628742505	183.28542914171666
169	36	1	35.18363273453093	177.45908183632753
169	37	1	27.532934131736525	51.325349301397225
169	38	1	40.518962075848314	69.40518962075848
169	39	1	137.93599999999986	146.93600000000006
169	40	1	196.78243512974052	28.23552894211576
169	41	1	15.83266932270916	19.966135458167336
169	42	1	177.7804391217566	87.77245508982035
169	43	1	24.568	107.13800000000005
169	44	1	41.93213572854293	101.03393213572848
169	45	1	11.065868263473053	192.73053892215577
170	1	2	5.115702479338843	5.400826446280992
170	2	2	5.110169491525425	45.39830508474574
170	3	2	5.251028806584367	86.4979423868313
170	4	2	5.036000000000001	124.94399999999997
170	5	2	4.9999999999999964	165.00000000000009
170	6	2	44.988	5.104000000000002
170	7	2	45.40400000000003	45.13199999999998
170	8	2	45.12295081967211	84.8770491803279
170	9	2	45.132	125.40399999999994
170	10	2	45.502008032128465	164.32931726907637
170	11	2	84.99999999999997	5.000000000000002
170	12	2	83.71600000000002	44.44800000000001
170	13	2	85.01200000000003	85.10400000000001
170	14	2	84.988	124.89599999999994
170	15	2	84.99999999999997	164.99999999999991
170	16	2	125.07199999999999	4.939999999999999
170	17	2	125.12400000000005	45.00400000000004
170	18	2	125.05599999999998	84.97199999999994
170	19	2	124.828	124.97199999999997
170	20	2	125.148	165.03999999999996
170	21	2	164.99999999999994	5.000000000000002
170	22	2	164.99999999999994	45.00000000000002
170	23	2	164.36864406779657	84.7330508474576
170	24	2	164.86000000000004	125.01200000000001
170	25	2	165.33600000000004	165.10799999999998
170	26	1	179.81800000000007	18.147999999999975
170	27	1	165.1037924151696	144.0119760479041
170	28	1	31.108000000000022	30.590000000000007
170	29	1	184.4402390438247	44.54980079681279
170	30	1	91.94411177644712	142.0059880239519
170	31	1	0.8123752495009977	70.13772455089823
170	32	1	17.939879759519048	65.15831663326654
170	33	1	100.66999999999997	52.096000000000004
170	34	1	194.404	93.61599999999994
170	35	1	83.04790419161675	183.29540918163678
170	36	1	35.1616766467066	177.40319361277443
170	37	1	27.465069860279453	51.185628742514936
170	38	1	40.557999999999986	69.33
170	39	1	138.02994011976068	146.90019960079837
170	40	1	196.84	28.16800000000001
170	41	1	15.837999999999996	19.911999999999995
170	42	1	177.68737474949899	87.70941883767544
170	43	1	24.58399999999999	107.08200000000006
170	44	1	42.0498007968128	101.05179282868532
170	45	1	11.069999999999991	192.658
171	1	2	5.115702479338843	5.400826446280992
171	2	2	5.110169491525425	45.39830508474574
171	3	2	5.251028806584367	86.4979423868313
171	4	2	5.036000000000001	124.94399999999997
171	5	2	4.9999999999999964	165.00000000000009
171	6	2	44.988	5.104000000000002
171	7	2	45.40400000000003	45.13199999999998
171	8	2	45.12295081967211	84.8770491803279
171	9	2	45.132	125.40399999999994
171	10	2	45.502008032128465	164.32931726907637
171	11	2	84.99999999999997	5.000000000000002
171	12	2	83.71600000000002	44.44800000000001
171	13	2	85.01200000000003	85.10400000000001
171	14	2	84.988	124.89599999999994
171	15	2	84.99999999999997	164.99999999999991
171	16	2	125.07199999999999	4.939999999999999
171	17	2	125.12400000000005	45.00400000000004
171	18	2	125.05599999999998	84.97199999999994
171	19	2	124.828	124.97199999999997
171	20	2	125.148	165.03999999999996
171	21	2	164.99999999999994	5.000000000000002
171	22	2	164.99999999999994	45.00000000000002
171	23	2	164.36864406779657	84.7330508474576
171	24	2	164.86000000000004	125.01200000000001
171	25	2	165.33600000000004	165.10799999999998
171	26	1	179.77445109780442	18.177644710578843
171	27	1	165.20159680638722	144.19361277445108
171	28	1	31.11199999999999	30.493999999999996
171	29	1	184.4570858283433	44.516966067864246
171	30	1	91.92200000000004	142.1400000000001
171	31	1	0.8220000000000002	70.13000000000005
171	32	1	17.954091816367256	65.187624750499
171	33	1	100.77245508982028	52.24351297405188
171	34	1	194.402	93.60199999999993
171	35	1	83.0838323353293	183.24550898203603
171	36	1	35.02788844621515	177.35657370517927
171	37	1	27.422845691382783	51.12825651302601
171	38	1	40.58600000000005	69.264
171	39	1	138.21556886227557	146.83033932135714
171	40	1	196.854	28.157999999999976
171	41	1	15.814371257485039	19.878243512974045
171	42	1	177.6500000000001	87.75999999999989
171	43	1	24.606786427145703	107.06786427145714
171	44	1	41.936127744511005	101.03792415169667
171	45	1	11.073852295409175	192.64071856287404
172	1	2	5.115702479338843	5.400826446280992
172	2	2	5.110169491525425	45.39830508474574
172	3	2	5.251028806584367	86.4979423868313
172	4	2	5.036000000000001	124.94399999999997
172	5	2	4.9999999999999964	165.00000000000009
172	6	2	44.988	5.104000000000002
172	7	2	45.40400000000003	45.13199999999998
172	8	2	45.12295081967211	84.8770491803279
172	9	2	45.132	125.40399999999994
172	10	2	45.502008032128465	164.32931726907637
172	11	2	84.99999999999997	5.000000000000002
172	12	2	83.71600000000002	44.44800000000001
172	13	2	85.01200000000003	85.10400000000001
172	14	2	84.988	124.89599999999994
172	15	2	84.99999999999997	164.99999999999991
172	16	2	125.07199999999999	4.939999999999999
172	17	2	125.12400000000005	45.00400000000004
172	18	2	125.05599999999998	84.97199999999994
172	19	2	124.828	124.97199999999997
172	20	2	125.148	165.03999999999996
172	21	2	164.99999999999994	5.000000000000002
172	22	2	164.99999999999994	45.00000000000002
172	23	2	164.36864406779657	84.7330508474576
172	24	2	164.86000000000004	125.01200000000001
172	25	2	165.33600000000004	165.10799999999998
172	26	1	179.73199999999997	18.216000000000005
172	27	1	165.3665338645418	144.31075697211162
172	28	1	30.944223107569723	30.32470119521913
172	29	1	184.472	44.52399999999998
172	30	1	91.97000000000001	142.17199999999997
172	31	1	0.7624750499002	70.05988023952104
172	32	1	17.974000000000014	65.198
172	33	1	100.80799999999998	52.26000000000001
172	34	1	194.42315369261476	93.5548902195609
172	35	1	82.87800000000004	183.384
172	36	1	34.79441117764472	177.23552894211565
172	37	1	27.41399999999998	51.14599999999998
172	38	1	40.57884231536924	69.21157684630735
172	39	1	138.34399999999985	146.75799999999995
172	40	1	196.89021956087825	28.15768463073849
172	41	1	15.888667992047713	19.713717693836966
172	42	1	177.6067864271459	87.874251497006
172	43	1	24.606786427145703	106.99999999999994
172	44	1	41.95000000000002	101.05800000000004
172	45	1	10.989999999999998	192.75000000000006
173	1	2	5.115702479338843	5.400826446280992
173	2	2	5.110169491525425	45.39830508474574
173	3	2	5.251028806584367	86.4979423868313
173	4	2	5.036000000000001	124.94399999999997
173	5	2	4.9999999999999964	165.00000000000009
173	6	2	44.988	5.104000000000002
173	7	2	45.40400000000003	45.13199999999998
173	8	2	45.12295081967211	84.8770491803279
173	9	2	45.132	125.40399999999994
173	10	2	45.502008032128465	164.32931726907637
173	11	2	84.99999999999997	5.000000000000002
173	12	2	83.71600000000002	44.44800000000001
173	13	2	85.01200000000003	85.10400000000001
173	14	2	84.988	124.89599999999994
173	15	2	84.99999999999997	164.99999999999991
173	16	2	125.07199999999999	4.939999999999999
173	17	2	125.12400000000005	45.00400000000004
173	18	2	125.05599999999998	84.97199999999994
173	19	2	124.828	124.97199999999997
173	20	2	125.148	165.03999999999996
173	21	2	164.99999999999994	5.000000000000002
173	22	2	164.99999999999994	45.00000000000002
173	23	2	164.36864406779657	84.7330508474576
173	24	2	164.86000000000004	125.01200000000001
173	25	2	165.33600000000004	165.10799999999998
173	26	1	179.73199999999997	18.195999999999987
173	27	1	165.43313373253483	144.4610778443114
173	28	1	31.067864271457104	30.131736526946103
173	29	1	184.56487025948104	44.59081836327348
173	30	1	91.88622754491023	142.23153692614756
173	31	1	0.8080000000000013	70.13000000000001
173	32	1	18.007984031936132	65.03592814371251
173	33	1	100.86000000000007	52.40600000000003
173	34	1	194.45309381237524	93.47305389221553
173	35	1	82.73800000000004	183.40200000000016
173	36	1	34.653999999999975	177.17800000000003
173	37	1	27.427145708582806	51.107784431137716
173	38	1	40.646	69.15800000000003
173	39	1	138.41199999999986	146.71800000000007
173	40	1	196.91633466135457	28.121513944223118
173	41	1	15.8562874251497	19.838323353293426
173	42	1	177.5469061876246	88.03393213572859
173	43	1	24.582834331337303	106.97804391217564
173	44	1	41.97600000000001	101.07200000000006
173	45	1	10.996	192.75799999999998
174	1	2	5.115702479338843	5.400826446280992
174	2	2	5.110169491525425	45.39830508474574
174	3	2	5.251028806584367	86.4979423868313
174	4	2	5.036000000000001	124.94399999999997
174	5	2	4.9999999999999964	165.00000000000009
174	6	2	44.988	5.104000000000002
174	7	2	45.40400000000003	45.13199999999998
174	8	2	45.12295081967211	84.8770491803279
174	9	2	45.132	125.40399999999994
174	10	2	45.502008032128465	164.32931726907637
174	11	2	84.99999999999997	5.000000000000002
174	12	2	83.71600000000002	44.44800000000001
174	13	2	85.01200000000003	85.10400000000001
174	14	2	84.988	124.89599999999994
174	15	2	84.99999999999997	164.99999999999991
174	16	2	125.07199999999999	4.939999999999999
174	17	2	125.12400000000005	45.00400000000004
174	18	2	125.05599999999998	84.97199999999994
174	19	2	124.828	124.97199999999997
174	20	2	125.148	165.03999999999996
174	21	2	164.99999999999994	5.000000000000002
174	22	2	164.99999999999994	45.00000000000002
174	23	2	164.36864406779657	84.7330508474576
174	24	2	164.86000000000004	125.01200000000001
174	25	2	165.33600000000004	165.10799999999998
174	26	1	179.69461077844323	18.251497005988018
174	27	1	165.50399999999996	144.54200000000023
174	28	1	31.127744510978044	29.990019960079845
174	29	1	184.602	44.588000000000015
174	30	1	91.87599999999999	142.26399999999992
174	31	1	0.8642714570858306	70.00199600798403
174	32	1	18.073999999999987	64.95799999999996
174	33	1	100.89599999999999	52.35199999999997
174	34	1	194.46107784431138	93.30339321357285
174	35	1	82.56600000000002	183.46400000000008
174	36	1	34.54999999999999	177.06000000000006
174	37	1	27.41200000000001	51.04399999999998
174	38	1	40.67199999999999	69.11200000000001
174	39	1	138.51195219123508	146.6374501992032
174	40	1	196.966	28.127999999999997
174	41	1	15.858283433133732	19.810379241516948
174	42	1	177.44200000000006	88.07600000000006
174	43	1	24.548	106.96400000000007
174	44	1	42.00199600798404	101.08582834331335
174	45	1	11.056	192.74000000000007
175	1	2	5.115702479338843	5.400826446280992
175	2	2	5.110169491525425	45.39830508474574
175	3	2	5.251028806584367	86.4979423868313
175	4	2	5.036000000000001	124.94399999999997
175	5	2	4.9999999999999964	165.00000000000009
175	6	2	44.988	5.104000000000002
175	7	2	45.40400000000003	45.13199999999998
175	8	2	45.12295081967211	84.8770491803279
175	9	2	45.132	125.40399999999994
175	10	2	45.502008032128465	164.32931726907637
175	11	2	84.99999999999997	5.000000000000002
175	12	2	83.71600000000002	44.44800000000001
175	13	2	85.01200000000003	85.10400000000001
175	14	2	84.988	124.89599999999994
175	15	2	84.99999999999997	164.99999999999991
175	16	2	125.07199999999999	4.939999999999999
175	17	2	125.12400000000005	45.00400000000004
175	18	2	125.05599999999998	84.97199999999994
175	19	2	124.828	124.97199999999997
175	20	2	125.148	165.03999999999996
175	21	2	164.99999999999994	5.000000000000002
175	22	2	164.99999999999994	45.00000000000002
175	23	2	164.36864406779657	84.7330508474576
175	24	2	164.86000000000004	125.01200000000001
175	25	2	165.33600000000004	165.10799999999998
175	26	1	179.64670658682624	18.265469061876228
175	27	1	165.5239043824702	144.70517928286853
175	28	1	31.291417165668673	29.854291417165676
175	29	1	184.61200000000002	44.579999999999956
175	30	1	91.90400000000002	142.20799999999997
175	31	1	0.840319361277446	70.01197604790414
175	32	1	18.033932135728534	64.91616766467068
175	33	1	100.97005988023955	52.363273453093804
175	34	1	194.484	93.36799999999995
175	35	1	82.54291417165668	183.5089820359283
175	36	1	34.55310621242485	176.9859719438878
175	37	1	27.439121756487012	50.946107784431156
175	38	1	40.64999999999997	69.09
175	39	1	138.4559999999999	146.61200000000022
175	40	1	196.94610778443115	28.27544910179639
175	41	1	15.812375249501008	19.844311377245518
175	42	1	177.42399999999984	88.22999999999986
175	43	1	24.571999999999996	106.98400000000008
175	44	1	41.965931863727405	101.07014028056122
175	45	1	11.121513944223103	192.7031872509958
176	1	2	5.115702479338843	5.400826446280992
176	2	2	5.110169491525425	45.39830508474574
176	3	2	5.251028806584367	86.4979423868313
176	4	2	5.036000000000001	124.94399999999997
176	5	2	4.9999999999999964	165.00000000000009
176	6	2	44.988	5.104000000000002
176	7	2	45.40400000000003	45.13199999999998
176	8	2	45.12295081967211	84.8770491803279
176	9	2	45.132	125.40399999999994
176	10	2	45.502008032128465	164.32931726907637
176	11	2	84.99999999999997	5.000000000000002
176	12	2	83.71600000000002	44.44800000000001
176	13	2	85.01200000000003	85.10400000000001
176	14	2	84.988	124.89599999999994
176	15	2	84.99999999999997	164.99999999999991
176	16	2	125.07199999999999	4.939999999999999
176	17	2	125.12400000000005	45.00400000000004
176	18	2	125.05599999999998	84.97199999999994
176	19	2	124.828	124.97199999999997
176	20	2	125.148	165.03999999999996
176	21	2	164.99999999999994	5.000000000000002
176	22	2	164.99999999999994	45.00000000000002
176	23	2	164.36864406779657	84.7330508474576
176	24	2	164.86000000000004	125.01200000000001
176	25	2	165.33600000000004	165.10799999999998
176	26	1	179.61600000000004	18.32800000000001
176	27	1	165.58682634730528	144.87025948103772
176	28	1	31.379241516966054	29.712574850299397
176	29	1	184.6626746506986	44.534930139720515
176	30	1	91.92599999999995	142.3380000000001
176	31	1	0.8542914171656697	70.01197604790414
176	32	1	18.105788423153683	64.92015968063876
176	33	1	100.92415169660683	52.19760479041916
176	34	1	194.47305389221557	93.32335329341315
176	35	1	82.594	183.5399999999999
176	36	1	34.48999999999998	176.92999999999984
176	37	1	27.389221556886227	50.86227544910176
176	38	1	40.66999999999999	69.04199999999997
176	39	1	138.688	146.5560000000001
176	40	1	197.04191616766468	28.33333333333335
176	41	1	15.819999999999997	19.72999999999999
176	42	1	177.36799999999985	88.306
176	43	1	24.562000000000026	106.94999999999987
176	44	1	42.014	101.11800000000007
176	45	1	11.188	192.69999999999985
177	1	2	5.115702479338843	5.400826446280992
177	2	2	5.110169491525425	45.39830508474574
177	3	2	5.251028806584367	86.4979423868313
177	4	2	5.036000000000001	124.94399999999997
177	5	2	4.9999999999999964	165.00000000000009
177	6	2	44.988	5.104000000000002
177	7	2	45.40400000000003	45.13199999999998
177	8	2	45.12295081967211	84.8770491803279
177	9	2	45.132	125.40399999999994
177	10	2	45.502008032128465	164.32931726907637
177	11	2	84.99999999999997	5.000000000000002
177	12	2	83.71600000000002	44.44800000000001
177	13	2	85.01200000000003	85.10400000000001
177	14	2	84.988	124.89599999999994
177	15	2	84.99999999999997	164.99999999999991
177	16	2	125.07199999999999	4.939999999999999
177	17	2	125.12400000000005	45.00400000000004
177	18	2	125.05599999999998	84.97199999999994
177	19	2	124.828	124.97199999999997
177	20	2	125.148	165.03999999999996
177	21	2	164.99999999999994	5.000000000000002
177	22	2	164.99999999999994	45.00000000000002
177	23	2	164.36864406779657	84.7330508474576
177	24	2	164.86000000000004	125.01200000000001
177	25	2	165.33600000000004	165.10799999999998
177	26	1	179.792	18.221999999999976
177	27	1	165.69660678642717	145.05788423153692
177	28	1	31.51800000000001	29.51
177	29	1	184.662	44.41999999999998
177	30	1	91.870259481038	142.36526946107784
177	31	1	0.854291417165667	69.89221556886226
177	32	1	18.099999999999987	64.88999999999996
177	33	1	100.94810379241518	52.27744510978047
177	34	1	194.50898203592814	93.25748502994006
177	35	1	82.53293413173657	183.53493013972056
177	36	1	34.29341317365269	176.88622754491
177	37	1	27.351297405189623	50.792415169660735
177	38	1	40.67864271457084	68.99401197604794
177	39	1	138.82999999999998	146.5260000000001
177	40	1	197.096	28.428
177	41	1	15.811623246492974	19.76352705410822
177	42	1	177.3286852589641	88.42231075697212
177	43	1	24.48502994011974	106.86227544910177
177	44	1	42.02999999999997	101.12599999999999
177	45	1	11.183999999999997	192.71000000000004
178	1	2	5.115702479338843	5.400826446280992
178	2	2	5.110169491525425	45.39830508474574
178	3	2	5.251028806584367	86.4979423868313
178	4	2	5.036000000000001	124.94399999999997
178	5	2	4.9999999999999964	165.00000000000009
178	6	2	44.988	5.104000000000002
178	7	2	45.40400000000003	45.13199999999998
178	8	2	45.12295081967211	84.8770491803279
178	9	2	45.132	125.40399999999994
178	10	2	45.502008032128465	164.32931726907637
178	11	2	84.99999999999997	5.000000000000002
178	12	2	83.71600000000002	44.44800000000001
178	13	2	85.01200000000003	85.10400000000001
178	14	2	84.988	124.89599999999994
178	15	2	84.99999999999997	164.99999999999991
178	16	2	125.07199999999999	4.939999999999999
178	17	2	125.12400000000005	45.00400000000004
178	18	2	125.05599999999998	84.97199999999994
178	19	2	124.828	124.97199999999997
178	20	2	125.148	165.03999999999996
178	21	2	164.99999999999994	5.000000000000002
178	22	2	164.99999999999994	45.00000000000002
178	23	2	164.36864406779657	84.7330508474576
178	24	2	164.86000000000004	125.01200000000001
178	25	2	165.33600000000004	165.10799999999998
178	26	1	179.79640718562868	18.25748502994014
178	27	1	165.74051896207592	145.2694610778444
178	28	1	31.76846307385228	29.35129740518962
178	29	1	184.67729083665338	44.37051792828683
178	30	1	91.74799999999995	142.49600000000004
178	31	1	0.7604790419161688	69.84231536926141
178	32	1	18.03599999999999	64.95200000000004
178	33	1	100.94223107569715	52.25498007968126
178	34	1	194.60279441117765	93.3912175648703
178	35	1	82.5748502994012	183.53692614770443
178	36	1	34.21799999999998	176.8619999999999
178	37	1	27.211576846307384	50.73652694610781
178	38	1	40.58283433133732	68.96806387225544
178	39	1	138.976	146.51600000000005
178	40	1	197.187624750499	28.393213572854286
178	41	1	15.9	19.758000000000035
178	42	1	177.33999999999986	88.47600000000001
178	43	1	24.34000000000002	106.766
178	44	1	42.033932135728556	101.17365269461077
178	45	1	11.165999999999997	192.66599999999988
179	1	2	5.115702479338843	5.400826446280992
179	2	2	5.110169491525425	45.39830508474574
179	3	2	5.251028806584367	86.4979423868313
179	4	2	5.036000000000001	124.94399999999997
179	5	2	4.9999999999999964	165.00000000000009
179	6	2	44.988	5.104000000000002
179	7	2	45.40400000000003	45.13199999999998
179	8	2	45.12295081967211	84.8770491803279
179	9	2	45.132	125.40399999999994
179	10	2	45.502008032128465	164.32931726907637
179	11	2	84.99999999999997	5.000000000000002
179	12	2	83.71600000000002	44.44800000000001
179	13	2	85.01200000000003	85.10400000000001
179	14	2	84.988	124.89599999999994
179	15	2	84.99999999999997	164.99999999999991
179	16	2	125.07199999999999	4.939999999999999
179	17	2	125.12400000000005	45.00400000000004
179	18	2	125.05599999999998	84.97199999999994
179	19	2	124.828	124.97199999999997
179	20	2	125.148	165.03999999999996
179	21	2	164.99999999999994	5.000000000000002
179	22	2	164.99999999999994	45.00000000000002
179	23	2	164.36864406779657	84.7330508474576
179	24	2	164.86000000000004	125.01200000000001
179	25	2	165.33600000000004	165.10799999999998
179	26	1	179.73947895791585	18.39278557114229
179	27	1	165.62275449101807	145.47704590818367
179	28	1	31.894211576846313	29.287425149700614
179	29	1	184.73053892215566	44.33333333333336
179	30	1	91.65537848605582	142.69721115537854
179	31	1	0.7544910179640741	69.80838323353291
179	32	1	18.071856287425142	64.98802395209586
179	33	1	100.96806387225547	52.303393213572896
179	34	1	194.672	93.38199999999998
179	35	1	82.560878243513	183.5269461077844
179	36	1	34.05400000000001	176.75000000000006
179	37	1	27.194000000000013	50.72200000000004
179	38	1	40.69061876247503	68.85828343313366
179	39	1	139.15600000000018	146.49399999999994
179	40	1	197.264	28.368000000000016
179	41	1	15.928143712574837	19.748502994011986
179	42	1	177.33000000000004	88.43599999999998
179	43	1	24.311999999999973	106.70000000000006
179	44	1	42.07800000000002	101.15199999999999
179	45	1	11.175648702594804	192.63672654690626
180	1	2	5.115702479338843	5.400826446280992
180	2	2	5.110169491525425	45.39830508474574
180	3	2	5.251028806584367	86.4979423868313
180	4	2	5.036000000000001	124.94399999999997
180	5	2	4.9999999999999964	165.00000000000009
180	6	2	44.988	5.104000000000002
180	7	2	45.40400000000003	45.13199999999998
180	8	2	45.12295081967211	84.8770491803279
180	9	2	45.132	125.40399999999994
180	10	2	45.502008032128465	164.32931726907637
180	11	2	84.99999999999997	5.000000000000002
180	12	2	83.71600000000002	44.44800000000001
180	13	2	85.01200000000003	85.10400000000001
180	14	2	84.988	124.89599999999994
180	15	2	84.99999999999997	164.99999999999991
180	16	2	125.07199999999999	4.939999999999999
180	17	2	125.12400000000005	45.00400000000004
180	18	2	125.05599999999998	84.97199999999994
180	19	2	124.828	124.97199999999997
180	20	2	125.148	165.03999999999996
180	21	2	164.99999999999994	5.000000000000002
180	22	2	164.99999999999994	45.00000000000002
180	23	2	164.36864406779657	84.7330508474576
180	24	2	164.86000000000004	125.01200000000001
180	25	2	165.33600000000004	165.10799999999998
180	26	1	179.82200000000012	18.49000000000001
180	27	1	165.6107784431138	145.5588822355288
180	28	1	31.93000000000001	29.120000000000005
180	29	1	184.81199999999998	44.42799999999999
180	30	1	91.63273453093812	142.84431137724553
180	31	1	0.7569721115537836	69.77290836653384
180	32	1	18.055999999999997	64.87599999999998
180	33	1	101.00199999999994	52.308
180	34	1	194.67	93.322
180	35	1	82.57600000000009	183.56199999999984
180	36	1	34.06399999999999	176.71999999999983
180	37	1	27.248	50.611999999999995
180	38	1	40.69660678642719	68.81037924151691
180	39	1	139.35800000000006	146.47799999999998
180	40	1	197.308	28.31400000000001
180	41	1	15.934	19.708000000000002
180	42	1	177.31799999999998	88.39399999999998
180	43	1	24.181636726546927	106.60279441117751
180	44	1	42.137999999999955	101.21799999999999
180	45	1	11.241999999999994	192.61199999999997
181	1	2	5.115702479338843	5.400826446280992
181	2	2	5.110169491525425	45.39830508474574
181	3	2	5.251028806584367	86.4979423868313
181	4	2	5.036000000000001	124.94399999999997
181	5	2	4.9999999999999964	165.00000000000009
181	6	2	44.988	5.104000000000002
181	7	2	45.40400000000003	45.13199999999998
181	8	2	45.12295081967211	84.8770491803279
181	9	2	45.132	125.40399999999994
181	10	2	45.502008032128465	164.32931726907637
181	11	2	84.99999999999997	5.000000000000002
181	12	2	83.71600000000002	44.44800000000001
181	13	2	85.01200000000003	85.10400000000001
181	14	2	84.988	124.89599999999994
181	15	2	84.99999999999997	164.99999999999991
181	16	2	125.07199999999999	4.939999999999999
181	17	2	125.12400000000005	45.00400000000004
181	18	2	125.05599999999998	84.97199999999994
181	19	2	124.828	124.97199999999997
181	20	2	125.148	165.03999999999996
181	21	2	164.99999999999994	5.000000000000002
181	22	2	164.99999999999994	45.00000000000002
181	23	2	164.36864406779657	84.7330508474576
181	24	2	164.86000000000004	125.01200000000001
181	25	2	165.33600000000004	165.10799999999998
181	26	1	179.9098196392785	18.53507014028055
181	27	1	165.59999999999988	145.6779999999999
181	28	1	31.948103792415168	29.061876247505
181	29	1	184.80638722554892	44.40319361277446
181	30	1	91.62075848303391	142.89820359281427
181	31	1	0.728000000000003	69.77400000000006
181	32	1	18.015968063872258	64.83233532934128
181	33	1	101.00998003992011	52.23752495009978
181	34	1	194.834	93.42800000000007
181	35	1	82.56200000000017	183.6339999999998
181	36	1	33.878	176.65599999999992
181	37	1	27.25799999999998	50.547999999999966
181	38	1	40.722554890219556	68.78243512974055
181	39	1	139.496	146.43400000000005
181	40	1	197.3433133732535	28.387225548902162
181	41	1	16.03193612774451	19.50898203592815
181	42	1	177.37600000000018	88.57599999999992
181	43	1	24.10778443113773	106.54291417165659
181	44	1	42.11199999999994	101.28199999999998
181	45	1	11.358717434869737	192.61122244488982
182	1	2	5.115702479338843	5.400826446280992
182	2	2	5.110169491525425	45.39830508474574
182	3	2	5.251028806584367	86.4979423868313
182	4	2	5.036000000000001	124.94399999999997
182	5	2	4.9999999999999964	165.00000000000009
182	6	2	44.988	5.104000000000002
182	7	2	45.40400000000003	45.13199999999998
182	8	2	45.12295081967211	84.8770491803279
182	9	2	45.132	125.40399999999994
182	10	2	45.502008032128465	164.32931726907637
182	11	2	84.99999999999997	5.000000000000002
182	12	2	83.71600000000002	44.44800000000001
182	13	2	85.01200000000003	85.10400000000001
182	14	2	84.988	124.89599999999994
182	15	2	84.99999999999997	164.99999999999991
182	16	2	125.07199999999999	4.939999999999999
182	17	2	125.12400000000005	45.00400000000004
182	18	2	125.05599999999998	84.97199999999994
182	19	2	124.828	124.97199999999997
182	20	2	125.148	165.03999999999996
182	21	2	164.99999999999994	5.000000000000002
182	22	2	164.99999999999994	45.00000000000002
182	23	2	164.36864406779657	84.7330508474576
182	24	2	164.86000000000004	125.01200000000001
182	25	2	165.33600000000004	165.10799999999998
182	26	1	179.96800000000005	18.560000000000016
182	27	1	165.7140000000001	145.85200000000015
182	28	1	32.11800000000002	28.945999999999987
182	29	1	184.79600000000002	44.327999999999996
182	30	1	91.49799999999995	143.1300000000001
182	31	1	0.7968127490039817	69.83266932270921
182	32	1	17.896207584830346	64.68263473053895
182	33	1	101.03199999999994	52.24000000000001
182	34	1	194.88400000000001	93.50600000000001
182	35	1	82.63273453093812	183.6187624750498
182	36	1	33.78043912175649	176.6407185628742
182	37	1	27.338000000000015	50.593999999999966
182	38	1	40.72000000000002	68.80399999999995
182	39	1	139.8043912175649	146.40918163672652
182	40	1	197.43313373253494	28.47904191616765
182	41	1	16.041916167664677	19.584830339321357
182	42	1	177.38399999999996	88.56599999999995
182	43	1	24.166000000000007	106.53400000000005
182	44	1	42.152	101.27199999999998
182	45	1	11.41	192.636
183	1	2	5.115702479338843	5.400826446280992
183	2	2	5.110169491525425	45.39830508474574
183	3	2	5.251028806584367	86.4979423868313
183	4	2	5.036000000000001	124.94399999999997
183	5	2	4.9999999999999964	165.00000000000009
183	6	2	44.988	5.104000000000002
183	7	2	45.40400000000003	45.13199999999998
183	8	2	45.12295081967211	84.8770491803279
183	9	2	45.132	125.40399999999994
183	10	2	45.502008032128465	164.32931726907637
183	11	2	84.99999999999997	5.000000000000002
183	12	2	83.71600000000002	44.44800000000001
183	13	2	85.01200000000003	85.10400000000001
183	14	2	84.988	124.89599999999994
183	15	2	84.99999999999997	164.99999999999991
183	16	2	125.07199999999999	4.939999999999999
183	17	2	125.12400000000005	45.00400000000004
183	18	2	125.05599999999998	84.97199999999994
183	19	2	124.828	124.97199999999997
183	20	2	125.148	165.03999999999996
183	21	2	164.99999999999994	5.000000000000002
183	22	2	164.99999999999994	45.00000000000002
183	23	2	164.36864406779657	84.7330508474576
183	24	2	164.86000000000004	125.01200000000001
183	25	2	165.33600000000004	165.10799999999998
183	26	1	179.9061876247506	18.612774451097803
183	27	1	165.73800000000014	145.9300000000002
183	28	1	32.198	28.796000000000006
183	29	1	184.89442231075697	44.41035856573701
183	30	1	91.29940119760477	143.28143712574854
183	31	1	0.8323353293413158	69.83033932135729
183	32	1	17.87025948103792	64.60479041916166
183	33	1	101.09980039920173	52.303393213572846
183	34	1	194.946	93.53400000000008
183	35	1	82.64400000000003	183.6900000000001
183	36	1	33.65469061876247	176.60678642714572
183	37	1	27.325349301397196	50.44710578842318
183	38	1	40.70459081836325	68.82235528942125
183	39	1	140.04	146.41000000000014
183	40	1	197.48	28.425999999999995
183	41	1	16.03600000000001	19.501999999999995
183	42	1	177.39720558882215	88.53692614770448
183	43	1	24.1002004008016	106.43687374749501
183	44	1	42.19560878243516	101.30139720558883
183	45	1	11.410821643286576	192.57114228456916
184	1	2	5.115702479338843	5.400826446280992
184	2	2	5.110169491525425	45.39830508474574
184	3	2	5.251028806584367	86.4979423868313
184	4	2	5.036000000000001	124.94399999999997
184	5	2	4.9999999999999964	165.00000000000009
184	6	2	44.988	5.104000000000002
184	7	2	45.40400000000003	45.13199999999998
184	8	2	45.12295081967211	84.8770491803279
184	9	2	45.132	125.40399999999994
184	10	2	45.502008032128465	164.32931726907637
184	11	2	84.99999999999997	5.000000000000002
184	12	2	83.71600000000002	44.44800000000001
184	13	2	85.01200000000003	85.10400000000001
184	14	2	84.988	124.89599999999994
184	15	2	84.99999999999997	164.99999999999991
184	16	2	125.07199999999999	4.939999999999999
184	17	2	125.12400000000005	45.00400000000004
184	18	2	125.05599999999998	84.97199999999994
184	19	2	124.828	124.97199999999997
184	20	2	125.148	165.03999999999996
184	21	2	164.99999999999994	5.000000000000002
184	22	2	164.99999999999994	45.00000000000002
184	23	2	164.36864406779657	84.7330508474576
184	24	2	164.86000000000004	125.01200000000001
184	25	2	165.33600000000004	165.10799999999998
184	26	1	179.97000000000025	18.689999999999998
184	27	1	165.80800000000013	146.00799999999998
184	28	1	32.27744510978045	28.622754491017968
184	29	1	184.964	44.40199999999999
184	30	1	91.24302788844622	143.38844621513934
184	31	1	0.7544910179640725	69.88223552894215
184	32	1	17.732534930139717	64.53493013972053
184	33	1	101.245508982036	52.41117764471063
184	34	1	194.9382470119522	93.6593625498008
184	35	1	82.6492985971944	183.6573146292584
184	36	1	33.562	176.58400000000003
184	37	1	27.331337325349292	50.44311377245509
184	38	1	40.58199999999996	68.87200000000009
184	39	1	140.17835671342684	146.37875751502997
184	40	1	197.59281437125748	28.4930139720559
184	41	1	16.124248496993996	19.501002004008004
184	42	1	177.41400000000027	88.54600000000002
184	43	1	24.128	106.44000000000004
184	44	1	42.247504990019905	101.31536926147695
184	45	1	11.328685258964141	192.6274900398407
185	1	2	5.115702479338843	5.400826446280992
185	2	2	5.110169491525425	45.39830508474574
185	3	2	5.251028806584367	86.4979423868313
185	4	2	5.036000000000001	124.94399999999997
185	5	2	4.9999999999999964	165.00000000000009
185	6	2	44.988	5.104000000000002
185	7	2	45.40400000000003	45.13199999999998
185	8	2	45.12295081967211	84.8770491803279
185	9	2	45.132	125.40399999999994
185	10	2	45.502008032128465	164.32931726907637
185	11	2	84.99999999999997	5.000000000000002
185	12	2	83.71600000000002	44.44800000000001
185	13	2	85.01200000000003	85.10400000000001
185	14	2	84.988	124.89599999999994
185	15	2	84.99999999999997	164.99999999999991
185	16	2	125.07199999999999	4.939999999999999
185	17	2	125.12400000000005	45.00400000000004
185	18	2	125.05599999999998	84.97199999999994
185	19	2	124.828	124.97199999999997
185	20	2	125.148	165.03999999999996
185	21	2	164.99999999999994	5.000000000000002
185	22	2	164.99999999999994	45.00000000000002
185	23	2	164.36864406779657	84.7330508474576
185	24	2	164.86000000000004	125.01200000000001
185	25	2	165.33600000000004	165.10799999999998
185	26	1	179.92799999999997	18.708
185	27	1	165.9442231075699	146.14541832669312
185	28	1	32.347305389221546	28.467065868263482
185	29	1	184.99599999999998	44.268000000000015
185	30	1	91.22954091816368	143.52894211576847
185	31	1	0.7019999999999992	69.80800000000005
185	32	1	17.67664670658682	64.55089820359277
185	33	1	101.38323353293418	52.45708582834331
185	34	1	194.94610778443115	93.53093812375245
185	35	1	82.62999999999997	183.66999999999987
185	36	1	33.388000000000005	176.58000000000013
185	37	1	27.297405189620754	50.47305389221565
185	38	1	40.567999999999984	68.87399999999997
185	39	1	140.1943887775551	146.43887775551104
185	40	1	197.67935871743487	28.511022044088175
185	41	1	16.223107569721105	19.48007968127491
185	42	1	177.45800000000003	88.43799999999996
185	43	1	24.06000000000002	106.41400000000003
185	44	1	42.311999999999934	101.3320000000001
185	45	1	11.385999999999997	192.674
186	1	2	5.115702479338843	5.400826446280992
186	2	2	5.110169491525425	45.39830508474574
186	3	2	5.251028806584367	86.4979423868313
186	4	2	5.036000000000001	124.94399999999997
186	5	2	4.9999999999999964	165.00000000000009
186	6	2	44.988	5.104000000000002
186	7	2	45.40400000000003	45.13199999999998
186	8	2	45.12295081967211	84.8770491803279
186	9	2	45.132	125.40399999999994
186	10	2	45.502008032128465	164.32931726907637
186	11	2	84.99999999999997	5.000000000000002
186	12	2	83.71600000000002	44.44800000000001
186	13	2	85.01200000000003	85.10400000000001
186	14	2	84.988	124.89599999999994
186	15	2	84.99999999999997	164.99999999999991
186	16	2	125.07199999999999	4.939999999999999
186	17	2	125.12400000000005	45.00400000000004
186	18	2	125.05599999999998	84.97199999999994
186	19	2	124.828	124.97199999999997
186	20	2	125.148	165.03999999999996
186	21	2	164.99999999999994	5.000000000000002
186	22	2	164.99999999999994	45.00000000000002
186	23	2	164.36864406779657	84.7330508474576
186	24	2	164.86000000000004	125.01200000000001
186	25	2	165.33600000000004	165.10799999999998
186	26	1	179.94800000000004	18.671999999999997
186	27	1	165.97005988023935	146.24950099800424
186	28	1	32.477045908183634	28.403193612774448
186	29	1	184.98602794411178	44.211576846307366
186	30	1	91.20558882235522	143.676646706587
186	31	1	0.7804391217564851	69.82035928143713
186	32	1	17.671314741035854	64.45617529880477
186	33	1	101.38999999999994	52.468000000000046
186	34	1	194.88	93.52599999999997
186	35	1	82.64600000000007	183.73400000000004
186	36	1	33.31137724550896	176.46107784431132
186	37	1	27.307385229540923	50.36127744510974
186	38	1	40.51199999999995	68.93599999999994
186	39	1	140.32335329341308	146.36327345309368
186	40	1	197.712	28.581999999999994
186	41	1	16.301397205588817	19.389221556886223
186	42	1	177.53600000000003	88.23999999999997
186	43	1	23.93413173652697	106.24950099800402
186	44	1	42.34063745019924	101.43426294820726
186	45	1	11.420000000000009	192.68800000000005
187	1	2	5.115702479338843	5.400826446280992
187	2	2	5.110169491525425	45.39830508474574
187	3	2	5.251028806584367	86.4979423868313
187	4	2	5.036000000000001	124.94399999999997
187	5	2	4.9999999999999964	165.00000000000009
187	6	2	44.988	5.104000000000002
187	7	2	45.40400000000003	45.13199999999998
187	8	2	45.12295081967211	84.8770491803279
187	9	2	45.132	125.40399999999994
187	10	2	45.502008032128465	164.32931726907637
187	11	2	84.99999999999997	5.000000000000002
187	12	2	83.71600000000002	44.44800000000001
187	13	2	85.01200000000003	85.10400000000001
187	14	2	84.988	124.89599999999994
187	15	2	84.99999999999997	164.99999999999991
187	16	2	125.07199999999999	4.939999999999999
187	17	2	125.12400000000005	45.00400000000004
187	18	2	125.05599999999998	84.97199999999994
187	19	2	124.828	124.97199999999997
187	20	2	125.148	165.03999999999996
187	21	2	164.99999999999994	5.000000000000002
187	22	2	164.99999999999994	45.00000000000002
187	23	2	164.36864406779657	84.7330508474576
187	24	2	164.86000000000004	125.01200000000001
187	25	2	165.33600000000004	165.10799999999998
187	26	1	179.96599999999995	18.70400000000002
187	27	1	166.05588822355284	146.39321357285428
187	28	1	32.50398406374501	28.260956175298798
187	29	1	185.01200000000003	44.21199999999994
187	30	1	91.18999999999997	143.74000000000012
187	31	1	0.7465069860279432	69.83033932135723
187	32	1	17.577689243027883	64.35856573705179
187	33	1	101.42599999999999	52.502
187	34	1	194.764	93.47800000000005
187	35	1	82.61676646706586	183.79041916167665
187	36	1	33.188000000000024	176.5680000000001
187	37	1	27.353293413173656	50.33333333333337
187	38	1	40.4870259481038	68.94211576846308
187	39	1	140.5469061876247	146.33932135728546
187	40	1	197.778	28.612000000000005
187	41	1	16.304	19.371999999999982
187	42	1	177.61723446893797	88.1442885771543
187	43	1	23.777999999999984	106.10600000000005
187	44	1	42.35800000000003	101.58800000000004
187	45	1	11.306000000000008	192.7759999999999
188	1	2	5.115702479338843	5.400826446280992
188	2	2	5.110169491525425	45.39830508474574
188	3	2	5.251028806584367	86.4979423868313
188	4	2	5.036000000000001	124.94399999999997
188	5	2	4.9999999999999964	165.00000000000009
188	6	2	44.988	5.104000000000002
188	7	2	45.40400000000003	45.13199999999998
188	8	2	45.12295081967211	84.8770491803279
188	9	2	45.132	125.40399999999994
188	10	2	45.502008032128465	164.32931726907637
188	11	2	84.99999999999997	5.000000000000002
188	12	2	83.71600000000002	44.44800000000001
188	13	2	85.01200000000003	85.10400000000001
188	14	2	84.988	124.89599999999994
188	15	2	84.99999999999997	164.99999999999991
188	16	2	125.07199999999999	4.939999999999999
188	17	2	125.12400000000005	45.00400000000004
188	18	2	125.05599999999998	84.97199999999994
188	19	2	124.828	124.97199999999997
188	20	2	125.148	165.03999999999996
188	21	2	164.99999999999994	5.000000000000002
188	22	2	164.99999999999994	45.00000000000002
188	23	2	164.36864406779657	84.7330508474576
188	24	2	164.86000000000004	125.01200000000001
188	25	2	165.33600000000004	165.10799999999998
188	26	1	179.97604790419157	18.778443113772465
188	27	1	166.11576846307375	146.508982035928
188	28	1	32.52988047808765	28.15737051792826
188	29	1	185.164	44.366
188	30	1	91.06199999999998	143.8680000000001
188	31	1	0.6119999999999978	69.862
188	32	1	17.50099800399202	64.3433133732535
188	33	1	101.49	52.645999999999994
188	34	1	194.78243512974052	93.53493013972061
188	35	1	82.66399999999992	183.8380000000002
188	36	1	33.125748502994	176.57485029940105
188	37	1	27.331337325349303	50.27944111776446
188	38	1	40.419161676646745	68.93812375249509
188	39	1	140.57485029940128	146.30938123752497
188	40	1	197.762	28.566000000000006
188	41	1	16.32599999999999	19.42399999999997
188	42	1	177.58116232464934	88.11422845691386
188	43	1	23.76600000000004	106.07199999999999
188	44	1	42.41800000000001	101.57200000000002
188	45	1	11.400398406374501	192.8007968127489
189	1	2	5.115702479338843	5.400826446280992
189	2	2	5.110169491525425	45.39830508474574
189	3	2	5.251028806584367	86.4979423868313
189	4	2	5.036000000000001	124.94399999999997
189	5	2	4.9999999999999964	165.00000000000009
189	6	2	44.988	5.104000000000002
189	7	2	45.40400000000003	45.13199999999998
189	8	2	45.12295081967211	84.8770491803279
189	9	2	45.132	125.40399999999994
189	10	2	45.502008032128465	164.32931726907637
189	11	2	84.99999999999997	5.000000000000002
189	12	2	83.71600000000002	44.44800000000001
189	13	2	85.01200000000003	85.10400000000001
189	14	2	84.988	124.89599999999994
189	15	2	84.99999999999997	164.99999999999991
189	16	2	125.07199999999999	4.939999999999999
189	17	2	125.12400000000005	45.00400000000004
189	18	2	125.05599999999998	84.97199999999994
189	19	2	124.828	124.97199999999997
189	20	2	125.148	165.03999999999996
189	21	2	164.99999999999994	5.000000000000002
189	22	2	164.99999999999994	45.00000000000002
189	23	2	164.36864406779657	84.7330508474576
189	24	2	164.86000000000004	125.01200000000001
189	25	2	165.33600000000004	165.10799999999998
189	26	1	180.12399999999994	18.788000000000007
189	27	1	166.0540000000001	146.59799999999993
189	28	1	32.69461077844308	28.13373253493014
189	29	1	185.2284569138276	44.34869739478954
189	30	1	90.95409181636732	143.9860279441119
189	31	1	0.696606786427144	69.94411177644714
189	32	1	17.311999999999976	64.17599999999999
189	33	1	101.52104208416829	52.63326653306615
189	34	1	194.81	93.54
189	35	1	82.69461077844315	183.85429141716554
189	36	1	33.065999999999995	176.56999999999996
189	37	1	27.381237524950095	50.28143712574851
189	38	1	40.330000000000005	69.00799999999998
189	39	1	140.6207584830341	146.31936127744504
189	40	1	197.87	28.599999999999987
189	41	1	16.452000000000005	19.315999999999992
189	42	1	177.60079840319355	88.04590818363269
189	43	1	23.680638722554903	105.89421157684629
189	44	1	42.49400000000001	101.586
189	45	1	11.395209580838317	192.7784431137724
190	1	2	5.115702479338843	5.400826446280992
190	2	2	5.110169491525425	45.39830508474574
190	3	2	5.251028806584367	86.4979423868313
190	4	2	5.036000000000001	124.94399999999997
190	5	2	4.9999999999999964	165.00000000000009
190	6	2	44.988	5.104000000000002
190	7	2	45.40400000000003	45.13199999999998
190	8	2	45.12295081967211	84.8770491803279
190	9	2	45.132	125.40399999999994
190	10	2	45.502008032128465	164.32931726907637
190	11	2	84.99999999999997	5.000000000000002
190	12	2	83.71600000000002	44.44800000000001
190	13	2	85.01200000000003	85.10400000000001
190	14	2	84.988	124.89599999999994
190	15	2	84.99999999999997	164.99999999999991
190	16	2	125.07199999999999	4.939999999999999
190	17	2	125.12400000000005	45.00400000000004
190	18	2	125.05599999999998	84.97199999999994
190	19	2	124.828	124.97199999999997
190	20	2	125.148	165.03999999999996
190	21	2	164.99999999999994	5.000000000000002
190	22	2	164.99999999999994	45.00000000000002
190	23	2	164.36864406779657	84.7330508474576
190	24	2	164.86000000000004	125.01200000000001
190	25	2	165.33600000000004	165.10799999999998
190	26	1	180.15600000000012	18.84
190	27	1	166.01596806387207	146.73053892215577
190	28	1	32.90419161676647	28.073852295409193
190	29	1	185.28542914171658	44.34131736526946
190	30	1	90.93612774451104	144.11576846307395
190	31	1	0.6359999999999972	69.98399999999994
190	32	1	17.14171656686627	64.09181636726545
190	33	1	101.52894211576849	52.55289421157684
190	34	1	194.81	93.542
190	35	1	82.758	183.90800000000016
190	36	1	32.9001996007984	176.53493013972053
190	37	1	27.349301397205576	50.279441117764456
190	38	1	40.31199999999994	68.94799999999991
190	39	1	140.63473053892213	146.29740518962072
190	40	1	198.0617529880478	28.56374501992031
190	41	1	16.62399999999999	19.23599999999999
190	42	1	177.60678642714592	88.05389221556894
190	43	1	23.580838323353294	105.7065868263473
190	44	1	42.58316633266533	101.6492985971944
190	45	1	11.393999999999993	192.7760000000001
191	1	2	5.115702479338843	5.400826446280992
191	2	2	5.110169491525425	45.39830508474574
191	3	2	5.251028806584367	86.4979423868313
191	4	2	5.036000000000001	124.94399999999997
191	5	2	4.9999999999999964	165.00000000000009
191	6	2	44.988	5.104000000000002
191	7	2	45.40400000000003	45.13199999999998
191	8	2	45.12295081967211	84.8770491803279
191	9	2	45.132	125.40399999999994
191	10	2	45.502008032128465	164.32931726907637
191	11	2	84.99999999999997	5.000000000000002
191	12	2	83.71600000000002	44.44800000000001
191	13	2	85.01200000000003	85.10400000000001
191	14	2	84.988	124.89599999999994
191	15	2	84.99999999999997	164.99999999999991
191	16	2	125.07199999999999	4.939999999999999
191	17	2	125.12400000000005	45.00400000000004
191	18	2	125.05599999999998	84.97199999999994
191	19	2	124.828	124.97199999999997
191	20	2	125.148	165.03999999999996
191	21	2	164.99999999999994	5.000000000000002
191	22	2	164.99999999999994	45.00000000000002
191	23	2	164.36864406779657	84.7330508474576
191	24	2	164.86000000000004	125.01200000000001
191	25	2	165.33600000000004	165.10799999999998
191	26	1	180.33133732534932	18.87225548902197
191	27	1	166.07199999999997	146.80000000000004
191	28	1	32.98400000000004	27.99799999999999
191	29	1	185.396	44.432
191	30	1	90.9322709163347	144.31474103585657
191	31	1	0.6873747494989975	70.03206412825652
191	32	1	17.051896207584843	63.96806387225552
191	33	1	101.55489021956083	52.662674650698555
191	34	1	194.79441117764472	93.56686626746516
191	35	1	82.78243512974052	183.9201596806389
191	36	1	32.78642714570858	176.55888223552896
191	37	1	27.367265469061913	50.183632734530946
191	38	1	40.306000000000026	68.84200000000006
191	39	1	140.7039999999998	146.41600000000005
191	40	1	198.128	28.551999999999992
191	41	1	16.766467065868266	19.099800399201616
191	42	1	177.6280000000001	87.97200000000004
191	43	1	23.401197604790422	105.41716566866275
191	44	1	42.56374501992035	101.72310756972111
191	45	1	11.502000000000004	192.66400000000004
192	1	2	5.115702479338843	5.400826446280992
192	2	2	5.110169491525425	45.39830508474574
192	3	2	5.251028806584367	86.4979423868313
192	4	2	5.036000000000001	124.94399999999997
192	5	2	4.9999999999999964	165.00000000000009
192	6	2	44.988	5.104000000000002
192	7	2	45.40400000000003	45.13199999999998
192	8	2	45.12295081967211	84.8770491803279
192	9	2	45.132	125.40399999999994
192	10	2	45.502008032128465	164.32931726907637
192	11	2	84.99999999999997	5.000000000000002
192	12	2	83.71600000000002	44.44800000000001
192	13	2	85.01200000000003	85.10400000000001
192	14	2	84.988	124.89599999999994
192	15	2	84.99999999999997	164.99999999999991
192	16	2	125.07199999999999	4.939999999999999
192	17	2	125.12400000000005	45.00400000000004
192	18	2	125.05599999999998	84.97199999999994
192	19	2	124.828	124.97199999999997
192	20	2	125.148	165.03999999999996
192	21	2	164.99999999999994	5.000000000000002
192	22	2	164.99999999999994	45.00000000000002
192	23	2	164.36864406779657	84.7330508474576
192	24	2	164.86000000000004	125.01200000000001
192	25	2	165.33600000000004	165.10799999999998
192	26	1	180.32534930139738	18.91816367265469
192	27	1	166.01195219123497	146.93426294820725
192	28	1	33.00798403193616	27.954091816367278
192	29	1	185.45019920318722	44.46414342629485
192	30	1	90.89243027888452	144.6095617529881
192	31	1	0.6946107784431166	70.09181636726537
192	32	1	16.959999999999994	63.96199999999998
192	33	1	101.56199999999995	52.73400000000002
192	34	1	194.78443113772454	93.67265469061876
192	35	1	82.80999999999995	183.94399999999987
192	36	1	32.65269461077844	176.64870259481035
192	37	1	27.317365269461096	50.17964071856286
192	38	1	40.29141716566869	68.74251497005986
192	39	1	140.83433133732535	146.4590818363273
192	40	1	198.2315369261477	28.522954091816356
192	41	1	16.895999999999994	18.94000000000001
192	42	1	177.67864271457083	87.95009980039926
192	43	1	23.268	105.25200000000011
192	44	1	42.46307385229538	101.79640718562881
192	45	1	11.500998003992017	192.7345309381238
193	1	2	5.115702479338843	5.400826446280992
193	2	2	5.110169491525425	45.39830508474574
193	3	2	5.251028806584367	86.4979423868313
193	4	2	5.036000000000001	124.94399999999997
193	5	2	4.9999999999999964	165.00000000000009
193	6	2	44.988	5.104000000000002
193	7	2	45.40400000000003	45.13199999999998
193	8	2	45.12295081967211	84.8770491803279
193	9	2	45.132	125.40399999999994
193	10	2	45.502008032128465	164.32931726907637
193	11	2	84.99999999999997	5.000000000000002
193	12	2	83.71600000000002	44.44800000000001
193	13	2	85.01200000000003	85.10400000000001
193	14	2	84.988	124.89599999999994
193	15	2	84.99999999999997	164.99999999999991
193	16	2	125.07199999999999	4.939999999999999
193	17	2	125.12400000000005	45.00400000000004
193	18	2	125.05599999999998	84.97199999999994
193	19	2	124.828	124.97199999999997
193	20	2	125.148	165.03999999999996
193	21	2	164.99999999999994	5.000000000000002
193	22	2	164.99999999999994	45.00000000000002
193	23	2	164.36864406779657	84.7330508474576
193	24	2	164.86000000000004	125.01200000000001
193	25	2	165.33600000000004	165.10799999999998
193	26	1	180.3572854291417	19.023952095808394
193	27	1	165.9560878243513	147.09780439121755
193	28	1	33.03792415169662	27.906187624750515
193	29	1	185.50299401197603	44.47305389221555
193	30	1	90.83433133732534	144.8522954091814
193	31	1	0.7145708582834311	70.1317365269461
193	32	1	16.901999999999997	63.984000000000066
193	33	1	101.506	52.709999999999994
193	34	1	194.77	93.612
193	35	1	82.9880239520958	184.00399201596784
193	36	1	32.492000000000004	176.67199999999985
193	37	1	27.26746506986029	50.159680638722534
193	38	1	40.193612774451125	68.73253493013969
193	39	1	141.06400000000014	146.43399999999997
193	40	1	198.3313373253493	28.55688622754491
193	41	1	17.012000000000004	18.863999999999997
193	42	1	177.72599999999994	88.01000000000013
193	43	1	23.16600000000002	105.16000000000001
193	44	1	42.362000000000016	101.78200000000001
193	45	1	11.412000000000003	192.90199999999976
194	1	2	5.115702479338843	5.400826446280992
194	2	2	5.110169491525425	45.39830508474574
194	3	2	5.251028806584367	86.4979423868313
194	4	2	5.036000000000001	124.94399999999997
194	5	2	4.9999999999999964	165.00000000000009
194	6	2	44.988	5.104000000000002
194	7	2	45.40400000000003	45.13199999999998
194	8	2	45.12295081967211	84.8770491803279
194	9	2	45.132	125.40399999999994
194	10	2	45.502008032128465	164.32931726907637
194	11	2	84.99999999999997	5.000000000000002
194	12	2	83.71600000000002	44.44800000000001
194	13	2	85.01200000000003	85.10400000000001
194	14	2	84.988	124.89599999999994
194	15	2	84.99999999999997	164.99999999999991
194	16	2	125.07199999999999	4.939999999999999
194	17	2	125.12400000000005	45.00400000000004
194	18	2	125.05599999999998	84.97199999999994
194	19	2	124.828	124.97199999999997
194	20	2	125.148	165.03999999999996
194	21	2	164.99999999999994	5.000000000000002
194	22	2	164.99999999999994	45.00000000000002
194	23	2	164.36864406779657	84.7330508474576
194	24	2	164.86000000000004	125.01200000000001
194	25	2	165.33600000000004	165.10799999999998
194	26	1	180.43887775551102	19.08617234468939
194	27	1	165.9719999999998	147.114
194	28	1	33.10578842315369	27.832335329341298
194	29	1	185.64670658682633	44.586826347305376
194	30	1	90.76999999999992	145.03000000000017
194	31	1	0.6846307385229543	70.16367265469054
194	32	1	16.808383233532933	63.992015968063896
194	33	1	101.5548902195609	52.864271457085835
194	34	1	194.704	93.58199999999998
194	35	1	82.95600000000003	184.20800000000003
194	36	1	32.11377245508984	176.66866267465065
194	37	1	27.207584830339318	50.08183632734529
194	38	1	40.195608782435116	68.60279441117756
194	39	1	141.276	146.46800000000007
194	40	1	198.3872255489022	28.522954091816377
194	41	1	17.13827655310623	18.755511022044097
194	42	1	177.738	87.96999999999997
194	43	1	23.23353293413173	105.10179640718565
194	44	1	42.41916167664669	101.79840319361286
194	45	1	11.415999999999993	193.07600000000002
195	1	2	5.115702479338843	5.400826446280992
195	2	2	5.110169491525425	45.39830508474574
195	3	2	5.251028806584367	86.4979423868313
195	4	2	5.036000000000001	124.94399999999997
195	5	2	4.9999999999999964	165.00000000000009
195	6	2	44.988	5.104000000000002
195	7	2	45.40400000000003	45.13199999999998
195	8	2	45.12295081967211	84.8770491803279
195	9	2	45.132	125.40399999999994
195	10	2	45.502008032128465	164.32931726907637
195	11	2	84.99999999999997	5.000000000000002
195	12	2	83.71600000000002	44.44800000000001
195	13	2	85.01200000000003	85.10400000000001
195	14	2	84.988	124.89599999999994
195	15	2	84.99999999999997	164.99999999999991
195	16	2	125.07199999999999	4.939999999999999
195	17	2	125.12400000000005	45.00400000000004
195	18	2	125.05599999999998	84.97199999999994
195	19	2	124.828	124.97199999999997
195	20	2	125.148	165.03999999999996
195	21	2	164.99999999999994	5.000000000000002
195	22	2	164.99999999999994	45.00000000000002
195	23	2	164.36864406779657	84.7330508474576
195	24	2	164.86000000000004	125.01200000000001
195	25	2	165.33600000000004	165.10799999999998
195	26	1	180.39520958083818	19.14171656686627
195	27	1	165.88423153692617	147.14171656686636
195	28	1	33.155688622754504	27.712574850299397
195	29	1	185.67864271457088	44.55688622754488
195	30	1	90.75049900199596	145.05788423153683
195	31	1	0.8403193612774448	70.20758483033923
195	32	1	16.804	63.94599999999995
195	33	1	101.49900199600802	52.864271457085785
195	34	1	194.71057884231536	93.67065868263482
195	35	1	83.02799999999986	184.314
195	36	1	32.11976047904189	176.71656686626744
195	37	1	27.21357285429142	49.93213572854293
195	38	1	40.196	68.53599999999996
195	39	1	141.3779999999999	146.46
195	40	1	198.46	28.573999999999987
195	41	1	17.171999999999986	18.69800000000002
195	42	1	177.76047904191628	87.7624750499002
195	43	1	23.233999999999984	105.01199999999997
195	44	1	42.48502994011976	101.7724550898203
195	45	1	11.50299401197604	193.1257485029939
196	1	2	5.115702479338843	5.400826446280992
196	2	2	5.110169491525425	45.39830508474574
196	3	2	5.251028806584367	86.4979423868313
196	4	2	5.036000000000001	124.94399999999997
196	5	2	4.9999999999999964	165.00000000000009
196	6	2	44.988	5.104000000000002
196	7	2	45.40400000000003	45.13199999999998
196	8	2	45.12295081967211	84.8770491803279
196	9	2	45.132	125.40399999999994
196	10	2	45.502008032128465	164.32931726907637
196	11	2	84.99999999999997	5.000000000000002
196	12	2	83.71600000000002	44.44800000000001
196	13	2	85.01200000000003	85.10400000000001
196	14	2	84.988	124.89599999999994
196	15	2	84.99999999999997	164.99999999999991
196	16	2	125.07199999999999	4.939999999999999
196	17	2	125.12400000000005	45.00400000000004
196	18	2	125.05599999999998	84.97199999999994
196	19	2	124.828	124.97199999999997
196	20	2	125.148	165.03999999999996
196	21	2	164.99999999999994	5.000000000000002
196	22	2	164.99999999999994	45.00000000000002
196	23	2	164.36864406779657	84.7330508474576
196	24	2	164.86000000000004	125.01200000000001
196	25	2	165.33600000000004	165.10799999999998
196	26	1	180.51800000000003	19.118000000000013
196	27	1	165.95	147.23599999999988
196	28	1	33.041999999999994	27.665999999999983
196	29	1	185.7005988023952	44.646706586826376
196	30	1	90.67065868263472	145.26546906187647
196	31	1	0.908000000000004	70.30799999999998
196	32	1	16.664670658682635	63.8722554890219
196	33	1	101.4031936127745	52.75249500998002
196	34	1	194.63872255489022	93.6147704590819
196	35	1	83.0919999999999	184.276
196	36	1	32.083832335329355	176.79640718562882
196	37	1	27.189620758483013	49.8822355289421
196	38	1	40.16999999999995	68.49600000000001
196	39	1	141.43999999999983	146.49199999999976
196	40	1	198.38400000000001	28.62399999999999
196	41	1	17.191999999999997	18.548000000000012
196	42	1	177.72854291417175	87.67664670658682
196	43	1	23.195608782435123	104.89021956087822
196	44	1	42.576846307385246	101.80239520958088
196	45	1	11.465069860279439	193.1696606786428
197	1	2	5.115702479338843	5.400826446280992
197	2	2	5.110169491525425	45.39830508474574
197	3	2	5.251028806584367	86.4979423868313
197	4	2	5.036000000000001	124.94399999999997
197	5	2	4.9999999999999964	165.00000000000009
197	6	2	44.988	5.104000000000002
197	7	2	45.40400000000003	45.13199999999998
197	8	2	45.12295081967211	84.8770491803279
197	9	2	45.132	125.40399999999994
197	10	2	45.502008032128465	164.32931726907637
197	11	2	84.99999999999997	5.000000000000002
197	12	2	83.71600000000002	44.44800000000001
197	13	2	85.01200000000003	85.10400000000001
197	14	2	84.988	124.89599999999994
197	15	2	84.99999999999997	164.99999999999991
197	16	2	125.07199999999999	4.939999999999999
197	17	2	125.12400000000005	45.00400000000004
197	18	2	125.05599999999998	84.97199999999994
197	19	2	124.828	124.97199999999997
197	20	2	125.148	165.03999999999996
197	21	2	164.99999999999994	5.000000000000002
197	22	2	164.99999999999994	45.00000000000002
197	23	2	164.36864406779657	84.7330508474576
197	24	2	164.86000000000004	125.01200000000001
197	25	2	165.33600000000004	165.10799999999998
197	26	1	180.45599999999993	19.135999999999978
197	27	1	165.93213572854293	147.3572854291418
197	28	1	33.21599999999996	27.612000000000016
197	29	1	185.86427145708583	44.674650698602825
197	30	1	90.40800000000002	145.3979999999998
197	31	1	0.9999999999999958	70.51896207584834
197	32	1	16.480079681274905	63.756972111553765
197	33	1	101.32734530938127	52.77445109780438
197	34	1	194.648	93.69399999999995
197	35	1	83.09999999999997	184.35799999999986
197	36	1	31.93013972055887	176.80039920159666
197	37	1	27.120000000000008	49.809999999999995
197	38	1	40.06000000000002	68.51999999999998
197	39	1	141.4960000000001	146.52199999999993
197	40	1	198.47704590818364	28.628742514970078
197	41	1	17.282868525896404	18.44621513944223
197	42	1	177.74451097804413	87.68463073852296
197	43	1	23.17800000000001	104.69
197	44	1	42.62800000000002	101.80600000000001
197	45	1	11.45109780439123	193.1956087824353
198	1	2	5.115702479338843	5.400826446280992
198	2	2	5.110169491525425	45.39830508474574
198	3	2	5.251028806584367	86.4979423868313
198	4	2	5.036000000000001	124.94399999999997
198	5	2	4.9999999999999964	165.00000000000009
198	6	2	44.988	5.104000000000002
198	7	2	45.40400000000003	45.13199999999998
198	8	2	45.12295081967211	84.8770491803279
198	9	2	45.132	125.40399999999994
198	10	2	45.502008032128465	164.32931726907637
198	11	2	84.99999999999997	5.000000000000002
198	12	2	83.71600000000002	44.44800000000001
198	13	2	85.01200000000003	85.10400000000001
198	14	2	84.988	124.89599999999994
198	15	2	84.99999999999997	164.99999999999991
198	16	2	125.07199999999999	4.939999999999999
198	17	2	125.12400000000005	45.00400000000004
198	18	2	125.05599999999998	84.97199999999994
198	19	2	124.828	124.97199999999997
198	20	2	125.148	165.03999999999996
198	21	2	164.99999999999994	5.000000000000002
198	22	2	164.99999999999994	45.00000000000002
198	23	2	164.36864406779657	84.7330508474576
198	24	2	164.86000000000004	125.01200000000001
198	25	2	165.33600000000004	165.10799999999998
198	26	1	180.5449101796407	19.15568862275448
198	27	1	165.8680000000001	147.36599999999981
198	28	1	33.22155688622757	27.502994011976035
198	29	1	186.01197604790417	44.694610778443106
198	30	1	90.33600000000003	145.53599999999992
198	31	1	1.1077844311377274	70.59081836327346
198	32	1	16.456	63.798
198	33	1	101.28942115768467	52.782435129740485
198	34	1	194.604	93.72200000000001
198	35	1	83.01197604790426	184.3952095808382
198	36	1	31.942115768463058	176.90019960079832
198	37	1	27.051896207584836	49.79041916167662
198	38	1	40.07784431137724	68.41516966067857
198	39	1	141.5069860279442	146.58483033932123
198	40	1	198.536	28.640000000000025
198	41	1	17.32135728542914	18.40518962075848
198	42	1	177.76800000000003	87.60000000000001
198	43	1	23.155688622754468	104.57085828343313
198	44	1	42.68263473053893	101.87025948103796
198	45	1	11.52894211576847	193.1956087824351
199	1	2	5.115702479338843	5.400826446280992
199	2	2	5.110169491525425	45.39830508474574
199	3	2	5.251028806584367	86.4979423868313
199	4	2	5.036000000000001	124.94399999999997
199	5	2	4.9999999999999964	165.00000000000009
199	6	2	44.988	5.104000000000002
199	7	2	45.40400000000003	45.13199999999998
199	8	2	45.12295081967211	84.8770491803279
199	9	2	45.132	125.40399999999994
199	10	2	45.502008032128465	164.32931726907637
199	11	2	84.99999999999997	5.000000000000002
199	12	2	83.71600000000002	44.44800000000001
199	13	2	85.01200000000003	85.10400000000001
199	14	2	84.988	124.89599999999994
199	15	2	84.99999999999997	164.99999999999991
199	16	2	125.07199999999999	4.939999999999999
199	17	2	125.12400000000005	45.00400000000004
199	18	2	125.05599999999998	84.97199999999994
199	19	2	124.828	124.97199999999997
199	20	2	125.148	165.03999999999996
199	21	2	164.99999999999994	5.000000000000002
199	22	2	164.99999999999994	45.00000000000002
199	23	2	164.36864406779657	84.7330508474576
199	24	2	164.86000000000004	125.01200000000001
199	25	2	165.33600000000004	165.10799999999998
199	26	1	180.65399999999997	19.213999999999995
199	27	1	165.78800000000004	147.43000000000015
199	28	1	33.23	27.426000000000002
199	29	1	186.086	44.83600000000002
199	30	1	90.3373253493014	145.6926147704589
199	31	1	1.0460000000000016	70.63799999999993
199	32	1	16.239999999999995	63.642
199	33	1	101.20841683366736	52.905811623246514
199	34	1	194.57114228456913	93.74749498997997
199	35	1	83.18326693227095	184.5637450199202
199	36	1	31.856573705179276	176.9203187250994
199	37	1	26.976000000000006	49.71999999999997
199	38	1	39.872255489021974	68.35728542914175
199	39	1	141.574	146.58200000000008
199	40	1	198.49101796407186	28.560878243513006
199	41	1	17.393213572854275	18.293413173652713
199	42	1	177.86599999999996	87.54200000000004
199	43	1	23.11776447105788	104.54890219560882
199	44	1	42.628742514970035	101.90019960079827
199	45	1	11.484000000000007	193.21800000000016
200	1	2	5.115702479338843	5.400826446280992
200	2	2	5.110169491525425	45.39830508474574
200	3	2	5.251028806584367	86.4979423868313
200	4	2	5.036000000000001	124.94399999999997
200	5	2	4.9999999999999964	165.00000000000009
200	6	2	44.988	5.104000000000002
200	7	2	45.40400000000003	45.13199999999998
200	8	2	45.12295081967211	84.8770491803279
200	9	2	45.132	125.40399999999994
200	10	2	45.502008032128465	164.32931726907637
200	11	2	84.99999999999997	5.000000000000002
200	12	2	83.71600000000002	44.44800000000001
200	13	2	85.01200000000003	85.10400000000001
200	14	2	84.988	124.89599999999994
200	15	2	84.99999999999997	164.99999999999991
200	16	2	125.07199999999999	4.939999999999999
200	17	2	125.12400000000005	45.00400000000004
200	18	2	125.05599999999998	84.97199999999994
200	19	2	124.828	124.97199999999997
200	20	2	125.148	165.03999999999996
200	21	2	164.99999999999994	5.000000000000002
200	22	2	164.99999999999994	45.00000000000002
200	23	2	164.36864406779657	84.7330508474576
200	24	2	164.86000000000004	125.01200000000001
200	25	2	165.33600000000004	165.10799999999998
200	26	1	180.68263473053887	19.24750499001997
200	27	1	165.92599999999993	147.4800000000001
200	28	1	33.35999999999998	27.333999999999985
200	29	1	186.11576846307386	44.81037924151696
200	30	1	90.19960079840321	145.6846307385229
200	31	1	0.9101796407185617	70.64471057884231
200	32	1	16.03600000000001	63.47000000000003
200	33	1	101.22554890219568	52.978043912175636
200	34	1	194.492	93.81199999999997
200	35	1	83.22400000000002	184.54400000000018
200	36	1	31.748502994011954	176.93413173652687
200	37	1	26.99401197604788	49.76447105788418
200	38	1	39.840319361277444	68.31337325349304
200	39	1	141.60399999999993	146.58599999999996
200	40	1	198.538	28.510000000000005
200	41	1	17.51200000000001	18.34400000000001
200	42	1	177.94211576846322	87.47504990019961
200	43	1	23.109780439121757	104.4650698602794
200	44	1	42.73599999999996	101.91199999999999
200	45	1	11.429141716566873	193.2495009980039
201	1	2	5.115702479338843	5.400826446280992
201	2	2	5.110169491525425	45.39830508474574
201	3	2	5.251028806584367	86.4979423868313
201	4	2	5.036000000000001	124.94399999999997
201	5	2	4.9999999999999964	165.00000000000009
201	6	2	44.988	5.104000000000002
201	7	2	45.40400000000003	45.13199999999998
201	8	2	45.12295081967211	84.8770491803279
201	9	2	45.132	125.40399999999994
201	10	2	45.502008032128465	164.32931726907637
201	11	2	84.99999999999997	5.000000000000002
201	12	2	83.71600000000002	44.44800000000001
201	13	2	85.01200000000003	85.10400000000001
201	14	2	84.988	124.89599999999994
201	15	2	84.99999999999997	164.99999999999991
201	16	2	125.07199999999999	4.939999999999999
201	17	2	125.12400000000005	45.00400000000004
201	18	2	125.05599999999998	84.97199999999994
201	19	2	124.828	124.97199999999997
201	20	2	125.148	165.03999999999996
201	21	2	164.99999999999994	5.000000000000002
201	22	2	164.99999999999994	45.00000000000002
201	23	2	164.36864406779657	84.7330508474576
201	24	2	164.86000000000004	125.01200000000001
201	25	2	165.33600000000004	165.10799999999998
201	26	1	180.6620000000001	19.298000000000012
201	27	1	165.86427145708595	147.57485029940122
201	28	1	33.37924151696606	27.197604790419184
201	29	1	186.14570858283435	44.82035928143716
201	30	1	90.28742514970051	145.72854291417164
201	31	1	0.9281437125748473	70.68862275449104
201	32	1	15.912350597609567	63.332669322709144
201	33	1	101.26200000000001	52.98799999999997
201	34	1	194.382	93.774
201	35	1	83.3413173652695	184.5588822355289
201	36	1	31.707171314741057	177.0796812749006
201	37	1	27.001999999999978	49.79
201	38	1	39.73852295409181	68.1776447105789
201	39	1	141.63073852295392	146.5948103792417
201	40	1	198.45309381237524	28.532934131736535
201	41	1	17.53892215568863	18.255489021956084
201	42	1	177.94399999999985	87.268
201	43	1	23.04990019960079	104.35129740518965
201	44	1	42.76553106212425	101.9318637274549
201	45	1	11.332000000000003	193.35199999999992
202	1	2	5.115702479338843	5.400826446280992
202	2	2	5.110169491525425	45.39830508474574
202	3	2	5.251028806584367	86.4979423868313
202	4	2	5.036000000000001	124.94399999999997
202	5	2	4.9999999999999964	165.00000000000009
202	6	2	44.988	5.104000000000002
202	7	2	45.40400000000003	45.13199999999998
202	8	2	45.12295081967211	84.8770491803279
202	9	2	45.132	125.40399999999994
202	10	2	45.502008032128465	164.32931726907637
202	11	2	84.99999999999997	5.000000000000002
202	12	2	83.71600000000002	44.44800000000001
202	13	2	85.01200000000003	85.10400000000001
202	14	2	84.988	124.89599999999994
202	15	2	84.99999999999997	164.99999999999991
202	16	2	125.07199999999999	4.939999999999999
202	17	2	125.12400000000005	45.00400000000004
202	18	2	125.05599999999998	84.97199999999994
202	19	2	124.828	124.97199999999997
202	20	2	125.148	165.03999999999996
202	21	2	164.99999999999994	5.000000000000002
202	22	2	164.99999999999994	45.00000000000002
202	23	2	164.36864406779657	84.7330508474576
202	24	2	164.86000000000004	125.01200000000001
202	25	2	165.33600000000004	165.10799999999998
202	26	1	180.79041916167665	19.373253493013976
202	27	1	165.86400000000012	147.5840000000002
202	28	1	33.33199999999999	27.06999999999998
202	29	1	186.286	44.91599999999999
202	30	1	90.26199999999996	145.84799999999996
202	31	1	1.095808383233532	70.75648702594819
202	32	1	15.856287425149691	63.26147704590814
202	33	1	101.36000000000007	53.18799999999999
202	34	1	194.258	93.83200000000001
202	35	1	83.46107784431136	184.52495009980026
202	36	1	31.648000000000003	177.16
202	37	1	26.948	49.748
202	38	1	39.68000000000003	68.10999999999997
202	39	1	141.65269461077838	146.63872255489017
202	40	1	198.392	28.564000000000004
202	41	1	17.610778443113777	18.189620758483027
202	42	1	178.03406813627265	87.10621242484963
202	43	1	23.060000000000006	104.35000000000007
202	44	1	42.842315369261485	101.92814371257488
202	45	1	11.384000000000006	193.35200000000017
203	1	2	5.115702479338843	5.400826446280992
203	2	2	5.110169491525425	45.39830508474574
203	3	2	5.251028806584367	86.4979423868313
203	4	2	5.036000000000001	124.94399999999997
203	5	2	4.9999999999999964	165.00000000000009
203	6	2	44.988	5.104000000000002
203	7	2	45.40400000000003	45.13199999999998
203	8	2	45.12295081967211	84.8770491803279
203	9	2	45.132	125.40399999999994
203	10	2	45.502008032128465	164.32931726907637
203	11	2	84.99999999999997	5.000000000000002
203	12	2	83.71600000000002	44.44800000000001
203	13	2	85.01200000000003	85.10400000000001
203	14	2	84.988	124.89599999999994
203	15	2	84.99999999999997	164.99999999999991
203	16	2	125.07199999999999	4.939999999999999
203	17	2	125.12400000000005	45.00400000000004
203	18	2	125.05599999999998	84.97199999999994
203	19	2	124.828	124.97199999999997
203	20	2	125.148	165.03999999999996
203	21	2	164.99999999999994	5.000000000000002
203	22	2	164.99999999999994	45.00000000000002
203	23	2	164.36864406779657	84.7330508474576
203	24	2	164.86000000000004	125.01200000000001
203	25	2	165.33600000000004	165.10799999999998
203	26	1	180.824	19.416000000000004
203	27	1	165.9259999999999	147.594
203	28	1	33.29200000000001	26.876
203	29	1	186.286	44.90600000000003
203	30	1	90.15399999999995	145.9279999999999
203	31	1	1.1317365269461084	70.8003992015968
203	32	1	15.684630738522955	63.037924151696636
203	33	1	101.35599999999998	53.192000000000064
203	34	1	194.154	93.78200000000002
203	35	1	83.6620000000001	184.59000000000012
203	36	1	31.52988047808767	177.2091633466138
203	37	1	26.948103792415175	49.730538922155716
203	38	1	39.67465069860277	68.05788423153695
203	39	1	141.70399999999998	146.57799999999995
203	40	1	198.304	28.530000000000026
203	41	1	17.620758483033935	18.2175648702595
203	42	1	178.00799999999998	87.05199999999992
203	43	1	23.003992015968056	104.31337325349301
203	44	1	42.83967935871747	101.97394789579157
203	45	1	11.411177644710584	193.36726546906183
204	1	2	5.115702479338843	5.400826446280992
204	2	2	5.110169491525425	45.39830508474574
204	3	2	5.251028806584367	86.4979423868313
204	4	2	5.036000000000001	124.94399999999997
204	5	2	4.9999999999999964	165.00000000000009
204	6	2	44.988	5.104000000000002
204	7	2	45.40400000000003	45.13199999999998
204	8	2	45.12295081967211	84.8770491803279
204	9	2	45.132	125.40399999999994
204	10	2	45.502008032128465	164.32931726907637
204	11	2	84.99999999999997	5.000000000000002
204	12	2	83.71600000000002	44.44800000000001
204	13	2	85.01200000000003	85.10400000000001
204	14	2	84.988	124.89599999999994
204	15	2	84.99999999999997	164.99999999999991
204	16	2	125.07199999999999	4.939999999999999
204	17	2	125.12400000000005	45.00400000000004
204	18	2	125.05599999999998	84.97199999999994
204	19	2	124.828	124.97199999999997
204	20	2	125.148	165.03999999999996
204	21	2	164.99999999999994	5.000000000000002
204	22	2	164.99999999999994	45.00000000000002
204	23	2	164.36864406779657	84.7330508474576
204	24	2	164.86000000000004	125.01200000000001
204	25	2	165.33600000000004	165.10799999999998
204	26	1	180.81237524950103	19.4630738522954
204	27	1	165.9259999999999	147.64200000000002
204	28	1	33.27944111776444	26.640718562874248
204	29	1	186.3246492985972	44.931863727454946
204	30	1	89.98400000000001	146.01000000000002
204	31	1	1.0580000000000027	70.81399999999994
204	32	1	15.642	62.98400000000001
204	33	1	101.40319361277442	53.19960079840319
204	34	1	194.12175648702595	93.86027944111777
204	35	1	83.75	184.65200000000016
204	36	1	31.56287425149701	177.3013972055887
204	37	1	26.823647294589158	49.50100200400804
204	38	1	39.55600000000001	67.89200000000008
204	39	1	141.7459999999998	146.58399999999995
204	40	1	198.28	28.598000000000006
204	41	1	17.627999999999982	18.131999999999998
204	42	1	178.03792415169661	86.93213572854292
204	43	1	22.890219560878272	104.1896207584831
204	44	1	42.85000000000002	102.01400000000008
204	45	1	11.374	193.3699999999999
205	1	2	5.115702479338843	5.400826446280992
205	2	2	5.110169491525425	45.39830508474574
205	3	2	5.251028806584367	86.4979423868313
205	4	2	5.036000000000001	124.94399999999997
205	5	2	4.9999999999999964	165.00000000000009
205	6	2	44.988	5.104000000000002
205	7	2	45.40400000000003	45.13199999999998
205	8	2	45.12295081967211	84.8770491803279
205	9	2	45.132	125.40399999999994
205	10	2	45.502008032128465	164.32931726907637
205	11	2	84.99999999999997	5.000000000000002
205	12	2	83.71600000000002	44.44800000000001
205	13	2	85.01200000000003	85.10400000000001
205	14	2	84.988	124.89599999999994
205	15	2	84.99999999999997	164.99999999999991
205	16	2	125.07199999999999	4.939999999999999
205	17	2	125.12400000000005	45.00400000000004
205	18	2	125.05599999999998	84.97199999999994
205	19	2	124.828	124.97199999999997
205	20	2	125.148	165.03999999999996
205	21	2	164.99999999999994	5.000000000000002
205	22	2	164.99999999999994	45.00000000000002
205	23	2	164.36864406779657	84.7330508474576
205	24	2	164.86000000000004	125.01200000000001
205	25	2	165.33600000000004	165.10799999999998
205	26	1	180.852	19.463999999999984
205	27	1	165.92599999999987	147.66999999999982
205	28	1	33.44910179640714	26.485029940119745
205	29	1	186.3992015968064	44.976047904191574
205	30	1	89.9980039920159	146.07385229540924
205	31	1	1.067864271457087	70.81836327345314
205	32	1	15.725450901803603	62.96593186372748
205	33	1	101.37200000000004	53.22799999999994
205	34	1	194.10778443113773	93.78043912175649
205	35	1	83.74650698602791	184.70858283433137
205	36	1	31.489021956087818	177.32534930139727
205	37	1	26.779559118236467	49.27454909819641
205	38	1	39.50499001996012	67.88223552894206
205	39	1	141.8379999999999	146.57400000000013
205	40	1	198.25298804780877	28.64940239043823
205	41	1	17.72055888223554	18.065868263473053
205	42	1	178.09400000000016	86.87800000000003
205	43	1	22.91217564870259	104.10578842315373
205	44	1	42.921999999999976	102.00399999999993
205	45	1	11.429141716566868	193.3433133732534
206	1	2	5.115702479338843	5.400826446280992
206	2	2	5.110169491525425	45.39830508474574
206	3	2	5.251028806584367	86.4979423868313
206	4	2	5.036000000000001	124.94399999999997
206	5	2	4.9999999999999964	165.00000000000009
206	6	2	44.988	5.104000000000002
206	7	2	45.40400000000003	45.13199999999998
206	8	2	45.12295081967211	84.8770491803279
206	9	2	45.132	125.40399999999994
206	10	2	45.502008032128465	164.32931726907637
206	11	2	84.99999999999997	5.000000000000002
206	12	2	83.71600000000002	44.44800000000001
206	13	2	85.01200000000003	85.10400000000001
206	14	2	84.988	124.89599999999994
206	15	2	84.99999999999997	164.99999999999991
206	16	2	125.07199999999999	4.939999999999999
206	17	2	125.12400000000005	45.00400000000004
206	18	2	125.05599999999998	84.97199999999994
206	19	2	124.828	124.97199999999997
206	20	2	125.148	165.03999999999996
206	21	2	164.99999999999994	5.000000000000002
206	22	2	164.99999999999994	45.00000000000002
206	23	2	164.36864406779657	84.7330508474576
206	24	2	164.86000000000004	125.01200000000001
206	25	2	165.33600000000004	165.10799999999998
206	26	1	180.92415169660677	19.497005988023968
206	27	1	165.86600000000018	147.79000000000005
206	28	1	33.554	26.306000000000008
206	29	1	186.41	44.97799999999998
206	30	1	89.85828343313369	146.06187624750498
206	31	1	1.0639999999999987	70.84399999999997
206	32	1	15.6746506986028	62.87624750499001
206	33	1	101.33133732534928	53.26746506986028
206	34	1	193.9980079681275	93.7808764940238
206	35	1	83.71057884231534	184.8343313373252
206	36	1	31.439121756486983	177.42514970059884
206	37	1	26.762000000000008	49.20000000000004
206	38	1	39.494000000000014	67.79000000000002
206	39	1	141.88200000000006	146.5559999999998
206	40	1	198.2	28.66200000000002
206	41	1	17.70800000000001	18.168
206	42	1	178.11776447105782	86.63872255489022
206	43	1	22.80399999999999	103.99399999999996
206	44	1	42.99201596806387	102.01397205588823
206	45	1	11.479041916167663	193.3413173652695
207	1	2	5.115702479338843	5.400826446280992
207	2	2	5.110169491525425	45.39830508474574
207	3	2	5.251028806584367	86.4979423868313
207	4	2	5.036000000000001	124.94399999999997
207	5	2	4.9999999999999964	165.00000000000009
207	6	2	44.988	5.104000000000002
207	7	2	45.40400000000003	45.13199999999998
207	8	2	45.12295081967211	84.8770491803279
207	9	2	45.132	125.40399999999994
207	10	2	45.502008032128465	164.32931726907637
207	11	2	84.99999999999997	5.000000000000002
207	12	2	83.71600000000002	44.44800000000001
207	13	2	85.01200000000003	85.10400000000001
207	14	2	84.988	124.89599999999994
207	15	2	84.99999999999997	164.99999999999991
207	16	2	125.07199999999999	4.939999999999999
207	17	2	125.12400000000005	45.00400000000004
207	18	2	125.05599999999998	84.97199999999994
207	19	2	124.828	124.97199999999997
207	20	2	125.148	165.03999999999996
207	21	2	164.99999999999994	5.000000000000002
207	22	2	164.99999999999994	45.00000000000002
207	23	2	164.36864406779657	84.7330508474576
207	24	2	164.86000000000004	125.01200000000001
207	25	2	165.33600000000004	165.10799999999998
207	26	1	180.94799999999998	19.515999999999995
207	27	1	165.7844311377248	147.91417165668653
207	28	1	33.656000000000006	26.072000000000013
207	29	1	186.418	44.95200000000002
207	30	1	89.85399999999993	146.13600000000005
207	31	1	1.063872255489018	70.8363273453094
207	32	1	15.644000000000002	62.880000000000024
207	33	1	101.32000000000004	53.196
207	34	1	193.988	93.76399999999988
207	35	1	83.77644710578838	184.9421157684628
207	36	1	31.367265469061888	177.5229540918165
207	37	1	26.706586826347312	49.17764471057888
207	38	1	39.41600000000001	67.70799999999991
207	39	1	141.92800000000022	146.5139999999998
207	40	1	198.14570858283435	28.672654690618767
207	41	1	17.75745526838967	18.226640159045733
207	42	1	178.15000000000012	86.57399999999994
207	43	1	22.824351297405205	103.94610778443109
207	44	1	42.97000000000002	102.06399999999998
207	45	1	11.427145708582831	193.38123752495008
208	1	2	5.115702479338843	5.400826446280992
208	2	2	5.110169491525425	45.39830508474574
208	3	2	5.251028806584367	86.4979423868313
208	4	2	5.036000000000001	124.94399999999997
208	5	2	4.9999999999999964	165.00000000000009
208	6	2	44.988	5.104000000000002
208	7	2	45.40400000000003	45.13199999999998
208	8	2	45.12295081967211	84.8770491803279
208	9	2	45.132	125.40399999999994
208	10	2	45.502008032128465	164.32931726907637
208	11	2	84.99999999999997	5.000000000000002
208	12	2	83.71600000000002	44.44800000000001
208	13	2	85.01200000000003	85.10400000000001
208	14	2	84.988	124.89599999999994
208	15	2	84.99999999999997	164.99999999999991
208	16	2	125.07199999999999	4.939999999999999
208	17	2	125.12400000000005	45.00400000000004
208	18	2	125.05599999999998	84.97199999999994
208	19	2	124.828	124.97199999999997
208	20	2	125.148	165.03999999999996
208	21	2	164.99999999999994	5.000000000000002
208	22	2	164.99999999999994	45.00000000000002
208	23	2	164.36864406779657	84.7330508474576
208	24	2	164.86000000000004	125.01200000000001
208	25	2	165.33600000000004	165.10799999999998
208	26	1	181.03799999999998	19.50799999999998
208	27	1	165.76846307385227	147.99201596806384
208	28	1	33.660000000000004	25.970000000000002
208	29	1	186.4211576846307	44.95209580838323
208	30	1	89.82868525896411	146.21115537848596
208	31	1	1.1474103585657363	71.00000000000007
208	32	1	15.538922155688619	62.86427145708585
208	33	1	101.14800000000007	53.339999999999954
208	34	1	193.962	94.02400000000003
208	35	1	83.76047904191613	185.00000000000003
208	36	1	31.3373253493014	177.55688622754494
208	37	1	26.569999999999997	49.02800000000002
208	38	1	39.33732534930138	67.49301397205592
208	39	1	142.06200000000024	146.54200000000006
208	40	1	198.118	28.683999999999966
208	41	1	17.788423153692605	18.221556886227557
208	42	1	178.21200000000007	86.26200000000006
208	43	1	22.85628742514969	103.89421157684637
208	44	1	43.113772455089794	102.13572854291411
208	45	1	11.427145708582831	193.38123752495008
209	1	2	5.115702479338843	5.400826446280992
209	2	2	5.110169491525425	45.39830508474574
209	3	2	5.251028806584367	86.4979423868313
209	4	2	5.036000000000001	124.94399999999997
209	5	2	4.9999999999999964	165.00000000000009
209	6	2	44.988	5.104000000000002
209	7	2	45.40400000000003	45.13199999999998
209	8	2	45.12295081967211	84.8770491803279
209	9	2	45.132	125.40399999999994
209	10	2	45.502008032128465	164.32931726907637
209	11	2	84.99999999999997	5.000000000000002
209	12	2	83.71600000000002	44.44800000000001
209	13	2	85.01200000000003	85.10400000000001
209	14	2	84.988	124.89599999999994
209	15	2	84.99999999999997	164.99999999999991
209	16	2	125.07199999999999	4.939999999999999
209	17	2	125.12400000000005	45.00400000000004
209	18	2	125.05599999999998	84.97199999999994
209	19	2	124.828	124.97199999999997
209	20	2	125.148	165.03999999999996
209	21	2	164.99999999999994	5.000000000000002
209	22	2	164.99999999999994	45.00000000000002
209	23	2	164.36864406779657	84.7330508474576
209	24	2	164.86000000000004	125.01200000000001
209	25	2	165.33600000000004	165.10799999999998
209	26	1	181.05189620758483	19.578842315369247
209	27	1	165.72709163346593	148.1354581673305
209	28	1	33.708582834331324	25.850299401197617
209	29	1	186.51696606786427	45.03792415169666
209	30	1	89.77400000000014	146.3619999999999
209	31	1	1.1500000000000015	71.07799999999999
209	32	1	15.480000000000004	62.80200000000002
209	33	1	101.002	53.27199999999998
209	34	1	193.872	94.07800000000007
209	35	1	83.74599999999997	184.98799999999997
209	36	1	31.20159680638723	177.57085828343304
209	37	1	26.542914171656687	49.0578842315369
209	38	1	39.37524950099806	67.40119760479033
209	39	1	142.15600000000003	146.52799999999982
209	40	1	198.15	28.632000000000023
209	41	1	17.812000000000012	18.25200000000001
209	42	1	178.1820000000001	86.06000000000002
209	43	1	22.920159680638747	103.86826347305391
209	44	1	43.26399999999999	102.24199999999999
209	45	1	11.483999999999995	193.34799999999996
210	1	2	5.115702479338843	5.400826446280992
210	2	2	5.110169491525425	45.39830508474574
210	3	2	5.251028806584367	86.4979423868313
210	4	2	5.036000000000001	124.94399999999997
210	5	2	4.9999999999999964	165.00000000000009
210	6	2	44.988	5.104000000000002
210	7	2	45.40400000000003	45.13199999999998
210	8	2	45.12295081967211	84.8770491803279
210	9	2	45.132	125.40399999999994
210	10	2	45.502008032128465	164.32931726907637
210	11	2	84.99999999999997	5.000000000000002
210	12	2	83.71600000000002	44.44800000000001
210	13	2	85.01200000000003	85.10400000000001
210	14	2	84.988	124.89599999999994
210	15	2	84.99999999999997	164.99999999999991
210	16	2	125.07199999999999	4.939999999999999
210	17	2	125.12400000000005	45.00400000000004
210	18	2	125.05599999999998	84.97199999999994
210	19	2	124.828	124.97199999999997
210	20	2	125.148	165.03999999999996
210	21	2	164.99999999999994	5.000000000000002
210	22	2	164.99999999999994	45.00000000000002
210	23	2	164.36864406779657	84.7330508474576
210	24	2	164.86000000000004	125.01200000000001
210	25	2	165.33600000000004	165.10799999999998
210	26	1	181.00998003992018	19.620758483033924
210	27	1	165.73000000000002	148.2479999999998
210	28	1	33.66866267465071	25.612774451097803
210	29	1	186.5449101796407	45.20159680638723
210	30	1	89.71257485029949	146.50299401197614
210	31	1	1.129999999999999	71.07999999999998
210	32	1	15.543824701195236	62.79880478087654
210	33	1	100.95409181636737	53.43113772455087
210	34	1	193.852	94.14800000000001
210	35	1	83.87400000000002	185.03800000000024
210	36	1	31.16399999999998	177.69000000000005
210	37	1	26.561752988047786	48.92430278884467
210	38	1	39.39799999999999	67.35799999999993
210	39	1	142.36200000000005	146.55999999999992
210	40	1	198.02994011976048	28.63672654690617
210	41	1	17.81636726546908	18.32335329341319
210	42	1	178.183632734531	85.90818363273459
210	43	1	22.89021956087823	103.814371257485
210	44	1	43.25200000000001	102.24399999999996
210	45	1	11.352705410821633	193.47294589178358
211	1	2	5.115702479338843	5.400826446280992
211	2	2	5.110169491525425	45.39830508474574
211	3	2	5.251028806584367	86.4979423868313
211	4	2	5.036000000000001	124.94399999999997
211	5	2	4.9999999999999964	165.00000000000009
211	6	2	44.988	5.104000000000002
211	7	2	45.40400000000003	45.13199999999998
211	8	2	45.12295081967211	84.8770491803279
211	9	2	45.132	125.40399999999994
211	10	2	45.502008032128465	164.32931726907637
211	11	2	84.99999999999997	5.000000000000002
211	12	2	83.71600000000002	44.44800000000001
211	13	2	85.01200000000003	85.10400000000001
211	14	2	84.988	124.89599999999994
211	15	2	84.99999999999997	164.99999999999991
211	16	2	125.07199999999999	4.939999999999999
211	17	2	125.12400000000005	45.00400000000004
211	18	2	125.05599999999998	84.97199999999994
211	19	2	124.828	124.97199999999997
211	20	2	125.148	165.03999999999996
211	21	2	164.99999999999994	5.000000000000002
211	22	2	164.99999999999994	45.00000000000002
211	23	2	164.36864406779657	84.7330508474576
211	24	2	164.86000000000004	125.01200000000001
211	25	2	165.33600000000004	165.10799999999998
211	26	1	180.998	19.672000000000004
211	27	1	165.76999999999975	148.2979999999999
211	28	1	33.68199999999999	25.48800000000001
211	29	1	186.6067864271457	45.25548902195607
211	30	1	89.71057884231531	146.44510978043925
211	31	1	1.2040000000000057	71.14199999999995
211	32	1	15.516	62.69800000000004
211	33	1	101.0119760479042	53.604790419161674
211	34	1	193.768	94.25399999999999
211	35	1	83.88999999999992	185.07999999999987
211	36	1	31.01197604790419	177.82435129740517
211	37	1	26.499999999999986	48.82999999999999
211	38	1	39.317365269461035	67.35528942115765
211	39	1	142.45508982035935	146.560878243513
211	40	1	198.05988023952096	28.592814371257475
211	41	1	17.849999999999994	18.42600000000002
211	42	1	178.23705179282854	85.72509960159371
211	43	1	22.823999999999987	103.71800000000002
211	44	1	43.237999999999985	102.25799999999998
211	45	1	11.329999999999991	193.5060000000001
212	1	2	5.115702479338843	5.400826446280992
212	2	2	5.110169491525425	45.39830508474574
212	3	2	5.251028806584367	86.4979423868313
212	4	2	5.036000000000001	124.94399999999997
212	5	2	4.9999999999999964	165.00000000000009
212	6	2	44.988	5.104000000000002
212	7	2	45.40400000000003	45.13199999999998
212	8	2	45.12295081967211	84.8770491803279
212	9	2	45.132	125.40399999999994
212	10	2	45.502008032128465	164.32931726907637
212	11	2	84.99999999999997	5.000000000000002
212	12	2	83.71600000000002	44.44800000000001
212	13	2	85.01200000000003	85.10400000000001
212	14	2	84.988	124.89599999999994
212	15	2	84.99999999999997	164.99999999999991
212	16	2	125.07199999999999	4.939999999999999
212	17	2	125.12400000000005	45.00400000000004
212	18	2	125.05599999999998	84.97199999999994
212	19	2	124.828	124.97199999999997
212	20	2	125.148	165.03999999999996
212	21	2	164.99999999999994	5.000000000000002
212	22	2	164.99999999999994	45.00000000000002
212	23	2	164.36864406779657	84.7330508474576
212	24	2	164.86000000000004	125.01200000000001
212	25	2	165.33600000000004	165.10799999999998
212	26	1	180.932	19.696000000000016
212	27	1	165.76999999999975	148.2979999999999
212	28	1	33.75	25.272
212	29	1	186.64471057884228	45.231536926147726
212	30	1	89.6439999999999	146.4720000000002
212	31	1	1.322000000000001	71.21799999999996
212	32	1	15.483999999999996	62.63599999999998
212	33	1	101.04400000000008	53.70800000000001
212	34	1	193.702	94.25199999999991
212	35	1	84.05788423153699	185.12974051896205
212	36	1	30.950099800399208	177.8043912175649
212	37	1	26.46906187624752	48.720558882235544
212	38	1	39.238	67.28799999999991
212	39	1	142.4670658682635	146.5329341317366
212	40	1	198.00996015936255	28.56374501992032
212	41	1	17.867999999999995	18.465999999999998
212	42	1	178.30460921843692	85.59118236472948
212	43	1	22.744000000000007	103.66599999999995
212	44	1	43.313373253493054	102.38922155688624
212	45	1	11.41482965931864	193.4929859719438
213	1	2	5.115702479338843	5.400826446280992
213	2	2	5.110169491525425	45.39830508474574
213	3	2	5.251028806584367	86.4979423868313
213	4	2	5.036000000000001	124.94399999999997
213	5	2	4.9999999999999964	165.00000000000009
213	6	2	44.988	5.104000000000002
213	7	2	45.40400000000003	45.13199999999998
213	8	2	45.12295081967211	84.8770491803279
213	9	2	45.132	125.40399999999994
213	10	2	45.502008032128465	164.32931726907637
213	11	2	84.99999999999997	5.000000000000002
213	12	2	83.71600000000002	44.44800000000001
213	13	2	85.01200000000003	85.10400000000001
213	14	2	84.988	124.89599999999994
213	15	2	84.99999999999997	164.99999999999991
213	16	2	125.07199999999999	4.939999999999999
213	17	2	125.12400000000005	45.00400000000004
213	18	2	125.05599999999998	84.97199999999994
213	19	2	124.828	124.97199999999997
213	20	2	125.148	165.03999999999996
213	21	2	164.99999999999994	5.000000000000002
213	22	2	164.99999999999994	45.00000000000002
213	23	2	164.36864406779657	84.7330508474576
213	24	2	164.86000000000004	125.01200000000001
213	25	2	165.33600000000004	165.10799999999998
213	26	1	180.96207584830339	19.766467065868255
213	27	1	165.65868263473067	148.34331337325344
213	28	1	33.77490039840638	25.037848605577683
213	29	1	186.62	45.252000000000024
213	30	1	89.6334661354582	146.5199203187251
213	31	1	1.3119999999999994	71.222
213	32	1	15.40000000000001	62.55399999999998
213	33	1	101.02594810379233	53.68662674650698
213	34	1	193.58599999999998	94.19799999999988
213	35	1	84.09381237524953	185.26347305389237
213	36	1	31.010000000000005	177.95399999999998
213	37	1	26.45309381237525	48.656686626746556
213	38	1	39.23353293413176	67.21357285429146
213	39	1	142.41117764471048	146.5169660678644
213	40	1	197.98	28.567999999999994
213	41	1	17.79959919839679	18.627254509018055
213	42	1	178.26	85.57199999999999
213	43	1	22.855999999999973	103.69799999999998
213	44	1	43.36400000000003	102.4180000000001
213	45	1	11.317999999999996	193.55599999999976
214	1	2	5.115702479338843	5.400826446280992
214	2	2	5.110169491525425	45.39830508474574
214	3	2	5.251028806584367	86.4979423868313
214	4	2	5.036000000000001	124.94399999999997
214	5	2	4.9999999999999964	165.00000000000009
214	6	2	44.988	5.104000000000002
214	7	2	45.40400000000003	45.13199999999998
214	8	2	45.12295081967211	84.8770491803279
214	9	2	45.132	125.40399999999994
214	10	2	45.502008032128465	164.32931726907637
214	11	2	84.99999999999997	5.000000000000002
214	12	2	83.71600000000002	44.44800000000001
214	13	2	85.01200000000003	85.10400000000001
214	14	2	84.988	124.89599999999994
214	15	2	84.99999999999997	164.99999999999991
214	16	2	125.07199999999999	4.939999999999999
214	17	2	125.12400000000005	45.00400000000004
214	18	2	125.05599999999998	84.97199999999994
214	19	2	124.828	124.97199999999997
214	20	2	125.148	165.03999999999996
214	21	2	164.99999999999994	5.000000000000002
214	22	2	164.99999999999994	45.00000000000002
214	23	2	164.36864406779657	84.7330508474576
214	24	2	164.86000000000004	125.01200000000001
214	25	2	165.33600000000004	165.10799999999998
214	26	1	180.9560878243513	19.746506986027942
214	27	1	165.68200000000007	148.38200000000003
214	28	1	33.86227544910179	24.920159680638733
214	29	1	186.6	45.301999999999964
214	30	1	89.7185628742514	146.42914171656682
214	31	1	1.3266932270916358	71.2290836653386
214	32	1	15.413173652694624	62.51497005988026
214	33	1	101.01596806387225	53.81037924151696
214	34	1	193.552	94.18400000000004
214	35	1	84.15338645418322	185.3107569721116
214	36	1	31.099800399201573	178.01397205588825
214	37	1	26.40518962075847	48.508982035928156
214	38	1	39.16400000000005	67.09199999999997
214	39	1	142.39920159680628	146.51497005988017
214	40	1	197.93413173652695	28.49101796407185
214	41	1	17.900199600798402	18.634730538922142
214	42	1	178.26600000000013	85.46400000000001
214	43	1	22.900000000000006	103.69399999999999
214	44	1	43.412000000000006	102.44600000000004
214	45	1	11.328000000000003	193.55400000000014
215	1	2	5.115702479338843	5.400826446280992
215	2	2	5.110169491525425	45.39830508474574
215	3	2	5.251028806584367	86.4979423868313
215	4	2	5.036000000000001	124.94399999999997
215	5	2	4.9999999999999964	165.00000000000009
215	6	2	44.988	5.104000000000002
215	7	2	45.40400000000003	45.13199999999998
215	8	2	45.12295081967211	84.8770491803279
215	9	2	45.132	125.40399999999994
215	10	2	45.502008032128465	164.32931726907637
215	11	2	84.99999999999997	5.000000000000002
215	12	2	83.71600000000002	44.44800000000001
215	13	2	85.01200000000003	85.10400000000001
215	14	2	84.988	124.89599999999994
215	15	2	84.99999999999997	164.99999999999991
215	16	2	125.07199999999999	4.939999999999999
215	17	2	125.12400000000005	45.00400000000004
215	18	2	125.05599999999998	84.97199999999994
215	19	2	124.828	124.97199999999997
215	20	2	125.148	165.03999999999996
215	21	2	164.99999999999994	5.000000000000002
215	22	2	164.99999999999994	45.00000000000002
215	23	2	164.36864406779657	84.7330508474576
215	24	2	164.86000000000004	125.01200000000001
215	25	2	165.33600000000004	165.10799999999998
215	26	1	180.924	19.86400000000002
215	27	1	165.58200000000008	148.3940000000001
215	28	1	33.828685258964136	24.717131474103606
215	29	1	186.6007984031936	45.32335329341316
215	30	1	89.6932270916334	146.5019920318726
215	31	1	1.3080000000000016	71.27000000000004
215	32	1	15.280000000000006	62.32400000000004
215	33	1	100.87624750498996	53.746506986027896
215	34	1	193.4890219560878	94.19560878243509
215	35	1	84.19161676646709	185.35928143712562
215	36	1	31.139720558882228	178.15568862275447
215	37	1	26.420841683366746	48.46693386773545
215	38	1	39.00798403193608	67.20359281437122
215	39	1	142.40799999999996	146.56200000000013
215	40	1	197.932	28.452000000000012
215	41	1	17.872000000000014	18.77
215	42	1	178.26000000000005	85.41199999999998
215	43	1	22.82000000000001	103.71200000000002
215	44	1	43.53293413173659	102.60878243512973
215	45	1	11.274000000000001	193.602
216	1	2	5.115702479338843	5.400826446280992
216	2	2	5.110169491525425	45.39830508474574
216	3	2	5.251028806584367	86.4979423868313
216	4	2	5.036000000000001	124.94399999999997
216	5	2	4.9999999999999964	165.00000000000009
216	6	2	44.988	5.104000000000002
216	7	2	45.40400000000003	45.13199999999998
216	8	2	45.12295081967211	84.8770491803279
216	9	2	45.132	125.40399999999994
216	10	2	45.502008032128465	164.32931726907637
216	11	2	84.99999999999997	5.000000000000002
216	12	2	83.71600000000002	44.44800000000001
216	13	2	85.01200000000003	85.10400000000001
216	14	2	84.988	124.89599999999994
216	15	2	84.99999999999997	164.99999999999991
216	16	2	125.07199999999999	4.939999999999999
216	17	2	125.12400000000005	45.00400000000004
216	18	2	125.05599999999998	84.97199999999994
216	19	2	124.828	124.97199999999997
216	20	2	125.148	165.03999999999996
216	21	2	164.99999999999994	5.000000000000002
216	22	2	164.99999999999994	45.00000000000002
216	23	2	164.36864406779657	84.7330508474576
216	24	2	164.86000000000004	125.01200000000001
216	25	2	165.33600000000004	165.10799999999998
216	26	1	180.912	19.904000000000014
216	27	1	165.59799999999993	148.49600000000018
216	28	1	33.86027944111773	24.678642714570874
216	29	1	186.52800000000002	45.253999999999984
216	30	1	89.75249500998007	146.4530938123752
216	31	1	1.3233532934131769	71.29540918163671
216	32	1	15.22155688622756	62.27345309381233
216	33	1	100.90799999999997	53.82599999999998
216	34	1	193.42914171656687	94.18762475049897
216	35	1	84.226	185.54799999999994
216	36	1	31.141999999999985	178.26999999999987
216	37	1	26.381237524950105	48.41716566866267
216	38	1	38.924151696606835	67.27544910179645
216	39	1	142.5149700598804	146.57085828343298
216	40	1	197.90818363273453	28.419161676646716
216	41	1	17.93386773547096	18.759519038076146
216	42	1	178.20717131474103	85.36055776892428
216	43	1	22.709999999999997	103.62600000000002
216	44	1	43.60399999999999	102.74799999999993
216	45	1	11.303393213572852	193.59680638722557
217	1	2	5.115702479338843	5.400826446280992
217	2	2	5.110169491525425	45.39830508474574
217	3	2	5.251028806584367	86.4979423868313
217	4	2	5.036000000000001	124.94399999999997
217	5	2	4.9999999999999964	165.00000000000009
217	6	2	44.988	5.104000000000002
217	7	2	45.40400000000003	45.13199999999998
217	8	2	45.12295081967211	84.8770491803279
217	9	2	45.132	125.40399999999994
217	10	2	45.502008032128465	164.32931726907637
217	11	2	84.99999999999997	5.000000000000002
217	12	2	83.71600000000002	44.44800000000001
217	13	2	85.01200000000003	85.10400000000001
217	14	2	84.988	124.89599999999994
217	15	2	84.99999999999997	164.99999999999991
217	16	2	125.07199999999999	4.939999999999999
217	17	2	125.12400000000005	45.00400000000004
217	18	2	125.05599999999998	84.97199999999994
217	19	2	124.828	124.97199999999997
217	20	2	125.148	165.03999999999996
217	21	2	164.99999999999994	5.000000000000002
217	22	2	164.99999999999994	45.00000000000002
217	23	2	164.36864406779657	84.7330508474576
217	24	2	164.86000000000004	125.01200000000001
217	25	2	165.33600000000004	165.10799999999998
217	26	1	180.87199999999999	19.89999999999999
217	27	1	165.6240000000001	148.52399999999983
217	28	1	33.88247011952189	24.529880478087644
217	29	1	186.53493013972056	45.279441117764456
217	30	1	89.63999999999997	146.506
217	31	1	1.4471057884231546	71.32534930139717
217	32	1	15.23752495009981	62.18762475049903
217	33	1	100.78642714570859	53.80239520958081
217	34	1	193.366	94.216
217	35	1	84.39520958083826	185.56886227544877
217	36	1	31.071856287425167	178.2674650698603
217	37	1	26.385229540918143	48.36926147704592
217	38	1	38.87575150300602	67.29458917835666
217	39	1	142.5140000000002	146.57199999999997
217	40	1	197.91616766467067	28.401197604790422
217	41	1	17.980000000000004	18.777999999999974
217	42	1	178.238	85.05600000000001
217	43	1	22.720558882235526	103.67465069860278
217	44	1	43.70000000000001	102.83199999999994
217	45	1	11.285999999999998	193.61599999999993
218	1	2	5.115702479338843	5.400826446280992
218	2	2	5.110169491525425	45.39830508474574
218	3	2	5.251028806584367	86.4979423868313
218	4	2	5.036000000000001	124.94399999999997
218	5	2	4.9999999999999964	165.00000000000009
218	6	2	44.988	5.104000000000002
218	7	2	45.40400000000003	45.13199999999998
218	8	2	45.12295081967211	84.8770491803279
218	9	2	45.132	125.40399999999994
218	10	2	45.502008032128465	164.32931726907637
218	11	2	84.99999999999997	5.000000000000002
218	12	2	83.71600000000002	44.44800000000001
218	13	2	85.01200000000003	85.10400000000001
218	14	2	84.988	124.89599999999994
218	15	2	84.99999999999997	164.99999999999991
218	16	2	125.07199999999999	4.939999999999999
218	17	2	125.12400000000005	45.00400000000004
218	18	2	125.05599999999998	84.97199999999994
218	19	2	124.828	124.97199999999997
218	20	2	125.148	165.03999999999996
218	21	2	164.99999999999994	5.000000000000002
218	22	2	164.99999999999994	45.00000000000002
218	23	2	164.36864406779657	84.7330508474576
218	24	2	164.86000000000004	125.01200000000001
218	25	2	165.33600000000004	165.10799999999998
218	26	1	181.01399999999998	19.870000000000022
218	27	1	165.6559999999999	148.48399999999975
218	28	1	33.90818363273455	24.327345309381247
218	29	1	186.5309381237525	45.22554890219561
218	30	1	89.60878243512975	146.5309381237525
218	31	1	1.49	71.35600000000008
218	32	1	15.221556886227548	62.121756487025976
218	33	1	100.71400000000007	53.795999999999985
218	34	1	193.31	94.29599999999988
218	35	1	84.53600000000006	185.65399999999994
218	36	1	31.06999999999999	178.24999999999994
218	37	1	26.37524950099802	48.24750499001995
218	38	1	38.72199999999998	67.30399999999992
218	39	1	142.59800000000007	146.58399999999975
218	40	1	197.98	28.38000000000002
218	41	1	18.032000000000004	18.776000000000018
218	42	1	178.2874251497007	84.77844311377257
218	43	1	22.6447105788423	103.56487025948108
218	44	1	43.73947895791583	102.90781563126247
218	45	1	11.262000000000004	193.58599999999993
219	1	2	5.115702479338843	5.400826446280992
219	2	2	5.110169491525425	45.39830508474574
219	3	2	5.251028806584367	86.4979423868313
219	4	2	5.036000000000001	124.94399999999997
219	5	2	4.9999999999999964	165.00000000000009
219	6	2	44.988	5.104000000000002
219	7	2	45.40400000000003	45.13199999999998
219	8	2	45.12295081967211	84.8770491803279
219	9	2	45.132	125.40399999999994
219	10	2	45.502008032128465	164.32931726907637
219	11	2	84.99999999999997	5.000000000000002
219	12	2	83.71600000000002	44.44800000000001
219	13	2	85.01200000000003	85.10400000000001
219	14	2	84.988	124.89599999999994
219	15	2	84.99999999999997	164.99999999999991
219	16	2	125.07199999999999	4.939999999999999
219	17	2	125.12400000000005	45.00400000000004
219	18	2	125.05599999999998	84.97199999999994
219	19	2	124.828	124.97199999999997
219	20	2	125.148	165.03999999999996
219	21	2	164.99999999999994	5.000000000000002
219	22	2	164.99999999999994	45.00000000000002
219	23	2	164.36864406779657	84.7330508474576
219	24	2	164.86000000000004	125.01200000000001
219	25	2	165.33600000000004	165.10799999999998
219	26	1	180.95009980039922	19.880239520958074
219	27	1	165.62874251497	148.54291417165666
219	28	1	33.890000000000015	24.110000000000003
219	29	1	186.53892215568862	45.18962075848303
219	30	1	89.672	146.55000000000015
219	31	1	1.6367265469061918	71.43512974051902
219	32	1	15.231536926147694	62.11377245508982
219	33	1	100.66800000000009	53.89800000000003
219	34	1	193.22954091816368	94.31337325349297
219	35	1	84.56886227544912	185.73253493013956
219	36	1	31.13972055888225	178.33532934131733
219	37	1	26.373253493013987	48.199600798403196
219	38	1	38.71856287425149	67.23153692614778
219	39	1	142.59999999999997	146.6619999999999
219	40	1	198.05	28.336000000000006
219	41	1	18.049999999999997	18.802000000000007
219	42	1	178.24950099800407	84.69261477045904
219	43	1	22.536926147704605	103.45309381237529
219	44	1	43.70858283433129	102.90419161676654
219	45	1	11.260000000000016	193.58199999999994
220	1	2	5.115702479338843	5.400826446280992
220	2	2	5.110169491525425	45.39830508474574
220	3	2	5.251028806584367	86.4979423868313
220	4	2	5.036000000000001	124.94399999999997
220	5	2	4.9999999999999964	165.00000000000009
220	6	2	44.988	5.104000000000002
220	7	2	45.40400000000003	45.13199999999998
220	8	2	45.12295081967211	84.8770491803279
220	9	2	45.132	125.40399999999994
220	10	2	45.502008032128465	164.32931726907637
220	11	2	84.99999999999997	5.000000000000002
220	12	2	83.71600000000002	44.44800000000001
220	13	2	85.01200000000003	85.10400000000001
220	14	2	84.988	124.89599999999994
220	15	2	84.99999999999997	164.99999999999991
220	16	2	125.07199999999999	4.939999999999999
220	17	2	125.12400000000005	45.00400000000004
220	18	2	125.05599999999998	84.97199999999994
220	19	2	124.828	124.97199999999997
220	20	2	125.148	165.03999999999996
220	21	2	164.99999999999994	5.000000000000002
220	22	2	164.99999999999994	45.00000000000002
220	23	2	164.36864406779657	84.7330508474576
220	24	2	164.86000000000004	125.01200000000001
220	25	2	165.33600000000004	165.10799999999998
220	26	1	180.9800399201597	19.87025948103792
220	27	1	165.5309381237527	148.50299401197586
220	28	1	33.94400000000001	24.04200000000001
220	29	1	186.49101796407186	45.13373253493013
220	30	1	89.71399999999997	146.50599999999994
220	31	1	1.677999999999999	71.44400000000003
220	32	1	15.206412825651299	62.028056112224455
220	33	1	100.55199999999996	54.04399999999998
220	34	1	193.07385229540918	94.32335329341325
220	35	1	84.4151696606786	185.82035928143708
220	36	1	31.177644710578864	178.43712574850287
220	37	1	26.36200000000002	48.22200000000002
220	38	1	38.57999999999995	67.256
220	39	1	142.69799999999998	146.68000000000006
220	40	1	198.128	28.28800000000001
220	41	1	18.120000000000005	18.902
220	42	1	178.24151696606788	84.55089820359282
220	43	1	22.433133732534916	103.27345309381235
220	44	1	43.770459081836336	102.98602794411181
220	45	1	11.240480961923852	193.60120240480947
221	1	2	5.115702479338843	5.400826446280992
221	2	2	5.110169491525425	45.39830508474574
221	3	2	5.251028806584367	86.4979423868313
221	4	2	5.036000000000001	124.94399999999997
221	5	2	4.9999999999999964	165.00000000000009
221	6	2	44.988	5.104000000000002
221	7	2	45.40400000000003	45.13199999999998
221	8	2	45.12295081967211	84.8770491803279
221	9	2	45.132	125.40399999999994
221	10	2	45.502008032128465	164.32931726907637
221	11	2	84.99999999999997	5.000000000000002
221	12	2	83.71600000000002	44.44800000000001
221	13	2	85.01200000000003	85.10400000000001
221	14	2	84.988	124.89599999999994
221	15	2	84.99999999999997	164.99999999999991
221	16	2	125.07199999999999	4.939999999999999
221	17	2	125.12400000000005	45.00400000000004
221	18	2	125.05599999999998	84.97199999999994
221	19	2	124.828	124.97199999999997
221	20	2	125.148	165.03999999999996
221	21	2	164.99999999999994	5.000000000000002
221	22	2	164.99999999999994	45.00000000000002
221	23	2	164.36864406779657	84.7330508474576
221	24	2	164.86000000000004	125.01200000000001
221	25	2	165.33600000000004	165.10799999999998
221	26	1	181.00598802395209	19.866267465069853
221	27	1	165.47504990019945	148.47305389221552
221	28	1	34.03193612774454	23.884231536926134
221	29	1	186.46800000000002	45.133999999999936
221	30	1	89.70259481037918	146.52495009980032
221	31	1	1.7999999999999952	71.50400000000006
221	32	1	15.162	61.924000000000014
221	33	1	100.586	54.08400000000001
221	34	1	192.9940119760479	94.23752495009978
221	35	1	84.44510978043915	185.96407185628738
221	36	1	31.278	178.45800000000003
221	37	1	26.37649402390436	48.235059760956176
221	38	1	38.48600000000005	67.38600000000001
221	39	1	142.6427145708583	146.71057884231556
221	40	1	198.106	28.252000000000013
221	41	1	18.127999999999993	19.010000000000012
221	42	1	178.23952095808386	84.36926147704587
221	43	1	22.34799999999999	103.20999999999995
221	44	1	43.673306772908354	103.06374501992039
221	45	1	11.293413173652693	193.6067864271458
222	1	2	5.115702479338843	5.400826446280992
222	2	2	5.110169491525425	45.39830508474574
222	3	2	5.251028806584367	86.4979423868313
222	4	2	5.036000000000001	124.94399999999997
222	5	2	4.9999999999999964	165.00000000000009
222	6	2	44.988	5.104000000000002
222	7	2	45.40400000000003	45.13199999999998
222	8	2	45.12295081967211	84.8770491803279
222	9	2	45.132	125.40399999999994
222	10	2	45.502008032128465	164.32931726907637
222	11	2	84.99999999999997	5.000000000000002
222	12	2	83.71600000000002	44.44800000000001
222	13	2	85.01200000000003	85.10400000000001
222	14	2	84.988	124.89599999999994
222	15	2	84.99999999999997	164.99999999999991
222	16	2	125.07199999999999	4.939999999999999
222	17	2	125.12400000000005	45.00400000000004
222	18	2	125.05599999999998	84.97199999999994
222	19	2	124.828	124.97199999999997
222	20	2	125.148	165.03999999999996
222	21	2	164.99999999999994	5.000000000000002
222	22	2	164.99999999999994	45.00000000000002
222	23	2	164.36864406779657	84.7330508474576
222	24	2	164.86000000000004	125.01200000000001
222	25	2	165.33600000000004	165.10799999999998
222	26	1	180.992	19.88399999999999
222	27	1	165.55688622754488	148.42914171656702
222	28	1	34.008	23.670000000000012
222	29	1	186.46800000000002	45.133999999999936
222	30	1	89.61676646706594	146.57684630738524
222	31	1	1.8879999999999935	71.58200000000005
222	32	1	15.139999999999992	61.885999999999996
222	33	1	100.49101796407183	54.16167664670655
222	34	1	192.89421157684632	94.2694610778443
222	35	1	84.46307385229541	186.03792415169661
222	36	1	31.30139720558883	178.4291417165669
222	37	1	26.25099601593623	48.06573705179284
222	38	1	38.282	67.30800000000006
222	39	1	142.62199999999999	146.766
222	40	1	198.082	28.084
222	41	1	18.181636726546923	19.02195608782436
222	42	1	178.24800000000002	84.28000000000003
222	43	1	22.372	103.23799999999999
222	44	1	43.646	103.08800000000001
222	45	1	11.296593186372748	193.54509018036083
223	1	2	5.115702479338843	5.400826446280992
223	2	2	5.110169491525425	45.39830508474574
223	3	2	5.251028806584367	86.4979423868313
223	4	2	5.036000000000001	124.94399999999997
223	5	2	4.9999999999999964	165.00000000000009
223	6	2	44.988	5.104000000000002
223	7	2	45.40400000000003	45.13199999999998
223	8	2	45.12295081967211	84.8770491803279
223	9	2	45.132	125.40399999999994
223	10	2	45.502008032128465	164.32931726907637
223	11	2	84.99999999999997	5.000000000000002
223	12	2	83.71600000000002	44.44800000000001
223	13	2	85.01200000000003	85.10400000000001
223	14	2	84.988	124.89599999999994
223	15	2	84.99999999999997	164.99999999999991
223	16	2	125.07199999999999	4.939999999999999
223	17	2	125.12400000000005	45.00400000000004
223	18	2	125.05599999999998	84.97199999999994
223	19	2	124.828	124.97199999999997
223	20	2	125.148	165.03999999999996
223	21	2	164.99999999999994	5.000000000000002
223	22	2	164.99999999999994	45.00000000000002
223	23	2	164.36864406779657	84.7330508474576
223	24	2	164.86000000000004	125.01200000000001
223	25	2	165.33600000000004	165.10799999999998
223	26	1	181.02994011976048	19.896207584830346
223	27	1	165.3639999999998	148.5140000000001
223	28	1	34.03992015968063	23.560878243512988
223	29	1	186.4402390438247	45.113545816733016
223	30	1	89.52799999999999	146.5559999999998
223	31	1	2.2215568862275443	71.7125748502993
223	32	1	15.173652694610785	61.85628742514969
223	33	1	100.48103792415168	54.13972055888227
223	34	1	192.74650698602795	94.21956087824348
223	35	1	84.56000000000002	186.14400000000012
223	36	1	31.411177644710595	178.50299401197603
223	37	1	26.261999999999997	47.97999999999999
223	38	1	38.218000000000025	67.26800000000009
223	39	1	142.6227544910179	146.74650698602798
223	40	1	198.236	28.00600000000002
223	41	1	18.260000000000005	18.99199999999998
223	42	1	178.23046092184367	84.14629258517041
223	43	1	22.363273453093804	103.19161676646702
223	44	1	43.65069860279443	103.14371257485034
223	45	1	11.309381237524942	193.52495009980038
224	1	2	5.115702479338843	5.400826446280992
224	2	2	5.110169491525425	45.39830508474574
224	3	2	5.251028806584367	86.4979423868313
224	4	2	5.036000000000001	124.94399999999997
224	5	2	4.9999999999999964	165.00000000000009
224	6	2	44.988	5.104000000000002
224	7	2	45.40400000000003	45.13199999999998
224	8	2	45.12295081967211	84.8770491803279
224	9	2	45.132	125.40399999999994
224	10	2	45.502008032128465	164.32931726907637
224	11	2	84.99999999999997	5.000000000000002
224	12	2	83.71600000000002	44.44800000000001
224	13	2	85.01200000000003	85.10400000000001
224	14	2	84.988	124.89599999999994
224	15	2	84.99999999999997	164.99999999999991
224	16	2	125.07199999999999	4.939999999999999
224	17	2	125.12400000000005	45.00400000000004
224	18	2	125.05599999999998	84.97199999999994
224	19	2	124.828	124.97199999999997
224	20	2	125.148	165.03999999999996
224	21	2	164.99999999999994	5.000000000000002
224	22	2	164.99999999999994	45.00000000000002
224	23	2	164.36864406779657	84.7330508474576
224	24	2	164.86000000000004	125.01200000000001
224	25	2	165.33600000000004	165.10799999999998
224	26	1	181.13	19.86800000000001
224	27	1	165.37524950099788	148.48902195608787
224	28	1	34.06586826347303	23.267465069860286
224	29	1	186.40319361277446	45.113772455089816
224	30	1	89.53493013972066	146.46307385229562
224	31	1	2.3040000000000007	71.74599999999998
224	32	1	15.078000000000005	61.68799999999995
224	33	1	100.40399999999997	54.136
224	34	1	192.724	94.24399999999999
224	35	1	84.65668662674652	186.2614770459083
224	36	1	31.534930139720547	178.51097804391236
224	37	1	26.317365269461078	47.93812375249501
224	38	1	38.04990019960078	67.26546906187622
224	39	1	142.5928143712577	146.71057884231521
224	40	1	198.25	27.983999999999988
224	41	1	18.305389221556894	19.087824351297375
224	42	1	178.2330677290835	84.08565737051794
224	43	1	22.347305389221564	103.13373253493022
224	44	1	43.63273453093812	103.1397205588822
224	45	1	11.309381237524942	193.52495009980038
225	1	2	5.115702479338843	5.400826446280992
225	2	2	5.110169491525425	45.39830508474574
225	3	2	5.251028806584367	86.4979423868313
225	4	2	5.036000000000001	124.94399999999997
225	5	2	4.9999999999999964	165.00000000000009
225	6	2	44.988	5.104000000000002
225	7	2	45.40400000000003	45.13199999999998
225	8	2	45.12295081967211	84.8770491803279
225	9	2	45.132	125.40399999999994
225	10	2	45.502008032128465	164.32931726907637
225	11	2	84.99999999999997	5.000000000000002
225	12	2	83.71600000000002	44.44800000000001
225	13	2	85.01200000000003	85.10400000000001
225	14	2	84.988	124.89599999999994
225	15	2	84.99999999999997	164.99999999999991
225	16	2	125.07199999999999	4.939999999999999
225	17	2	125.12400000000005	45.00400000000004
225	18	2	125.05599999999998	84.97199999999994
225	19	2	124.828	124.97199999999997
225	20	2	125.148	165.03999999999996
225	21	2	164.99999999999994	5.000000000000002
225	22	2	164.99999999999994	45.00000000000002
225	23	2	164.36864406779657	84.7330508474576
225	24	2	164.86000000000004	125.01200000000001
225	25	2	165.33600000000004	165.10799999999998
225	26	1	181.22600000000003	19.83999999999998
225	27	1	165.37800000000001	148.47600000000017
225	28	1	34.05189620758481	23.005988023952085
225	29	1	186.3572854291417	45.0938123752495
225	30	1	89.35999999999997	146.274
225	31	1	2.370000000000002	71.78999999999994
225	32	1	15.097804391217567	61.68463073852293
225	33	1	100.33999999999999	54.115999999999964
225	34	1	192.59	94.10600000000002
225	35	1	84.654	186.31000000000006
225	36	1	31.48605577689243	178.5179282868526
225	37	1	26.31736526946108	47.85029940119758
225	38	1	38.01399999999999	67.26200000000001
225	39	1	142.74199999999993	146.75400000000005
225	40	1	198.266	28.005999999999993
225	41	1	18.338677354709414	19.2745490981964
225	42	1	178.2079999999998	83.94199999999996
225	43	1	22.321357285429148	103.03592814371254
225	44	1	43.67065868263472	103.25149700598806
225	45	1	11.303393213572852	193.558882235529
226	1	2	5.115702479338843	5.400826446280992
226	2	2	5.110169491525425	45.39830508474574
226	3	2	5.251028806584367	86.4979423868313
226	4	2	5.036000000000001	124.94399999999997
226	5	2	4.9999999999999964	165.00000000000009
226	6	2	44.988	5.104000000000002
226	7	2	45.40400000000003	45.13199999999998
226	8	2	45.12295081967211	84.8770491803279
226	9	2	45.132	125.40399999999994
226	10	2	45.502008032128465	164.32931726907637
226	11	2	84.99999999999997	5.000000000000002
226	12	2	83.71600000000002	44.44800000000001
226	13	2	85.01200000000003	85.10400000000001
226	14	2	84.988	124.89599999999994
226	15	2	84.99999999999997	164.99999999999991
226	16	2	125.07199999999999	4.939999999999999
226	17	2	125.12400000000005	45.00400000000004
226	18	2	125.05599999999998	84.97199999999994
226	19	2	124.828	124.97199999999997
226	20	2	125.148	165.03999999999996
226	21	2	164.99999999999994	5.000000000000002
226	22	2	164.99999999999994	45.00000000000002
226	23	2	164.36864406779657	84.7330508474576
226	24	2	164.86000000000004	125.01200000000001
226	25	2	165.33600000000004	165.10799999999998
226	26	1	181.25948103792416	19.874251497005975
226	27	1	165.27799999999996	148.4819999999999
226	28	1	34.0796812749004	22.926294820717114
226	29	1	186.37924151696606	45.20758483033935
226	30	1	89.43712574850296	146.3173652694613
226	31	1	2.719999999999998	72.01199999999994
226	32	1	15.099999999999984	61.60400000000004
226	33	1	100.2455089820359	54.123752495010045
226	34	1	192.35329341317365	93.87824351297397
226	35	1	84.77689243027886	186.3087649402388
226	36	1	31.444000000000017	178.538
226	37	1	26.307999999999996	47.731999999999964
226	38	1	37.875999999999955	67.26400000000002
226	39	1	142.6719999999999	146.72799999999992
226	40	1	198.288	28.009999999999987
226	41	1	18.41434262948208	19.219123505976093
226	42	1	178.14199999999997	83.77799999999996
226	43	1	22.280876494023882	103.05577689243029
226	44	1	43.594000000000015	103.42799999999997
226	45	1	11.408000000000001	193.536
227	1	2	5.115702479338843	5.400826446280992
227	2	2	5.110169491525425	45.39830508474574
227	3	2	5.251028806584367	86.4979423868313
227	4	2	5.036000000000001	124.94399999999997
227	5	2	4.9999999999999964	165.00000000000009
227	6	2	44.988	5.104000000000002
227	7	2	45.40400000000003	45.13199999999998
227	8	2	45.12295081967211	84.8770491803279
227	9	2	45.132	125.40399999999994
227	10	2	45.502008032128465	164.32931726907637
227	11	2	84.99999999999997	5.000000000000002
227	12	2	83.71600000000002	44.44800000000001
227	13	2	85.01200000000003	85.10400000000001
227	14	2	84.988	124.89599999999994
227	15	2	84.99999999999997	164.99999999999991
227	16	2	125.07199999999999	4.939999999999999
227	17	2	125.12400000000005	45.00400000000004
227	18	2	125.05599999999998	84.97199999999994
227	19	2	124.828	124.97199999999997
227	20	2	125.148	165.03999999999996
227	21	2	164.99999999999994	5.000000000000002
227	22	2	164.99999999999994	45.00000000000002
227	23	2	164.36864406779657	84.7330508474576
227	24	2	164.86000000000004	125.01200000000001
227	25	2	165.33600000000004	165.10799999999998
227	26	1	181.33333333333331	19.85229540918162
227	27	1	165.22800000000004	148.45600000000002
227	28	1	34.108000000000004	22.79400000000001
227	29	1	186.3453093812375	45.207584830339385
227	30	1	89.19199999999994	146.29199999999986
227	31	1	2.6993987975951854	72.0380761523046
227	32	1	15.131736526946092	61.66467065868266
227	33	1	100.21000000000004	54.090000000000046
227	34	1	192.29740518962075	93.9880239520958
227	35	1	84.9581673306773	186.3725099601595
227	36	1	31.27544910179641	178.43512974051905
227	37	1	26.239520958083833	47.60079840319362
227	38	1	37.767535070140305	67.28857715430858
227	39	1	142.6779999999999	146.76399999999998
227	40	1	198.29341317365268	28.053892215568844
227	41	1	18.521912350597614	19.201195219123516
227	42	1	178.1656686626746	83.71656686626751
227	43	1	22.299401197604787	102.99201596806387
227	44	1	43.53199999999999	103.55600000000003
227	45	1	11.488000000000003	193.44199999999987
228	1	2	5.115702479338843	5.400826446280992
228	2	2	5.110169491525425	45.39830508474574
228	3	2	5.251028806584367	86.4979423868313
228	4	2	5.036000000000001	124.94399999999997
228	5	2	4.9999999999999964	165.00000000000009
228	6	2	44.988	5.104000000000002
228	7	2	45.40400000000003	45.13199999999998
228	8	2	45.12295081967211	84.8770491803279
228	9	2	45.132	125.40399999999994
228	10	2	45.502008032128465	164.32931726907637
228	11	2	84.99999999999997	5.000000000000002
228	12	2	83.71600000000002	44.44800000000001
228	13	2	85.01200000000003	85.10400000000001
228	14	2	84.988	124.89599999999994
228	15	2	84.99999999999997	164.99999999999991
228	16	2	125.07199999999999	4.939999999999999
228	17	2	125.12400000000005	45.00400000000004
228	18	2	125.05599999999998	84.97199999999994
228	19	2	124.828	124.97199999999997
228	20	2	125.148	165.03999999999996
228	21	2	164.99999999999994	5.000000000000002
228	22	2	164.99999999999994	45.00000000000002
228	23	2	164.36864406779657	84.7330508474576
228	24	2	164.86000000000004	125.01200000000001
228	25	2	165.33600000000004	165.10799999999998
228	26	1	181.39121756487026	19.866267465069843
228	27	1	165.14770459081825	148.52095808383226
228	28	1	34.059880239520965	22.64271457085828
228	29	1	186.328	45.186000000000014
228	30	1	89.17964071856304	146.41716566866282
228	31	1	3.001996007984036	72.25948103792416
228	32	1	15.078000000000015	61.636000000000024
228	33	1	100.15399999999995	54.04799999999995
228	34	1	192.17165668662676	93.82634730538915
228	35	1	84.982	186.39399999999986
228	36	1	31.34131736526946	178.45708582834337
228	37	1	26.165668662674655	47.50499001996009
228	38	1	37.723107569721144	67.21912350597614
228	39	1	142.64870259481037	146.71656686626744
228	40	1	198.25948103792416	28.053892215568847
228	41	1	18.534	19.278000000000002
228	42	1	178.088	83.66200000000009
228	43	1	22.313999999999997	102.91999999999994
228	44	1	43.46506986027939	103.63473053892214
228	45	1	11.457085828343319	193.4790419161677
229	1	2	5.115702479338843	5.400826446280992
229	2	2	5.110169491525425	45.39830508474574
229	3	2	5.251028806584367	86.4979423868313
229	4	2	5.036000000000001	124.94399999999997
229	5	2	4.9999999999999964	165.00000000000009
229	6	2	44.988	5.104000000000002
229	7	2	45.40400000000003	45.13199999999998
229	8	2	45.12295081967211	84.8770491803279
229	9	2	45.132	125.40399999999994
229	10	2	45.502008032128465	164.32931726907637
229	11	2	84.99999999999997	5.000000000000002
229	12	2	83.71600000000002	44.44800000000001
229	13	2	85.01200000000003	85.10400000000001
229	14	2	84.988	124.89599999999994
229	15	2	84.99999999999997	164.99999999999991
229	16	2	125.07199999999999	4.939999999999999
229	17	2	125.12400000000005	45.00400000000004
229	18	2	125.05599999999998	84.97199999999994
229	19	2	124.828	124.97199999999997
229	20	2	125.148	165.03999999999996
229	21	2	164.99999999999994	5.000000000000002
229	22	2	164.99999999999994	45.00000000000002
229	23	2	164.36864406779657	84.7330508474576
229	24	2	164.86000000000004	125.01200000000001
229	25	2	165.33600000000004	165.10799999999998
229	26	1	181.43999999999997	19.837999999999994
229	27	1	165.12774451097803	148.5668662674652
229	28	1	34.05599999999999	22.552000000000014
229	29	1	186.30938123752495	45.13972055888223
229	30	1	89.03193612774443	146.4590818363274
229	31	1	3.1000000000000068	72.39600000000004
229	32	1	15.059880239520954	61.66866267465071
229	33	1	100.09163346613548	54.00796812749003
229	34	1	192.10978043912175	93.84630738522947
229	35	1	84.9500998003992	186.39520958083827
229	36	1	31.16367265469062	178.3712574850299
229	37	1	26.140000000000015	47.48799999999997
229	38	1	37.642714570858296	67.23552894211576
229	39	1	142.57799999999992	146.6800000000001
229	40	1	198.27744510978044	28.081836327345314
229	41	1	18.568862275449096	19.36726546906189
229	42	1	178.11377245508993	83.53093812375256
229	43	1	22.32135728542915	102.89421157684629
229	44	1	43.41516966067863	103.69061876247507
229	45	1	11.520958083832335	193.43712574850292
230	1	2	5.115702479338843	5.400826446280992
230	2	2	5.110169491525425	45.39830508474574
230	3	2	5.251028806584367	86.4979423868313
230	4	2	5.036000000000001	124.94399999999997
230	5	2	4.9999999999999964	165.00000000000009
230	6	2	44.988	5.104000000000002
230	7	2	45.40400000000003	45.13199999999998
230	8	2	45.12295081967211	84.8770491803279
230	9	2	45.132	125.40399999999994
230	10	2	45.502008032128465	164.32931726907637
230	11	2	84.99999999999997	5.000000000000002
230	12	2	83.71600000000002	44.44800000000001
230	13	2	85.01200000000003	85.10400000000001
230	14	2	84.988	124.89599999999994
230	15	2	84.99999999999997	164.99999999999991
230	16	2	125.07199999999999	4.939999999999999
230	17	2	125.12400000000005	45.00400000000004
230	18	2	125.05599999999998	84.97199999999994
230	19	2	124.828	124.97199999999997
230	20	2	125.148	165.03999999999996
230	21	2	164.99999999999994	5.000000000000002
230	22	2	164.99999999999994	45.00000000000002
230	23	2	164.36864406779657	84.7330508474576
230	24	2	164.86000000000004	125.01200000000001
230	25	2	165.33600000000004	165.10799999999998
230	26	1	181.47799999999998	19.831999999999997
230	27	1	165.06586826347302	148.6546906187623
230	28	1	34.047904191616766	22.333333333333336
230	29	1	186.32399999999998	45.15800000000001
230	30	1	88.8862275449102	146.55089820359265
230	31	1	3.087824351297412	72.36726546906192
230	32	1	15.13373253493015	61.72455089820358
230	33	1	99.96207584830329	54.067864271457104
230	34	1	192	93.84630738522947
230	35	1	85.0479041916167	186.4770459081836
230	36	1	31.073999999999995	178.3060000000001
230	37	1	26.097804391217593	47.28542914171654
230	38	1	37.59	67.18400000000005
230	39	1	142.53000000000026	146.628
230	40	1	198.262	28.06200000000001
230	41	1	18.58483033932137	19.41117764471057
230	42	1	178.12799999999987	83.49399999999994
230	43	1	22.199999999999985	102.78599999999999
230	44	1	43.38323353293412	103.84830339321348
230	45	1	11.557999999999998	193.40599999999992
231	1	2	5.115702479338843	5.400826446280992
231	2	2	5.110169491525425	45.39830508474574
231	3	2	5.251028806584367	86.4979423868313
231	4	2	5.036000000000001	124.94399999999997
231	5	2	4.9999999999999964	165.00000000000009
231	6	2	44.988	5.104000000000002
231	7	2	45.40400000000003	45.13199999999998
231	8	2	45.12295081967211	84.8770491803279
231	9	2	45.132	125.40399999999994
231	10	2	45.502008032128465	164.32931726907637
231	11	2	84.99999999999997	5.000000000000002
231	12	2	83.71600000000002	44.44800000000001
231	13	2	85.01200000000003	85.10400000000001
231	14	2	84.988	124.89599999999994
231	15	2	84.99999999999997	164.99999999999991
231	16	2	125.07199999999999	4.939999999999999
231	17	2	125.12400000000005	45.00400000000004
231	18	2	125.05599999999998	84.97199999999994
231	19	2	124.828	124.97199999999997
231	20	2	125.148	165.03999999999996
231	21	2	164.99999999999994	5.000000000000002
231	22	2	164.99999999999994	45.00000000000002
231	23	2	164.36864406779657	84.7330508474576
231	24	2	164.86000000000004	125.01200000000001
231	25	2	165.33600000000004	165.10799999999998
231	26	1	181.49700598802394	19.828343313373274
231	27	1	165.10399999999998	148.592
231	28	1	34.053892215568894	22.16966067864271
231	29	1	186.29341317365268	45.205588822355324
231	30	1	88.7085828343313	146.4650698602795
231	31	1	3.457085828343314	72.60279441117763
231	32	1	15.094000000000005	61.674
231	33	1	100.02600000000007	53.98999999999995
231	34	1	191.95	93.74600000000007
231	35	1	85.09980039920146	186.49900199600805
231	36	1	31.01394422310758	178.30079681274918
231	37	1	26.06200000000002	47.10799999999999
231	38	1	37.47410358565735	67.17330677290836
231	39	1	142.46307385229542	146.5828343313373
231	40	1	198.286	28.087999999999987
231	41	1	18.586826347305404	19.399201596806382
231	42	1	178.12400000000008	83.48399999999998
231	43	1	22.157684630738537	102.70658682634728
231	44	1	43.37524950099804	103.97405189620763
231	45	1	11.459999999999987	193.40000000000006
232	1	2	5.115702479338843	5.400826446280992
232	2	2	5.110169491525425	45.39830508474574
232	3	2	5.251028806584367	86.4979423868313
232	4	2	5.036000000000001	124.94399999999997
232	5	2	4.9999999999999964	165.00000000000009
232	6	2	44.988	5.104000000000002
232	7	2	45.40400000000003	45.13199999999998
232	8	2	45.12295081967211	84.8770491803279
232	9	2	45.132	125.40399999999994
232	10	2	45.502008032128465	164.32931726907637
232	11	2	84.99999999999997	5.000000000000002
232	12	2	83.71600000000002	44.44800000000001
232	13	2	85.01200000000003	85.10400000000001
232	14	2	84.988	124.89599999999994
232	15	2	84.99999999999997	164.99999999999991
232	16	2	125.07199999999999	4.939999999999999
232	17	2	125.12400000000005	45.00400000000004
232	18	2	125.05599999999998	84.97199999999994
232	19	2	124.828	124.97199999999997
232	20	2	125.148	165.03999999999996
232	21	2	164.99999999999994	5.000000000000002
232	22	2	164.99999999999994	45.00000000000002
232	23	2	164.36864406779657	84.7330508474576
232	24	2	164.86000000000004	125.01200000000001
232	25	2	165.33600000000004	165.10799999999998
232	26	1	181.57	19.848000000000003
232	27	1	165.0998003992015	148.59880239520973
232	28	1	34.05788423153695	22.05389221556886
232	29	1	186.31337325349298	45.277445109780444
232	30	1	88.7365269461077	146.57085828343298
232	31	1	3.4411177644710595	72.6287425149701
232	32	1	15.147704590818364	61.71656686626747
232	33	1	100.07185628742523	53.980039920159655
232	34	1	191.89999999999998	93.72200000000004
232	35	1	85.02199999999998	186.454
232	36	1	30.916	178.26399999999998
232	37	1	26.04400000000002	47.056000000000004
232	38	1	37.41600000000001	67.11199999999997
232	39	1	142.33599999999993	146.59799999999996
232	40	1	198.26147704590818	28.089820359281447
232	41	1	18.59081836327344	19.433133732534923
232	42	1	178.0898203592814	83.46107784431133
232	43	1	22.072000000000006	102.59599999999998
232	44	1	43.38123752495009	104.12574850299406
232	45	1	11.461999999999987	193.39000000000004
233	1	2	5.115702479338843	5.400826446280992
233	2	2	5.110169491525425	45.39830508474574
233	3	2	5.251028806584367	86.4979423868313
233	4	2	5.036000000000001	124.94399999999997
233	5	2	4.9999999999999964	165.00000000000009
233	6	2	44.988	5.104000000000002
233	7	2	45.40400000000003	45.13199999999998
233	8	2	45.12295081967211	84.8770491803279
233	9	2	45.132	125.40399999999994
233	10	2	45.502008032128465	164.32931726907637
233	11	2	84.99999999999997	5.000000000000002
233	12	2	83.71600000000002	44.44800000000001
233	13	2	85.01200000000003	85.10400000000001
233	14	2	84.988	124.89599999999994
233	15	2	84.99999999999997	164.99999999999991
233	16	2	125.07199999999999	4.939999999999999
233	17	2	125.12400000000005	45.00400000000004
233	18	2	125.05599999999998	84.97199999999994
233	19	2	124.828	124.97199999999997
233	20	2	125.148	165.03999999999996
233	21	2	164.99999999999994	5.000000000000002
233	22	2	164.99999999999994	45.00000000000002
233	23	2	164.36864406779657	84.7330508474576
233	24	2	164.86000000000004	125.01200000000001
233	25	2	165.33600000000004	165.10799999999998
233	26	1	181.6127744510978	19.870259481037923
233	27	1	164.9760479041916	148.5688622754493
233	28	1	34.116	22.05000000000002
233	29	1	186.334	45.29000000000002
233	30	1	88.51992031872497	146.5996015936255
233	31	1	3.6020000000000056	72.78800000000003
233	32	1	15.094000000000007	61.716000000000015
233	33	1	99.96399999999994	53.86000000000003
233	34	1	191.784	93.56599999999997
233	35	1	84.94610778443113	186.41716566866273
233	36	1	30.88223552894211	178.28343313373261
233	37	1	25.990019960079813	46.948103792415175
233	38	1	37.3512974051896	67.10978043912186
233	39	1	142.22199999999992	146.644
233	40	1	198.3313373253493	28.019960079840327
233	41	1	18.63400000000001	19.424000000000007
233	42	1	178.09600000000006	83.42
233	43	1	22.04191616766467	102.6347305389221
233	44	1	43.35800000000002	104.14000000000004
233	45	1	11.397999999999996	193.37999999999985
234	1	2	5.115702479338843	5.400826446280992
234	2	2	5.110169491525425	45.39830508474574
234	3	2	5.251028806584367	86.4979423868313
234	4	2	5.036000000000001	124.94399999999997
234	5	2	4.9999999999999964	165.00000000000009
234	6	2	44.988	5.104000000000002
234	7	2	45.40400000000003	45.13199999999998
234	8	2	45.12295081967211	84.8770491803279
234	9	2	45.132	125.40399999999994
234	10	2	45.502008032128465	164.32931726907637
234	11	2	84.99999999999997	5.000000000000002
234	12	2	83.71600000000002	44.44800000000001
234	13	2	85.01200000000003	85.10400000000001
234	14	2	84.988	124.89599999999994
234	15	2	84.99999999999997	164.99999999999991
234	16	2	125.07199999999999	4.939999999999999
234	17	2	125.12400000000005	45.00400000000004
234	18	2	125.05599999999998	84.97199999999994
234	19	2	124.828	124.97199999999997
234	20	2	125.148	165.03999999999996
234	21	2	164.99999999999994	5.000000000000002
234	22	2	164.99999999999994	45.00000000000002
234	23	2	164.36864406779657	84.7330508474576
234	24	2	164.86000000000004	125.01200000000001
234	25	2	165.33600000000004	165.10799999999998
234	26	1	181.78043912175647	19.872255489021946
234	27	1	164.97600000000006	148.60000000000022
234	28	1	34.11222444889777	22.014028056112224
234	29	1	186.32	45.32999999999999
234	30	1	88.48599999999988	146.59400000000005
234	31	1	3.6407185628742518	72.82035928143715
234	32	1	15.119999999999987	61.73000000000001
234	33	1	99.82799999999996	53.89000000000001
234	34	1	191.68263473053892	93.41916167664678
234	35	1	84.97604790419167	186.49500998003995
234	36	1	30.84830339321357	178.21357285429133
234	37	1	25.94810379241516	46.85628742514971
234	38	1	37.2774451097804	67.13572854291414
234	39	1	142.19161676646698	146.6487025948102
234	40	1	198.37074148296594	28.05811623246493
234	41	1	18.651302605210432	19.4128256513026
234	42	1	178.04000000000016	83.4340000000001
234	43	1	21.852000000000007	102.574
234	44	1	43.320000000000014	104.24400000000003
234	45	1	11.366000000000009	193.4299999999999
235	1	2	5.115702479338843	5.400826446280992
235	2	2	5.110169491525425	45.39830508474574
235	3	2	5.251028806584367	86.4979423868313
235	4	2	5.036000000000001	124.94399999999997
235	5	2	4.9999999999999964	165.00000000000009
235	6	2	44.988	5.104000000000002
235	7	2	45.40400000000003	45.13199999999998
235	8	2	45.12295081967211	84.8770491803279
235	9	2	45.132	125.40399999999994
235	10	2	45.502008032128465	164.32931726907637
235	11	2	84.99999999999997	5.000000000000002
235	12	2	83.71600000000002	44.44800000000001
235	13	2	85.01200000000003	85.10400000000001
235	14	2	84.988	124.89599999999994
235	15	2	84.99999999999997	164.99999999999991
235	16	2	125.07199999999999	4.939999999999999
235	17	2	125.12400000000005	45.00400000000004
235	18	2	125.05599999999998	84.97199999999994
235	19	2	124.828	124.97199999999997
235	20	2	125.148	165.03999999999996
235	21	2	164.99999999999994	5.000000000000002
235	22	2	164.99999999999994	45.00000000000002
235	23	2	164.36864406779657	84.7330508474576
235	24	2	164.86000000000004	125.01200000000001
235	25	2	165.33600000000004	165.10799999999998
235	26	1	181.79199999999997	19.88
235	27	1	164.8283433133733	148.62674650698602
235	28	1	34.15369261477044	21.874251497006
235	29	1	186.34930139720558	45.413173652694596
235	30	1	88.3600000000001	146.48199999999989
235	31	1	3.784000000000001	72.93
235	32	1	15.090000000000003	61.73999999999995
235	33	1	99.68662674650697	53.946107784431184
235	34	1	191.548	93.42400000000002
235	35	1	85.04799999999999	186.50000000000009
235	36	1	30.85828343313372	178.181636726547
235	37	1	25.905811623246475	46.80961923847694
235	38	1	37.247504990019976	67.09780439121751
235	39	1	142.0581162324653	146.73947895791576
235	40	1	198.348	28.061999999999994
235	41	1	18.726546906187625	19.610778443113755
235	42	1	178.06200000000004	83.29800000000004
235	43	1	21.804391217564866	102.50499001996016
235	44	1	43.29740518962079	104.30538922155685
235	45	1	11.430000000000005	193.38599999999988
236	1	2	5.115702479338843	5.400826446280992
236	2	2	5.110169491525425	45.39830508474574
236	3	2	5.251028806584367	86.4979423868313
236	4	2	5.036000000000001	124.94399999999997
236	5	2	4.9999999999999964	165.00000000000009
236	6	2	44.988	5.104000000000002
236	7	2	45.40400000000003	45.13199999999998
236	8	2	45.12295081967211	84.8770491803279
236	9	2	45.132	125.40399999999994
236	10	2	45.502008032128465	164.32931726907637
236	11	2	84.99999999999997	5.000000000000002
236	12	2	83.71600000000002	44.44800000000001
236	13	2	85.01200000000003	85.10400000000001
236	14	2	84.988	124.89599999999994
236	15	2	84.99999999999997	164.99999999999991
236	16	2	125.07199999999999	4.939999999999999
236	17	2	125.12400000000005	45.00400000000004
236	18	2	125.05599999999998	84.97199999999994
236	19	2	124.828	124.97199999999997
236	20	2	125.148	165.03999999999996
236	21	2	164.99999999999994	5.000000000000002
236	22	2	164.99999999999994	45.00000000000002
236	23	2	164.36864406779657	84.7330508474576
236	24	2	164.86000000000004	125.01200000000001
236	25	2	165.33600000000004	165.10799999999998
236	26	1	181.776	19.846000000000014
236	27	1	164.81800000000004	148.6539999999998
236	28	1	34.23200000000003	21.782
236	29	1	186.312	45.31999999999998
236	30	1	88.25349301397203	146.4510978043913
236	31	1	3.928143712574846	73.04790419161678
236	32	1	15.023999999999985	61.80800000000003
236	33	1	99.60600000000001	54.00399999999996
236	34	1	191.55289421157684	93.3932135728543
236	35	1	85.02000000000004	186.53400000000013
236	36	1	30.77599999999999	178.164
236	37	1	25.762	46.52399999999998
236	38	1	37.0698602794411	67.15968063872252
236	39	1	142.01596806387244	146.812375249501
236	40	1	198.3992015968064	27.988023952095816
236	41	1	18.75449101796407	19.522954091816366
236	42	1	178.01799999999986	83.34000000000007
236	43	1	21.691999999999997	102.4059999999999
236	44	1	43.17964071856288	104.40319361277449
236	45	1	11.441999999999993	193.35000000000005
237	1	2	5.115702479338843	5.400826446280992
237	2	2	5.110169491525425	45.39830508474574
237	3	2	5.251028806584367	86.4979423868313
237	4	2	5.036000000000001	124.94399999999997
237	5	2	4.9999999999999964	165.00000000000009
237	6	2	44.988	5.104000000000002
237	7	2	45.40400000000003	45.13199999999998
237	8	2	45.12295081967211	84.8770491803279
237	9	2	45.132	125.40399999999994
237	10	2	45.502008032128465	164.32931726907637
237	11	2	84.99999999999997	5.000000000000002
237	12	2	83.71600000000002	44.44800000000001
237	13	2	85.01200000000003	85.10400000000001
237	14	2	84.988	124.89599999999994
237	15	2	84.99999999999997	164.99999999999991
237	16	2	125.07199999999999	4.939999999999999
237	17	2	125.12400000000005	45.00400000000004
237	18	2	125.05599999999998	84.97199999999994
237	19	2	124.828	124.97199999999997
237	20	2	125.148	165.03999999999996
237	21	2	164.99999999999994	5.000000000000002
237	22	2	164.99999999999994	45.00000000000002
237	23	2	164.36864406779657	84.7330508474576
237	24	2	164.86000000000004	125.01200000000001
237	25	2	165.33600000000004	165.10799999999998
237	26	1	181.80439121756487	19.850299401197613
237	27	1	164.76447105788446	148.634730538922
237	28	1	34.261477045908116	21.74051896207586
237	29	1	186.308	45.35199999999998
237	30	1	88.2360000000001	146.44800000000006
237	31	1	4.056000000000004	73.11999999999999
237	32	1	15.062000000000003	61.84399999999999
237	33	1	99.50400000000003	54.07399999999998
237	34	1	191.49700598802394	93.22954091816364
237	35	1	85.10379241516948	186.66866267465076
237	36	1	30.656686626746495	178.09381237524943
237	37	1	25.711999999999993	46.42000000000001
237	38	1	37.02594810379239	67.16167664670657
237	39	1	141.93199999999996	146.8160000000001
237	40	1	198.496	27.986
237	41	1	18.784	19.508000000000003
237	42	1	177.92800000000003	83.47799999999995
237	43	1	21.617999999999984	102.28000000000003
237	44	1	43.14171656686624	104.50499001996002
237	45	1	11.331337325349311	193.41516966067877
238	1	2	5.115702479338843	5.400826446280992
238	2	2	5.110169491525425	45.39830508474574
238	3	2	5.251028806584367	86.4979423868313
238	4	2	5.036000000000001	124.94399999999997
238	5	2	4.9999999999999964	165.00000000000009
238	6	2	44.988	5.104000000000002
238	7	2	45.40400000000003	45.13199999999998
238	8	2	45.12295081967211	84.8770491803279
238	9	2	45.132	125.40399999999994
238	10	2	45.502008032128465	164.32931726907637
238	11	2	84.99999999999997	5.000000000000002
238	12	2	83.71600000000002	44.44800000000001
238	13	2	85.01200000000003	85.10400000000001
238	14	2	84.988	124.89599999999994
238	15	2	84.99999999999997	164.99999999999991
238	16	2	125.07199999999999	4.939999999999999
238	17	2	125.12400000000005	45.00400000000004
238	18	2	125.05599999999998	84.97199999999994
238	19	2	124.828	124.97199999999997
238	20	2	125.148	165.03999999999996
238	21	2	164.99999999999994	5.000000000000002
238	22	2	164.99999999999994	45.00000000000002
238	23	2	164.36864406779657	84.7330508474576
238	24	2	164.86000000000004	125.01200000000001
238	25	2	165.33600000000004	165.10799999999998
238	26	1	181.82	19.800000000000022
238	27	1	164.68063872255473	148.64071856287424
238	28	1	34.244	21.706000000000017
238	29	1	186.246	45.38800000000004
238	30	1	88.15737051792843	146.42031872509955
238	31	1	3.9820359281437123	73.13173652694614
238	32	1	15.045816733067712	61.90239043824697
238	33	1	99.36726546906195	54.121756487025955
238	34	1	191.502	93.178
238	35	1	85.07999999999984	186.66000000000014
238	36	1	30.61077844311378	178.02395209580834
238	37	1	25.636726546906196	46.339321357285435
238	38	1	36.96007984031933	67.22954091816364
238	39	1	141.87199999999996	146.882
238	40	1	198.48	28.024000000000022
238	41	1	18.78642714570859	19.443113772455078
238	42	1	177.85800000000023	83.48399999999992
238	43	1	21.611999999999995	102.23800000000001
238	44	1	43.128000000000014	104.5179999999999
238	45	1	11.434000000000012	193.35999999999993
239	1	2	5.115702479338843	5.400826446280992
239	2	2	5.110169491525425	45.39830508474574
239	3	2	5.251028806584367	86.4979423868313
239	4	2	5.036000000000001	124.94399999999997
239	5	2	4.9999999999999964	165.00000000000009
239	6	2	44.988	5.104000000000002
239	7	2	45.40400000000003	45.13199999999998
239	8	2	45.12295081967211	84.8770491803279
239	9	2	45.132	125.40399999999994
239	10	2	45.502008032128465	164.32931726907637
239	11	2	84.99999999999997	5.000000000000002
239	12	2	83.71600000000002	44.44800000000001
239	13	2	85.01200000000003	85.10400000000001
239	14	2	84.988	124.89599999999994
239	15	2	84.99999999999997	164.99999999999991
239	16	2	125.07199999999999	4.939999999999999
239	17	2	125.12400000000005	45.00400000000004
239	18	2	125.05599999999998	84.97199999999994
239	19	2	124.828	124.97199999999997
239	20	2	125.148	165.03999999999996
239	21	2	164.99999999999994	5.000000000000002
239	22	2	164.99999999999994	45.00000000000002
239	23	2	164.36864406779657	84.7330508474576
239	24	2	164.86000000000004	125.01200000000001
239	25	2	165.33600000000004	165.10799999999998
239	26	1	181.862	19.806
239	27	1	164.6047904191619	148.69061876247505
239	28	1	34.29999999999998	21.509999999999994
239	29	1	186.262	45.40800000000002
239	30	1	88.128	146.37400000000005
239	31	1	4.009980039920156	73.1836327345309
239	32	1	15.051999999999998	61.922
239	33	1	99.23399999999997	54.036
239	34	1	191.444	93.26200000000007
239	35	1	85.15800000000003	186.78799999999995
239	36	1	30.347305389221575	177.91417165668645
239	37	1	25.52694610778445	46.247504990019976
239	38	1	36.87225548902196	67.26546906187625
239	39	1	141.91599999999983	146.80399999999997
239	40	1	198.492	27.921999999999976
239	41	1	18.87225548902193	19.68862275449103
239	42	1	177.87824351297402	83.41716566866259
239	43	1	21.594810379241537	102.13972055888226
239	44	1	43.147704590818336	104.54890219560879
239	45	1	11.41800000000001	193.33600000000007
240	1	2	5.115702479338843	5.400826446280992
240	2	2	5.110169491525425	45.39830508474574
240	3	2	5.251028806584367	86.4979423868313
240	4	2	5.036000000000001	124.94399999999997
240	5	2	4.9999999999999964	165.00000000000009
240	6	2	44.988	5.104000000000002
240	7	2	45.40400000000003	45.13199999999998
240	8	2	45.12295081967211	84.8770491803279
240	9	2	45.132	125.40399999999994
240	10	2	45.502008032128465	164.32931726907637
240	11	2	84.99999999999997	5.000000000000002
240	12	2	83.71600000000002	44.44800000000001
240	13	2	85.01200000000003	85.10400000000001
240	14	2	84.988	124.89599999999994
240	15	2	84.99999999999997	164.99999999999991
240	16	2	125.07199999999999	4.939999999999999
240	17	2	125.12400000000005	45.00400000000004
240	18	2	125.05599999999998	84.97199999999994
240	19	2	124.828	124.97199999999997
240	20	2	125.148	165.03999999999996
240	21	2	164.99999999999994	5.000000000000002
240	22	2	164.99999999999994	45.00000000000002
240	23	2	164.36864406779657	84.7330508474576
240	24	2	164.86000000000004	125.01200000000001
240	25	2	165.33600000000004	165.10799999999998
240	26	1	181.82399999999998	19.854000000000006
240	27	1	164.47599999999974	148.62000000000006
240	28	1	34.293413173652695	21.375249500998027
240	29	1	186.27800000000002	45.41400000000004
240	30	1	88.06586826347298	146.34331337325335
240	31	1	4.063872255489026	73.18962075848307
240	32	1	15.080160320641276	61.92785571142283
240	33	1	99.15169660678639	54.25548902195607
240	34	1	191.36	93.10799999999996
240	35	1	85.19161676646713	186.80439121756478
240	36	1	30.233999999999977	177.8319999999998
240	37	1	25.480000000000036	46.117999999999995
240	38	1	36.84231536926148	67.21556886227546
240	39	1	141.86200000000014	146.82800000000003
240	40	1	198.566	27.91200000000001
240	41	1	18.892000000000003	19.739999999999977
240	42	1	177.86999999999995	83.35400000000006
240	43	1	21.530000000000012	101.97599999999991
240	44	1	43.11576846307384	104.76646706586828
240	45	1	11.351297405189634	193.38922155688627
241	1	2	5.115702479338843	5.400826446280992
241	2	2	5.110169491525425	45.39830508474574
241	3	2	5.251028806584367	86.4979423868313
241	4	2	5.036000000000001	124.94399999999997
241	5	2	4.9999999999999964	165.00000000000009
241	6	2	44.988	5.104000000000002
241	7	2	45.40400000000003	45.13199999999998
241	8	2	45.12295081967211	84.8770491803279
241	9	2	45.132	125.40399999999994
241	10	2	45.502008032128465	164.32931726907637
241	11	2	84.99999999999997	5.000000000000002
241	12	2	83.71600000000002	44.44800000000001
241	13	2	85.01200000000003	85.10400000000001
241	14	2	84.988	124.89599999999994
241	15	2	84.99999999999997	164.99999999999991
241	16	2	125.07199999999999	4.939999999999999
241	17	2	125.12400000000005	45.00400000000004
241	18	2	125.05599999999998	84.97199999999994
241	19	2	124.828	124.97199999999997
241	20	2	125.148	165.03999999999996
241	21	2	164.99999999999994	5.000000000000002
241	22	2	164.99999999999994	45.00000000000002
241	23	2	164.36864406779657	84.7330508474576
241	24	2	164.86000000000004	125.01200000000001
241	25	2	165.33600000000004	165.10799999999998
241	26	1	181.8562874251497	19.870259481037923
241	27	1	164.38799999999998	148.53200000000004
241	28	1	34.383233532934156	21.309381237524953
241	29	1	186.24	45.48
241	30	1	87.84830339321351	146.23552894211556
241	31	1	4.257485029940121	73.26147704590821
241	32	1	15.16600000000001	61.935999999999986
241	33	1	99.07999999999986	54.46799999999994
241	34	1	191.298	93.09399999999997
241	35	1	85.44400000000002	187.01199999999992
241	36	1	30.14171656686627	177.60479041916184
241	37	1	25.402	45.92
241	38	1	36.76799999999999	67.27200000000003
241	39	1	141.77599999999998	146.83199999999994
241	40	1	198.596	27.915999999999993
241	41	1	18.940119760479057	19.70059880239519
241	42	1	177.85200000000017	83.16600000000001
241	43	1	21.526946107784457	101.84630738522957
241	44	1	42.93812375249501	104.8602794411177
241	45	1	11.359281437125741	193.33932135728543
242	1	2	5.115702479338843	5.400826446280992
242	2	2	5.110169491525425	45.39830508474574
242	3	2	5.251028806584367	86.4979423868313
242	4	2	5.036000000000001	124.94399999999997
242	5	2	4.9999999999999964	165.00000000000009
242	6	2	44.988	5.104000000000002
242	7	2	45.40400000000003	45.13199999999998
242	8	2	45.12295081967211	84.8770491803279
242	9	2	45.132	125.40399999999994
242	10	2	45.502008032128465	164.32931726907637
242	11	2	84.99999999999997	5.000000000000002
242	12	2	83.71600000000002	44.44800000000001
242	13	2	85.01200000000003	85.10400000000001
242	14	2	84.988	124.89599999999994
242	15	2	84.99999999999997	164.99999999999991
242	16	2	125.07199999999999	4.939999999999999
242	17	2	125.12400000000005	45.00400000000004
242	18	2	125.05599999999998	84.97199999999994
242	19	2	124.828	124.97199999999997
242	20	2	125.148	165.03999999999996
242	21	2	164.99999999999994	5.000000000000002
242	22	2	164.99999999999994	45.00000000000002
242	23	2	164.36864406779657	84.7330508474576
242	24	2	164.86000000000004	125.01200000000001
242	25	2	165.33600000000004	165.10799999999998
242	26	1	181.918	19.844000000000026
242	27	1	164.2925851703406	148.51102204408826
242	28	1	34.50599999999999	21.201999999999998
242	29	1	186.23	45.45000000000001
242	30	1	87.7345309381237	146.1137724550898
242	31	1	4.403193612774456	73.32734530938122
242	32	1	15.165999999999999	61.99399999999998
242	33	1	99.08982035928156	54.54091816367266
242	34	1	191.2754491017964	93.00998003992012
242	35	1	85.51400000000002	187.03800000000004
242	36	1	30.075848303393247	177.42315369261476
242	37	1	25.383233532934142	45.746506986027946
242	38	1	36.686000000000064	67.23200000000008
242	39	1	141.7604790419161	146.8642714570858
242	40	1	198.69061876247505	27.9500998003992
242	41	1	19.013972055888225	19.726546906187632
242	42	1	177.80039920159675	83.11377245508982
242	43	1	21.455089820359245	101.70858283433132
242	44	1	42.76800000000006	104.88600000000002
242	45	1	11.438000000000011	193.3400000000001
243	1	2	5.115702479338843	5.400826446280992
243	2	2	5.110169491525425	45.39830508474574
243	3	2	5.251028806584367	86.4979423868313
243	4	2	5.036000000000001	124.94399999999997
243	5	2	4.9999999999999964	165.00000000000009
243	6	2	44.988	5.104000000000002
243	7	2	45.40400000000003	45.13199999999998
243	8	2	45.12295081967211	84.8770491803279
243	9	2	45.132	125.40399999999994
243	10	2	45.502008032128465	164.32931726907637
243	11	2	84.99999999999997	5.000000000000002
243	12	2	83.71600000000002	44.44800000000001
243	13	2	85.01200000000003	85.10400000000001
243	14	2	84.988	124.89599999999994
243	15	2	84.99999999999997	164.99999999999991
243	16	2	125.07199999999999	4.939999999999999
243	17	2	125.12400000000005	45.00400000000004
243	18	2	125.05599999999998	84.97199999999994
243	19	2	124.828	124.97199999999997
243	20	2	125.148	165.03999999999996
243	21	2	164.99999999999994	5.000000000000002
243	22	2	164.99999999999994	45.00000000000002
243	23	2	164.36864406779657	84.7330508474576
243	24	2	164.86000000000004	125.01200000000001
243	25	2	165.33600000000004	165.10799999999998
243	26	1	182.08183632734531	19.790419161676645
243	27	1	164.21513944223105	148.41434262948206
243	28	1	34.48999999999995	21.222000000000005
243	29	1	186.12774451097806	45.55688622754488
243	30	1	87.57285429141719	146.16367265469034
243	31	1	4.445109780439123	73.40119760479043
243	32	1	15.180000000000001	62.01399999999996
243	33	1	99.0698602794412	54.538922155688624
243	34	1	191.2874251497006	93.01397205588829
243	35	1	85.76399999999983	187.1459999999999
243	36	1	29.953999999999994	177.352
243	37	1	25.27199999999999	45.59199999999998
243	38	1	36.58083832335329	67.28942115768463
243	39	1	141.65531062124256	146.89178356713444
243	40	1	198.734	28.03000000000001
243	41	1	19.016	19.729999999999997
243	42	1	177.8519999999999	82.98000000000005
243	43	1	21.368000000000023	101.53200000000011
243	44	1	42.60199999999998	104.96800000000002
243	45	1	11.481037924151705	193.3413173652695
244	1	2	5.115702479338843	5.400826446280992
244	2	2	5.110169491525425	45.39830508474574
244	3	2	5.251028806584367	86.4979423868313
244	4	2	5.036000000000001	124.94399999999997
244	5	2	4.9999999999999964	165.00000000000009
244	6	2	44.988	5.104000000000002
244	7	2	45.40400000000003	45.13199999999998
244	8	2	45.12295081967211	84.8770491803279
244	9	2	45.132	125.40399999999994
244	10	2	45.502008032128465	164.32931726907637
244	11	2	84.99999999999997	5.000000000000002
244	12	2	83.71600000000002	44.44800000000001
244	13	2	85.01200000000003	85.10400000000001
244	14	2	84.988	124.89599999999994
244	15	2	84.99999999999997	164.99999999999991
244	16	2	125.07199999999999	4.939999999999999
244	17	2	125.12400000000005	45.00400000000004
244	18	2	125.05599999999998	84.97199999999994
244	19	2	124.828	124.97199999999997
244	20	2	125.148	165.03999999999996
244	21	2	164.99999999999994	5.000000000000002
244	22	2	164.99999999999994	45.00000000000002
244	23	2	164.36864406779657	84.7330508474576
244	24	2	164.86000000000004	125.01200000000001
244	25	2	165.33600000000004	165.10799999999998
244	26	1	182.09199999999998	19.83800000000001
244	27	1	164.12200000000007	148.3479999999999
244	28	1	34.505999999999986	21.064000000000007
244	29	1	186.024	45.47200000000001
244	30	1	87.4291417165668	146.14970059880264
244	31	1	4.518962075848305	73.39121756487025
244	32	1	15.136000000000003	61.964000000000034
244	33	1	98.99600798403193	54.46506986027948
244	34	1	191.2874251497006	92.93612774451091
244	35	1	85.94011976047905	187.22954091816362
244	36	1	29.858283433133746	177.31736526946128
244	37	1	25.263473053892213	45.48103792415174
244	38	1	36.45799999999998	67.39199999999997
244	39	1	141.57285429141703	146.8842315369264
244	40	1	198.89779559118236	28.01803607214428
244	41	1	19.090180360721426	19.777555110220433
244	42	1	177.85429141716565	83.0399201596806
244	43	1	21.34200000000001	101.46000000000001
244	44	1	42.49400000000002	105.09000000000002
244	45	1	11.509999999999991	193.41599999999988
245	1	2	5.115702479338843	5.400826446280992
245	2	2	5.110169491525425	45.39830508474574
245	3	2	5.251028806584367	86.4979423868313
245	4	2	5.036000000000001	124.94399999999997
245	5	2	4.9999999999999964	165.00000000000009
245	6	2	44.988	5.104000000000002
245	7	2	45.40400000000003	45.13199999999998
245	8	2	45.12295081967211	84.8770491803279
245	9	2	45.132	125.40399999999994
245	10	2	45.502008032128465	164.32931726907637
245	11	2	84.99999999999997	5.000000000000002
245	12	2	83.71600000000002	44.44800000000001
245	13	2	85.01200000000003	85.10400000000001
245	14	2	84.988	124.89599999999994
245	15	2	84.99999999999997	164.99999999999991
245	16	2	125.07199999999999	4.939999999999999
245	17	2	125.12400000000005	45.00400000000004
245	18	2	125.05599999999998	84.97199999999994
245	19	2	124.828	124.97199999999997
245	20	2	125.148	165.03999999999996
245	21	2	164.99999999999994	5.000000000000002
245	22	2	164.99999999999994	45.00000000000002
245	23	2	164.36864406779657	84.7330508474576
245	24	2	164.86000000000004	125.01200000000001
245	25	2	165.33600000000004	165.10799999999998
245	26	1	182.07984031936127	19.802395209580823
245	27	1	163.948	148.29399999999998
245	28	1	34.57684630738523	20.914171656686626
245	29	1	185.83	45.437999999999995
245	30	1	87.28600000000003	146.20600000000013
245	31	1	4.725999999999998	73.54600000000003
245	32	1	15.016000000000002	62.00600000000001
245	33	1	98.94799999999998	54.67800000000001
245	34	1	191.302	92.81599999999999
245	35	1	86.04200000000004	187.384
245	36	1	29.672000000000004	177.20999999999998
245	37	1	25.10399999999998	45.29399999999998
245	38	1	36.37924151696602	67.31536926147707
245	39	1	141.4849699398799	146.86773547094188
245	40	1	198.92614770459082	28.13373253493016
245	41	1	19.187624750499005	19.784431137724553
245	42	1	177.83433133732535	83.06586826347306
245	43	1	21.305999999999987	101.40199999999993
245	44	1	42.43400000000005	105.14000000000004
245	45	1	11.610000000000012	193.3579999999998
246	1	2	5.115702479338843	5.400826446280992
246	2	2	5.110169491525425	45.39830508474574
246	3	2	5.251028806584367	86.4979423868313
246	4	2	5.036000000000001	124.94399999999997
246	5	2	4.9999999999999964	165.00000000000009
246	6	2	44.988	5.104000000000002
246	7	2	45.40400000000003	45.13199999999998
246	8	2	45.12295081967211	84.8770491803279
246	9	2	45.132	125.40399999999994
246	10	2	45.502008032128465	164.32931726907637
246	11	2	84.99999999999997	5.000000000000002
246	12	2	83.71600000000002	44.44800000000001
246	13	2	85.01200000000003	85.10400000000001
246	14	2	84.988	124.89599999999994
246	15	2	84.99999999999997	164.99999999999991
246	16	2	125.07199999999999	4.939999999999999
246	17	2	125.12400000000005	45.00400000000004
246	18	2	125.05599999999998	84.97199999999994
246	19	2	124.828	124.97199999999997
246	20	2	125.148	165.03999999999996
246	21	2	164.99999999999994	5.000000000000002
246	22	2	164.99999999999994	45.00000000000002
246	23	2	164.36864406779657	84.7330508474576
246	24	2	164.86000000000004	125.01200000000001
246	25	2	165.33600000000004	165.10799999999998
246	26	1	182.28	19.72599999999998
246	27	1	163.89200000000002	148.25600000000014
246	28	1	34.642000000000046	20.852
246	29	1	185.83632734530937	45.46107784431138
246	30	1	87.07399999999994	146.20399999999995
246	31	1	4.852295409181639	73.6387225548902
246	32	1	14.978000000000005	62.01199999999999
246	33	1	98.78000000000004	54.74399999999997
246	34	1	191.28343313373253	92.77644710578838
246	35	1	86.26653306613225	187.43086172344687
246	36	1	29.63073852295409	177.1756487025948
246	37	1	25.105577689243027	45.2848605577689
246	38	1	36.33999999999999	67.33999999999993
246	39	1	141.36327345309365	146.90219560878265
246	40	1	198.962	28.117999999999995
246	41	1	19.235059760956172	19.750996015936238
246	42	1	177.85400000000007	83.10399999999998
246	43	1	21.276000000000003	101.32399999999991
246	44	1	42.37924151696612	105.1956087824352
246	45	1	11.684630738522953	193.28742514970057
247	1	2	5.115702479338843	5.400826446280992
247	2	2	5.110169491525425	45.39830508474574
247	3	2	5.251028806584367	86.4979423868313
247	4	2	5.036000000000001	124.94399999999997
247	5	2	4.9999999999999964	165.00000000000009
247	6	2	44.988	5.104000000000002
247	7	2	45.40400000000003	45.13199999999998
247	8	2	45.12295081967211	84.8770491803279
247	9	2	45.132	125.40399999999994
247	10	2	45.502008032128465	164.32931726907637
247	11	2	84.99999999999997	5.000000000000002
247	12	2	83.71600000000002	44.44800000000001
247	13	2	85.01200000000003	85.10400000000001
247	14	2	84.988	124.89599999999994
247	15	2	84.99999999999997	164.99999999999991
247	16	2	125.07199999999999	4.939999999999999
247	17	2	125.12400000000005	45.00400000000004
247	18	2	125.05599999999998	84.97199999999994
247	19	2	124.828	124.97199999999997
247	20	2	125.148	165.03999999999996
247	21	2	164.99999999999994	5.000000000000002
247	22	2	164.99999999999994	45.00000000000002
247	23	2	164.36864406779657	84.7330508474576
247	24	2	164.86000000000004	125.01200000000001
247	25	2	165.33600000000004	165.10799999999998
247	26	1	182.49200000000002	19.665999999999997
247	27	1	163.73600000000008	148.15600000000015
247	28	1	34.695390781563106	20.677354709418815
247	29	1	185.7684630738523	45.45708582834331
247	30	1	87.01996007984035	146.25548902195612
247	31	1	5.167664670658677	73.81636726546917
247	32	1	14.908	61.99799999999994
247	33	1	98.59600000000005	54.70800000000001
247	34	1	191.2244488977956	92.563126252505
247	35	1	86.41317365269457	187.57285429141723
247	36	1	29.566866267465038	177.09780439121766
247	37	1	25.080000000000002	45.077999999999996
247	38	1	36.22999999999998	67.2520000000001
247	39	1	141.20916334661348	146.89243027888438
247	40	1	199.08982035928145	28.193612774451097
247	41	1	19.366000000000007	19.77399999999999
247	42	1	177.91399999999987	83.15400000000001
247	43	1	21.169660678642717	101.22155688622753
247	44	1	42.237524950099825	105.35928143712569
247	45	1	11.769999999999994	193.31400000000002
248	1	2	5.115702479338843	5.400826446280992
248	2	2	5.110169491525425	45.39830508474574
248	3	2	5.251028806584367	86.4979423868313
248	4	2	5.036000000000001	124.94399999999997
248	5	2	4.9999999999999964	165.00000000000009
248	6	2	44.988	5.104000000000002
248	7	2	45.40400000000003	45.13199999999998
248	8	2	45.12295081967211	84.8770491803279
248	9	2	45.132	125.40399999999994
248	10	2	45.502008032128465	164.32931726907637
248	11	2	84.99999999999997	5.000000000000002
248	12	2	83.71600000000002	44.44800000000001
248	13	2	85.01200000000003	85.10400000000001
248	14	2	84.988	124.89599999999994
248	15	2	84.99999999999997	164.99999999999991
248	16	2	125.07199999999999	4.939999999999999
248	17	2	125.12400000000005	45.00400000000004
248	18	2	125.05599999999998	84.97199999999994
248	19	2	124.828	124.97199999999997
248	20	2	125.148	165.03999999999996
248	21	2	164.99999999999994	5.000000000000002
248	22	2	164.99999999999994	45.00000000000002
248	23	2	164.36864406779657	84.7330508474576
248	24	2	164.86000000000004	125.01200000000001
248	25	2	165.33600000000004	165.10799999999998
248	26	1	182.59680638722554	19.686626746506978
248	27	1	163.6439999999999	148.11400000000003
248	28	1	34.76646706586826	20.568862275449106
248	29	1	185.766	45.52400000000002
248	30	1	86.95999999999994	146.27399999999997
248	31	1	5.276000000000003	73.89800000000002
248	32	1	14.854291417165665	62.03193612774453
248	33	1	98.38999999999992	54.790000000000035
248	34	1	191.1	92.46399999999993
248	35	1	86.43200000000014	187.65400000000022
248	36	1	29.380000000000003	176.88800000000015
248	37	1	25.058	44.97000000000006
248	38	1	36.18000000000001	67.26799999999999
248	39	1	141.02999999999994	146.9779999999999
248	40	1	199.17764471057885	28.183632734530956
248	41	1	19.46706586826347	19.776447105788424
248	42	1	177.83400000000015	83.2660000000001
248	43	1	21.273453093812392	101.14371257485034
248	44	1	42.11623246492986	105.70541082164321
248	45	1	11.86	193.2400000000001
249	1	2	5.115702479338843	5.400826446280992
249	2	2	5.110169491525425	45.39830508474574
249	3	2	5.251028806584367	86.4979423868313
249	4	2	5.036000000000001	124.94399999999997
249	5	2	4.9999999999999964	165.00000000000009
249	6	2	44.988	5.104000000000002
249	7	2	45.40400000000003	45.13199999999998
249	8	2	45.12295081967211	84.8770491803279
249	9	2	45.132	125.40399999999994
249	10	2	45.502008032128465	164.32931726907637
249	11	2	84.99999999999997	5.000000000000002
249	12	2	83.71600000000002	44.44800000000001
249	13	2	85.01200000000003	85.10400000000001
249	14	2	84.988	124.89599999999994
249	15	2	84.99999999999997	164.99999999999991
249	16	2	125.07199999999999	4.939999999999999
249	17	2	125.12400000000005	45.00400000000004
249	18	2	125.05599999999998	84.97199999999994
249	19	2	124.828	124.97199999999997
249	20	2	125.148	165.03999999999996
249	21	2	164.99999999999994	5.000000000000002
249	22	2	164.99999999999994	45.00000000000002
249	23	2	164.36864406779657	84.7330508474576
249	24	2	164.86000000000004	125.01200000000001
249	25	2	165.33600000000004	165.10799999999998
249	26	1	182.738	19.609999999999992
249	27	1	163.56599999999997	147.958
249	28	1	34.776447105788435	20.479041916167663
249	29	1	185.76	45.552000000000014
249	30	1	86.80961923847698	146.30260521042104
249	31	1	5.379241516966064	73.94411177644704
249	32	1	14.834331337325349	62.103792415169636
249	33	1	98.13999999999996	54.94199999999995
249	34	1	191.1062124248497	92.50100200400809
249	35	1	86.61200000000002	187.8500000000002
249	36	1	29.264000000000017	176.74599999999984
249	37	1	25.008000000000024	44.81799999999999
249	38	1	36.207171314741004	67.29880478087648
249	39	1	141.0080160320641	147.05010020040086
249	40	1	199.24151696606788	28.17365269461079
249	41	1	19.52295409181636	19.760479041916135
249	42	1	177.8862275449103	83.24151696606792
249	43	1	21.367265469061863	100.95409181636734
249	44	1	42.1195219123506	105.88247011952194
249	45	1	11.914000000000016	193.1859999999999
250	1	2	5.115702479338843	5.400826446280992
250	2	2	5.110169491525425	45.39830508474574
250	3	2	5.251028806584367	86.4979423868313
250	4	2	5.036000000000001	124.94399999999997
250	5	2	4.9999999999999964	165.00000000000009
250	6	2	44.988	5.104000000000002
250	7	2	45.40400000000003	45.13199999999998
250	8	2	45.12295081967211	84.8770491803279
250	9	2	45.132	125.40399999999994
250	10	2	45.502008032128465	164.32931726907637
250	11	2	84.99999999999997	5.000000000000002
250	12	2	83.71600000000002	44.44800000000001
250	13	2	85.01200000000003	85.10400000000001
250	14	2	84.988	124.89599999999994
250	15	2	84.99999999999997	164.99999999999991
250	16	2	125.07199999999999	4.939999999999999
250	17	2	125.12400000000005	45.00400000000004
250	18	2	125.05599999999998	84.97199999999994
250	19	2	124.828	124.97199999999997
250	20	2	125.148	165.03999999999996
250	21	2	164.99999999999994	5.000000000000002
250	22	2	164.99999999999994	45.00000000000002
250	23	2	164.36864406779657	84.7330508474576
250	24	2	164.86000000000004	125.01200000000001
250	25	2	165.33600000000004	165.10799999999998
250	26	1	182.810379241517	19.558882235528916
250	27	1	163.56199999999995	147.93000000000026
250	28	1	34.692614770459066	20.38922155688622
250	29	1	185.74051896207587	45.63872255489021
250	30	1	86.79	146.38600000000008
250	31	1	5.739043824701199	74.21314741035864
250	32	1	14.714	62.18400000000001
250	33	1	98.12000000000005	55.09199999999999
250	34	1	191.06	92.52199999999995
250	35	1	86.70999999999997	187.87000000000003
250	36	1	29.241035856573696	176.5597609561754
250	37	1	24.88600000000001	44.88599999999999
250	38	1	36.17600000000002	67.26200000000001
250	39	1	140.9840319361278	147.16766467065864
250	40	1	199.2814371257485	28.243512974051914
250	41	1	19.56487025948102	19.864271457085817
250	42	1	177.898	83.28399999999998
250	43	1	21.41600000000001	100.98399999999995
250	44	1	42.054000000000016	106.24399999999997
250	45	1	12.084000000000007	193.13399999999993
251	1	2	5.115702479338843	5.400826446280992
251	2	2	5.110169491525425	45.39830508474574
251	3	2	5.251028806584367	86.4979423868313
251	4	2	5.036000000000001	124.94399999999997
251	5	2	4.9999999999999964	165.00000000000009
251	6	2	44.988	5.104000000000002
251	7	2	45.40400000000003	45.13199999999998
251	8	2	45.12295081967211	84.8770491803279
251	9	2	45.132	125.40399999999994
251	10	2	45.502008032128465	164.32931726907637
251	11	2	84.99999999999997	5.000000000000002
251	12	2	83.71600000000002	44.44800000000001
251	13	2	85.01200000000003	85.10400000000001
251	14	2	84.988	124.89599999999994
251	15	2	84.99999999999997	164.99999999999991
251	16	2	125.07199999999999	4.939999999999999
251	17	2	125.12400000000005	45.00400000000004
251	18	2	125.05599999999998	84.97199999999994
251	19	2	124.828	124.97199999999997
251	20	2	125.148	165.03999999999996
251	21	2	164.99999999999994	5.000000000000002
251	22	2	164.99999999999994	45.00000000000002
251	23	2	164.36864406779657	84.7330508474576
251	24	2	164.86000000000004	125.01200000000001
251	25	2	165.33600000000004	165.10799999999998
251	26	1	182.976	19.465999999999962
251	27	1	163.42031872509955	147.99003984063734
251	28	1	34.804391217564856	20.43912175648701
251	29	1	185.69660678642714	45.67065868263476
251	30	1	86.76047904191613	146.29940119760477
251	31	1	5.6926147704590795	74.2235528942115
251	32	1	14.714570858283428	62.191616766467035
251	33	1	98.06786427145708	55.22155688622755
251	34	1	191.016	92.4979999999999
251	35	1	86.82834331337331	188.01996007984042
251	36	1	29.10557768924304	176.49601593625505
251	37	1	24.782435129740513	44.79041916167666
251	38	1	36.143712574850326	67.21956087824356
251	39	1	140.80039920159675	147.3233532934129
251	40	1	199.242	28.30400000000001
251	41	1	19.603999999999996	19.82599999999999
251	42	1	177.84400000000005	83.36400000000002
251	43	1	21.439121756487026	100.92614770459075
251	44	1	41.974103585657396	106.49402390438257
251	45	1	12.299999999999999	193.04599999999996
252	1	2	5.115702479338843	5.400826446280992
252	2	2	5.110169491525425	45.39830508474574
252	3	2	5.251028806584367	86.4979423868313
252	4	2	5.036000000000001	124.94399999999997
252	5	2	4.9999999999999964	165.00000000000009
252	6	2	44.988	5.104000000000002
252	7	2	45.40400000000003	45.13199999999998
252	8	2	45.12295081967211	84.8770491803279
252	9	2	45.132	125.40399999999994
252	10	2	45.502008032128465	164.32931726907637
252	11	2	84.99999999999997	5.000000000000002
252	12	2	83.71600000000002	44.44800000000001
252	13	2	85.01200000000003	85.10400000000001
252	14	2	84.988	124.89599999999994
252	15	2	84.99999999999997	164.99999999999991
252	16	2	125.07199999999999	4.939999999999999
252	17	2	125.12400000000005	45.00400000000004
252	18	2	125.05599999999998	84.97199999999994
252	19	2	124.828	124.97199999999997
252	20	2	125.148	165.03999999999996
252	21	2	164.99999999999994	5.000000000000002
252	22	2	164.99999999999994	45.00000000000002
252	23	2	164.36864406779657	84.7330508474576
252	24	2	164.86000000000004	125.01200000000001
252	25	2	165.33600000000004	165.10799999999998
252	26	1	183.07784431137725	19.383233532934145
252	27	1	163.34661354581667	147.90836653386472
252	28	1	34.90199999999999	20.468000000000014
252	29	1	185.54999999999993	45.63200000000004
252	30	1	86.69261477045896	146.3453093812375
252	31	1	5.782435129740515	74.29540918163674
252	32	1	14.642714570858292	62.21756487025951
252	33	1	97.93199999999997	55.37000000000002
252	34	1	190.94400000000002	92.52999999999996
252	35	1	86.93027888446211	188.0219123505976
252	36	1	28.974103585657396	176.35856573705172
252	37	1	24.690618762475054	44.83632734530935
252	38	1	36.073852295409196	67.29940119760484
252	39	1	140.88423153692608	147.48103792415182
252	40	1	199.2135728542914	28.361277445109774
252	41	1	19.70119521912349	19.934262948207174
252	42	1	177.84431137724567	83.32135728542912
252	43	1	21.448207171314742	100.87649402390436
252	44	1	42.07600000000002	106.61999999999998
252	45	1	12.50898203592814	192.9221556886227
253	1	2	5.115702479338843	5.400826446280992
253	2	2	5.110169491525425	45.39830508474574
253	3	2	5.251028806584367	86.4979423868313
253	4	2	5.036000000000001	124.94399999999997
253	5	2	4.9999999999999964	165.00000000000009
253	6	2	44.988	5.104000000000002
253	7	2	45.40400000000003	45.13199999999998
253	8	2	45.12295081967211	84.8770491803279
253	9	2	45.132	125.40399999999994
253	10	2	45.502008032128465	164.32931726907637
253	11	2	84.99999999999997	5.000000000000002
253	12	2	83.71600000000002	44.44800000000001
253	13	2	85.01200000000003	85.10400000000001
253	14	2	84.988	124.89599999999994
253	15	2	84.99999999999997	164.99999999999991
253	16	2	125.07199999999999	4.939999999999999
253	17	2	125.12400000000005	45.00400000000004
253	18	2	125.05599999999998	84.97199999999994
253	19	2	124.828	124.97199999999997
253	20	2	125.148	165.03999999999996
253	21	2	164.99999999999994	5.000000000000002
253	22	2	164.99999999999994	45.00000000000002
253	23	2	164.36864406779657	84.7330508474576
253	24	2	164.86000000000004	125.01200000000001
253	25	2	165.33600000000004	165.10799999999998
253	26	1	183.22155688622755	19.351297405189626
253	27	1	163.2514970059881	147.86427145708586
253	28	1	35.00798403193612	20.465069860279435
253	29	1	185.5049900199601	45.706586826347305
253	30	1	86.5508982035928	146.3333333333332
253	31	1	5.8984063745019855	74.40438247011949
253	32	1	14.585999999999993	62.20200000000002
253	33	1	97.77045908183628	55.43113772455093
253	34	1	190.89620758483034	92.5728542914172
253	35	1	87.08764940239043	188.1374501992031
253	36	1	28.836327345309385	176.36327345309402
253	37	1	24.680638722554914	44.712574850299355
253	38	1	36.007968127490024	67.32270916334664
253	39	1	140.8383233532935	147.4371257485029
253	40	1	199.17365269461078	28.489021956087832
253	41	1	19.76646706586827	19.974051896207587
253	42	1	177.86600000000004	83.3720000000001
253	43	1	21.49700598802398	100.73253493013986
253	44	1	42.013999999999996	106.79600000000005
253	45	1	12.598802395209582	192.9920159680638
254	1	2	5.115702479338843	5.400826446280992
254	2	2	5.110169491525425	45.39830508474574
254	3	2	5.251028806584367	86.4979423868313
254	4	2	5.036000000000001	124.94399999999997
254	5	2	4.9999999999999964	165.00000000000009
254	6	2	44.988	5.104000000000002
254	7	2	45.40400000000003	45.13199999999998
254	8	2	45.12295081967211	84.8770491803279
254	9	2	45.132	125.40399999999994
254	10	2	45.502008032128465	164.32931726907637
254	11	2	84.99999999999997	5.000000000000002
254	12	2	83.71600000000002	44.44800000000001
254	13	2	85.01200000000003	85.10400000000001
254	14	2	84.988	124.89599999999994
254	15	2	84.99999999999997	164.99999999999991
254	16	2	125.07199999999999	4.939999999999999
254	17	2	125.12400000000005	45.00400000000004
254	18	2	125.05599999999998	84.97199999999994
254	19	2	124.828	124.97199999999997
254	20	2	125.148	165.03999999999996
254	21	2	164.99999999999994	5.000000000000002
254	22	2	164.99999999999994	45.00000000000002
254	23	2	164.36864406779657	84.7330508474576
254	24	2	164.86000000000004	125.01200000000001
254	25	2	165.33600000000004	165.10799999999998
254	26	1	183.442	19.26999999999999
254	27	1	163.06786427145695	147.83832335329342
254	28	1	35.03999999999995	20.346000000000007
254	29	1	185.5049900199601	45.79840319361278
254	30	1	86.40600000000003	146.2220000000001
254	31	1	5.8879999999999955	74.40599999999995
254	32	1	14.566866267465066	62.12175648702597
254	33	1	97.71399999999991	55.578
254	34	1	190.97604790419163	92.54690618762473
254	35	1	87.17799999999988	188.104
254	36	1	28.718000000000007	176.18600000000006
254	37	1	24.710578842315346	44.62275449101794
254	38	1	35.9321357285429	67.35728542914177
254	39	1	140.84031936127752	147.49301397205582
254	40	1	199.22754491017963	28.536926147704595
254	41	1	19.79200000000001	20.006000000000004
254	42	1	177.86653386454194	83.47211155378487
254	43	1	21.622000000000025	100.69400000000006
254	44	1	42.17529880478089	106.9043824701195
254	45	1	12.93013972055888	192.77445109780427
255	1	2	5.115702479338843	5.400826446280992
255	2	2	5.110169491525425	45.39830508474574
255	3	2	5.251028806584367	86.4979423868313
255	4	2	5.036000000000001	124.94399999999997
255	5	2	4.9999999999999964	165.00000000000009
255	6	2	44.988	5.104000000000002
255	7	2	45.40400000000003	45.13199999999998
255	8	2	45.12295081967211	84.8770491803279
255	9	2	45.132	125.40399999999994
255	10	2	45.502008032128465	164.32931726907637
255	11	2	84.99999999999997	5.000000000000002
255	12	2	83.71600000000002	44.44800000000001
255	13	2	85.01200000000003	85.10400000000001
255	14	2	84.988	124.89599999999994
255	15	2	84.99999999999997	164.99999999999991
255	16	2	125.07199999999999	4.939999999999999
255	17	2	125.12400000000005	45.00400000000004
255	18	2	125.05599999999998	84.97199999999994
255	19	2	124.828	124.97199999999997
255	20	2	125.148	165.03999999999996
255	21	2	164.99999999999994	5.000000000000002
255	22	2	164.99999999999994	45.00000000000002
255	23	2	164.36864406779657	84.7330508474576
255	24	2	164.86000000000004	125.01200000000001
255	25	2	165.33600000000004	165.10799999999998
255	26	1	183.65269461077847	19.15968063872256
255	27	1	162.89820359281447	147.67465069860268
255	28	1	35.114	20.24
255	29	1	185.41916167664672	45.74650698602793
255	30	1	86.3739999999999	146.27600000000007
255	31	1	5.892	74.49199999999996
255	32	1	14.538922155688624	62.181636726546905
255	33	1	97.70059880239519	55.70658682634732
255	34	1	190.9880239520958	92.67065868263481
255	35	1	87.45109780439121	188.22355289421156
255	36	1	28.546	175.97399999999988
255	37	1	24.674650698602782	44.52894211576842
255	38	1	35.888	67.306
255	39	1	140.85600000000014	147.53400000000028
255	40	1	199.25349301397205	28.65469061876249
255	41	1	19.852000000000018	20.152000000000005
255	42	1	177.98199999999997	83.42399999999986
255	43	1	21.66267465069859	100.55888223552903
255	44	1	42.171999999999976	107.06600000000006
255	45	1	13.131736526946122	192.80039920159697
256	1	2	5.115702479338843	5.400826446280992
256	2	2	5.110169491525425	45.39830508474574
256	3	2	5.251028806584367	86.4979423868313
256	4	2	5.036000000000001	124.94399999999997
256	5	2	4.9999999999999964	165.00000000000009
256	6	2	44.988	5.104000000000002
256	7	2	45.40400000000003	45.13199999999998
256	8	2	45.12295081967211	84.8770491803279
256	9	2	45.132	125.40399999999994
256	10	2	45.502008032128465	164.32931726907637
256	11	2	84.99999999999997	5.000000000000002
256	12	2	83.71600000000002	44.44800000000001
256	13	2	85.01200000000003	85.10400000000001
256	14	2	84.988	124.89599999999994
256	15	2	84.99999999999997	164.99999999999991
256	16	2	125.07199999999999	4.939999999999999
256	17	2	125.12400000000005	45.00400000000004
256	18	2	125.05599999999998	84.97199999999994
256	19	2	124.828	124.97199999999997
256	20	2	125.148	165.03999999999996
256	21	2	164.99999999999994	5.000000000000002
256	22	2	164.99999999999994	45.00000000000002
256	23	2	164.36864406779657	84.7330508474576
256	24	2	164.86000000000004	125.01200000000001
256	25	2	165.33600000000004	165.10799999999998
256	26	1	183.79241516966067	19.08582834331339
256	27	1	162.82035928143728	147.59680638722554
256	28	1	35.08800000000002	20.080000000000002
256	29	1	185.32534930139724	45.68862275449101
256	30	1	86.37799999999997	146.2679999999998
256	31	1	5.953999999999999	74.50800000000001
256	32	1	14.440239043824702	62.07968127490043
256	33	1	97.62075848303394	55.920159680638676
256	34	1	190.93227091633466	92.63745019920323
256	35	1	87.64870259481037	188.33333333333326
256	36	1	28.372	175.7859999999999
256	37	1	24.61	44.403999999999954
256	38	1	35.82400000000001	67.20799999999996
256	39	1	141.0019920318725	147.61952191235056
256	40	1	199.152	28.694000000000006
256	41	1	19.875999999999983	20.088
256	42	1	178.03807615230457	83.25651302605208
256	43	1	21.431137724550897	100.54091816367264
256	44	1	42.08383233532936	107.05189620758485
256	45	1	13.27199999999999	192.88999999999996
257	1	2	5.115702479338843	5.400826446280992
257	2	2	5.110169491525425	45.39830508474574
257	3	2	5.251028806584367	86.4979423868313
257	4	2	5.036000000000001	124.94399999999997
257	5	2	4.9999999999999964	165.00000000000009
257	6	2	44.988	5.104000000000002
257	7	2	45.40400000000003	45.13199999999998
257	8	2	45.12295081967211	84.8770491803279
257	9	2	45.132	125.40399999999994
257	10	2	45.502008032128465	164.32931726907637
257	11	2	84.99999999999997	5.000000000000002
257	12	2	83.71600000000002	44.44800000000001
257	13	2	85.01200000000003	85.10400000000001
257	14	2	84.988	124.89599999999994
257	15	2	84.99999999999997	164.99999999999991
257	16	2	125.07199999999999	4.939999999999999
257	17	2	125.12400000000005	45.00400000000004
257	18	2	125.05599999999998	84.97199999999994
257	19	2	124.828	124.97199999999997
257	20	2	125.148	165.03999999999996
257	21	2	164.99999999999994	5.000000000000002
257	22	2	164.99999999999994	45.00000000000002
257	23	2	164.36864406779657	84.7330508474576
257	24	2	164.86000000000004	125.01200000000001
257	25	2	165.33600000000004	165.10799999999998
257	26	1	183.9183266932271	19.02788844621514
257	27	1	162.6966067864271	147.4431137724551
257	28	1	35.22111553784859	20.10557768924303
257	29	1	185.28999999999996	45.70199999999999
257	30	1	86.33400000000003	146.21200000000002
257	31	1	5.982035928143716	74.57684630738517
257	32	1	14.364000000000003	62.016000000000005
257	33	1	97.50499001996002	56.16167664670657
257	34	1	190.834	92.59399999999997
257	35	1	87.75	188.426
257	36	1	28.240000000000023	175.65799999999993
257	37	1	24.546906187624735	44.36526946107785
257	38	1	35.751999999999974	67.18199999999993
257	39	1	141.13147410358576	147.59163346613565
257	40	1	199.17529880478088	28.739043824701177
257	41	1	19.983999999999998	19.982
257	42	1	178.07000000000008	83.16400000000004
257	43	1	21.365269461077858	100.55289421157694
257	44	1	42.16167664670662	107.15169660678643
257	45	1	13.322000000000012	192.83400000000006
258	1	2	5.115702479338843	5.400826446280992
258	2	2	5.110169491525425	45.39830508474574
258	3	2	5.251028806584367	86.4979423868313
258	4	2	5.036000000000001	124.94399999999997
258	5	2	4.9999999999999964	165.00000000000009
258	6	2	44.988	5.104000000000002
258	7	2	45.40400000000003	45.13199999999998
258	8	2	45.12295081967211	84.8770491803279
258	9	2	45.132	125.40399999999994
258	10	2	45.502008032128465	164.32931726907637
258	11	2	84.99999999999997	5.000000000000002
258	12	2	83.71600000000002	44.44800000000001
258	13	2	85.01200000000003	85.10400000000001
258	14	2	84.988	124.89599999999994
258	15	2	84.99999999999997	164.99999999999991
258	16	2	125.07199999999999	4.939999999999999
258	17	2	125.12400000000005	45.00400000000004
258	18	2	125.05599999999998	84.97199999999994
258	19	2	124.828	124.97199999999997
258	20	2	125.148	165.03999999999996
258	21	2	164.99999999999994	5.000000000000002
258	22	2	164.99999999999994	45.00000000000002
258	23	2	164.36864406779657	84.7330508474576
258	24	2	164.86000000000004	125.01200000000001
258	25	2	165.33600000000004	165.10799999999998
258	26	1	184.116	18.885999999999985
258	27	1	162.5956175298804	147.2988047808766
258	28	1	35.32534930139722	20.137724550898202
258	29	1	185.26400000000004	45.69799999999999
258	30	1	86.24750499001988	146.20958083832335
258	31	1	6.064128256513026	74.68136272545081
258	32	1	14.286852589641434	61.972111553784885
258	33	1	97.37524950099808	56.24151696606787
258	34	1	190.87374749498997	92.5150300601203
258	35	1	87.91035856573701	188.47609561752978
258	36	1	28.209163346613543	175.66932270916334
258	37	1	24.518962075848307	44.27145708582832
258	38	1	35.69660678642713	67.13572854291421
258	39	1	141.212	147.70599999999996
258	40	1	199.16533864541833	28.83266932270916
258	41	1	20.109999999999985	20.04999999999999
258	42	1	178.07185628742505	83.18762475049897
258	43	1	21.361999999999995	100.60200000000005
258	44	1	42.21556886227544	107.25748502994013
258	45	1	13.4431137724551	192.8443113772454
259	1	2	5.115702479338843	5.400826446280992
259	2	2	5.110169491525425	45.39830508474574
259	3	2	5.251028806584367	86.4979423868313
259	4	2	5.036000000000001	124.94399999999997
259	5	2	4.9999999999999964	165.00000000000009
259	6	2	44.988	5.104000000000002
259	7	2	45.40400000000003	45.13199999999998
259	8	2	45.12295081967211	84.8770491803279
259	9	2	45.132	125.40399999999994
259	10	2	45.502008032128465	164.32931726907637
259	11	2	84.99999999999997	5.000000000000002
259	12	2	83.71600000000002	44.44800000000001
259	13	2	85.01200000000003	85.10400000000001
259	14	2	84.988	124.89599999999994
259	15	2	84.99999999999997	164.99999999999991
259	16	2	125.07199999999999	4.939999999999999
259	17	2	125.12400000000005	45.00400000000004
259	18	2	125.05599999999998	84.97199999999994
259	19	2	124.828	124.97199999999997
259	20	2	125.148	165.03999999999996
259	21	2	164.99999999999994	5.000000000000002
259	22	2	164.99999999999994	45.00000000000002
259	23	2	164.36864406779657	84.7330508474576
259	24	2	164.86000000000004	125.01200000000001
259	25	2	165.33600000000004	165.10799999999998
259	26	1	184.39600000000002	18.74600000000001
259	27	1	162.35528942115758	147.40518962075834
259	28	1	35.33799999999998	19.97399999999999
259	29	1	185.3439999999999	45.87000000000004
259	30	1	86.1900000000001	146.12199999999987
259	31	1	6.096	74.66599999999998
259	32	1	14.464143426294825	61.97808764940236
259	33	1	97.28599999999999	56.451999999999934
259	34	1	190.77599999999998	92.42599999999992
259	35	1	88.01596806387217	188.568862275449
259	36	1	28.053892215568858	175.5449101796408
259	37	1	24.540000000000003	44.13400000000003
259	38	1	35.668	67.16000000000003
259	39	1	141.22600000000003	147.62600000000023
259	40	1	198.99203187250995	28.938247011952207
259	41	1	20.17	20.178000000000004
259	42	1	178.0699999999999	83.05999999999997
259	43	1	21.323999999999995	100.60399999999998
259	44	1	42.29200000000001	107.30799999999996
259	45	1	13.544910179640713	192.8522954091817
260	1	2	5.115702479338843	5.400826446280992
260	2	2	5.110169491525425	45.39830508474574
260	3	2	5.251028806584367	86.4979423868313
260	4	2	5.036000000000001	124.94399999999997
260	5	2	4.9999999999999964	165.00000000000009
260	6	2	44.988	5.104000000000002
260	7	2	45.40400000000003	45.13199999999998
260	8	2	45.12295081967211	84.8770491803279
260	9	2	45.132	125.40399999999994
260	10	2	45.502008032128465	164.32931726907637
260	11	2	84.99999999999997	5.000000000000002
260	12	2	83.71600000000002	44.44800000000001
260	13	2	85.01200000000003	85.10400000000001
260	14	2	84.988	124.89599999999994
260	15	2	84.99999999999997	164.99999999999991
260	16	2	125.07199999999999	4.939999999999999
260	17	2	125.12400000000005	45.00400000000004
260	18	2	125.05599999999998	84.97199999999994
260	19	2	124.828	124.97199999999997
260	20	2	125.148	165.03999999999996
260	21	2	164.99999999999994	5.000000000000002
260	22	2	164.99999999999994	45.00000000000002
260	23	2	164.36864406779657	84.7330508474576
260	24	2	164.86000000000004	125.01200000000001
260	25	2	165.33600000000004	165.10799999999998
260	26	1	184.51896207584826	18.742514970059887
260	27	1	162.27290836653384	147.44820717131458
260	28	1	35.40000000000002	20.025999999999993
260	29	1	185.32799999999986	45.90399999999999
260	30	1	86.10800000000006	146.16600000000014
260	31	1	6.104000000000007	74.72400000000003
260	32	1	14.392000000000014	62.00000000000003
260	33	1	97.23153692614773	56.56686626746509
260	34	1	190.69461077844312	92.34730538922157
260	35	1	88.18399999999998	188.75600000000006
260	36	1	27.9061876247505	175.35728542914174
260	37	1	24.47904191616766	44.11177644710575
260	38	1	35.62674650698601	67.11976047904191
260	39	1	141.193612774451	147.6067864271457
260	40	1	199.003984063745	29.01195219123506
260	41	1	20.29058116232463	20.1943887775551
260	42	1	178.04000000000005	83.11199999999992
260	43	1	21.273453093812385	100.52894211576842
260	44	1	42.361277445109806	107.42514970059882
260	45	1	13.701999999999998	192.8579999999999
261	1	2	5.115702479338843	5.400826446280992
261	2	2	5.110169491525425	45.39830508474574
261	3	2	5.251028806584367	86.4979423868313
261	4	2	5.036000000000001	124.94399999999997
261	5	2	4.9999999999999964	165.00000000000009
261	6	2	44.988	5.104000000000002
261	7	2	45.40400000000003	45.13199999999998
261	8	2	45.12295081967211	84.8770491803279
261	9	2	45.132	125.40399999999994
261	10	2	45.502008032128465	164.32931726907637
261	11	2	84.99999999999997	5.000000000000002
261	12	2	83.71600000000002	44.44800000000001
261	13	2	85.01200000000003	85.10400000000001
261	14	2	84.988	124.89599999999994
261	15	2	84.99999999999997	164.99999999999991
261	16	2	125.07199999999999	4.939999999999999
261	17	2	125.12400000000005	45.00400000000004
261	18	2	125.05599999999998	84.97199999999994
261	19	2	124.828	124.97199999999997
261	20	2	125.148	165.03999999999996
261	21	2	164.99999999999994	5.000000000000002
261	22	2	164.99999999999994	45.00000000000002
261	23	2	164.36864406779657	84.7330508474576
261	24	2	164.86000000000004	125.01200000000001
261	25	2	165.33600000000004	165.10799999999998
261	26	1	184.56	18.71599999999999
261	27	1	162.04599999999996	147.50999999999993
261	28	1	35.439121756486976	20.04191616766467
261	29	1	185.34131736526942	45.9700598802395
261	30	1	86.08982035928143	146.24750499002
261	31	1	6.203999999999997	74.84600000000002
261	32	1	14.323353293413176	61.97205588822359
261	33	1	97.14171656686625	56.66467065868265
261	34	1	190.688	92.37199999999994
261	35	1	88.37125748502993	188.72255489021944
261	36	1	27.555999999999997	175.37400000000005
261	37	1	24.41683366733466	44.05611222444893
261	38	1	35.55688622754494	67.01197604790423
261	39	1	141.12599999999998	147.59800000000004
261	40	1	198.96007984031937	29.04990019960081
261	41	1	20.330000000000016	20.204
261	42	1	178.0518962075848	83.16966067864271
261	43	1	21.328685258964153	100.4581673306774
261	44	1	42.46506986027948	107.62475049900205
261	45	1	13.795999999999996	192.86600000000013
262	1	2	5.115702479338843	5.400826446280992
262	2	2	5.110169491525425	45.39830508474574
262	3	2	5.251028806584367	86.4979423868313
262	4	2	5.036000000000001	124.94399999999997
262	5	2	4.9999999999999964	165.00000000000009
262	6	2	44.988	5.104000000000002
262	7	2	45.40400000000003	45.13199999999998
262	8	2	45.12295081967211	84.8770491803279
262	9	2	45.132	125.40399999999994
262	10	2	45.502008032128465	164.32931726907637
262	11	2	84.99999999999997	5.000000000000002
262	12	2	83.71600000000002	44.44800000000001
262	13	2	85.01200000000003	85.10400000000001
262	14	2	84.988	124.89599999999994
262	15	2	84.99999999999997	164.99999999999991
262	16	2	125.07199999999999	4.939999999999999
262	17	2	125.12400000000005	45.00400000000004
262	18	2	125.05599999999998	84.97199999999994
262	19	2	124.828	124.97199999999997
262	20	2	125.148	165.03999999999996
262	21	2	164.99999999999994	5.000000000000002
262	22	2	164.99999999999994	45.00000000000002
262	23	2	164.36864406779657	84.7330508474576
262	24	2	164.86000000000004	125.01200000000001
262	25	2	165.33600000000004	165.10799999999998
262	26	1	184.65200000000002	18.67199999999999
262	27	1	161.91000000000014	147.46399999999986
262	28	1	35.52599999999997	20.136
262	29	1	185.3233532934133	46.033932135728556
262	30	1	86.005988023952	146.2315369261477
262	31	1	6.223999999999999	74.87199999999997
262	32	1	14.309999999999995	61.95399999999998
262	33	1	97.15568862275444	56.90219560878245
262	34	1	190.722	92.40200000000003
262	35	1	88.47895791583169	188.77955911823642
262	36	1	27.49301397205587	175.2774451097804
262	37	1	24.37724550898203	43.9780439121757
262	38	1	35.45708582834332	67.0958083832335
262	39	1	141.09199999999993	147.61599999999967
262	40	1	198.90419161676647	29.099800399201598
262	41	1	20.367265469061888	20.169660678642703
262	42	1	178.0758483033932	83.20558882235524
262	43	1	21.595617529880467	100.37250996015942
262	44	1	42.550000000000026	107.7060000000001
262	45	1	13.897999999999996	192.84199999999993
263	1	2	5.115702479338843	5.400826446280992
263	2	2	5.110169491525425	45.39830508474574
263	3	2	5.251028806584367	86.4979423868313
263	4	2	5.036000000000001	124.94399999999997
263	5	2	4.9999999999999964	165.00000000000009
263	6	2	44.988	5.104000000000002
263	7	2	45.40400000000003	45.13199999999998
263	8	2	45.12295081967211	84.8770491803279
263	9	2	45.132	125.40399999999994
263	10	2	45.502008032128465	164.32931726907637
263	11	2	84.99999999999997	5.000000000000002
263	12	2	83.71600000000002	44.44800000000001
263	13	2	85.01200000000003	85.10400000000001
263	14	2	84.988	124.89599999999994
263	15	2	84.99999999999997	164.99999999999991
263	16	2	125.07199999999999	4.939999999999999
263	17	2	125.12400000000005	45.00400000000004
263	18	2	125.05599999999998	84.97199999999994
263	19	2	124.828	124.97199999999997
263	20	2	125.148	165.03999999999996
263	21	2	164.99999999999994	5.000000000000002
263	22	2	164.99999999999994	45.00000000000002
263	23	2	164.36864406779657	84.7330508474576
263	24	2	164.86000000000004	125.01200000000001
263	25	2	165.33600000000004	165.10799999999998
263	26	1	184.686626746507	18.730538922155684
263	27	1	161.8403193612774	147.43912175648717
263	28	1	35.564870259481026	20.083832335329344
263	29	1	185.3273453093814	46.11377245508989
263	30	1	85.89421157684627	146.2934131736528
263	31	1	6.2574850299401215	74.95808383233536
263	32	1	14.324000000000005	62.02799999999994
263	33	1	96.90818363273472	57.083832335329355
263	34	1	190.696	92.44199999999996
263	35	1	88.76000000000003	188.85199999999975
263	36	1	27.30938123752494	175.19960079840322
263	37	1	24.32270916334662	43.89442231075696
263	38	1	35.37325349301396	67.1596806387225
263	39	1	141.26546906187627	147.55688622754485
263	40	1	198.918	29.128000000000007
263	41	1	20.405999999999985	20.198000000000015
263	42	1	178.08999999999983	83.26800000000003
263	43	1	21.636726546906196	100.46307385229548
263	44	1	42.70800000000002	107.74999999999994
263	45	1	14.056000000000006	192.818
264	1	2	5.115702479338843	5.400826446280992
264	2	2	5.110169491525425	45.39830508474574
264	3	2	5.251028806584367	86.4979423868313
264	4	2	5.036000000000001	124.94399999999997
264	5	2	4.9999999999999964	165.00000000000009
264	6	2	44.988	5.104000000000002
264	7	2	45.40400000000003	45.13199999999998
264	8	2	45.12295081967211	84.8770491803279
264	9	2	45.132	125.40399999999994
264	10	2	45.502008032128465	164.32931726907637
264	11	2	84.99999999999997	5.000000000000002
264	12	2	83.71600000000002	44.44800000000001
264	13	2	85.01200000000003	85.10400000000001
264	14	2	84.988	124.89599999999994
264	15	2	84.99999999999997	164.99999999999991
264	16	2	125.07199999999999	4.939999999999999
264	17	2	125.12400000000005	45.00400000000004
264	18	2	125.05599999999998	84.97199999999994
264	19	2	124.828	124.97199999999997
264	20	2	125.148	165.03999999999996
264	21	2	164.99999999999994	5.000000000000002
264	22	2	164.99999999999994	45.00000000000002
264	23	2	164.36864406779657	84.7330508474576
264	24	2	164.86000000000004	125.01200000000001
264	25	2	165.33600000000004	165.10799999999998
264	26	1	185.004	18.59
264	27	1	161.78043912175644	147.43712574850292
264	28	1	35.66533066132264	20.19238476953906
264	29	1	185.1963927855712	46.15230460921844
264	30	1	85.75648702594816	146.29540918163676
264	31	1	6.364000000000001	75.028
264	32	1	14.25548902195608	61.968063872255435
264	33	1	96.88423153692612	57.22954091816366
264	34	1	190.65868263473052	92.45708582834334
264	35	1	88.84600000000002	188.88600000000005
264	36	1	27.159680638722545	175.25748502994017
264	37	1	24.227999999999987	43.84599999999999
264	38	1	35.263999999999974	67.19200000000002
264	39	1	141.35528942115783	147.65069860279434
264	40	1	198.80239520958085	29.281437125748496
264	41	1	20.485029940119755	20.22155688622752
264	42	1	178.08964143426303	83.14143426294821
264	43	1	21.62275449101799	100.39720558882239
264	44	1	42.778884462151446	107.76494023904384
264	45	1	14.115768463073834	192.8303393213571
265	1	2	5.115702479338843	5.400826446280992
265	2	2	5.110169491525425	45.39830508474574
265	3	2	5.251028806584367	86.4979423868313
265	4	2	5.036000000000001	124.94399999999997
265	5	2	4.9999999999999964	165.00000000000009
265	6	2	44.988	5.104000000000002
265	7	2	45.40400000000003	45.13199999999998
265	8	2	45.12295081967211	84.8770491803279
265	9	2	45.132	125.40399999999994
265	10	2	45.502008032128465	164.32931726907637
265	11	2	84.99999999999997	5.000000000000002
265	12	2	83.71600000000002	44.44800000000001
265	13	2	85.01200000000003	85.10400000000001
265	14	2	84.988	124.89599999999994
265	15	2	84.99999999999997	164.99999999999991
265	16	2	125.07199999999999	4.939999999999999
265	17	2	125.12400000000005	45.00400000000004
265	18	2	125.05599999999998	84.97199999999994
265	19	2	124.828	124.97199999999997
265	20	2	125.148	165.03999999999996
265	21	2	164.99999999999994	5.000000000000002
265	22	2	164.99999999999994	45.00000000000002
265	23	2	164.36864406779657	84.7330508474576
265	24	2	164.86000000000004	125.01200000000001
265	25	2	165.33600000000004	165.10799999999998
265	26	1	185.066	18.584000000000007
265	27	1	161.6200000000002	147.2899999999998
265	28	1	35.732000000000006	20.22000000000001
265	29	1	185.2175648702594	46.327345309381265
265	30	1	85.64600000000002	146.20599999999976
265	31	1	6.416000000000002	75.10200000000005
265	32	1	14.216000000000003	61.94199999999998
265	33	1	96.7984031936129	57.285429141716605
265	34	1	190.61599999999999	92.39799999999997
265	35	1	88.9422310756971	188.93625498007975
265	36	1	27.017928286852598	175.1673306772908
265	37	1	24.109561752988036	43.758964143426326
265	38	1	35.18163672654694	67.27744510978043
265	39	1	141.28143712574865	147.8003992015968
265	40	1	198.68263473053892	29.307385229540913
265	41	1	20.558000000000018	20.261999999999997
265	42	1	178.1079999999999	83.15600000000003
265	43	1	21.74251497005988	100.29141716566869
265	44	1	42.818	107.85799999999999
265	45	1	14.187999999999988	192.85000000000005
266	1	2	5.115702479338843	5.400826446280992
266	2	2	5.110169491525425	45.39830508474574
266	3	2	5.251028806584367	86.4979423868313
266	4	2	5.036000000000001	124.94399999999997
266	5	2	4.9999999999999964	165.00000000000009
266	6	2	44.988	5.104000000000002
266	7	2	45.40400000000003	45.13199999999998
266	8	2	45.12295081967211	84.8770491803279
266	9	2	45.132	125.40399999999994
266	10	2	45.502008032128465	164.32931726907637
266	11	2	84.99999999999997	5.000000000000002
266	12	2	83.71600000000002	44.44800000000001
266	13	2	85.01200000000003	85.10400000000001
266	14	2	84.988	124.89599999999994
266	15	2	84.99999999999997	164.99999999999991
266	16	2	125.07199999999999	4.939999999999999
266	17	2	125.12400000000005	45.00400000000004
266	18	2	125.05599999999998	84.97199999999994
266	19	2	124.828	124.97199999999997
266	20	2	125.148	165.03999999999996
266	21	2	164.99999999999994	5.000000000000002
266	22	2	164.99999999999994	45.00000000000002
266	23	2	164.36864406779657	84.7330508474576
266	24	2	164.86000000000004	125.01200000000001
266	25	2	165.33600000000004	165.10799999999998
266	26	1	185.17799999999997	18.582000000000022
266	27	1	161.37524950099805	147.16367265469066
266	28	1	35.738522954091806	20.213572854291414
266	29	1	185.08799999999997	46.389999999999986
266	30	1	85.65199999999992	146.24800000000002
266	31	1	6.476000000000009	75.15399999999998
266	32	1	14.091816367265476	61.892215568862284
266	33	1	96.67265469061866	57.37125748502992
266	34	1	190.59680638722554	92.2914171656687
266	35	1	88.992	188.98199999999994
266	36	1	26.999999999999996	175.12175648702618
266	37	1	24.094000000000005	43.770000000000046
266	38	1	35.096	67.29200000000003
266	39	1	141.2714570858285	147.75648702594813
266	40	1	198.72	29.344000000000012
266	41	1	20.58400000000002	20.463999999999988
266	42	1	178.06400000000014	83.126
266	43	1	21.763999999999996	100.20200000000007
266	44	1	42.912175648702544	107.94411177644714
266	45	1	14.250000000000002	192.906
267	1	2	5.115702479338843	5.400826446280992
267	2	2	5.110169491525425	45.39830508474574
267	3	2	5.251028806584367	86.4979423868313
267	4	2	5.036000000000001	124.94399999999997
267	5	2	4.9999999999999964	165.00000000000009
267	6	2	44.988	5.104000000000002
267	7	2	45.40400000000003	45.13199999999998
267	8	2	45.12295081967211	84.8770491803279
267	9	2	45.132	125.40399999999994
267	10	2	45.502008032128465	164.32931726907637
267	11	2	84.99999999999997	5.000000000000002
267	12	2	83.71600000000002	44.44800000000001
267	13	2	85.01200000000003	85.10400000000001
267	14	2	84.988	124.89599999999994
267	15	2	84.99999999999997	164.99999999999991
267	16	2	125.07199999999999	4.939999999999999
267	17	2	125.12400000000005	45.00400000000004
267	18	2	125.05599999999998	84.97199999999994
267	19	2	124.828	124.97199999999997
267	20	2	125.148	165.03999999999996
267	21	2	164.99999999999994	5.000000000000002
267	22	2	164.99999999999994	45.00000000000002
267	23	2	164.36864406779657	84.7330508474576
267	24	2	164.86000000000004	125.01200000000001
267	25	2	165.33600000000004	165.10799999999998
267	26	1	185.264	18.456
267	27	1	161.27145708582847	147.22754491017963
267	28	1	35.73599999999999	20.168000000000013
267	29	1	185.05199999999982	46.51199999999999
267	30	1	85.56400000000002	146.29200000000006
267	31	1	6.587999999999997	75.23399999999994
267	32	1	13.95808383233532	61.86027944111778
267	33	1	96.5728542914172	57.57884231536922
267	34	1	190.596	92.25400000000008
267	35	1	89.13572854291418	188.9900199600798
267	36	1	26.91616766467064	175.04191616766485
267	37	1	24.029940119760457	43.73253493013972
267	38	1	35.101593625498026	67.28486055776897
267	39	1	141.28056112224445	147.77154308617233
267	40	1	198.53293413173654	29.32934131736529
267	41	1	20.582834331337327	20.57884231536925
267	42	1	178.0998003992014	83.09980039920164
267	43	1	21.857999999999997	100.16800000000003
267	44	1	42.86227544910177	107.99401197604786
267	45	1	14.465069860279426	192.82235528942118
268	1	2	5.115702479338843	5.400826446280992
268	2	2	5.110169491525425	45.39830508474574
268	3	2	5.251028806584367	86.4979423868313
268	4	2	5.036000000000001	124.94399999999997
268	5	2	4.9999999999999964	165.00000000000009
268	6	2	44.988	5.104000000000002
268	7	2	45.40400000000003	45.13199999999998
268	8	2	45.12295081967211	84.8770491803279
268	9	2	45.132	125.40399999999994
268	10	2	45.502008032128465	164.32931726907637
268	11	2	84.99999999999997	5.000000000000002
268	12	2	83.71600000000002	44.44800000000001
268	13	2	85.01200000000003	85.10400000000001
268	14	2	84.988	124.89599999999994
268	15	2	84.99999999999997	164.99999999999991
268	16	2	125.07199999999999	4.939999999999999
268	17	2	125.12400000000005	45.00400000000004
268	18	2	125.05599999999998	84.97199999999994
268	19	2	124.828	124.97199999999997
268	20	2	125.148	165.03999999999996
268	21	2	164.99999999999994	5.000000000000002
268	22	2	164.99999999999994	45.00000000000002
268	23	2	164.36864406779657	84.7330508474576
268	24	2	164.86000000000004	125.01200000000001
268	25	2	165.33600000000004	165.10799999999998
268	26	1	185.388	18.40400000000001
268	27	1	161.17199999999994	147.11599999999996
268	28	1	35.808000000000014	20.229999999999972
268	29	1	184.98399999999992	46.57400000000005
268	30	1	85.5089820359281	146.28542914171666
268	31	1	6.596000000000005	75.22200000000001
268	32	1	13.919839679358722	61.81362725450901
268	33	1	96.43824701195223	57.772908366533855
268	34	1	190.62275449101796	92.20958083832332
268	35	1	89.23799999999997	189.0099999999999
268	36	1	26.848303393213566	175.04191616766488
268	37	1	23.93612774451097	43.700598802395206
268	38	1	34.97005988023956	67.32534930139721
268	39	1	141.29141716566875	147.93612774451108
268	40	1	198.49	29.418
268	41	1	20.707171314741043	20.611553784860547
268	42	1	178.07800000000017	83.22800000000001
268	43	1	21.917999999999992	100.166
268	44	1	42.864271457085835	107.98602794411174
268	45	1	14.544000000000011	192.81999999999996
269	1	2	5.115702479338843	5.400826446280992
269	2	2	5.110169491525425	45.39830508474574
269	3	2	5.251028806584367	86.4979423868313
269	4	2	5.036000000000001	124.94399999999997
269	5	2	4.9999999999999964	165.00000000000009
269	6	2	44.988	5.104000000000002
269	7	2	45.40400000000003	45.13199999999998
269	8	2	45.12295081967211	84.8770491803279
269	9	2	45.132	125.40399999999994
269	10	2	45.502008032128465	164.32931726907637
269	11	2	84.99999999999997	5.000000000000002
269	12	2	83.71600000000002	44.44800000000001
269	13	2	85.01200000000003	85.10400000000001
269	14	2	84.988	124.89599999999994
269	15	2	84.99999999999997	164.99999999999991
269	16	2	125.07199999999999	4.939999999999999
269	17	2	125.12400000000005	45.00400000000004
269	18	2	125.05599999999998	84.97199999999994
269	19	2	124.828	124.97199999999997
269	20	2	125.148	165.03999999999996
269	21	2	164.99999999999994	5.000000000000002
269	22	2	164.99999999999994	45.00000000000002
269	23	2	164.36864406779657	84.7330508474576
269	24	2	164.86000000000004	125.01200000000001
269	25	2	165.33600000000004	165.10799999999998
269	26	1	185.52295409181636	18.271457085828352
269	27	1	161.10179640718565	147.1057884231538
269	28	1	35.828	20.224
269	29	1	185.01999999999975	46.609999999999985
269	30	1	85.48103792415166	146.29540918163678
269	31	1	6.582000000000003	75.222
269	32	1	13.970059880239521	61.75249500998006
269	33	1	96.439121756487	57.97604790419163
269	34	1	190.64128256513027	92.13026052104203
269	35	1	89.38722554890215	189.12974051896222
269	36	1	26.782868525896426	175.065737051793
269	37	1	23.947895791583154	43.58517034068138
269	38	1	34.912000000000006	67.34800000000001
269	39	1	141.32999999999998	148.08599999999996
269	40	1	198.448	29.439999999999984
269	41	1	20.736526946107787	20.65269461077842
269	42	1	178.12974051896205	83.33532934131742
269	43	1	21.954091816367267	100.23353293413177
269	44	1	42.908183632734605	107.96806387225541
269	45	1	14.596000000000004	192.76600000000002
270	1	2	5.115702479338843	5.400826446280992
270	2	2	5.110169491525425	45.39830508474574
270	3	2	5.251028806584367	86.4979423868313
270	4	2	5.036000000000001	124.94399999999997
270	5	2	4.9999999999999964	165.00000000000009
270	6	2	44.988	5.104000000000002
270	7	2	45.40400000000003	45.13199999999998
270	8	2	45.12295081967211	84.8770491803279
270	9	2	45.132	125.40399999999994
270	10	2	45.502008032128465	164.32931726907637
270	11	2	84.99999999999997	5.000000000000002
270	12	2	83.71600000000002	44.44800000000001
270	13	2	85.01200000000003	85.10400000000001
270	14	2	84.988	124.89599999999994
270	15	2	84.99999999999997	164.99999999999991
270	16	2	125.07199999999999	4.939999999999999
270	17	2	125.12400000000005	45.00400000000004
270	18	2	125.05599999999998	84.97199999999994
270	19	2	124.828	124.97199999999997
270	20	2	125.148	165.03999999999996
270	21	2	164.99999999999994	5.000000000000002
270	22	2	164.99999999999994	45.00000000000002
270	23	2	164.36864406779657	84.7330508474576
270	24	2	164.86000000000004	125.01200000000001
270	25	2	165.33600000000004	165.10799999999998
270	26	1	185.65868263473052	18.251497005988043
270	27	1	160.94199999999992	147.0340000000002
270	28	1	35.86400000000003	20.28599999999999
270	29	1	185.02994011976034	46.828343313373246
270	30	1	85.45999999999998	146.294
270	31	1	6.670658682634731	75.32135728542917
270	32	1	13.980039920159676	61.74251497005986
270	33	1	96.41516966067863	58.083832335329376
270	34	1	190.76646706586826	92.17365269461075
270	35	1	89.46200000000006	189.14400000000003
270	36	1	26.69860279441118	175.1556886227545
270	37	1	23.953999999999997	43.638
270	38	1	34.89820359281438	67.41516966067863
270	39	1	141.46800000000025	148.182
270	40	1	198.378	29.488
270	41	1	20.72854291417166	20.660678642714576
270	42	1	178.11800000000008	83.41000000000004
270	43	1	22.187624750498998	100.3353293413173
270	44	1	42.86573146292586	108.0400801603206
270	45	1	14.564870259481037	192.81237524950083
271	1	2	5.115702479338843	5.400826446280992
271	2	2	5.110169491525425	45.39830508474574
271	3	2	5.251028806584367	86.4979423868313
271	4	2	5.036000000000001	124.94399999999997
271	5	2	4.9999999999999964	165.00000000000009
271	6	2	44.988	5.104000000000002
271	7	2	45.40400000000003	45.13199999999998
271	8	2	45.12295081967211	84.8770491803279
271	9	2	45.132	125.40399999999994
271	10	2	45.502008032128465	164.32931726907637
271	11	2	84.99999999999997	5.000000000000002
271	12	2	83.71600000000002	44.44800000000001
271	13	2	85.01200000000003	85.10400000000001
271	14	2	84.988	124.89599999999994
271	15	2	84.99999999999997	164.99999999999991
271	16	2	125.07199999999999	4.939999999999999
271	17	2	125.12400000000005	45.00400000000004
271	18	2	125.05599999999998	84.97199999999994
271	19	2	124.828	124.97199999999997
271	20	2	125.148	165.03999999999996
271	21	2	164.99999999999994	5.000000000000002
271	22	2	164.99999999999994	45.00000000000002
271	23	2	164.36864406779657	84.7330508474576
271	24	2	164.86000000000004	125.01200000000001
271	25	2	165.33600000000004	165.10799999999998
271	26	1	185.67864271457086	18.241516966067856
271	27	1	160.83400000000003	146.996
271	28	1	35.89421157684631	20.27345309381239
271	29	1	185.06599999999995	46.907999999999994
271	30	1	85.35000000000008	146.3080000000002
271	31	1	6.6000000000000005	75.30599999999995
271	32	1	13.968	61.70800000000003
271	33	1	96.25948103792409	58.2195608782435
271	34	1	190.73947895791585	92.1923847695391
271	35	1	89.5508982035928	189.23353293413183
271	36	1	26.45109780439122	175.1417165668663
271	37	1	23.90818363273454	43.584830339321364
271	38	1	34.80799999999995	67.41399999999999
271	39	1	141.3333333333333	148.2994011976049
271	40	1	198.328	29.486000000000004
271	41	1	20.767535070140266	20.67735470941885
271	42	1	178.116	83.50999999999995
271	43	1	22.24200000000001	100.29399999999994
271	44	1	42.84200000000001	108.08600000000011
271	45	1	14.656000000000002	192.842
272	1	2	5.115702479338843	5.400826446280992
272	2	2	5.110169491525425	45.39830508474574
272	3	2	5.251028806584367	86.4979423868313
272	4	2	5.036000000000001	124.94399999999997
272	5	2	4.9999999999999964	165.00000000000009
272	6	2	44.988	5.104000000000002
272	7	2	45.40400000000003	45.13199999999998
272	8	2	45.12295081967211	84.8770491803279
272	9	2	45.132	125.40399999999994
272	10	2	45.502008032128465	164.32931726907637
272	11	2	84.99999999999997	5.000000000000002
272	12	2	83.71600000000002	44.44800000000001
272	13	2	85.01200000000003	85.10400000000001
272	14	2	84.988	124.89599999999994
272	15	2	84.99999999999997	164.99999999999991
272	16	2	125.07199999999999	4.939999999999999
272	17	2	125.12400000000005	45.00400000000004
272	18	2	125.05599999999998	84.97199999999994
272	19	2	124.828	124.97199999999997
272	20	2	125.148	165.03999999999996
272	21	2	164.99999999999994	5.000000000000002
272	22	2	164.99999999999994	45.00000000000002
272	23	2	164.36864406779657	84.7330508474576
272	24	2	164.86000000000004	125.01200000000001
272	25	2	165.33600000000004	165.10799999999998
272	26	1	185.67465069860276	18.165668662674648
272	27	1	160.62600000000015	146.95399999999998
272	28	1	35.95600000000001	20.30200000000001
272	29	1	185.07185628742513	46.92415169660677
272	30	1	85.31399999999992	146.3379999999999
272	31	1	6.646706586826351	75.31137724550892
272	32	1	14.001996007984035	61.678642714570834
272	33	1	96.12399999999998	58.384
272	34	1	190.738	92.10999999999999
272	35	1	89.71800000000003	189.43999999999994
272	36	1	26.293413173652706	175.1037924151696
272	37	1	23.900000000000013	43.52000000000003
272	38	1	34.750000000000014	67.46000000000006
272	39	1	141.2574850299402	148.31936127744515
272	40	1	198.314	29.463999999999988
272	41	1	20.808383233532915	20.768463073852303
272	42	1	178.10379241516966	83.51497005988017
272	43	1	22.292000000000012	100.27999999999994
272	44	1	42.74199999999998	108.144
272	45	1	14.774451097804397	192.80239520958088
273	1	2	5.115702479338843	5.400826446280992
273	2	2	5.110169491525425	45.39830508474574
273	3	2	5.251028806584367	86.4979423868313
273	4	2	5.036000000000001	124.94399999999997
273	5	2	4.9999999999999964	165.00000000000009
273	6	2	44.988	5.104000000000002
273	7	2	45.40400000000003	45.13199999999998
273	8	2	45.12295081967211	84.8770491803279
273	9	2	45.132	125.40399999999994
273	10	2	45.502008032128465	164.32931726907637
273	11	2	84.99999999999997	5.000000000000002
273	12	2	83.71600000000002	44.44800000000001
273	13	2	85.01200000000003	85.10400000000001
273	14	2	84.988	124.89599999999994
273	15	2	84.99999999999997	164.99999999999991
273	16	2	125.07199999999999	4.939999999999999
273	17	2	125.12400000000005	45.00400000000004
273	18	2	125.05599999999998	84.97199999999994
273	19	2	124.828	124.97199999999997
273	20	2	125.148	165.03999999999996
273	21	2	164.99999999999994	5.000000000000002
273	22	2	164.99999999999994	45.00000000000002
273	23	2	164.36864406779657	84.7330508474576
273	24	2	164.86000000000004	125.01200000000001
273	25	2	165.33600000000004	165.10799999999998
273	26	1	185.7684630738523	18.085828343313388
273	27	1	160.41916167664687	146.89021956087828
273	28	1	35.89400000000002	20.249999999999996
273	29	1	185.09999999999997	47.01199999999999
273	30	1	85.27345309381234	146.44710578842327
273	31	1	6.571142284569148	75.3346693386772
273	32	1	13.970059880239521	61.67265469061878
273	33	1	95.85628742514967	58.45908183632737
273	34	1	190.77045908183632	92.1996007984032
273	35	1	89.84830339321351	189.54091816367261
273	36	1	26.071999999999978	175.06400000000008
273	37	1	23.882000000000005	43.561999999999976
273	38	1	34.67065868263473	67.6407185628743
273	39	1	141.19361277445117	148.43313373253494
273	40	1	198.28343313373253	29.469061876247498
273	41	1	20.909999999999997	20.971999999999998
273	42	1	178.136	83.41399999999999
273	43	1	22.481999999999996	100.228
273	44	1	42.68463073852297	108.22155688622755
273	45	1	15.023999999999987	192.728
274	1	2	5.115702479338843	5.400826446280992
274	2	2	5.110169491525425	45.39830508474574
274	3	2	5.251028806584367	86.4979423868313
274	4	2	5.036000000000001	124.94399999999997
274	5	2	4.9999999999999964	165.00000000000009
274	6	2	44.988	5.104000000000002
274	7	2	45.40400000000003	45.13199999999998
274	8	2	45.12295081967211	84.8770491803279
274	9	2	45.132	125.40399999999994
274	10	2	45.502008032128465	164.32931726907637
274	11	2	84.99999999999997	5.000000000000002
274	12	2	83.71600000000002	44.44800000000001
274	13	2	85.01200000000003	85.10400000000001
274	14	2	84.988	124.89599999999994
274	15	2	84.99999999999997	164.99999999999991
274	16	2	125.07199999999999	4.939999999999999
274	17	2	125.12400000000005	45.00400000000004
274	18	2	125.05599999999998	84.97199999999994
274	19	2	124.828	124.97199999999997
274	20	2	125.148	165.03999999999996
274	21	2	164.99999999999994	5.000000000000002
274	22	2	164.99999999999994	45.00000000000002
274	23	2	164.36864406779657	84.7330508474576
274	24	2	164.86000000000004	125.01200000000001
274	25	2	165.33600000000004	165.10799999999998
274	26	1	185.798	18.07000000000001
274	27	1	160.26347305389234	146.91217564870274
274	28	1	35.964071856287426	20.2315369261477
274	29	1	185.17564870259474	47.167664670658695
274	30	1	85.25399999999996	146.498
274	31	1	6.588000000000001	75.4199999999999
274	32	1	13.894211576846308	61.65269461077845
274	33	1	95.5469061876247	58.61876247504988
274	34	1	190.732	92.204
274	35	1	89.96007984031934	189.63273453093822
274	36	1	25.772455089820372	175.03193612774456
274	37	1	23.835999999999995	43.40399999999998
274	38	1	34.51800000000001	67.57999999999996
274	39	1	141.0938123752495	148.558882235529
274	40	1	198.24048096192385	29.553106212424854
274	41	1	20.90818363273453	20.89820359281436
274	42	1	178.1440000000001	83.29799999999999
274	43	1	22.57600000000001	100.22599999999997
274	44	1	42.73200000000002	108.23599999999996
274	45	1	15.25250501002003	192.62324649298603
275	1	2	5.115702479338843	5.400826446280992
275	2	2	5.110169491525425	45.39830508474574
275	3	2	5.251028806584367	86.4979423868313
275	4	2	5.036000000000001	124.94399999999997
275	5	2	4.9999999999999964	165.00000000000009
275	6	2	44.988	5.104000000000002
275	7	2	45.40400000000003	45.13199999999998
275	8	2	45.12295081967211	84.8770491803279
275	9	2	45.132	125.40399999999994
275	10	2	45.502008032128465	164.32931726907637
275	11	2	84.99999999999997	5.000000000000002
275	12	2	83.71600000000002	44.44800000000001
275	13	2	85.01200000000003	85.10400000000001
275	14	2	84.988	124.89599999999994
275	15	2	84.99999999999997	164.99999999999991
275	16	2	125.07199999999999	4.939999999999999
275	17	2	125.12400000000005	45.00400000000004
275	18	2	125.05599999999998	84.97199999999994
275	19	2	124.828	124.97199999999997
275	20	2	125.148	165.03999999999996
275	21	2	164.99999999999994	5.000000000000002
275	22	2	164.99999999999994	45.00000000000002
275	23	2	164.36864406779657	84.7330508474576
275	24	2	164.86000000000004	125.01200000000001
275	25	2	165.33600000000004	165.10799999999998
275	26	1	185.78043912175647	18.025948103792416
275	27	1	160.19599999999988	146.9320000000001
275	28	1	36.04191616766464	20.379241516966086
275	29	1	185.21400000000003	47.27399999999995
275	30	1	85.22310756972114	146.5059760956175
275	31	1	6.5668662674650715	75.4411177644711
275	32	1	13.918163672654693	61.61277445109779
275	33	1	95.30600000000004	58.702000000000005
275	34	1	190.750499001996	92.30139720558888
275	35	1	90.16766467065867	189.6566866267466
275	36	1	25.679999999999993	175.04000000000008
275	37	1	23.784000000000006	43.32799999999998
275	38	1	34.46613545816733	67.69521912350588
275	39	1	141.04400000000004	148.6380000000001
275	40	1	198.138	29.56200000000001
275	41	1	20.94411177644711	20.934131736526965
275	42	1	178.1676646706588	83.26946107784426
275	43	1	22.745019920318715	100.17529880478094
275	44	1	42.70999999999998	108.32399999999997
275	45	1	15.321999999999985	192.64399999999986
276	1	2	5.115702479338843	5.400826446280992
276	2	2	5.110169491525425	45.39830508474574
276	3	2	5.251028806584367	86.4979423868313
276	4	2	5.036000000000001	124.94399999999997
276	5	2	4.9999999999999964	165.00000000000009
276	6	2	44.988	5.104000000000002
276	7	2	45.40400000000003	45.13199999999998
276	8	2	45.12295081967211	84.8770491803279
276	9	2	45.132	125.40399999999994
276	10	2	45.502008032128465	164.32931726907637
276	11	2	84.99999999999997	5.000000000000002
276	12	2	83.71600000000002	44.44800000000001
276	13	2	85.01200000000003	85.10400000000001
276	14	2	84.988	124.89599999999994
276	15	2	84.99999999999997	164.99999999999991
276	16	2	125.07199999999999	4.939999999999999
276	17	2	125.12400000000005	45.00400000000004
276	18	2	125.05599999999998	84.97199999999994
276	19	2	124.828	124.97199999999997
276	20	2	125.148	165.03999999999996
276	21	2	164.99999999999994	5.000000000000002
276	22	2	164.99999999999994	45.00000000000002
276	23	2	164.36864406779657	84.7330508474576
276	24	2	164.86000000000004	125.01200000000001
276	25	2	165.33600000000004	165.10799999999998
276	26	1	185.80799999999996	17.972000000000005
276	27	1	160.068	146.82799999999978
276	28	1	35.956087824351314	20.20958083832335
276	29	1	185.30538922155682	47.44910179640718
276	30	1	85.19760479041913	146.45508982035923
276	31	1	6.586000000000006	75.4659999999999
276	32	1	13.944000000000004	61.57199999999998
276	33	1	95.09200000000001	58.81000000000002
276	34	1	190.77045908183635	92.3193612774451
276	35	1	90.378	189.73599999999996
276	36	1	25.48799999999999	175.04400000000007
276	37	1	23.810379241516962	43.26746506986028
276	38	1	34.38800000000001	67.77400000000003
276	39	1	141.0159999999999	148.79799999999977
276	40	1	198.102	29.540000000000006
276	41	1	20.919839679358713	21.06212424849699
276	42	1	178.16167664670678	83.23752495009973
276	43	1	22.886227544910177	100.13772455089821
276	44	1	42.75000000000001	108.38600000000005
276	45	1	15.418000000000003	192.66600000000022
277	1	2	5.115702479338843	5.400826446280992
277	2	2	5.110169491525425	45.39830508474574
277	3	2	5.251028806584367	86.4979423868313
277	4	2	5.036000000000001	124.94399999999997
277	5	2	4.9999999999999964	165.00000000000009
277	6	2	44.988	5.104000000000002
277	7	2	45.40400000000003	45.13199999999998
277	8	2	45.12295081967211	84.8770491803279
277	9	2	45.132	125.40399999999994
277	10	2	45.502008032128465	164.32931726907637
277	11	2	84.99999999999997	5.000000000000002
277	12	2	83.71600000000002	44.44800000000001
277	13	2	85.01200000000003	85.10400000000001
277	14	2	84.988	124.89599999999994
277	15	2	84.99999999999997	164.99999999999991
277	16	2	125.07199999999999	4.939999999999999
277	17	2	125.12400000000005	45.00400000000004
277	18	2	125.05599999999998	84.97199999999994
277	19	2	124.828	124.97199999999997
277	20	2	125.148	165.03999999999996
277	21	2	164.99999999999994	5.000000000000002
277	22	2	164.99999999999994	45.00000000000002
277	23	2	164.36864406779657	84.7330508474576
277	24	2	164.86000000000004	125.01200000000001
277	25	2	165.33600000000004	165.10799999999998
277	26	1	185.84199999999998	17.861999999999995
277	27	1	159.868	146.87600000000012
277	28	1	35.87225548902194	20.175648702594817
277	29	1	185.23752495009975	47.47704590818364
277	30	1	85.16766467065872	146.45309381237524
277	31	1	6.626746506986041	75.48303393213573
277	32	1	13.86626746506987	61.55089820359279
277	33	1	94.73600000000003	58.958
277	34	1	190.73399999999998	92.37200000000004
277	35	1	90.45908183632731	189.676646706587
277	36	1	25.391999999999978	175.07999999999998
277	37	1	23.73399999999999	43.228000000000044
277	38	1	34.34331337325344	67.87025948103795
277	39	1	140.9700000000001	148.91000000000005
277	40	1	198.084	29.541999999999987
277	41	1	20.919839679358706	21.132264529058123
277	42	1	178.22999999999996	83.21
277	43	1	22.982035928143734	100.03992015968069
277	44	1	42.78800000000001	108.38799999999995
277	45	1	15.57	192.56600000000014
278	1	2	5.115702479338843	5.400826446280992
278	2	2	5.110169491525425	45.39830508474574
278	3	2	5.251028806584367	86.4979423868313
278	4	2	5.036000000000001	124.94399999999997
278	5	2	4.9999999999999964	165.00000000000009
278	6	2	44.988	5.104000000000002
278	7	2	45.40400000000003	45.13199999999998
278	8	2	45.12295081967211	84.8770491803279
278	9	2	45.132	125.40399999999994
278	10	2	45.502008032128465	164.32931726907637
278	11	2	84.99999999999997	5.000000000000002
278	12	2	83.71600000000002	44.44800000000001
278	13	2	85.01200000000003	85.10400000000001
278	14	2	84.988	124.89599999999994
278	15	2	84.99999999999997	164.99999999999991
278	16	2	125.07199999999999	4.939999999999999
278	17	2	125.12400000000005	45.00400000000004
278	18	2	125.05599999999998	84.97199999999994
278	19	2	124.828	124.97199999999997
278	20	2	125.148	165.03999999999996
278	21	2	164.99999999999994	5.000000000000002
278	22	2	164.99999999999994	45.00000000000002
278	23	2	164.36864406779657	84.7330508474576
278	24	2	164.86000000000004	125.01200000000001
278	25	2	165.33600000000004	165.10799999999998
278	26	1	185.9223107569721	17.868525896414333
278	27	1	159.70400000000006	146.81000000000006
278	28	1	35.91399999999998	20.19999999999998
278	29	1	185.22799999999984	47.54999999999998
278	30	1	85.11800000000001	146.4520000000002
278	31	1	6.608782435129733	75.47904191616772
278	32	1	13.809999999999997	61.475999999999935
278	33	1	94.48399999999995	59.005999999999965
278	34	1	190.66400000000002	92.38199999999995
278	35	1	90.60479041916157	189.75249500997987
278	36	1	25.137724550898213	175.11377245508982
278	37	1	23.748000000000005	43.253999999999984
278	38	1	34.264	67.93200000000009
278	39	1	140.97600000000003	148.91000000000022
278	40	1	198.114	29.576000000000015
278	41	1	21.01999999999999	21.144000000000005
278	42	1	178.25200000000004	83.18999999999997
278	43	1	23.12175648702596	99.98403193612775
278	44	1	42.978	108.40199999999994
278	45	1	15.849999999999998	192.4600000000002
279	1	2	5.115702479338843	5.400826446280992
279	2	2	5.110169491525425	45.39830508474574
279	3	2	5.251028806584367	86.4979423868313
279	4	2	5.036000000000001	124.94399999999997
279	5	2	4.9999999999999964	165.00000000000009
279	6	2	44.988	5.104000000000002
279	7	2	45.40400000000003	45.13199999999998
279	8	2	45.12295081967211	84.8770491803279
279	9	2	45.132	125.40399999999994
279	10	2	45.502008032128465	164.32931726907637
279	11	2	84.99999999999997	5.000000000000002
279	12	2	83.71600000000002	44.44800000000001
279	13	2	85.01200000000003	85.10400000000001
279	14	2	84.988	124.89599999999994
279	15	2	84.99999999999997	164.99999999999991
279	16	2	125.07199999999999	4.939999999999999
279	17	2	125.12400000000005	45.00400000000004
279	18	2	125.05599999999998	84.97199999999994
279	19	2	124.828	124.97199999999997
279	20	2	125.148	165.03999999999996
279	21	2	164.99999999999994	5.000000000000002
279	22	2	164.99999999999994	45.00000000000002
279	23	2	164.36864406779657	84.7330508474576
279	24	2	164.86000000000004	125.01200000000001
279	25	2	165.33600000000004	165.10799999999998
279	26	1	185.888	17.843999999999994
279	27	1	159.6020000000001	146.84400000000005
279	28	1	35.93199999999998	20.187999999999978
279	29	1	185.16400000000004	47.52800000000001
279	30	1	84.934	146.45200000000006
279	31	1	6.554890219560874	75.45109780439121
279	32	1	13.701195219123512	61.3605577689243
279	33	1	94.14171656686622	59.13173652694613
279	34	1	190.64071856287424	92.40518962075859
279	35	1	90.68263473053892	189.76447105788438
279	36	1	25.115999999999985	175.144
279	37	1	23.688622754491025	43.18363273453096
279	38	1	34.15599999999997	68.00199999999997
279	39	1	140.942115768463	149.0299401197603
279	40	1	198.09	29.488
279	41	1	21.06613226452907	21.17635270541082
279	42	1	178.27999999999992	83.15999999999997
279	43	1	23.11399999999999	99.93599999999996
279	44	1	42.88822355289419	108.44710578842316
279	45	1	15.902195608782419	192.49101796407186
280	1	2	5.115702479338843	5.400826446280992
280	2	2	5.110169491525425	45.39830508474574
280	3	2	5.251028806584367	86.4979423868313
280	4	2	5.036000000000001	124.94399999999997
280	5	2	4.9999999999999964	165.00000000000009
280	6	2	44.988	5.104000000000002
280	7	2	45.40400000000003	45.13199999999998
280	8	2	45.12295081967211	84.8770491803279
280	9	2	45.132	125.40399999999994
280	10	2	45.502008032128465	164.32931726907637
280	11	2	84.99999999999997	5.000000000000002
280	12	2	83.71600000000002	44.44800000000001
280	13	2	85.01200000000003	85.10400000000001
280	14	2	84.988	124.89599999999994
280	15	2	84.99999999999997	164.99999999999991
280	16	2	125.07199999999999	4.939999999999999
280	17	2	125.12400000000005	45.00400000000004
280	18	2	125.05599999999998	84.97199999999994
280	19	2	124.828	124.97199999999997
280	20	2	125.148	165.03999999999996
280	21	2	164.99999999999994	5.000000000000002
280	22	2	164.99999999999994	45.00000000000002
280	23	2	164.36864406779657	84.7330508474576
280	24	2	164.86000000000004	125.01200000000001
280	25	2	165.33600000000004	165.10799999999998
280	26	1	185.84031936127744	17.82435129740519
280	27	1	159.5129740518961	146.78642714570853
280	28	1	35.934131736526965	20.175648702594813
280	29	1	185.1536926147704	47.70459081836324
280	30	1	84.92215568862284	146.46107784431123
280	31	1	6.51696606786428	75.42514970059884
280	32	1	13.589999999999995	61.28800000000005
280	33	1	93.90400000000005	59.135999999999996
280	34	1	190.65130260521042	92.44889779559117
280	35	1	90.90818363273449	189.8243512974051
280	36	1	25.109780439121753	175.19760479041918
280	37	1	23.648702594810384	43.15169660678642
280	38	1	34.03592814371258	67.97405189620756
280	39	1	140.938123752495	149.06786427145707
280	40	1	197.95219123505976	29.537848605577704
280	41	1	21.06800000000001	21.192000000000036
280	42	1	178.29740518962086	82.93013972055897
280	43	1	23.221556886227543	99.90618762475057
280	44	1	42.964000000000006	108.55799999999992
280	45	1	16.07984031936128	192.3912175648704
281	1	2	5.115702479338843	5.400826446280992
281	2	2	5.110169491525425	45.39830508474574
281	3	2	5.251028806584367	86.4979423868313
281	4	2	5.036000000000001	124.94399999999997
281	5	2	4.9999999999999964	165.00000000000009
281	6	2	44.988	5.104000000000002
281	7	2	45.40400000000003	45.13199999999998
281	8	2	45.12295081967211	84.8770491803279
281	9	2	45.132	125.40399999999994
281	10	2	45.502008032128465	164.32931726907637
281	11	2	84.99999999999997	5.000000000000002
281	12	2	83.71600000000002	44.44800000000001
281	13	2	85.01200000000003	85.10400000000001
281	14	2	84.988	124.89599999999994
281	15	2	84.99999999999997	164.99999999999991
281	16	2	125.07199999999999	4.939999999999999
281	17	2	125.12400000000005	45.00400000000004
281	18	2	125.05599999999998	84.97199999999994
281	19	2	124.828	124.97199999999997
281	20	2	125.148	165.03999999999996
281	21	2	164.99999999999994	5.000000000000002
281	22	2	164.99999999999994	45.00000000000002
281	23	2	164.36864406779657	84.7330508474576
281	24	2	164.86000000000004	125.01200000000001
281	25	2	165.33600000000004	165.10799999999998
281	26	1	185.874	17.828000000000003
281	27	1	159.41200000000015	146.69600000000003
281	28	1	35.99200000000005	20.221999999999987
281	29	1	185.25800000000007	47.776000000000046
281	30	1	84.86227544910183	146.56287425149694
281	31	1	6.564870259481041	75.45908183632733
281	32	1	13.542914171656689	61.221556886227525
281	33	1	93.4860000000001	59.20399999999998
281	34	1	190.63872255489022	92.42514970059884
281	35	1	91.06573705179287	189.97410358565733
281	36	1	25.002000000000013	175.11800000000002
281	37	1	23.70200000000002	43.171999999999976
281	38	1	33.98799999999997	68.00199999999995
281	39	1	140.9740518962076	149.18163672654688
281	40	1	197.96	29.54399999999999
281	41	1	21.07171314741034	21.169322709163364
281	42	1	178.29540918163684	82.78842315369259
281	43	1	23.249999999999982	99.92600000000006
281	44	1	42.935999999999936	108.63400000000003
281	45	1	16.163672654690604	192.38722554890225
282	1	2	5.115702479338843	5.400826446280992
282	2	2	5.110169491525425	45.39830508474574
282	3	2	5.251028806584367	86.4979423868313
282	4	2	5.036000000000001	124.94399999999997
282	5	2	4.9999999999999964	165.00000000000009
282	6	2	44.988	5.104000000000002
282	7	2	45.40400000000003	45.13199999999998
282	8	2	45.12295081967211	84.8770491803279
282	9	2	45.132	125.40399999999994
282	10	2	45.502008032128465	164.32931726907637
282	11	2	84.99999999999997	5.000000000000002
282	12	2	83.71600000000002	44.44800000000001
282	13	2	85.01200000000003	85.10400000000001
282	14	2	84.988	124.89599999999994
282	15	2	84.99999999999997	164.99999999999991
282	16	2	125.07199999999999	4.939999999999999
282	17	2	125.12400000000005	45.00400000000004
282	18	2	125.05599999999998	84.97199999999994
282	19	2	124.828	124.97199999999997
282	20	2	125.148	165.03999999999996
282	21	2	164.99999999999994	5.000000000000002
282	22	2	164.99999999999994	45.00000000000002
282	23	2	164.36864406779657	84.7330508474576
282	24	2	164.86000000000004	125.01200000000001
282	25	2	165.33600000000004	165.10799999999998
282	26	1	185.8502994011976	17.724550898203578
282	27	1	159.38722554890217	146.6566866267467
282	28	1	36.08400000000002	20.330000000000005
282	29	1	185.31000000000006	47.84799999999996
282	30	1	84.83400000000003	146.55400000000017
282	31	1	6.614770459081839	75.51497005988035
282	32	1	13.472000000000008	61.17000000000001
282	33	1	93.09960159362544	59.15936254980085
282	34	1	190.66666666666669	92.3453093812375
282	35	1	91.08199999999998	189.94000000000003
282	36	1	24.877999999999997	175.09199999999987
282	37	1	23.588822355289423	43.08383233532929
282	38	1	33.91417165668661	68.0119760479042
282	39	1	141.03992015968052	149.28942115768473
282	40	1	197.868	29.525999999999982
282	41	1	21.135728542914173	21.203592814371255
282	42	1	178.26000000000008	82.76399999999997
282	43	1	23.30938123752494	99.95409181636727
282	44	1	42.89421157684634	108.69061876247505
282	45	1	16.38799999999999	192.42199999999997
283	1	2	5.115702479338843	5.400826446280992
283	2	2	5.110169491525425	45.39830508474574
283	3	2	5.251028806584367	86.4979423868313
283	4	2	5.036000000000001	124.94399999999997
283	5	2	4.9999999999999964	165.00000000000009
283	6	2	44.988	5.104000000000002
283	7	2	45.40400000000003	45.13199999999998
283	8	2	45.12295081967211	84.8770491803279
283	9	2	45.132	125.40399999999994
283	10	2	45.502008032128465	164.32931726907637
283	11	2	84.99999999999997	5.000000000000002
283	12	2	83.71600000000002	44.44800000000001
283	13	2	85.01200000000003	85.10400000000001
283	14	2	84.988	124.89599999999994
283	15	2	84.99999999999997	164.99999999999991
283	16	2	125.07199999999999	4.939999999999999
283	17	2	125.12400000000005	45.00400000000004
283	18	2	125.05599999999998	84.97199999999994
283	19	2	124.828	124.97199999999997
283	20	2	125.148	165.03999999999996
283	21	2	164.99999999999994	5.000000000000002
283	22	2	164.99999999999994	45.00000000000002
283	23	2	164.36864406779657	84.7330508474576
283	24	2	164.86000000000004	125.01200000000001
283	25	2	165.33600000000004	165.10799999999998
283	26	1	185.86055776892428	17.74103585657369
283	27	1	159.27490039840657	146.65338645418333
283	28	1	36.09	20.344
283	29	1	185.3240000000001	47.95
283	30	1	84.70059880239519	146.54091816367273
283	31	1	6.641999999999997	75.53800000000001
283	32	1	13.349999999999998	61.11800000000006
283	33	1	92.90419161676641	59.30738522954096
283	34	1	190.664	92.31600000000003
283	35	1	91.204	189.87600000000003
283	36	1	24.81474103585657	175.11752988047812
283	37	1	23.660678642714576	43.16167664670658
283	38	1	33.84600000000003	68.056
283	39	1	141.07815631262505	149.2965931863728
283	40	1	197.8622754491018	29.520958083832355
283	41	1	21.17564870259481	21.28542914171654
283	42	1	178.2754491017964	82.79840319361277
283	43	1	23.35000000000001	99.98000000000002
283	44	1	42.90599999999999	108.74800000000005
283	45	1	16.55489021956088	192.41916167664667
284	1	2	5.115702479338843	5.400826446280992
284	2	2	5.110169491525425	45.39830508474574
284	3	2	5.251028806584367	86.4979423868313
284	4	2	5.036000000000001	124.94399999999997
284	5	2	4.9999999999999964	165.00000000000009
284	6	2	44.988	5.104000000000002
284	7	2	45.40400000000003	45.13199999999998
284	8	2	45.12295081967211	84.8770491803279
284	9	2	45.132	125.40399999999994
284	10	2	45.502008032128465	164.32931726907637
284	11	2	84.99999999999997	5.000000000000002
284	12	2	83.71600000000002	44.44800000000001
284	13	2	85.01200000000003	85.10400000000001
284	14	2	84.988	124.89599999999994
284	15	2	84.99999999999997	164.99999999999991
284	16	2	125.07199999999999	4.939999999999999
284	17	2	125.12400000000005	45.00400000000004
284	18	2	125.05599999999998	84.97199999999994
284	19	2	124.828	124.97199999999997
284	20	2	125.148	165.03999999999996
284	21	2	164.99999999999994	5.000000000000002
284	22	2	164.99999999999994	45.00000000000002
284	23	2	164.36864406779657	84.7330508474576
284	24	2	164.86000000000004	125.01200000000001
284	25	2	165.33600000000004	165.10799999999998
284	26	1	185.85	17.745999999999984
284	27	1	159.2759999999999	146.64800000000005
284	28	1	36.104000000000035	20.364000000000004
284	29	1	185.32200000000023	47.974000000000004
284	30	1	84.52095808383231	146.4530938123753
284	31	1	6.641999999999997	75.53800000000001
284	32	1	13.312000000000006	61.098000000000084
284	33	1	92.74451097804392	59.37924151696607
284	34	1	190.648	92.24600000000005
284	35	1	91.35528942115768	189.9880239520959
284	36	1	24.690000000000005	175.01799999999997
284	37	1	23.638722554890208	43.157684630738544
284	38	1	33.785999999999966	68.06799999999996
284	39	1	141.18525896414343	149.4382470119522
284	40	1	197.932	29.53399999999999
284	41	1	21.149700598802394	21.24550898203595
284	42	1	178.31936127744535	82.73453093812373
284	43	1	23.457085828343303	100.00199600798399
284	44	1	43.0299401197605	108.72654690618775
284	45	1	16.800399201596793	192.2594810379243
285	1	2	5.115702479338843	5.400826446280992
285	2	2	5.110169491525425	45.39830508474574
285	3	2	5.251028806584367	86.4979423868313
285	4	2	5.036000000000001	124.94399999999997
285	5	2	4.9999999999999964	165.00000000000009
285	6	2	44.988	5.104000000000002
285	7	2	45.40400000000003	45.13199999999998
285	8	2	45.12295081967211	84.8770491803279
285	9	2	45.132	125.40399999999994
285	10	2	45.502008032128465	164.32931726907637
285	11	2	84.99999999999997	5.000000000000002
285	12	2	83.71600000000002	44.44800000000001
285	13	2	85.01200000000003	85.10400000000001
285	14	2	84.988	124.89599999999994
285	15	2	84.99999999999997	164.99999999999991
285	16	2	125.07199999999999	4.939999999999999
285	17	2	125.12400000000005	45.00400000000004
285	18	2	125.05599999999998	84.97199999999994
285	19	2	124.828	124.97199999999997
285	20	2	125.148	165.03999999999996
285	21	2	164.99999999999994	5.000000000000002
285	22	2	164.99999999999994	45.00000000000002
285	23	2	164.36864406779657	84.7330508474576
285	24	2	164.86000000000004	125.01200000000001
285	25	2	165.33600000000004	165.10799999999998
285	26	1	185.778	17.72400000000003
285	27	1	159.24750499001996	146.58083832335336
285	28	1	36.142	20.343999999999998
285	29	1	185.3073852295408	47.96007984031939
285	30	1	84.46000000000002	146.38399999999987
285	31	1	6.63872255489022	75.51497005988035
285	32	1	13.341317365269473	61.037924151696586
285	33	1	92.47305389221556	59.47704590818363
285	34	1	190.632	92.19199999999998
285	35	1	91.53093812375242	189.9840319361278
285	36	1	24.65868263473053	174.9720558882235
285	37	1	23.57569721115536	43.05976095617531
285	38	1	33.756	68.11200000000007
285	39	1	141.192	149.66600000000003
285	40	1	197.91616766467067	29.51497005988024
285	41	1	21.292	21.249999999999986
285	42	1	178.30538922155694	82.68463073852291
285	43	1	23.57485029940121	99.98602794411175
285	44	1	43.17365269461079	108.69261477045906
285	45	1	17.000000000000004	192.23400000000015
286	1	2	5.115702479338843	5.400826446280992
286	2	2	5.110169491525425	45.39830508474574
286	3	2	5.251028806584367	86.4979423868313
286	4	2	5.036000000000001	124.94399999999997
286	5	2	4.9999999999999964	165.00000000000009
286	6	2	44.988	5.104000000000002
286	7	2	45.40400000000003	45.13199999999998
286	8	2	45.12295081967211	84.8770491803279
286	9	2	45.132	125.40399999999994
286	10	2	45.502008032128465	164.32931726907637
286	11	2	84.99999999999997	5.000000000000002
286	12	2	83.71600000000002	44.44800000000001
286	13	2	85.01200000000003	85.10400000000001
286	14	2	84.988	124.89599999999994
286	15	2	84.99999999999997	164.99999999999991
286	16	2	125.07199999999999	4.939999999999999
286	17	2	125.12400000000005	45.00400000000004
286	18	2	125.05599999999998	84.97199999999994
286	19	2	124.828	124.97199999999997
286	20	2	125.148	165.03999999999996
286	21	2	164.99999999999994	5.000000000000002
286	22	2	164.99999999999994	45.00000000000002
286	23	2	164.36864406779657	84.7330508474576
286	24	2	164.86000000000004	125.01200000000001
286	25	2	165.33600000000004	165.10799999999998
286	26	1	185.752	17.704
286	27	1	159.1297405189621	146.56487025948127
286	28	1	36.19800000000002	20.42800000000001
286	29	1	185.3193612774453	47.96007984031936
286	30	1	84.42714570858287	146.4091816367267
286	31	1	6.5229540918163735	75.46506986027943
286	32	1	13.41317365269462	60.98602794411171
286	33	1	92.21912350597617	59.6613545816733
286	34	1	190.62725450901803	92.09819639278555
286	35	1	91.69461077844312	190.03792415169661
286	36	1	24.5928143712575	174.95409181636717
286	37	1	23.50799999999998	42.93000000000003
286	38	1	33.64071856287425	68.10578842315361
286	39	1	141.17964071856287	149.82634730538913
286	40	1	197.9121756487026	29.502994011976046
286	41	1	21.242484969939873	21.166332665330685
286	42	1	178.25948103792416	82.69261477045912
286	43	1	23.580000000000002	99.99800000000005
286	44	1	43.25948103792415	108.66467065868262
286	45	1	17.169999999999984	192.22999999999996
287	1	2	5.115702479338843	5.400826446280992
287	2	2	5.110169491525425	45.39830508474574
287	3	2	5.251028806584367	86.4979423868313
287	4	2	5.036000000000001	124.94399999999997
287	5	2	4.9999999999999964	165.00000000000009
287	6	2	44.988	5.104000000000002
287	7	2	45.40400000000003	45.13199999999998
287	8	2	45.12295081967211	84.8770491803279
287	9	2	45.132	125.40399999999994
287	10	2	45.502008032128465	164.32931726907637
287	11	2	84.99999999999997	5.000000000000002
287	12	2	83.71600000000002	44.44800000000001
287	13	2	85.01200000000003	85.10400000000001
287	14	2	84.988	124.89599999999994
287	15	2	84.99999999999997	164.99999999999991
287	16	2	125.07199999999999	4.939999999999999
287	17	2	125.12400000000005	45.00400000000004
287	18	2	125.05599999999998	84.97199999999994
287	19	2	124.828	124.97199999999997
287	20	2	125.148	165.03999999999996
287	21	2	164.99999999999994	5.000000000000002
287	22	2	164.99999999999994	45.00000000000002
287	23	2	164.36864406779657	84.7330508474576
287	24	2	164.86000000000004	125.01200000000001
287	25	2	165.33600000000004	165.10799999999998
287	26	1	185.72854291417167	17.728542914171683
287	27	1	159.05788423153697	146.65269461077847
287	28	1	36.277999999999956	20.514
287	29	1	185.3552894211577	48.077844311377206
287	30	1	84.32264529058116	146.2424849699398
287	31	1	6.502994011976045	75.50898203592807
287	32	1	13.415999999999991	60.87399999999997
287	33	1	91.94011976047902	59.7285429141717
287	34	1	190.60279441117765	92.10778443113776
287	35	1	91.81037924151694	190.10379241516952
287	36	1	24.608782435129736	174.91017964071847
287	37	1	23.502000000000006	42.91199999999997
287	38	1	33.558882235528955	68.14570858283447
287	39	1	141.1803607214431	149.99398797595182
287	40	1	197.82	29.57800000000001
287	41	1	21.201195219123527	21.129482071713138
287	42	1	178.24999999999997	82.48799999999999
287	43	1	23.68200000000001	99.99000000000007
287	44	1	43.30876494023902	108.7051792828685
287	45	1	17.15600000000001	192.1819999999999
288	1	2	5.115702479338843	5.400826446280992
288	2	2	5.110169491525425	45.39830508474574
288	3	2	5.251028806584367	86.4979423868313
288	4	2	5.036000000000001	124.94399999999997
288	5	2	4.9999999999999964	165.00000000000009
288	6	2	44.988	5.104000000000002
288	7	2	45.40400000000003	45.13199999999998
288	8	2	45.12295081967211	84.8770491803279
288	9	2	45.132	125.40399999999994
288	10	2	45.502008032128465	164.32931726907637
288	11	2	84.99999999999997	5.000000000000002
288	12	2	83.71600000000002	44.44800000000001
288	13	2	85.01200000000003	85.10400000000001
288	14	2	84.988	124.89599999999994
288	15	2	84.99999999999997	164.99999999999991
288	16	2	125.07199999999999	4.939999999999999
288	17	2	125.12400000000005	45.00400000000004
288	18	2	125.05599999999998	84.97199999999994
288	19	2	124.828	124.97199999999997
288	20	2	125.148	165.03999999999996
288	21	2	164.99999999999994	5.000000000000002
288	22	2	164.99999999999994	45.00000000000002
288	23	2	164.36864406779657	84.7330508474576
288	24	2	164.86000000000004	125.01200000000001
288	25	2	165.33600000000004	165.10799999999998
288	26	1	185.71800000000002	17.692
288	27	1	158.94011976047895	146.65469061876246
288	28	1	36.326	20.546000000000003
288	29	1	185.37051792828694	48.169322709163374
288	30	1	84.20758483033929	146.2375249500997
288	31	1	6.4239999999999995	75.46999999999996
288	32	1	13.523999999999992	60.813999999999986
288	33	1	91.60756972111557	59.80677290836661
288	34	1	190.57285429141714	92.0958083832336
288	35	1	91.8580000000001	190.24200000000008
288	36	1	24.57999999999999	174.97399999999996
288	37	1	23.462000000000007	42.75000000000003
288	38	1	33.47305389221555	68.07784431137723
288	39	1	141.0818363273454	150.07185628742508
288	40	1	197.726	29.625999999999994
288	41	1	21.149999999999995	21.08399999999999
288	42	1	178.2355289421156	82.23552894211583
288	43	1	23.815999999999992	99.95599999999989
288	44	1	43.25948103792414	108.79241516966067
288	45	1	17.202	192.18200000000002
289	1	2	5.115702479338843	5.400826446280992
289	2	2	5.110169491525425	45.39830508474574
289	3	2	5.251028806584367	86.4979423868313
289	4	2	5.036000000000001	124.94399999999997
289	5	2	4.9999999999999964	165.00000000000009
289	6	2	44.988	5.104000000000002
289	7	2	45.40400000000003	45.13199999999998
289	8	2	45.12295081967211	84.8770491803279
289	9	2	45.132	125.40399999999994
289	10	2	45.502008032128465	164.32931726907637
289	11	2	84.99999999999997	5.000000000000002
289	12	2	83.71600000000002	44.44800000000001
289	13	2	85.01200000000003	85.10400000000001
289	14	2	84.988	124.89599999999994
289	15	2	84.99999999999997	164.99999999999991
289	16	2	125.07199999999999	4.939999999999999
289	17	2	125.12400000000005	45.00400000000004
289	18	2	125.05599999999998	84.97199999999994
289	19	2	124.828	124.97199999999997
289	20	2	125.148	165.03999999999996
289	21	2	164.99999999999994	5.000000000000002
289	22	2	164.99999999999994	45.00000000000002
289	23	2	164.36864406779657	84.7330508474576
289	24	2	164.86000000000004	125.01200000000001
289	25	2	165.33600000000004	165.10799999999998
289	26	1	185.70259481037922	17.688622754491018
289	27	1	158.8120000000001	146.61800000000017
289	28	1	36.3073852295409	20.50898203592816
289	29	1	185.36726546906192	48.19760479041913
289	30	1	84.01394422310747	146.10358565737056
289	31	1	6.429141716566865	75.4291417165668
289	32	1	13.571999999999987	60.767999999999994
289	33	1	91.49700598802391	59.87624750498999
289	34	1	190.55911823647295	91.97194388777558
289	35	1	91.9121756487026	190.193612774451
289	36	1	24.471057884231517	174.93413173652687
289	37	1	23.439999999999998	42.71400000000001
289	38	1	33.43000000000003	68.14800000000001
289	39	1	141.07200000000006	150.10999999999993
289	40	1	197.686	29.683999999999976
289	41	1	21.158000000000005	21.04
289	42	1	178.22155688622775	82.16766467065871
289	43	1	23.946000000000005	99.948
289	44	1	43.32400000000003	108.74599999999992
289	45	1	17.374000000000017	192.07000000000008
290	1	2	5.115702479338843	5.400826446280992
290	2	2	5.110169491525425	45.39830508474574
290	3	2	5.251028806584367	86.4979423868313
290	4	2	5.036000000000001	124.94399999999997
290	5	2	4.9999999999999964	165.00000000000009
290	6	2	44.988	5.104000000000002
290	7	2	45.40400000000003	45.13199999999998
290	8	2	45.12295081967211	84.8770491803279
290	9	2	45.132	125.40399999999994
290	10	2	45.502008032128465	164.32931726907637
290	11	2	84.99999999999997	5.000000000000002
290	12	2	83.71600000000002	44.44800000000001
290	13	2	85.01200000000003	85.10400000000001
290	14	2	84.988	124.89599999999994
290	15	2	84.99999999999997	164.99999999999991
290	16	2	125.07199999999999	4.939999999999999
290	17	2	125.12400000000005	45.00400000000004
290	18	2	125.05599999999998	84.97199999999994
290	19	2	124.828	124.97199999999997
290	20	2	125.148	165.03999999999996
290	21	2	164.99999999999994	5.000000000000002
290	22	2	164.99999999999994	45.00000000000002
290	23	2	164.36864406779657	84.7330508474576
290	24	2	164.86000000000004	125.01200000000001
290	25	2	165.33600000000004	165.10799999999998
290	26	1	185.534	17.682
290	27	1	158.71257485029955	146.69261477045902
290	28	1	36.26252505010021	20.422845691382772
290	29	1	185.4939999999999	48.344000000000015
290	30	1	83.9519999999999	146.0840000000001
290	31	1	6.3832335329341365	75.39321357285428
290	32	1	13.58200000000001	60.709999999999994
290	33	1	91.30876494023906	60.019920318725134
290	34	1	190.56199999999998	92.03
290	35	1	91.95400000000002	190.19800000000006
290	36	1	24.395209580838316	174.8922155688622
290	37	1	23.342685370741467	42.57314629258516
290	38	1	33.4	68.09600000000007
290	39	1	141.04200000000006	150.1520000000001
290	40	1	197.68263473053892	29.616766467065876
290	41	1	21.205588822355303	21.007984031936132
290	42	1	178.2	81.99000000000005
290	43	1	23.880000000000017	99.91399999999999
290	44	1	43.34131736526943	108.65069860279439
290	45	1	17.541999999999994	191.98600000000022
291	1	2	5.115702479338843	5.400826446280992
291	2	2	5.110169491525425	45.39830508474574
291	3	2	5.251028806584367	86.4979423868313
291	4	2	5.036000000000001	124.94399999999997
291	5	2	4.9999999999999964	165.00000000000009
291	6	2	44.988	5.104000000000002
291	7	2	45.40400000000003	45.13199999999998
291	8	2	45.12295081967211	84.8770491803279
291	9	2	45.132	125.40399999999994
291	10	2	45.502008032128465	164.32931726907637
291	11	2	84.99999999999997	5.000000000000002
291	12	2	83.71600000000002	44.44800000000001
291	13	2	85.01200000000003	85.10400000000001
291	14	2	84.988	124.89599999999994
291	15	2	84.99999999999997	164.99999999999991
291	16	2	125.07199999999999	4.939999999999999
291	17	2	125.12400000000005	45.00400000000004
291	18	2	125.05599999999998	84.97199999999994
291	19	2	124.828	124.97199999999997
291	20	2	125.148	165.03999999999996
291	21	2	164.99999999999994	5.000000000000002
291	22	2	164.99999999999994	45.00000000000002
291	23	2	164.36864406779657	84.7330508474576
291	24	2	164.86000000000004	125.01200000000001
291	25	2	165.33600000000004	165.10799999999998
291	26	1	185.504	17.587999999999976
291	27	1	158.51896207584838	146.69261477045913
291	28	1	36.238000000000014	20.311999999999987
291	29	1	185.50099800399224	48.381237524950116
291	30	1	83.84431137724546	146.08183632734534
291	31	1	6.369261477045906	75.38922155688627
291	32	1	13.566000000000003	60.629999999999946
291	33	1	91.14999999999998	60.102000000000025
291	34	1	190.54091816367264	92.04391217564863
291	35	1	92.16367265469061	190.25349301397213
291	36	1	24.36526946107785	174.79041916167677
291	37	1	23.301999999999992	42.54400000000001
291	38	1	33.32665330661322	68.13226452905812
291	39	1	141.06599999999992	150.2619999999998
291	40	1	197.66533864541833	29.587649402390458
291	41	1	21.26599999999998	21.017999999999997
291	42	1	178.27290836653404	81.46613545816741
291	43	1	23.944000000000017	99.948
291	44	1	43.45508982035928	108.59481037924145
291	45	1	17.71457085828343	191.91616766467067
292	1	2	5.115702479338843	5.400826446280992
292	2	2	5.110169491525425	45.39830508474574
292	3	2	5.251028806584367	86.4979423868313
292	4	2	5.036000000000001	124.94399999999997
292	5	2	4.9999999999999964	165.00000000000009
292	6	2	44.988	5.104000000000002
292	7	2	45.40400000000003	45.13199999999998
292	8	2	45.12295081967211	84.8770491803279
292	9	2	45.132	125.40399999999994
292	10	2	45.502008032128465	164.32931726907637
292	11	2	84.99999999999997	5.000000000000002
292	12	2	83.71600000000002	44.44800000000001
292	13	2	85.01200000000003	85.10400000000001
292	14	2	84.988	124.89599999999994
292	15	2	84.99999999999997	164.99999999999991
292	16	2	125.07199999999999	4.939999999999999
292	17	2	125.12400000000005	45.00400000000004
292	18	2	125.05599999999998	84.97199999999994
292	19	2	124.828	124.97199999999997
292	20	2	125.148	165.03999999999996
292	21	2	164.99999999999994	5.000000000000002
292	22	2	164.99999999999994	45.00000000000002
292	23	2	164.36864406779657	84.7330508474576
292	24	2	164.86000000000004	125.01200000000001
292	25	2	165.33600000000004	165.10799999999998
292	26	1	185.56999999999996	17.524000000000004
292	27	1	158.46800000000002	146.70800000000003
292	28	1	36.29740518962075	20.375249500998013
292	29	1	185.53293413173648	48.417165668662705
292	30	1	83.76447105788418	146.06387225548906
292	31	1	6.4079999999999995	75.40599999999998
292	32	1	13.515030060120239	60.496993987975905
292	33	1	91.00798403193615	60.17365269461075
292	34	1	190.52694610778443	91.9720558882236
292	35	1	92.16966067864266	190.16566866267436
292	36	1	24.333999999999982	174.7719999999998
292	37	1	23.201999999999995	42.45000000000001
292	38	1	33.22355289421159	68.12974051896214
292	39	1	141.05988023952114	150.41516966067869
292	40	1	197.60320641282564	29.59519038076153
292	41	1	21.311377245508982	20.98802395209579
292	42	1	178.27744510978036	81.50698602794407
292	43	1	23.880000000000006	99.92800000000005
292	44	1	43.37125748502991	108.58483033932131
292	45	1	17.788000000000004	191.886
293	1	2	5.115702479338843	5.400826446280992
293	2	2	5.110169491525425	45.39830508474574
293	3	2	5.251028806584367	86.4979423868313
293	4	2	5.036000000000001	124.94399999999997
293	5	2	4.9999999999999964	165.00000000000009
293	6	2	44.988	5.104000000000002
293	7	2	45.40400000000003	45.13199999999998
293	8	2	45.12295081967211	84.8770491803279
293	9	2	45.132	125.40399999999994
293	10	2	45.502008032128465	164.32931726907637
293	11	2	84.99999999999997	5.000000000000002
293	12	2	83.71600000000002	44.44800000000001
293	13	2	85.01200000000003	85.10400000000001
293	14	2	84.988	124.89599999999994
293	15	2	84.99999999999997	164.99999999999991
293	16	2	125.07199999999999	4.939999999999999
293	17	2	125.12400000000005	45.00400000000004
293	18	2	125.05599999999998	84.97199999999994
293	19	2	124.828	124.97199999999997
293	20	2	125.148	165.03999999999996
293	21	2	164.99999999999994	5.000000000000002
293	22	2	164.99999999999994	45.00000000000002
293	23	2	164.36864406779657	84.7330508474576
293	24	2	164.86000000000004	125.01200000000001
293	25	2	165.33600000000004	165.10799999999998
293	26	1	185.466	17.578000000000014
293	27	1	158.39121756487017	146.70259481037922
293	28	1	36.389221556886184	20.391217564870274
293	29	1	185.51896207584835	48.37524950099802
293	30	1	83.6387225548902	146.13572854291425
293	31	1	6.4079999999999995	75.40599999999998
293	32	1	13.472000000000012	60.42000000000001
293	33	1	90.87624750499	60.22554890219559
293	34	1	190.52200000000002	91.84799999999996
293	35	1	92.27999999999993	190.22199999999995
293	36	1	24.405189620758488	174.74251497006006
293	37	1	23.356573705179308	42.5318725099602
293	38	1	33.213572854291414	68.20159680638722
293	39	1	141.20159680638739	150.55089820359285
293	40	1	197.73852295409182	29.55888223552895
293	41	1	21.401197604790408	20.990019960079827
293	42	1	178.25948103792393	81.22355289421162
293	43	1	23.892000000000017	99.98599999999999
293	44	1	43.50199999999998	108.604
293	45	1	17.74051896207585	191.80638722554897
294	1	2	5.115702479338843	5.400826446280992
294	2	2	5.110169491525425	45.39830508474574
294	3	2	5.251028806584367	86.4979423868313
294	4	2	5.036000000000001	124.94399999999997
294	5	2	4.9999999999999964	165.00000000000009
294	6	2	44.988	5.104000000000002
294	7	2	45.40400000000003	45.13199999999998
294	8	2	45.12295081967211	84.8770491803279
294	9	2	45.132	125.40399999999994
294	10	2	45.502008032128465	164.32931726907637
294	11	2	84.99999999999997	5.000000000000002
294	12	2	83.71600000000002	44.44800000000001
294	13	2	85.01200000000003	85.10400000000001
294	14	2	84.988	124.89599999999994
294	15	2	84.99999999999997	164.99999999999991
294	16	2	125.07199999999999	4.939999999999999
294	17	2	125.12400000000005	45.00400000000004
294	18	2	125.05599999999998	84.97199999999994
294	19	2	124.828	124.97199999999997
294	20	2	125.148	165.03999999999996
294	21	2	164.99999999999994	5.000000000000002
294	22	2	164.99999999999994	45.00000000000002
294	23	2	164.36864406779657	84.7330508474576
294	24	2	164.86000000000004	125.01200000000001
294	25	2	165.33600000000004	165.10799999999998
294	26	1	185.436	17.58399999999999
294	27	1	158.28742514970068	146.60878243512983
294	28	1	36.42914171656685	20.391217564870264
294	29	1	185.5340000000001	48.431999999999995
294	30	1	83.51097804391209	146.1816367265468
294	31	1	6.3499999999999925	75.36799999999997
294	32	1	13.44510978043912	60.27944111776446
294	33	1	90.91616766467067	60.311377245508986
294	34	1	190.4890219560878	91.73053892215572
294	35	1	92.25748502994001	190.05389221556874
294	36	1	24.296	174.68600000000004
294	37	1	23.480000000000025	42.47199999999999
294	38	1	33.176	68.10999999999997
294	39	1	141.20159680638724	150.58882235528947
294	40	1	197.74850299401197	29.614770459081857
294	41	1	21.313373253493015	20.88822355289424
294	42	1	178.21157684630742	81.16367265469067
294	43	1	23.962000000000025	100.02200000000003
294	44	1	43.626746506986	108.49500998003991
294	45	1	17.908183632734534	191.79840319361276
295	1	2	5.115702479338843	5.400826446280992
295	2	2	5.110169491525425	45.39830508474574
295	3	2	5.251028806584367	86.4979423868313
295	4	2	5.036000000000001	124.94399999999997
295	5	2	4.9999999999999964	165.00000000000009
295	6	2	44.988	5.104000000000002
295	7	2	45.40400000000003	45.13199999999998
295	8	2	45.12295081967211	84.8770491803279
295	9	2	45.132	125.40399999999994
295	10	2	45.502008032128465	164.32931726907637
295	11	2	84.99999999999997	5.000000000000002
295	12	2	83.71600000000002	44.44800000000001
295	13	2	85.01200000000003	85.10400000000001
295	14	2	84.988	124.89599999999994
295	15	2	84.99999999999997	164.99999999999991
295	16	2	125.07199999999999	4.939999999999999
295	17	2	125.12400000000005	45.00400000000004
295	18	2	125.05599999999998	84.97199999999994
295	19	2	124.828	124.97199999999997
295	20	2	125.148	165.03999999999996
295	21	2	164.99999999999994	5.000000000000002
295	22	2	164.99999999999994	45.00000000000002
295	23	2	164.36864406779657	84.7330508474576
295	24	2	164.86000000000004	125.01200000000001
295	25	2	165.33600000000004	165.10799999999998
295	26	1	185.28542914171658	17.55089820359281
295	27	1	158.15831663326645	146.63927855711435
295	28	1	36.46399999999999	20.39799999999998
295	29	1	185.55400000000006	48.542000000000016
295	30	1	83.5508982035928	146.27145708582827
295	31	1	6.355289421157684	75.32734530938113
295	32	1	13.540918163672663	60.183632734530896
295	33	1	90.54091816367266	60.38522954091813
295	34	1	190.442	91.66799999999999
295	35	1	92.29740518962079	190.17564870259477
295	36	1	24.187624750499	174.682634730539
295	37	1	23.34930139720559	42.28942115768464
295	38	1	33.21357285429139	67.93013972055886
295	39	1	141.27544910179643	150.87225548902185
295	40	1	197.76447105788424	29.58882235528946
295	41	1	21.36072144288578	20.83967935871742
295	42	1	178.15139442231074	81.08764940239051
295	43	1	23.974051896207598	100.01996007984046
295	44	1	43.678	108.48400000000002
295	45	1	18.053892215568844	191.82834331337324
296	1	2	5.115702479338843	5.400826446280992
296	2	2	5.110169491525425	45.39830508474574
296	3	2	5.251028806584367	86.4979423868313
296	4	2	5.036000000000001	124.94399999999997
296	5	2	4.9999999999999964	165.00000000000009
296	6	2	44.988	5.104000000000002
296	7	2	45.40400000000003	45.13199999999998
296	8	2	45.12295081967211	84.8770491803279
296	9	2	45.132	125.40399999999994
296	10	2	45.502008032128465	164.32931726907637
296	11	2	84.99999999999997	5.000000000000002
296	12	2	83.71600000000002	44.44800000000001
296	13	2	85.01200000000003	85.10400000000001
296	14	2	84.988	124.89599999999994
296	15	2	84.99999999999997	164.99999999999991
296	16	2	125.07199999999999	4.939999999999999
296	17	2	125.12400000000005	45.00400000000004
296	18	2	125.05599999999998	84.97199999999994
296	19	2	124.828	124.97199999999997
296	20	2	125.148	165.03999999999996
296	21	2	164.99999999999994	5.000000000000002
296	22	2	164.99999999999994	45.00000000000002
296	23	2	164.36864406779657	84.7330508474576
296	24	2	164.86000000000004	125.01200000000001
296	25	2	165.33600000000004	165.10799999999998
296	26	1	185.249500998004	17.510978043912164
296	27	1	157.95009980039927	146.686626746507
296	28	1	36.54000000000001	20.413999999999998
296	29	1	185.542	48.658
296	30	1	83.5129740518961	146.29740518962066
296	31	1	6.331999999999994	75.30600000000004
296	32	1	13.482000000000005	60.11799999999999
296	33	1	90.40918163672667	60.34730538922151
296	34	1	190.44	91.52600000000001
296	35	1	92.354	190.24599999999995
296	36	1	24.070140280561134	174.6873747494989
296	37	1	23.368000000000013	42.287999999999975
296	38	1	33.101796407185624	67.89620758483036
296	39	1	141.22645290581158	151.13026052104186
296	40	1	197.72709163346613	29.63346613545817
296	41	1	21.3393213572854	20.844311377245514
296	42	1	178.09381237524968	80.93812375249496
296	43	1	23.990000000000002	100.04199999999983
296	44	1	43.833999999999975	108.45399999999995
296	45	1	18.123752495009978	191.78043912175642
297	1	2	5.115702479338843	5.400826446280992
297	2	2	5.110169491525425	45.39830508474574
297	3	2	5.251028806584367	86.4979423868313
297	4	2	5.036000000000001	124.94399999999997
297	5	2	4.9999999999999964	165.00000000000009
297	6	2	44.988	5.104000000000002
297	7	2	45.40400000000003	45.13199999999998
297	8	2	45.12295081967211	84.8770491803279
297	9	2	45.132	125.40399999999994
297	10	2	45.502008032128465	164.32931726907637
297	11	2	84.99999999999997	5.000000000000002
297	12	2	83.71600000000002	44.44800000000001
297	13	2	85.01200000000003	85.10400000000001
297	14	2	84.988	124.89599999999994
297	15	2	84.99999999999997	164.99999999999991
297	16	2	125.07199999999999	4.939999999999999
297	17	2	125.12400000000005	45.00400000000004
297	18	2	125.05599999999998	84.97199999999994
297	19	2	124.828	124.97199999999997
297	20	2	125.148	165.03999999999996
297	21	2	164.99999999999994	5.000000000000002
297	22	2	164.99999999999994	45.00000000000002
297	23	2	164.36864406779657	84.7330508474576
297	24	2	164.86000000000004	125.01200000000001
297	25	2	165.33600000000004	165.10799999999998
297	26	1	185.18436873747495	17.430861723446906
297	27	1	157.90618762475052	146.74850299401203
297	28	1	36.495009980039924	20.213572854291417
297	29	1	185.61199999999988	48.78599999999995
297	30	1	83.43113772455088	146.2974051896208
297	31	1	6.331999999999994	75.30600000000004
297	32	1	13.574850299401193	59.97205588822357
297	33	1	90.24550898203586	60.405189620758456
297	34	1	190.4131736526946	91.39720558882239
297	35	1	92.434	190.21800000000005
297	36	1	23.98999999999999	174.612
297	37	1	23.392430278884472	42.19721115537847
297	38	1	32.98600000000001	67.99800000000005
297	39	1	141.25896414342628	151.22509960159348
297	40	1	197.522	29.65200000000001
297	41	1	21.223107569721105	20.850597609561746
297	42	1	178.03193612774447	80.76047904191613
297	43	1	24.054000000000013	100.02599999999991
297	44	1	44.057999999999986	108.29199999999996
297	45	1	18.22954091816368	191.8702594810378
298	1	2	5.115702479338843	5.400826446280992
298	2	2	5.110169491525425	45.39830508474574
298	3	2	5.251028806584367	86.4979423868313
298	4	2	5.036000000000001	124.94399999999997
298	5	2	4.9999999999999964	165.00000000000009
298	6	2	44.988	5.104000000000002
298	7	2	45.40400000000003	45.13199999999998
298	8	2	45.12295081967211	84.8770491803279
298	9	2	45.132	125.40399999999994
298	10	2	45.502008032128465	164.32931726907637
298	11	2	84.99999999999997	5.000000000000002
298	12	2	83.71600000000002	44.44800000000001
298	13	2	85.01200000000003	85.10400000000001
298	14	2	84.988	124.89599999999994
298	15	2	84.99999999999997	164.99999999999991
298	16	2	125.07199999999999	4.939999999999999
298	17	2	125.12400000000005	45.00400000000004
298	18	2	125.05599999999998	84.97199999999994
298	19	2	124.828	124.97199999999997
298	20	2	125.148	165.03999999999996
298	21	2	164.99999999999994	5.000000000000002
298	22	2	164.99999999999994	45.00000000000002
298	23	2	164.36864406779657	84.7330508474576
298	24	2	164.86000000000004	125.01200000000001
298	25	2	165.33600000000004	165.10799999999998
298	26	1	185.076	17.414000000000012
298	27	1	157.80439121756493	146.74251497005974
298	28	1	36.62324649298597	20.342685370741478
298	29	1	185.642	48.804
298	30	1	83.27400000000002	146.27000000000007
298	31	1	6.295409181636731	75.33532934131729
298	32	1	13.49301397205589	59.90419161676644
298	33	1	90.08582834331332	60.43712574850303
298	34	1	190.392	91.21800000000003
298	35	1	92.560878243513	190.21357285429133
298	36	1	23.763999999999985	174.68200000000016
298	37	1	23.321357285429134	42.135728542914144
298	38	1	32.880239520958085	67.96007984031934
298	39	1	141.2420000000001	151.3660000000001
298	40	1	197.50499001996008	29.562874251497018
298	41	1	21.233532934131723	20.86826347305386
298	42	1	177.98203592814374	80.71457085828344
298	43	1	24.115768463073863	100.01796407185631
298	44	1	44.10978043912176	108.31936127744515
298	45	1	18.423153692614765	192.0000000000001
299	1	2	5.115702479338843	5.400826446280992
299	2	2	5.110169491525425	45.39830508474574
299	3	2	5.251028806584367	86.4979423868313
299	4	2	5.036000000000001	124.94399999999997
299	5	2	4.9999999999999964	165.00000000000009
299	6	2	44.988	5.104000000000002
299	7	2	45.40400000000003	45.13199999999998
299	8	2	45.12295081967211	84.8770491803279
299	9	2	45.132	125.40399999999994
299	10	2	45.502008032128465	164.32931726907637
299	11	2	84.99999999999997	5.000000000000002
299	12	2	83.71600000000002	44.44800000000001
299	13	2	85.01200000000003	85.10400000000001
299	14	2	84.988	124.89599999999994
299	15	2	84.99999999999997	164.99999999999991
299	16	2	125.07199999999999	4.939999999999999
299	17	2	125.12400000000005	45.00400000000004
299	18	2	125.05599999999998	84.97199999999994
299	19	2	124.828	124.97199999999997
299	20	2	125.148	165.03999999999996
299	21	2	164.99999999999994	5.000000000000002
299	22	2	164.99999999999994	45.00000000000002
299	23	2	164.36864406779657	84.7330508474576
299	24	2	164.86000000000004	125.01200000000001
299	25	2	165.33600000000004	165.10799999999998
299	26	1	185.01596806387226	17.367265469061888
299	27	1	157.68463073852308	146.6646706586827
299	28	1	36.57884231536927	20.173652694610777
299	29	1	185.68263473053887	48.9121756487026
299	30	1	83.33732534930142	146.2255489021957
299	31	1	6.221556886227547	75.2175648702595
299	32	1	13.677999999999992	59.75799999999997
299	33	1	89.99600798403199	60.5349301397206
299	34	1	190.32934131736525	91.13772455089824
299	35	1	92.63399999999996	190.09199999999987
299	36	1	23.689378757515026	174.61723446893802
299	37	1	23.354000000000024	42.10799999999999
299	38	1	32.84000000000002	68.016
299	39	1	141.22554890219573	151.53493013972061
299	40	1	197.504	29.58800000000003
299	41	1	21.22155688622754	20.94610778443113
299	42	1	177.99199999999993	80.59599999999993
299	43	1	23.951999999999995	100.01400000000007
299	44	1	44.27000000000003	108.24999999999999
299	45	1	18.453093812375233	191.97604790419152
300	1	2	5.115702479338843	5.400826446280992
300	2	2	5.110169491525425	45.39830508474574
300	3	2	5.251028806584367	86.4979423868313
300	4	2	5.036000000000001	124.94399999999997
300	5	2	4.9999999999999964	165.00000000000009
300	6	2	44.988	5.104000000000002
300	7	2	45.40400000000003	45.13199999999998
300	8	2	45.12295081967211	84.8770491803279
300	9	2	45.132	125.40399999999994
300	10	2	45.502008032128465	164.32931726907637
300	11	2	84.99999999999997	5.000000000000002
300	12	2	83.71600000000002	44.44800000000001
300	13	2	85.01200000000003	85.10400000000001
300	14	2	84.988	124.89599999999994
300	15	2	84.99999999999997	164.99999999999991
300	16	2	125.07199999999999	4.939999999999999
300	17	2	125.12400000000005	45.00400000000004
300	18	2	125.05599999999998	84.97199999999994
300	19	2	124.828	124.97199999999997
300	20	2	125.148	165.03999999999996
300	21	2	164.99999999999994	5.000000000000002
300	22	2	164.99999999999994	45.00000000000002
300	23	2	164.36864406779657	84.7330508474576
300	24	2	164.86000000000004	125.01200000000001
300	25	2	165.33600000000004	165.10799999999998
300	26	1	184.92999999999998	17.316000000000006
300	27	1	157.61277445109792	146.63073852295418
300	28	1	36.58599999999999	20.035999999999966
300	29	1	185.75049900199616	48.96007984031938
300	30	1	83.2754491017964	146.19760479041923
300	31	1	6.115768463073861	75.10978043912178
300	32	1	13.657999999999996	59.60800000000001
300	33	1	89.75599999999996	60.50000000000001
300	34	1	190.302	91.10799999999996
300	35	1	92.69860279441123	190.0618762475051
300	36	1	23.653999999999996	174.606
300	37	1	23.503999999999998	42.07000000000001
300	38	1	32.762	68.07000000000006
300	39	1	141.25548902195618	151.6726546906187
300	40	1	197.56487025948104	29.564870259481037
300	41	1	21.17365269461078	20.910179640718574
300	42	1	177.9620758483034	80.55888223552897
300	43	1	23.820359281437113	100.09580838323357
300	44	1	44.36800000000002	108.21000000000002
300	45	1	18.455089820359277	192.03992015968063
301	1	2	5.115702479338843	5.400826446280992
301	2	2	5.110169491525425	45.39830508474574
301	3	2	5.251028806584367	86.4979423868313
301	4	2	5.036000000000001	124.94399999999997
301	5	2	4.9999999999999964	165.00000000000009
301	6	2	44.988	5.104000000000002
301	7	2	45.40400000000003	45.13199999999998
301	8	2	45.12295081967211	84.8770491803279
301	9	2	45.132	125.40399999999994
301	10	2	45.502008032128465	164.32931726907637
301	11	2	84.99999999999997	5.000000000000002
301	12	2	83.71600000000002	44.44800000000001
301	13	2	85.01200000000003	85.10400000000001
301	14	2	84.988	124.89599999999994
301	15	2	84.99999999999997	164.99999999999991
301	16	2	125.07199999999999	4.939999999999999
301	17	2	125.12400000000005	45.00400000000004
301	18	2	125.05599999999998	84.97199999999994
301	19	2	124.828	124.97199999999997
301	20	2	125.148	165.03999999999996
301	21	2	164.99999999999994	5.000000000000002
301	22	2	164.99999999999994	45.00000000000002
301	23	2	164.36864406779657	84.7330508474576
301	24	2	164.86000000000004	125.01200000000001
301	25	2	165.33600000000004	165.10799999999998
301	26	1	184.90200000000002	17.31800000000002
301	27	1	157.55289421157687	146.65868263473064
301	28	1	36.67200000000006	20.11000000000001
301	29	1	185.78999999999994	49.00000000000004
301	30	1	83.08800000000001	146.05200000000013
301	31	1	6.159999999999999	75.12599999999996
301	32	1	13.71057884231537	59.52095808383234
301	33	1	89.55888223552891	60.52095808383233
301	34	1	190.2934131736527	90.94810379241518
301	35	1	92.7165668662674	190.1676646706588
301	36	1	23.58483033932137	174.59081836327334
301	37	1	23.402805611222472	41.989979959919864
301	38	1	32.72854291417167	68.00798403193602
301	39	1	141.2614770459084	151.760479041916
301	40	1	197.56686626746506	29.554890219560882
301	41	1	21.231536926147708	20.92814371257484
301	42	1	177.9699398797597	80.52705410821639
301	43	1	23.793999999999997	100.10400000000003
301	44	1	44.43113772455089	108.15968063872266
301	45	1	18.469061876247505	192.09780439121766
302	1	2	5.115702479338843	5.400826446280992
302	2	2	5.110169491525425	45.39830508474574
302	3	2	5.251028806584367	86.4979423868313
302	4	2	5.036000000000001	124.94399999999997
302	5	2	4.9999999999999964	165.00000000000009
302	6	2	44.988	5.104000000000002
302	7	2	45.40400000000003	45.13199999999998
302	8	2	45.12295081967211	84.8770491803279
302	9	2	45.132	125.40399999999994
302	10	2	45.502008032128465	164.32931726907637
302	11	2	84.99999999999997	5.000000000000002
302	12	2	83.71600000000002	44.44800000000001
302	13	2	85.01200000000003	85.10400000000001
302	14	2	84.988	124.89599999999994
302	15	2	84.99999999999997	164.99999999999991
302	16	2	125.07199999999999	4.939999999999999
302	17	2	125.12400000000005	45.00400000000004
302	18	2	125.05599999999998	84.97199999999994
302	19	2	124.828	124.97199999999997
302	20	2	125.148	165.03999999999996
302	21	2	164.99999999999994	5.000000000000002
302	22	2	164.99999999999994	45.00000000000002
302	23	2	164.36864406779657	84.7330508474576
302	24	2	164.86000000000004	125.01200000000001
302	25	2	165.33600000000004	165.10799999999998
302	26	1	184.9481037924152	17.241516966067866
302	27	1	157.54999999999995	146.6120000000001
302	28	1	36.66334661354582	19.99601593625498
302	29	1	185.81636726546887	48.96007984031938
302	30	1	83.08183632734533	145.95009980039922
302	31	1	6.1636726546906235	75.1077844311376
302	32	1	13.798403193612778	59.34930139720558
302	33	1	89.42115768463076	60.546906187624735
302	34	1	190.32135728542914	90.82834331337314
302	35	1	92.752	190.1419999999999
302	36	1	23.514000000000003	174.61200000000017
302	37	1	23.399999999999995	41.906
302	38	1	32.596000000000004	68.10800000000006
302	39	1	141.303393213573	151.84431137724562
302	40	1	197.5050100200401	29.563126252504993
302	41	1	21.304000000000006	20.925999999999984
302	42	1	177.95800000000006	80.34800000000004
302	43	1	23.860000000000017	100.10800000000005
302	44	1	44.41516966067865	108.13173652694617
302	45	1	18.564000000000004	192.09399999999988
303	1	2	5.115702479338843	5.400826446280992
303	2	2	5.110169491525425	45.39830508474574
303	3	2	5.251028806584367	86.4979423868313
303	4	2	5.036000000000001	124.94399999999997
303	5	2	4.9999999999999964	165.00000000000009
303	6	2	44.988	5.104000000000002
303	7	2	45.40400000000003	45.13199999999998
303	8	2	45.12295081967211	84.8770491803279
303	9	2	45.132	125.40399999999994
303	10	2	45.502008032128465	164.32931726907637
303	11	2	84.99999999999997	5.000000000000002
303	12	2	83.71600000000002	44.44800000000001
303	13	2	85.01200000000003	85.10400000000001
303	14	2	84.988	124.89599999999994
303	15	2	84.99999999999997	164.99999999999991
303	16	2	125.07199999999999	4.939999999999999
303	17	2	125.12400000000005	45.00400000000004
303	18	2	125.05599999999998	84.97199999999994
303	19	2	124.828	124.97199999999997
303	20	2	125.148	165.03999999999996
303	21	2	164.99999999999994	5.000000000000002
303	22	2	164.99999999999994	45.00000000000002
303	23	2	164.36864406779657	84.7330508474576
303	24	2	164.86000000000004	125.01200000000001
303	25	2	165.33600000000004	165.10799999999998
303	26	1	184.7764471057884	17.217564870259505
303	27	1	157.42115768463083	146.65469061876257
303	28	1	36.72600000000004	20.014000000000017
303	29	1	185.80360721442887	48.939879759519044
303	30	1	83.20000000000009	145.8939999999999
303	31	1	6.135999999999994	75.06200000000005
303	32	1	13.713999999999999	59.25600000000004
303	33	1	89.33266932270915	60.51593625498007
303	34	1	190.3433133732535	90.69860279441114
303	35	1	92.89000000000009	190.152
303	36	1	23.47105788423152	174.60479041916165
303	37	1	23.373253493013955	41.890219560878236
303	38	1	32.55888223552895	68.10379241516964
303	39	1	141.27399999999997	151.82000000000008
303	40	1	197.52694610778443	29.52295409181638
303	41	1	21.307999999999993	20.938
303	42	1	177.92399999999998	80.45799999999996
303	43	1	23.780439121756494	100.13772455089808
303	44	1	44.495999999999974	108.10599999999988
303	45	1	18.589641434262948	192.179282868526
304	1	2	5.115702479338843	5.400826446280992
304	2	2	5.110169491525425	45.39830508474574
304	3	2	5.251028806584367	86.4979423868313
304	4	2	5.036000000000001	124.94399999999997
304	5	2	4.9999999999999964	165.00000000000009
304	6	2	44.988	5.104000000000002
304	7	2	45.40400000000003	45.13199999999998
304	8	2	45.12295081967211	84.8770491803279
304	9	2	45.132	125.40399999999994
304	10	2	45.502008032128465	164.32931726907637
304	11	2	84.99999999999997	5.000000000000002
304	12	2	83.71600000000002	44.44800000000001
304	13	2	85.01200000000003	85.10400000000001
304	14	2	84.988	124.89599999999994
304	15	2	84.99999999999997	164.99999999999991
304	16	2	125.07199999999999	4.939999999999999
304	17	2	125.12400000000005	45.00400000000004
304	18	2	125.05599999999998	84.97199999999994
304	19	2	124.828	124.97199999999997
304	20	2	125.148	165.03999999999996
304	21	2	164.99999999999994	5.000000000000002
304	22	2	164.99999999999994	45.00000000000002
304	23	2	164.36864406779657	84.7330508474576
304	24	2	164.86000000000004	125.01200000000001
304	25	2	165.33600000000004	165.10799999999998
304	26	1	184.72055888223554	17.263473053892234
304	27	1	157.25149700598814	146.7504990019961
304	28	1	36.60878243512974	19.830339321357286
304	29	1	185.8722554890219	49.0738522954092
304	30	1	83.17564870259476	145.8942115768462
304	31	1	6.114000000000002	75.086
304	32	1	13.771999999999995	59.10200000000005
304	33	1	89.21756487025955	60.60079840319362
304	34	1	190.2825651302605	90.59118236472939
304	35	1	93.02199999999996	190.25199999999984
304	36	1	23.415999999999993	174.39400000000015
304	37	1	23.390000000000008	41.83799999999996
304	38	1	32.39920159680639	68.2215568862276
304	39	1	141.336	151.83400000000003
304	40	1	197.524	29.514000000000006
304	41	1	21.29199999999998	20.94
304	42	1	177.8882235528941	80.5229540918164
304	43	1	23.72799999999999	100.13999999999994
304	44	1	44.730538922155645	107.95808383233533
304	45	1	18.690618762475065	192.10978043912166
305	1	2	5.115702479338843	5.400826446280992
305	2	2	5.110169491525425	45.39830508474574
305	3	2	5.251028806584367	86.4979423868313
305	4	2	5.036000000000001	124.94399999999997
305	5	2	4.9999999999999964	165.00000000000009
305	6	2	44.988	5.104000000000002
305	7	2	45.40400000000003	45.13199999999998
305	8	2	45.12295081967211	84.8770491803279
305	9	2	45.132	125.40399999999994
305	10	2	45.502008032128465	164.32931726907637
305	11	2	84.99999999999997	5.000000000000002
305	12	2	83.71600000000002	44.44800000000001
305	13	2	85.01200000000003	85.10400000000001
305	14	2	84.988	124.89599999999994
305	15	2	84.99999999999997	164.99999999999991
305	16	2	125.07199999999999	4.939999999999999
305	17	2	125.12400000000005	45.00400000000004
305	18	2	125.05599999999998	84.97199999999994
305	19	2	124.828	124.97199999999997
305	20	2	125.148	165.03999999999996
305	21	2	164.99999999999994	5.000000000000002
305	22	2	164.99999999999994	45.00000000000002
305	23	2	164.36864406779657	84.7330508474576
305	24	2	164.86000000000004	125.01200000000001
305	25	2	165.33600000000004	165.10799999999998
305	26	1	184.656	17.172
305	27	1	157.2135728542916	146.6427145708582
305	28	1	36.596000000000004	19.75399999999999
305	29	1	185.8682634730539	49.13972055888223
305	30	1	83.21357285429137	145.66467065868264
305	31	1	6.083832335329347	75.08782435129746
305	32	1	13.810000000000006	59.02600000000004
305	33	1	89.23107569721111	60.567729083665334
305	34	1	190.28857715430863	90.52505010020047
305	35	1	93.08000000000004	190.38600000000008
305	36	1	23.25199999999999	174.28600000000012
305	37	1	23.431137724550922	41.82834331337322
305	38	1	32.34999999999999	68.26199999999996
305	39	1	141.31999999999996	151.98999999999998
305	40	1	197.44710578842316	29.522954091816352
305	41	1	21.276892430278874	20.986055776892428
305	42	1	177.81199999999998	80.50400000000015
305	43	1	23.788423153692598	100.13972055888225
305	44	1	44.79241516966064	107.90618762475043
305	45	1	18.676646706586812	192.23552894211565
306	1	2	5.115702479338843	5.400826446280992
306	2	2	5.110169491525425	45.39830508474574
306	3	2	5.251028806584367	86.4979423868313
306	4	2	5.036000000000001	124.94399999999997
306	5	2	4.9999999999999964	165.00000000000009
306	6	2	44.988	5.104000000000002
306	7	2	45.40400000000003	45.13199999999998
306	8	2	45.12295081967211	84.8770491803279
306	9	2	45.132	125.40399999999994
306	10	2	45.502008032128465	164.32931726907637
306	11	2	84.99999999999997	5.000000000000002
306	12	2	83.71600000000002	44.44800000000001
306	13	2	85.01200000000003	85.10400000000001
306	14	2	84.988	124.89599999999994
306	15	2	84.99999999999997	164.99999999999991
306	16	2	125.07199999999999	4.939999999999999
306	17	2	125.12400000000005	45.00400000000004
306	18	2	125.05599999999998	84.97199999999994
306	19	2	124.828	124.97199999999997
306	20	2	125.148	165.03999999999996
306	21	2	164.99999999999994	5.000000000000002
306	22	2	164.99999999999994	45.00000000000002
306	23	2	164.36864406779657	84.7330508474576
306	24	2	164.86000000000004	125.01200000000001
306	25	2	165.33600000000004	165.10799999999998
306	26	1	184.70399999999998	17.108
306	27	1	157.05799999999994	146.61600000000004
306	28	1	36.517999999999994	19.658000000000005
306	29	1	185.88423153692625	49.13173652694609
306	30	1	83.23400000000005	145.61800000000002
306	31	1	5.988023952095814	74.99001996007985
306	32	1	13.886227544910184	58.97205588822356
306	33	1	89.14200000000001	60.50000000000002
306	34	1	190.242	90.42200000000004
306	35	1	93.03006012024042	190.3507014028057
306	36	1	23.298000000000027	174.27599999999998
306	37	1	23.457085828343306	41.80039920159679
306	38	1	32.34600000000001	68.30799999999996
306	39	1	141.28742514970062	152.19960079840334
306	40	1	197.41	29.48799999999999
306	41	1	21.258000000000013	21.036000000000012
306	42	1	177.79199999999992	80.50800000000001
306	43	1	23.838323353293397	100.1117764471058
306	44	1	44.79681274900402	107.9462151394422
306	45	1	18.585999999999995	192.23199999999994
307	1	2	5.115702479338843	5.400826446280992
307	2	2	5.110169491525425	45.39830508474574
307	3	2	5.251028806584367	86.4979423868313
307	4	2	5.036000000000001	124.94399999999997
307	5	2	4.9999999999999964	165.00000000000009
307	6	2	44.988	5.104000000000002
307	7	2	45.40400000000003	45.13199999999998
307	8	2	45.12295081967211	84.8770491803279
307	9	2	45.132	125.40399999999994
307	10	2	45.502008032128465	164.32931726907637
307	11	2	84.99999999999997	5.000000000000002
307	12	2	83.71600000000002	44.44800000000001
307	13	2	85.01200000000003	85.10400000000001
307	14	2	84.988	124.89599999999994
307	15	2	84.99999999999997	164.99999999999991
307	16	2	125.07199999999999	4.939999999999999
307	17	2	125.12400000000005	45.00400000000004
307	18	2	125.05599999999998	84.97199999999994
307	19	2	124.828	124.97199999999997
307	20	2	125.148	165.03999999999996
307	21	2	164.99999999999994	5.000000000000002
307	22	2	164.99999999999994	45.00000000000002
307	23	2	164.36864406779657	84.7330508474576
307	24	2	164.86000000000004	125.01200000000001
307	25	2	165.33600000000004	165.10799999999998
307	26	1	184.63	17.052000000000007
307	27	1	156.92600000000007	146.4920000000001
307	28	1	36.535070140280524	19.577154308617246
307	29	1	185.9339999999999	49.18399999999998
307	30	1	83.314	145.58799999999988
307	31	1	5.988000000000001	74.912
307	32	1	13.94211576846308	58.866267465069846
307	33	1	89.05999999999996	60.56
307	34	1	190.268	90.30799999999996
307	35	1	93.0579999999999	190.3360000000001
307	36	1	23.247011952191258	174.29482071713159
307	37	1	23.455999999999996	41.751999999999995
307	38	1	32.313373253493026	68.34131736526943
307	39	1	141.26052104208404	152.26252505010032
307	40	1	197.306	29.45799999999999
307	41	1	21.28799999999999	21.142000000000014
307	42	1	177.81075697211153	80.43426294820719
307	43	1	23.83632734530939	100.13373253493009
307	44	1	44.731999999999985	107.90000000000003
307	45	1	18.60279441117766	192.4391217564869
308	1	2	5.115702479338843	5.400826446280992
308	2	2	5.110169491525425	45.39830508474574
308	3	2	5.251028806584367	86.4979423868313
308	4	2	5.036000000000001	124.94399999999997
308	5	2	4.9999999999999964	165.00000000000009
308	6	2	44.988	5.104000000000002
308	7	2	45.40400000000003	45.13199999999998
308	8	2	45.12295081967211	84.8770491803279
308	9	2	45.132	125.40399999999994
308	10	2	45.502008032128465	164.32931726907637
308	11	2	84.99999999999997	5.000000000000002
308	12	2	83.71600000000002	44.44800000000001
308	13	2	85.01200000000003	85.10400000000001
308	14	2	84.988	124.89599999999994
308	15	2	84.99999999999997	164.99999999999991
308	16	2	125.07199999999999	4.939999999999999
308	17	2	125.12400000000005	45.00400000000004
308	18	2	125.05599999999998	84.97199999999994
308	19	2	124.828	124.97199999999997
308	20	2	125.148	165.03999999999996
308	21	2	164.99999999999994	5.000000000000002
308	22	2	164.99999999999994	45.00000000000002
308	23	2	164.36864406779657	84.7330508474576
308	24	2	164.86000000000004	125.01200000000001
308	25	2	165.33600000000004	165.10799999999998
308	26	1	184.62075848303394	16.996007984031905
308	27	1	156.8645418326692	146.3466135458167
308	28	1	36.59800000000003	19.59199999999998
308	29	1	185.92785571142295	49.18236472945893
308	30	1	83.38599999999991	145.454
308	31	1	6.015968063872248	74.91616766467055
308	32	1	13.944111776447112	58.77844311377244
308	33	1	89.03393213572856	60.546906187624764
308	34	1	190.25349301397205	90.3572854291417
308	35	1	93.12200000000003	190.41199999999998
308	36	1	23.049900199600792	174.3532934131737
308	37	1	23.52800000000003	41.733999999999945
308	38	1	32.251999999999995	68.31600000000003
308	39	1	141.174	152.44200000000004
308	40	1	197.21	29.503999999999984
308	41	1	21.26746506986029	21.157684630738515
308	42	1	177.81836327345323	80.30738522954093
308	43	1	23.676646706586816	100.19161676646704
308	44	1	44.90219560878243	107.8003992015968
308	45	1	18.53493013972057	192.4790419161678
309	1	2	5.115702479338843	5.400826446280992
309	2	2	5.110169491525425	45.39830508474574
309	3	2	5.251028806584367	86.4979423868313
309	4	2	5.036000000000001	124.94399999999997
309	5	2	4.9999999999999964	165.00000000000009
309	6	2	44.988	5.104000000000002
309	7	2	45.40400000000003	45.13199999999998
309	8	2	45.12295081967211	84.8770491803279
309	9	2	45.132	125.40399999999994
309	10	2	45.502008032128465	164.32931726907637
309	11	2	84.99999999999997	5.000000000000002
309	12	2	83.71600000000002	44.44800000000001
309	13	2	85.01200000000003	85.10400000000001
309	14	2	84.988	124.89599999999994
309	15	2	84.99999999999997	164.99999999999991
309	16	2	125.07199999999999	4.939999999999999
309	17	2	125.12400000000005	45.00400000000004
309	18	2	125.05599999999998	84.97199999999994
309	19	2	124.828	124.97199999999997
309	20	2	125.148	165.03999999999996
309	21	2	164.99999999999994	5.000000000000002
309	22	2	164.99999999999994	45.00000000000002
309	23	2	164.36864406779657	84.7330508474576
309	24	2	164.86000000000004	125.01200000000001
309	25	2	165.33600000000004	165.10799999999998
309	26	1	184.67729083665338	16.90039840637449
309	27	1	156.76599999999988	146.38199999999995
309	28	1	36.60199999999996	19.581999999999994
309	29	1	185.87400000000008	49.22
309	30	1	83.36199999999994	145.41000000000008
309	31	1	6.016000000000006	74.88999999999993
309	32	1	13.894	58.704000000000036
309	33	1	88.91217564870269	60.54291417165672
309	34	1	190.20958083832335	90.29141716566872
309	35	1	93.13799999999999	190.50799999999992
309	36	1	22.81	174.42000000000002
309	37	1	23.592814371257496	41.71856287425148
309	38	1	32.198	68.30399999999999
309	39	1	141.10159362549823	152.5916334661357
309	40	1	197.092	29.557999999999986
309	41	1	21.227544910179635	21.18562874251496
309	42	1	177.814371257485	80.26347305389224
309	43	1	23.584830339321343	100.16766467065868
309	44	1	44.88023952095811	107.79241516966073
309	45	1	18.704590818363272	192.56287425149705
310	1	2	5.115702479338843	5.400826446280992
310	2	2	5.110169491525425	45.39830508474574
310	3	2	5.251028806584367	86.4979423868313
310	4	2	5.036000000000001	124.94399999999997
310	5	2	4.9999999999999964	165.00000000000009
310	6	2	44.988	5.104000000000002
310	7	2	45.40400000000003	45.13199999999998
310	8	2	45.12295081967211	84.8770491803279
310	9	2	45.132	125.40399999999994
310	10	2	45.502008032128465	164.32931726907637
310	11	2	84.99999999999997	5.000000000000002
310	12	2	83.71600000000002	44.44800000000001
310	13	2	85.01200000000003	85.10400000000001
310	14	2	84.988	124.89599999999994
310	15	2	84.99999999999997	164.99999999999991
310	16	2	125.07199999999999	4.939999999999999
310	17	2	125.12400000000005	45.00400000000004
310	18	2	125.05599999999998	84.97199999999994
310	19	2	124.828	124.97199999999997
310	20	2	125.148	165.03999999999996
310	21	2	164.99999999999994	5.000000000000002
310	22	2	164.99999999999994	45.00000000000002
310	23	2	164.36864406779657	84.7330508474576
310	24	2	164.86000000000004	125.01200000000001
310	25	2	165.33600000000004	165.10799999999998
310	26	1	184.6792828685259	16.82669322709163
310	27	1	156.58800000000014	146.45399999999995
310	28	1	36.594	19.564
310	29	1	185.78243512974046	49.34331337325352
310	30	1	83.36	145.33200000000014
310	31	1	6.007984031936125	74.79840319361273
310	32	1	13.849999999999996	58.47999999999995
310	33	1	88.91816367265471	60.73253493013973
310	34	1	190.236	90.19799999999996
310	35	1	93.12825651302612	190.50501002004015
310	36	1	22.777999999999988	174.5339999999999
310	37	1	23.5688622754491	41.622754491017915
310	38	1	32.19322709163347	68.35258964143425
310	39	1	141.10358565737047	152.82868525896436
310	40	1	197.03006012024048	29.623246492985956
310	41	1	21.172000000000004	21.118
310	42	1	177.82834331337347	80.35728542914174
310	43	1	23.694610778443103	100.1017964071856
310	44	1	44.912	107.784
310	45	1	18.81836327345309	192.5968063872255
311	1	2	5.115702479338843	5.400826446280992
311	2	2	5.110169491525425	45.39830508474574
311	3	2	5.251028806584367	86.4979423868313
311	4	2	5.036000000000001	124.94399999999997
311	5	2	4.9999999999999964	165.00000000000009
311	6	2	44.988	5.104000000000002
311	7	2	45.40400000000003	45.13199999999998
311	8	2	45.12295081967211	84.8770491803279
311	9	2	45.132	125.40399999999994
311	10	2	45.502008032128465	164.32931726907637
311	11	2	84.99999999999997	5.000000000000002
311	12	2	83.71600000000002	44.44800000000001
311	13	2	85.01200000000003	85.10400000000001
311	14	2	84.988	124.89599999999994
311	15	2	84.99999999999997	164.99999999999991
311	16	2	125.07199999999999	4.939999999999999
311	17	2	125.12400000000005	45.00400000000004
311	18	2	125.05599999999998	84.97199999999994
311	19	2	124.828	124.97199999999997
311	20	2	125.148	165.03999999999996
311	21	2	164.99999999999994	5.000000000000002
311	22	2	164.99999999999994	45.00000000000002
311	23	2	164.36864406779657	84.7330508474576
311	24	2	164.86000000000004	125.01200000000001
311	25	2	165.33600000000004	165.10799999999998
311	26	1	184.61999999999998	16.804
311	27	1	156.54491017964077	146.54491017964088
311	28	1	36.53093812375252	19.52894211576846
311	29	1	185.84599999999998	49.38799999999998
311	30	1	83.362	145.24800000000005
311	31	1	6.090000000000003	74.87000000000002
311	32	1	13.870000000000013	58.46799999999995
311	33	1	88.9580838323354	60.75249500998009
311	34	1	190.21756487025948	90.14371257485035
311	35	1	93.15169660678637	190.55489021956097
311	36	1	22.853999999999996	174.51999999999973
311	37	1	23.48902195608785	41.60079840319358
311	38	1	32.156312625250514	68.30460921843687
311	39	1	141.11976047904193	153.02994011976034
311	40	1	196.936	29.607999999999993
311	41	1	21.199600798403196	21.133732534930154
311	42	1	177.85199999999992	80.46600000000007
311	43	1	23.584830339321336	100.11976047904194
311	44	1	44.90419161676647	107.70658682634729
311	45	1	18.890000000000004	192.53999999999996
312	1	2	5.115702479338843	5.400826446280992
312	2	2	5.110169491525425	45.39830508474574
312	3	2	5.251028806584367	86.4979423868313
312	4	2	5.036000000000001	124.94399999999997
312	5	2	4.9999999999999964	165.00000000000009
312	6	2	44.988	5.104000000000002
312	7	2	45.40400000000003	45.13199999999998
312	8	2	45.12295081967211	84.8770491803279
312	9	2	45.132	125.40399999999994
312	10	2	45.502008032128465	164.32931726907637
312	11	2	84.99999999999997	5.000000000000002
312	12	2	83.71600000000002	44.44800000000001
312	13	2	85.01200000000003	85.10400000000001
312	14	2	84.988	124.89599999999994
312	15	2	84.99999999999997	164.99999999999991
312	16	2	125.07199999999999	4.939999999999999
312	17	2	125.12400000000005	45.00400000000004
312	18	2	125.05599999999998	84.97199999999994
312	19	2	124.828	124.97199999999997
312	20	2	125.148	165.03999999999996
312	21	2	164.99999999999994	5.000000000000002
312	22	2	164.99999999999994	45.00000000000002
312	23	2	164.36864406779657	84.7330508474576
312	24	2	164.86000000000004	125.01200000000001
312	25	2	165.33600000000004	165.10799999999998
312	26	1	184.532	16.874
312	27	1	156.34599999999995	146.71800000000005
312	28	1	36.52799999999999	19.510000000000012
312	29	1	185.93013972055874	49.48902195608779
312	30	1	83.35728542914175	145.00399201596795
312	31	1	6.001996007984034	74.84031936127742
312	32	1	13.910000000000007	58.46400000000002
312	33	1	88.858	60.746
312	34	1	190.224	90.10999999999993
312	35	1	93.17999999999996	190.50599999999983
312	36	1	22.764471057884208	174.60878243512974
312	37	1	23.508982035928156	41.59680638722555
312	38	1	32.173999999999985	68.33000000000004
312	39	1	141.10999999999993	153.09200000000004
312	40	1	197.054	29.570000000000014
312	41	1	21.236472945891784	21.09619238476953
312	42	1	177.82470119521903	80.34860557768918
312	43	1	23.706586826347312	100.06586826347306
312	44	1	44.892215568862305	107.75249500998004
312	45	1	18.912175648702608	192.6167664670661
313	1	2	5.115702479338843	5.400826446280992
313	2	2	5.110169491525425	45.39830508474574
313	3	2	5.251028806584367	86.4979423868313
313	4	2	5.036000000000001	124.94399999999997
313	5	2	4.9999999999999964	165.00000000000009
313	6	2	44.988	5.104000000000002
313	7	2	45.40400000000003	45.13199999999998
313	8	2	45.12295081967211	84.8770491803279
313	9	2	45.132	125.40399999999994
313	10	2	45.502008032128465	164.32931726907637
313	11	2	84.99999999999997	5.000000000000002
313	12	2	83.71600000000002	44.44800000000001
313	13	2	85.01200000000003	85.10400000000001
313	14	2	84.988	124.89599999999994
313	15	2	84.99999999999997	164.99999999999991
313	16	2	125.07199999999999	4.939999999999999
313	17	2	125.12400000000005	45.00400000000004
313	18	2	125.05599999999998	84.97199999999994
313	19	2	124.828	124.97199999999997
313	20	2	125.148	165.03999999999996
313	21	2	164.99999999999994	5.000000000000002
313	22	2	164.99999999999994	45.00000000000002
313	23	2	164.36864406779657	84.7330508474576
313	24	2	164.86000000000004	125.01200000000001
313	25	2	165.33600000000004	165.10799999999998
313	26	1	184.48103792415168	16.880239520958074
313	27	1	156.3120000000001	146.76400000000012
313	28	1	36.50400000000001	19.448000000000015
313	29	1	185.97205588822362	49.55289421157685
313	30	1	83.4051896207584	144.84031936127752
313	31	1	6.003992015968072	74.82435129740513
313	32	1	13.996007984031948	58.45908183632734
313	33	1	88.85200000000003	60.63999999999998
313	34	1	190.226	90.09399999999991
313	35	1	93.16566866267465	190.53892215568868
313	36	1	22.727999999999998	174.69200000000012
313	37	1	23.534000000000006	41.620000000000026
313	38	1	32.23199999999999	68.36599999999993
313	39	1	141.08782435129754	153.30938123752497
313	40	1	197.126	29.568000000000005
313	41	1	21.15599999999999	21.092000000000013
313	42	1	177.83233532934128	80.3273453093813
313	43	1	23.734530938123747	100.07984031936117
313	44	1	44.74650698602793	107.76047904191613
313	45	1	19.011976047904177	192.65868263473064
314	1	2	5.115702479338843	5.400826446280992
314	2	2	5.110169491525425	45.39830508474574
314	3	2	5.251028806584367	86.4979423868313
314	4	2	5.036000000000001	124.94399999999997
314	5	2	4.9999999999999964	165.00000000000009
314	6	2	44.988	5.104000000000002
314	7	2	45.40400000000003	45.13199999999998
314	8	2	45.12295081967211	84.8770491803279
314	9	2	45.132	125.40399999999994
314	10	2	45.502008032128465	164.32931726907637
314	11	2	84.99999999999997	5.000000000000002
314	12	2	83.71600000000002	44.44800000000001
314	13	2	85.01200000000003	85.10400000000001
314	14	2	84.988	124.89599999999994
314	15	2	84.99999999999997	164.99999999999991
314	16	2	125.07199999999999	4.939999999999999
314	17	2	125.12400000000005	45.00400000000004
314	18	2	125.05599999999998	84.97199999999994
314	19	2	124.828	124.97199999999997
314	20	2	125.148	165.03999999999996
314	21	2	164.99999999999994	5.000000000000002
314	22	2	164.99999999999994	45.00000000000002
314	23	2	164.36864406779657	84.7330508474576
314	24	2	164.86000000000004	125.01200000000001
314	25	2	165.33600000000004	165.10799999999998
314	26	1	184.39720558882235	16.850299401197624
314	27	1	156.24351297405192	146.7465069860281
314	28	1	36.440881763527074	19.31062124248497
314	29	1	185.9800399201599	49.54890219560878
314	30	1	83.366	144.78600000000014
314	31	1	6.012000000000004	74.74399999999999
314	32	1	14.070000000000007	58.374
314	33	1	88.84599999999995	60.588000000000015
314	34	1	190.174	89.98400000000008
314	35	1	93.11599999999994	190.56399999999996
314	36	1	22.67065868263473	174.75848303393204
314	37	1	23.550000000000004	41.61400000000005
314	38	1	32.21400000000002	68.37599999999992
314	39	1	141.05588822355264	153.52894211576836
314	40	1	197.1	29.558
314	41	1	21.212	21.193999999999996
314	42	1	177.85229540918166	80.29540918163678
314	43	1	23.730538922155677	100.13572854291415
314	44	1	44.71257485029936	107.80838323353294
314	45	1	18.940119760479057	192.8283433133733
315	1	2	5.115702479338843	5.400826446280992
315	2	2	5.110169491525425	45.39830508474574
315	3	2	5.251028806584367	86.4979423868313
315	4	2	5.036000000000001	124.94399999999997
315	5	2	4.9999999999999964	165.00000000000009
315	6	2	44.988	5.104000000000002
315	7	2	45.40400000000003	45.13199999999998
315	8	2	45.12295081967211	84.8770491803279
315	9	2	45.132	125.40399999999994
315	10	2	45.502008032128465	164.32931726907637
315	11	2	84.99999999999997	5.000000000000002
315	12	2	83.71600000000002	44.44800000000001
315	13	2	85.01200000000003	85.10400000000001
315	14	2	84.988	124.89599999999994
315	15	2	84.99999999999997	164.99999999999991
315	16	2	125.07199999999999	4.939999999999999
315	17	2	125.12400000000005	45.00400000000004
315	18	2	125.05599999999998	84.97199999999994
315	19	2	124.828	124.97199999999997
315	20	2	125.148	165.03999999999996
315	21	2	164.99999999999994	5.000000000000002
315	22	2	164.99999999999994	45.00000000000002
315	23	2	164.36864406779657	84.7330508474576
315	24	2	164.86000000000004	125.01200000000001
315	25	2	165.33600000000004	165.10799999999998
315	26	1	184.33200000000002	16.847999999999992
315	27	1	156.14599999999996	146.93599999999998
315	28	1	36.43426294820718	19.219123505976086
315	29	1	186.0280000000003	49.67999999999997
315	30	1	83.58600000000004	144.69999999999996
315	31	1	6.054108216432865	74.7775551102204
315	32	1	14.062000000000003	58.33999999999997
315	33	1	88.91616766467061	60.52495009980041
315	34	1	190.14	89.97600000000006
315	35	1	93.04800000000007	190.56400000000002
315	36	1	22.722554890219573	174.79241516966061
315	37	1	23.59481037924151	41.58483033932137
315	38	1	32.164	68.46000000000011
315	39	1	141.0139720558882	153.67265469061877
315	40	1	197.046	29.576
315	41	1	21.210420841683323	21.284569138276527
315	42	1	177.8440000000001	80.31800000000005
315	43	1	23.624750499001994	100.17764471057885
315	44	1	44.65269461077849	107.77045908183631
315	45	1	18.93000000000002	192.92600000000004
316	1	2	5.115702479338843	5.400826446280992
316	2	2	5.110169491525425	45.39830508474574
316	3	2	5.251028806584367	86.4979423868313
316	4	2	5.036000000000001	124.94399999999997
316	5	2	4.9999999999999964	165.00000000000009
316	6	2	44.988	5.104000000000002
316	7	2	45.40400000000003	45.13199999999998
316	8	2	45.12295081967211	84.8770491803279
316	9	2	45.132	125.40399999999994
316	10	2	45.502008032128465	164.32931726907637
316	11	2	84.99999999999997	5.000000000000002
316	12	2	83.71600000000002	44.44800000000001
316	13	2	85.01200000000003	85.10400000000001
316	14	2	84.988	124.89599999999994
316	15	2	84.99999999999997	164.99999999999991
316	16	2	125.07199999999999	4.939999999999999
316	17	2	125.12400000000005	45.00400000000004
316	18	2	125.05599999999998	84.97199999999994
316	19	2	124.828	124.97199999999997
316	20	2	125.148	165.03999999999996
316	21	2	164.99999999999994	5.000000000000002
316	22	2	164.99999999999994	45.00000000000002
316	23	2	164.36864406779657	84.7330508474576
316	24	2	164.86000000000004	125.01200000000001
316	25	2	165.33600000000004	165.10799999999998
316	26	1	184.27600000000004	16.840000000000035
316	27	1	156.03193612774433	147.11776447105805
316	28	1	36.475049900199586	19.29940119760477
316	29	1	185.9520958083833	49.6826347305389
316	30	1	83.64071856287418	144.58283433133735
316	31	1	6.159680638722553	74.85229540918162
316	32	1	14.079840319361292	58.321357285429144
316	33	1	88.96207584830329	60.52295409181636
316	34	1	190.182	89.87000000000006
316	35	1	93.206	190.61399999999995
316	36	1	22.666000000000015	174.82999999999979
316	37	1	23.631999999999994	41.62999999999999
316	38	1	32.17799999999997	68.47599999999998
316	39	1	140.99800399201587	153.7465069860279
316	40	1	197.062	29.63599999999999
316	41	1	21.117764471057882	21.307385229540934
316	42	1	177.8440000000001	80.39400000000003
316	43	1	23.539840637450173	100.29083665338645
316	44	1	44.488	107.73999999999995
316	45	1	18.97	192.98999999999995
317	1	2	5.115702479338843	5.400826446280992
317	2	2	5.110169491525425	45.39830508474574
317	3	2	5.251028806584367	86.4979423868313
317	4	2	5.036000000000001	124.94399999999997
317	5	2	4.9999999999999964	165.00000000000009
317	6	2	44.988	5.104000000000002
317	7	2	45.40400000000003	45.13199999999998
317	8	2	45.12295081967211	84.8770491803279
317	9	2	45.132	125.40399999999994
317	10	2	45.502008032128465	164.32931726907637
317	11	2	84.99999999999997	5.000000000000002
317	12	2	83.71600000000002	44.44800000000001
317	13	2	85.01200000000003	85.10400000000001
317	14	2	84.988	124.89599999999994
317	15	2	84.99999999999997	164.99999999999991
317	16	2	125.07199999999999	4.939999999999999
317	17	2	125.12400000000005	45.00400000000004
317	18	2	125.05599999999998	84.97199999999994
317	19	2	124.828	124.97199999999997
317	20	2	125.148	165.03999999999996
317	21	2	164.99999999999994	5.000000000000002
317	22	2	164.99999999999994	45.00000000000002
317	23	2	164.36864406779657	84.7330508474576
317	24	2	164.86000000000004	125.01200000000001
317	25	2	165.33600000000004	165.10799999999998
317	26	1	184.22554890219567	16.784431137724567
317	27	1	155.92415169660688	147.2335329341316
317	28	1	36.45290581162329	19.24649298597195
317	29	1	185.91616766467075	49.72854291417167
317	30	1	83.73652694610779	144.41716566866282
317	31	1	6.20600000000001	74.78999999999994
317	32	1	14.079840319361292	58.21157684630737
317	33	1	88.99000000000008	60.48800000000002
317	34	1	190.232	89.77600000000004
317	35	1	93.26746506986031	190.63872255489017
317	36	1	22.523999999999972	174.90200000000004
317	37	1	23.67465069860279	41.48902195608781
317	38	1	32.13972055888225	68.43712574850304
317	39	1	140.92614770459076	153.87225548902197
317	40	1	196.922	29.73599999999998
317	41	1	21.000000000000004	21.291999999999994
317	42	1	177.8519999999998	80.43399999999998
317	43	1	23.514	100.27599999999994
317	44	1	44.45309381237529	107.69461077844312
317	45	1	18.95009980039921	193.05389221556885
318	1	2	5.115702479338843	5.400826446280992
318	2	2	5.110169491525425	45.39830508474574
318	3	2	5.251028806584367	86.4979423868313
318	4	2	5.036000000000001	124.94399999999997
318	5	2	4.9999999999999964	165.00000000000009
318	6	2	44.988	5.104000000000002
318	7	2	45.40400000000003	45.13199999999998
318	8	2	45.12295081967211	84.8770491803279
318	9	2	45.132	125.40399999999994
318	10	2	45.502008032128465	164.32931726907637
318	11	2	84.99999999999997	5.000000000000002
318	12	2	83.71600000000002	44.44800000000001
318	13	2	85.01200000000003	85.10400000000001
318	14	2	84.988	124.89599999999994
318	15	2	84.99999999999997	164.99999999999991
318	16	2	125.07199999999999	4.939999999999999
318	17	2	125.12400000000005	45.00400000000004
318	18	2	125.05599999999998	84.97199999999994
318	19	2	124.828	124.97199999999997
318	20	2	125.148	165.03999999999996
318	21	2	164.99999999999994	5.000000000000002
318	22	2	164.99999999999994	45.00000000000002
318	23	2	164.36864406779657	84.7330508474576
318	24	2	164.86000000000004	125.01200000000001
318	25	2	165.33600000000004	165.10799999999998
318	26	1	184.16167664670675	16.75848303393212
318	27	1	155.8463073852295	147.33932135728543
318	28	1	36.480000000000025	19.268000000000008
318	29	1	185.8982035928144	49.74850299401195
318	30	1	83.8286852589641	144.199203187251
318	31	1	6.255489021956092	74.76247504990017
318	32	1	14.097804391217563	58.19161676646709
318	33	1	89.01399999999995	60.518
318	34	1	190.262	89.69199999999995
318	35	1	93.23399999999995	190.69200000000004
318	36	1	22.602794411177648	174.9520958083832
318	37	1	23.69660678642716	41.443113772455064
318	38	1	32.144	68.40399999999993
318	39	1	140.90599999999992	153.87199999999996
318	40	1	196.838	29.756
318	41	1	20.934131736526968	21.30538922155688
318	42	1	177.81800000000007	80.40599999999995
318	43	1	23.534000000000013	100.23399999999995
318	44	1	44.4051896207585	107.73453093812373
318	45	1	18.91417165668663	193.20558882235534
319	1	2	5.115702479338843	5.400826446280992
319	2	2	5.110169491525425	45.39830508474574
319	3	2	5.251028806584367	86.4979423868313
319	4	2	5.036000000000001	124.94399999999997
319	5	2	4.9999999999999964	165.00000000000009
319	6	2	44.988	5.104000000000002
319	7	2	45.40400000000003	45.13199999999998
319	8	2	45.12295081967211	84.8770491803279
319	9	2	45.132	125.40399999999994
319	10	2	45.502008032128465	164.32931726907637
319	11	2	84.99999999999997	5.000000000000002
319	12	2	83.71600000000002	44.44800000000001
319	13	2	85.01200000000003	85.10400000000001
319	14	2	84.988	124.89599999999994
319	15	2	84.99999999999997	164.99999999999991
319	16	2	125.07199999999999	4.939999999999999
319	17	2	125.12400000000005	45.00400000000004
319	18	2	125.05599999999998	84.97199999999994
319	19	2	124.828	124.97199999999997
319	20	2	125.148	165.03999999999996
319	21	2	164.99999999999994	5.000000000000002
319	22	2	164.99999999999994	45.00000000000002
319	23	2	164.36864406779657	84.7330508474576
319	24	2	164.86000000000004	125.01200000000001
319	25	2	165.33600000000004	165.10799999999998
319	26	1	184.05988023952108	16.790419161676642
319	27	1	155.76599999999996	147.39000000000004
319	28	1	36.434	19.23400000000001
319	29	1	185.92400000000012	49.802000000000014
319	30	1	83.75799999999995	143.9000000000001
319	31	1	6.35800000000001	74.78599999999994
319	32	1	14.056112224448894	58.076152304609224
319	33	1	89.08000000000006	60.45799999999999
319	34	1	190.312	89.60999999999999
319	35	1	93.30999999999996	190.686
319	36	1	22.588000000000005	175.06200000000004
319	37	1	23.78243512974052	41.45309381237526
319	38	1	32.005988023952106	68.45309381237527
319	39	1	140.89421157684643	153.84630738522966
319	40	1	196.77154308617233	29.757515030060134
319	41	1	20.902	21.36800000000001
319	42	1	177.82834331337338	80.40319361277449
319	43	1	23.45199999999998	100.33799999999998
319	44	1	44.39999999999998	107.76000000000008
319	45	1	18.994011976047897	193.27145708582833
320	1	2	5.115702479338843	5.400826446280992
320	2	2	5.110169491525425	45.39830508474574
320	3	2	5.251028806584367	86.4979423868313
320	4	2	5.036000000000001	124.94399999999997
320	5	2	4.9999999999999964	165.00000000000009
320	6	2	44.988	5.104000000000002
320	7	2	45.40400000000003	45.13199999999998
320	8	2	45.12295081967211	84.8770491803279
320	9	2	45.132	125.40399999999994
320	10	2	45.502008032128465	164.32931726907637
320	11	2	84.99999999999997	5.000000000000002
320	12	2	83.71600000000002	44.44800000000001
320	13	2	85.01200000000003	85.10400000000001
320	14	2	84.988	124.89599999999994
320	15	2	84.99999999999997	164.99999999999991
320	16	2	125.07199999999999	4.939999999999999
320	17	2	125.12400000000005	45.00400000000004
320	18	2	125.05599999999998	84.97199999999994
320	19	2	124.828	124.97199999999997
320	20	2	125.148	165.03999999999996
320	21	2	164.99999999999994	5.000000000000002
320	22	2	164.99999999999994	45.00000000000002
320	23	2	164.36864406779657	84.7330508474576
320	24	2	164.86000000000004	125.01200000000001
320	25	2	165.33600000000004	165.10799999999998
320	26	1	183.95200000000008	16.747999999999983
320	27	1	155.65600000000003	147.2879999999999
320	28	1	36.38399999999998	19.150000000000023
320	29	1	185.90781563126234	49.90180360721441
320	30	1	83.8179999999999	143.78400000000022
320	31	1	6.471057884231539	74.81636726546898
320	32	1	14.087824351297401	57.99401197604791
320	33	1	89.20800000000007	60.48599999999999
320	34	1	190.34400000000002	89.5640000000001
320	35	1	93.35199999999995	190.7860000000001
320	36	1	22.453093812375247	175.15169660678637
320	37	1	23.94000000000002	41.45000000000002
320	38	1	31.86172344689378	68.58517034068142
320	39	1	140.78200000000007	154.05800000000005
320	40	1	196.63672654690617	29.810379241516983
320	41	1	20.792828685258954	21.428286852589668
320	42	1	177.8336673346693	80.48296593186383
320	43	1	23.415169660678647	100.36726546906188
320	44	1	44.39199999999999	107.73800000000011
320	45	1	19.061876247504987	193.32135728542912
321	1	2	5.115702479338843	5.400826446280992
321	2	2	5.110169491525425	45.39830508474574
321	3	2	5.251028806584367	86.4979423868313
321	4	2	5.036000000000001	124.94399999999997
321	5	2	4.9999999999999964	165.00000000000009
321	6	2	44.988	5.104000000000002
321	7	2	45.40400000000003	45.13199999999998
321	8	2	45.12295081967211	84.8770491803279
321	9	2	45.132	125.40399999999994
321	10	2	45.502008032128465	164.32931726907637
321	11	2	84.99999999999997	5.000000000000002
321	12	2	83.71600000000002	44.44800000000001
321	13	2	85.01200000000003	85.10400000000001
321	14	2	84.988	124.89599999999994
321	15	2	84.99999999999997	164.99999999999991
321	16	2	125.07199999999999	4.939999999999999
321	17	2	125.12400000000005	45.00400000000004
321	18	2	125.05599999999998	84.97199999999994
321	19	2	124.828	124.97199999999997
321	20	2	125.148	165.03999999999996
321	21	2	164.99999999999994	5.000000000000002
321	22	2	164.99999999999994	45.00000000000002
321	23	2	164.36864406779657	84.7330508474576
321	24	2	164.86000000000004	125.01200000000001
321	25	2	165.33600000000004	165.10799999999998
321	26	1	183.87800000000004	16.669999999999998
321	27	1	155.66533864541836	147.38446215139442
321	28	1	36.34399999999996	19.122000000000003
321	29	1	185.85999999999993	49.86199999999996
321	30	1	83.81636726546905	143.79441117764466
321	31	1	6.554000000000006	74.82800000000003
321	32	1	14.072000000000006	57.95800000000003
321	33	1	89.244	60.45200000000001
321	34	1	190.356	89.49200000000006
321	35	1	93.35199999999995	190.7860000000001
321	36	1	22.423999999999992	175.20199999999997
321	37	1	24.02195608782434	41.43113772455089
321	38	1	31.76447105788423	68.64471057884222
321	39	1	140.80599999999987	154.22200000000018
321	40	1	196.70858283433134	29.84031936127746
321	41	1	20.68400000000001	21.37199999999999
321	42	1	177.8522954091814	80.49500998003998
321	43	1	23.38922155688625	100.4091816367266
321	44	1	44.37799999999999	107.69199999999994
321	45	1	19.070000000000014	193.38399999999993
322	1	2	5.115702479338843	5.400826446280992
322	2	2	5.110169491525425	45.39830508474574
322	3	2	5.251028806584367	86.4979423868313
322	4	2	5.036000000000001	124.94399999999997
322	5	2	4.9999999999999964	165.00000000000009
322	6	2	44.988	5.104000000000002
322	7	2	45.40400000000003	45.13199999999998
322	8	2	45.12295081967211	84.8770491803279
322	9	2	45.132	125.40399999999994
322	10	2	45.502008032128465	164.32931726907637
322	11	2	84.99999999999997	5.000000000000002
322	12	2	83.71600000000002	44.44800000000001
322	13	2	85.01200000000003	85.10400000000001
322	14	2	84.988	124.89599999999994
322	15	2	84.99999999999997	164.99999999999991
322	16	2	125.07199999999999	4.939999999999999
322	17	2	125.12400000000005	45.00400000000004
322	18	2	125.05599999999998	84.97199999999994
322	19	2	124.828	124.97199999999997
322	20	2	125.148	165.03999999999996
322	21	2	164.99999999999994	5.000000000000002
322	22	2	164.99999999999994	45.00000000000002
322	23	2	164.36864406779657	84.7330508474576
322	24	2	164.86000000000004	125.01200000000001
322	25	2	165.33600000000004	165.10799999999998
322	26	1	183.76399999999995	16.709999999999987
322	27	1	155.68862275449086	147.4690618762474
322	28	1	36.33066132264533	19.06012024048096
322	29	1	185.8702594810379	49.89421157684629
322	30	1	83.84431137724557	143.6626746506985
322	31	1	6.698602794411182	74.87624750499
322	32	1	14.112	57.868000000000016
322	33	1	89.26147704590815	60.42914171656692
322	34	1	190.388	89.47399999999996
322	35	1	93.3313373253493	190.77245508982023
322	36	1	22.243999999999996	175.40200000000016
322	37	1	24.035928143712596	41.40319361277444
322	38	1	31.720558882235533	68.63073852295405
322	39	1	140.8363273453094	154.36327345309377
322	40	1	196.69660678642714	29.830339321357283
322	41	1	20.688000000000006	21.390000000000022
322	42	1	177.85800000000003	80.49399999999993
322	43	1	23.45799999999999	100.4180000000001
322	44	1	44.339321357285414	107.68463073852298
322	45	1	19.23552894211577	193.4231536926148
323	1	2	5.115702479338843	5.400826446280992
323	2	2	5.110169491525425	45.39830508474574
323	3	2	5.251028806584367	86.4979423868313
323	4	2	5.036000000000001	124.94399999999997
323	5	2	4.9999999999999964	165.00000000000009
323	6	2	44.988	5.104000000000002
323	7	2	45.40400000000003	45.13199999999998
323	8	2	45.12295081967211	84.8770491803279
323	9	2	45.132	125.40399999999994
323	10	2	45.502008032128465	164.32931726907637
323	11	2	84.99999999999997	5.000000000000002
323	12	2	83.71600000000002	44.44800000000001
323	13	2	85.01200000000003	85.10400000000001
323	14	2	84.988	124.89599999999994
323	15	2	84.99999999999997	164.99999999999991
323	16	2	125.07199999999999	4.939999999999999
323	17	2	125.12400000000005	45.00400000000004
323	18	2	125.05599999999998	84.97199999999994
323	19	2	124.828	124.97199999999997
323	20	2	125.148	165.03999999999996
323	21	2	164.99999999999994	5.000000000000002
323	22	2	164.99999999999994	45.00000000000002
323	23	2	164.36864406779657	84.7330508474576
323	24	2	164.86000000000004	125.01200000000001
323	25	2	165.33600000000004	165.10799999999998
323	26	1	183.62674650698614	16.59680638722556
323	27	1	155.7145708582832	147.48103792415182
323	28	1	36.291417165668655	19.023952095808376
323	29	1	185.87999999999997	49.88799999999998
323	30	1	83.99799999999998	143.426
323	31	1	6.714570858283427	74.91217564870261
323	32	1	14.137724550898202	57.86427145708582
323	33	1	89.4019999999999	60.471999999999994
323	34	1	190.37125748502996	89.44510978043918
323	35	1	93.36726546906183	190.77245508982045
323	36	1	22.28742514970057	175.50299401197606
323	37	1	24.115999999999996	41.429999999999986
323	38	1	31.702	68.61399999999995
323	39	1	140.85000000000005	154.37799999999993
323	40	1	196.748	29.82400000000001
323	41	1	20.54509018036074	21.45490981963929
323	42	1	177.82399999999993	80.37999999999997
323	43	1	23.488000000000014	100.41600000000001
323	44	1	44.35728542914166	107.65269461077852
323	45	1	19.203592814371262	193.57485029940125
324	1	2	5.115702479338843	5.400826446280992
324	2	2	5.110169491525425	45.39830508474574
324	3	2	5.251028806584367	86.4979423868313
324	4	2	5.036000000000001	124.94399999999997
324	5	2	4.9999999999999964	165.00000000000009
324	6	2	44.988	5.104000000000002
324	7	2	45.40400000000003	45.13199999999998
324	8	2	45.12295081967211	84.8770491803279
324	9	2	45.132	125.40399999999994
324	10	2	45.502008032128465	164.32931726907637
324	11	2	84.99999999999997	5.000000000000002
324	12	2	83.71600000000002	44.44800000000001
324	13	2	85.01200000000003	85.10400000000001
324	14	2	84.988	124.89599999999994
324	15	2	84.99999999999997	164.99999999999991
324	16	2	125.07199999999999	4.939999999999999
324	17	2	125.12400000000005	45.00400000000004
324	18	2	125.05599999999998	84.97199999999994
324	19	2	124.828	124.97199999999997
324	20	2	125.148	165.03999999999996
324	21	2	164.99999999999994	5.000000000000002
324	22	2	164.99999999999994	45.00000000000002
324	23	2	164.36864406779657	84.7330508474576
324	24	2	164.86000000000004	125.01200000000001
324	25	2	165.33600000000004	165.10799999999998
324	26	1	183.60279441117768	16.556886227544922
324	27	1	155.72800000000004	147.50599999999997
324	28	1	36.24550898203592	18.97205588822357
324	29	1	185.89999999999986	49.92999999999999
324	30	1	84.07799999999992	143.26200000000017
324	31	1	6.8539999999999885	74.97000000000003
324	32	1	14.107999999999992	57.85399999999998
324	33	1	89.45600000000003	60.47399999999999
324	34	1	190.382	89.34399999999998
324	35	1	93.40799999999997	190.79599999999996
324	36	1	22.221999999999984	175.60599999999994
324	37	1	24.173652694610773	41.44710578842317
324	38	1	31.688	68.544
324	39	1	140.82634730538928	154.51097804391225
324	40	1	196.70682730923696	29.887550200803194
324	41	1	20.378	21.468
324	42	1	177.8223552894212	80.29141716566868
324	43	1	23.488000000000007	100.42999999999996
324	44	1	44.30938123752494	107.62674650698597
324	45	1	19.205588822355256	193.67465069860273
325	1	2	5.115702479338843	5.400826446280992
325	2	2	5.110169491525425	45.39830508474574
325	3	2	5.251028806584367	86.4979423868313
325	4	2	5.036000000000001	124.94399999999997
325	5	2	4.9999999999999964	165.00000000000009
325	6	2	44.988	5.104000000000002
325	7	2	45.40400000000003	45.13199999999998
325	8	2	45.12295081967211	84.8770491803279
325	9	2	45.132	125.40399999999994
325	10	2	45.502008032128465	164.32931726907637
325	11	2	84.99999999999997	5.000000000000002
325	12	2	83.71600000000002	44.44800000000001
325	13	2	85.01200000000003	85.10400000000001
325	14	2	84.988	124.89599999999994
325	15	2	84.99999999999997	164.99999999999991
325	16	2	125.07199999999999	4.939999999999999
325	17	2	125.12400000000005	45.00400000000004
325	18	2	125.05599999999998	84.97199999999994
325	19	2	124.828	124.97199999999997
325	20	2	125.148	165.03999999999996
325	21	2	164.99999999999994	5.000000000000002
325	22	2	164.99999999999994	45.00000000000002
325	23	2	164.36864406779657	84.7330508474576
325	24	2	164.86000000000004	125.01200000000001
325	25	2	165.33600000000004	165.10799999999998
325	26	1	183.52999999999983	16.538
325	27	1	155.65668662674653	147.56287425149694
325	28	1	36.26147704590815	18.998003992015956
325	29	1	185.8599999999999	49.97999999999998
325	30	1	84.294	143.08399999999983
325	31	1	6.966067864271461	74.99800399201594
325	32	1	14.170000000000002	57.77600000000003
325	33	1	89.43712574850291	60.47904191616766
325	34	1	190.41199999999998	89.21600000000001
325	35	1	93.50299401197606	190.84431137724545
325	36	1	22.161999999999992	175.654
325	37	1	24.15799999999998	41.37200000000001
325	38	1	31.566866267465088	68.68263473053881
325	39	1	140.78243512974052	154.5708582834331
325	40	1	196.664	29.909999999999975
325	41	1	20.349301397205583	21.415169660678643
325	42	1	177.82599999999996	80.33999999999997
325	43	1	23.5069860279441	100.49301397205586
325	44	1	44.26746506986026	107.61077844311376
325	45	1	19.17165668662675	193.6447105788425
326	1	2	5.115702479338843	5.400826446280992
326	2	2	5.110169491525425	45.39830508474574
326	3	2	5.251028806584367	86.4979423868313
326	4	2	5.036000000000001	124.94399999999997
326	5	2	4.9999999999999964	165.00000000000009
326	6	2	44.988	5.104000000000002
326	7	2	45.40400000000003	45.13199999999998
326	8	2	45.12295081967211	84.8770491803279
326	9	2	45.132	125.40399999999994
326	10	2	45.502008032128465	164.32931726907637
326	11	2	84.99999999999997	5.000000000000002
326	12	2	83.71600000000002	44.44800000000001
326	13	2	85.01200000000003	85.10400000000001
326	14	2	84.988	124.89599999999994
326	15	2	84.99999999999997	164.99999999999991
326	16	2	125.07199999999999	4.939999999999999
326	17	2	125.12400000000005	45.00400000000004
326	18	2	125.05599999999998	84.97199999999994
326	19	2	124.828	124.97199999999997
326	20	2	125.148	165.03999999999996
326	21	2	164.99999999999994	5.000000000000002
326	22	2	164.99999999999994	45.00000000000002
326	23	2	164.36864406779657	84.7330508474576
326	24	2	164.86000000000004	125.01200000000001
326	25	2	165.33600000000004	165.10799999999998
326	26	1	183.4920000000001	16.485999999999997
326	27	1	155.57485029940113	147.6107784431138
326	28	1	36.230000000000004	18.906000000000013
326	29	1	185.87250996015933	50.055776892430295
326	30	1	84.38922155688624	143
326	31	1	6.987999999999994	74.98399999999995
326	32	1	14.180360721442877	57.68737474949898
326	33	1	89.27999999999993	60.47000000000001
326	34	1	190.466	89.27599999999994
326	35	1	93.59081836327339	190.9061876247503
326	36	1	22.114000000000004	175.70800000000006
326	37	1	24.215568862275454	41.38323353293417
326	38	1	31.405189620758485	68.78842315369278
326	39	1	140.79041916167662	154.6047904191617
326	40	1	196.6307385229541	29.938123752495013
326	41	1	20.25800000000002	21.398000000000003
326	42	1	177.8139999999999	80.43799999999995
326	43	1	23.520000000000028	100.58799999999998
326	44	1	44.29199999999999	107.59199999999996
326	45	1	19.162000000000013	193.6880000000002
327	1	2	5.115702479338843	5.400826446280992
327	2	2	5.110169491525425	45.39830508474574
327	3	2	5.251028806584367	86.4979423868313
327	4	2	5.036000000000001	124.94399999999997
327	5	2	4.9999999999999964	165.00000000000009
327	6	2	44.988	5.104000000000002
327	7	2	45.40400000000003	45.13199999999998
327	8	2	45.12295081967211	84.8770491803279
327	9	2	45.132	125.40399999999994
327	10	2	45.502008032128465	164.32931726907637
327	11	2	84.99999999999997	5.000000000000002
327	12	2	83.71600000000002	44.44800000000001
327	13	2	85.01200000000003	85.10400000000001
327	14	2	84.988	124.89599999999994
327	15	2	84.99999999999997	164.99999999999991
327	16	2	125.07199999999999	4.939999999999999
327	17	2	125.12400000000005	45.00400000000004
327	18	2	125.05599999999998	84.97199999999994
327	19	2	124.828	124.97199999999997
327	20	2	125.148	165.03999999999996
327	21	2	164.99999999999994	5.000000000000002
327	22	2	164.99999999999994	45.00000000000002
327	23	2	164.36864406779657	84.7330508474576
327	24	2	164.86000000000004	125.01200000000001
327	25	2	165.33600000000004	165.10799999999998
327	26	1	183.35129740518954	16.44710578842317
327	27	1	155.50199999999992	147.64000000000001
327	28	1	36.26000000000001	18.906000000000013
327	29	1	185.87999999999997	50.132000000000026
327	30	1	84.55999999999999	142.83800000000002
327	31	1	7.096000000000001	75.01599999999996
327	32	1	14.197604790419165	57.6187624750499
327	33	1	89.45400000000002	60.51200000000004
327	34	1	190.43	89.18399999999998
327	35	1	93.57200000000002	190.876
327	36	1	22.081836327345297	175.72854291417173
327	37	1	24.30278884462155	41.36653386454186
327	38	1	31.35258964143426	68.92828685258964
327	39	1	140.86200000000022	154.78200000000012
327	40	1	196.54709418837675	29.92184368737474
327	41	1	20.099800399201595	21.465069860279463
327	42	1	177.78999999999985	80.44800000000002
327	43	1	23.45400000000002	100.59799999999994
327	44	1	44.25298804780882	107.58964143426297
327	45	1	19.16966067864272	193.87025948103786
328	1	2	5.115702479338843	5.400826446280992
328	2	2	5.110169491525425	45.39830508474574
328	3	2	5.251028806584367	86.4979423868313
328	4	2	5.036000000000001	124.94399999999997
328	5	2	4.9999999999999964	165.00000000000009
328	6	2	44.988	5.104000000000002
328	7	2	45.40400000000003	45.13199999999998
328	8	2	45.12295081967211	84.8770491803279
328	9	2	45.132	125.40399999999994
328	10	2	45.502008032128465	164.32931726907637
328	11	2	84.99999999999997	5.000000000000002
328	12	2	83.71600000000002	44.44800000000001
328	13	2	85.01200000000003	85.10400000000001
328	14	2	84.988	124.89599999999994
328	15	2	84.99999999999997	164.99999999999991
328	16	2	125.07199999999999	4.939999999999999
328	17	2	125.12400000000005	45.00400000000004
328	18	2	125.05599999999998	84.97199999999994
328	19	2	124.828	124.97199999999997
328	20	2	125.148	165.03999999999996
328	21	2	164.99999999999994	5.000000000000002
328	22	2	164.99999999999994	45.00000000000002
328	23	2	164.36864406779657	84.7330508474576
328	24	2	164.86000000000004	125.01200000000001
328	25	2	165.33600000000004	165.10799999999998
328	26	1	183.19760479041938	16.512974051896226
328	27	1	155.42714570858277	147.46107784431138
328	28	1	36.230460921843715	18.857715430861724
328	29	1	185.8782435129738	50.23353293413171
328	30	1	84.65868263473058	142.68463073852317
328	31	1	7.266533066132267	75.02404809619247
328	32	1	14.223552894211576	57.52095808383231
328	33	1	89.43999999999996	60.47400000000001
328	34	1	190.45309381237524	89.09381237524944
328	35	1	93.59680638722548	190.85828343313364
328	36	1	21.98403193612775	175.8063872255489
328	37	1	24.364000000000026	41.322
328	38	1	31.266000000000005	69.0159999999999
328	39	1	140.83433133732512	154.88223552894212
328	40	1	196.52304609218436	29.997995991983963
328	41	1	20.079840319361278	21.52495009980039
328	42	1	177.74850299401203	80.31137724550909
328	43	1	23.462000000000018	100.63799999999988
328	44	1	44.21999999999999	107.56799999999997
328	45	1	19.232	193.92600000000016
329	1	2	5.115702479338843	5.400826446280992
329	2	2	5.110169491525425	45.39830508474574
329	3	2	5.251028806584367	86.4979423868313
329	4	2	5.036000000000001	124.94399999999997
329	5	2	4.9999999999999964	165.00000000000009
329	6	2	44.988	5.104000000000002
329	7	2	45.40400000000003	45.13199999999998
329	8	2	45.12295081967211	84.8770491803279
329	9	2	45.132	125.40399999999994
329	10	2	45.502008032128465	164.32931726907637
329	11	2	84.99999999999997	5.000000000000002
329	12	2	83.71600000000002	44.44800000000001
329	13	2	85.01200000000003	85.10400000000001
329	14	2	84.988	124.89599999999994
329	15	2	84.99999999999997	164.99999999999991
329	16	2	125.07199999999999	4.939999999999999
329	17	2	125.12400000000005	45.00400000000004
329	18	2	125.05599999999998	84.97199999999994
329	19	2	124.828	124.97199999999997
329	20	2	125.148	165.03999999999996
329	21	2	164.99999999999994	5.000000000000002
329	22	2	164.99999999999994	45.00000000000002
329	23	2	164.36864406779657	84.7330508474576
329	24	2	164.86000000000004	125.01200000000001
329	25	2	165.33600000000004	165.10799999999998
329	26	1	183.1297405189622	16.407185628742535
329	27	1	155.42599999999993	147.46199999999996
329	28	1	36.25999999999999	18.923999999999985
329	29	1	185.87	50.25199999999996
329	30	1	84.66200000000002	142.55799999999994
329	31	1	7.383999999999995	75.03799999999994
329	32	1	14.223552894211583	57.469061876247515
329	33	1	89.39600000000004	60.47599999999996
329	34	1	190.468	89.13999999999996
329	35	1	93.70459081836326	190.87624750499
329	36	1	21.82634730538921	175.90419161676672
329	37	1	24.48502994011975	41.29540918163671
329	38	1	31.230460921843658	69.0200400801605
329	39	1	140.92814371257495	154.96207584830327
329	40	1	196.45109780439122	30.0558882235529
329	41	1	19.928143712574833	21.481037924151664
329	42	1	177.76447105788404	80.09980039920161
329	43	1	23.363273453093804	100.64471057884221
329	44	1	44.061999999999955	107.49799999999999
329	45	1	19.2634730538922	193.936127744511
330	1	2	5.115702479338843	5.400826446280992
330	2	2	5.110169491525425	45.39830508474574
330	3	2	5.251028806584367	86.4979423868313
330	4	2	5.036000000000001	124.94399999999997
330	5	2	4.9999999999999964	165.00000000000009
330	6	2	44.988	5.104000000000002
330	7	2	45.40400000000003	45.13199999999998
330	8	2	45.12295081967211	84.8770491803279
330	9	2	45.132	125.40399999999994
330	10	2	45.502008032128465	164.32931726907637
330	11	2	84.99999999999997	5.000000000000002
330	12	2	83.71600000000002	44.44800000000001
330	13	2	85.01200000000003	85.10400000000001
330	14	2	84.988	124.89599999999994
330	15	2	84.99999999999997	164.99999999999991
330	16	2	125.07199999999999	4.939999999999999
330	17	2	125.12400000000005	45.00400000000004
330	18	2	125.05599999999998	84.97199999999994
330	19	2	124.828	124.97199999999997
330	20	2	125.148	165.03999999999996
330	21	2	164.99999999999994	5.000000000000002
330	22	2	164.99999999999994	45.00000000000002
330	23	2	164.36864406779657	84.7330508474576
330	24	2	164.86000000000004	125.01200000000001
330	25	2	165.33600000000004	165.10799999999998
330	26	1	182.99600000000012	16.436000000000003
330	27	1	155.42599999999993	147.5080000000001
330	28	1	36.21115537848603	18.872509960159366
330	29	1	185.8842315369263	50.20558882235532
330	30	1	84.77399999999997	142.522
330	31	1	7.480000000000007	75.08600000000011
330	32	1	14.262525050100205	57.42685370741482
330	33	1	89.35600000000002	60.486000000000004
330	34	1	190.55289421157684	89.12774451097803
330	35	1	93.7984031936128	190.92415169660669
330	36	1	21.649999999999988	175.94999999999996
330	37	1	24.582834331337313	41.347305389221525
330	38	1	31.079840319361264	69.13572854291412
330	39	1	141.00600000000017	155.0019999999999
330	40	1	196.5249500998004	30.049900199600806
330	41	1	19.870259481037916	21.4870259481038
330	42	1	177.81237524950077	79.98203592814367
330	43	1	23.223552894211608	100.65868263473055
330	44	1	43.988023952095766	107.45908183632727
330	45	1	19.23799999999999	193.90200000000002
331	1	2	5.115702479338843	5.400826446280992
331	2	2	5.110169491525425	45.39830508474574
331	3	2	5.251028806584367	86.4979423868313
331	4	2	5.036000000000001	124.94399999999997
331	5	2	4.9999999999999964	165.00000000000009
331	6	2	44.988	5.104000000000002
331	7	2	45.40400000000003	45.13199999999998
331	8	2	45.12295081967211	84.8770491803279
331	9	2	45.132	125.40399999999994
331	10	2	45.502008032128465	164.32931726907637
331	11	2	84.99999999999997	5.000000000000002
331	12	2	83.71600000000002	44.44800000000001
331	13	2	85.01200000000003	85.10400000000001
331	14	2	84.988	124.89599999999994
331	15	2	84.99999999999997	164.99999999999991
331	16	2	125.07199999999999	4.939999999999999
331	17	2	125.12400000000005	45.00400000000004
331	18	2	125.05599999999998	84.97199999999994
331	19	2	124.828	124.97199999999997
331	20	2	125.148	165.03999999999996
331	21	2	164.99999999999994	5.000000000000002
331	22	2	164.99999999999994	45.00000000000002
331	23	2	164.36864406779657	84.7330508474576
331	24	2	164.86000000000004	125.01200000000001
331	25	2	165.33600000000004	165.10799999999998
331	26	1	182.9161676646708	16.369261477045878
331	27	1	155.33600000000007	147.37199999999999
331	28	1	36.168000000000006	18.84600000000001
331	29	1	185.85429141716583	50.20558882235531
331	30	1	84.81037924151698	142.41516966067854
331	31	1	7.574850299401195	75.07185628742518
331	32	1	14.279441117764467	57.37325349301402
331	33	1	89.25948103792413	60.445109780439125
331	34	1	190.574	89.11399999999989
331	35	1	93.81037924151691	190.99999999999983
331	36	1	21.62874251497007	175.94211576846297
331	37	1	24.766000000000005	41.39799999999998
331	38	1	31.01799999999998	69.31000000000003
331	39	1	140.96007984031934	155.18762475049914
331	40	1	196.58964143426294	30.063745019920315
331	41	1	19.732000000000006	21.481999999999996
331	42	1	177.82599999999994	79.99399999999993
331	43	1	23.226000000000017	100.68999999999991
331	44	1	43.99200000000001	107.46999999999996
331	45	1	19.25199999999999	193.94199999999992
332	1	2	5.115702479338843	5.400826446280992
332	2	2	5.110169491525425	45.39830508474574
332	3	2	5.251028806584367	86.4979423868313
332	4	2	5.036000000000001	124.94399999999997
332	5	2	4.9999999999999964	165.00000000000009
332	6	2	44.988	5.104000000000002
332	7	2	45.40400000000003	45.13199999999998
332	8	2	45.12295081967211	84.8770491803279
332	9	2	45.132	125.40399999999994
332	10	2	45.502008032128465	164.32931726907637
332	11	2	84.99999999999997	5.000000000000002
332	12	2	83.71600000000002	44.44800000000001
332	13	2	85.01200000000003	85.10400000000001
332	14	2	84.988	124.89599999999994
332	15	2	84.99999999999997	164.99999999999991
332	16	2	125.07199999999999	4.939999999999999
332	17	2	125.12400000000005	45.00400000000004
332	18	2	125.05599999999998	84.97199999999994
332	19	2	124.828	124.97199999999997
332	20	2	125.148	165.03999999999996
332	21	2	164.99999999999994	5.000000000000002
332	22	2	164.99999999999994	45.00000000000002
332	23	2	164.36864406779657	84.7330508474576
332	24	2	164.86000000000004	125.01200000000001
332	25	2	165.33600000000004	165.10799999999998
332	26	1	182.81600000000006	16.339999999999986
332	27	1	155.31599999999995	147.34
332	28	1	36.19438877755514	18.85771543086174
332	29	1	185.96407185628738	50.27944111776447
332	30	1	84.8919999999999	142.32800000000012
332	31	1	7.503999999999995	74.98400000000004
332	32	1	14.443999999999996	57.38400000000002
332	33	1	89.23599999999989	60.39600000000003
332	34	1	190.6007984031936	89.10978043912174
332	35	1	93.88446215139435	191.02788844621514
332	36	1	21.502994011976053	176.03393213572855
332	37	1	24.801999999999992	41.38999999999999
332	38	1	30.956087824351307	69.4171656686626
332	39	1	140.98602794411173	155.31736526946094
332	40	1	196.5449101796407	30.083832335329355
332	41	1	19.653999999999993	21.531999999999993
332	42	1	177.80799999999974	80.03800000000001
332	43	1	23.139999999999986	100.71599999999995
332	44	1	43.966067864271444	107.42714570858286
332	45	1	19.27400000000001	194.04999999999998
333	1	2	5.115702479338843	5.400826446280992
333	2	2	5.110169491525425	45.39830508474574
333	3	2	5.251028806584367	86.4979423868313
333	4	2	5.036000000000001	124.94399999999997
333	5	2	4.9999999999999964	165.00000000000009
333	6	2	44.988	5.104000000000002
333	7	2	45.40400000000003	45.13199999999998
333	8	2	45.12295081967211	84.8770491803279
333	9	2	45.132	125.40399999999994
333	10	2	45.502008032128465	164.32931726907637
333	11	2	84.99999999999997	5.000000000000002
333	12	2	83.71600000000002	44.44800000000001
333	13	2	85.01200000000003	85.10400000000001
333	14	2	84.988	124.89599999999994
333	15	2	84.99999999999997	164.99999999999991
333	16	2	125.07199999999999	4.939999999999999
333	17	2	125.12400000000005	45.00400000000004
333	18	2	125.05599999999998	84.97199999999994
333	19	2	124.828	124.97199999999997
333	20	2	125.148	165.03999999999996
333	21	2	164.99999999999994	5.000000000000002
333	22	2	164.99999999999994	45.00000000000002
333	23	2	164.36864406779657	84.7330508474576
333	24	2	164.86000000000004	125.01200000000001
333	25	2	165.33600000000004	165.10799999999998
333	26	1	182.68063872255485	16.311377245508975
333	27	1	155.3400000000001	147.43
333	28	1	36.192000000000014	18.86799999999999
333	29	1	185.92430278884467	50.26892430278885
333	30	1	84.98003992015971	142.19361277445114
333	31	1	7.555999999999994	75.00800000000002
333	32	1	14.431137724550887	57.32534930139721
333	33	1	89.33999999999999	60.359999999999985
333	34	1	190.63326653306615	89.0200400801603
333	35	1	93.85999999999997	191.08400000000003
333	36	1	21.408366533864545	176.0876494023904
333	37	1	24.91600000000001	41.42199999999999
333	38	1	30.888000000000012	69.46799999999998
333	39	1	140.99000000000012	155.43199999999987
333	40	1	196.556	30.17400000000002
333	41	1	19.45508982035928	21.566866267465077
333	42	1	177.80399999999972	80.01800000000001
333	43	1	23.172000000000008	100.75599999999994
333	44	1	43.78400000000001	107.42000000000006
333	45	1	19.309381237524953	194.09980039920163
334	1	2	5.115702479338843	5.400826446280992
334	2	2	5.110169491525425	45.39830508474574
334	3	2	5.251028806584367	86.4979423868313
334	4	2	5.036000000000001	124.94399999999997
334	5	2	4.9999999999999964	165.00000000000009
334	6	2	44.988	5.104000000000002
334	7	2	45.40400000000003	45.13199999999998
334	8	2	45.12295081967211	84.8770491803279
334	9	2	45.132	125.40399999999994
334	10	2	45.502008032128465	164.32931726907637
334	11	2	84.99999999999997	5.000000000000002
334	12	2	83.71600000000002	44.44800000000001
334	13	2	85.01200000000003	85.10400000000001
334	14	2	84.988	124.89599999999994
334	15	2	84.99999999999997	164.99999999999991
334	16	2	125.07199999999999	4.939999999999999
334	17	2	125.12400000000005	45.00400000000004
334	18	2	125.05599999999998	84.97199999999994
334	19	2	124.828	124.97199999999997
334	20	2	125.148	165.03999999999996
334	21	2	164.99999999999994	5.000000000000002
334	22	2	164.99999999999994	45.00000000000002
334	23	2	164.36864406779657	84.7330508474576
334	24	2	164.86000000000004	125.01200000000001
334	25	2	165.33600000000004	165.10799999999998
334	26	1	182.65868263473075	16.299401197604798
334	27	1	155.29740518962066	147.30339321357263
334	28	1	36.15599999999992	18.88600000000002
334	29	1	185.92814371257478	50.315369261477024
334	30	1	85.10379241516972	142.0918163672654
334	31	1	7.6546906187624755	74.98403193612779
334	32	1	14.574850299401195	57.283433133732544
334	33	1	89.27744510978052	60.267465069860286
334	34	1	190.64	88.99800000000005
334	35	1	93.81000000000003	191.0520000000001
334	36	1	21.334000000000003	176.2439999999999
334	37	1	25.009999999999994	41.446000000000026
334	38	1	30.932	69.45599999999999
334	39	1	140.99399999999991	155.4739999999999
334	40	1	196.55089820359282	30.297405189620754
334	41	1	19.26199999999999	21.487999999999982
334	42	1	177.7924151696605	79.99999999999996
334	43	1	23.127744510978054	100.71656686626751
334	44	1	43.65000000000001	107.458
334	45	1	19.442	194.07399999999998
335	1	2	5.115702479338843	5.400826446280992
335	2	2	5.110169491525425	45.39830508474574
335	3	2	5.251028806584367	86.4979423868313
335	4	2	5.036000000000001	124.94399999999997
335	5	2	4.9999999999999964	165.00000000000009
335	6	2	44.988	5.104000000000002
335	7	2	45.40400000000003	45.13199999999998
335	8	2	45.12295081967211	84.8770491803279
335	9	2	45.132	125.40399999999994
335	10	2	45.502008032128465	164.32931726907637
335	11	2	84.99999999999997	5.000000000000002
335	12	2	83.71600000000002	44.44800000000001
335	13	2	85.01200000000003	85.10400000000001
335	14	2	84.988	124.89599999999994
335	15	2	84.99999999999997	164.99999999999991
335	16	2	125.07199999999999	4.939999999999999
335	17	2	125.12400000000005	45.00400000000004
335	18	2	125.05599999999998	84.97199999999994
335	19	2	124.828	124.97199999999997
335	20	2	125.148	165.03999999999996
335	21	2	164.99999999999994	5.000000000000002
335	22	2	164.99999999999994	45.00000000000002
335	23	2	164.36864406779657	84.7330508474576
335	24	2	164.86000000000004	125.01200000000001
335	25	2	165.33600000000004	165.10799999999998
335	26	1	182.49700598802383	16.35129740518962
335	27	1	155.2874251497005	147.20558882235525
335	28	1	36.173999999999985	18.915999999999993
335	29	1	185.91399999999987	50.304
335	30	1	85.13399999999993	142.04000000000002
335	31	1	7.610000000000001	74.98399999999997
335	32	1	14.549098196392778	57.25851703406818
335	33	1	89.20641282565138	60.20440881763523
335	34	1	190.6566866267465	88.86227544910179
335	35	1	93.8203592814372	191.04790419161668
335	36	1	21.14800000000001	176.40600000000006
335	37	1	25.091816367265455	41.56287425149703
335	38	1	30.768463073852313	69.64071856287426
335	39	1	141.01000000000013	155.54199999999997
335	40	1	196.62199999999999	30.395999999999994
335	41	1	19.087824351297403	21.46107784431138
335	42	1	177.78957915831657	80.07615230460927
335	43	1	23.130000000000006	100.77199999999996
335	44	1	43.62800000000002	107.42599999999996
335	45	1	19.60159362549801	194.0737051792829
336	1	2	5.115702479338843	5.400826446280992
336	2	2	5.110169491525425	45.39830508474574
336	3	2	5.251028806584367	86.4979423868313
336	4	2	5.036000000000001	124.94399999999997
336	5	2	4.9999999999999964	165.00000000000009
336	6	2	44.988	5.104000000000002
336	7	2	45.40400000000003	45.13199999999998
336	8	2	45.12295081967211	84.8770491803279
336	9	2	45.132	125.40399999999994
336	10	2	45.502008032128465	164.32931726907637
336	11	2	84.99999999999997	5.000000000000002
336	12	2	83.71600000000002	44.44800000000001
336	13	2	85.01200000000003	85.10400000000001
336	14	2	84.988	124.89599999999994
336	15	2	84.99999999999997	164.99999999999991
336	16	2	125.07199999999999	4.939999999999999
336	17	2	125.12400000000005	45.00400000000004
336	18	2	125.05599999999998	84.97199999999994
336	19	2	124.828	124.97199999999997
336	20	2	125.148	165.03999999999996
336	21	2	164.99999999999994	5.000000000000002
336	22	2	164.99999999999994	45.00000000000002
336	23	2	164.36864406779657	84.7330508474576
336	24	2	164.86000000000004	125.01200000000001
336	25	2	165.33600000000004	165.10799999999998
336	26	1	182.42399999999995	16.35200000000001
336	27	1	155.29199999999983	147.10399999999984
336	28	1	36.071856287425156	18.93812375249502
336	29	1	185.852	50.326
336	30	1	85.13173652694606	141.97604790419155
336	31	1	7.670658682634741	75.00399201596804
336	32	1	14.627490039840634	57.28685258964143
336	33	1	89.21157684630745	60.269461077844305
336	34	1	190.69660678642714	88.81636726546905
336	35	1	93.85429141716563	191.07584830339326
336	36	1	21.062	176.43800000000007
336	37	1	25.083999999999996	41.52800000000001
336	38	1	30.82200000000003	69.67800000000005
336	39	1	141.03792415169684	155.55289421157698
336	40	1	196.5868263473054	30.487025948103813
336	41	1	18.945891783567134	21.49298597194389
336	42	1	177.76447105788407	80.07984031936121
336	43	1	23.07000000000001	100.77799999999998
336	44	1	43.57800000000001	107.37200000000009
336	45	1	19.555999999999994	194.08800000000005
337	1	2	5.115702479338843	5.400826446280992
337	2	2	5.110169491525425	45.39830508474574
337	3	2	5.251028806584367	86.4979423868313
337	4	2	5.036000000000001	124.94399999999997
337	5	2	4.9999999999999964	165.00000000000009
337	6	2	44.988	5.104000000000002
337	7	2	45.40400000000003	45.13199999999998
337	8	2	45.12295081967211	84.8770491803279
337	9	2	45.132	125.40399999999994
337	10	2	45.502008032128465	164.32931726907637
337	11	2	84.99999999999997	5.000000000000002
337	12	2	83.71600000000002	44.44800000000001
337	13	2	85.01200000000003	85.10400000000001
337	14	2	84.988	124.89599999999994
337	15	2	84.99999999999997	164.99999999999991
337	16	2	125.07199999999999	4.939999999999999
337	17	2	125.12400000000005	45.00400000000004
337	18	2	125.05599999999998	84.97199999999994
337	19	2	124.828	124.97199999999997
337	20	2	125.148	165.03999999999996
337	21	2	164.99999999999994	5.000000000000002
337	22	2	164.99999999999994	45.00000000000002
337	23	2	164.36864406779657	84.7330508474576
337	24	2	164.86000000000004	125.01200000000001
337	25	2	165.33600000000004	165.10799999999998
337	26	1	182.3625498007969	16.31075697211154
337	27	1	155.25149700598814	147.0039920159681
337	28	1	36.12375249500999	19.021956087824357
337	29	1	185.80799999999974	50.34599999999994
337	30	1	85.23353293413169	141.89421157684612
337	31	1	7.780000000000001	75.05600000000003
337	32	1	14.678000000000017	57.228000000000016
337	33	1	89.17165668662662	60.27345309381233
337	34	1	190.724	88.66000000000003
337	35	1	93.81599999999995	191.03999999999988
337	36	1	20.8942115768463	176.53692614770455
337	37	1	25.15768463073851	41.56886227544908
337	38	1	30.70259481037924	69.74051896207585
337	39	1	141.07768924302783	155.577689243028
337	40	1	196.5868263473054	30.57085828343309
337	41	1	18.75049900199601	21.453093812375236
337	42	1	177.78043912175636	80.12774451097806
337	43	1	23.04790419161676	100.74251497006
337	44	1	43.514000000000024	107.36200000000004
337	45	1	19.619999999999994	194.13399999999996
338	1	2	5.115702479338843	5.400826446280992
338	2	2	5.110169491525425	45.39830508474574
338	3	2	5.251028806584367	86.4979423868313
338	4	2	5.036000000000001	124.94399999999997
338	5	2	4.9999999999999964	165.00000000000009
338	6	2	44.988	5.104000000000002
338	7	2	45.40400000000003	45.13199999999998
338	8	2	45.12295081967211	84.8770491803279
338	9	2	45.132	125.40399999999994
338	10	2	45.502008032128465	164.32931726907637
338	11	2	84.99999999999997	5.000000000000002
338	12	2	83.71600000000002	44.44800000000001
338	13	2	85.01200000000003	85.10400000000001
338	14	2	84.988	124.89599999999994
338	15	2	84.99999999999997	164.99999999999991
338	16	2	125.07199999999999	4.939999999999999
338	17	2	125.12400000000005	45.00400000000004
338	18	2	125.05599999999998	84.97199999999994
338	19	2	124.828	124.97199999999997
338	20	2	125.148	165.03999999999996
338	21	2	164.99999999999994	5.000000000000002
338	22	2	164.99999999999994	45.00000000000002
338	23	2	164.36864406779657	84.7330508474576
338	24	2	164.86000000000004	125.01200000000001
338	25	2	165.33600000000004	165.10799999999998
338	26	1	182.27800000000016	16.266
338	27	1	155.15999999999997	146.9559999999999
338	28	1	36.151696606786444	19.123752495009978
338	29	1	185.76953907815624	50.21843687374748
338	30	1	85.27399999999999	141.8379999999999
338	31	1	7.850299401197618	75.07385229540915
338	32	1	14.704590818363267	57.203592814371255
338	33	1	88.99001996007992	60.199600798403196
338	34	1	190.74650698602795	88.4411177644711
338	35	1	93.90818363273453	191.04191616766454
338	36	1	20.77245508982036	176.65269461077864
338	37	1	25.193999999999985	41.549999999999976
338	38	1	30.59200000000001	69.81999999999996
338	39	1	141.05788423153686	155.55888223552913
338	40	1	196.57684630738524	30.602794411177623
338	41	1	18.53399999999998	21.40399999999999
338	42	1	177.77844311377234	80.14970059880245
338	43	1	22.97804391217565	100.73053892215572
338	44	1	43.47399999999998	107.33399999999997
338	45	1	19.61	194.206
339	1	2	5.115702479338843	5.400826446280992
339	2	2	5.110169491525425	45.39830508474574
339	3	2	5.251028806584367	86.4979423868313
339	4	2	5.036000000000001	124.94399999999997
339	5	2	4.9999999999999964	165.00000000000009
339	6	2	44.988	5.104000000000002
339	7	2	45.40400000000003	45.13199999999998
339	8	2	45.12295081967211	84.8770491803279
339	9	2	45.132	125.40399999999994
339	10	2	45.502008032128465	164.32931726907637
339	11	2	84.99999999999997	5.000000000000002
339	12	2	83.71600000000002	44.44800000000001
339	13	2	85.01200000000003	85.10400000000001
339	14	2	84.988	124.89599999999994
339	15	2	84.99999999999997	164.99999999999991
339	16	2	125.07199999999999	4.939999999999999
339	17	2	125.12400000000005	45.00400000000004
339	18	2	125.05599999999998	84.97199999999994
339	19	2	124.828	124.97199999999997
339	20	2	125.148	165.03999999999996
339	21	2	164.99999999999994	5.000000000000002
339	22	2	164.99999999999994	45.00000000000002
339	23	2	164.36864406779657	84.7330508474576
339	24	2	164.86000000000004	125.01200000000001
339	25	2	165.33600000000004	165.10799999999998
339	26	1	182.28343313373267	16.169660678642717
339	27	1	155.0878243512973	146.95808383233532
339	28	1	36.124000000000024	19.074
339	29	1	185.82965931863728	50.292585170340715
339	30	1	85.26347305389221	141.6586826347305
339	31	1	8.01397205588822	75.11576846307383
339	32	1	14.777999999999988	57.17000000000004
339	33	1	88.92600000000002	60.18399999999998
339	34	1	190.78243512974052	88.4391217564871
339	35	1	93.99599999999995	191.04600000000008
339	36	1	20.602	176.76999999999987
339	37	1	25.2255489021956	41.500998003992024
339	38	1	30.557999999999982	69.864
339	39	1	141.08400000000012	155.52799999999996
339	40	1	196.5	30.655999999999995
339	41	1	18.436000000000018	21.372000000000003
339	42	1	177.80439121756478	80.12375249501005
339	43	1	22.962000000000014	100.71600000000007
339	44	1	43.44799999999996	107.36199999999987
339	45	1	19.609218436873743	194.23046092184387
340	1	2	5.115702479338843	5.400826446280992
340	2	2	5.110169491525425	45.39830508474574
340	3	2	5.251028806584367	86.4979423868313
340	4	2	5.036000000000001	124.94399999999997
340	5	2	4.9999999999999964	165.00000000000009
340	6	2	44.988	5.104000000000002
340	7	2	45.40400000000003	45.13199999999998
340	8	2	45.12295081967211	84.8770491803279
340	9	2	45.132	125.40399999999994
340	10	2	45.502008032128465	164.32931726907637
340	11	2	84.99999999999997	5.000000000000002
340	12	2	83.71600000000002	44.44800000000001
340	13	2	85.01200000000003	85.10400000000001
340	14	2	84.988	124.89599999999994
340	15	2	84.99999999999997	164.99999999999991
340	16	2	125.07199999999999	4.939999999999999
340	17	2	125.12400000000005	45.00400000000004
340	18	2	125.05599999999998	84.97199999999994
340	19	2	124.828	124.97199999999997
340	20	2	125.148	165.03999999999996
340	21	2	164.99999999999994	5.000000000000002
340	22	2	164.99999999999994	45.00000000000002
340	23	2	164.36864406779657	84.7330508474576
340	24	2	164.86000000000004	125.01200000000001
340	25	2	165.33600000000004	165.10799999999998
340	26	1	182.2244488977956	16.140280561122253
340	27	1	155.06586826347316	146.93413173652695
340	28	1	36.047904191616794	18.998003992015963
340	29	1	185.78842315369258	50.27744510978043
340	30	1	85.24351297405175	141.62075848303394
340	31	1	8.033999999999997	75.11199999999995
340	32	1	14.804391217564861	57.10578842315368
340	33	1	88.81237524950099	60.135728542914165
340	34	1	190.8203592814371	88.3792415169661
340	35	1	94.00598802395201	191.07784431137728
340	36	1	20.632	176.77400000000011
340	37	1	25.43399999999999	41.56399999999998
340	38	1	30.48200000000001	69.92200000000005
340	39	1	141.14999999999964	155.43199999999985
340	40	1	196.53187250996015	30.667330677290842
340	41	1	18.251999999999992	21.389999999999993
340	42	1	177.78999999999996	80.12800000000003
340	43	1	23.023999999999997	100.68400000000004
340	44	1	43.39599999999999	107.38999999999992
340	45	1	19.59599999999998	194.22399999999996
341	1	2	5.115702479338843	5.400826446280992
341	2	2	5.110169491525425	45.39830508474574
341	3	2	5.251028806584367	86.4979423868313
341	4	2	5.036000000000001	124.94399999999997
341	5	2	4.9999999999999964	165.00000000000009
341	6	2	44.988	5.104000000000002
341	7	2	45.40400000000003	45.13199999999998
341	8	2	45.12295081967211	84.8770491803279
341	9	2	45.132	125.40399999999994
341	10	2	45.502008032128465	164.32931726907637
341	11	2	84.99999999999997	5.000000000000002
341	12	2	83.71600000000002	44.44800000000001
341	13	2	85.01200000000003	85.10400000000001
341	14	2	84.988	124.89599999999994
341	15	2	84.99999999999997	164.99999999999991
341	16	2	125.07199999999999	4.939999999999999
341	17	2	125.12400000000005	45.00400000000004
341	18	2	125.05599999999998	84.97199999999994
341	19	2	124.828	124.97199999999997
341	20	2	125.148	165.03999999999996
341	21	2	164.99999999999994	5.000000000000002
341	22	2	164.99999999999994	45.00000000000002
341	23	2	164.36864406779657	84.7330508474576
341	24	2	164.86000000000004	125.01200000000001
341	25	2	165.33600000000004	165.10799999999998
341	26	1	182.23200000000017	16.13199999999999
341	27	1	155.016	146.82000000000028
341	28	1	36.02994011976048	18.996007984031934
341	29	1	185.80600000000007	50.34599999999996
341	30	1	85.2455089820359	141.53293413173645
341	31	1	8.077844311377246	75.11576846307385
341	32	1	14.89199999999999	57.02999999999999
341	33	1	88.83632734530944	60.08582834331338
341	34	1	190.8183632734531	88.3293413173653
341	35	1	94.07999999999998	191.036
341	36	1	20.667999999999985	176.7279999999999
341	37	1	25.578000000000007	41.577999999999996
341	38	1	30.375249500997985	69.99401197604789
341	39	1	141.21556886227557	155.39520958083827
341	40	1	196.59281437125748	30.818363273453084
341	41	1	17.98207171314742	21.247011952191247
341	42	1	177.74650698602795	80.28942115768456
341	43	1	23.001999999999995	100.63200000000003
341	44	1	43.32934131736526	107.35528942115775
341	45	1	19.620000000000005	194.18600000000015
342	1	2	5.115702479338843	5.400826446280992
342	2	2	5.110169491525425	45.39830508474574
342	3	2	5.251028806584367	86.4979423868313
342	4	2	5.036000000000001	124.94399999999997
342	5	2	4.9999999999999964	165.00000000000009
342	6	2	44.988	5.104000000000002
342	7	2	45.40400000000003	45.13199999999998
342	8	2	45.12295081967211	84.8770491803279
342	9	2	45.132	125.40399999999994
342	10	2	45.502008032128465	164.32931726907637
342	11	2	84.99999999999997	5.000000000000002
342	12	2	83.71600000000002	44.44800000000001
342	13	2	85.01200000000003	85.10400000000001
342	14	2	84.988	124.89599999999994
342	15	2	84.99999999999997	164.99999999999991
342	16	2	125.07199999999999	4.939999999999999
342	17	2	125.12400000000005	45.00400000000004
342	18	2	125.05599999999998	84.97199999999994
342	19	2	124.828	124.97199999999997
342	20	2	125.148	165.03999999999996
342	21	2	164.99999999999994	5.000000000000002
342	22	2	164.99999999999994	45.00000000000002
342	23	2	164.36864406779657	84.7330508474576
342	24	2	164.86000000000004	125.01200000000001
342	25	2	165.33600000000004	165.10799999999998
342	26	1	182.23200000000017	16.13199999999999
342	27	1	154.96399999999994	146.74400000000014
342	28	1	36.02199999999998	19.076000000000004
342	29	1	185.76447105788424	50.32135728542914
342	30	1	85.25748502994013	141.4930139720558
342	31	1	8.071999999999983	75.13000000000004
342	32	1	14.928	57.06200000000002
342	33	1	88.64870259481026	59.976047904191624
342	34	1	190.81	88.076
342	35	1	94.12375249500994	191.0399201596807
342	36	1	20.47800000000002	176.84399999999994
342	37	1	25.672654690618767	41.61277445109779
342	38	1	30.3373253493014	70.07784431137718
342	39	1	141.2534930139722	155.33333333333331
342	40	1	196.628	30.903999999999993
342	41	1	17.734530938123758	21.22155688622755
342	42	1	177.74549098196388	80.39278557114226
342	43	1	23.012024048096194	100.58316633266536
342	44	1	43.292000000000016	107.26199999999992
342	45	1	19.74051896207585	194.22954091816376
343	1	2	5.115702479338843	5.400826446280992
343	2	2	5.110169491525425	45.39830508474574
343	3	2	5.251028806584367	86.4979423868313
343	4	2	5.036000000000001	124.94399999999997
343	5	2	4.9999999999999964	165.00000000000009
343	6	2	44.988	5.104000000000002
343	7	2	45.40400000000003	45.13199999999998
343	8	2	45.12295081967211	84.8770491803279
343	9	2	45.132	125.40399999999994
343	10	2	45.502008032128465	164.32931726907637
343	11	2	84.99999999999997	5.000000000000002
343	12	2	83.71600000000002	44.44800000000001
343	13	2	85.01200000000003	85.10400000000001
343	14	2	84.988	124.89599999999994
343	15	2	84.99999999999997	164.99999999999991
343	16	2	125.07199999999999	4.939999999999999
343	17	2	125.12400000000005	45.00400000000004
343	18	2	125.05599999999998	84.97199999999994
343	19	2	124.828	124.97199999999997
343	20	2	125.148	165.03999999999996
343	21	2	164.99999999999994	5.000000000000002
343	22	2	164.99999999999994	45.00000000000002
343	23	2	164.36864406779657	84.7330508474576
343	24	2	164.86000000000004	125.01200000000001
343	25	2	165.33600000000004	165.10799999999998
343	26	1	182.2115768463075	16.20159680638724
343	27	1	154.94399999999996	146.64799999999997
343	28	1	36.018000000000015	19.035999999999998
343	29	1	185.7139999999999	50.35599999999998
343	30	1	85.22800000000004	141.3779999999998
343	31	1	8.121756487025952	75.10578842315371
343	32	1	14.916000000000013	57.099999999999994
343	33	1	88.54800000000009	59.83000000000001
343	34	1	190.82235528942115	88.09580838323355
343	35	1	94.068	190.99800000000008
343	36	1	20.538922155688617	176.85628742514967
343	37	1	25.752000000000002	41.66800000000003
343	38	1	30.358	70.14999999999999
343	39	1	141.2854291417167	155.27145708582822
343	40	1	196.764	30.962000000000003
343	41	1	17.637450199203194	21.23107569721115
343	42	1	177.7139999999998	80.49999999999996
343	43	1	22.998003992015935	100.5548902195609
343	44	1	43.2814371257485	107.16966067864261
343	45	1	19.831999999999994	194.254
344	1	2	5.115702479338843	5.400826446280992
344	2	2	5.110169491525425	45.39830508474574
344	3	2	5.251028806584367	86.4979423868313
344	4	2	5.036000000000001	124.94399999999997
344	5	2	4.9999999999999964	165.00000000000009
344	6	2	44.988	5.104000000000002
344	7	2	45.40400000000003	45.13199999999998
344	8	2	45.12295081967211	84.8770491803279
344	9	2	45.132	125.40399999999994
344	10	2	45.502008032128465	164.32931726907637
344	11	2	84.99999999999997	5.000000000000002
344	12	2	83.71600000000002	44.44800000000001
344	13	2	85.01200000000003	85.10400000000001
344	14	2	84.988	124.89599999999994
344	15	2	84.99999999999997	164.99999999999991
344	16	2	125.07199999999999	4.939999999999999
344	17	2	125.12400000000005	45.00400000000004
344	18	2	125.05599999999998	84.97199999999994
344	19	2	124.828	124.97199999999997
344	20	2	125.148	165.03999999999996
344	21	2	164.99999999999994	5.000000000000002
344	22	2	164.99999999999994	45.00000000000002
344	23	2	164.36864406779657	84.7330508474576
344	24	2	164.86000000000004	125.01200000000001
344	25	2	165.33600000000004	165.10799999999998
344	26	1	182.20558882235545	16.251497005988007
344	27	1	154.90600000000018	146.688
344	28	1	35.96407185628741	18.93413173652695
344	29	1	185.77045908183635	50.427145708582835
344	30	1	85.2534930139721	141.26746506986032
344	31	1	8.199999999999996	75.15199999999996
344	32	1	15.153692614770437	57.131736526946085
344	33	1	88.4043824701195	59.73904382470121
344	34	1	190.76447105788424	87.9321357285429
344	35	1	94.00798403193609	190.99401197604797
344	36	1	20.51497005988024	176.86027944111783
344	37	1	25.872	41.676000000000016
344	38	1	30.316633266533085	70.312625250501
344	39	1	141.32600000000016	155.21800000000016
344	40	1	196.7815631262525	31.070140280561088
344	41	1	17.47305389221559	21.267465069860304
344	42	1	177.63672654690612	80.52295409181639
344	43	1	23.020000000000007	100.51599999999993
344	44	1	43.21600000000003	107.1260000000001
344	45	1	19.717999999999996	194.34000000000003
345	1	2	5.115702479338843	5.400826446280992
345	2	2	5.110169491525425	45.39830508474574
345	3	2	5.251028806584367	86.4979423868313
345	4	2	5.036000000000001	124.94399999999997
345	5	2	4.9999999999999964	165.00000000000009
345	6	2	44.988	5.104000000000002
345	7	2	45.40400000000003	45.13199999999998
345	8	2	45.12295081967211	84.8770491803279
345	9	2	45.132	125.40399999999994
345	10	2	45.502008032128465	164.32931726907637
345	11	2	84.99999999999997	5.000000000000002
345	12	2	83.71600000000002	44.44800000000001
345	13	2	85.01200000000003	85.10400000000001
345	14	2	84.988	124.89599999999994
345	15	2	84.99999999999997	164.99999999999991
345	16	2	125.07199999999999	4.939999999999999
345	17	2	125.12400000000005	45.00400000000004
345	18	2	125.05599999999998	84.97199999999994
345	19	2	124.828	124.97199999999997
345	20	2	125.148	165.03999999999996
345	21	2	164.99999999999994	5.000000000000002
345	22	2	164.99999999999994	45.00000000000002
345	23	2	164.36864406779657	84.7330508474576
345	24	2	164.86000000000004	125.01200000000001
345	25	2	165.33600000000004	165.10799999999998
345	26	1	182.22400000000002	16.230000000000004
345	27	1	154.93600000000006	146.68400000000005
345	28	1	35.93799999999997	18.889999999999983
345	29	1	185.77800000000022	50.431999999999945
345	30	1	85.26200000000004	141.12000000000015
345	31	1	8.158316633266532	75.13627254509015
345	32	1	15.203592814371264	57.12774451097808
345	33	1	88.32599999999998	59.65399999999998
345	34	1	190.76999999999998	87.87999999999985
345	35	1	94.03992015968066	190.9740518962076
345	36	1	20.556886227544908	176.80838323353288
345	37	1	26.08999999999999	41.79600000000003
345	38	1	30.231536926147715	70.41716566866275
345	39	1	141.33400000000017	155.1819999999999
345	40	1	196.79	31.144000000000027
345	41	1	17.315369261477038	21.32135728542916
345	42	1	177.66399999999987	80.61199999999992
345	43	1	22.870259481037913	100.5109780439122
345	44	1	43.17964071856289	107.07984031936127
345	45	1	19.712	194.408
346	1	2	5.115702479338843	5.400826446280992
346	2	2	5.110169491525425	45.39830508474574
346	3	2	5.251028806584367	86.4979423868313
346	4	2	5.036000000000001	124.94399999999997
346	5	2	4.9999999999999964	165.00000000000009
346	6	2	44.988	5.104000000000002
346	7	2	45.40400000000003	45.13199999999998
346	8	2	45.12295081967211	84.8770491803279
346	9	2	45.132	125.40399999999994
346	10	2	45.502008032128465	164.32931726907637
346	11	2	84.99999999999997	5.000000000000002
346	12	2	83.71600000000002	44.44800000000001
346	13	2	85.01200000000003	85.10400000000001
346	14	2	84.988	124.89599999999994
346	15	2	84.99999999999997	164.99999999999991
346	16	2	125.07199999999999	4.939999999999999
346	17	2	125.12400000000005	45.00400000000004
346	18	2	125.05599999999998	84.97199999999994
346	19	2	124.828	124.97199999999997
346	20	2	125.148	165.03999999999996
346	21	2	164.99999999999994	5.000000000000002
346	22	2	164.99999999999994	45.00000000000002
346	23	2	164.36864406779657	84.7330508474576
346	24	2	164.86000000000004	125.01200000000001
346	25	2	165.33600000000004	165.10799999999998
346	26	1	182.2000000000001	16.174000000000003
346	27	1	154.92599999999996	146.57999999999987
346	28	1	35.87799999999996	18.94
346	29	1	185.82235528942093	50.329341317365234
346	30	1	85.21600000000012	140.9620000000001
346	31	1	8.23	75.18000000000006
346	32	1	15.280000000000005	57.14800000000002
346	33	1	88.28400000000006	59.67999999999999
346	34	1	190.75848303393212	87.77844311377247
346	35	1	94.06586826347312	191.02395209580848
346	36	1	20.624750499002005	176.7445109780439
346	37	1	26.169660678642717	41.806387225548896
346	38	1	30.231536926147715	70.50499001996003
346	39	1	141.3213572854292	155.14171656686625
346	40	1	196.7065868263473	31.141716566866247
346	41	1	17.212424849699406	21.314629258517044
346	42	1	177.67065868263467	80.5728542914171
346	43	1	22.82399999999998	100.46199999999997
346	44	1	43.03193612774446	107.05389221556891
346	45	1	19.69600000000001	194.43800000000005
347	1	2	5.115702479338843	5.400826446280992
347	2	2	5.110169491525425	45.39830508474574
347	3	2	5.251028806584367	86.4979423868313
347	4	2	5.036000000000001	124.94399999999997
347	5	2	4.9999999999999964	165.00000000000009
347	6	2	44.988	5.104000000000002
347	7	2	45.40400000000003	45.13199999999998
347	8	2	45.12295081967211	84.8770491803279
347	9	2	45.132	125.40399999999994
347	10	2	45.502008032128465	164.32931726907637
347	11	2	84.99999999999997	5.000000000000002
347	12	2	83.71600000000002	44.44800000000001
347	13	2	85.01200000000003	85.10400000000001
347	14	2	84.988	124.89599999999994
347	15	2	84.99999999999997	164.99999999999991
347	16	2	125.07199999999999	4.939999999999999
347	17	2	125.12400000000005	45.00400000000004
347	18	2	125.05599999999998	84.97199999999994
347	19	2	124.828	124.97199999999997
347	20	2	125.148	165.03999999999996
347	21	2	164.99999999999994	5.000000000000002
347	22	2	164.99999999999994	45.00000000000002
347	23	2	164.36864406779657	84.7330508474576
347	24	2	164.86000000000004	125.01200000000001
347	25	2	165.33600000000004	165.10799999999998
347	26	1	182.25200000000004	16.12799999999999
347	27	1	154.93413173652718	146.61077844311367
347	28	1	35.9321357285429	18.944111776447095
347	29	1	185.78642714570867	50.22155688622745
347	30	1	85.22355289421155	140.80838323353296
347	31	1	8.31062124248497	75.16833667334666
347	32	1	15.201195219123507	57.139442231075705
347	33	1	88.25999999999999	59.580000000000005
347	34	1	190.78	87.61000000000007
347	35	1	94.03200000000004	190.97799999999987
347	36	1	20.767535070140294	176.59919839679344
347	37	1	26.393999999999995	41.81399999999994
347	38	1	30.272	70.54600000000006
347	39	1	141.33600000000013	155.14399999999998
347	40	1	196.792	31.237999999999992
347	41	1	17.05788423153691	21.213572854291403
347	42	1	177.71200000000007	80.72399999999999
347	43	1	22.844311377245493	100.42514970059884
347	44	1	42.960000000000015	107.07200000000005
347	45	1	19.70916334661356	194.38247011952194
348	1	2	5.115702479338843	5.400826446280992
348	2	2	5.110169491525425	45.39830508474574
348	3	2	5.251028806584367	86.4979423868313
348	4	2	5.036000000000001	124.94399999999997
348	5	2	4.9999999999999964	165.00000000000009
348	6	2	44.988	5.104000000000002
348	7	2	45.40400000000003	45.13199999999998
348	8	2	45.12295081967211	84.8770491803279
348	9	2	45.132	125.40399999999994
348	10	2	45.502008032128465	164.32931726907637
348	11	2	84.99999999999997	5.000000000000002
348	12	2	83.71600000000002	44.44800000000001
348	13	2	85.01200000000003	85.10400000000001
348	14	2	84.988	124.89599999999994
348	15	2	84.99999999999997	164.99999999999991
348	16	2	125.07199999999999	4.939999999999999
348	17	2	125.12400000000005	45.00400000000004
348	18	2	125.05599999999998	84.97199999999994
348	19	2	124.828	124.97199999999997
348	20	2	125.148	165.03999999999996
348	21	2	164.99999999999994	5.000000000000002
348	22	2	164.99999999999994	45.00000000000002
348	23	2	164.36864406779657	84.7330508474576
348	24	2	164.86000000000004	125.01200000000001
348	25	2	165.33600000000004	165.10799999999998
348	26	1	182.14600000000002	16.113999999999972
348	27	1	154.88223552894223	146.5768463073851
348	28	1	35.85828343313375	18.794411177644715
348	29	1	185.74051896207598	50.16966067864276
348	30	1	85.18762475049908	140.77844311377254
348	31	1	8.463073852295405	75.22954091816368
348	32	1	15.179640718562876	57.11976047904191
348	33	1	88.10800000000002	59.49800000000002
348	34	1	190.74650698602792	87.51297405189621
348	35	1	94.03200000000004	190.97799999999987
348	36	1	20.81000000000001	176.49399999999991
348	37	1	26.55800000000001	41.87400000000002
348	38	1	30.219560878243513	70.60678642714565
348	39	1	141.29200000000006	155.178
348	40	1	196.84462151394422	31.249003984063734
348	41	1	17.01197604790421	21.281437125748482
348	42	1	177.7319999999998	80.80400000000002
348	43	1	22.804000000000002	100.38800000000008
348	44	1	42.757999999999946	107.09400000000001
348	45	1	19.721999999999984	194.46000000000006
349	1	2	5.115702479338843	5.400826446280992
349	2	2	5.110169491525425	45.39830508474574
349	3	2	5.251028806584367	86.4979423868313
349	4	2	5.036000000000001	124.94399999999997
349	5	2	4.9999999999999964	165.00000000000009
349	6	2	44.988	5.104000000000002
349	7	2	45.40400000000003	45.13199999999998
349	8	2	45.12295081967211	84.8770491803279
349	9	2	45.132	125.40399999999994
349	10	2	45.502008032128465	164.32931726907637
349	11	2	84.99999999999997	5.000000000000002
349	12	2	83.71600000000002	44.44800000000001
349	13	2	85.01200000000003	85.10400000000001
349	14	2	84.988	124.89599999999994
349	15	2	84.99999999999997	164.99999999999991
349	16	2	125.07199999999999	4.939999999999999
349	17	2	125.12400000000005	45.00400000000004
349	18	2	125.05599999999998	84.97199999999994
349	19	2	124.828	124.97199999999997
349	20	2	125.148	165.03999999999996
349	21	2	164.99999999999994	5.000000000000002
349	22	2	164.99999999999994	45.00000000000002
349	23	2	164.36864406779657	84.7330508474576
349	24	2	164.86000000000004	125.01200000000001
349	25	2	165.33600000000004	165.10799999999998
349	26	1	182.19799999999987	16.074000000000016
349	27	1	154.86400000000015	146.59400000000005
349	28	1	35.822	18.79799999999998
349	29	1	185.76599999999982	50.218
349	30	1	85.21600000000004	140.7199999999999
349	31	1	8.544910179640711	75.26147704590815
349	32	1	15.243027888446205	57.16334661354584
349	33	1	87.97804391217565	59.25349301397207
349	34	1	190.746	87.452
349	35	1	93.99399999999994	190.92799999999986
349	36	1	20.803999999999995	176.396
349	37	1	26.61077844311378	41.82035928143716
349	38	1	30.218000000000007	70.67400000000002
349	39	1	141.37524950099836	155.0598802395211
349	40	1	196.7764471057884	31.35728542914169
349	41	1	16.854000000000003	21.238
349	42	1	177.7245508982036	80.8303393213573
349	43	1	22.83	100.37400000000008
349	44	1	42.70199999999994	107.08999999999995
349	45	1	19.75049900199601	194.50299401197594
350	1	2	5.115702479338843	5.400826446280992
350	2	2	5.110169491525425	45.39830508474574
350	3	2	5.251028806584367	86.4979423868313
350	4	2	5.036000000000001	124.94399999999997
350	5	2	4.9999999999999964	165.00000000000009
350	6	2	44.988	5.104000000000002
350	7	2	45.40400000000003	45.13199999999998
350	8	2	45.12295081967211	84.8770491803279
350	9	2	45.132	125.40399999999994
350	10	2	45.502008032128465	164.32931726907637
350	11	2	84.99999999999997	5.000000000000002
350	12	2	83.71600000000002	44.44800000000001
350	13	2	85.01200000000003	85.10400000000001
350	14	2	84.988	124.89599999999994
350	15	2	84.99999999999997	164.99999999999991
350	16	2	125.07199999999999	4.939999999999999
350	17	2	125.12400000000005	45.00400000000004
350	18	2	125.05599999999998	84.97199999999994
350	19	2	124.828	124.97199999999997
350	20	2	125.148	165.03999999999996
350	21	2	164.99999999999994	5.000000000000002
350	22	2	164.99999999999994	45.00000000000002
350	23	2	164.36864406779657	84.7330508474576
350	24	2	164.86000000000004	125.01200000000001
350	25	2	165.33600000000004	165.10799999999998
350	26	1	182.124	16.044000000000004
350	27	1	154.84600000000015	146.40999999999997
350	28	1	35.78200000000002	18.89199999999999
350	29	1	185.73652694610777	50.159680638722534
350	30	1	85.25149700598807	140.7065868263472
350	31	1	8.526946107784442	75.23552894211572
350	32	1	15.223552894211565	57.13772455089825
350	33	1	87.86826347305393	59.14970059880236
350	34	1	190.762	87.40400000000002
350	35	1	94.074	190.83999999999983
350	36	1	20.836327345309382	176.31337325349307
350	37	1	26.722554890219573	41.90618762475048
350	38	1	30.109780439121778	70.80439121756484
350	39	1	141.37800000000018	155.004
350	40	1	196.76	31.331999999999987
350	41	1	16.67399999999999	21.233999999999977
350	42	1	177.7504990019959	80.87624750498999
350	43	1	22.84431137724552	100.29740518962079
350	44	1	42.582000000000015	107.10600000000001
350	45	1	19.73453093812375	194.54091816367267
351	1	2	5.115702479338843	5.400826446280992
351	2	2	5.110169491525425	45.39830508474574
351	3	2	5.251028806584367	86.4979423868313
351	4	2	5.036000000000001	124.94399999999997
351	5	2	4.9999999999999964	165.00000000000009
351	6	2	44.988	5.104000000000002
351	7	2	45.40400000000003	45.13199999999998
351	8	2	45.12295081967211	84.8770491803279
351	9	2	45.132	125.40399999999994
351	10	2	45.502008032128465	164.32931726907637
351	11	2	84.99999999999997	5.000000000000002
351	12	2	83.71600000000002	44.44800000000001
351	13	2	85.01200000000003	85.10400000000001
351	14	2	84.988	124.89599999999994
351	15	2	84.99999999999997	164.99999999999991
351	16	2	125.07199999999999	4.939999999999999
351	17	2	125.12400000000005	45.00400000000004
351	18	2	125.05599999999998	84.97199999999994
351	19	2	124.828	124.97199999999997
351	20	2	125.148	165.03999999999996
351	21	2	164.99999999999994	5.000000000000002
351	22	2	164.99999999999994	45.00000000000002
351	23	2	164.36864406779657	84.7330508474576
351	24	2	164.86000000000004	125.01200000000001
351	25	2	165.33600000000004	165.10799999999998
351	26	1	182.13944223107558	16.055776892430288
351	27	1	154.86600000000016	146.462
351	28	1	35.68199999999998	18.846000000000004
351	29	1	185.6679999999999	50.15600000000003
351	30	1	85.20159680638727	140.64670658682635
351	31	1	8.654690618762482	75.2934131736527
351	32	1	15.28199999999999	57.18400000000001
351	33	1	87.80400000000002	59.049999999999955
351	34	1	190.752	87.19799999999992
351	35	1	94.06400000000004	190.76799999999983
351	36	1	20.91800000000002	176.17000000000013
351	37	1	26.790419161676624	41.97205588822354
351	38	1	30.100000000000005	70.92400000000005
351	39	1	141.34599999999998	154.88
351	40	1	196.79041916167665	31.441117764471073
351	41	1	16.561752988047807	21.19322709163346
351	42	1	177.814	81.016
351	43	1	22.9500998003992	100.2255489021955
351	44	1	42.465069860279485	107.11976047904194
351	45	1	19.644710578842293	194.4830339321358
352	1	2	5.115702479338843	5.400826446280992
352	2	2	5.110169491525425	45.39830508474574
352	3	2	5.251028806584367	86.4979423868313
352	4	2	5.036000000000001	124.94399999999997
352	5	2	4.9999999999999964	165.00000000000009
352	6	2	44.988	5.104000000000002
352	7	2	45.40400000000003	45.13199999999998
352	8	2	45.12295081967211	84.8770491803279
352	9	2	45.132	125.40399999999994
352	10	2	45.502008032128465	164.32931726907637
352	11	2	84.99999999999997	5.000000000000002
352	12	2	83.71600000000002	44.44800000000001
352	13	2	85.01200000000003	85.10400000000001
352	14	2	84.988	124.89599999999994
352	15	2	84.99999999999997	164.99999999999991
352	16	2	125.07199999999999	4.939999999999999
352	17	2	125.12400000000005	45.00400000000004
352	18	2	125.05599999999998	84.97199999999994
352	19	2	124.828	124.97199999999997
352	20	2	125.148	165.03999999999996
352	21	2	164.99999999999994	5.000000000000002
352	22	2	164.99999999999994	45.00000000000002
352	23	2	164.36864406779657	84.7330508474576
352	24	2	164.86000000000004	125.01200000000001
352	25	2	165.33600000000004	165.10799999999998
352	26	1	182.1932270916335	16.069721115537853
352	27	1	154.89000000000004	146.4340000000002
352	28	1	35.72255489021959	18.91616766467066
352	29	1	185.66800000000003	50.108000000000004
352	30	1	85.19760479041926	140.578842315369
352	31	1	8.70259481037925	75.34530938123757
352	32	1	15.323999999999998	57.20399999999997
352	33	1	87.7884231536926	58.942115768463076
352	34	1	190.764	87.02
352	35	1	94.17199999999994	190.766
352	36	1	20.996007984031955	176.03393213572852
352	37	1	26.894000000000005	42.06800000000004
352	38	1	30.069999999999993	71.058
352	39	1	141.3700000000001	154.788
352	40	1	196.93	31.49000000000001
352	41	1	16.50499001996008	21.185628742514965
352	42	1	177.80561122244487	80.9438877755511
352	43	1	22.972055888223547	100.20558882235525
352	44	1	42.34131736526946	107.11177644710573
352	45	1	19.65731462925852	194.5671342685369
353	1	2	5.115702479338843	5.400826446280992
353	2	2	5.110169491525425	45.39830508474574
353	3	2	5.251028806584367	86.4979423868313
353	4	2	5.036000000000001	124.94399999999997
353	5	2	4.9999999999999964	165.00000000000009
353	6	2	44.988	5.104000000000002
353	7	2	45.40400000000003	45.13199999999998
353	8	2	45.12295081967211	84.8770491803279
353	9	2	45.132	125.40399999999994
353	10	2	45.502008032128465	164.32931726907637
353	11	2	84.99999999999997	5.000000000000002
353	12	2	83.71600000000002	44.44800000000001
353	13	2	85.01200000000003	85.10400000000001
353	14	2	84.988	124.89599999999994
353	15	2	84.99999999999997	164.99999999999991
353	16	2	125.07199999999999	4.939999999999999
353	17	2	125.12400000000005	45.00400000000004
353	18	2	125.05599999999998	84.97199999999994
353	19	2	124.828	124.97199999999997
353	20	2	125.148	165.03999999999996
353	21	2	164.99999999999994	5.000000000000002
353	22	2	164.99999999999994	45.00000000000002
353	23	2	164.36864406779657	84.7330508474576
353	24	2	164.86000000000004	125.01200000000001
353	25	2	165.33600000000004	165.10799999999998
353	26	1	182.20359281437132	16.04590818363275
353	27	1	154.888	146.42400000000004
353	28	1	35.77445109780439	18.946107784431153
353	29	1	185.65199999999984	50.049999999999955
353	30	1	85.23353293413169	140.59081836327343
353	31	1	8.702594810379246	75.38123752495001
353	32	1	15.347305389221566	57.21956087824348
353	33	1	87.61600000000001	58.833999999999996
353	34	1	190.7624750499002	86.92215568862272
353	35	1	94.15199999999997	190.72999999999988
353	36	1	21.069860279441137	175.96606786427145
353	37	1	27.033932135728534	42.059880239520915
353	38	1	29.981999999999985	71.16800000000002
353	39	1	141.3980000000001	154.6159999999998
353	40	1	197.06387225548903	31.538922155688624
353	41	1	16.364729458917832	21.140280561122257
353	42	1	177.7784431137725	80.99600798403186
353	43	1	22.97005988023952	100.1736526946108
353	44	1	42.31536926147709	107.12375249501001
353	45	1	19.614770459081846	194.5768463073853
354	1	2	5.115702479338843	5.400826446280992
354	2	2	5.110169491525425	45.39830508474574
354	3	2	5.251028806584367	86.4979423868313
354	4	2	5.036000000000001	124.94399999999997
354	5	2	4.9999999999999964	165.00000000000009
354	6	2	44.988	5.104000000000002
354	7	2	45.40400000000003	45.13199999999998
354	8	2	45.12295081967211	84.8770491803279
354	9	2	45.132	125.40399999999994
354	10	2	45.502008032128465	164.32931726907637
354	11	2	84.99999999999997	5.000000000000002
354	12	2	83.71600000000002	44.44800000000001
354	13	2	85.01200000000003	85.10400000000001
354	14	2	84.988	124.89599999999994
354	15	2	84.99999999999997	164.99999999999991
354	16	2	125.07199999999999	4.939999999999999
354	17	2	125.12400000000005	45.00400000000004
354	18	2	125.05599999999998	84.97199999999994
354	19	2	124.828	124.97199999999997
354	20	2	125.148	165.03999999999996
354	21	2	164.99999999999994	5.000000000000002
354	22	2	164.99999999999994	45.00000000000002
354	23	2	164.36864406779657	84.7330508474576
354	24	2	164.86000000000004	125.01200000000001
354	25	2	165.33600000000004	165.10799999999998
354	26	1	182.17	16.158000000000005
354	27	1	154.91400000000002	146.43800000000002
354	28	1	35.69660678642716	18.922155688622748
354	29	1	185.5899999999999	49.976
354	30	1	85.19600000000005	140.57599999999994
354	31	1	8.734530938123745	75.40119760479047
354	32	1	15.201596806387219	57.21956087824353
354	33	1	87.52599999999997	58.71199999999995
354	34	1	190.724	86.78599999999999
354	35	1	94.17000000000002	190.676
354	36	1	21.093812375249495	175.85229540918164
354	37	1	27.203592814371255	42.259481037924154
354	38	1	29.86626746506985	71.32734530938119
354	39	1	141.37399999999997	154.62399999999988
354	40	1	197.20440881763528	31.553106212424858
354	41	1	16.26347305389222	21.131736526946103
354	42	1	177.79441117764478	80.96407185628748
354	43	1	22.930139720558874	100.20558882235525
354	44	1	42.184	107.10599999999997
354	45	1	19.54091816367266	194.53493013972076
355	1	2	5.115702479338843	5.400826446280992
355	2	2	5.110169491525425	45.39830508474574
355	3	2	5.251028806584367	86.4979423868313
355	4	2	5.036000000000001	124.94399999999997
355	5	2	4.9999999999999964	165.00000000000009
355	6	2	44.988	5.104000000000002
355	7	2	45.40400000000003	45.13199999999998
355	8	2	45.12295081967211	84.8770491803279
355	9	2	45.132	125.40399999999994
355	10	2	45.502008032128465	164.32931726907637
355	11	2	84.99999999999997	5.000000000000002
355	12	2	83.71600000000002	44.44800000000001
355	13	2	85.01200000000003	85.10400000000001
355	14	2	84.988	124.89599999999994
355	15	2	84.99999999999997	164.99999999999991
355	16	2	125.07199999999999	4.939999999999999
355	17	2	125.12400000000005	45.00400000000004
355	18	2	125.05599999999998	84.97199999999994
355	19	2	124.828	124.97199999999997
355	20	2	125.148	165.03999999999996
355	21	2	164.99999999999994	5.000000000000002
355	22	2	164.99999999999994	45.00000000000002
355	23	2	164.36864406779657	84.7330508474576
355	24	2	164.86000000000004	125.01200000000001
355	25	2	165.33600000000004	165.10799999999998
355	26	1	182.13173652694593	16.181636726546923
355	27	1	154.92200000000003	146.45199999999986
355	28	1	35.685999999999986	18.93399999999999
355	29	1	185.566	50.06000000000004
355	30	1	85.35728542914174	140.58283433133735
355	31	1	8.796407185628745	75.3692614770459
355	32	1	15.254000000000012	57.173999999999936
355	33	1	87.53599999999997	58.705999999999946
355	34	1	190.7635270541082	86.78757515030061
355	35	1	94.16167664670651	190.64071856287418
355	36	1	21.089820359281415	175.85828343313375
355	37	1	27.267999999999994	42.211999999999954
355	38	1	29.676646706586844	71.54491017964077
355	39	1	141.42685370741503	154.60521042084173
355	40	1	197.3927855711423	31.629258517034078
355	41	1	16.085828343313374	21.017964071856262
355	42	1	177.84231536926148	81.06387225548902
355	43	1	22.988000000000014	100.15400000000004
355	44	1	42.07385229540921	107.14570858283429
355	45	1	19.564000000000007	194.50199999999992
356	1	2	5.115702479338843	5.400826446280992
356	2	2	5.110169491525425	45.39830508474574
356	3	2	5.251028806584367	86.4979423868313
356	4	2	5.036000000000001	124.94399999999997
356	5	2	4.9999999999999964	165.00000000000009
356	6	2	44.988	5.104000000000002
356	7	2	45.40400000000003	45.13199999999998
356	8	2	45.12295081967211	84.8770491803279
356	9	2	45.132	125.40399999999994
356	10	2	45.502008032128465	164.32931726907637
356	11	2	84.99999999999997	5.000000000000002
356	12	2	83.71600000000002	44.44800000000001
356	13	2	85.01200000000003	85.10400000000001
356	14	2	84.988	124.89599999999994
356	15	2	84.99999999999997	164.99999999999991
356	16	2	125.07199999999999	4.939999999999999
356	17	2	125.12400000000005	45.00400000000004
356	18	2	125.05599999999998	84.97199999999994
356	19	2	124.828	124.97199999999997
356	20	2	125.148	165.03999999999996
356	21	2	164.99999999999994	5.000000000000002
356	22	2	164.99999999999994	45.00000000000002
356	23	2	164.36864406779657	84.7330508474576
356	24	2	164.86000000000004	125.01200000000001
356	25	2	165.33600000000004	165.10799999999998
356	26	1	182.16367265469063	16.199600798403182
356	27	1	154.9381237524948	146.46506986027944
356	28	1	35.690000000000005	18.924000000000028
356	29	1	185.6035856573706	50.03386454183269
356	30	1	85.338	140.4679999999998
356	31	1	8.902000000000003	75.37
356	32	1	15.512000000000004	57.23000000000006
356	33	1	87.38677354709418	58.60320641282566
356	34	1	190.78243512974052	86.65069860279438
356	35	1	94.22000000000003	190.75400000000025
356	36	1	21.177644710578836	175.75249500998004
356	37	1	27.31736526946109	42.16566866267465
356	38	1	29.727091633466134	71.78286852589642
356	39	1	141.4199999999998	154.53400000000002
356	40	1	197.304	31.654000000000057
356	41	1	16.05410821643287	20.99198396793588
356	42	1	177.87425149700584	81.12175648702596
356	43	1	22.988023952095798	100.11377245508987
356	44	1	42.123752495009974	107.09181636726545
356	45	1	19.572854291417197	194.4570858283432
357	1	2	5.115702479338843	5.400826446280992
357	2	2	5.110169491525425	45.39830508474574
357	3	2	5.251028806584367	86.4979423868313
357	4	2	5.036000000000001	124.94399999999997
357	5	2	4.9999999999999964	165.00000000000009
357	6	2	44.988	5.104000000000002
357	7	2	45.40400000000003	45.13199999999998
357	8	2	45.12295081967211	84.8770491803279
357	9	2	45.132	125.40399999999994
357	10	2	45.502008032128465	164.32931726907637
357	11	2	84.99999999999997	5.000000000000002
357	12	2	83.71600000000002	44.44800000000001
357	13	2	85.01200000000003	85.10400000000001
357	14	2	84.988	124.89599999999994
357	15	2	84.99999999999997	164.99999999999991
357	16	2	125.07199999999999	4.939999999999999
357	17	2	125.12400000000005	45.00400000000004
357	18	2	125.05599999999998	84.97199999999994
357	19	2	124.828	124.97199999999997
357	20	2	125.148	165.03999999999996
357	21	2	164.99999999999994	5.000000000000002
357	22	2	164.99999999999994	45.00000000000002
357	23	2	164.36864406779657	84.7330508474576
357	24	2	164.86000000000004	125.01200000000001
357	25	2	165.33600000000004	165.10799999999998
357	26	1	182.17600000000002	16.252000000000006
357	27	1	154.98999999999995	146.40999999999983
357	28	1	35.665999999999976	18.92200000000002
357	29	1	185.55800000000005	49.99799999999997
357	30	1	85.40200000000004	140.41199999999992
357	31	1	8.826347305389207	75.27744510978039
357	32	1	15.562000000000017	57.21599999999994
357	33	1	87.37400000000005	58.548000000000044
357	34	1	190.744	86.55400000000003
357	35	1	94.23599999999999	190.75199999999992
357	36	1	21.219560878243534	175.6187624750502
357	37	1	27.31736526946109	42.16566866267465
357	38	1	29.68600000000001	71.90199999999997
357	39	1	141.4419999999999	154.60999999999993
357	40	1	197.2694610778443	31.666666666666643
357	41	1	15.969999999999995	20.916
357	42	1	177.8920000000002	81.14000000000003
357	43	1	23.105999999999966	100.082
357	44	1	42.135999999999996	107.066
357	45	1	19.60678642714572	194.40119760479053
358	1	2	5.115702479338843	5.400826446280992
358	2	2	5.110169491525425	45.39830508474574
358	3	2	5.251028806584367	86.4979423868313
358	4	2	5.036000000000001	124.94399999999997
358	5	2	4.9999999999999964	165.00000000000009
358	6	2	44.988	5.104000000000002
358	7	2	45.40400000000003	45.13199999999998
358	8	2	45.12295081967211	84.8770491803279
358	9	2	45.132	125.40399999999994
358	10	2	45.502008032128465	164.32931726907637
358	11	2	84.99999999999997	5.000000000000002
358	12	2	83.71600000000002	44.44800000000001
358	13	2	85.01200000000003	85.10400000000001
358	14	2	84.988	124.89599999999994
358	15	2	84.99999999999997	164.99999999999991
358	16	2	125.07199999999999	4.939999999999999
358	17	2	125.12400000000005	45.00400000000004
358	18	2	125.05599999999998	84.97199999999994
358	19	2	124.828	124.97199999999997
358	20	2	125.148	165.03999999999996
358	21	2	164.99999999999994	5.000000000000002
358	22	2	164.99999999999994	45.00000000000002
358	23	2	164.36864406779657	84.7330508474576
358	24	2	164.86000000000004	125.01200000000001
358	25	2	165.33600000000004	165.10799999999998
358	26	1	182.22199999999998	16.31799999999999
358	27	1	155.07584830339334	146.38922155688607
358	28	1	35.728542914171626	19.059880239520954
358	29	1	185.50499001996042	49.996007984031934
358	30	1	85.52000000000005	140.40799999999993
358	31	1	8.948000000000006	75.37399999999992
358	32	1	15.490039840637461	57.209163346613565
358	33	1	87.26799999999999	58.45199999999996
358	34	1	190.756	86.60999999999994
358	35	1	94.23599999999999	190.75199999999992
358	36	1	21.341999999999988	175.45000000000013
358	37	1	27.52894211576845	42.32734530938122
358	38	1	29.71057884231536	71.94411177644712
358	39	1	141.50698602794415	154.53892215568865
358	40	1	197.2874251497006	31.768463073852306
358	41	1	15.87199999999999	20.932000000000002
358	42	1	177.95409181636742	81.08183632734527
358	43	1	23.094	100.04600000000003
358	44	1	42.116	107.02599999999995
358	45	1	19.580838323353284	194.500998003992
359	1	2	5.115702479338843	5.400826446280992
359	2	2	5.110169491525425	45.39830508474574
359	3	2	5.251028806584367	86.4979423868313
359	4	2	5.036000000000001	124.94399999999997
359	5	2	4.9999999999999964	165.00000000000009
359	6	2	44.988	5.104000000000002
359	7	2	45.40400000000003	45.13199999999998
359	8	2	45.12295081967211	84.8770491803279
359	9	2	45.132	125.40399999999994
359	10	2	45.502008032128465	164.32931726907637
359	11	2	84.99999999999997	5.000000000000002
359	12	2	83.71600000000002	44.44800000000001
359	13	2	85.01200000000003	85.10400000000001
359	14	2	84.988	124.89599999999994
359	15	2	84.99999999999997	164.99999999999991
359	16	2	125.07199999999999	4.939999999999999
359	17	2	125.12400000000005	45.00400000000004
359	18	2	125.05599999999998	84.97199999999994
359	19	2	124.828	124.97199999999997
359	20	2	125.148	165.03999999999996
359	21	2	164.99999999999994	5.000000000000002
359	22	2	164.99999999999994	45.00000000000002
359	23	2	164.36864406779657	84.7330508474576
359	24	2	164.86000000000004	125.01200000000001
359	25	2	165.33600000000004	165.10799999999998
359	26	1	182.204	16.354000000000017
359	27	1	155.1299999999999	146.40799999999993
359	28	1	35.676646706586844	18.9620758483034
359	29	1	185.5169660678642	49.994011976047865
359	30	1	85.61876247504995	140.40119760479038
359	31	1	8.968	75.26999999999995
359	32	1	15.545999999999996	57.20400000000001
359	33	1	87.26799999999992	58.45799999999998
359	34	1	190.7684630738523	86.52295409181626
359	35	1	94.18799999999999	190.72800000000007
359	36	1	21.259481037924147	175.47904191616766
359	37	1	27.57370517928286	42.23705179282865
359	38	1	29.72799999999999	71.96600000000002
359	39	1	141.54491017964074	154.53493013972053
359	40	1	197.31536926147706	31.840319361277423
359	41	1	15.788	20.878
359	42	1	177.94999999999993	81.02399999999999
359	43	1	23.08782435129738	100.01197604790423
359	44	1	42.12399999999999	107.00600000000001
359	45	1	19.477045908183623	194.4850299401198
360	1	2	5.115702479338843	5.400826446280992
360	2	2	5.110169491525425	45.39830508474574
360	3	2	5.251028806584367	86.4979423868313
360	4	2	5.036000000000001	124.94399999999997
360	5	2	4.9999999999999964	165.00000000000009
360	6	2	44.988	5.104000000000002
360	7	2	45.40400000000003	45.13199999999998
360	8	2	45.12295081967211	84.8770491803279
360	9	2	45.132	125.40399999999994
360	10	2	45.502008032128465	164.32931726907637
360	11	2	84.99999999999997	5.000000000000002
360	12	2	83.71600000000002	44.44800000000001
360	13	2	85.01200000000003	85.10400000000001
360	14	2	84.988	124.89599999999994
360	15	2	84.99999999999997	164.99999999999991
360	16	2	125.07199999999999	4.939999999999999
360	17	2	125.12400000000005	45.00400000000004
360	18	2	125.05599999999998	84.97199999999994
360	19	2	124.828	124.97199999999997
360	20	2	125.148	165.03999999999996
360	21	2	164.99999999999994	5.000000000000002
360	22	2	164.99999999999994	45.00000000000002
360	23	2	164.36864406779657	84.7330508474576
360	24	2	164.86000000000004	125.01200000000001
360	25	2	165.33600000000004	165.10799999999998
360	26	1	182.22599999999997	16.373999999999985
360	27	1	155.17399999999986	146.34800000000004
360	28	1	35.62674650698607	18.990019960079824
360	29	1	185.3820000000001	49.97200000000001
360	30	1	85.61200000000004	140.3679999999999
360	31	1	9.051999999999998	75.338
360	32	1	15.475049900199604	57.22554890219563
360	33	1	87.18962075848299	58.35928143712577
360	34	1	190.72854291417164	86.35528942115768
360	35	1	94.17799999999993	190.75400000000005
360	36	1	21.241999999999994	175.44199999999998
360	37	1	27.56287425149704	42.20359281437121
360	38	1	29.69660678642714	71.94810379241513
360	39	1	141.58682634730556	154.566866267465
360	40	1	197.28343313373253	31.908183632734502
360	41	1	15.712574850299404	20.924151696606785
360	42	1	177.96600000000004	81.116
360	43	1	23.12175648702595	99.96606786427135
360	44	1	42.063999999999986	106.99799999999998
360	45	1	19.526946107784422	194.49500998003998
361	1	2	5.115702479338843	5.400826446280992
361	2	2	5.110169491525425	45.39830508474574
361	3	2	5.251028806584367	86.4979423868313
361	4	2	5.036000000000001	124.94399999999997
361	5	2	4.9999999999999964	165.00000000000009
361	6	2	44.988	5.104000000000002
361	7	2	45.40400000000003	45.13199999999998
361	8	2	45.12295081967211	84.8770491803279
361	9	2	45.132	125.40399999999994
361	10	2	45.502008032128465	164.32931726907637
361	11	2	84.99999999999997	5.000000000000002
361	12	2	83.71600000000002	44.44800000000001
361	13	2	85.01200000000003	85.10400000000001
361	14	2	84.988	124.89599999999994
361	15	2	84.99999999999997	164.99999999999991
361	16	2	125.07199999999999	4.939999999999999
361	17	2	125.12400000000005	45.00400000000004
361	18	2	125.05599999999998	84.97199999999994
361	19	2	124.828	124.97199999999997
361	20	2	125.148	165.03999999999996
361	21	2	164.99999999999994	5.000000000000002
361	22	2	164.99999999999994	45.00000000000002
361	23	2	164.36864406779657	84.7330508474576
361	24	2	164.86000000000004	125.01200000000001
361	25	2	165.33600000000004	165.10799999999998
361	26	1	182.142	16.418000000000013
361	27	1	155.1779999999999	146.36599999999999
361	28	1	35.589999999999996	19.019999999999982
361	29	1	185.40600000000012	50.063999999999965
361	30	1	85.692614770459	140.32934131736513
361	31	1	8.997999999999987	75.31399999999996
361	32	1	15.388777555110238	57.22044088176354
361	33	1	87.13399999999993	58.30199999999998
361	34	1	190.71800000000002	86.47
361	35	1	94.19760479041913	190.74051896207595
361	36	1	21.285429141716566	175.4171656686627
361	37	1	27.663346613545816	42.21314741035856
361	38	1	29.62075848303395	71.93213572854289
361	39	1	141.5269461077846	154.56487025948115
361	40	1	197.332	31.987999999999985
361	41	1	15.457085828343311	20.83832335329343
361	42	1	178.001996007984	81.14970059880234
361	43	1	23.15430861723446	99.87374749498994
361	44	1	41.95409181636723	106.99401197604796
361	45	1	19.546906187624742	194.55289421157693
362	1	2	5.115702479338843	5.400826446280992
362	2	2	5.110169491525425	45.39830508474574
362	3	2	5.251028806584367	86.4979423868313
362	4	2	5.036000000000001	124.94399999999997
362	5	2	4.9999999999999964	165.00000000000009
362	6	2	44.988	5.104000000000002
362	7	2	45.40400000000003	45.13199999999998
362	8	2	45.12295081967211	84.8770491803279
362	9	2	45.132	125.40399999999994
362	10	2	45.502008032128465	164.32931726907637
362	11	2	84.99999999999997	5.000000000000002
362	12	2	83.71600000000002	44.44800000000001
362	13	2	85.01200000000003	85.10400000000001
362	14	2	84.988	124.89599999999994
362	15	2	84.99999999999997	164.99999999999991
362	16	2	125.07199999999999	4.939999999999999
362	17	2	125.12400000000005	45.00400000000004
362	18	2	125.05599999999998	84.97199999999994
362	19	2	124.828	124.97199999999997
362	20	2	125.148	165.03999999999996
362	21	2	164.99999999999994	5.000000000000002
362	22	2	164.99999999999994	45.00000000000002
362	23	2	164.36864406779657	84.7330508474576
362	24	2	164.86000000000004	125.01200000000001
362	25	2	165.33600000000004	165.10799999999998
362	26	1	182.12400000000002	16.471999999999987
362	27	1	155.21357285429158	146.35329341317353
362	28	1	35.55577689243028	19.045816733067717
362	29	1	185.20240480961928	50.11422845691382
362	30	1	85.71856287425156	140.36926147704582
362	31	1	9.025948103792421	75.34730538922155
362	32	1	15.388446215139435	57.20318725099598
362	33	1	87.08582834331337	58.18762475049897
362	34	1	190.742	86.438
362	35	1	94.19599999999997	190.74
362	36	1	21.33	175.37599999999998
362	37	1	27.76646706586825	42.17165668662672
362	38	1	29.621999999999996	72.0259999999999
362	39	1	141.5049900199602	154.67265469061894
362	40	1	197.3373253493014	32.12574850299401
362	41	1	15.2315369261477	20.824351297405165
362	42	1	178.0259481037925	81.28343313373247
362	43	1	23.24000000000001	99.90199999999993
362	44	1	41.966	106.98999999999998
362	45	1	19.502994011976043	194.5049900199602
363	1	2	5.115702479338843	5.400826446280992
363	2	2	5.110169491525425	45.39830508474574
363	3	2	5.251028806584367	86.4979423868313
363	4	2	5.036000000000001	124.94399999999997
363	5	2	4.9999999999999964	165.00000000000009
363	6	2	44.988	5.104000000000002
363	7	2	45.40400000000003	45.13199999999998
363	8	2	45.12295081967211	84.8770491803279
363	9	2	45.132	125.40399999999994
363	10	2	45.502008032128465	164.32931726907637
363	11	2	84.99999999999997	5.000000000000002
363	12	2	83.71600000000002	44.44800000000001
363	13	2	85.01200000000003	85.10400000000001
363	14	2	84.988	124.89599999999994
363	15	2	84.99999999999997	164.99999999999991
363	16	2	125.07199999999999	4.939999999999999
363	17	2	125.12400000000005	45.00400000000004
363	18	2	125.05599999999998	84.97199999999994
363	19	2	124.828	124.97199999999997
363	20	2	125.148	165.03999999999996
363	21	2	164.99999999999994	5.000000000000002
363	22	2	164.99999999999994	45.00000000000002
363	23	2	164.36864406779657	84.7330508474576
363	24	2	164.86000000000004	125.01200000000001
363	25	2	165.33600000000004	165.10799999999998
363	26	1	182.15968063872256	16.54491017964072
363	27	1	155.2220000000001	146.40799999999993
363	28	1	35.532934131736525	19.089820359281426
363	29	1	185.11354581673316	50.13147410358569
363	30	1	85.75000000000006	140.39199999999988
363	31	1	9.035928143712576	75.3632734530938
363	32	1	15.471057884231522	57.193612774451076
363	33	1	87.05599999999997	58.184
363	34	1	190.73399999999998	86.37799999999991
363	35	1	94.16599999999997	190.70600000000013
363	36	1	21.155688622754518	175.3952095808384
363	37	1	27.800796812749	42.10557768924303
363	38	1	29.49900199600799	72.14171656686625
363	39	1	141.55800000000005	154.54600000000005
363	40	1	197.322	32.20599999999995
363	41	1	15.093999999999996	20.786000000000023
363	42	1	178.061876247505	81.35329341317362
363	43	1	23.33799999999998	99.79599999999995
363	44	1	41.71600000000005	107.08999999999996
363	45	1	19.365269461077844	194.5289421157685
364	1	2	5.115702479338843	5.400826446280992
364	2	2	5.110169491525425	45.39830508474574
364	3	2	5.251028806584367	86.4979423868313
364	4	2	5.036000000000001	124.94399999999997
364	5	2	4.9999999999999964	165.00000000000009
364	6	2	44.988	5.104000000000002
364	7	2	45.40400000000003	45.13199999999998
364	8	2	45.12295081967211	84.8770491803279
364	9	2	45.132	125.40399999999994
364	10	2	45.502008032128465	164.32931726907637
364	11	2	84.99999999999997	5.000000000000002
364	12	2	83.71600000000002	44.44800000000001
364	13	2	85.01200000000003	85.10400000000001
364	14	2	84.988	124.89599999999994
364	15	2	84.99999999999997	164.99999999999991
364	16	2	125.07199999999999	4.939999999999999
364	17	2	125.12400000000005	45.00400000000004
364	18	2	125.05599999999998	84.97199999999994
364	19	2	124.828	124.97199999999997
364	20	2	125.148	165.03999999999996
364	21	2	164.99999999999994	5.000000000000002
364	22	2	164.99999999999994	45.00000000000002
364	23	2	164.36864406779657	84.7330508474576
364	24	2	164.86000000000004	125.01200000000001
364	25	2	165.33600000000004	165.10799999999998
364	26	1	182.18399999999997	16.68400000000002
364	27	1	155.29341317365274	146.48303393213564
364	28	1	35.50200000000002	19.066
364	29	1	185.08383233532942	50.089820359281454
364	30	1	85.72800000000004	140.34199999999993
364	31	1	9.070140280561123	75.36472945891785
364	32	1	15.507999999999992	57.226
364	33	1	86.96600000000008	58.15599999999997
364	34	1	190.662	86.17600000000004
364	35	1	94.06000000000002	190.53199999999995
364	36	1	21.077999999999996	175.4360000000001
364	37	1	27.946	42.08799999999997
364	38	1	29.40518962075848	72.18962075848306
364	39	1	141.52095808383248	154.55489021956078
364	40	1	197.52295409181636	32.29740518962076
364	41	1	14.970059880239523	20.736526946107784
364	42	1	178.08617234468934	81.36673346693391
364	43	1	23.29799999999998	99.73799999999997
364	44	1	41.72455089820362	107.10978043912168
364	45	1	19.332000000000004	194.52399999999994
365	1	2	5.115702479338843	5.400826446280992
365	2	2	5.110169491525425	45.39830508474574
365	3	2	5.251028806584367	86.4979423868313
365	4	2	5.036000000000001	124.94399999999997
365	5	2	4.9999999999999964	165.00000000000009
365	6	2	44.988	5.104000000000002
365	7	2	45.40400000000003	45.13199999999998
365	8	2	45.12295081967211	84.8770491803279
365	9	2	45.132	125.40399999999994
365	10	2	45.502008032128465	164.32931726907637
365	11	2	84.99999999999997	5.000000000000002
365	12	2	83.71600000000002	44.44800000000001
365	13	2	85.01200000000003	85.10400000000001
365	14	2	84.988	124.89599999999994
365	15	2	84.99999999999997	164.99999999999991
365	16	2	125.07199999999999	4.939999999999999
365	17	2	125.12400000000005	45.00400000000004
365	18	2	125.05599999999998	84.97199999999994
365	19	2	124.828	124.97199999999997
365	20	2	125.148	165.03999999999996
365	21	2	164.99999999999994	5.000000000000002
365	22	2	164.99999999999994	45.00000000000002
365	23	2	164.36864406779657	84.7330508474576
365	24	2	164.86000000000004	125.01200000000001
365	25	2	165.33600000000004	165.10799999999998
365	26	1	182.266	16.632
365	27	1	155.28056112224448	146.51903807615227
365	28	1	35.52199999999999	19.155999999999988
365	29	1	185.01197604790414	50.02195608782438
365	30	1	85.82634730538925	140.3273453093813
365	31	1	9.235528942115769	75.47904191616762
365	32	1	15.579681274900393	57.20717131474103
365	33	1	86.94999999999997	58.14999999999998
365	34	1	190.6766467065868	85.99001996007986
365	35	1	94.1077844311378	190.4950099800398
365	36	1	21.10379241516966	175.40718562874238
365	37	1	27.98400000000001	41.928000000000026
365	38	1	29.44510978043912	72.32734530938126
365	39	1	141.5209580838324	154.55489021956072
365	40	1	197.574	32.370000000000005
365	41	1	14.794411177644712	20.610778443113773
365	42	1	178.11576846307383	81.33732534930141
365	43	1	23.492000000000004	99.67
365	44	1	41.662674650698584	107.12974051896214
365	45	1	19.246492985971955	194.44889779559114
366	1	2	5.115702479338843	5.400826446280992
366	2	2	5.110169491525425	45.39830508474574
366	3	2	5.251028806584367	86.4979423868313
366	4	2	5.036000000000001	124.94399999999997
366	5	2	4.9999999999999964	165.00000000000009
366	6	2	44.988	5.104000000000002
366	7	2	45.40400000000003	45.13199999999998
366	8	2	45.12295081967211	84.8770491803279
366	9	2	45.132	125.40399999999994
366	10	2	45.502008032128465	164.32931726907637
366	11	2	84.99999999999997	5.000000000000002
366	12	2	83.71600000000002	44.44800000000001
366	13	2	85.01200000000003	85.10400000000001
366	14	2	84.988	124.89599999999994
366	15	2	84.99999999999997	164.99999999999991
366	16	2	125.07199999999999	4.939999999999999
366	17	2	125.12400000000005	45.00400000000004
366	18	2	125.05599999999998	84.97199999999994
366	19	2	124.828	124.97199999999997
366	20	2	125.148	165.03999999999996
366	21	2	164.99999999999994	5.000000000000002
366	22	2	164.99999999999994	45.00000000000002
366	23	2	164.36864406779657	84.7330508474576
366	24	2	164.86000000000004	125.01200000000001
366	25	2	165.33600000000004	165.10799999999998
366	26	1	182.14171656686625	16.670658682634723
366	27	1	155.30400000000012	146.44800000000006
366	28	1	35.49301397205592	19.1437125748503
366	29	1	184.99600798403193	50.05389221556891
366	30	1	85.85799999999989	140.34400000000014
366	31	1	9.279999999999996	75.484
366	32	1	15.558000000000005	57.19600000000002
366	33	1	86.84400000000004	58.049999999999955
366	34	1	190.73346693386773	85.93587174348707
366	35	1	94.18163672654686	190.45309381237516
366	36	1	21.001996007984037	175.3912175648703
366	37	1	28.04191616766467	41.96806387225549
366	38	1	29.44023904382471	72.39043824701193
366	39	1	141.55799999999988	154.42600000000004
366	40	1	197.62075848303394	32.37524950099804
366	41	1	14.768463073852294	20.59880239520958
366	42	1	178.16999999999976	81.34799999999996
366	43	1	23.528942115768466	99.7285429141716
366	44	1	41.639999999999965	107.126
366	45	1	19.296000000000014	194.35600000000025
367	1	2	5.115702479338843	5.400826446280992
367	2	2	5.110169491525425	45.39830508474574
367	3	2	5.251028806584367	86.4979423868313
367	4	2	5.036000000000001	124.94399999999997
367	5	2	4.9999999999999964	165.00000000000009
367	6	2	44.988	5.104000000000002
367	7	2	45.40400000000003	45.13199999999998
367	8	2	45.12295081967211	84.8770491803279
367	9	2	45.132	125.40399999999994
367	10	2	45.502008032128465	164.32931726907637
367	11	2	84.99999999999997	5.000000000000002
367	12	2	83.71600000000002	44.44800000000001
367	13	2	85.01200000000003	85.10400000000001
367	14	2	84.988	124.89599999999994
367	15	2	84.99999999999997	164.99999999999991
367	16	2	125.07199999999999	4.939999999999999
367	17	2	125.12400000000005	45.00400000000004
367	18	2	125.05599999999998	84.97199999999994
367	19	2	124.828	124.97199999999997
367	20	2	125.148	165.03999999999996
367	21	2	164.99999999999994	5.000000000000002
367	22	2	164.99999999999994	45.00000000000002
367	23	2	164.36864406779657	84.7330508474576
367	24	2	164.86000000000004	125.01200000000001
367	25	2	165.33600000000004	165.10799999999998
367	26	1	182.074	16.713999999999984
367	27	1	155.28942115768498	146.4051896207584
367	28	1	35.41117764471058	19.08582834331337
367	29	1	184.94211576846308	50.019960079840345
367	30	1	85.8997995991984	140.30661322645304
367	31	1	9.388000000000005	75.60800000000003
367	32	1	15.598802395209562	57.191616766467114
367	33	1	86.65800000000003	57.900000000000006
367	34	1	190.71800000000002	85.72400000000002
367	35	1	94.22799999999994	190.33000000000013
367	36	1	20.99800000000002	175.41599999999994
367	37	1	28.09819639278558	41.91182364729456
367	38	1	29.42115768463071	72.36526946107779
367	39	1	141.5600000000002	154.2519999999999
367	40	1	197.69061876247505	32.451097804391225
367	41	1	14.60800000000001	20.537999999999986
367	42	1	178.16200000000003	81.33999999999996
367	43	1	23.679999999999996	99.55200000000005
367	44	1	41.60878243512975	107.0978043912176
367	45	1	19.274000000000022	194.31600000000014
368	1	2	5.115702479338843	5.400826446280992
368	2	2	5.110169491525425	45.39830508474574
368	3	2	5.251028806584367	86.4979423868313
368	4	2	5.036000000000001	124.94399999999997
368	5	2	4.9999999999999964	165.00000000000009
368	6	2	44.988	5.104000000000002
368	7	2	45.40400000000003	45.13199999999998
368	8	2	45.12295081967211	84.8770491803279
368	9	2	45.132	125.40399999999994
368	10	2	45.502008032128465	164.32931726907637
368	11	2	84.99999999999997	5.000000000000002
368	12	2	83.71600000000002	44.44800000000001
368	13	2	85.01200000000003	85.10400000000001
368	14	2	84.988	124.89599999999994
368	15	2	84.99999999999997	164.99999999999991
368	16	2	125.07199999999999	4.939999999999999
368	17	2	125.12400000000005	45.00400000000004
368	18	2	125.05599999999998	84.97199999999994
368	19	2	124.828	124.97199999999997
368	20	2	125.148	165.03999999999996
368	21	2	164.99999999999994	5.000000000000002
368	22	2	164.99999999999994	45.00000000000002
368	23	2	164.36864406779657	84.7330508474576
368	24	2	164.86000000000004	125.01200000000001
368	25	2	165.33600000000004	165.10799999999998
368	26	1	182.01596806387226	16.758483033932144
368	27	1	155.314	146.3959999999999
368	28	1	35.34800000000002	19.182000000000006
368	29	1	184.78800000000015	49.978
368	30	1	85.89199999999994	140.35600000000002
368	31	1	9.383999999999995	75.62199999999996
368	32	1	15.463999999999993	57.25599999999996
368	33	1	86.65800000000003	57.900000000000006
368	34	1	190.7	85.71400000000001
368	35	1	94.24600000000004	190.27600000000007
368	36	1	20.951999999999995	175.45000000000002
368	37	1	28.048000000000005	41.913999999999994
368	38	1	29.465069860279424	72.37724550898206
368	39	1	141.57400000000007	154.28999999999994
368	40	1	197.81437125748502	32.53093812375253
368	41	1	14.554000000000002	20.47199999999999
368	42	1	178.13373253493003	81.24550898203599
368	43	1	23.688622754491014	99.46107784431143
368	44	1	41.58600000000002	107.07800000000006
368	45	1	19.131736526946117	194.28742514970068
369	1	2	5.115702479338843	5.400826446280992
369	2	2	5.110169491525425	45.39830508474574
369	3	2	5.251028806584367	86.4979423868313
369	4	2	5.036000000000001	124.94399999999997
369	5	2	4.9999999999999964	165.00000000000009
369	6	2	44.988	5.104000000000002
369	7	2	45.40400000000003	45.13199999999998
369	8	2	45.12295081967211	84.8770491803279
369	9	2	45.132	125.40399999999994
369	10	2	45.502008032128465	164.32931726907637
369	11	2	84.99999999999997	5.000000000000002
369	12	2	83.71600000000002	44.44800000000001
369	13	2	85.01200000000003	85.10400000000001
369	14	2	84.988	124.89599999999994
369	15	2	84.99999999999997	164.99999999999991
369	16	2	125.07199999999999	4.939999999999999
369	17	2	125.12400000000005	45.00400000000004
369	18	2	125.05599999999998	84.97199999999994
369	19	2	124.828	124.97199999999997
369	20	2	125.148	165.03999999999996
369	21	2	164.99999999999994	5.000000000000002
369	22	2	164.99999999999994	45.00000000000002
369	23	2	164.36864406779657	84.7330508474576
369	24	2	164.86000000000004	125.01200000000001
369	25	2	165.33600000000004	165.10799999999998
369	26	1	181.98	16.723999999999997
369	27	1	155.36472945891785	146.43286573146315
369	28	1	35.35528942115765	19.263473053892227
369	29	1	184.74451097804396	49.90419161676647
369	30	1	85.7540000000001	140.342
369	31	1	9.51097804391218	75.7844311377246
369	32	1	15.438	57.294
369	33	1	86.53800000000005	57.82999999999998
369	34	1	190.70858283433134	85.69860279441129
369	35	1	94.20999999999992	190.22799999999995
369	36	1	20.93999999999999	175.44600000000008
369	37	1	28.006000000000004	41.838000000000044
369	38	1	29.478	72.36000000000004
369	39	1	141.612	154.2240000000002
369	40	1	197.844	32.61599999999997
369	41	1	14.455089820359282	20.42315369261476
369	42	1	178.17034068136252	81.21843687374754
369	43	1	23.742514970059876	99.47504990019961
369	44	1	41.526946107784454	107.10578842315365
369	45	1	18.98403193612775	194.2435129740518
370	1	2	5.115702479338843	5.400826446280992
370	2	2	5.110169491525425	45.39830508474574
370	3	2	5.251028806584367	86.4979423868313
370	4	2	5.036000000000001	124.94399999999997
370	5	2	4.9999999999999964	165.00000000000009
370	6	2	44.988	5.104000000000002
370	7	2	45.40400000000003	45.13199999999998
370	8	2	45.12295081967211	84.8770491803279
370	9	2	45.132	125.40399999999994
370	10	2	45.502008032128465	164.32931726907637
370	11	2	84.99999999999997	5.000000000000002
370	12	2	83.71600000000002	44.44800000000001
370	13	2	85.01200000000003	85.10400000000001
370	14	2	84.988	124.89599999999994
370	15	2	84.99999999999997	164.99999999999991
370	16	2	125.07199999999999	4.939999999999999
370	17	2	125.12400000000005	45.00400000000004
370	18	2	125.05599999999998	84.97199999999994
370	19	2	124.828	124.97199999999997
370	20	2	125.148	165.03999999999996
370	21	2	164.99999999999994	5.000000000000002
370	22	2	164.99999999999994	45.00000000000002
370	23	2	164.36864406779657	84.7330508474576
370	24	2	164.86000000000004	125.01200000000001
370	25	2	165.33600000000004	165.10799999999998
370	26	1	181.892	16.810000000000006
370	27	1	155.35800000000015	146.35400000000004
370	28	1	35.346000000000004	19.34599999999999
370	29	1	184.68263473053904	49.88423153692614
370	30	1	85.56999999999994	140.43999999999977
370	31	1	9.484000000000007	75.77000000000018
370	32	1	15.402000000000005	57.285999999999994
370	33	1	86.54291417165669	57.848303393213584
370	34	1	190.7185628742515	85.67465069860276
370	35	1	94.05199999999995	190.11600000000007
370	36	1	20.88423153692613	175.50698602794415
370	37	1	28.114228456913825	41.897795591182366
370	38	1	29.45309381237526	72.42714570858286
370	39	1	141.52599999999984	154.1600000000001
370	40	1	198.026	32.63800000000004
370	41	1	14.361277445109772	20.39121756487026
370	42	1	178.19999999999976	81.04800000000003
370	43	1	23.759999999999984	99.34600000000005
370	44	1	41.499999999999964	107.08600000000007
370	45	1	18.790419161676642	194.22355289421154
371	1	2	5.115702479338843	5.400826446280992
371	2	2	5.110169491525425	45.39830508474574
371	3	2	5.251028806584367	86.4979423868313
371	4	2	5.036000000000001	124.94399999999997
371	5	2	4.9999999999999964	165.00000000000009
371	6	2	44.988	5.104000000000002
371	7	2	45.40400000000003	45.13199999999998
371	8	2	45.12295081967211	84.8770491803279
371	9	2	45.132	125.40399999999994
371	10	2	45.502008032128465	164.32931726907637
371	11	2	84.99999999999997	5.000000000000002
371	12	2	83.71600000000002	44.44800000000001
371	13	2	85.01200000000003	85.10400000000001
371	14	2	84.988	124.89599999999994
371	15	2	84.99999999999997	164.99999999999991
371	16	2	125.07199999999999	4.939999999999999
371	17	2	125.12400000000005	45.00400000000004
371	18	2	125.05599999999998	84.97199999999994
371	19	2	124.828	124.97199999999997
371	20	2	125.148	165.03999999999996
371	21	2	164.99999999999994	5.000000000000002
371	22	2	164.99999999999994	45.00000000000002
371	23	2	164.36864406779657	84.7330508474576
371	24	2	164.86000000000004	125.01200000000001
371	25	2	165.33600000000004	165.10799999999998
371	26	1	181.888	16.824000000000005
371	27	1	155.40400000000008	146.46800000000007
371	28	1	35.40600000000001	19.39999999999999
371	29	1	184.69	49.89999999999999
371	30	1	85.58199999999992	140.3999999999998
371	31	1	9.548902195608784	75.81636726546914
371	32	1	15.407999999999987	57.29599999999994
371	33	1	86.56399999999998	57.841999999999956
371	34	1	190.712	85.61799999999998
371	35	1	93.98403193612775	189.99800399201612
371	36	1	20.920159680638708	175.49101796407172
371	37	1	28.161354581673315	41.8605577689243
371	38	1	29.474000000000014	72.43200000000006
371	39	1	141.47199999999975	154.06999999999994
371	40	1	198.08383233532933	32.618762475049884
371	41	1	14.304000000000002	20.266000000000002
371	42	1	178.2015968063871	80.92015968063873
371	43	1	23.826	99.2719999999999
371	44	1	41.50400000000001	107.07999999999991
371	45	1	18.78000000000001	194.15000000000012
372	1	2	5.115702479338843	5.400826446280992
372	2	2	5.110169491525425	45.39830508474574
372	3	2	5.251028806584367	86.4979423868313
372	4	2	5.036000000000001	124.94399999999997
372	5	2	4.9999999999999964	165.00000000000009
372	6	2	44.988	5.104000000000002
372	7	2	45.40400000000003	45.13199999999998
372	8	2	45.12295081967211	84.8770491803279
372	9	2	45.132	125.40399999999994
372	10	2	45.502008032128465	164.32931726907637
372	11	2	84.99999999999997	5.000000000000002
372	12	2	83.71600000000002	44.44800000000001
372	13	2	85.01200000000003	85.10400000000001
372	14	2	84.988	124.89599999999994
372	15	2	84.99999999999997	164.99999999999991
372	16	2	125.07199999999999	4.939999999999999
372	17	2	125.12400000000005	45.00400000000004
372	18	2	125.05599999999998	84.97199999999994
372	19	2	124.828	124.97199999999997
372	20	2	125.148	165.03999999999996
372	21	2	164.99999999999994	5.000000000000002
372	22	2	164.99999999999994	45.00000000000002
372	23	2	164.36864406779657	84.7330508474576
372	24	2	164.86000000000004	125.01200000000001
372	25	2	165.33600000000004	165.10799999999998
372	26	1	181.88622754491018	16.86427145708584
372	27	1	155.42799999999997	146.36999999999992
372	28	1	35.30876494023908	19.27290836653386
372	29	1	184.60800000000012	49.96
372	30	1	85.58882235528944	140.41916167664664
372	31	1	9.539999999999981	75.77400000000003
372	32	1	15.480961923847694	57.290581162324656
372	33	1	86.56600000000002	57.85199999999998
372	34	1	190.72055888223554	85.59481037924152
372	35	1	93.99400000000003	189.96400000000008
372	36	1	20.980039920159673	175.5109780439123
372	37	1	28.194388777555098	41.863727454909835
372	38	1	29.48502994011976	72.49101796407187
372	39	1	141.4879999999999	154.05
372	40	1	198.16367265469063	32.73253493013978
372	41	1	14.225548902195616	20.363273453093804
372	42	1	178.2239999999999	81.03199999999995
372	43	1	23.760479041916167	99.23752495009978
372	44	1	41.55200000000002	107.03199999999994
372	45	1	18.57200000000001	194.21200000000005
373	1	2	5.115702479338843	5.400826446280992
373	2	2	5.110169491525425	45.39830508474574
373	3	2	5.251028806584367	86.4979423868313
373	4	2	5.036000000000001	124.94399999999997
373	5	2	4.9999999999999964	165.00000000000009
373	6	2	44.988	5.104000000000002
373	7	2	45.40400000000003	45.13199999999998
373	8	2	45.12295081967211	84.8770491803279
373	9	2	45.132	125.40399999999994
373	10	2	45.502008032128465	164.32931726907637
373	11	2	84.99999999999997	5.000000000000002
373	12	2	83.71600000000002	44.44800000000001
373	13	2	85.01200000000003	85.10400000000001
373	14	2	84.988	124.89599999999994
373	15	2	84.99999999999997	164.99999999999991
373	16	2	125.07199999999999	4.939999999999999
373	17	2	125.12400000000005	45.00400000000004
373	18	2	125.05599999999998	84.97199999999994
373	19	2	124.828	124.97199999999997
373	20	2	125.148	165.03999999999996
373	21	2	164.99999999999994	5.000000000000002
373	22	2	164.99999999999994	45.00000000000002
373	23	2	164.36864406779657	84.7330508474576
373	24	2	164.86000000000004	125.01200000000001
373	25	2	165.33600000000004	165.10799999999998
373	26	1	181.836	16.836000000000016
373	27	1	155.36399999999995	146.2919999999999
373	28	1	35.249500998004024	19.247504990019966
373	29	1	184.53599999999983	49.94200000000001
373	30	1	85.52600000000002	140.43399999999997
373	31	1	9.602794411177644	75.78443113772462
373	32	1	15.510978043912163	57.27944111776449
373	33	1	86.56600000000002	57.85199999999998
373	34	1	190.70340681362725	85.44288577154305
373	35	1	93.88799999999992	189.92999999999984
373	36	1	21.019960079840335	175.5489021956088
373	37	1	28.22645290581162	41.76553106212426
373	38	1	29.499999999999986	72.55400000000009
373	39	1	141.379241516966	154.09980039920168
373	40	1	198.16932270916334	32.76892430278885
373	41	1	14.08582834331337	20.307385229540948
373	42	1	178.2115768463075	80.90419161676651
373	43	1	23.778443113772433	99.17964071856288
373	44	1	41.43200000000002	107.07000000000008
373	45	1	18.37399999999999	194.16000000000025
374	1	2	5.115702479338843	5.400826446280992
374	2	2	5.110169491525425	45.39830508474574
374	3	2	5.251028806584367	86.4979423868313
374	4	2	5.036000000000001	124.94399999999997
374	5	2	4.9999999999999964	165.00000000000009
374	6	2	44.988	5.104000000000002
374	7	2	45.40400000000003	45.13199999999998
374	8	2	45.12295081967211	84.8770491803279
374	9	2	45.132	125.40399999999994
374	10	2	45.502008032128465	164.32931726907637
374	11	2	84.99999999999997	5.000000000000002
374	12	2	83.71600000000002	44.44800000000001
374	13	2	85.01200000000003	85.10400000000001
374	14	2	84.988	124.89599999999994
374	15	2	84.99999999999997	164.99999999999991
374	16	2	125.07199999999999	4.939999999999999
374	17	2	125.12400000000005	45.00400000000004
374	18	2	125.05599999999998	84.97199999999994
374	19	2	124.828	124.97199999999997
374	20	2	125.148	165.03999999999996
374	21	2	164.99999999999994	5.000000000000002
374	22	2	164.99999999999994	45.00000000000002
374	23	2	164.36864406779657	84.7330508474576
374	24	2	164.86000000000004	125.01200000000001
374	25	2	165.33600000000004	165.10799999999998
374	26	1	181.90419161676647	16.940119760479057
374	27	1	155.40400000000002	146.25799999999987
374	28	1	35.23153692614772	19.26746506986029
374	29	1	184.37924151696615	49.96007984031937
374	30	1	85.53399999999998	140.47800000000007
374	31	1	9.661354581673303	75.78685258964146
374	32	1	15.439999999999996	57.31399999999997
374	33	1	86.48399999999994	57.8
374	34	1	190.6993987975952	85.32064128256508
374	35	1	93.79199999999996	189.85400000000013
374	36	1	20.908	175.69799999999998
374	37	1	28.18562874251498	41.7205588822355
374	38	1	29.587174348697406	72.51903807615221
374	39	1	141.37074148296585	153.8597194388777
374	40	1	198.256	32.86199999999998
374	41	1	14.066132264529067	20.256513026052083
374	42	1	178.16400000000016	80.844
374	43	1	23.726546906187615	99.08782435129736
374	44	1	41.31200000000002	107.17000000000006
374	45	1	18.283433133732537	194.18363273453082
375	1	2	5.115702479338843	5.400826446280992
375	2	2	5.110169491525425	45.39830508474574
375	3	2	5.251028806584367	86.4979423868313
375	4	2	5.036000000000001	124.94399999999997
375	5	2	4.9999999999999964	165.00000000000009
375	6	2	44.988	5.104000000000002
375	7	2	45.40400000000003	45.13199999999998
375	8	2	45.12295081967211	84.8770491803279
375	9	2	45.132	125.40399999999994
375	10	2	45.502008032128465	164.32931726907637
375	11	2	84.99999999999997	5.000000000000002
375	12	2	83.71600000000002	44.44800000000001
375	13	2	85.01200000000003	85.10400000000001
375	14	2	84.988	124.89599999999994
375	15	2	84.99999999999997	164.99999999999991
375	16	2	125.07199999999999	4.939999999999999
375	17	2	125.12400000000005	45.00400000000004
375	18	2	125.05599999999998	84.97199999999994
375	19	2	124.828	124.97199999999997
375	20	2	125.148	165.03999999999996
375	21	2	164.99999999999994	5.000000000000002
375	22	2	164.99999999999994	45.00000000000002
375	23	2	164.36864406779657	84.7330508474576
375	24	2	164.86000000000004	125.01200000000001
375	25	2	165.33600000000004	165.10799999999998
375	26	1	181.92	16.92799999999999
375	27	1	155.40319361277463	146.11576846307375
375	28	1	35.243512974051896	19.345309381237517
375	29	1	184.36000000000018	50.029999999999966
375	30	1	85.37999999999998	140.532
375	31	1	9.778443113772445	75.80638722554887
375	32	1	15.399201596806387	57.249500998004095
375	33	1	86.53200000000007	57.80800000000002
375	34	1	190.70000000000002	85.21200000000005
375	35	1	93.75800000000002	189.74999999999997
375	36	1	20.88822355289421	175.79441117764483
375	37	1	28.15199999999998	41.56999999999997
375	38	1	29.648	72.46000000000002
375	39	1	141.20599999999985	153.80599999999995
375	40	1	198.088	32.89800000000001
375	41	1	14.022044088176353	20.184368737474966
375	42	1	178.18036072144287	80.8276553106212
375	43	1	23.73000000000001	99.03599999999997
375	44	1	41.219999999999985	107.17000000000009
375	45	1	18.011976047904177	194.1816367265472
376	1	2	5.115702479338843	5.400826446280992
376	2	2	5.110169491525425	45.39830508474574
376	3	2	5.251028806584367	86.4979423868313
376	4	2	5.036000000000001	124.94399999999997
376	5	2	4.9999999999999964	165.00000000000009
376	6	2	44.988	5.104000000000002
376	7	2	45.40400000000003	45.13199999999998
376	8	2	45.12295081967211	84.8770491803279
376	9	2	45.132	125.40399999999994
376	10	2	45.502008032128465	164.32931726907637
376	11	2	84.99999999999997	5.000000000000002
376	12	2	83.71600000000002	44.44800000000001
376	13	2	85.01200000000003	85.10400000000001
376	14	2	84.988	124.89599999999994
376	15	2	84.99999999999997	164.99999999999991
376	16	2	125.07199999999999	4.939999999999999
376	17	2	125.12400000000005	45.00400000000004
376	18	2	125.05599999999998	84.97199999999994
376	19	2	124.828	124.97199999999997
376	20	2	125.148	165.03999999999996
376	21	2	164.99999999999994	5.000000000000002
376	22	2	164.99999999999994	45.00000000000002
376	23	2	164.36864406779657	84.7330508474576
376	24	2	164.86000000000004	125.01200000000001
376	25	2	165.33600000000004	165.10799999999998
376	26	1	181.916	16.962000000000007
376	27	1	155.40599999999978	146.1080000000002
376	28	1	35.306000000000004	19.382000000000005
376	29	1	184.2868525896413	49.97808764940238
376	30	1	85.35329341317366	140.65469061876263
376	31	1	9.921999999999997	75.90000000000005
376	32	1	15.318725099601576	57.37051792828686
376	33	1	86.57599999999995	57.792000000000016
376	34	1	190.7564870259481	85.16566866267466
376	35	1	93.60200000000005	189.664
376	36	1	20.92000000000002	175.794
376	37	1	28.084000000000007	41.52999999999997
376	38	1	29.747494989979966	72.54909819639283
376	39	1	141.11155378486058	153.6314741035857
376	40	1	198.128	32.98199999999999
376	41	1	14.045999999999998	20.18200000000001
376	42	1	178.16367265469069	80.73652694610784
376	43	1	23.856287425149706	98.93812375249496
376	44	1	41.158000000000015	107.17600000000003
376	45	1	17.86427145708582	194.21157684630748
377	1	2	5.115702479338843	5.400826446280992
377	2	2	5.110169491525425	45.39830508474574
377	3	2	5.251028806584367	86.4979423868313
377	4	2	5.036000000000001	124.94399999999997
377	5	2	4.9999999999999964	165.00000000000009
377	6	2	44.988	5.104000000000002
377	7	2	45.40400000000003	45.13199999999998
377	8	2	45.12295081967211	84.8770491803279
377	9	2	45.132	125.40399999999994
377	10	2	45.502008032128465	164.32931726907637
377	11	2	84.99999999999997	5.000000000000002
377	12	2	83.71600000000002	44.44800000000001
377	13	2	85.01200000000003	85.10400000000001
377	14	2	84.988	124.89599999999994
377	15	2	84.99999999999997	164.99999999999991
377	16	2	125.07199999999999	4.939999999999999
377	17	2	125.12400000000005	45.00400000000004
377	18	2	125.05599999999998	84.97199999999994
377	19	2	124.828	124.97199999999997
377	20	2	125.148	165.03999999999996
377	21	2	164.99999999999994	5.000000000000002
377	22	2	164.99999999999994	45.00000000000002
377	23	2	164.36864406779657	84.7330508474576
377	24	2	164.86000000000004	125.01200000000001
377	25	2	165.33600000000004	165.10799999999998
377	26	1	181.93999999999997	16.979999999999993
377	27	1	155.382	146.0500000000001
377	28	1	35.306000000000004	19.382000000000005
377	29	1	184.18562874251498	49.92614770459081
377	30	1	85.20199999999996	140.69799999999987
377	31	1	9.993999999999998	75.97799999999998
377	32	1	15.08183632734531	57.4051896207585
377	33	1	86.61399999999999	57.79799999999997
377	34	1	190.7125748502994	85.19161676646712
377	35	1	93.52199999999995	189.584
377	36	1	20.896	175.91799999999992
377	37	1	28.045908183632733	41.46506986027944
377	38	1	29.830339321357283	72.45708582834332
377	39	1	141.06400000000025	153.6439999999998
377	40	1	198.126	33.06200000000001
377	41	1	13.914171656686623	20.18962075848303
377	42	1	178.156	80.56999999999988
377	43	1	23.797595190380743	98.89979959919843
377	44	1	41.24199999999998	107.12000000000005
377	45	1	17.77045908183633	194.22155688622757
378	1	2	5.115702479338843	5.400826446280992
378	2	2	5.110169491525425	45.39830508474574
378	3	2	5.251028806584367	86.4979423868313
378	4	2	5.036000000000001	124.94399999999997
378	5	2	4.9999999999999964	165.00000000000009
378	6	2	44.988	5.104000000000002
378	7	2	45.40400000000003	45.13199999999998
378	8	2	45.12295081967211	84.8770491803279
378	9	2	45.132	125.40399999999994
378	10	2	45.502008032128465	164.32931726907637
378	11	2	84.99999999999997	5.000000000000002
378	12	2	83.71600000000002	44.44800000000001
378	13	2	85.01200000000003	85.10400000000001
378	14	2	84.988	124.89599999999994
378	15	2	84.99999999999997	164.99999999999991
378	16	2	125.07199999999999	4.939999999999999
378	17	2	125.12400000000005	45.00400000000004
378	18	2	125.05599999999998	84.97199999999994
378	19	2	124.828	124.97199999999997
378	20	2	125.148	165.03999999999996
378	21	2	164.99999999999994	5.000000000000002
378	22	2	164.99999999999994	45.00000000000002
378	23	2	164.36864406779657	84.7330508474576
378	24	2	164.86000000000004	125.01200000000001
378	25	2	165.33600000000004	165.10799999999998
378	26	1	181.90419161676647	16.958083832335326
378	27	1	155.31337325349318	146.09381237524943
378	28	1	35.24900398406377	19.280876494023904
378	29	1	184.20999999999998	49.966000000000044
378	30	1	85.15599999999996	140.84199999999987
378	31	1	10.073999999999998	76.056
378	32	1	15.016032064128254	57.498997995991964
378	33	1	86.62800000000004	57.78199999999996
378	34	1	190.674	85.18
378	35	1	93.35856573705179	189.46613545816737
378	36	1	20.8622754491018	175.98602794411173
378	37	1	28.035928143712574	41.53692614770461
378	38	1	29.88399999999998	72.43
378	39	1	140.9380000000001	153.5360000000001
378	40	1	198.1302605210421	33.13226452905809
378	41	1	13.903999999999987	20.260000000000005
378	42	1	178.14570858283443	80.48902195608788
378	43	1	23.874000000000006	98.76000000000006
378	44	1	41.06586826347304	107.15169660678652
378	45	1	17.76247504990019	194.32734530938137
379	1	2	5.115702479338843	5.400826446280992
379	2	2	5.110169491525425	45.39830508474574
379	3	2	5.251028806584367	86.4979423868313
379	4	2	5.036000000000001	124.94399999999997
379	5	2	4.9999999999999964	165.00000000000009
379	6	2	44.988	5.104000000000002
379	7	2	45.40400000000003	45.13199999999998
379	8	2	45.12295081967211	84.8770491803279
379	9	2	45.132	125.40399999999994
379	10	2	45.502008032128465	164.32931726907637
379	11	2	84.99999999999997	5.000000000000002
379	12	2	83.71600000000002	44.44800000000001
379	13	2	85.01200000000003	85.10400000000001
379	14	2	84.988	124.89599999999994
379	15	2	84.99999999999997	164.99999999999991
379	16	2	125.07199999999999	4.939999999999999
379	17	2	125.12400000000005	45.00400000000004
379	18	2	125.05599999999998	84.97199999999994
379	19	2	124.828	124.97199999999997
379	20	2	125.148	165.03999999999996
379	21	2	164.99999999999994	5.000000000000002
379	22	2	164.99999999999994	45.00000000000002
379	23	2	164.36864406779657	84.7330508474576
379	24	2	164.86000000000004	125.01200000000001
379	25	2	165.33600000000004	165.10799999999998
379	26	1	181.85029940119762	17.0359281437126
379	27	1	155.33200000000002	146.14399999999986
379	28	1	35.14371257485029	19.1936127744511
379	29	1	184.184	49.94199999999995
379	30	1	85.05189620758489	140.98203592814374
379	31	1	10.123752495009978	76.07185628742518
379	32	1	15.005988023952092	57.55888223552889
379	33	1	86.65069860279442	57.81037924151691
379	34	1	190.672	85.2399999999999
379	35	1	93.25400000000002	189.35600000000002
379	36	1	20.84800000000001	176.0300000000001
379	37	1	27.952000000000005	41.46599999999999
379	38	1	29.95991983967934	72.51503006012015
379	39	1	140.88423153692605	153.3313373253493
379	40	1	198.144	33.16799999999998
379	41	1	13.910000000000014	20.171999999999986
379	42	1	178.162	80.46600000000008
379	43	1	23.847999999999995	98.69999999999999
379	44	1	40.87025948103798	107.18562874251501
379	45	1	17.620000000000005	194.26200000000009
380	1	2	5.115702479338843	5.400826446280992
380	2	2	5.110169491525425	45.39830508474574
380	3	2	5.251028806584367	86.4979423868313
380	4	2	5.036000000000001	124.94399999999997
380	5	2	4.9999999999999964	165.00000000000009
380	6	2	44.988	5.104000000000002
380	7	2	45.40400000000003	45.13199999999998
380	8	2	45.12295081967211	84.8770491803279
380	9	2	45.132	125.40399999999994
380	10	2	45.502008032128465	164.32931726907637
380	11	2	84.99999999999997	5.000000000000002
380	12	2	83.71600000000002	44.44800000000001
380	13	2	85.01200000000003	85.10400000000001
380	14	2	84.988	124.89599999999994
380	15	2	84.99999999999997	164.99999999999991
380	16	2	125.07199999999999	4.939999999999999
380	17	2	125.12400000000005	45.00400000000004
380	18	2	125.05599999999998	84.97199999999994
380	19	2	124.828	124.97199999999997
380	20	2	125.148	165.03999999999996
380	21	2	164.99999999999994	5.000000000000002
380	22	2	164.99999999999994	45.00000000000002
380	23	2	164.36864406779657	84.7330508474576
380	24	2	164.86000000000004	125.01200000000001
380	25	2	165.33600000000004	165.10799999999998
380	26	1	181.83433133732535	17.057884231536935
380	27	1	155.29600000000002	146.11200000000014
380	28	1	35.171656686626726	19.209580838323348
380	29	1	184.10379241516964	49.98003992015968
380	30	1	84.93013972055893	141.18762475049908
380	31	1	10.367999999999997	76.12200000000009
380	32	1	14.952000000000005	57.63200000000003
380	33	1	86.73800000000003	57.848000000000035
380	34	1	190.72	85.16599999999995
380	35	1	93.20558882235532	189.26546906187642
380	36	1	20.82634730538922	176.08582834331332
380	37	1	27.85399999999998	41.41199999999998
380	38	1	30.143999999999995	72.55799999999996
380	39	1	140.84830339321354	153.2534930139721
380	40	1	198.12800000000001	33.21600000000001
380	41	1	13.946107784431149	20.15768463073853
380	42	1	178.21756487025954	80.35528942115761
380	43	1	23.75599999999999	98.65800000000003
380	44	1	40.78000000000003	107.10000000000001
380	45	1	17.499999999999986	194.26294820717138
381	1	2	5.115702479338843	5.400826446280992
381	2	2	5.110169491525425	45.39830508474574
381	3	2	5.251028806584367	86.4979423868313
381	4	2	5.036000000000001	124.94399999999997
381	5	2	4.9999999999999964	165.00000000000009
381	6	2	44.988	5.104000000000002
381	7	2	45.40400000000003	45.13199999999998
381	8	2	45.12295081967211	84.8770491803279
381	9	2	45.132	125.40399999999994
381	10	2	45.502008032128465	164.32931726907637
381	11	2	84.99999999999997	5.000000000000002
381	12	2	83.71600000000002	44.44800000000001
381	13	2	85.01200000000003	85.10400000000001
381	14	2	84.988	124.89599999999994
381	15	2	84.99999999999997	164.99999999999991
381	16	2	125.07199999999999	4.939999999999999
381	17	2	125.12400000000005	45.00400000000004
381	18	2	125.05599999999998	84.97199999999994
381	19	2	124.828	124.97199999999997
381	20	2	125.148	165.03999999999996
381	21	2	164.99999999999994	5.000000000000002
381	22	2	164.99999999999994	45.00000000000002
381	23	2	164.36864406779657	84.7330508474576
381	24	2	164.86000000000004	125.01200000000001
381	25	2	165.33600000000004	165.10799999999998
381	26	1	181.8323353293413	17.063872255489013
381	27	1	155.2879999999999	146.16399999999993
381	28	1	35.1437125748503	19.207584830339332
381	29	1	184.0239520958085	49.91816367265469
381	30	1	84.89399999999999	141.16400000000013
381	31	1	10.487999999999996	76.1899999999999
381	32	1	14.903999999999996	57.67000000000003
381	33	1	86.702	57.82000000000001
381	34	1	190.736	84.97800000000008
381	35	1	93.14799999999993	189.2160000000001
381	36	1	20.838000000000005	176.10600000000002
381	37	1	27.84031936127745	41.30339321357285
381	38	1	30.23600000000002	72.56600000000005
381	39	1	140.76600000000008	153.20799999999986
381	40	1	198.226	33.295999999999985
381	41	1	13.805999999999996	20.055999999999962
381	42	1	178.2674650698602	80.37325349301393
381	43	1	23.687999999999978	98.58
381	44	1	40.77644710578844	107.06586826347298
381	45	1	17.395999999999997	194.17199999999994
382	1	2	5.115702479338843	5.400826446280992
382	2	2	5.110169491525425	45.39830508474574
382	3	2	5.251028806584367	86.4979423868313
382	4	2	5.036000000000001	124.94399999999997
382	5	2	4.9999999999999964	165.00000000000009
382	6	2	44.988	5.104000000000002
382	7	2	45.40400000000003	45.13199999999998
382	8	2	45.12295081967211	84.8770491803279
382	9	2	45.132	125.40399999999994
382	10	2	45.502008032128465	164.32931726907637
382	11	2	84.99999999999997	5.000000000000002
382	12	2	83.71600000000002	44.44800000000001
382	13	2	85.01200000000003	85.10400000000001
382	14	2	84.988	124.89599999999994
382	15	2	84.99999999999997	164.99999999999991
382	16	2	125.07199999999999	4.939999999999999
382	17	2	125.12400000000005	45.00400000000004
382	18	2	125.05599999999998	84.97199999999994
382	19	2	124.828	124.97199999999997
382	20	2	125.148	165.03999999999996
382	21	2	164.99999999999994	5.000000000000002
382	22	2	164.99999999999994	45.00000000000002
382	23	2	164.36864406779657	84.7330508474576
382	24	2	164.86000000000004	125.01200000000001
382	25	2	165.33600000000004	165.10799999999998
382	26	1	181.88000000000002	16.92400000000001
382	27	1	155.26800000000017	146.29400000000007
382	28	1	35.13399999999996	19.181999999999995
382	29	1	183.92415169660674	49.86826347305392
382	30	1	84.79640718562882	141.24950099800415
382	31	1	10.534930139720558	76.19361277445108
382	32	1	14.954091816367269	57.69660678642717
382	33	1	86.64400000000005	57.79999999999997
382	34	1	190.72854291417164	84.98003992015974
382	35	1	93.12175648702583	189.07984031936127
382	36	1	20.896000000000022	176.12200000000018
382	37	1	27.820000000000014	41.229999999999976
382	38	1	30.289999999999985	72.58399999999993
382	39	1	140.68862275449092	153.0718562874253
382	40	1	198.19560878243513	33.409181636726515
382	41	1	13.754491017964083	20.053892215568872
382	42	1	178.27599999999987	80.28399999999999
382	43	1	23.687999999999978	98.55199999999998
382	44	1	40.698000000000036	107.08400000000013
382	45	1	17.2435129740519	194.17764471057907
383	1	2	5.115702479338843	5.400826446280992
383	2	2	5.110169491525425	45.39830508474574
383	3	2	5.251028806584367	86.4979423868313
383	4	2	5.036000000000001	124.94399999999997
383	5	2	4.9999999999999964	165.00000000000009
383	6	2	44.988	5.104000000000002
383	7	2	45.40400000000003	45.13199999999998
383	8	2	45.12295081967211	84.8770491803279
383	9	2	45.132	125.40399999999994
383	10	2	45.502008032128465	164.32931726907637
383	11	2	84.99999999999997	5.000000000000002
383	12	2	83.71600000000002	44.44800000000001
383	13	2	85.01200000000003	85.10400000000001
383	14	2	84.988	124.89599999999994
383	15	2	84.99999999999997	164.99999999999991
383	16	2	125.07199999999999	4.939999999999999
383	17	2	125.12400000000005	45.00400000000004
383	18	2	125.05599999999998	84.97199999999994
383	19	2	124.828	124.97199999999997
383	20	2	125.148	165.03999999999996
383	21	2	164.99999999999994	5.000000000000002
383	22	2	164.99999999999994	45.00000000000002
383	23	2	164.36864406779657	84.7330508474576
383	24	2	164.86000000000004	125.01200000000001
383	25	2	165.33600000000004	165.10799999999998
383	26	1	181.806	16.976
383	27	1	155.2894211576848	146.29940119760488
383	28	1	35.05788423153696	19.151696606786423
383	29	1	183.8762475049903	49.78642714570861
383	30	1	84.67799999999998	141.33799999999997
383	31	1	10.538	76.19799999999992
383	32	1	14.864	57.68200000000004
383	33	1	86.67400000000006	57.756000000000014
383	34	1	190.73652694610777	84.83033932135723
383	35	1	92.97399999999995	189.022
383	36	1	20.893999999999977	176.18799999999985
383	37	1	27.848000000000013	41.21600000000002
383	38	1	30.34800000000003	72.53599999999996
383	39	1	140.65200000000002	152.9
383	40	1	198.27	33.48799999999997
383	41	1	13.632734530938125	20.04590818363274
383	42	1	178.27599999999987	80.28399999999999
383	43	1	23.754980079681285	98.45617529880477
383	44	1	40.59800000000001	107.09200000000003
383	45	1	17.045908183632733	194.22754491017946
384	1	2	5.115702479338843	5.400826446280992
384	2	2	5.110169491525425	45.39830508474574
384	3	2	5.251028806584367	86.4979423868313
384	4	2	5.036000000000001	124.94399999999997
384	5	2	4.9999999999999964	165.00000000000009
384	6	2	44.988	5.104000000000002
384	7	2	45.40400000000003	45.13199999999998
384	8	2	45.12295081967211	84.8770491803279
384	9	2	45.132	125.40399999999994
384	10	2	45.502008032128465	164.32931726907637
384	11	2	84.99999999999997	5.000000000000002
384	12	2	83.71600000000002	44.44800000000001
384	13	2	85.01200000000003	85.10400000000001
384	14	2	84.988	124.89599999999994
384	15	2	84.99999999999997	164.99999999999991
384	16	2	125.07199999999999	4.939999999999999
384	17	2	125.12400000000005	45.00400000000004
384	18	2	125.05599999999998	84.97199999999994
384	19	2	124.828	124.97199999999997
384	20	2	125.148	165.03999999999996
384	21	2	164.99999999999994	5.000000000000002
384	22	2	164.99999999999994	45.00000000000002
384	23	2	164.36864406779657	84.7330508474576
384	24	2	164.86000000000004	125.01200000000001
384	25	2	165.33600000000004	165.10799999999998
384	26	1	181.8443113772455	17.065868263473046
384	27	1	155.34131736526936	146.2894211576846
384	28	1	35.03199999999998	19.186
384	29	1	183.806	49.806000000000004
384	30	1	84.61799999999995	141.34199999999996
384	31	1	10.537999999999997	76.15599999999993
384	32	1	14.860279441117768	57.68662674650696
384	33	1	86.69000000000008	57.76599999999999
384	34	1	190.76999999999998	84.89800000000001
384	35	1	92.82600000000002	188.81599999999986
384	36	1	20.83	176.47600000000023
384	37	1	27.821643286573153	41.11422845691385
384	38	1	30.387225548902194	72.54291417165675
384	39	1	140.59880239520953	152.90019960079843
384	40	1	198.2375249500998	33.63473053892207
384	41	1	13.568862275449087	20.039920159680644
384	42	1	178.24800000000016	80.19399999999996
384	43	1	23.70858283433134	98.37524950099798
384	44	1	40.45000000000002	107.13200000000002
384	45	1	16.97600000000001	194.25000000000006
385	1	2	5.115702479338843	5.400826446280992
385	2	2	5.110169491525425	45.39830508474574
385	3	2	5.251028806584367	86.4979423868313
385	4	2	5.036000000000001	124.94399999999997
385	5	2	4.9999999999999964	165.00000000000009
385	6	2	44.988	5.104000000000002
385	7	2	45.40400000000003	45.13199999999998
385	8	2	45.12295081967211	84.8770491803279
385	9	2	45.132	125.40399999999994
385	10	2	45.502008032128465	164.32931726907637
385	11	2	84.99999999999997	5.000000000000002
385	12	2	83.71600000000002	44.44800000000001
385	13	2	85.01200000000003	85.10400000000001
385	14	2	84.988	124.89599999999994
385	15	2	84.99999999999997	164.99999999999991
385	16	2	125.07199999999999	4.939999999999999
385	17	2	125.12400000000005	45.00400000000004
385	18	2	125.05599999999998	84.97199999999994
385	19	2	124.828	124.97199999999997
385	20	2	125.148	165.03999999999996
385	21	2	164.99999999999994	5.000000000000002
385	22	2	164.99999999999994	45.00000000000002
385	23	2	164.36864406779657	84.7330508474576
385	24	2	164.86000000000004	125.01200000000001
385	25	2	165.33600000000004	165.10799999999998
385	26	1	181.78243512974055	17.00199600798402
385	27	1	155.34331337325364	146.3493013972056
385	28	1	34.989999999999995	19.18599999999999
385	29	1	183.63672654690615	49.63273453093815
385	30	1	84.50599999999999	141.42200000000008
385	31	1	10.663999999999996	76.22399999999999
385	32	1	14.738	57.67999999999998
385	33	1	86.59599999999999	57.634000000000015
385	34	1	190.764	84.83000000000006
385	35	1	92.74600000000001	188.74600000000015
385	36	1	20.89840637450199	176.53585657370527
385	37	1	27.802395209580812	41.13772455089825
385	38	1	30.389999999999993	72.51600000000006
385	39	1	140.5340000000001	152.86599999999987
385	40	1	198.125748502994	33.694610778443085
385	41	1	13.550898203592801	20.07784431137728
385	42	1	178.24550898203597	80.02794411177639
385	43	1	23.731999999999992	98.292
385	44	1	40.249500998004024	107.10778443113779
385	45	1	16.881763527054083	194.28456913827628
386	1	2	5.115702479338843	5.400826446280992
386	2	2	5.110169491525425	45.39830508474574
386	3	2	5.251028806584367	86.4979423868313
386	4	2	5.036000000000001	124.94399999999997
386	5	2	4.9999999999999964	165.00000000000009
386	6	2	44.988	5.104000000000002
386	7	2	45.40400000000003	45.13199999999998
386	8	2	45.12295081967211	84.8770491803279
386	9	2	45.132	125.40399999999994
386	10	2	45.502008032128465	164.32931726907637
386	11	2	84.99999999999997	5.000000000000002
386	12	2	83.71600000000002	44.44800000000001
386	13	2	85.01200000000003	85.10400000000001
386	14	2	84.988	124.89599999999994
386	15	2	84.99999999999997	164.99999999999991
386	16	2	125.07199999999999	4.939999999999999
386	17	2	125.12400000000005	45.00400000000004
386	18	2	125.05599999999998	84.97199999999994
386	19	2	124.828	124.97199999999997
386	20	2	125.148	165.03999999999996
386	21	2	164.99999999999994	5.000000000000002
386	22	2	164.99999999999994	45.00000000000002
386	23	2	164.36864406779657	84.7330508474576
386	24	2	164.86000000000004	125.01200000000001
386	25	2	165.33600000000004	165.10799999999998
386	26	1	181.85599999999997	16.941999999999986
386	27	1	155.37800000000001	146.3999999999999
386	28	1	34.8682634730539	19.027944111776424
386	29	1	183.47000000000006	49.6
386	30	1	84.32335329341315	141.67265469061903
386	31	1	10.713426853707414	76.29058116232463
386	32	1	14.578	57.66200000000002
386	33	1	86.68400000000001	57.60600000000002
386	34	1	190.722	84.72200000000002
386	35	1	92.73107569721122	188.65338645418328
386	36	1	20.882470119521923	176.6613545816734
386	37	1	27.789999999999992	41.08999999999998
386	38	1	30.363273453093814	72.33133732534924
386	39	1	140.53093812375215	152.678642714571
386	40	1	198.03792415169661	33.748502994011965
386	41	1	13.536000000000003	20.099999999999984
386	42	1	178.21357285429147	79.97205588822361
386	43	1	23.632734530938112	98.2634730538922
386	44	1	40.082	107.07599999999998
386	45	1	16.872255489021956	194.319361277445
387	1	2	5.115702479338843	5.400826446280992
387	2	2	5.110169491525425	45.39830508474574
387	3	2	5.251028806584367	86.4979423868313
387	4	2	5.036000000000001	124.94399999999997
387	5	2	4.9999999999999964	165.00000000000009
387	6	2	44.988	5.104000000000002
387	7	2	45.40400000000003	45.13199999999998
387	8	2	45.12295081967211	84.8770491803279
387	9	2	45.132	125.40399999999994
387	10	2	45.502008032128465	164.32931726907637
387	11	2	84.99999999999997	5.000000000000002
387	12	2	83.71600000000002	44.44800000000001
387	13	2	85.01200000000003	85.10400000000001
387	14	2	84.988	124.89599999999994
387	15	2	84.99999999999997	164.99999999999991
387	16	2	125.07199999999999	4.939999999999999
387	17	2	125.12400000000005	45.00400000000004
387	18	2	125.05599999999998	84.97199999999994
387	19	2	124.828	124.97199999999997
387	20	2	125.148	165.03999999999996
387	21	2	164.99999999999994	5.000000000000002
387	22	2	164.99999999999994	45.00000000000002
387	23	2	164.36864406779657	84.7330508474576
387	24	2	164.86000000000004	125.01200000000001
387	25	2	165.33600000000004	165.10799999999998
387	26	1	181.906	16.91400000000001
387	27	1	155.37524950099802	146.34331337325344
387	28	1	34.83832335329339	19.047904191616762
387	29	1	183.30339321357286	49.56287425149699
387	30	1	84.24550898203597	141.79241516966079
387	31	1	10.733466933867723	76.23246492985965
387	32	1	14.464	57.668
387	33	1	86.75449101796414	57.60678642714569
387	34	1	190.718	84.57799999999996
387	35	1	92.7724550898203	188.5568862275449
387	36	1	20.826000000000008	176.79999999999998
387	37	1	27.791999999999973	41.14199999999993
387	38	1	30.439121756487044	72.25548902195612
387	39	1	140.38123752495	152.70259481037928
387	40	1	198.052	33.80600000000004
387	41	1	13.531062124248502	20.124248496993996
387	42	1	178.20799999999983	80.0279999999999
387	43	1	23.579158316633233	98.14028056112234
387	44	1	40.052000000000014	107.02400000000006
387	45	1	16.74400000000001	194.44600000000003
388	1	2	5.115702479338843	5.400826446280992
388	2	2	5.110169491525425	45.39830508474574
388	3	2	5.251028806584367	86.4979423868313
388	4	2	5.036000000000001	124.94399999999997
388	5	2	4.9999999999999964	165.00000000000009
388	6	2	44.988	5.104000000000002
388	7	2	45.40400000000003	45.13199999999998
388	8	2	45.12295081967211	84.8770491803279
388	9	2	45.132	125.40399999999994
388	10	2	45.502008032128465	164.32931726907637
388	11	2	84.99999999999997	5.000000000000002
388	12	2	83.71600000000002	44.44800000000001
388	13	2	85.01200000000003	85.10400000000001
388	14	2	84.988	124.89599999999994
388	15	2	84.99999999999997	164.99999999999991
388	16	2	125.07199999999999	4.939999999999999
388	17	2	125.12400000000005	45.00400000000004
388	18	2	125.05599999999998	84.97199999999994
388	19	2	124.828	124.97199999999997
388	20	2	125.148	165.03999999999996
388	21	2	164.99999999999994	5.000000000000002
388	22	2	164.99999999999994	45.00000000000002
388	23	2	164.36864406779657	84.7330508474576
388	24	2	164.86000000000004	125.01200000000001
388	25	2	165.33600000000004	165.10799999999998
388	26	1	181.90200000000002	16.87799999999999
388	27	1	155.36852589641447	146.3505976095617
388	28	1	34.77844311377244	19.031936127744498
388	29	1	183.21157684630765	49.562874251497036
388	30	1	84.26746506986026	141.90219560878236
388	31	1	10.851999999999995	76.27200000000009
388	32	1	14.361999999999986	57.67999999999999
388	33	1	86.79599999999996	57.576000000000015
388	34	1	190.69660678642714	84.49900199600798
388	35	1	92.73199999999989	188.42400000000006
388	36	1	20.767999999999983	176.98600000000005
388	37	1	27.737999999999975	41.098
388	38	1	30.507999999999985	72.13999999999994
388	39	1	140.2700000000001	152.56999999999988
388	40	1	197.952	33.86200000000001
388	41	1	13.478957915831668	20.11623246492986
388	42	1	178.18163672654674	79.93013972055891
388	43	1	23.573146292585157	98.04008016032073
388	44	1	39.80039920159676	107.10578842315381
388	45	1	16.624750499002005	194.49101796407192
389	1	2	5.115702479338843	5.400826446280992
389	2	2	5.110169491525425	45.39830508474574
389	3	2	5.251028806584367	86.4979423868313
389	4	2	5.036000000000001	124.94399999999997
389	5	2	4.9999999999999964	165.00000000000009
389	6	2	44.988	5.104000000000002
389	7	2	45.40400000000003	45.13199999999998
389	8	2	45.12295081967211	84.8770491803279
389	9	2	45.132	125.40399999999994
389	10	2	45.502008032128465	164.32931726907637
389	11	2	84.99999999999997	5.000000000000002
389	12	2	83.71600000000002	44.44800000000001
389	13	2	85.01200000000003	85.10400000000001
389	14	2	84.988	124.89599999999994
389	15	2	84.99999999999997	164.99999999999991
389	16	2	125.07199999999999	4.939999999999999
389	17	2	125.12400000000005	45.00400000000004
389	18	2	125.05599999999998	84.97199999999994
389	19	2	124.828	124.97199999999997
389	20	2	125.148	165.03999999999996
389	21	2	164.99999999999994	5.000000000000002
389	22	2	164.99999999999994	45.00000000000002
389	23	2	164.36864406779657	84.7330508474576
389	24	2	164.86000000000004	125.01200000000001
389	25	2	165.33600000000004	165.10799999999998
389	26	1	182.08982035928142	16.834331337325352
389	27	1	155.3932135728542	146.39121756487026
389	28	1	34.77200000000002	19.059999999999974
389	29	1	183.13972055888217	49.57285429141717
389	30	1	84.09418837675338	142.06212424849693
389	31	1	10.835671342685373	76.2364729458918
389	32	1	14.339999999999993	57.66400000000002
389	33	1	86.82200000000002	57.53599999999996
389	34	1	190.686	84.46599999999995
389	35	1	92.71057884231544	188.35129740518963
389	36	1	20.842315369261485	177.005988023952
389	37	1	27.72000000000003	41.094
389	38	1	30.519999999999964	72.1159999999999
389	39	1	140.2375249500996	152.46906187624765
389	40	1	197.79041916167665	33.882235528942125
389	41	1	13.562	20.122000000000003
389	42	1	178.1679999999999	79.88600000000004
389	43	1	23.603999999999992	98.00200000000004
389	44	1	39.69600000000002	107.13999999999994
389	45	1	16.554890219560875	194.4630738522954
390	1	2	5.115702479338843	5.400826446280992
390	2	2	5.110169491525425	45.39830508474574
390	3	2	5.251028806584367	86.4979423868313
390	4	2	5.036000000000001	124.94399999999997
390	5	2	4.9999999999999964	165.00000000000009
390	6	2	44.988	5.104000000000002
390	7	2	45.40400000000003	45.13199999999998
390	8	2	45.12295081967211	84.8770491803279
390	9	2	45.132	125.40399999999994
390	10	2	45.502008032128465	164.32931726907637
390	11	2	84.99999999999997	5.000000000000002
390	12	2	83.71600000000002	44.44800000000001
390	13	2	85.01200000000003	85.10400000000001
390	14	2	84.988	124.89599999999994
390	15	2	84.99999999999997	164.99999999999991
390	16	2	125.07199999999999	4.939999999999999
390	17	2	125.12400000000005	45.00400000000004
390	18	2	125.05599999999998	84.97199999999994
390	19	2	124.828	124.97199999999997
390	20	2	125.148	165.03999999999996
390	21	2	164.99999999999994	5.000000000000002
390	22	2	164.99999999999994	45.00000000000002
390	23	2	164.36864406779657	84.7330508474576
390	24	2	164.86000000000004	125.01200000000001
390	25	2	165.33600000000004	165.10799999999998
390	26	1	182.11399999999998	16.84400000000002
390	27	1	155.35200000000003	146.39199999999997
390	28	1	34.726000000000006	19.018000000000004
390	29	1	183.13572854291417	49.602794411177655
390	30	1	84.053892215569	142.121756487026
390	31	1	10.831663326653308	76.24448897795584
390	32	1	14.405999999999997	57.66600000000002
390	33	1	86.82235528942113	57.48502994011978
390	34	1	190.6746506986028	84.49900199600805
390	35	1	92.65469061876244	188.34930139720558
390	36	1	20.92015968063872	176.9800399201596
390	37	1	27.636000000000035	40.99999999999994
390	38	1	30.564000000000018	72.05199999999999
390	39	1	140.15169660678643	152.445109780439
390	40	1	197.66	33.91599999999998
390	41	1	13.51599999999999	20.154000000000003
390	42	1	178.12175648702583	79.81037924151691
390	43	1	23.617999999999995	97.98800000000003
390	44	1	39.58882235528943	107.19161676646699
390	45	1	16.445109780439118	194.49101796407186
391	1	2	5.115702479338843	5.400826446280992
391	2	2	5.110169491525425	45.39830508474574
391	3	2	5.251028806584367	86.4979423868313
391	4	2	5.036000000000001	124.94399999999997
391	5	2	4.9999999999999964	165.00000000000009
391	6	2	44.988	5.104000000000002
391	7	2	45.40400000000003	45.13199999999998
391	8	2	45.12295081967211	84.8770491803279
391	9	2	45.132	125.40399999999994
391	10	2	45.502008032128465	164.32931726907637
391	11	2	84.99999999999997	5.000000000000002
391	12	2	83.71600000000002	44.44800000000001
391	13	2	85.01200000000003	85.10400000000001
391	14	2	84.988	124.89599999999994
391	15	2	84.99999999999997	164.99999999999991
391	16	2	125.07199999999999	4.939999999999999
391	17	2	125.12400000000005	45.00400000000004
391	18	2	125.05599999999998	84.97199999999994
391	19	2	124.828	124.97199999999997
391	20	2	125.148	165.03999999999996
391	21	2	164.99999999999994	5.000000000000002
391	22	2	164.99999999999994	45.00000000000002
391	23	2	164.36864406779657	84.7330508474576
391	24	2	164.86000000000004	125.01200000000001
391	25	2	165.33600000000004	165.10799999999998
391	26	1	182.11999999999998	16.903999999999986
391	27	1	155.32	146.46599999999992
391	28	1	34.68263473053892	19.09580838323355
391	29	1	183.09960159362566	49.59362549800797
391	30	1	83.93612774451107	142.28343313373233
391	31	1	10.80360721442887	76.23446893787572
391	32	1	14.351297405189618	57.65269461077845
391	33	1	86.85999999999994	57.50600000000002
391	34	1	190.672	84.51999999999995
391	35	1	92.60199999999992	188.25399999999993
391	36	1	20.812375249501	177.11976047904187
391	37	1	27.651302605210407	40.97795591182368
391	38	1	30.576846307385264	72.04790419161674
391	39	1	140.08383233532942	152.2654690618762
391	40	1	197.67935871743487	33.927855711422836
391	41	1	13.428857715430864	20.146292585170325
391	42	1	178.16633266533074	79.9238476953908
391	43	1	23.676000000000016	98.00000000000001
391	44	1	39.53293413173652	107.25149700598811
391	45	1	16.4550898203593	194.55489021956092
392	1	2	5.115702479338843	5.400826446280992
392	2	2	5.110169491525425	45.39830508474574
392	3	2	5.251028806584367	86.4979423868313
392	4	2	5.036000000000001	124.94399999999997
392	5	2	4.9999999999999964	165.00000000000009
392	6	2	44.988	5.104000000000002
392	7	2	45.40400000000003	45.13199999999998
392	8	2	45.12295081967211	84.8770491803279
392	9	2	45.132	125.40399999999994
392	10	2	45.502008032128465	164.32931726907637
392	11	2	84.99999999999997	5.000000000000002
392	12	2	83.71600000000002	44.44800000000001
392	13	2	85.01200000000003	85.10400000000001
392	14	2	84.988	124.89599999999994
392	15	2	84.99999999999997	164.99999999999991
392	16	2	125.07199999999999	4.939999999999999
392	17	2	125.12400000000005	45.00400000000004
392	18	2	125.05599999999998	84.97199999999994
392	19	2	124.828	124.97199999999997
392	20	2	125.148	165.03999999999996
392	21	2	164.99999999999994	5.000000000000002
392	22	2	164.99999999999994	45.00000000000002
392	23	2	164.36864406779657	84.7330508474576
392	24	2	164.86000000000004	125.01200000000001
392	25	2	165.33600000000004	165.10799999999998
392	26	1	182.16566866267465	16.820359281437117
392	27	1	155.33199999999994	146.48599999999993
392	28	1	34.67400000000001	19.124000000000002
392	29	1	183.00199600798388	49.56487025948103
392	30	1	83.806	142.38800000000018
392	31	1	10.915831663326657	76.25450901803605
392	32	1	14.272908366533859	57.63745019920314
392	33	1	86.81237524950096	57.45908183632737
392	34	1	190.60878243512974	84.44311377245512
392	35	1	92.43400000000001	188.12999999999994
392	36	1	20.842	177.13799999999975
392	37	1	27.606786427145714	40.85828343313373
392	38	1	30.68799999999999	71.94599999999996
392	39	1	139.93200000000022	152.29599999999976
392	40	1	197.424	33.998
392	41	1	13.383233532934138	20.101796407185628
392	42	1	178.15599999999992	79.79400000000005
392	43	1	23.716000000000015	97.94600000000005
392	44	1	39.46706586826345	107.33532934131735
392	45	1	16.48400000000001	194.56400000000008
393	1	2	5.115702479338843	5.400826446280992
393	2	2	5.110169491525425	45.39830508474574
393	3	2	5.251028806584367	86.4979423868313
393	4	2	5.036000000000001	124.94399999999997
393	5	2	4.9999999999999964	165.00000000000009
393	6	2	44.988	5.104000000000002
393	7	2	45.40400000000003	45.13199999999998
393	8	2	45.12295081967211	84.8770491803279
393	9	2	45.132	125.40399999999994
393	10	2	45.502008032128465	164.32931726907637
393	11	2	84.99999999999997	5.000000000000002
393	12	2	83.71600000000002	44.44800000000001
393	13	2	85.01200000000003	85.10400000000001
393	14	2	84.988	124.89599999999994
393	15	2	84.99999999999997	164.99999999999991
393	16	2	125.07199999999999	4.939999999999999
393	17	2	125.12400000000005	45.00400000000004
393	18	2	125.05599999999998	84.97199999999994
393	19	2	124.828	124.97199999999997
393	20	2	125.148	165.03999999999996
393	21	2	164.99999999999994	5.000000000000002
393	22	2	164.99999999999994	45.00000000000002
393	23	2	164.36864406779657	84.7330508474576
393	24	2	164.86000000000004	125.01200000000001
393	25	2	165.33600000000004	165.10799999999998
393	26	1	182.08383233532933	16.85029940119762
393	27	1	155.35999999999996	146.58400000000012
393	28	1	34.64200000000001	19.16399999999999
393	29	1	182.85799999999992	49.50400000000001
393	30	1	83.8702594810378	142.4610778443113
393	31	1	10.969999999999992	76.28
393	32	1	14.118	57.61799999999998
393	33	1	86.80000000000001	57.44400000000001
393	34	1	190.58283433133732	84.36926147704592
393	35	1	92.59199999999998	187.9920000000001
393	36	1	20.91434262948205	177.16533864541842
393	37	1	27.606786427145714	40.85828343313373
393	38	1	30.65399999999999	71.838
393	39	1	139.88423153692597	152.33333333333323
393	40	1	197.3625498007968	34.05378486055779
393	41	1	13.327345309381235	20.09780439121755
393	42	1	178.11799999999985	79.79400000000003
393	43	1	23.68263473053891	97.91017964071862
393	44	1	39.53800000000004	107.33799999999998
393	45	1	16.37200000000001	194.57600000000016
394	1	2	5.115702479338843	5.400826446280992
394	2	2	5.110169491525425	45.39830508474574
394	3	2	5.251028806584367	86.4979423868313
394	4	2	5.036000000000001	124.94399999999997
394	5	2	4.9999999999999964	165.00000000000009
394	6	2	44.988	5.104000000000002
394	7	2	45.40400000000003	45.13199999999998
394	8	2	45.12295081967211	84.8770491803279
394	9	2	45.132	125.40399999999994
394	10	2	45.502008032128465	164.32931726907637
394	11	2	84.99999999999997	5.000000000000002
394	12	2	83.71600000000002	44.44800000000001
394	13	2	85.01200000000003	85.10400000000001
394	14	2	84.988	124.89599999999994
394	15	2	84.99999999999997	164.99999999999991
394	16	2	125.07199999999999	4.939999999999999
394	17	2	125.12400000000005	45.00400000000004
394	18	2	125.05599999999998	84.97199999999994
394	19	2	124.828	124.97199999999997
394	20	2	125.148	165.03999999999996
394	21	2	164.99999999999994	5.000000000000002
394	22	2	164.99999999999994	45.00000000000002
394	23	2	164.36864406779657	84.7330508474576
394	24	2	164.86000000000004	125.01200000000001
394	25	2	165.33600000000004	165.10799999999998
394	26	1	182.05788423153695	16.800399201596804
394	27	1	155.36127744510978	146.68263473053895
394	28	1	34.56087824351297	19.187624750498987
394	29	1	182.78443113772457	49.42514970059877
394	30	1	83.94411177644713	142.60479041916173
394	31	1	10.980000000000004	76.27000000000007
394	32	1	14.085828343313377	57.588822355289395
394	33	1	86.86000000000007	57.41600000000004
394	34	1	190.594	84.40600000000008
394	35	1	92.48496993987966	187.81362725450904
394	36	1	21.041916167664677	177.16766467065875
394	37	1	27.588822355289427	40.87025948103791
394	38	1	30.720558882235544	71.74451097804396
394	39	1	139.8722554890219	152.23752495009958
394	40	1	197.24750499001996	34.05988023952098
394	41	1	13.291999999999986	20.139999999999997
394	42	1	178.14400000000015	79.81600000000006
394	43	1	23.724000000000007	97.796
394	44	1	39.31736526946111	107.49301397205589
394	45	1	16.465069860279442	194.59680638722566
395	1	2	5.115702479338843	5.400826446280992
395	2	2	5.110169491525425	45.39830508474574
395	3	2	5.251028806584367	86.4979423868313
395	4	2	5.036000000000001	124.94399999999997
395	5	2	4.9999999999999964	165.00000000000009
395	6	2	44.988	5.104000000000002
395	7	2	45.40400000000003	45.13199999999998
395	8	2	45.12295081967211	84.8770491803279
395	9	2	45.132	125.40399999999994
395	10	2	45.502008032128465	164.32931726907637
395	11	2	84.99999999999997	5.000000000000002
395	12	2	83.71600000000002	44.44800000000001
395	13	2	85.01200000000003	85.10400000000001
395	14	2	84.988	124.89599999999994
395	15	2	84.99999999999997	164.99999999999991
395	16	2	125.07199999999999	4.939999999999999
395	17	2	125.12400000000005	45.00400000000004
395	18	2	125.05599999999998	84.97199999999994
395	19	2	124.828	124.97199999999997
395	20	2	125.148	165.03999999999996
395	21	2	164.99999999999994	5.000000000000002
395	22	2	164.99999999999994	45.00000000000002
395	23	2	164.36864406779657	84.7330508474576
395	24	2	164.86000000000004	125.01200000000001
395	25	2	165.33600000000004	165.10799999999998
395	26	1	182.0358565737052	16.82868525896414
395	27	1	155.33333333333343	146.74650698602787
395	28	1	34.48902195608782	19.161676646706585
395	29	1	182.7390438247012	49.36254980079674
395	30	1	83.66400000000002	142.73199999999994
395	31	1	11.035928143712576	76.30538922155687
395	32	1	14.096000000000002	57.60800000000001
395	33	1	86.95209580838328	57.4171656686627
395	34	1	190.556	84.39600000000002
395	35	1	92.42115768463071	187.66666666666666
395	36	1	21.021956087824364	177.1976047904192
395	37	1	27.54091816367263	40.80638722554887
395	38	1	30.76646706586825	71.61477045908183
395	39	1	139.7385229540918	152.19361277445125
395	40	1	197.112	34.17200000000007
395	41	1	13.215999999999998	20.17999999999998
395	42	1	178.1340000000001	79.74599999999998
395	43	1	23.708582834331324	97.75249500998007
395	44	1	39.287425149700624	107.62674650698602
395	45	1	16.49700598802395	194.60479041916153
396	1	2	5.115702479338843	5.400826446280992
396	2	2	5.110169491525425	45.39830508474574
396	3	2	5.251028806584367	86.4979423868313
396	4	2	5.036000000000001	124.94399999999997
396	5	2	4.9999999999999964	165.00000000000009
396	6	2	44.988	5.104000000000002
396	7	2	45.40400000000003	45.13199999999998
396	8	2	45.12295081967211	84.8770491803279
396	9	2	45.132	125.40399999999994
396	10	2	45.502008032128465	164.32931726907637
396	11	2	84.99999999999997	5.000000000000002
396	12	2	83.71600000000002	44.44800000000001
396	13	2	85.01200000000003	85.10400000000001
396	14	2	84.988	124.89599999999994
396	15	2	84.99999999999997	164.99999999999991
396	16	2	125.07199999999999	4.939999999999999
396	17	2	125.12400000000005	45.00400000000004
396	18	2	125.05599999999998	84.97199999999994
396	19	2	124.828	124.97199999999997
396	20	2	125.148	165.03999999999996
396	21	2	164.99999999999994	5.000000000000002
396	22	2	164.99999999999994	45.00000000000002
396	23	2	164.36864406779657	84.7330508474576
396	24	2	164.86000000000004	125.01200000000001
396	25	2	165.33600000000004	165.10799999999998
396	26	1	182.14970059880238	16.81037924151696
396	27	1	155.37199999999999	146.83800000000008
396	28	1	34.44200000000001	19.122000000000007
396	29	1	182.73053892215572	49.449101796407135
396	30	1	83.56399999999994	142.79599999999994
396	31	1	11.057884231536935	76.32934131736525
396	32	1	14.221556886227548	57.51497005988029
396	33	1	87.00599999999997	57.40000000000002
396	34	1	190.576	84.38600000000001
396	35	1	92.34331337325347	187.54690618762476
396	36	1	21.02594810379242	177.2315369261478
396	37	1	27.53999999999999	40.71400000000001
396	38	1	30.80239520958084	71.62674650698604
396	39	1	139.63599999999994	152.10799999999986
396	40	1	196.82834331337327	34.269461077844326
396	41	1	13.268000000000006	20.170000000000012
396	42	1	178.10600000000005	79.53400000000003
396	43	1	23.67799999999998	97.74800000000006
396	44	1	39.15338645418327	107.67529880478085
396	45	1	16.453093812375258	194.56886227544905
397	1	2	5.115702479338843	5.400826446280992
397	2	2	5.110169491525425	45.39830508474574
397	3	2	5.251028806584367	86.4979423868313
397	4	2	5.036000000000001	124.94399999999997
397	5	2	4.9999999999999964	165.00000000000009
397	6	2	44.988	5.104000000000002
397	7	2	45.40400000000003	45.13199999999998
397	8	2	45.12295081967211	84.8770491803279
397	9	2	45.132	125.40399999999994
397	10	2	45.502008032128465	164.32931726907637
397	11	2	84.99999999999997	5.000000000000002
397	12	2	83.71600000000002	44.44800000000001
397	13	2	85.01200000000003	85.10400000000001
397	14	2	84.988	124.89599999999994
397	15	2	84.99999999999997	164.99999999999991
397	16	2	125.07199999999999	4.939999999999999
397	17	2	125.12400000000005	45.00400000000004
397	18	2	125.05599999999998	84.97199999999994
397	19	2	124.828	124.97199999999997
397	20	2	125.148	165.03999999999996
397	21	2	164.99999999999994	5.000000000000002
397	22	2	164.99999999999994	45.00000000000002
397	23	2	164.36864406779657	84.7330508474576
397	24	2	164.86000000000004	125.01200000000001
397	25	2	165.33600000000004	165.10799999999998
397	26	1	182.152	16.738
397	27	1	155.4091816367265	146.8083832335329
397	28	1	34.35600000000005	19.055999999999994
397	29	1	182.68	49.62399999999995
397	30	1	83.48702594810375	142.83632734530946
397	31	1	11.18562874251497	76.32135728542914
397	32	1	14.189620758483029	57.493013972055884
397	33	1	87.09400000000002	57.41200000000004
397	34	1	190.64	84.43000000000013
397	35	1	92.28143712574848	187.31337325349307
397	36	1	21.05988023952095	177.3333333333332
397	37	1	27.489021956087814	40.68063872255485
397	38	1	30.888223552894214	71.47904191616767
397	39	1	139.48200000000008	152.07199999999992
397	40	1	196.5418326693227	34.268924302788854
397	41	1	13.211576846307382	20.195608782435123
397	42	1	178.14600000000004	79.60399999999997
397	43	1	23.770000000000003	97.72
397	44	1	39.095808383233496	107.71457085828345
397	45	1	16.399201596806382	194.6487025948103
398	1	2	5.115702479338843	5.400826446280992
398	2	2	5.110169491525425	45.39830508474574
398	3	2	5.251028806584367	86.4979423868313
398	4	2	5.036000000000001	124.94399999999997
398	5	2	4.9999999999999964	165.00000000000009
398	6	2	44.988	5.104000000000002
398	7	2	45.40400000000003	45.13199999999998
398	8	2	45.12295081967211	84.8770491803279
398	9	2	45.132	125.40399999999994
398	10	2	45.502008032128465	164.32931726907637
398	11	2	84.99999999999997	5.000000000000002
398	12	2	83.71600000000002	44.44800000000001
398	13	2	85.01200000000003	85.10400000000001
398	14	2	84.988	124.89599999999994
398	15	2	84.99999999999997	164.99999999999991
398	16	2	125.07199999999999	4.939999999999999
398	17	2	125.12400000000005	45.00400000000004
398	18	2	125.05599999999998	84.97199999999994
398	19	2	124.828	124.97199999999997
398	20	2	125.148	165.03999999999996
398	21	2	164.99999999999994	5.000000000000002
398	22	2	164.99999999999994	45.00000000000002
398	23	2	164.36864406779657	84.7330508474576
398	24	2	164.86000000000004	125.01200000000001
398	25	2	165.33600000000004	165.10799999999998
398	26	1	182.34331337325352	16.69660678642714
398	27	1	155.40199999999987	146.80600000000013
398	28	1	34.30938123752497	18.984031936127753
398	29	1	182.602	49.713999999999956
398	30	1	83.4168336673346	142.95791583166337
398	31	1	11.23999999999999	76.368
398	32	1	14.191999999999997	57.44600000000001
398	33	1	87.06800000000004	57.42999999999995
398	34	1	190.63872255489022	84.43313373253493
398	35	1	92.33199999999998	187.18199999999993
398	36	1	21.21115537848605	177.33067729083686
398	37	1	27.52295409181635	40.674650698602775
398	38	1	30.786427145708558	71.44710578842313
398	39	1	139.38323353293416	152.09181636726535
398	40	1	196.388	34.323999999999984
398	41	1	13.321357285429151	20.18363273453094
398	42	1	178.11976047904193	79.67265469061861
398	43	1	23.796000000000014	97.70799999999994
398	44	1	39.102000000000025	107.76999999999988
398	45	1	16.425149700598787	194.52095808383248
399	1	2	5.115702479338843	5.400826446280992
399	2	2	5.110169491525425	45.39830508474574
399	3	2	5.251028806584367	86.4979423868313
399	4	2	5.036000000000001	124.94399999999997
399	5	2	4.9999999999999964	165.00000000000009
399	6	2	44.988	5.104000000000002
399	7	2	45.40400000000003	45.13199999999998
399	8	2	45.12295081967211	84.8770491803279
399	9	2	45.132	125.40399999999994
399	10	2	45.502008032128465	164.32931726907637
399	11	2	84.99999999999997	5.000000000000002
399	12	2	83.71600000000002	44.44800000000001
399	13	2	85.01200000000003	85.10400000000001
399	14	2	84.988	124.89599999999994
399	15	2	84.99999999999997	164.99999999999991
399	16	2	125.07199999999999	4.939999999999999
399	17	2	125.12400000000005	45.00400000000004
399	18	2	125.05599999999998	84.97199999999994
399	19	2	124.828	124.97199999999997
399	20	2	125.148	165.03999999999996
399	21	2	164.99999999999994	5.000000000000002
399	22	2	164.99999999999994	45.00000000000002
399	23	2	164.36864406779657	84.7330508474576
399	24	2	164.86000000000004	125.01200000000001
399	25	2	165.33600000000004	165.10799999999998
399	26	1	182.34400000000002	16.65800000000001
399	27	1	155.39920159680642	147.00998003992015
399	28	1	34.291999999999994	18.94400000000001
399	29	1	182.50400000000002	49.697999999999965
399	30	1	83.31599999999999	143.03399999999993
399	31	1	11.366000000000001	76.38399999999999
399	32	1	14.121513944223102	57.37649402390441
399	33	1	87.17399999999996	57.41999999999999
399	34	1	190.642	84.38999999999993
399	35	1	92.28742514970065	187.0019960079841
399	36	1	21.29600000000001	177.33799999999974
399	37	1	27.601999999999986	40.63600000000004
399	38	1	30.88199999999998	71.42200000000003
399	39	1	139.326	152.08599999999998
399	40	1	196.32470119521912	34.352589641434264
399	41	1	13.315369261477043	20.17764471057884
399	42	1	178.15768463073863	79.55089820359285
399	43	1	23.750499001996015	97.70858283433145
399	44	1	39.18400000000001	107.748
399	45	1	16.319361277445104	194.53692614770475
400	1	2	5.115702479338843	5.400826446280992
400	2	2	5.110169491525425	45.39830508474574
400	3	2	5.251028806584367	86.4979423868313
400	4	2	5.036000000000001	124.94399999999997
400	5	2	4.9999999999999964	165.00000000000009
400	6	2	44.988	5.104000000000002
400	7	2	45.40400000000003	45.13199999999998
400	8	2	45.12295081967211	84.8770491803279
400	9	2	45.132	125.40399999999994
400	10	2	45.502008032128465	164.32931726907637
400	11	2	84.99999999999997	5.000000000000002
400	12	2	83.71600000000002	44.44800000000001
400	13	2	85.01200000000003	85.10400000000001
400	14	2	84.988	124.89599999999994
400	15	2	84.99999999999997	164.99999999999991
400	16	2	125.07199999999999	4.939999999999999
400	17	2	125.12400000000005	45.00400000000004
400	18	2	125.05599999999998	84.97199999999994
400	19	2	124.828	124.97199999999997
400	20	2	125.148	165.03999999999996
400	21	2	164.99999999999994	5.000000000000002
400	22	2	164.99999999999994	45.00000000000002
400	23	2	164.36864406779657	84.7330508474576
400	24	2	164.86000000000004	125.01200000000001
400	25	2	165.33600000000004	165.10799999999998
400	26	1	182.42714570858283	16.61077844311375
400	27	1	155.37125748503004	146.948103792415
400	28	1	34.299401197604816	19.0439121756487
400	29	1	182.41716566866265	49.64271457085825
400	30	1	83.31337325349307	143.07385229540907
400	31	1	11.39879759519039	76.36272545090179
400	32	1	14.043912175648702	57.32135728542915
400	33	1	87.16600000000001	57.371999999999986
400	34	1	190.62674650698602	84.31736526946109
400	35	1	92.19960079840315	186.8662674650695
400	36	1	21.327345309381254	177.4091816367267
400	37	1	27.633999999999993	40.653999999999996
400	38	1	30.854000000000013	71.36400000000003
400	39	1	139.15968063872245	152.05389221556888
400	40	1	196.23952095808383	34.37325349301401
400	41	1	13.308000000000002	20.174
400	42	1	178.14371257485018	79.40918163672654
400	43	1	23.72854291417164	97.64271457085829
400	44	1	39.099999999999994	107.792
400	45	1	16.386000000000013	194.57600000000014
401	1	2	5.115702479338843	5.400826446280992
401	2	2	5.110169491525425	45.39830508474574
401	3	2	5.251028806584367	86.4979423868313
401	4	2	5.036000000000001	124.94399999999997
401	5	2	4.9999999999999964	165.00000000000009
401	6	2	44.988	5.104000000000002
401	7	2	45.40400000000003	45.13199999999998
401	8	2	45.12295081967211	84.8770491803279
401	9	2	45.132	125.40399999999994
401	10	2	45.502008032128465	164.32931726907637
401	11	2	84.99999999999997	5.000000000000002
401	12	2	83.71600000000002	44.44800000000001
401	13	2	85.01200000000003	85.10400000000001
401	14	2	84.988	124.89599999999994
401	15	2	84.99999999999997	164.99999999999991
401	16	2	125.07199999999999	4.939999999999999
401	17	2	125.12400000000005	45.00400000000004
401	18	2	125.05599999999998	84.97199999999994
401	19	2	124.828	124.97199999999997
401	20	2	125.148	165.03999999999996
401	21	2	164.99999999999994	5.000000000000002
401	22	2	164.99999999999994	45.00000000000002
401	23	2	164.36864406779657	84.7330508474576
401	24	2	164.86000000000004	125.01200000000001
401	25	2	165.33600000000004	165.10799999999998
401	26	1	182.492	16.587999999999994
401	27	1	155.342	147.05199999999996
401	28	1	34.27744510978046	19.039920159680626
401	29	1	182.26800000000003	49.57200000000003
401	30	1	83.25748502994016	143.1077844311376
401	31	1	11.506000000000013	76.37599999999996
401	32	1	13.985999999999997	57.24799999999998
401	33	1	87.17799999999998	57.318000000000005
401	34	1	190.62275449101796	84.23952095808382
401	35	1	92.03199999999993	186.60200000000015
401	36	1	21.308000000000025	177.436
401	37	1	27.606000000000012	40.58800000000004
401	38	1	30.770459081836343	71.27744510978049
401	39	1	139.0359281437126	152.13373253493037
401	40	1	196.10978043912175	34.44111776447104
401	41	1	13.300000000000004	20.139999999999997
401	42	1	178.1274900398406	79.34063745019915
401	43	1	23.70400000000001	97.62199999999999
401	44	1	39.01996007984032	107.89820359281426
401	45	1	16.34199999999999	194.55400000000006
402	1	2	5.115702479338843	5.400826446280992
402	2	2	5.110169491525425	45.39830508474574
402	3	2	5.251028806584367	86.4979423868313
402	4	2	5.036000000000001	124.94399999999997
402	5	2	4.9999999999999964	165.00000000000009
402	6	2	44.988	5.104000000000002
402	7	2	45.40400000000003	45.13199999999998
402	8	2	45.12295081967211	84.8770491803279
402	9	2	45.132	125.40399999999994
402	10	2	45.502008032128465	164.32931726907637
402	11	2	84.99999999999997	5.000000000000002
402	12	2	83.71600000000002	44.44800000000001
402	13	2	85.01200000000003	85.10400000000001
402	14	2	84.988	124.89599999999994
402	15	2	84.99999999999997	164.99999999999991
402	16	2	125.07199999999999	4.939999999999999
402	17	2	125.12400000000005	45.00400000000004
402	18	2	125.05599999999998	84.97199999999994
402	19	2	124.828	124.97199999999997
402	20	2	125.148	165.03999999999996
402	21	2	164.99999999999994	5.000000000000002
402	22	2	164.99999999999994	45.00000000000002
402	23	2	164.36864406779657	84.7330508474576
402	24	2	164.86000000000004	125.01200000000001
402	25	2	165.33600000000004	165.10799999999998
402	26	1	182.48199999999997	16.667999999999992
402	27	1	155.36600000000013	147.15199999999993
402	28	1	34.256	19.000000000000018
402	29	1	182.12399999999997	49.54400000000002
402	30	1	83.284	143.144
402	31	1	11.595999999999998	76.31400000000005
402	32	1	13.94610778443113	57.205588822355296
402	33	1	87.27199999999999	57.400000000000034
402	34	1	190.622	84.17599999999996
402	35	1	91.95209580838319	186.46107784431155
402	36	1	21.3493013972056	177.46107784431146
402	37	1	27.61400000000001	40.50200000000006
402	38	1	30.886227544910177	71.19960079840324
402	39	1	139.02594810379225	152.1636726546906
402	40	1	195.89620758483034	34.53293413173653
402	41	1	13.274900398406373	20.21115537848606
402	42	1	178.13000000000005	79.18400000000007
402	43	1	23.682000000000013	97.56200000000003
402	44	1	38.86799999999993	107.93999999999996
402	45	1	16.257485029940103	194.5748502994011
403	1	2	5.115702479338843	5.400826446280992
403	2	2	5.110169491525425	45.39830508474574
403	3	2	5.251028806584367	86.4979423868313
403	4	2	5.036000000000001	124.94399999999997
403	5	2	4.9999999999999964	165.00000000000009
403	6	2	44.988	5.104000000000002
403	7	2	45.40400000000003	45.13199999999998
403	8	2	45.12295081967211	84.8770491803279
403	9	2	45.132	125.40399999999994
403	10	2	45.502008032128465	164.32931726907637
403	11	2	84.99999999999997	5.000000000000002
403	12	2	83.71600000000002	44.44800000000001
403	13	2	85.01200000000003	85.10400000000001
403	14	2	84.988	124.89599999999994
403	15	2	84.99999999999997	164.99999999999991
403	16	2	125.07199999999999	4.939999999999999
403	17	2	125.12400000000005	45.00400000000004
403	18	2	125.05599999999998	84.97199999999994
403	19	2	124.828	124.97199999999997
403	20	2	125.148	165.03999999999996
403	21	2	164.99999999999994	5.000000000000002
403	22	2	164.99999999999994	45.00000000000002
403	23	2	164.36864406779657	84.7330508474576
403	24	2	164.86000000000004	125.01200000000001
403	25	2	165.33600000000004	165.10799999999998
403	26	1	182.65	16.574000000000012
403	27	1	155.31736526946085	147.12574850299382
403	28	1	34.262000000000015	19.086000000000002
403	29	1	182.03599999999997	49.626000000000026
403	30	1	83.23999999999998	143.17200000000008
403	31	1	11.743999999999998	76.32199999999995
403	32	1	13.872	57.14200000000003
403	33	1	87.33600000000007	57.447999999999986
403	34	1	190.62674650698602	84.06187624750497
403	35	1	91.98207171314733	186.23505976095615
403	36	1	21.3932135728543	177.52095808383226
403	37	1	27.582834331337324	40.411177644710556
403	38	1	30.94610778443114	71.06786427145714
403	39	1	138.9479999999999	152.10800000000012
403	40	1	195.69461077844312	34.57684630738525
403	41	1	13.284000000000004	20.200000000000017
403	42	1	178.1260000000001	79.1
403	43	1	23.61	97.51599999999996
403	44	1	38.85828343313376	107.92215568862282
403	45	1	16.239999999999995	194.59199999999996
404	1	2	5.115702479338843	5.400826446280992
404	2	2	5.110169491525425	45.39830508474574
404	3	2	5.251028806584367	86.4979423868313
404	4	2	5.036000000000001	124.94399999999997
404	5	2	4.9999999999999964	165.00000000000009
404	6	2	44.988	5.104000000000002
404	7	2	45.40400000000003	45.13199999999998
404	8	2	45.12295081967211	84.8770491803279
404	9	2	45.132	125.40399999999994
404	10	2	45.502008032128465	164.32931726907637
404	11	2	84.99999999999997	5.000000000000002
404	12	2	83.71600000000002	44.44800000000001
404	13	2	85.01200000000003	85.10400000000001
404	14	2	84.988	124.89599999999994
404	15	2	84.99999999999997	164.99999999999991
404	16	2	125.07199999999999	4.939999999999999
404	17	2	125.12400000000005	45.00400000000004
404	18	2	125.05599999999998	84.97199999999994
404	19	2	124.828	124.97199999999997
404	20	2	125.148	165.03999999999996
404	21	2	164.99999999999994	5.000000000000002
404	22	2	164.99999999999994	45.00000000000002
404	23	2	164.36864406779657	84.7330508474576
404	24	2	164.86000000000004	125.01200000000001
404	25	2	165.33600000000004	165.10799999999998
404	26	1	182.672	16.563999999999993
404	27	1	155.26546906187636	147.23353293413174
404	28	1	34.24701195219124	19.02788844621514
404	29	1	181.962	49.68000000000008
404	30	1	83.09800000000003	143.21199999999993
404	31	1	11.656000000000002	76.15999999999998
404	32	1	13.998000000000001	56.94999999999998
404	33	1	87.30199999999998	57.484
404	34	1	190.62874251497007	84.14171656686622
404	35	1	91.97804391217561	186.01197604790426
404	36	1	21.397205588822338	177.53093812375246
404	37	1	27.613226452905813	40.22845691382767
404	38	1	30.900199600798416	71.03393213572859
404	39	1	138.78443113772445	152.0059880239522
404	40	1	195.49700598802394	34.64870259481036
404	41	1	13.161999999999994	20.176
404	42	1	178.08782435129746	79.07584830339327
404	43	1	23.50898203592813	97.45908183632739
404	44	1	38.708000000000006	108.03999999999999
404	45	1	16.327345309381247	194.59281437125745
405	1	2	5.115702479338843	5.400826446280992
405	2	2	5.110169491525425	45.39830508474574
405	3	2	5.251028806584367	86.4979423868313
405	4	2	5.036000000000001	124.94399999999997
405	5	2	4.9999999999999964	165.00000000000009
405	6	2	44.988	5.104000000000002
405	7	2	45.40400000000003	45.13199999999998
405	8	2	45.12295081967211	84.8770491803279
405	9	2	45.132	125.40399999999994
405	10	2	45.502008032128465	164.32931726907637
405	11	2	84.99999999999997	5.000000000000002
405	12	2	83.71600000000002	44.44800000000001
405	13	2	85.01200000000003	85.10400000000001
405	14	2	84.988	124.89599999999994
405	15	2	84.99999999999997	164.99999999999991
405	16	2	125.07199999999999	4.939999999999999
405	17	2	125.12400000000005	45.00400000000004
405	18	2	125.05599999999998	84.97199999999994
405	19	2	124.828	124.97199999999997
405	20	2	125.148	165.03999999999996
405	21	2	164.99999999999994	5.000000000000002
405	22	2	164.99999999999994	45.00000000000002
405	23	2	164.36864406779657	84.7330508474576
405	24	2	164.86000000000004	125.01200000000001
405	25	2	165.33600000000004	165.10799999999998
405	26	1	182.7005988023952	16.574850299401202
405	27	1	155.23952095808377	147.25548902195624
405	28	1	34.20800000000002	19.098
405	29	1	181.94	49.68600000000003
405	30	1	83.125748502994	143.21956087824367
405	31	1	11.636000000000015	76.12199999999997
405	32	1	14.007984031936129	56.854291417165655
405	33	1	87.36400000000005	57.51200000000003
405	34	1	190.608	84.31400000000001
405	35	1	91.97000000000004	185.7519999999999
405	36	1	21.457085828343345	177.48902195608792
405	37	1	27.562000000000026	40.158000000000015
405	38	1	30.900199600798402	70.95009980039933
405	39	1	138.67864271457069	151.90618762475043
405	40	1	195.314	34.65600000000001
405	41	1	13.104208416833663	20.148296593186362
405	42	1	178.07599999999985	78.94399999999999
405	43	1	23.552894211576866	97.42115768463083
405	44	1	38.57285429141714	108.23552894211576
405	45	1	16.31536926147703	194.56686626746503
406	1	2	5.115702479338843	5.400826446280992
406	2	2	5.110169491525425	45.39830508474574
406	3	2	5.251028806584367	86.4979423868313
406	4	2	5.036000000000001	124.94399999999997
406	5	2	4.9999999999999964	165.00000000000009
406	6	2	44.988	5.104000000000002
406	7	2	45.40400000000003	45.13199999999998
406	8	2	45.12295081967211	84.8770491803279
406	9	2	45.132	125.40399999999994
406	10	2	45.502008032128465	164.32931726907637
406	11	2	84.99999999999997	5.000000000000002
406	12	2	83.71600000000002	44.44800000000001
406	13	2	85.01200000000003	85.10400000000001
406	14	2	84.988	124.89599999999994
406	15	2	84.99999999999997	164.99999999999991
406	16	2	125.07199999999999	4.939999999999999
406	17	2	125.12400000000005	45.00400000000004
406	18	2	125.05599999999998	84.97199999999994
406	19	2	124.828	124.97199999999997
406	20	2	125.148	165.03999999999996
406	21	2	164.99999999999994	5.000000000000002
406	22	2	164.99999999999994	45.00000000000002
406	23	2	164.36864406779657	84.7330508474576
406	24	2	164.86000000000004	125.01200000000001
406	25	2	165.33600000000004	165.10799999999998
406	26	1	182.74850299401197	16.524950099800375
406	27	1	155.12175648702603	147.25948103792416
406	28	1	34.22754491017964	19.151696606786423
406	29	1	181.88622754491018	49.59281437125744
406	30	1	83.156	143.19800000000004
406	31	1	11.589178356713427	76.07615230460925
406	32	1	14.0678642714571	56.74251497005985
406	33	1	87.38922155688628	57.63473053892215
406	34	1	190.62075848303394	84.33932135728539
406	35	1	91.99199999999998	185.72000000000006
406	36	1	21.520958083832344	177.53293413173662
406	37	1	27.552894211576827	40.037924151696586
406	38	1	30.84799999999998	70.86800000000005
406	39	1	138.60799999999995	151.868
406	40	1	194.942	34.74800000000001
406	41	1	12.976047904191622	20.207584830339314
406	42	1	178.0099800399202	78.80239520958088
406	43	1	23.61200000000002	97.34399999999995
406	44	1	38.4509018036072	108.30460921843697
406	45	1	16.36127744510979	194.59081836327357
407	1	2	5.115702479338843	5.400826446280992
407	2	2	5.110169491525425	45.39830508474574
407	3	2	5.251028806584367	86.4979423868313
407	4	2	5.036000000000001	124.94399999999997
407	5	2	4.9999999999999964	165.00000000000009
407	6	2	44.988	5.104000000000002
407	7	2	45.40400000000003	45.13199999999998
407	8	2	45.12295081967211	84.8770491803279
407	9	2	45.132	125.40399999999994
407	10	2	45.502008032128465	164.32931726907637
407	11	2	84.99999999999997	5.000000000000002
407	12	2	83.71600000000002	44.44800000000001
407	13	2	85.01200000000003	85.10400000000001
407	14	2	84.988	124.89599999999994
407	15	2	84.99999999999997	164.99999999999991
407	16	2	125.07199999999999	4.939999999999999
407	17	2	125.12400000000005	45.00400000000004
407	18	2	125.05599999999998	84.97199999999994
407	19	2	124.828	124.97199999999997
407	20	2	125.148	165.03999999999996
407	21	2	164.99999999999994	5.000000000000002
407	22	2	164.99999999999994	45.00000000000002
407	23	2	164.36864406779657	84.7330508474576
407	24	2	164.86000000000004	125.01200000000001
407	25	2	165.33600000000004	165.10799999999998
407	26	1	182.68463073852297	16.57085828343315
407	27	1	155.1956087824353	147.25548902195627
407	28	1	34.205588822355296	19.241516966067863
407	29	1	181.902390438247	49.73705179282874
407	30	1	83.15599999999998	143.20200000000003
407	31	1	11.542000000000016	75.92200000000001
407	32	1	14.046092184368737	56.68336673346694
407	33	1	87.46600000000016	57.675999999999945
407	34	1	190.638	84.44200000000005
407	35	1	91.88200000000002	185.514
407	36	1	21.495009980039928	177.61477045908174
407	37	1	27.501999999999992	39.917999999999985
407	38	1	30.896000000000004	70.82800000000002
407	39	1	138.52295409181644	151.91417165668656
407	40	1	194.73	34.79799999999999
407	41	1	12.910179640718562	20.197604790419163
407	42	1	177.98399999999984	78.86999999999995
407	43	1	23.610000000000014	97.28399999999993
407	44	1	38.21912350597609	108.49800796812747
407	45	1	16.349999999999984	194.598
408	1	2	5.115702479338843	5.400826446280992
408	2	2	5.110169491525425	45.39830508474574
408	3	2	5.251028806584367	86.4979423868313
408	4	2	5.036000000000001	124.94399999999997
408	5	2	4.9999999999999964	165.00000000000009
408	6	2	44.988	5.104000000000002
408	7	2	45.40400000000003	45.13199999999998
408	8	2	45.12295081967211	84.8770491803279
408	9	2	45.132	125.40399999999994
408	10	2	45.502008032128465	164.32931726907637
408	11	2	84.99999999999997	5.000000000000002
408	12	2	83.71600000000002	44.44800000000001
408	13	2	85.01200000000003	85.10400000000001
408	14	2	84.988	124.89599999999994
408	15	2	84.99999999999997	164.99999999999991
408	16	2	125.07199999999999	4.939999999999999
408	17	2	125.12400000000005	45.00400000000004
408	18	2	125.05599999999998	84.97199999999994
408	19	2	124.828	124.97199999999997
408	20	2	125.148	165.03999999999996
408	21	2	164.99999999999994	5.000000000000002
408	22	2	164.99999999999994	45.00000000000002
408	23	2	164.36864406779657	84.7330508474576
408	24	2	164.86000000000004	125.01200000000001
408	25	2	165.33600000000004	165.10799999999998
408	26	1	182.70658682634732	16.590818363273442
408	27	1	155.11776447105777	147.26546906187625
408	28	1	34.14171656686629	19.19361277445108
408	29	1	181.722	49.700000000000024
408	30	1	83.14970059880238	143.25948103792416
408	31	1	11.546000000000014	75.90999999999991
408	32	1	13.999999999999998	56.64271457085828
408	33	1	87.40799999999992	57.69799999999998
408	34	1	190.612	84.41399999999993
408	35	1	91.8942115768463	185.4610778443113
408	36	1	21.5508982035928	177.6187624750499
408	37	1	27.407999999999994	39.75000000000003
408	38	1	30.90818363273452	70.69461077844302
408	39	1	138.35270541082178	151.79559118236477
408	40	1	194.69261477045907	34.822355289421154
408	41	1	12.813627254509026	20.07815631262525
408	42	1	178.0020000000001	78.74799999999999
408	43	1	23.65199999999999	97.22400000000015
408	44	1	38.101593625498026	108.63745019920314
408	45	1	16.37125748502994	194.54890219560883
409	1	2	5.115702479338843	5.400826446280992
409	2	2	5.110169491525425	45.39830508474574
409	3	2	5.251028806584367	86.4979423868313
409	4	2	5.036000000000001	124.94399999999997
409	5	2	4.9999999999999964	165.00000000000009
409	6	2	44.988	5.104000000000002
409	7	2	45.40400000000003	45.13199999999998
409	8	2	45.12295081967211	84.8770491803279
409	9	2	45.132	125.40399999999994
409	10	2	45.502008032128465	164.32931726907637
409	11	2	84.99999999999997	5.000000000000002
409	12	2	83.71600000000002	44.44800000000001
409	13	2	85.01200000000003	85.10400000000001
409	14	2	84.988	124.89599999999994
409	15	2	84.99999999999997	164.99999999999991
409	16	2	125.07199999999999	4.939999999999999
409	17	2	125.12400000000005	45.00400000000004
409	18	2	125.05599999999998	84.97199999999994
409	19	2	124.828	124.97199999999997
409	20	2	125.148	165.03999999999996
409	21	2	164.99999999999994	5.000000000000002
409	22	2	164.99999999999994	45.00000000000002
409	23	2	164.36864406779657	84.7330508474576
409	24	2	164.86000000000004	125.01200000000001
409	25	2	165.33600000000004	165.10799999999998
409	26	1	182.78199999999998	16.63
409	27	1	155.069860279441	147.42914171656682
409	28	1	34.11177644710582	19.15968063872256
409	29	1	181.7005988023952	49.75648702594807
409	30	1	83.21000000000001	143.23799999999986
409	31	1	11.548000000000004	75.80799999999995
409	32	1	13.849699398797599	56.557114228456946
409	33	1	87.4630738522953	57.74850299401203
409	34	1	190.61	84.42799999999993
409	35	1	92.00600000000001	185.42599999999976
409	36	1	21.54291417165667	177.67664670658664
409	37	1	27.498000000000022	39.81800000000004
409	38	1	30.934000000000005	70.56999999999998
409	39	1	138.28942115768461	151.62874251496996
409	40	1	194.51696606786427	34.83433133732534
409	41	1	12.790419161676647	20.11576846307384
409	42	1	177.94600000000023	78.76799999999989
409	43	1	23.686626746506988	97.06586826347304
409	44	1	38.01197604790417	108.69461077844312
409	45	1	16.645999999999994	194.56600000000003
410	1	2	5.115702479338843	5.400826446280992
410	2	2	5.110169491525425	45.39830508474574
410	3	2	5.251028806584367	86.4979423868313
410	4	2	5.036000000000001	124.94399999999997
410	5	2	4.9999999999999964	165.00000000000009
410	6	2	44.988	5.104000000000002
410	7	2	45.40400000000003	45.13199999999998
410	8	2	45.12295081967211	84.8770491803279
410	9	2	45.132	125.40399999999994
410	10	2	45.502008032128465	164.32931726907637
410	11	2	84.99999999999997	5.000000000000002
410	12	2	83.71600000000002	44.44800000000001
410	13	2	85.01200000000003	85.10400000000001
410	14	2	84.988	124.89599999999994
410	15	2	84.99999999999997	164.99999999999991
410	16	2	125.07199999999999	4.939999999999999
410	17	2	125.12400000000005	45.00400000000004
410	18	2	125.05599999999998	84.97199999999994
410	19	2	124.828	124.97199999999997
410	20	2	125.148	165.03999999999996
410	21	2	164.99999999999994	5.000000000000002
410	22	2	164.99999999999994	45.00000000000002
410	23	2	164.36864406779657	84.7330508474576
410	24	2	164.86000000000004	125.01200000000001
410	25	2	165.33600000000004	165.10799999999998
410	26	1	182.79999999999998	16.673999999999996
410	27	1	155.06786427145713	147.38522954091798
410	28	1	34.046	19.111999999999988
410	29	1	181.68	49.69
410	30	1	83.1516966067864	143.23153692614798
410	31	1	11.534930139720556	75.76646706586827
410	32	1	13.86973947895791	56.45691382765529
410	33	1	87.47599999999997	57.73199999999996
410	34	1	190.58	84.36999999999999
410	35	1	92.074	185.41599999999994
410	36	1	21.630738522954097	177.6506986027945
410	37	1	27.561999999999973	39.77200000000005
410	38	1	30.910000000000025	70.51800000000004
410	39	1	138.27799999999985	151.57999999999993
410	40	1	194.46492985971943	34.863727454909835
410	41	1	12.638722554890203	20.079840319361253
410	42	1	177.95599999999993	78.59999999999992
410	43	1	23.71457085828345	97.03592814371252
410	44	1	37.924	108.7739999999999
410	45	1	16.724	194.52599999999978
411	1	2	5.115702479338843	5.400826446280992
411	2	2	5.110169491525425	45.39830508474574
411	3	2	5.251028806584367	86.4979423868313
411	4	2	5.036000000000001	124.94399999999997
411	5	2	4.9999999999999964	165.00000000000009
411	6	2	44.988	5.104000000000002
411	7	2	45.40400000000003	45.13199999999998
411	8	2	45.12295081967211	84.8770491803279
411	9	2	45.132	125.40399999999994
411	10	2	45.502008032128465	164.32931726907637
411	11	2	84.99999999999997	5.000000000000002
411	12	2	83.71600000000002	44.44800000000001
411	13	2	85.01200000000003	85.10400000000001
411	14	2	84.988	124.89599999999994
411	15	2	84.99999999999997	164.99999999999991
411	16	2	125.07199999999999	4.939999999999999
411	17	2	125.12400000000005	45.00400000000004
411	18	2	125.05599999999998	84.97199999999994
411	19	2	124.828	124.97199999999997
411	20	2	125.148	165.03999999999996
411	21	2	164.99999999999994	5.000000000000002
411	22	2	164.99999999999994	45.00000000000002
411	23	2	164.36864406779657	84.7330508474576
411	24	2	164.86000000000004	125.01200000000001
411	25	2	165.33600000000004	165.10799999999998
411	26	1	182.80439121756487	16.608782435129733
411	27	1	155.05000000000018	147.56400000000008
411	28	1	34.00798403193614	19.063872255489027
411	29	1	181.63	49.70400000000003
411	30	1	83.22400000000003	143.19200000000006
411	31	1	11.481999999999992	75.68799999999996
411	32	1	13.865731462925853	56.42484969939878
411	33	1	87.556	57.79000000000001
411	34	1	190.594	84.36200000000005
411	35	1	92.06400000000005	185.30399999999997
411	36	1	21.67664670658683	177.67265469061877
411	37	1	27.592000000000006	39.784000000000034
411	38	1	30.863999999999997	70.5240000000001
411	39	1	138.0439121756486	151.56087824351312
411	40	1	194.41082164328657	34.82965931863724
411	41	1	12.56800000000001	20.120000000000022
411	42	1	177.9361277445111	78.54890219560878
411	43	1	23.79799999999998	96.97600000000004
411	44	1	37.912350597609546	108.87649402390436
411	45	1	16.72055888223552	194.54491017964057
412	1	2	5.115702479338843	5.400826446280992
412	2	2	5.110169491525425	45.39830508474574
412	3	2	5.251028806584367	86.4979423868313
412	4	2	5.036000000000001	124.94399999999997
412	5	2	4.9999999999999964	165.00000000000009
412	6	2	44.988	5.104000000000002
412	7	2	45.40400000000003	45.13199999999998
412	8	2	45.12295081967211	84.8770491803279
412	9	2	45.132	125.40399999999994
412	10	2	45.502008032128465	164.32931726907637
412	11	2	84.99999999999997	5.000000000000002
412	12	2	83.71600000000002	44.44800000000001
412	13	2	85.01200000000003	85.10400000000001
412	14	2	84.988	124.89599999999994
412	15	2	84.99999999999997	164.99999999999991
412	16	2	125.07199999999999	4.939999999999999
412	17	2	125.12400000000005	45.00400000000004
412	18	2	125.05599999999998	84.97199999999994
412	19	2	124.828	124.97199999999997
412	20	2	125.148	165.03999999999996
412	21	2	164.99999999999994	5.000000000000002
412	22	2	164.99999999999994	45.00000000000002
412	23	2	164.36864406779657	84.7330508474576
412	24	2	164.86000000000004	125.01200000000001
412	25	2	165.33600000000004	165.10799999999998
412	26	1	182.73306772908367	16.67330677290835
412	27	1	154.9540000000002	147.45600000000007
412	28	1	34.00800000000001	19.05
412	29	1	181.5489021956088	49.78443113772455
412	30	1	83.28542914171652	143.22554890219553
412	31	1	11.584000000000009	75.72999999999998
412	32	1	13.876247504990019	56.36127744510975
412	33	1	87.52894211576863	57.708582834331345
412	34	1	190.58483033932134	84.27345309381242
412	35	1	92.08782435129741	185.25948103792405
412	36	1	21.738522954091817	177.72255489021947
412	37	1	27.637999999999998	39.66599999999997
412	38	1	30.916000000000015	70.39000000000001
412	39	1	137.87999999999994	151.528
412	40	1	194.2934131736527	34.86227544910182
412	41	1	12.473053892215582	20.143712574850298
412	42	1	177.8937875751503	78.39478957915827
412	43	1	23.801999999999992	96.9140000000001
412	44	1	37.890438247011915	108.91035856573704
412	45	1	16.720558882235526	194.55688622754496
413	1	2	5.115702479338843	5.400826446280992
413	2	2	5.110169491525425	45.39830508474574
413	3	2	5.251028806584367	86.4979423868313
413	4	2	5.036000000000001	124.94399999999997
413	5	2	4.9999999999999964	165.00000000000009
413	6	2	44.988	5.104000000000002
413	7	2	45.40400000000003	45.13199999999998
413	8	2	45.12295081967211	84.8770491803279
413	9	2	45.132	125.40399999999994
413	10	2	45.502008032128465	164.32931726907637
413	11	2	84.99999999999997	5.000000000000002
413	12	2	83.71600000000002	44.44800000000001
413	13	2	85.01200000000003	85.10400000000001
413	14	2	84.988	124.89599999999994
413	15	2	84.99999999999997	164.99999999999991
413	16	2	125.07199999999999	4.939999999999999
413	17	2	125.12400000000005	45.00400000000004
413	18	2	125.05599999999998	84.97199999999994
413	19	2	124.828	124.97199999999997
413	20	2	125.148	165.03999999999996
413	21	2	164.99999999999994	5.000000000000002
413	22	2	164.99999999999994	45.00000000000002
413	23	2	164.36864406779657	84.7330508474576
413	24	2	164.86000000000004	125.01200000000001
413	25	2	165.33600000000004	165.10799999999998
413	26	1	182.7564870259481	16.694610778443092
413	27	1	154.90219560878228	147.47504990019974
413	28	1	33.89800000000001	18.959999999999994
413	29	1	181.53600000000003	49.81599999999998
413	30	1	83.3552894211576	143.26147704590826
413	31	1	11.588822355289413	75.69261477045909
413	32	1	13.842315369261481	56.33333333333334
413	33	1	87.50000000000007	57.756000000000014
413	34	1	190.60399999999998	84.26000000000003
413	35	1	91.96207584830329	185.27944111776438
413	36	1	21.75249500998004	177.76447105788435
413	37	1	27.680638722554907	39.63672654690616
413	38	1	30.977999999999998	70.2520000000001
413	39	1	137.81437125748477	151.48103792415162
413	40	1	194.2	34.88399999999996
413	41	1	12.401197604790415	20.18363273453094
413	42	1	177.83800000000014	78.26799999999994
413	43	1	23.913999999999977	96.83199999999988
413	44	1	37.83632734530938	108.96606786427147
413	45	1	16.64729458917835	194.50501002003998
414	1	2	5.115702479338843	5.400826446280992
414	2	2	5.110169491525425	45.39830508474574
414	3	2	5.251028806584367	86.4979423868313
414	4	2	5.036000000000001	124.94399999999997
414	5	2	4.9999999999999964	165.00000000000009
414	6	2	44.988	5.104000000000002
414	7	2	45.40400000000003	45.13199999999998
414	8	2	45.12295081967211	84.8770491803279
414	9	2	45.132	125.40399999999994
414	10	2	45.502008032128465	164.32931726907637
414	11	2	84.99999999999997	5.000000000000002
414	12	2	83.71600000000002	44.44800000000001
414	13	2	85.01200000000003	85.10400000000001
414	14	2	84.988	124.89599999999994
414	15	2	84.99999999999997	164.99999999999991
414	16	2	125.07199999999999	4.939999999999999
414	17	2	125.12400000000005	45.00400000000004
414	18	2	125.05599999999998	84.97199999999994
414	19	2	124.828	124.97199999999997
414	20	2	125.148	165.03999999999996
414	21	2	164.99999999999994	5.000000000000002
414	22	2	164.99999999999994	45.00000000000002
414	23	2	164.36864406779657	84.7330508474576
414	24	2	164.86000000000004	125.01200000000001
414	25	2	165.33600000000004	165.10799999999998
414	26	1	182.758	16.854
414	27	1	154.84262948207174	147.36254980079678
414	28	1	33.878000000000014	18.977999999999987
414	29	1	181.478	49.887999999999934
414	30	1	83.51999999999998	143.26400000000012
414	31	1	11.545090180360715	75.6593186372746
414	32	1	13.840319361277453	56.32135728542915
414	33	1	87.54890219560886	57.79041916167663
414	34	1	190.60399999999998	84.29399999999995
414	35	1	91.95400000000004	185.17399999999986
414	36	1	21.788423153692626	177.78043912175642
414	37	1	27.71	39.632000000000055
414	38	1	30.922000000000004	70.26399999999994
414	39	1	137.65868263473044	151.43712574850298
414	40	1	194.172	34.87999999999998
414	41	1	12.405999999999999	20.272000000000002
414	42	1	177.82834331337332	78.26347305389221
414	43	1	23.962075848303378	96.79840319361278
414	44	1	37.816367265469026	109.09780439121751
414	45	1	16.77045908183634	194.53093812375232
415	1	2	5.115702479338843	5.400826446280992
415	2	2	5.110169491525425	45.39830508474574
415	3	2	5.251028806584367	86.4979423868313
415	4	2	5.036000000000001	124.94399999999997
415	5	2	4.9999999999999964	165.00000000000009
415	6	2	44.988	5.104000000000002
415	7	2	45.40400000000003	45.13199999999998
415	8	2	45.12295081967211	84.8770491803279
415	9	2	45.132	125.40399999999994
415	10	2	45.502008032128465	164.32931726907637
415	11	2	84.99999999999997	5.000000000000002
415	12	2	83.71600000000002	44.44800000000001
415	13	2	85.01200000000003	85.10400000000001
415	14	2	84.988	124.89599999999994
415	15	2	84.99999999999997	164.99999999999991
415	16	2	125.07199999999999	4.939999999999999
415	17	2	125.12400000000005	45.00400000000004
415	18	2	125.05599999999998	84.97199999999994
415	19	2	124.828	124.97199999999997
415	20	2	125.148	165.03999999999996
415	21	2	164.99999999999994	5.000000000000002
415	22	2	164.99999999999994	45.00000000000002
415	23	2	164.36864406779657	84.7330508474576
415	24	2	164.86000000000004	125.01200000000001
415	25	2	165.33600000000004	165.10799999999998
415	26	1	182.73253493013974	16.84431137724552
415	27	1	154.78399999999996	147.42600000000016
415	28	1	33.87025948103792	18.906187624750494
415	29	1	181.43286573146293	49.845691382765565
415	30	1	83.61599999999996	143.19999999999993
415	31	1	11.532934131736527	75.65668662674652
415	32	1	13.704	56.23999999999998
415	33	1	87.42600000000002	57.78400000000002
415	34	1	190.64	84.41000000000005
415	35	1	91.97604790419169	185.09381237524954
415	36	1	21.964071856287397	177.71457085828337
415	37	1	27.770000000000003	39.59400000000003
415	38	1	30.858000000000004	70.19800000000002
415	39	1	137.59800000000018	151.4759999999999
415	40	1	194.10399999999998	34.88000000000004
415	41	1	12.373253493013973	20.285429141716577
415	42	1	177.80199999999996	78.14000000000001
415	43	1	24.015968063872272	96.75249500998007
415	44	1	37.82035928143715	109.08782435129733
415	45	1	16.69939879759519	194.46292585170315
416	1	2	5.115702479338843	5.400826446280992
416	2	2	5.110169491525425	45.39830508474574
416	3	2	5.251028806584367	86.4979423868313
416	4	2	5.036000000000001	124.94399999999997
416	5	2	4.9999999999999964	165.00000000000009
416	6	2	44.988	5.104000000000002
416	7	2	45.40400000000003	45.13199999999998
416	8	2	45.12295081967211	84.8770491803279
416	9	2	45.132	125.40399999999994
416	10	2	45.502008032128465	164.32931726907637
416	11	2	84.99999999999997	5.000000000000002
416	12	2	83.71600000000002	44.44800000000001
416	13	2	85.01200000000003	85.10400000000001
416	14	2	84.988	124.89599999999994
416	15	2	84.99999999999997	164.99999999999991
416	16	2	125.07199999999999	4.939999999999999
416	17	2	125.12400000000005	45.00400000000004
416	18	2	125.05599999999998	84.97199999999994
416	19	2	124.828	124.97199999999997
416	20	2	125.148	165.03999999999996
416	21	2	164.99999999999994	5.000000000000002
416	22	2	164.99999999999994	45.00000000000002
416	23	2	164.36864406779657	84.7330508474576
416	24	2	164.86000000000004	125.01200000000001
416	25	2	165.33600000000004	165.10799999999998
416	26	1	182.69799999999998	16.887999999999987
416	27	1	154.75799999999995	147.36399999999998
416	28	1	33.86427145708584	18.86027944111779
416	29	1	181.32534930139718	49.90419161676646
416	30	1	83.67399999999999	143.19599999999994
416	31	1	11.510978043912164	75.68063872255485
416	32	1	13.665999999999995	56.21199999999992
416	33	1	87.52495009980042	57.82435129740518
416	34	1	190.63727454909818	84.48296593186379
416	35	1	91.888	185.04800000000012
416	36	1	22.007984031936136	177.65868263473067
416	37	1	27.777999999999995	39.517999999999965
416	38	1	30.845999999999982	70.17999999999999
416	39	1	137.50000000000009	151.49200000000005
416	40	1	193.97405189620758	34.89820359281429
416	41	1	12.281437125748496	20.337325349301395
416	42	1	177.83033932135737	77.98203592814377
416	43	1	24.175648702594817	96.6487025948103
416	44	1	37.760000000000026	109.40799999999996
416	45	1	16.704590818363272	194.43712574850295
417	1	2	5.115702479338843	5.400826446280992
417	2	2	5.110169491525425	45.39830508474574
417	3	2	5.251028806584367	86.4979423868313
417	4	2	5.036000000000001	124.94399999999997
417	5	2	4.9999999999999964	165.00000000000009
417	6	2	44.988	5.104000000000002
417	7	2	45.40400000000003	45.13199999999998
417	8	2	45.12295081967211	84.8770491803279
417	9	2	45.132	125.40399999999994
417	10	2	45.502008032128465	164.32931726907637
417	11	2	84.99999999999997	5.000000000000002
417	12	2	83.71600000000002	44.44800000000001
417	13	2	85.01200000000003	85.10400000000001
417	14	2	84.988	124.89599999999994
417	15	2	84.99999999999997	164.99999999999991
417	16	2	125.07199999999999	4.939999999999999
417	17	2	125.12400000000005	45.00400000000004
417	18	2	125.05599999999998	84.97199999999994
417	19	2	124.828	124.97199999999997
417	20	2	125.148	165.03999999999996
417	21	2	164.99999999999994	5.000000000000002
417	22	2	164.99999999999994	45.00000000000002
417	23	2	164.36864406779657	84.7330508474576
417	24	2	164.86000000000004	125.01200000000001
417	25	2	165.33600000000004	165.10799999999998
417	26	1	182.65531062124248	16.923847695390773
417	27	1	154.74799999999985	147.41399999999993
417	28	1	33.84200000000001	18.868000000000027
417	29	1	181.31799999999998	49.911999999999985
417	30	1	83.70459081836327	143.14970059880227
417	31	1	11.506986027944109	75.63273453093811
417	32	1	13.655310621242487	56.184368737474934
417	33	1	87.59081836327344	57.828343313373225
417	34	1	190.64529058116233	84.48697394789576
417	35	1	91.89820359281433	185.05389221556882
417	36	1	22.07984031936129	177.62874251496996
417	37	1	27.762000000000015	39.46399999999993
417	38	1	30.846000000000004	70.08200000000001
417	39	1	137.43799999999996	151.43599999999986
417	40	1	193.904	34.88599999999997
417	41	1	12.243512974051896	20.42115768463072
417	42	1	177.79399999999998	77.8919999999999
417	43	1	24.139720558882246	96.56287425149699
417	44	1	37.688622754491	109.49700598802389
417	45	1	16.840000000000007	194.48000000000008
418	1	2	5.115702479338843	5.400826446280992
418	2	2	5.110169491525425	45.39830508474574
418	3	2	5.251028806584367	86.4979423868313
418	4	2	5.036000000000001	124.94399999999997
418	5	2	4.9999999999999964	165.00000000000009
418	6	2	44.988	5.104000000000002
418	7	2	45.40400000000003	45.13199999999998
418	8	2	45.12295081967211	84.8770491803279
418	9	2	45.132	125.40399999999994
418	10	2	45.502008032128465	164.32931726907637
418	11	2	84.99999999999997	5.000000000000002
418	12	2	83.71600000000002	44.44800000000001
418	13	2	85.01200000000003	85.10400000000001
418	14	2	84.988	124.89599999999994
418	15	2	84.99999999999997	164.99999999999991
418	16	2	125.07199999999999	4.939999999999999
418	17	2	125.12400000000005	45.00400000000004
418	18	2	125.05599999999998	84.97199999999994
418	19	2	124.828	124.97199999999997
418	20	2	125.148	165.03999999999996
418	21	2	164.99999999999994	5.000000000000002
418	22	2	164.99999999999994	45.00000000000002
418	23	2	164.36864406779657	84.7330508474576
418	24	2	164.86000000000004	125.01200000000001
418	25	2	165.33600000000004	165.10799999999998
418	26	1	182.70119521912352	16.92430278884463
418	27	1	154.67065868263467	147.32534930139713
418	28	1	33.90200000000002	18.892
418	29	1	181.26	49.971999999999994
418	30	1	83.79241516966066	143.22155688622757
418	31	1	11.630738522954083	75.69461077844312
418	32	1	13.702594810379246	56.13972055888222
418	33	1	87.70000000000002	57.942
418	34	1	190.66067864271457	84.44910179640725
418	35	1	91.78486055776892	184.98406374502005
418	36	1	22.05599999999999	177.608
418	37	1	27.778	39.321999999999974
418	38	1	30.90818363273453	70.01596806387218
418	39	1	137.3792415169659	151.44510978043905
418	40	1	193.862	34.90799999999997
418	41	1	12.223999999999988	20.417999999999996
418	42	1	177.75199999999998	77.69000000000003
418	43	1	24.209163346613536	96.52988047808763
418	44	1	37.644710578842314	109.67465069860283
418	45	1	16.920159680638704	194.4550898203592
419	1	2	5.115702479338843	5.400826446280992
419	2	2	5.110169491525425	45.39830508474574
419	3	2	5.251028806584367	86.4979423868313
419	4	2	5.036000000000001	124.94399999999997
419	5	2	4.9999999999999964	165.00000000000009
419	6	2	44.988	5.104000000000002
419	7	2	45.40400000000003	45.13199999999998
419	8	2	45.12295081967211	84.8770491803279
419	9	2	45.132	125.40399999999994
419	10	2	45.502008032128465	164.32931726907637
419	11	2	84.99999999999997	5.000000000000002
419	12	2	83.71600000000002	44.44800000000001
419	13	2	85.01200000000003	85.10400000000001
419	14	2	84.988	124.89599999999994
419	15	2	84.99999999999997	164.99999999999991
419	16	2	125.07199999999999	4.939999999999999
419	17	2	125.12400000000005	45.00400000000004
419	18	2	125.05599999999998	84.97199999999994
419	19	2	124.828	124.97199999999997
419	20	2	125.148	165.03999999999996
419	21	2	164.99999999999994	5.000000000000002
419	22	2	164.99999999999994	45.00000000000002
419	23	2	164.36864406779657	84.7330508474576
419	24	2	164.86000000000004	125.01200000000001
419	25	2	165.33600000000004	165.10799999999998
419	26	1	182.74251497005986	16.990019960079838
419	27	1	154.70800000000008	147.3220000000002
419	28	1	33.87599999999999	18.902000000000005
419	29	1	181.25799999999998	49.96800000000002
419	30	1	83.85029940119759	143.21556886227546
419	31	1	11.759999999999998	75.74000000000001
419	32	1	13.680638722554889	56.109780439121735
419	33	1	87.76247504990022	58.10778443113774
419	34	1	190.74051896207584	84.35528942115768
419	35	1	91.89221556886233	184.92814371257484
419	36	1	22.11776447105789	177.65469061876257
419	37	1	27.82364729458919	39.3807615230461
419	38	1	30.946000000000012	69.99800000000006
419	39	1	137.35928143712567	151.39520958083838
419	40	1	193.91	34.846000000000025
419	41	1	12.19800000000001	20.41399999999998
419	42	1	177.79000000000008	77.61400000000005
419	43	1	24.219999999999988	96.47400000000003
419	44	1	37.626746506986045	109.67664670658685
419	45	1	16.984000000000012	194.45600000000013
420	1	2	5.115702479338843	5.400826446280992
420	2	2	5.110169491525425	45.39830508474574
420	3	2	5.251028806584367	86.4979423868313
420	4	2	5.036000000000001	124.94399999999997
420	5	2	4.9999999999999964	165.00000000000009
420	6	2	44.988	5.104000000000002
420	7	2	45.40400000000003	45.13199999999998
420	8	2	45.12295081967211	84.8770491803279
420	9	2	45.132	125.40399999999994
420	10	2	45.502008032128465	164.32931726907637
420	11	2	84.99999999999997	5.000000000000002
420	12	2	83.71600000000002	44.44800000000001
420	13	2	85.01200000000003	85.10400000000001
420	14	2	84.988	124.89599999999994
420	15	2	84.99999999999997	164.99999999999991
420	16	2	125.07199999999999	4.939999999999999
420	17	2	125.12400000000005	45.00400000000004
420	18	2	125.05599999999998	84.97199999999994
420	19	2	124.828	124.97199999999997
420	20	2	125.148	165.03999999999996
420	21	2	164.99999999999994	5.000000000000002
420	22	2	164.99999999999994	45.00000000000002
420	23	2	164.36864406779657	84.7330508474576
420	24	2	164.86000000000004	125.01200000000001
420	25	2	165.33600000000004	165.10799999999998
420	26	1	182.79441117764472	16.968063872255495
420	27	1	154.65600000000012	147.26
420	28	1	33.9061876247505	18.892215568862294
420	29	1	181.254	50.118000000000016
420	30	1	83.98602794411181	143.2295409181636
420	31	1	11.804000000000002	75.74
420	32	1	13.679999999999996	56.083999999999996
420	33	1	87.95200000000006	58.18199999999996
420	34	1	190.8003992015968	84.50099800399202
420	35	1	91.76447105788411	184.93013972055886
420	36	1	22.099800399201584	177.6986027944112
420	37	1	27.77245508982037	39.279441117764506
420	38	1	30.94999999999998	69.90999999999995
420	39	1	137.32335329341305	151.24151696606762
420	40	1	193.58083832335328	34.83033932135728
420	41	1	12.121999999999995	20.492000000000008
420	42	1	177.82035928143708	77.59680638722553
420	43	1	24.306	96.39999999999996
420	44	1	37.647999999999996	109.82
420	45	1	16.952095808383234	194.43113772455087
421	1	2	5.115702479338843	5.400826446280992
421	2	2	5.110169491525425	45.39830508474574
421	3	2	5.251028806584367	86.4979423868313
421	4	2	5.036000000000001	124.94399999999997
421	5	2	4.9999999999999964	165.00000000000009
421	6	2	44.988	5.104000000000002
421	7	2	45.40400000000003	45.13199999999998
421	8	2	45.12295081967211	84.8770491803279
421	9	2	45.132	125.40399999999994
421	10	2	45.502008032128465	164.32931726907637
421	11	2	84.99999999999997	5.000000000000002
421	12	2	83.71600000000002	44.44800000000001
421	13	2	85.01200000000003	85.10400000000001
421	14	2	84.988	124.89599999999994
421	15	2	84.99999999999997	164.99999999999991
421	16	2	125.07199999999999	4.939999999999999
421	17	2	125.12400000000005	45.00400000000004
421	18	2	125.05599999999998	84.97199999999994
421	19	2	124.828	124.97199999999997
421	20	2	125.148	165.03999999999996
421	21	2	164.99999999999994	5.000000000000002
421	22	2	164.99999999999994	45.00000000000002
421	23	2	164.36864406779657	84.7330508474576
421	24	2	164.86000000000004	125.01200000000001
421	25	2	165.33600000000004	165.10799999999998
421	26	1	182.82834331337324	16.990019960079852
421	27	1	154.59880239520956	147.27744510978036
421	28	1	33.87800000000001	18.89600000000001
421	29	1	181.228	50.10799999999999
421	30	1	83.97405189620763	143.2714570858283
421	31	1	11.750499001996017	75.67065868263472
421	32	1	13.767999999999999	56.02600000000001
421	33	1	87.9021956087825	58.261477045908165
421	34	1	190.82634730538922	84.55489021956086
421	35	1	91.7265469061876	184.91217564870254
421	36	1	22.097804391217565	177.75249500997998
421	37	1	27.74051896207585	39.19361277445104
421	38	1	31.011976047904202	69.81636726546904
421	39	1	137.2934131736527	151.06986027944123
421	40	1	193.53692614770458	34.754491017964014
421	41	1	12.068000000000003	20.457999999999988
421	42	1	177.8303393213572	77.4930139720559
421	43	1	24.447999999999993	96.31
421	44	1	37.583665338645446	109.95219123505969
421	45	1	16.97	194.45000000000027
422	1	2	5.115702479338843	5.400826446280992
422	2	2	5.110169491525425	45.39830508474574
422	3	2	5.251028806584367	86.4979423868313
422	4	2	5.036000000000001	124.94399999999997
422	5	2	4.9999999999999964	165.00000000000009
422	6	2	44.988	5.104000000000002
422	7	2	45.40400000000003	45.13199999999998
422	8	2	45.12295081967211	84.8770491803279
422	9	2	45.132	125.40399999999994
422	10	2	45.502008032128465	164.32931726907637
422	11	2	84.99999999999997	5.000000000000002
422	12	2	83.71600000000002	44.44800000000001
422	13	2	85.01200000000003	85.10400000000001
422	14	2	84.988	124.89599999999994
422	15	2	84.99999999999997	164.99999999999991
422	16	2	125.07199999999999	4.939999999999999
422	17	2	125.12400000000005	45.00400000000004
422	18	2	125.05599999999998	84.97199999999994
422	19	2	124.828	124.97199999999997
422	20	2	125.148	165.03999999999996
422	21	2	164.99999999999994	5.000000000000002
422	22	2	164.99999999999994	45.00000000000002
422	23	2	164.36864406779657	84.7330508474576
422	24	2	164.86000000000004	125.01200000000001
422	25	2	165.33600000000004	165.10799999999998
422	26	1	182.81237524950097	16.922155688622734
422	27	1	154.58283433133732	147.23952095808366
422	28	1	33.824351297405194	18.90618762475051
422	29	1	181.19161676646706	50.115768463073884
422	30	1	83.93600000000008	143.32000000000005
422	31	1	11.849999999999998	75.7499999999999
422	32	1	13.728542914171651	56.0439121756487
422	33	1	87.96812749003985	58.33067729083665
422	34	1	190.8243512974052	84.52694610778443
422	35	1	91.69660678642705	184.92814371257504
422	36	1	22.231536926147704	177.72455089820374
422	37	1	27.75600000000002	39.224000000000004
422	38	1	31.012024048096205	69.73947895791584
422	39	1	137.12375249500982	151.01197604790414
422	40	1	193.43	34.755999999999986
422	41	1	11.976047904191617	20.548902195608783
422	42	1	177.8300000000002	77.39799999999997
422	43	1	24.600798403193618	96.24550898203582
422	44	1	37.540918163672664	110.02395209580837
422	45	1	17.16367265469062	194.4870259481037
423	1	2	5.115702479338843	5.400826446280992
423	2	2	5.110169491525425	45.39830508474574
423	3	2	5.251028806584367	86.4979423868313
423	4	2	5.036000000000001	124.94399999999997
423	5	2	4.9999999999999964	165.00000000000009
423	6	2	44.988	5.104000000000002
423	7	2	45.40400000000003	45.13199999999998
423	8	2	45.12295081967211	84.8770491803279
423	9	2	45.132	125.40399999999994
423	10	2	45.502008032128465	164.32931726907637
423	11	2	84.99999999999997	5.000000000000002
423	12	2	83.71600000000002	44.44800000000001
423	13	2	85.01200000000003	85.10400000000001
423	14	2	84.988	124.89599999999994
423	15	2	84.99999999999997	164.99999999999991
423	16	2	125.07199999999999	4.939999999999999
423	17	2	125.12400000000005	45.00400000000004
423	18	2	125.05599999999998	84.97199999999994
423	19	2	124.828	124.97199999999997
423	20	2	125.148	165.03999999999996
423	21	2	164.99999999999994	5.000000000000002
423	22	2	164.99999999999994	45.00000000000002
423	23	2	164.36864406779657	84.7330508474576
423	24	2	164.86000000000004	125.01200000000001
423	25	2	165.33600000000004	165.10799999999998
423	26	1	182.754	16.929999999999993
423	27	1	154.5309381237527	147.18962075848304
423	28	1	33.74	18.871999999999996
423	29	1	181.1437125748503	50.123752495009924
423	30	1	83.90999999999994	143.3299999999998
423	31	1	11.880239520958083	75.77644710578842
423	32	1	13.636726546906175	56.03992015968066
423	33	1	88.04000000000002	58.42200000000001
423	34	1	190.89999999999998	84.54799999999993
423	35	1	91.61952191235052	184.91035856573697
423	36	1	22.24999999999997	177.72200000000012
423	37	1	27.69799999999999	39.214000000000055
423	38	1	31.129740518962066	69.5548902195609
423	39	1	137.1180000000001	151.08999999999992
423	40	1	193.41400000000002	34.69400000000002
423	41	1	11.934131736526956	20.46706586826346
423	42	1	177.85199999999986	77.30799999999994
423	43	1	24.714570858283434	96.1516966067864
423	44	1	37.480000000000004	110.04199999999997
423	45	1	17.291999999999994	194.41799999999995
424	1	2	5.115702479338843	5.400826446280992
424	2	2	5.110169491525425	45.39830508474574
424	3	2	5.251028806584367	86.4979423868313
424	4	2	5.036000000000001	124.94399999999997
424	5	2	4.9999999999999964	165.00000000000009
424	6	2	44.988	5.104000000000002
424	7	2	45.40400000000003	45.13199999999998
424	8	2	45.12295081967211	84.8770491803279
424	9	2	45.132	125.40399999999994
424	10	2	45.502008032128465	164.32931726907637
424	11	2	84.99999999999997	5.000000000000002
424	12	2	83.71600000000002	44.44800000000001
424	13	2	85.01200000000003	85.10400000000001
424	14	2	84.988	124.89599999999994
424	15	2	84.99999999999997	164.99999999999991
424	16	2	125.07199999999999	4.939999999999999
424	17	2	125.12400000000005	45.00400000000004
424	18	2	125.05599999999998	84.97199999999994
424	19	2	124.828	124.97199999999997
424	20	2	125.148	165.03999999999996
424	21	2	164.99999999999994	5.000000000000002
424	22	2	164.99999999999994	45.00000000000002
424	23	2	164.36864406779657	84.7330508474576
424	24	2	164.86000000000004	125.01200000000001
424	25	2	165.33600000000004	165.10799999999998
424	26	1	182.7405189620758	16.900199600798384
424	27	1	154.5820000000001	147.07800000000003
424	28	1	33.63273453093815	18.788423153692612
424	29	1	181.104	50.197999999999986
424	30	1	83.992	143.3099999999998
424	31	1	11.778	75.68800000000002
424	32	1	13.676	55.98800000000002
424	33	1	87.97799999999995	58.59600000000003
424	34	1	190.93	84.524
424	35	1	91.6327345309382	184.9960079840319
424	36	1	22.32934131736527	177.68063872255485
424	37	1	27.70999999999998	39.17800000000005
424	38	1	31.145708582834352	69.46906187624758
424	39	1	137.11400000000006	150.98799999999994
424	40	1	193.26147704590818	34.67465069860278
424	41	1	11.814000000000002	20.565999999999985
424	42	1	177.84200000000013	77.32199999999995
424	43	1	24.824351297405194	96.0459081836327
424	44	1	37.33000000000001	110.10400000000001
424	45	1	17.301397205588835	194.4091816367267
425	1	2	5.115702479338843	5.400826446280992
425	2	2	5.110169491525425	45.39830508474574
425	3	2	5.251028806584367	86.4979423868313
425	4	2	5.036000000000001	124.94399999999997
425	5	2	4.9999999999999964	165.00000000000009
425	6	2	44.988	5.104000000000002
425	7	2	45.40400000000003	45.13199999999998
425	8	2	45.12295081967211	84.8770491803279
425	9	2	45.132	125.40399999999994
425	10	2	45.502008032128465	164.32931726907637
425	11	2	84.99999999999997	5.000000000000002
425	12	2	83.71600000000002	44.44800000000001
425	13	2	85.01200000000003	85.10400000000001
425	14	2	84.988	124.89599999999994
425	15	2	84.99999999999997	164.99999999999991
425	16	2	125.07199999999999	4.939999999999999
425	17	2	125.12400000000005	45.00400000000004
425	18	2	125.05599999999998	84.97199999999994
425	19	2	124.828	124.97199999999997
425	20	2	125.148	165.03999999999996
425	21	2	164.99999999999994	5.000000000000002
425	22	2	164.99999999999994	45.00000000000002
425	23	2	164.36864406779657	84.7330508474576
425	24	2	164.86000000000004	125.01200000000001
425	25	2	165.33600000000004	165.10799999999998
425	26	1	182.796	16.92799999999999
425	27	1	154.51999999999995	147.25200000000007
425	28	1	33.572	18.674000000000017
425	29	1	181.07799999999997	50.22400000000002
425	30	1	84.05000000000007	143.34799999999981
425	31	1	11.870259481037907	75.75848303393204
425	32	1	13.674000000000003	55.95200000000001
425	33	1	87.96207584830339	58.69261477045909
425	34	1	190.99401197604791	84.52095808383238
425	35	1	91.63872255489028	185.06786427145707
425	36	1	22.26599999999998	177.71400000000014
425	37	1	27.705999999999978	39.096
425	38	1	31.14171656686627	69.32135728542917
425	39	1	137.03400000000008	150.76399999999995
425	40	1	193.22044088176352	34.72945891783568
425	41	1	11.71457085828343	20.636726546906196
425	42	1	177.83233532934122	77.2614770459081
425	43	1	24.934131736526936	95.99600798403196
425	44	1	37.1796407185629	110.2714570858283
425	45	1	17.257485029940128	194.34730538922156
426	1	2	5.115702479338843	5.400826446280992
426	2	2	5.110169491525425	45.39830508474574
426	3	2	5.251028806584367	86.4979423868313
426	4	2	5.036000000000001	124.94399999999997
426	5	2	4.9999999999999964	165.00000000000009
426	6	2	44.988	5.104000000000002
426	7	2	45.40400000000003	45.13199999999998
426	8	2	45.12295081967211	84.8770491803279
426	9	2	45.132	125.40399999999994
426	10	2	45.502008032128465	164.32931726907637
426	11	2	84.99999999999997	5.000000000000002
426	12	2	83.71600000000002	44.44800000000001
426	13	2	85.01200000000003	85.10400000000001
426	14	2	84.988	124.89599999999994
426	15	2	84.99999999999997	164.99999999999991
426	16	2	125.07199999999999	4.939999999999999
426	17	2	125.12400000000005	45.00400000000004
426	18	2	125.05599999999998	84.97199999999994
426	19	2	124.828	124.97199999999997
426	20	2	125.148	165.03999999999996
426	21	2	164.99999999999994	5.000000000000002
426	22	2	164.99999999999994	45.00000000000002
426	23	2	164.36864406779657	84.7330508474576
426	24	2	164.86000000000004	125.01200000000001
426	25	2	165.33600000000004	165.10799999999998
426	26	1	182.79282868525897	16.87649402390439
426	27	1	154.54091816367267	147.24151696606802
426	28	1	33.51896207584827	18.582834331337356
426	29	1	181.07	50.243999999999986
426	30	1	84.24599999999992	143.29200000000012
426	31	1	11.868263473053894	75.75049900199589
426	32	1	13.69461077844311	55.840319361277416
426	33	1	87.99201596806388	58.79441117764463
426	34	1	191.00399201596807	84.45908183632731
426	35	1	91.57799999999997	185.17200000000005
426	36	1	22.157370517928296	177.7689243027888
426	37	1	27.817635270541086	39.164328657314584
426	38	1	31.16932270916336	69.27290836653385
426	39	1	137.02994011976028	150.70259481037928
426	40	1	193.12774451097803	34.67065868263475
426	41	1	11.700598802395207	20.66866267465068
426	42	1	177.8199999999999	77.30399999999993
426	43	1	24.99001996007985	95.95209580838329
426	44	1	37.124	110.35799999999998
426	45	1	17.22400000000002	194.318
427	1	2	5.115702479338843	5.400826446280992
427	2	2	5.110169491525425	45.39830508474574
427	3	2	5.251028806584367	86.4979423868313
427	4	2	5.036000000000001	124.94399999999997
427	5	2	4.9999999999999964	165.00000000000009
427	6	2	44.988	5.104000000000002
427	7	2	45.40400000000003	45.13199999999998
427	8	2	45.12295081967211	84.8770491803279
427	9	2	45.132	125.40399999999994
427	10	2	45.502008032128465	164.32931726907637
427	11	2	84.99999999999997	5.000000000000002
427	12	2	83.71600000000002	44.44800000000001
427	13	2	85.01200000000003	85.10400000000001
427	14	2	84.988	124.89599999999994
427	15	2	84.99999999999997	164.99999999999991
427	16	2	125.07199999999999	4.939999999999999
427	17	2	125.12400000000005	45.00400000000004
427	18	2	125.05599999999998	84.97199999999994
427	19	2	124.828	124.97199999999997
427	20	2	125.148	165.03999999999996
427	21	2	164.99999999999994	5.000000000000002
427	22	2	164.99999999999994	45.00000000000002
427	23	2	164.36864406779657	84.7330508474576
427	24	2	164.86000000000004	125.01200000000001
427	25	2	165.33600000000004	165.10799999999998
427	26	1	182.75799999999998	16.793999999999993
427	27	1	154.5369261477047	147.20159680638724
427	28	1	33.49799999999997	18.46599999999999
427	29	1	181.10578842315368	50.26347305389219
427	30	1	84.29341317365272	143.30938123752506
427	31	1	11.955999999999994	75.76999999999997
427	32	1	13.786427145708581	55.6986027944112
427	33	1	88.04800000000003	58.834
427	34	1	191.128	84.25200000000008
427	35	1	91.4240000000001	185.22000000000008
427	36	1	22.156	177.70000000000016
427	37	1	27.851999999999993	39.04599999999999
427	38	1	31.167664670658674	69.1057884231537
427	39	1	136.9699999999999	150.514
427	40	1	193.05988023952096	34.622754491017986
427	41	1	11.729999999999988	20.643999999999977
427	42	1	177.83400000000006	77.29399999999984
427	43	1	25.108000000000004	95.8359999999999
427	44	1	37.08383233532935	110.40718562874248
427	45	1	17.08582834331336	194.2355289421158
428	1	2	5.115702479338843	5.400826446280992
428	2	2	5.110169491525425	45.39830508474574
428	3	2	5.251028806584367	86.4979423868313
428	4	2	5.036000000000001	124.94399999999997
428	5	2	4.9999999999999964	165.00000000000009
428	6	2	44.988	5.104000000000002
428	7	2	45.40400000000003	45.13199999999998
428	8	2	45.12295081967211	84.8770491803279
428	9	2	45.132	125.40399999999994
428	10	2	45.502008032128465	164.32931726907637
428	11	2	84.99999999999997	5.000000000000002
428	12	2	83.71600000000002	44.44800000000001
428	13	2	85.01200000000003	85.10400000000001
428	14	2	84.988	124.89599999999994
428	15	2	84.99999999999997	164.99999999999991
428	16	2	125.07199999999999	4.939999999999999
428	17	2	125.12400000000005	45.00400000000004
428	18	2	125.05599999999998	84.97199999999994
428	19	2	124.828	124.97199999999997
428	20	2	125.148	165.03999999999996
428	21	2	164.99999999999994	5.000000000000002
428	22	2	164.99999999999994	45.00000000000002
428	23	2	164.36864406779657	84.7330508474576
428	24	2	164.86000000000004	125.01200000000001
428	25	2	165.33600000000004	165.10799999999998
428	26	1	182.754	16.823999999999998
428	27	1	154.51999999999984	147.21200000000005
428	28	1	33.508982035928156	18.423153692614772
428	29	1	181.14000000000001	50.46399999999999
428	30	1	84.41799999999995	143.3119999999999
428	31	1	12.037924151696602	75.73652694610784
428	32	1	13.727454909819638	55.683366733466904
428	33	1	88.01397205588829	58.91217564870261
428	34	1	191.16167664670658	84.33732534930135
428	35	1	91.32934131736532	185.24950099800407
428	36	1	22.039999999999974	177.64800000000017
428	37	1	27.803999999999984	39.001999999999995
428	38	1	31.364541832669303	68.92828685258962
428	39	1	137.00798403193625	150.44111776447107
428	40	1	192.96007984031937	34.5988023952096
428	41	1	11.714570858283434	20.666666666666675
428	42	1	177.84	77.20799999999996
428	43	1	25.087999999999997	95.7699999999999
428	44	1	36.95599999999996	110.46000000000004
428	45	1	17.024	194.2300000000001
429	1	2	5.115702479338843	5.400826446280992
429	2	2	5.110169491525425	45.39830508474574
429	3	2	5.251028806584367	86.4979423868313
429	4	2	5.036000000000001	124.94399999999997
429	5	2	4.9999999999999964	165.00000000000009
429	6	2	44.988	5.104000000000002
429	7	2	45.40400000000003	45.13199999999998
429	8	2	45.12295081967211	84.8770491803279
429	9	2	45.132	125.40399999999994
429	10	2	45.502008032128465	164.32931726907637
429	11	2	84.99999999999997	5.000000000000002
429	12	2	83.71600000000002	44.44800000000001
429	13	2	85.01200000000003	85.10400000000001
429	14	2	84.988	124.89599999999994
429	15	2	84.99999999999997	164.99999999999991
429	16	2	125.07199999999999	4.939999999999999
429	17	2	125.12400000000005	45.00400000000004
429	18	2	125.05599999999998	84.97199999999994
429	19	2	124.828	124.97199999999997
429	20	2	125.148	165.03999999999996
429	21	2	164.99999999999994	5.000000000000002
429	22	2	164.99999999999994	45.00000000000002
429	23	2	164.36864406779657	84.7330508474576
429	24	2	164.86000000000004	125.01200000000001
429	25	2	165.33600000000004	165.10799999999998
429	26	1	182.83599999999998	16.767999999999983
429	27	1	154.44510978043934	147.16167664670647
429	28	1	33.47504990019961	18.407185628742525
429	29	1	181.1377245508982	50.42714570858286
429	30	1	84.44910179640716	143.36526946107773
429	31	1	12.064000000000005	75.71000000000002
429	32	1	13.686626746506978	55.69860279441112
429	33	1	87.88353413654617	58.96385542168669
429	34	1	191.31799999999998	84.496
429	35	1	91.20800000000003	185.2299999999998
429	36	1	22.070000000000007	177.56599999999992
429	37	1	27.816	39.01199999999999
429	38	1	31.34199999999999	68.94200000000008
429	39	1	136.988	150.34799999999998
429	40	1	192.88	34.606
429	41	1	11.640718562874245	20.7445109780439
429	42	1	177.92614770459082	77.23353293413174
429	43	1	25.271457085828334	95.67864271457087
429	44	1	36.84569138276551	110.63927855711422
429	45	1	16.964071856287426	194.2155688622755
430	1	2	5.115702479338843	5.400826446280992
430	2	2	5.110169491525425	45.39830508474574
430	3	2	5.251028806584367	86.4979423868313
430	4	2	5.036000000000001	124.94399999999997
430	5	2	4.9999999999999964	165.00000000000009
430	6	2	44.988	5.104000000000002
430	7	2	45.40400000000003	45.13199999999998
430	8	2	45.12295081967211	84.8770491803279
430	9	2	45.132	125.40399999999994
430	10	2	45.502008032128465	164.32931726907637
430	11	2	84.99999999999997	5.000000000000002
430	12	2	83.71600000000002	44.44800000000001
430	13	2	85.01200000000003	85.10400000000001
430	14	2	84.988	124.89599999999994
430	15	2	84.99999999999997	164.99999999999991
430	16	2	125.07199999999999	4.939999999999999
430	17	2	125.12400000000005	45.00400000000004
430	18	2	125.05599999999998	84.97199999999994
430	19	2	124.828	124.97199999999997
430	20	2	125.148	165.03999999999996
430	21	2	164.99999999999994	5.000000000000002
430	22	2	164.99999999999994	45.00000000000002
430	23	2	164.36864406779657	84.7330508474576
430	24	2	164.86000000000004	125.01200000000001
430	25	2	165.33600000000004	165.10799999999998
430	26	1	182.84830339321357	16.740518962075857
430	27	1	154.33133732534938	147.14970059880218
430	28	1	33.42799999999998	18.194000000000003
430	29	1	181.19	50.40399999999999
430	30	1	84.50698602794412	143.3393213572853
430	31	1	12.075999999999992	75.74800000000002
430	32	1	13.73253493013973	55.61277445109779
430	33	1	87.84368737474942	59.178356713426865
430	34	1	191.33732534930138	84.45309381237529
430	35	1	91.13827655310631	185.19839679358736
430	36	1	22.069999999999993	177.48200000000006
430	37	1	27.881999999999994	38.93800000000005
430	38	1	31.247504990019955	68.93413173652696
430	39	1	136.8203592814372	150.29540918163684
430	40	1	192.82834331337327	34.57285429141714
430	41	1	11.697999999999992	20.807999999999993
430	42	1	177.90599999999986	77.28000000000003
430	43	1	25.315999999999992	95.67799999999997
430	44	1	36.84031936127748	110.7125748502994
430	45	1	16.83233532934132	194.10578842315365
431	1	2	5.115702479338843	5.400826446280992
431	2	2	5.110169491525425	45.39830508474574
431	3	2	5.251028806584367	86.4979423868313
431	4	2	5.036000000000001	124.94399999999997
431	5	2	4.9999999999999964	165.00000000000009
431	6	2	44.988	5.104000000000002
431	7	2	45.40400000000003	45.13199999999998
431	8	2	45.12295081967211	84.8770491803279
431	9	2	45.132	125.40399999999994
431	10	2	45.502008032128465	164.32931726907637
431	11	2	84.99999999999997	5.000000000000002
431	12	2	83.71600000000002	44.44800000000001
431	13	2	85.01200000000003	85.10400000000001
431	14	2	84.988	124.89599999999994
431	15	2	84.99999999999997	164.99999999999991
431	16	2	125.07199999999999	4.939999999999999
431	17	2	125.12400000000005	45.00400000000004
431	18	2	125.05599999999998	84.97199999999994
431	19	2	124.828	124.97199999999997
431	20	2	125.148	165.03999999999996
431	21	2	164.99999999999994	5.000000000000002
431	22	2	164.99999999999994	45.00000000000002
431	23	2	164.36864406779657	84.7330508474576
431	24	2	164.86000000000004	125.01200000000001
431	25	2	165.33600000000004	165.10799999999998
431	26	1	182.79000000000002	16.727999999999984
431	27	1	154.34399999999985	147.08200000000002
431	28	1	33.33399999999995	18.069999999999993
431	29	1	181.252	50.37400000000001
431	30	1	84.45000000000003	143.36400000000012
431	31	1	12.097804391217565	75.69860279441119
431	32	1	13.838323353293413	55.576846307385225
431	33	1	87.91417165668672	59.29540918163678
431	34	1	191.394	84.498
431	35	1	91	185.18399999999983
431	36	1	21.918163672654707	177.5189620758482
431	37	1	27.874000000000013	38.927999999999976
431	38	1	31.286000000000012	68.93799999999992
431	39	1	136.80399999999977	150.35399999999996
431	40	1	192.738	34.476000000000006
431	41	1	11.680638722554882	20.826347305389202
431	42	1	177.94610778443104	77.21556886227543
431	43	1	25.305389221556872	95.71057884231533
431	44	1	36.79199999999998	110.736
431	45	1	16.97600000000001	194.07399999999993
432	1	2	5.115702479338843	5.400826446280992
432	2	2	5.110169491525425	45.39830508474574
432	3	2	5.251028806584367	86.4979423868313
432	4	2	5.036000000000001	124.94399999999997
432	5	2	4.9999999999999964	165.00000000000009
432	6	2	44.988	5.104000000000002
432	7	2	45.40400000000003	45.13199999999998
432	8	2	45.12295081967211	84.8770491803279
432	9	2	45.132	125.40399999999994
432	10	2	45.502008032128465	164.32931726907637
432	11	2	84.99999999999997	5.000000000000002
432	12	2	83.71600000000002	44.44800000000001
432	13	2	85.01200000000003	85.10400000000001
432	14	2	84.988	124.89599999999994
432	15	2	84.99999999999997	164.99999999999991
432	16	2	125.07199999999999	4.939999999999999
432	17	2	125.12400000000005	45.00400000000004
432	18	2	125.05599999999998	84.97199999999994
432	19	2	124.828	124.97199999999997
432	20	2	125.148	165.03999999999996
432	21	2	164.99999999999994	5.000000000000002
432	22	2	164.99999999999994	45.00000000000002
432	23	2	164.36864406779657	84.7330508474576
432	24	2	164.86000000000004	125.01200000000001
432	25	2	165.33600000000004	165.10799999999998
432	26	1	182.69061876247503	16.81237524950101
432	27	1	154.26946107784457	147.01197604790423
432	28	1	33.28000000000001	17.91400000000001
432	29	1	181.2694610778443	50.36926147704589
432	30	1	84.58882235528941	143.36726546906195
432	31	1	12.255489021956091	75.7884231536926
432	32	1	13.710000000000012	55.566
432	33	1	87.97804391217565	59.50698602794412
432	34	1	191.43712574850298	84.61477045908187
432	35	1	90.93000000000016	185.21800000000002
432	36	1	21.8443113772455	177.48902195608775
432	37	1	27.842	38.86199999999999
432	38	1	31.31262525050102	68.72545090180375
432	39	1	136.84769539078172	150.3426853707414
432	40	1	192.7305389221557	34.39321357285429
432	41	1	11.714570858283444	20.77045908183633
432	42	1	178.04799999999997	77.15399999999993
432	43	1	25.412350597609557	95.64143426294824
432	44	1	36.61277445109781	110.91017964071861
432	45	1	17.098000000000003	194.03400000000002
433	1	2	5.115702479338843	5.400826446280992
433	2	2	5.110169491525425	45.39830508474574
433	3	2	5.251028806584367	86.4979423868313
433	4	2	5.036000000000001	124.94399999999997
433	5	2	4.9999999999999964	165.00000000000009
433	6	2	44.988	5.104000000000002
433	7	2	45.40400000000003	45.13199999999998
433	8	2	45.12295081967211	84.8770491803279
433	9	2	45.132	125.40399999999994
433	10	2	45.502008032128465	164.32931726907637
433	11	2	84.99999999999997	5.000000000000002
433	12	2	83.71600000000002	44.44800000000001
433	13	2	85.01200000000003	85.10400000000001
433	14	2	84.988	124.89599999999994
433	15	2	84.99999999999997	164.99999999999991
433	16	2	125.07199999999999	4.939999999999999
433	17	2	125.12400000000005	45.00400000000004
433	18	2	125.05599999999998	84.97199999999994
433	19	2	124.828	124.97199999999997
433	20	2	125.148	165.03999999999996
433	21	2	164.99999999999994	5.000000000000002
433	22	2	164.99999999999994	45.00000000000002
433	23	2	164.36864406779657	84.7330508474576
433	24	2	164.86000000000004	125.01200000000001
433	25	2	165.33600000000004	165.10799999999998
433	26	1	182.584	16.724000000000025
433	27	1	154.20517928286847	146.89043824701196
433	28	1	33.27600000000001	17.873999999999985
433	29	1	181.35999999999999	50.324
433	30	1	84.73453093812387	143.40518962075848
433	31	1	12.153692614770469	75.79840319361278
433	32	1	13.77199999999999	55.54600000000003
433	33	1	87.89000000000009	59.611999999999995
433	34	1	191.45000000000002	84.70599999999996
433	35	1	90.91000000000007	185.2799999999999
433	36	1	21.75298804780879	177.44223107569718
433	37	1	27.782435129740517	38.8363273453094
433	38	1	31.359281437125755	68.68263473053892
433	39	1	136.86600000000007	150.356
433	40	1	192.69860279441116	34.30139720558887
433	41	1	11.672654690618758	20.68463073852292
433	42	1	178.0718562874251	77.01197604790433
433	43	1	25.49101796407186	95.57285429141722
433	44	1	36.495009980039896	110.98203592814374
433	45	1	17.145708582834324	194.05389221556896
434	1	2	5.115702479338843	5.400826446280992
434	2	2	5.110169491525425	45.39830508474574
434	3	2	5.251028806584367	86.4979423868313
434	4	2	5.036000000000001	124.94399999999997
434	5	2	4.9999999999999964	165.00000000000009
434	6	2	44.988	5.104000000000002
434	7	2	45.40400000000003	45.13199999999998
434	8	2	45.12295081967211	84.8770491803279
434	9	2	45.132	125.40399999999994
434	10	2	45.502008032128465	164.32931726907637
434	11	2	84.99999999999997	5.000000000000002
434	12	2	83.71600000000002	44.44800000000001
434	13	2	85.01200000000003	85.10400000000001
434	14	2	84.988	124.89599999999994
434	15	2	84.99999999999997	164.99999999999991
434	16	2	125.07199999999999	4.939999999999999
434	17	2	125.12400000000005	45.00400000000004
434	18	2	125.05599999999998	84.97199999999994
434	19	2	124.828	124.97199999999997
434	20	2	125.148	165.03999999999996
434	21	2	164.99999999999994	5.000000000000002
434	22	2	164.99999999999994	45.00000000000002
434	23	2	164.36864406779657	84.7330508474576
434	24	2	164.86000000000004	125.01200000000001
434	25	2	165.33600000000004	165.10799999999998
434	26	1	182.554	16.699999999999996
434	27	1	154.12375249500997	146.93413173652684
434	28	1	33.22355289421157	17.796407185628752
434	29	1	181.446	50.294
434	30	1	84.74999999999997	143.42
434	31	1	12.273453093812371	75.95209580838315
434	32	1	13.78443113772455	55.556886227544915
434	33	1	87.77644710578836	59.6686626746507
434	34	1	191.48502994011977	84.59281437125759
434	35	1	90.81237524950102	185.37524950099797
434	36	1	21.698602794411165	177.42315369261465
434	37	1	27.814000000000004	38.86599999999999
434	38	1	31.351999999999997	68.56599999999987
434	39	1	136.78087649402394	150.2908366533863
434	40	1	192.66	34.23799999999999
434	41	1	11.632000000000001	20.743999999999996
434	42	1	178.0459081836328	77.0399201596806
434	43	1	25.484969939879743	95.55110220440875
434	44	1	36.341317365269504	111.04990019960076
434	45	1	17.087649402390426	194.07968127490054
435	1	2	5.115702479338843	5.400826446280992
435	2	2	5.110169491525425	45.39830508474574
435	3	2	5.251028806584367	86.4979423868313
435	4	2	5.036000000000001	124.94399999999997
435	5	2	4.9999999999999964	165.00000000000009
435	6	2	44.988	5.104000000000002
435	7	2	45.40400000000003	45.13199999999998
435	8	2	45.12295081967211	84.8770491803279
435	9	2	45.132	125.40399999999994
435	10	2	45.502008032128465	164.32931726907637
435	11	2	84.99999999999997	5.000000000000002
435	12	2	83.71600000000002	44.44800000000001
435	13	2	85.01200000000003	85.10400000000001
435	14	2	84.988	124.89599999999994
435	15	2	84.99999999999997	164.99999999999991
435	16	2	125.07199999999999	4.939999999999999
435	17	2	125.12400000000005	45.00400000000004
435	18	2	125.05599999999998	84.97199999999994
435	19	2	124.828	124.97199999999997
435	20	2	125.148	165.03999999999996
435	21	2	164.99999999999994	5.000000000000002
435	22	2	164.99999999999994	45.00000000000002
435	23	2	164.36864406779657	84.7330508474576
435	24	2	164.86000000000004	125.01200000000001
435	25	2	165.33600000000004	165.10799999999998
435	26	1	182.476	16.72599999999999
435	27	1	154.16000000000005	147.04400000000004
435	28	1	33.18163672654691	17.72055888223554
435	29	1	181.50299401197606	50.299401197604766
435	30	1	84.78243512974053	143.373253493014
435	31	1	12.393213572854286	76.03393213572859
435	32	1	13.731999999999994	55.576
435	33	1	87.70599999999997	59.74799999999997
435	34	1	191.538	84.64400000000002
435	35	1	90.64670658682621	185.41916167664652
435	36	1	21.702594810379246	177.43113772455112
435	37	1	27.775551102204414	38.815631262525066
435	38	1	31.407185628742514	68.43912175648717
435	39	1	136.85200000000003	150.10000000000016
435	40	1	192.59081836327346	34.17165668662674
435	41	1	11.624750499001994	20.732534930139714
435	42	1	178.09780439121764	76.93213572854295
435	43	1	25.54091816367267	95.57884231536926
435	44	1	36.16199999999999	111.26800000000001
435	45	1	17.07984031936127	194.1117764471058
436	1	2	5.115702479338843	5.400826446280992
436	2	2	5.110169491525425	45.39830508474574
436	3	2	5.251028806584367	86.4979423868313
436	4	2	5.036000000000001	124.94399999999997
436	5	2	4.9999999999999964	165.00000000000009
436	6	2	44.988	5.104000000000002
436	7	2	45.40400000000003	45.13199999999998
436	8	2	45.12295081967211	84.8770491803279
436	9	2	45.132	125.40399999999994
436	10	2	45.502008032128465	164.32931726907637
436	11	2	84.99999999999997	5.000000000000002
436	12	2	83.71600000000002	44.44800000000001
436	13	2	85.01200000000003	85.10400000000001
436	14	2	84.988	124.89599999999994
436	15	2	84.99999999999997	164.99999999999991
436	16	2	125.07199999999999	4.939999999999999
436	17	2	125.12400000000005	45.00400000000004
436	18	2	125.05599999999998	84.97199999999994
436	19	2	124.828	124.97199999999997
436	20	2	125.148	165.03999999999996
436	21	2	164.99999999999994	5.000000000000002
436	22	2	164.99999999999994	45.00000000000002
436	23	2	164.36864406779657	84.7330508474576
436	24	2	164.86000000000004	125.01200000000001
436	25	2	165.33600000000004	165.10799999999998
436	26	1	182.48502994011977	16.660678642714593
436	27	1	154.14570858283423	147.03393213572863
436	28	1	33.2015968063872	17.65069860279441
436	29	1	181.546	50.30999999999996
436	30	1	84.91382765531061	143.34268537074155
436	31	1	12.4	76.014
436	32	1	13.780876494023907	55.55378486055779
436	33	1	87.67800000000007	59.77400000000001
436	34	1	191.68200000000002	84.77199999999995
436	35	1	90.52799999999998	185.3459999999999
436	36	1	21.598802395209592	177.43712574850292
436	37	1	27.682634730538904	38.70059880239521
436	38	1	31.505999999999986	68.31199999999997
436	39	1	136.83166332665328	150.11422845691376
436	40	1	192.49	34.156000000000006
436	41	1	11.617999999999999	20.681999999999988
436	42	1	178.15800000000013	76.80999999999997
436	43	1	25.72255489021958	95.49101796407193
436	44	1	36.09780439121759	111.38123752495012
436	45	1	17.064000000000018	194.12199999999999
437	1	2	5.115702479338843	5.400826446280992
437	2	2	5.110169491525425	45.39830508474574
437	3	2	5.251028806584367	86.4979423868313
437	4	2	5.036000000000001	124.94399999999997
437	5	2	4.9999999999999964	165.00000000000009
437	6	2	44.988	5.104000000000002
437	7	2	45.40400000000003	45.13199999999998
437	8	2	45.12295081967211	84.8770491803279
437	9	2	45.132	125.40399999999994
437	10	2	45.502008032128465	164.32931726907637
437	11	2	84.99999999999997	5.000000000000002
437	12	2	83.71600000000002	44.44800000000001
437	13	2	85.01200000000003	85.10400000000001
437	14	2	84.988	124.89599999999994
437	15	2	84.99999999999997	164.99999999999991
437	16	2	125.07199999999999	4.939999999999999
437	17	2	125.12400000000005	45.00400000000004
437	18	2	125.05599999999998	84.97199999999994
437	19	2	124.828	124.97199999999997
437	20	2	125.148	165.03999999999996
437	21	2	164.99999999999994	5.000000000000002
437	22	2	164.99999999999994	45.00000000000002
437	23	2	164.36864406779657	84.7330508474576
437	24	2	164.86000000000004	125.01200000000001
437	25	2	165.33600000000004	165.10799999999998
437	26	1	182.464	16.626000000000012
437	27	1	154.13972055888215	146.996007984032
437	28	1	33.235528942115764	17.788423153692623
437	29	1	181.606	50.314000000000014
437	30	1	84.9059999999999	143.312
437	31	1	12.485029940119766	76.04790419161671
437	32	1	13.76047904191617	55.558882235528955
437	33	1	87.65400000000002	59.836
437	34	1	191.728	84.77799999999999
437	35	1	90.36599999999996	185.35999999999993
437	36	1	21.59880239520959	177.45708582834328
437	37	1	27.6107784431138	38.72055888223551
437	38	1	31.570858283433132	68.18363273453096
437	39	1	136.78399999999985	150.098
437	40	1	192.47	34.16399999999999
437	41	1	11.594	20.65000000000002
437	42	1	178.16167664670664	76.83033932135724
437	43	1	25.802395209580858	95.50099800399201
437	44	1	36.13173652694611	111.51097804391213
437	45	1	17.15369261477046	194.16566866267462
438	1	2	5.115702479338843	5.400826446280992
438	2	2	5.110169491525425	45.39830508474574
438	3	2	5.251028806584367	86.4979423868313
438	4	2	5.036000000000001	124.94399999999997
438	5	2	4.9999999999999964	165.00000000000009
438	6	2	44.988	5.104000000000002
438	7	2	45.40400000000003	45.13199999999998
438	8	2	45.12295081967211	84.8770491803279
438	9	2	45.132	125.40399999999994
438	10	2	45.502008032128465	164.32931726907637
438	11	2	84.99999999999997	5.000000000000002
438	12	2	83.71600000000002	44.44800000000001
438	13	2	85.01200000000003	85.10400000000001
438	14	2	84.988	124.89599999999994
438	15	2	84.99999999999997	164.99999999999991
438	16	2	125.07199999999999	4.939999999999999
438	17	2	125.12400000000005	45.00400000000004
438	18	2	125.05599999999998	84.97199999999994
438	19	2	124.828	124.97199999999997
438	20	2	125.148	165.03999999999996
438	21	2	164.99999999999994	5.000000000000002
438	22	2	164.99999999999994	45.00000000000002
438	23	2	164.36864406779657	84.7330508474576
438	24	2	164.86000000000004	125.01200000000001
438	25	2	165.33600000000004	165.10799999999998
438	26	1	182.512	16.556000000000015
438	27	1	154.1520000000001	146.948
438	28	1	33.262000000000015	17.78000000000001
438	29	1	181.5928143712575	50.4291417165668
438	30	1	84.95608782435123	143.28343313373242
438	31	1	12.49900199600799	76.08782435129737
438	32	1	13.876247504990031	55.489021956087825
438	33	1	87.69000000000011	59.98400000000002
438	34	1	191.77844311377245	84.7045908183632
438	35	1	90.15369261477045	185.3972055888224
438	36	1	21.481999999999996	177.378
438	37	1	27.618762475049873	38.676646706586794
438	38	1	31.584830339321364	68.17564870259486
438	39	1	136.8759999999999	150.08399999999995
438	40	1	192.446	34.18199999999995
438	41	1	11.582834331337324	20.60678642714571
438	42	1	178.1740000000001	76.79400000000005
438	43	1	25.85229540918164	95.50099800399207
438	44	1	35.94400000000005	111.70400000000006
438	45	1	17.185628742514968	194.14770459081845
439	1	2	5.115702479338843	5.400826446280992
439	2	2	5.110169491525425	45.39830508474574
439	3	2	5.251028806584367	86.4979423868313
439	4	2	5.036000000000001	124.94399999999997
439	5	2	4.9999999999999964	165.00000000000009
439	6	2	44.988	5.104000000000002
439	7	2	45.40400000000003	45.13199999999998
439	8	2	45.12295081967211	84.8770491803279
439	9	2	45.132	125.40399999999994
439	10	2	45.502008032128465	164.32931726907637
439	11	2	84.99999999999997	5.000000000000002
439	12	2	83.71600000000002	44.44800000000001
439	13	2	85.01200000000003	85.10400000000001
439	14	2	84.988	124.89599999999994
439	15	2	84.99999999999997	164.99999999999991
439	16	2	125.07199999999999	4.939999999999999
439	17	2	125.12400000000005	45.00400000000004
439	18	2	125.05599999999998	84.97199999999994
439	19	2	124.828	124.97199999999997
439	20	2	125.148	165.03999999999996
439	21	2	164.99999999999994	5.000000000000002
439	22	2	164.99999999999994	45.00000000000002
439	23	2	164.36864406779657	84.7330508474576
439	24	2	164.86000000000004	125.01200000000001
439	25	2	165.33600000000004	165.10799999999998
439	26	1	182.36799999999997	16.40599999999997
439	27	1	154.10200000000012	146.87200000000004
439	28	1	33.25349301397208	17.726546906187618
439	29	1	181.688	50.46400000000005
439	30	1	85.11776447105781	143.2055888223552
439	31	1	12.57884231536926	76.13173652694604
439	32	1	13.992015968063882	55.46706586826345
439	33	1	87.54491017964071	60.14171656686627
439	34	1	191.79840319361278	84.59481037924161
439	35	1	89.78399999999999	185.35599999999994
439	36	1	21.31936127744511	177.31337325349304
439	37	1	27.536000000000005	38.55199999999997
439	38	1	31.590000000000007	68.10399999999991
439	39	1	136.84630738522975	150.10578842315343
439	40	1	192.3812375249501	34.12774451097803
439	41	1	11.516966067864262	20.598802395209567
439	42	1	178.19400000000013	76.942
439	43	1	25.934000000000015	95.51
439	44	1	35.924151696606785	111.69261477045912
439	45	1	17.167999999999996	194.14799999999988
440	1	2	5.115702479338843	5.400826446280992
440	2	2	5.110169491525425	45.39830508474574
440	3	2	5.251028806584367	86.4979423868313
440	4	2	5.036000000000001	124.94399999999997
440	5	2	4.9999999999999964	165.00000000000009
440	6	2	44.988	5.104000000000002
440	7	2	45.40400000000003	45.13199999999998
440	8	2	45.12295081967211	84.8770491803279
440	9	2	45.132	125.40399999999994
440	10	2	45.502008032128465	164.32931726907637
440	11	2	84.99999999999997	5.000000000000002
440	12	2	83.71600000000002	44.44800000000001
440	13	2	85.01200000000003	85.10400000000001
440	14	2	84.988	124.89599999999994
440	15	2	84.99999999999997	164.99999999999991
440	16	2	125.07199999999999	4.939999999999999
440	17	2	125.12400000000005	45.00400000000004
440	18	2	125.05599999999998	84.97199999999994
440	19	2	124.828	124.97199999999997
440	20	2	125.148	165.03999999999996
440	21	2	164.99999999999994	5.000000000000002
440	22	2	164.99999999999994	45.00000000000002
440	23	2	164.36864406779657	84.7330508474576
440	24	2	164.86000000000004	125.01200000000001
440	25	2	165.33600000000004	165.10799999999998
440	26	1	182.352	16.419999999999984
440	27	1	154.04799999999994	146.83599999999996
440	28	1	33.22	17.679999999999996
440	29	1	181.674	50.409999999999954
440	30	1	85.25000000000001	143.23000000000005
440	31	1	12.724550898203592	76.24151696606786
440	32	1	13.948103792415168	55.46706586826347
440	33	1	87.48702594810378	60.31536926147703
440	34	1	191.91017964071858	84.57884231536929
440	35	1	89.7225548902196	185.42914171656687
440	36	1	21.21756487025945	177.2335329341318
440	37	1	27.514970059880227	38.502994011976064
440	38	1	31.57600000000002	68.00800000000004
440	39	1	136.84031936127732	150.0479041916168
440	40	1	192.3373253493014	34.10578842315368
440	41	1	11.476000000000003	20.618000000000013
440	42	1	178.25800000000015	76.85599999999995
440	43	1	25.929999999999993	95.54200000000002
440	44	1	35.838645418326664	111.8406374501992
440	45	1	17.15169660678642	194.17165668662668
441	1	2	5.115702479338843	5.400826446280992
441	2	2	5.110169491525425	45.39830508474574
441	3	2	5.251028806584367	86.4979423868313
441	4	2	5.036000000000001	124.94399999999997
441	5	2	4.9999999999999964	165.00000000000009
441	6	2	44.988	5.104000000000002
441	7	2	45.40400000000003	45.13199999999998
441	8	2	45.12295081967211	84.8770491803279
441	9	2	45.132	125.40399999999994
441	10	2	45.502008032128465	164.32931726907637
441	11	2	84.99999999999997	5.000000000000002
441	12	2	83.71600000000002	44.44800000000001
441	13	2	85.01200000000003	85.10400000000001
441	14	2	84.988	124.89599999999994
441	15	2	84.99999999999997	164.99999999999991
441	16	2	125.07199999999999	4.939999999999999
441	17	2	125.12400000000005	45.00400000000004
441	18	2	125.05599999999998	84.97199999999994
441	19	2	124.828	124.97199999999997
441	20	2	125.148	165.03999999999996
441	21	2	164.99999999999994	5.000000000000002
441	22	2	164.99999999999994	45.00000000000002
441	23	2	164.36864406779657	84.7330508474576
441	24	2	164.86000000000004	125.01200000000001
441	25	2	165.33600000000004	165.10799999999998
441	26	1	182.4431137724551	16.353293413173656
441	27	1	154.04990019960067	146.74251497005977
441	28	1	33.20359281437124	17.596806387225556
441	29	1	181.6127744510978	50.3373253493014
441	30	1	85.30139720558874	143.19960079840308
441	31	1	12.776000000000005	76.318
441	32	1	13.86027944111778	55.500998003992
441	33	1	87.36800000000001	60.502
441	34	1	191.846	84.43800000000002
441	35	1	89.47105788423156	185.3453093812375
441	36	1	21.21200000000001	177.096
441	37	1	27.49301397205588	38.514970059880234
441	38	1	31.559760956175314	67.96215139442225
441	39	1	136.77245508982026	150.10778443113756
441	40	1	192.34930139720558	34.063872255489024
441	41	1	11.532000000000004	20.595999999999997
441	42	1	178.27600000000007	76.7879999999999
441	43	1	25.914171656686605	95.56487025948105
441	44	1	35.786427145708586	111.97604790419173
441	45	1	16.996007984031927	194.05788423153697
442	1	2	5.115702479338843	5.400826446280992
442	2	2	5.110169491525425	45.39830508474574
442	3	2	5.251028806584367	86.4979423868313
442	4	2	5.036000000000001	124.94399999999997
442	5	2	4.9999999999999964	165.00000000000009
442	6	2	44.988	5.104000000000002
442	7	2	45.40400000000003	45.13199999999998
442	8	2	45.12295081967211	84.8770491803279
442	9	2	45.132	125.40399999999994
442	10	2	45.502008032128465	164.32931726907637
442	11	2	84.99999999999997	5.000000000000002
442	12	2	83.71600000000002	44.44800000000001
442	13	2	85.01200000000003	85.10400000000001
442	14	2	84.988	124.89599999999994
442	15	2	84.99999999999997	164.99999999999991
442	16	2	125.07199999999999	4.939999999999999
442	17	2	125.12400000000005	45.00400000000004
442	18	2	125.05599999999998	84.97199999999994
442	19	2	124.828	124.97199999999997
442	20	2	125.148	165.03999999999996
442	21	2	164.99999999999994	5.000000000000002
442	22	2	164.99999999999994	45.00000000000002
442	23	2	164.36864406779657	84.7330508474576
442	24	2	164.86000000000004	125.01200000000001
442	25	2	165.33600000000004	165.10799999999998
442	26	1	182.51600000000002	16.39
442	27	1	153.92999999999986	146.5979999999999
442	28	1	33.24000000000004	17.437999999999995
442	29	1	181.632	50.33399999999998
442	30	1	85.2694610778443	143.24151696606796
442	31	1	12.859999999999998	76.39800000000002
442	32	1	13.913999999999994	55.49399999999998
442	33	1	87.20558882235531	60.646706586826376
442	34	1	191.906	84.47600000000007
442	35	1	89.33599999999996	185.37199999999993
442	36	1	21.153692614770442	177.07784431137725
442	37	1	27.513944223107565	38.430278884462155
442	38	1	31.500998003992	67.93812375249502
442	39	1	136.65668662674656	150.06187624750484
442	40	1	192.338	34.06600000000007
442	41	1	11.564000000000007	20.636000000000013
442	42	1	178.3486055776892	76.66733067729088
442	43	1	26.0059880239521	95.59880239520963
442	44	1	35.74000000000002	112.01600000000003
442	45	1	16.947895791583164	194.0861723446895
443	1	2	5.115702479338843	5.400826446280992
443	2	2	5.110169491525425	45.39830508474574
443	3	2	5.251028806584367	86.4979423868313
443	4	2	5.036000000000001	124.94399999999997
443	5	2	4.9999999999999964	165.00000000000009
443	6	2	44.988	5.104000000000002
443	7	2	45.40400000000003	45.13199999999998
443	8	2	45.12295081967211	84.8770491803279
443	9	2	45.132	125.40399999999994
443	10	2	45.502008032128465	164.32931726907637
443	11	2	84.99999999999997	5.000000000000002
443	12	2	83.71600000000002	44.44800000000001
443	13	2	85.01200000000003	85.10400000000001
443	14	2	84.988	124.89599999999994
443	15	2	84.99999999999997	164.99999999999991
443	16	2	125.07199999999999	4.939999999999999
443	17	2	125.12400000000005	45.00400000000004
443	18	2	125.05599999999998	84.97199999999994
443	19	2	124.828	124.97199999999997
443	20	2	125.148	165.03999999999996
443	21	2	164.99999999999994	5.000000000000002
443	22	2	164.99999999999994	45.00000000000002
443	23	2	164.36864406779657	84.7330508474576
443	24	2	164.86000000000004	125.01200000000001
443	25	2	165.33600000000004	165.10799999999998
443	26	1	182.4789579158317	16.378757515030056
443	27	1	153.80600000000007	146.6000000000002
443	28	1	33.19600000000001	17.35799999999998
443	29	1	181.67000000000002	50.32200000000001
443	30	1	85.27944111776442	143.25349301397202
443	31	1	12.901803607214424	76.44488977955908
443	32	1	13.974051896207571	55.50499001996007
443	33	1	87.26853707414833	60.695390781563084
443	34	1	191.968	84.7040000000001
443	35	1	89.20758483033934	185.50698602794412
443	36	1	20.748502994011996	177.0998003992014
443	37	1	27.51896207584831	38.37524950099801
443	38	1	31.498000000000008	67.87799999999997
443	39	1	136.61000000000007	150.04
443	40	1	192.2934131736527	34.035928143712546
443	41	1	11.540000000000003	20.66999999999999
443	42	1	178.50898203592794	76.50299401197606
443	43	1	26.172000000000008	95.55399999999992
443	44	1	35.692	112.20799999999997
443	45	1	17.007999999999992	194.09000000000006
444	1	2	5.115702479338843	5.400826446280992
444	2	2	5.110169491525425	45.39830508474574
444	3	2	5.251028806584367	86.4979423868313
444	4	2	5.036000000000001	124.94399999999997
444	5	2	4.9999999999999964	165.00000000000009
444	6	2	44.988	5.104000000000002
444	7	2	45.40400000000003	45.13199999999998
444	8	2	45.12295081967211	84.8770491803279
444	9	2	45.132	125.40399999999994
444	10	2	45.502008032128465	164.32931726907637
444	11	2	84.99999999999997	5.000000000000002
444	12	2	83.71600000000002	44.44800000000001
444	13	2	85.01200000000003	85.10400000000001
444	14	2	84.988	124.89599999999994
444	15	2	84.99999999999997	164.99999999999991
444	16	2	125.07199999999999	4.939999999999999
444	17	2	125.12400000000005	45.00400000000004
444	18	2	125.05599999999998	84.97199999999994
444	19	2	124.828	124.97199999999997
444	20	2	125.148	165.03999999999996
444	21	2	164.99999999999994	5.000000000000002
444	22	2	164.99999999999994	45.00000000000002
444	23	2	164.36864406779657	84.7330508474576
444	24	2	164.86000000000004	125.01200000000001
444	25	2	165.33600000000004	165.10799999999998
444	26	1	182.506	16.379999999999995
444	27	1	153.7744510978045	146.502994011976
444	28	1	33.23904382470121	17.302788844621517
444	29	1	181.698	50.337999999999965
444	30	1	85.41317365269448	143.11177644710583
444	31	1	12.916167664670649	76.44710578842316
444	32	1	14.032	55.49000000000001
444	33	1	87.17600000000002	60.801999999999985
444	34	1	191.99201596806387	84.77844311377235
444	35	1	89.11799999999992	185.4620000000001
444	36	1	20.457085828343313	176.99401197604794
444	37	1	27.50898203592815	38.36526946107779
444	38	1	31.547999999999995	67.85800000000002
444	39	1	136.59600000000003	150.00200000000004
444	40	1	192.27744510978044	33.98203592814369
444	41	1	11.578842315369263	20.672654690618778
444	42	1	178.55799999999996	76.43400000000001
444	43	1	26.25450901803608	95.52905811623245
444	44	1	35.64999999999997	112.368
444	45	1	16.908183632734524	194.00199600798416
445	1	2	5.115702479338843	5.400826446280992
445	2	2	5.110169491525425	45.39830508474574
445	3	2	5.251028806584367	86.4979423868313
445	4	2	5.036000000000001	124.94399999999997
445	5	2	4.9999999999999964	165.00000000000009
445	6	2	44.988	5.104000000000002
445	7	2	45.40400000000003	45.13199999999998
445	8	2	45.12295081967211	84.8770491803279
445	9	2	45.132	125.40399999999994
445	10	2	45.502008032128465	164.32931726907637
445	11	2	84.99999999999997	5.000000000000002
445	12	2	83.71600000000002	44.44800000000001
445	13	2	85.01200000000003	85.10400000000001
445	14	2	84.988	124.89599999999994
445	15	2	84.99999999999997	164.99999999999991
445	16	2	125.07199999999999	4.939999999999999
445	17	2	125.12400000000005	45.00400000000004
445	18	2	125.05599999999998	84.97199999999994
445	19	2	124.828	124.97199999999997
445	20	2	125.148	165.03999999999996
445	21	2	164.99999999999994	5.000000000000002
445	22	2	164.99999999999994	45.00000000000002
445	23	2	164.36864406779657	84.7330508474576
445	24	2	164.86000000000004	125.01200000000001
445	25	2	165.33600000000004	165.10799999999998
445	26	1	182.53	16.368000000000002
445	27	1	153.76247504990022	146.317365269461
445	28	1	33.21556886227546	17.179640718562876
445	29	1	181.708	50.36599999999997
445	30	1	85.48096192384767	143.10821643286587
445	31	1	12.972000000000001	76.49000000000008
445	32	1	14.083832335329339	55.47305389221554
445	33	1	87.24351297405185	60.95009980039915
445	34	1	192.03393213572855	84.77844311377235
445	35	1	89.04790419161667	185.5449101796407
445	36	1	20.32599999999999	176.94999999999987
445	37	1	27.516966067864278	38.3193612774451
445	38	1	31.538	67.81200000000004
445	39	1	136.65868263473052	150.06387225548917
445	40	1	192.23552894211576	33.92215568862276
445	41	1	11.628	20.701999999999988
445	42	1	178.60600000000014	76.35999999999997
445	43	1	26.349301397205597	95.50299401197604
445	44	1	35.5688622754491	112.46506986027944
445	45	1	16.932000000000002	193.99999999999983
446	1	2	5.115702479338843	5.400826446280992
446	2	2	5.110169491525425	45.39830508474574
446	3	2	5.251028806584367	86.4979423868313
446	4	2	5.036000000000001	124.94399999999997
446	5	2	4.9999999999999964	165.00000000000009
446	6	2	44.988	5.104000000000002
446	7	2	45.40400000000003	45.13199999999998
446	8	2	45.12295081967211	84.8770491803279
446	9	2	45.132	125.40399999999994
446	10	2	45.502008032128465	164.32931726907637
446	11	2	84.99999999999997	5.000000000000002
446	12	2	83.71600000000002	44.44800000000001
446	13	2	85.01200000000003	85.10400000000001
446	14	2	84.988	124.89599999999994
446	15	2	84.99999999999997	164.99999999999991
446	16	2	125.07199999999999	4.939999999999999
446	17	2	125.12400000000005	45.00400000000004
446	18	2	125.05599999999998	84.97199999999994
446	19	2	124.828	124.97199999999997
446	20	2	125.148	165.03999999999996
446	21	2	164.99999999999994	5.000000000000002
446	22	2	164.99999999999994	45.00000000000002
446	23	2	164.36864406779657	84.7330508474576
446	24	2	164.86000000000004	125.01200000000001
446	25	2	165.33600000000004	165.10799999999998
446	26	1	182.56886227544908	16.271457085828352
446	27	1	153.7984031936129	146.3512974051896
446	28	1	33.216000000000015	17.360000000000007
446	29	1	181.70858283433134	50.34530938123746
446	30	1	85.5349301397205	143.08383233532948
446	31	1	12.951999999999998	76.43199999999999
446	32	1	14.015999999999996	55.47400000000001
446	33	1	87.19161676646698	61.06786427145706
446	34	1	192.14000000000001	84.93800000000002
446	35	1	89.11999999999998	185.55800000000002
446	36	1	20.242000000000015	176.89200000000008
446	37	1	27.368737474949903	38.256513026052126
446	38	1	31.52800000000001	67.73200000000006
446	39	1	136.71	150.00000000000003
446	40	1	192.12800000000001	33.86999999999996
446	41	1	11.623999999999997	20.744000000000003
446	42	1	178.69261477045904	76.37524950099798
446	43	1	26.536926147704595	95.53293413173647
446	44	1	35.53692614770458	112.59081836327339
446	45	1	16.93013972055888	194.02794411177658
447	1	2	5.115702479338843	5.400826446280992
447	2	2	5.110169491525425	45.39830508474574
447	3	2	5.251028806584367	86.4979423868313
447	4	2	5.036000000000001	124.94399999999997
447	5	2	4.9999999999999964	165.00000000000009
447	6	2	44.988	5.104000000000002
447	7	2	45.40400000000003	45.13199999999998
447	8	2	45.12295081967211	84.8770491803279
447	9	2	45.132	125.40399999999994
447	10	2	45.502008032128465	164.32931726907637
447	11	2	84.99999999999997	5.000000000000002
447	12	2	83.71600000000002	44.44800000000001
447	13	2	85.01200000000003	85.10400000000001
447	14	2	84.988	124.89599999999994
447	15	2	84.99999999999997	164.99999999999991
447	16	2	125.07199999999999	4.939999999999999
447	17	2	125.12400000000005	45.00400000000004
447	18	2	125.05599999999998	84.97199999999994
447	19	2	124.828	124.97199999999997
447	20	2	125.148	165.03999999999996
447	21	2	164.99999999999994	5.000000000000002
447	22	2	164.99999999999994	45.00000000000002
447	23	2	164.36864406779657	84.7330508474576
447	24	2	164.86000000000004	125.01200000000001
447	25	2	165.33600000000004	165.10799999999998
447	26	1	182.499001996008	16.26546906187625
447	27	1	153.85429141716583	146.50499001996022
447	28	1	33.28200000000001	17.36600000000001
447	29	1	181.76200000000003	50.29
447	30	1	85.57200000000009	143.00999999999993
447	31	1	13.003999999999992	76.50200000000004
447	32	1	14.057999999999998	55.47200000000003
447	33	1	87.15999999999998	61.090000000000025
447	34	1	192.1696606786427	84.83632734530934
447	35	1	88.85029940119757	185.50099800399204
447	36	1	20.111553784860536	176.7788844621512
447	37	1	27.3253493013972	38.13173652694609
447	38	1	31.505999999999986	67.70200000000003
447	39	1	136.71856287425152	149.98203592814355
447	40	1	192.11800000000002	33.838
447	41	1	11.566000000000008	20.71200000000001
447	42	1	178.71399999999994	76.36199999999998
447	43	1	26.666666666666693	95.55289421157676
447	44	1	35.509018036072156	112.6893787575151
447	45	1	16.848303393213573	194.04990019960098
448	1	2	5.115702479338843	5.400826446280992
448	2	2	5.110169491525425	45.39830508474574
448	3	2	5.251028806584367	86.4979423868313
448	4	2	5.036000000000001	124.94399999999997
448	5	2	4.9999999999999964	165.00000000000009
448	6	2	44.988	5.104000000000002
448	7	2	45.40400000000003	45.13199999999998
448	8	2	45.12295081967211	84.8770491803279
448	9	2	45.132	125.40399999999994
448	10	2	45.502008032128465	164.32931726907637
448	11	2	84.99999999999997	5.000000000000002
448	12	2	83.71600000000002	44.44800000000001
448	13	2	85.01200000000003	85.10400000000001
448	14	2	84.988	124.89599999999994
448	15	2	84.99999999999997	164.99999999999991
448	16	2	125.07199999999999	4.939999999999999
448	17	2	125.12400000000005	45.00400000000004
448	18	2	125.05599999999998	84.97199999999994
448	19	2	124.828	124.97199999999997
448	20	2	125.148	165.03999999999996
448	21	2	164.99999999999994	5.000000000000002
448	22	2	164.99999999999994	45.00000000000002
448	23	2	164.36864406779657	84.7330508474576
448	24	2	164.86000000000004	125.01200000000001
448	25	2	165.33600000000004	165.10799999999998
448	26	1	182.52295409181636	16.155688622754486
448	27	1	153.82400000000004	146.434
448	28	1	33.33532934131734	17.327345309381222
448	29	1	181.77200000000002	50.30200000000001
448	30	1	85.60800000000002	143.0339999999999
448	31	1	13.097804391217561	76.51097804391215
448	32	1	13.998	55.455999999999996
448	33	1	87.13772455089818	61.225548902195605
448	34	1	192.21399999999997	84.86399999999999
448	35	1	88.66866267465065	185.48502994011972
448	36	1	19.902390438247007	176.69322709163353
448	37	1	27.293413173652677	37.96407185628744
448	38	1	31.518962075848318	67.58283433133731
448	39	1	136.70600000000002	149.99599999999998
448	40	1	192.112	33.83999999999999
448	41	1	11.569138276553101	20.697394789579175
448	42	1	178.76399999999992	76.28999999999996
448	43	1	26.679999999999996	95.57199999999997
448	44	1	35.61752988047812	112.82270916334672
448	45	1	16.768	194.03200000000007
449	1	2	5.115702479338843	5.400826446280992
449	2	2	5.110169491525425	45.39830508474574
449	3	2	5.251028806584367	86.4979423868313
449	4	2	5.036000000000001	124.94399999999997
449	5	2	4.9999999999999964	165.00000000000009
449	6	2	44.988	5.104000000000002
449	7	2	45.40400000000003	45.13199999999998
449	8	2	45.12295081967211	84.8770491803279
449	9	2	45.132	125.40399999999994
449	10	2	45.502008032128465	164.32931726907637
449	11	2	84.99999999999997	5.000000000000002
449	12	2	83.71600000000002	44.44800000000001
449	13	2	85.01200000000003	85.10400000000001
449	14	2	84.988	124.89599999999994
449	15	2	84.99999999999997	164.99999999999991
449	16	2	125.07199999999999	4.939999999999999
449	17	2	125.12400000000005	45.00400000000004
449	18	2	125.05599999999998	84.97199999999994
449	19	2	124.828	124.97199999999997
449	20	2	125.148	165.03999999999996
449	21	2	164.99999999999994	5.000000000000002
449	22	2	164.99999999999994	45.00000000000002
449	23	2	164.36864406779657	84.7330508474576
449	24	2	164.86000000000004	125.01200000000001
449	25	2	165.33600000000004	165.10799999999998
449	26	1	182.592	16.118
449	27	1	153.838	146.408
449	28	1	33.35600000000003	17.261999999999993
449	29	1	181.76753507014027	50.25851703406813
449	30	1	85.79640718562875	142.98602794411178
449	31	1	13.14999999999999	76.52799999999999
449	32	1	14.04590818363273	55.47504990019958
449	33	1	86.84231536926147	61.46506986027948
449	34	1	192.186	84.80400000000002
449	35	1	88.7664670658683	185.58083832335328
449	36	1	19.990019960079838	176.58483033932134
449	37	1	27.309381237524974	37.88622754491016
449	38	1	31.567999999999984	67.53400000000006
449	39	1	136.66400000000013	149.87000000000015
449	40	1	192.00200400801603	33.73947895791583
449	41	1	11.610778443113785	20.78642714570857
449	42	1	178.810379241517	76.07984031936127
449	43	1	26.916167664670674	95.53892215568871
449	44	1	35.69322709163346	112.90039840637448
449	45	1	16.658682634730532	194.00998003992026
450	1	2	5.115702479338843	5.400826446280992
450	2	2	5.110169491525425	45.39830508474574
450	3	2	5.251028806584367	86.4979423868313
450	4	2	5.036000000000001	124.94399999999997
450	5	2	4.9999999999999964	165.00000000000009
450	6	2	44.988	5.104000000000002
450	7	2	45.40400000000003	45.13199999999998
450	8	2	45.12295081967211	84.8770491803279
450	9	2	45.132	125.40399999999994
450	10	2	45.502008032128465	164.32931726907637
450	11	2	84.99999999999997	5.000000000000002
450	12	2	83.71600000000002	44.44800000000001
450	13	2	85.01200000000003	85.10400000000001
450	14	2	84.988	124.89599999999994
450	15	2	84.99999999999997	164.99999999999991
450	16	2	125.07199999999999	4.939999999999999
450	17	2	125.12400000000005	45.00400000000004
450	18	2	125.05599999999998	84.97199999999994
450	19	2	124.828	124.97199999999997
450	20	2	125.148	165.03999999999996
450	21	2	164.99999999999994	5.000000000000002
450	22	2	164.99999999999994	45.00000000000002
450	23	2	164.36864406779657	84.7330508474576
450	24	2	164.86000000000004	125.01200000000001
450	25	2	165.33600000000004	165.10799999999998
450	26	1	182.524	16.081999999999997
450	27	1	153.88423153692617	146.3373253493013
450	28	1	33.36399999999999	17.254
450	29	1	181.72255489021956	50.30538922155688
450	30	1	85.93199999999996	142.98000000000002
450	31	1	13.225548902195603	76.61277445109779
450	32	1	14.027999999999999	55.48199999999998
450	33	1	86.74348697394791	61.535070140280546
450	34	1	192.172	84.76199999999999
450	35	1	88.69461077844309	185.4730538922155
450	36	1	19.938123752495017	176.54690618762473
450	37	1	27.267999999999994	37.86000000000001
450	38	1	31.554890219560868	67.45508982035936
450	39	1	136.58882235528947	149.7644710578843
450	40	1	191.94810379241517	33.60678642714572
450	41	1	11.654690618762476	20.836327345309403
450	42	1	178.84799999999998	76.01400000000001
450	43	1	26.97400000000001	95.56400000000002
450	44	1	35.77644710578846	112.91217564870254
450	45	1	16.63599999999998	193.9939999999998
451	1	2	5.115702479338843	5.400826446280992
451	2	2	5.110169491525425	45.39830508474574
451	3	2	5.251028806584367	86.4979423868313
451	4	2	5.036000000000001	124.94399999999997
451	5	2	4.9999999999999964	165.00000000000009
451	6	2	44.988	5.104000000000002
451	7	2	45.40400000000003	45.13199999999998
451	8	2	45.12295081967211	84.8770491803279
451	9	2	45.132	125.40399999999994
451	10	2	45.502008032128465	164.32931726907637
451	11	2	84.99999999999997	5.000000000000002
451	12	2	83.71600000000002	44.44800000000001
451	13	2	85.01200000000003	85.10400000000001
451	14	2	84.988	124.89599999999994
451	15	2	84.99999999999997	164.99999999999991
451	16	2	125.07199999999999	4.939999999999999
451	17	2	125.12400000000005	45.00400000000004
451	18	2	125.05599999999998	84.97199999999994
451	19	2	124.828	124.97199999999997
451	20	2	125.148	165.03999999999996
451	21	2	164.99999999999994	5.000000000000002
451	22	2	164.99999999999994	45.00000000000002
451	23	2	164.36864406779657	84.7330508474576
451	24	2	164.86000000000004	125.01200000000001
451	25	2	165.33600000000004	165.10799999999998
451	26	1	182.45999999999998	16.062
451	27	1	153.88023952095793	146.30538922155682
451	28	1	33.454000000000015	17.274000000000008
451	29	1	181.8243512974052	50.339321357285435
451	30	1	86.06800000000003	142.97999999999988
451	31	1	13.215568862275443	76.60878243512964
451	32	1	14.080000000000007	55.47400000000001
451	33	1	86.59799999999991	61.73799999999999
451	34	1	192.18200000000002	84.71999999999994
451	35	1	88.44799999999996	185.36600000000007
451	36	1	19.89021956087824	176.51297405189644
451	37	1	27.150000000000027	37.654
451	38	1	31.584830339321368	67.32934131736532
451	39	1	136.56800000000015	149.73000000000005
451	40	1	191.87575150300603	33.444889779559105
451	41	1	11.642714570858276	20.838323353293422
451	42	1	178.87199999999999	76.07199999999999
451	43	1	27.06200000000002	95.50600000000003
451	44	1	35.834	112.9419999999999
451	45	1	16.583166332665318	193.99198396793582
452	1	2	5.115702479338843	5.400826446280992
452	2	2	5.110169491525425	45.39830508474574
452	3	2	5.251028806584367	86.4979423868313
452	4	2	5.036000000000001	124.94399999999997
452	5	2	4.9999999999999964	165.00000000000009
452	6	2	44.988	5.104000000000002
452	7	2	45.40400000000003	45.13199999999998
452	8	2	45.12295081967211	84.8770491803279
452	9	2	45.132	125.40399999999994
452	10	2	45.502008032128465	164.32931726907637
452	11	2	84.99999999999997	5.000000000000002
452	12	2	83.71600000000002	44.44800000000001
452	13	2	85.01200000000003	85.10400000000001
452	14	2	84.988	124.89599999999994
452	15	2	84.99999999999997	164.99999999999991
452	16	2	125.07199999999999	4.939999999999999
452	17	2	125.12400000000005	45.00400000000004
452	18	2	125.05599999999998	84.97199999999994
452	19	2	124.828	124.97199999999997
452	20	2	125.148	165.03999999999996
452	21	2	164.99999999999994	5.000000000000002
452	22	2	164.99999999999994	45.00000000000002
452	23	2	164.36864406779657	84.7330508474576
452	24	2	164.86000000000004	125.01200000000001
452	25	2	165.33600000000004	165.10799999999998
452	26	1	182.454	16.074000000000005
452	27	1	153.8236472945891	146.25651302605218
452	28	1	33.479041916167674	17.30738522954092
452	29	1	181.78243512974052	50.37924151696603
452	30	1	86.168	143.02
452	31	1	13.33532934131737	76.7584830339321
452	32	1	14.084000000000007	55.486000000000004
452	33	1	86.63273453093808	61.98602794411178
452	34	1	192.21756487025948	84.61077844311374
452	35	1	88.30600000000001	185.33999999999995
452	36	1	19.944000000000003	176.44800000000012
452	37	1	27.15568862275449	37.59081836327347
452	38	1	31.622754491017954	67.29341317365272
452	39	1	136.6087824351296	149.6966067864272
452	40	1	191.798	33.48399999999999
452	41	1	11.562874251497005	20.922155688622755
452	42	1	178.89599999999996	76.162
452	43	1	27.215999999999998	95.54400000000001
452	44	1	35.84630738522958	113.00598802395204
452	45	1	16.612774451097803	193.9920159680638
453	1	2	5.115702479338843	5.400826446280992
453	2	2	5.110169491525425	45.39830508474574
453	3	2	5.251028806584367	86.4979423868313
453	4	2	5.036000000000001	124.94399999999997
453	5	2	4.9999999999999964	165.00000000000009
453	6	2	44.988	5.104000000000002
453	7	2	45.40400000000003	45.13199999999998
453	8	2	45.12295081967211	84.8770491803279
453	9	2	45.132	125.40399999999994
453	10	2	45.502008032128465	164.32931726907637
453	11	2	84.99999999999997	5.000000000000002
453	12	2	83.71600000000002	44.44800000000001
453	13	2	85.01200000000003	85.10400000000001
453	14	2	84.988	124.89599999999994
453	15	2	84.99999999999997	164.99999999999991
453	16	2	125.07199999999999	4.939999999999999
453	17	2	125.12400000000005	45.00400000000004
453	18	2	125.05599999999998	84.97199999999994
453	19	2	124.828	124.97199999999997
453	20	2	125.148	165.03999999999996
453	21	2	164.99999999999994	5.000000000000002
453	22	2	164.99999999999994	45.00000000000002
453	23	2	164.36864406779657	84.7330508474576
453	24	2	164.86000000000004	125.01200000000001
453	25	2	165.33600000000004	165.10799999999998
453	26	1	182.48	16.020000000000003
453	27	1	153.83799999999994	146.22600000000008
453	28	1	33.484000000000016	17.317999999999998
453	29	1	181.78642714570861	50.39720558882238
453	30	1	86.26399999999997	143.00600000000009
453	31	1	13.381237524950102	76.8502994011976
453	32	1	14.091999999999997	55.53999999999999
453	33	1	86.47904191616763	61.97804391217567
453	34	1	192.311377245509	84.54091816367269
453	35	1	88.07171314741036	185.10358565737053
453	36	1	20.005976095617548	176.33266932270917
453	37	1	27.05788423153694	37.50698602794411
453	38	1	31.648000000000014	67.21400000000001
453	39	1	136.57799999999997	149.8340000000002
453	40	1	191.7005988023952	33.43313373253491
453	41	1	11.540000000000004	20.954
453	42	1	178.91199999999992	76.11999999999996
453	43	1	27.458167330677288	95.57768924302785
453	44	1	35.824351297405165	113.03193612774457
453	45	1	16.676000000000002	194.0540000000001
454	1	2	5.115702479338843	5.400826446280992
454	2	2	5.110169491525425	45.39830508474574
454	3	2	5.251028806584367	86.4979423868313
454	4	2	5.036000000000001	124.94399999999997
454	5	2	4.9999999999999964	165.00000000000009
454	6	2	44.988	5.104000000000002
454	7	2	45.40400000000003	45.13199999999998
454	8	2	45.12295081967211	84.8770491803279
454	9	2	45.132	125.40399999999994
454	10	2	45.502008032128465	164.32931726907637
454	11	2	84.99999999999997	5.000000000000002
454	12	2	83.71600000000002	44.44800000000001
454	13	2	85.01200000000003	85.10400000000001
454	14	2	84.988	124.89599999999994
454	15	2	84.99999999999997	164.99999999999991
454	16	2	125.07199999999999	4.939999999999999
454	17	2	125.12400000000005	45.00400000000004
454	18	2	125.05599999999998	84.97199999999994
454	19	2	124.828	124.97199999999997
454	20	2	125.148	165.03999999999996
454	21	2	164.99999999999994	5.000000000000002
454	22	2	164.99999999999994	45.00000000000002
454	23	2	164.36864406779657	84.7330508474576
454	24	2	164.86000000000004	125.01200000000001
454	25	2	165.33600000000004	165.10799999999998
454	26	1	182.45908183632736	15.968063872255483
454	27	1	153.82199999999997	146.16000000000005
454	28	1	33.55799999999999	17.398000000000007
454	29	1	181.8063872255489	50.4231536926148
454	30	1	86.28800000000008	142.99599999999992
454	31	1	13.499001996007976	76.86427145708586
454	32	1	14.051999999999987	55.511999999999986
454	33	1	86.35928143712577	62.06387225548898
454	34	1	192.35000000000002	84.48799999999997
454	35	1	88.01796407185633	185.00399201596812
454	36	1	19.98802395209581	176.1916167664669
454	37	1	27.027944111776474	37.34131736526945
454	38	1	31.660000000000004	67.11199999999994
454	39	1	136.58083832335328	149.78243512974038
454	40	1	191.57884231536926	33.365269461077816
454	41	1	11.426853707414825	21.064128256513023
454	42	1	178.94400000000016	76.10400000000013
454	43	1	27.483033932135733	95.60079840319362
454	44	1	35.82634730538923	112.9301397205589
454	45	1	16.81836327345309	194.12974051896214
455	1	2	5.115702479338843	5.400826446280992
455	2	2	5.110169491525425	45.39830508474574
455	3	2	5.251028806584367	86.4979423868313
455	4	2	5.036000000000001	124.94399999999997
455	5	2	4.9999999999999964	165.00000000000009
455	6	2	44.988	5.104000000000002
455	7	2	45.40400000000003	45.13199999999998
455	8	2	45.12295081967211	84.8770491803279
455	9	2	45.132	125.40399999999994
455	10	2	45.502008032128465	164.32931726907637
455	11	2	84.99999999999997	5.000000000000002
455	12	2	83.71600000000002	44.44800000000001
455	13	2	85.01200000000003	85.10400000000001
455	14	2	84.988	124.89599999999994
455	15	2	84.99999999999997	164.99999999999991
455	16	2	125.07199999999999	4.939999999999999
455	17	2	125.12400000000005	45.00400000000004
455	18	2	125.05599999999998	84.97199999999994
455	19	2	124.828	124.97199999999997
455	20	2	125.148	165.03999999999996
455	21	2	164.99999999999994	5.000000000000002
455	22	2	164.99999999999994	45.00000000000002
455	23	2	164.36864406779657	84.7330508474576
455	24	2	164.86000000000004	125.01200000000001
455	25	2	165.33600000000004	165.10799999999998
455	26	1	182.50499001996008	15.950099800399183
455	27	1	153.82965931863734	146.20440881763514
455	28	1	33.54091816367266	17.445109780439115
455	29	1	181.85999999999996	50.44000000000007
455	30	1	86.34131736526942	142.9720558882236
455	31	1	13.579999999999993	76.92999999999996
455	32	1	14.02395209580838	55.5788423153692
455	33	1	86.372	62.21199999999997
455	34	1	192.374	84.42999999999996
455	35	1	87.96806387225546	184.87824351297422
455	36	1	19.958083832335323	176.0698602794411
455	37	1	27.072144288577153	37.42484969939881
455	38	1	31.704590818363286	67.10778443113776
455	39	1	136.67000000000013	149.68600000000023
455	40	1	191.596	33.322000000000045
455	41	1	11.425999999999997	21.12
455	42	1	178.94400000000016	76.05599999999997
455	43	1	27.493013972055902	95.63473053892216
455	44	1	35.814371257485035	112.99401197604793
455	45	1	16.859999999999996	194.16799999999992
456	1	2	5.115702479338843	5.400826446280992
456	2	2	5.110169491525425	45.39830508474574
456	3	2	5.251028806584367	86.4979423868313
456	4	2	5.036000000000001	124.94399999999997
456	5	2	4.9999999999999964	165.00000000000009
456	6	2	44.988	5.104000000000002
456	7	2	45.40400000000003	45.13199999999998
456	8	2	45.12295081967211	84.8770491803279
456	9	2	45.132	125.40399999999994
456	10	2	45.502008032128465	164.32931726907637
456	11	2	84.99999999999997	5.000000000000002
456	12	2	83.71600000000002	44.44800000000001
456	13	2	85.01200000000003	85.10400000000001
456	14	2	84.988	124.89599999999994
456	15	2	84.99999999999997	164.99999999999991
456	16	2	125.07199999999999	4.939999999999999
456	17	2	125.12400000000005	45.00400000000004
456	18	2	125.05599999999998	84.97199999999994
456	19	2	124.828	124.97199999999997
456	20	2	125.148	165.03999999999996
456	21	2	164.99999999999994	5.000000000000002
456	22	2	164.99999999999994	45.00000000000002
456	23	2	164.36864406779657	84.7330508474576
456	24	2	164.86000000000004	125.01200000000001
456	25	2	165.33600000000004	165.10799999999998
456	26	1	182.560878243513	15.948103792415159
456	27	1	153.76047904191614	146.23353293413163
456	28	1	33.506986027944095	17.23153692614769
456	29	1	181.85229540918164	50.42514970059883
456	30	1	86.45309381237524	143.02594810379242
456	31	1	13.622000000000012	76.898
456	32	1	14.028056112224451	55.58917835671342
456	33	1	86.22444889779558	62.21042084168343
456	34	1	192.39720558882235	84.35528942115774
456	35	1	87.93413173652691	184.8842315369261
456	36	1	19.926147704590825	175.92814371257478
456	37	1	27.14800000000001	37.32599999999998
456	38	1	31.69061876247505	67.11776447105795
456	39	1	136.68862275449098	149.64071856287416
456	40	1	191.568	33.267999999999965
456	41	1	11.454000000000017	21.216000000000005
456	42	1	178.93600000000018	75.91600000000001
456	43	1	27.495009980039907	95.68662674650707
456	44	1	35.72399999999999	113.1019999999999
456	45	1	16.70459081836328	194.1037924151696
457	1	2	5.115702479338843	5.400826446280992
457	2	2	5.110169491525425	45.39830508474574
457	3	2	5.251028806584367	86.4979423868313
457	4	2	5.036000000000001	124.94399999999997
457	5	2	4.9999999999999964	165.00000000000009
457	6	2	44.988	5.104000000000002
457	7	2	45.40400000000003	45.13199999999998
457	8	2	45.12295081967211	84.8770491803279
457	9	2	45.132	125.40399999999994
457	10	2	45.502008032128465	164.32931726907637
457	11	2	84.99999999999997	5.000000000000002
457	12	2	83.71600000000002	44.44800000000001
457	13	2	85.01200000000003	85.10400000000001
457	14	2	84.988	124.89599999999994
457	15	2	84.99999999999997	164.99999999999991
457	16	2	125.07199999999999	4.939999999999999
457	17	2	125.12400000000005	45.00400000000004
457	18	2	125.05599999999998	84.97199999999994
457	19	2	124.828	124.97199999999997
457	20	2	125.148	165.03999999999996
457	21	2	164.99999999999994	5.000000000000002
457	22	2	164.99999999999994	45.00000000000002
457	23	2	164.36864406779657	84.7330508474576
457	24	2	164.86000000000004	125.01200000000001
457	25	2	165.33600000000004	165.10799999999998
457	26	1	182.5449101796407	15.91816367265469
457	27	1	153.80200000000002	146.10200000000017
457	28	1	33.52390438247012	17.11752988047809
457	29	1	181.85828343313372	50.43912175648704
457	30	1	86.59880239520952	142.90219560878248
457	31	1	13.710000000000012	76.90000000000002
457	32	1	14.092184368737472	55.583166332665364
457	33	1	85.95799999999991	62.387999999999955
457	34	1	192.4131736526946	84.30938123752496
457	35	1	87.89021956087826	184.73852295409168
457	36	1	19.858565737051798	175.90637450199213
457	37	1	27.10999999999998	37.28000000000001
457	38	1	31.757999999999974	67.04599999999999
457	39	1	136.72	149.54999999999987
457	40	1	191.47799999999998	33.24600000000002
457	41	1	11.457085828343303	21.34530938123753
457	42	1	178.99800000000005	75.89200000000008
457	43	1	27.499001996007976	95.69860279441117
457	44	1	35.69461077844312	113.07784431137725
457	45	1	16.605999999999995	194.08999999999995
458	1	2	5.115702479338843	5.400826446280992
458	2	2	5.110169491525425	45.39830508474574
458	3	2	5.251028806584367	86.4979423868313
458	4	2	5.036000000000001	124.94399999999997
458	5	2	4.9999999999999964	165.00000000000009
458	6	2	44.988	5.104000000000002
458	7	2	45.40400000000003	45.13199999999998
458	8	2	45.12295081967211	84.8770491803279
458	9	2	45.132	125.40399999999994
458	10	2	45.502008032128465	164.32931726907637
458	11	2	84.99999999999997	5.000000000000002
458	12	2	83.71600000000002	44.44800000000001
458	13	2	85.01200000000003	85.10400000000001
458	14	2	84.988	124.89599999999994
458	15	2	84.99999999999997	164.99999999999991
458	16	2	125.07199999999999	4.939999999999999
458	17	2	125.12400000000005	45.00400000000004
458	18	2	125.05599999999998	84.97199999999994
458	19	2	124.828	124.97199999999997
458	20	2	125.148	165.03999999999996
458	21	2	164.99999999999994	5.000000000000002
458	22	2	164.99999999999994	45.00000000000002
458	23	2	164.36864406779657	84.7330508474576
458	24	2	164.86000000000004	125.01200000000001
458	25	2	165.33600000000004	165.10799999999998
458	26	1	182.60079840319364	15.816367265469061
458	27	1	153.78642714570879	146.2195608782434
458	28	1	33.59118236472945	17.122244488977966
458	29	1	181.818	50.40400000000002
458	30	1	86.70259481037921	142.98802395209594
458	31	1	13.742514970059887	76.90818363273453
458	32	1	14.068000000000003	55.56600000000001
458	33	1	85.79000000000003	62.50400000000005
458	34	1	192.472	84.21399999999998
458	35	1	87.87624750498995	184.66866267465076
458	36	1	20.062	175.74800000000013
458	37	1	27.137724550898195	37.13373253493014
458	38	1	31.80039920159681	66.99001996007983
458	39	1	136.75449101796406	149.49700598802383
458	40	1	191.496	33.194
458	41	1	11.501999999999999	21.404000000000003
458	42	1	179.05200000000008	76.0260000000001
458	43	1	27.545999999999978	95.70599999999997
458	44	1	35.7555110220441	113.03006012024046
458	45	1	16.74799999999999	194.04999999999984
459	1	2	5.115702479338843	5.400826446280992
459	2	2	5.110169491525425	45.39830508474574
459	3	2	5.251028806584367	86.4979423868313
459	4	2	5.036000000000001	124.94399999999997
459	5	2	4.9999999999999964	165.00000000000009
459	6	2	44.988	5.104000000000002
459	7	2	45.40400000000003	45.13199999999998
459	8	2	45.12295081967211	84.8770491803279
459	9	2	45.132	125.40399999999994
459	10	2	45.502008032128465	164.32931726907637
459	11	2	84.99999999999997	5.000000000000002
459	12	2	83.71600000000002	44.44800000000001
459	13	2	85.01200000000003	85.10400000000001
459	14	2	84.988	124.89599999999994
459	15	2	84.99999999999997	164.99999999999991
459	16	2	125.07199999999999	4.939999999999999
459	17	2	125.12400000000005	45.00400000000004
459	18	2	125.05599999999998	84.97199999999994
459	19	2	124.828	124.97199999999997
459	20	2	125.148	165.03999999999996
459	21	2	164.99999999999994	5.000000000000002
459	22	2	164.99999999999994	45.00000000000002
459	23	2	164.36864406779657	84.7330508474576
459	24	2	164.86000000000004	125.01200000000001
459	25	2	165.33600000000004	165.10799999999998
459	26	1	182.55310621242484	15.817635270541075
459	27	1	153.74451097804413	146.19760479041918
459	28	1	33.606000000000016	17.096000000000007
459	29	1	181.82199999999997	50.487999999999985
459	30	1	86.79399999999995	142.94199999999995
459	31	1	13.87	76.926
459	32	1	14.070000000000002	55.618
459	33	1	85.54690618762476	62.52694610778445
459	34	1	192.588	84.196
459	35	1	87.66533066132261	184.61523046092162
459	36	1	20.129740518962105	175.65269461077852
459	37	1	27.064000000000014	36.976000000000035
459	38	1	31.86227544910181	66.87025948103793
459	39	1	136.80600000000007	149.5179999999998
459	40	1	191.458	33.203999999999986
459	41	1	11.451097804391228	21.455089820359273
459	42	1	179.0998003992015	76.10379241516974
459	43	1	27.568000000000012	95.67600000000004
459	44	1	35.81600000000003	113.0340000000001
459	45	1	16.67928286852591	193.94621513944233
460	1	2	5.115702479338843	5.400826446280992
460	2	2	5.110169491525425	45.39830508474574
460	3	2	5.251028806584367	86.4979423868313
460	4	2	5.036000000000001	124.94399999999997
460	5	2	4.9999999999999964	165.00000000000009
460	6	2	44.988	5.104000000000002
460	7	2	45.40400000000003	45.13199999999998
460	8	2	45.12295081967211	84.8770491803279
460	9	2	45.132	125.40399999999994
460	10	2	45.502008032128465	164.32931726907637
460	11	2	84.99999999999997	5.000000000000002
460	12	2	83.71600000000002	44.44800000000001
460	13	2	85.01200000000003	85.10400000000001
460	14	2	84.988	124.89599999999994
460	15	2	84.99999999999997	164.99999999999991
460	16	2	125.07199999999999	4.939999999999999
460	17	2	125.12400000000005	45.00400000000004
460	18	2	125.05599999999998	84.97199999999994
460	19	2	124.828	124.97199999999997
460	20	2	125.148	165.03999999999996
460	21	2	164.99999999999994	5.000000000000002
460	22	2	164.99999999999994	45.00000000000002
460	23	2	164.36864406779657	84.7330508474576
460	24	2	164.86000000000004	125.01200000000001
460	25	2	165.33600000000004	165.10799999999998
460	26	1	182.66067864271457	15.680638722554887
460	27	1	153.67131474103604	146.12948207171323
460	28	1	33.63600000000001	17.02800000000001
460	29	1	181.8363273453094	50.479041916167695
460	30	1	86.84000000000015	142.96800000000036
460	31	1	13.89421157684631	76.94011976047905
460	32	1	14.095808383233539	55.63473053892215
460	33	1	85.47400000000006	62.679999999999964
460	34	1	192.6427145708583	84.22754491017955
460	35	1	87.54000000000005	184.60600000000002
460	36	1	20.163346613545805	175.4999999999999
460	37	1	27.04	36.920000000000044
460	38	1	31.866000000000007	66.90800000000003
460	39	1	136.8399999999998	149.50599999999986
460	40	1	191.35928143712573	33.1996007984032
460	41	1	11.54291417165669	21.54690618762477
460	42	1	179.12999999999988	76.10799999999996
460	43	1	27.65668662674651	95.71856287425142
460	44	1	35.7784431137724	113.06786427145708
460	45	1	16.617999999999984	193.83600000000024
461	1	2	5.115702479338843	5.400826446280992
461	2	2	5.110169491525425	45.39830508474574
461	3	2	5.251028806584367	86.4979423868313
461	4	2	5.036000000000001	124.94399999999997
461	5	2	4.9999999999999964	165.00000000000009
461	6	2	44.988	5.104000000000002
461	7	2	45.40400000000003	45.13199999999998
461	8	2	45.12295081967211	84.8770491803279
461	9	2	45.132	125.40399999999994
461	10	2	45.502008032128465	164.32931726907637
461	11	2	84.99999999999997	5.000000000000002
461	12	2	83.71600000000002	44.44800000000001
461	13	2	85.01200000000003	85.10400000000001
461	14	2	84.988	124.89599999999994
461	15	2	84.99999999999997	164.99999999999991
461	16	2	125.07199999999999	4.939999999999999
461	17	2	125.12400000000005	45.00400000000004
461	18	2	125.05599999999998	84.97199999999994
461	19	2	124.828	124.97199999999997
461	20	2	125.148	165.03999999999996
461	21	2	164.99999999999994	5.000000000000002
461	22	2	164.99999999999994	45.00000000000002
461	23	2	164.36864406779657	84.7330508474576
461	24	2	164.86000000000004	125.01200000000001
461	25	2	165.33600000000004	165.10799999999998
461	26	1	182.704	15.76000000000001
461	27	1	153.62674650698605	146.25548902195595
461	28	1	33.67334669338677	16.97595190380762
461	29	1	181.85599999999997	50.556000000000026
461	30	1	86.81200000000004	143.09199999999996
461	31	1	14.05588822355291	77.04790419161672
461	32	1	14.076	55.682000000000066
461	33	1	85.41199999999994	62.76000000000001
461	34	1	192.67065868263472	84.0199600798403
461	35	1	87.23306772908359	184.49601593625505
461	36	1	20.195999999999994	175.46800000000007
461	37	1	26.986000000000015	36.803999999999995
461	38	1	31.932135728542903	66.84431137724552
461	39	1	136.87200000000004	149.40999999999977
461	40	1	191.33133732534932	33.1916167664671
461	41	1	11.599999999999993	21.693999999999992
461	42	1	179.11399999999983	76.14400000000003
461	43	1	27.74650698602794	95.78443113772454
461	44	1	35.748000000000005	113.058
461	45	1	16.58483033932136	193.76646706586834
462	1	2	5.115702479338843	5.400826446280992
462	2	2	5.110169491525425	45.39830508474574
462	3	2	5.251028806584367	86.4979423868313
462	4	2	5.036000000000001	124.94399999999997
462	5	2	4.9999999999999964	165.00000000000009
462	6	2	44.988	5.104000000000002
462	7	2	45.40400000000003	45.13199999999998
462	8	2	45.12295081967211	84.8770491803279
462	9	2	45.132	125.40399999999994
462	10	2	45.502008032128465	164.32931726907637
462	11	2	84.99999999999997	5.000000000000002
462	12	2	83.71600000000002	44.44800000000001
462	13	2	85.01200000000003	85.10400000000001
462	14	2	84.988	124.89599999999994
462	15	2	84.99999999999997	164.99999999999991
462	16	2	125.07199999999999	4.939999999999999
462	17	2	125.12400000000005	45.00400000000004
462	18	2	125.05599999999998	84.97199999999994
462	19	2	124.828	124.97199999999997
462	20	2	125.148	165.03999999999996
462	21	2	164.99999999999994	5.000000000000002
462	22	2	164.99999999999994	45.00000000000002
462	23	2	164.36864406779657	84.7330508474576
462	24	2	164.86000000000004	125.01200000000001
462	25	2	165.33600000000004	165.10799999999998
462	26	1	182.77644710578844	15.75449101796406
462	27	1	153.58083832335336	146.1596806387226
462	28	1	33.814000000000036	16.974
462	29	1	181.872	50.561999999999955
462	30	1	86.95	143.04600000000002
462	31	1	14.173652694610777	76.99999999999996
462	32	1	14.015999999999998	55.67000000000003
462	33	1	85.20558882235527	62.780439121756494
462	34	1	192.792	83.90399999999995
462	35	1	87.01996007984029	184.36127744510975
462	36	1	20.325999999999997	175.43000000000006
462	37	1	26.910179640718553	36.6387225548902
462	38	1	31.958000000000002	66.794
462	39	1	136.88446215139442	149.37848605577676
462	40	1	191.17165668662673	33.147704590818364
462	41	1	11.65069860279441	21.756487025948104
462	42	1	179.11177644710583	76.189620758483
462	43	1	27.830000000000005	95.82199999999997
462	44	1	35.780439121756494	113.06387225548899
462	45	1	16.555999999999997	193.68200000000004
463	1	2	5.115702479338843	5.400826446280992
463	2	2	5.110169491525425	45.39830508474574
463	3	2	5.251028806584367	86.4979423868313
463	4	2	5.036000000000001	124.94399999999997
463	5	2	4.9999999999999964	165.00000000000009
463	6	2	44.988	5.104000000000002
463	7	2	45.40400000000003	45.13199999999998
463	8	2	45.12295081967211	84.8770491803279
463	9	2	45.132	125.40399999999994
463	10	2	45.502008032128465	164.32931726907637
463	11	2	84.99999999999997	5.000000000000002
463	12	2	83.71600000000002	44.44800000000001
463	13	2	85.01200000000003	85.10400000000001
463	14	2	84.988	124.89599999999994
463	15	2	84.99999999999997	164.99999999999991
463	16	2	125.07199999999999	4.939999999999999
463	17	2	125.12400000000005	45.00400000000004
463	18	2	125.05599999999998	84.97199999999994
463	19	2	124.828	124.97199999999997
463	20	2	125.148	165.03999999999996
463	21	2	164.99999999999994	5.000000000000002
463	22	2	164.99999999999994	45.00000000000002
463	23	2	164.36864406779657	84.7330508474576
463	24	2	164.86000000000004	125.01200000000001
463	25	2	165.33600000000004	165.10799999999998
463	26	1	182.826	15.641999999999994
463	27	1	153.5179282868525	146.18924302788844
463	28	1	33.75249500998003	16.90219560878244
463	29	1	181.892	50.61199999999997
463	30	1	87.11377245508974	142.89820359281435
463	31	1	14.275449101796408	77.06986027944104
463	32	1	14.07385229540919	55.692614770459045
463	33	1	85.01200000000003	62.85399999999996
463	34	1	192.91434262948206	83.80278884462153
463	35	1	86.7848605577689	184.21115537848604
463	36	1	20.339321357285435	175.38922155688635
463	37	1	26.806387225548885	36.55289421157684
463	38	1	32.015968063872236	66.8263473053892
463	39	1	136.9720558882234	149.25748502994014
463	40	1	191.12774451097803	33.085828343313366
463	41	1	11.599999999999985	21.773999999999987
463	42	1	179.13772455089827	76.23752495009978
463	43	1	27.874	95.92399999999998
463	44	1	35.86027944111779	113.10778443113783
463	45	1	16.44	193.6680000000001
464	1	2	5.115702479338843	5.400826446280992
464	2	2	5.110169491525425	45.39830508474574
464	3	2	5.251028806584367	86.4979423868313
464	4	2	5.036000000000001	124.94399999999997
464	5	2	4.9999999999999964	165.00000000000009
464	6	2	44.988	5.104000000000002
464	7	2	45.40400000000003	45.13199999999998
464	8	2	45.12295081967211	84.8770491803279
464	9	2	45.132	125.40399999999994
464	10	2	45.502008032128465	164.32931726907637
464	11	2	84.99999999999997	5.000000000000002
464	12	2	83.71600000000002	44.44800000000001
464	13	2	85.01200000000003	85.10400000000001
464	14	2	84.988	124.89599999999994
464	15	2	84.99999999999997	164.99999999999991
464	16	2	125.07199999999999	4.939999999999999
464	17	2	125.12400000000005	45.00400000000004
464	18	2	125.05599999999998	84.97199999999994
464	19	2	124.828	124.97199999999997
464	20	2	125.148	165.03999999999996
464	21	2	164.99999999999994	5.000000000000002
464	22	2	164.99999999999994	45.00000000000002
464	23	2	164.36864406779657	84.7330508474576
464	24	2	164.86000000000004	125.01200000000001
464	25	2	165.33600000000004	165.10799999999998
464	26	1	182.77888446215138	15.607569721115533
464	27	1	153.42315369261476	146.15568862275458
464	28	1	33.854291417165676	17.0059880239521
464	29	1	181.92814371257487	50.6626746506986
464	30	1	87.22355289421168	142.85029940119762
464	31	1	14.425149700598809	77.15169660678644
464	32	1	14.11	55.74799999999999
464	33	1	84.92215568862271	62.88622754491021
464	34	1	193.034	83.75999999999998
464	35	1	86.64471057884232	184.2335329341317
464	36	1	20.386000000000006	175.27800000000005
464	37	1	26.694610778443106	36.405189620758456
464	38	1	32.07	66.75999999999996
464	39	1	136.97799999999978	149.07799999999997
464	40	1	191.168	33.06999999999993
464	41	1	11.621999999999991	21.792000000000012
464	42	1	179.31474103585663	76.29282868525895
464	43	1	28.008000000000017	95.97599999999991
464	44	1	35.99201596806388	113.14570858283432
464	45	1	16.47305389221557	193.626746506986
465	1	2	5.115702479338843	5.400826446280992
465	2	2	5.110169491525425	45.39830508474574
465	3	2	5.251028806584367	86.4979423868313
465	4	2	5.036000000000001	124.94399999999997
465	5	2	4.9999999999999964	165.00000000000009
465	6	2	44.988	5.104000000000002
465	7	2	45.40400000000003	45.13199999999998
465	8	2	45.12295081967211	84.8770491803279
465	9	2	45.132	125.40399999999994
465	10	2	45.502008032128465	164.32931726907637
465	11	2	84.99999999999997	5.000000000000002
465	12	2	83.71600000000002	44.44800000000001
465	13	2	85.01200000000003	85.10400000000001
465	14	2	84.988	124.89599999999994
465	15	2	84.99999999999997	164.99999999999991
465	16	2	125.07199999999999	4.939999999999999
465	17	2	125.12400000000005	45.00400000000004
465	18	2	125.05599999999998	84.97199999999994
465	19	2	124.828	124.97199999999997
465	20	2	125.148	165.03999999999996
465	21	2	164.99999999999994	5.000000000000002
465	22	2	164.99999999999994	45.00000000000002
465	23	2	164.36864406779657	84.7330508474576
465	24	2	164.86000000000004	125.01200000000001
465	25	2	165.33600000000004	165.10799999999998
465	26	1	182.728	15.562000000000019
465	27	1	153.41317365269452	146.05189620758478
465	28	1	33.93999999999998	17.054000000000006
465	29	1	182.0079840319361	50.77644710578839
465	30	1	87.28742514970058	142.88423153692597
465	31	1	14.55489021956087	77.1417165668663
465	32	1	14.071856287425152	55.73253493013972
465	33	1	84.83466135458161	62.95019920318726
465	34	1	193.03193612774453	83.72455089820356
465	35	1	86.57400000000007	184.25800000000007
465	36	1	20.53399999999999	175.13199999999998
465	37	1	26.568000000000012	36.23200000000002
465	38	1	32.16932270916333	66.60956175298806
465	39	1	137.18562874251498	149.00598802395226
465	40	1	191.09163346613545	32.97011952191234
465	41	1	11.673999999999998	21.786000000000005
465	42	1	179.31936127744504	76.29540918163673
465	43	1	27.97604790419162	96.00798403193605
465	44	1	35.958	113.06399999999996
465	45	1	16.310000000000002	193.5
466	1	2	5.115702479338843	5.400826446280992
466	2	2	5.110169491525425	45.39830508474574
466	3	2	5.251028806584367	86.4979423868313
466	4	2	5.036000000000001	124.94399999999997
466	5	2	4.9999999999999964	165.00000000000009
466	6	2	44.988	5.104000000000002
466	7	2	45.40400000000003	45.13199999999998
466	8	2	45.12295081967211	84.8770491803279
466	9	2	45.132	125.40399999999994
466	10	2	45.502008032128465	164.32931726907637
466	11	2	84.99999999999997	5.000000000000002
466	12	2	83.71600000000002	44.44800000000001
466	13	2	85.01200000000003	85.10400000000001
466	14	2	84.988	124.89599999999994
466	15	2	84.99999999999997	164.99999999999991
466	16	2	125.07199999999999	4.939999999999999
466	17	2	125.12400000000005	45.00400000000004
466	18	2	125.05599999999998	84.97199999999994
466	19	2	124.828	124.97199999999997
466	20	2	125.148	165.03999999999996
466	21	2	164.99999999999994	5.000000000000002
466	22	2	164.99999999999994	45.00000000000002
466	23	2	164.36864406779657	84.7330508474576
466	24	2	164.86000000000004	125.01200000000001
466	25	2	165.33600000000004	165.10799999999998
466	26	1	182.84031936127747	15.572854291417157
466	27	1	153.35599999999997	145.9119999999999
466	28	1	33.89620758483035	17.02594810379242
466	29	1	182.04609218436872	50.887775551102216
466	30	1	87.56886227544905	142.7025948103792
466	31	1	14.607999999999999	77.11
466	32	1	14.049800796812743	55.717131474103546
466	33	1	84.83799999999982	63.108000000000004
466	34	1	193.076	83.69599999999991
466	35	1	86.5179282868527	184.17330677290843
466	36	1	20.694610778443103	174.9920159680637
466	37	1	26.4428857715431	36.072144288577185
466	38	1	32.14371257485029	66.55489021956086
466	39	1	137.18599999999984	148.92399999999984
466	40	1	190.91616766467067	33.02594810379244
466	41	1	11.616000000000007	21.822000000000006
466	42	1	179.36926147704597	76.37924151696605
466	43	1	27.980039920159662	96.03592814371251
466	44	1	35.948103792415196	113.07185628742516
466	45	1	16.302788844621524	193.37450199203195
467	1	2	5.115702479338843	5.400826446280992
467	2	2	5.110169491525425	45.39830508474574
467	3	2	5.251028806584367	86.4979423868313
467	4	2	5.036000000000001	124.94399999999997
467	5	2	4.9999999999999964	165.00000000000009
467	6	2	44.988	5.104000000000002
467	7	2	45.40400000000003	45.13199999999998
467	8	2	45.12295081967211	84.8770491803279
467	9	2	45.132	125.40399999999994
467	10	2	45.502008032128465	164.32931726907637
467	11	2	84.99999999999997	5.000000000000002
467	12	2	83.71600000000002	44.44800000000001
467	13	2	85.01200000000003	85.10400000000001
467	14	2	84.988	124.89599999999994
467	15	2	84.99999999999997	164.99999999999991
467	16	2	125.07199999999999	4.939999999999999
467	17	2	125.12400000000005	45.00400000000004
467	18	2	125.05599999999998	84.97199999999994
467	19	2	124.828	124.97199999999997
467	20	2	125.148	165.03999999999996
467	21	2	164.99999999999994	5.000000000000002
467	22	2	164.99999999999994	45.00000000000002
467	23	2	164.36864406779657	84.7330508474576
467	24	2	164.86000000000004	125.01200000000001
467	25	2	165.33600000000004	165.10799999999998
467	26	1	182.95808383233532	15.50299401197604
467	27	1	153.33333333333337	145.77844311377245
467	28	1	33.97400000000001	17.134000000000004
467	29	1	182.054	50.90599999999994
467	30	1	87.64071856287428	142.79840319361278
467	31	1	14.734530938123747	77.08582834331335
467	32	1	13.967935871743494	55.797595190380775
467	33	1	84.68862275449099	63.16167664670665
467	34	1	193.12774451097803	83.65668662674634
467	35	1	86.52400000000002	184.15999999999997
467	36	1	20.766000000000005	175.0539999999999
467	37	1	26.27944111776448	35.96806387225551
467	38	1	32.23752495009981	66.46107784431136
467	39	1	137.29940119760488	148.8383233532936
467	40	1	190.85029940119762	32.9321357285429
467	41	1	11.691999999999998	21.778000000000016
467	42	1	179.41716566866265	76.35129740518958
467	43	1	27.954091816367246	96.07984031936125
467	44	1	35.91816367265469	113.11576846307386
467	45	1	16.315369261477045	193.32734530938126
468	1	2	5.115702479338843	5.400826446280992
468	2	2	5.110169491525425	45.39830508474574
468	3	2	5.251028806584367	86.4979423868313
468	4	2	5.036000000000001	124.94399999999997
468	5	2	4.9999999999999964	165.00000000000009
468	6	2	44.988	5.104000000000002
468	7	2	45.40400000000003	45.13199999999998
468	8	2	45.12295081967211	84.8770491803279
468	9	2	45.132	125.40399999999994
468	10	2	45.502008032128465	164.32931726907637
468	11	2	84.99999999999997	5.000000000000002
468	12	2	83.71600000000002	44.44800000000001
468	13	2	85.01200000000003	85.10400000000001
468	14	2	84.988	124.89599999999994
468	15	2	84.99999999999997	164.99999999999991
468	16	2	125.07199999999999	4.939999999999999
468	17	2	125.12400000000005	45.00400000000004
468	18	2	125.05599999999998	84.97199999999994
468	19	2	124.828	124.97199999999997
468	20	2	125.148	165.03999999999996
468	21	2	164.99999999999994	5.000000000000002
468	22	2	164.99999999999994	45.00000000000002
468	23	2	164.36864406779657	84.7330508474576
468	24	2	164.86000000000004	125.01200000000001
468	25	2	165.33600000000004	165.10799999999998
468	26	1	182.864	15.493999999999987
468	27	1	153.32734530938117	145.6646706586826
468	28	1	33.98599999999999	17.082000000000004
468	29	1	182.11976047904193	50.97405189620759
468	30	1	87.81836327345312	142.75848303393198
468	31	1	14.852000000000007	77.08199999999998
468	32	1	13.873747494989983	55.8376753507014
468	33	1	84.56287425149695	63.34530938123751
468	34	1	193.2064128256513	83.57114228456918
468	35	1	86.41035856573707	184.0517928286852
468	36	1	20.835999999999995	174.93800000000013
468	37	1	26.209999999999987	35.87000000000005
468	38	1	32.24351297405191	66.39121756487025
468	39	1	137.31800000000013	148.74800000000008
468	40	1	190.8187250996016	32.76693227091639
468	41	1	11.683999999999996	21.792000000000005
468	42	1	179.44621513944193	76.46015936254985
468	43	1	27.992015968063864	96.0838323353292
468	44	1	35.82599999999998	113.17800000000005
468	45	1	16.225548902195623	193.23353293413155
469	1	2	5.115702479338843	5.400826446280992
469	2	2	5.110169491525425	45.39830508474574
469	3	2	5.251028806584367	86.4979423868313
469	4	2	5.036000000000001	124.94399999999997
469	5	2	4.9999999999999964	165.00000000000009
469	6	2	44.988	5.104000000000002
469	7	2	45.40400000000003	45.13199999999998
469	8	2	45.12295081967211	84.8770491803279
469	9	2	45.132	125.40399999999994
469	10	2	45.502008032128465	164.32931726907637
469	11	2	84.99999999999997	5.000000000000002
469	12	2	83.71600000000002	44.44800000000001
469	13	2	85.01200000000003	85.10400000000001
469	14	2	84.988	124.89599999999994
469	15	2	84.99999999999997	164.99999999999991
469	16	2	125.07199999999999	4.939999999999999
469	17	2	125.12400000000005	45.00400000000004
469	18	2	125.05599999999998	84.97199999999994
469	19	2	124.828	124.97199999999997
469	20	2	125.148	165.03999999999996
469	21	2	164.99999999999994	5.000000000000002
469	22	2	164.99999999999994	45.00000000000002
469	23	2	164.36864406779657	84.7330508474576
469	24	2	164.86000000000004	125.01200000000001
469	25	2	165.33600000000004	165.10799999999998
469	26	1	182.84799999999998	15.575999999999997
469	27	1	153.28343313373247	145.59880239520973
469	28	1	34.00199600798404	17.089820359281426
469	29	1	182.132	50.97599999999998
469	30	1	87.82799999999985	142.78199999999978
469	31	1	14.950199203187257	77.04183266932273
469	32	1	13.905622489959844	55.86546184738954
469	33	1	84.52800000000003	63.43999999999997
469	34	1	193.27744510978044	83.63872255489021
469	35	1	86.35728542914177	184.06387225548914
469	36	1	20.868000000000002	174.84999999999982
469	37	1	26.12175648702594	35.846307385229544
469	38	1	32.379241516966054	66.34131736526948
469	39	1	137.31399999999994	148.71800000000002
469	40	1	190.78243512974052	32.732534930139735
469	41	1	11.729458917835668	21.805611222444895
469	42	1	179.5608782435131	76.28542914171658
469	43	1	27.98003992015969	96.09580838323349
469	44	1	35.78	113.24399999999997
469	45	1	16.27	193.19999999999985
470	1	2	5.115702479338843	5.400826446280992
470	2	2	5.110169491525425	45.39830508474574
470	3	2	5.251028806584367	86.4979423868313
470	4	2	5.036000000000001	124.94399999999997
470	5	2	4.9999999999999964	165.00000000000009
470	6	2	44.988	5.104000000000002
470	7	2	45.40400000000003	45.13199999999998
470	8	2	45.12295081967211	84.8770491803279
470	9	2	45.132	125.40399999999994
470	10	2	45.502008032128465	164.32931726907637
470	11	2	84.99999999999997	5.000000000000002
470	12	2	83.71600000000002	44.44800000000001
470	13	2	85.01200000000003	85.10400000000001
470	14	2	84.988	124.89599999999994
470	15	2	84.99999999999997	164.99999999999991
470	16	2	125.07199999999999	4.939999999999999
470	17	2	125.12400000000005	45.00400000000004
470	18	2	125.05599999999998	84.97199999999994
470	19	2	124.828	124.97199999999997
470	20	2	125.148	165.03999999999996
470	21	2	164.99999999999994	5.000000000000002
470	22	2	164.99999999999994	45.00000000000002
470	23	2	164.36864406779657	84.7330508474576
470	24	2	164.86000000000004	125.01200000000001
470	25	2	165.33600000000004	165.10799999999998
470	26	1	182.82035928143713	15.70658682634731
470	27	1	153.2574850299402	145.59081836327343
470	28	1	34.00799999999999	17.048000000000012
470	29	1	182.138	50.96
470	30	1	87.77644710578838	142.8522954091816
470	31	1	15.029940119760472	76.9860279441117
470	32	1	13.894	55.861999999999945
470	33	1	84.35129740518953	63.564870259481104
470	34	1	193.346	83.60600000000001
470	35	1	86.34999999999997	184.01599999999996
470	36	1	21.061876247504962	174.7185628742516
470	37	1	26.072	35.79600000000001
470	38	1	32.43313373253492	66.35329341317369
470	39	1	137.32	148.72599999999983
470	40	1	190.8622754491018	32.71457085828342
470	41	1	11.861999999999998	21.665999999999993
470	42	1	179.63073852295398	76.2455089820359
470	43	1	27.992015968063857	96.12774451097799
470	44	1	35.77644710578839	113.25349301397203
470	45	1	16.196000000000005	193.09799999999998
471	1	2	5.115702479338843	5.400826446280992
471	2	2	5.110169491525425	45.39830508474574
471	3	2	5.251028806584367	86.4979423868313
471	4	2	5.036000000000001	124.94399999999997
471	5	2	4.9999999999999964	165.00000000000009
471	6	2	44.988	5.104000000000002
471	7	2	45.40400000000003	45.13199999999998
471	8	2	45.12295081967211	84.8770491803279
471	9	2	45.132	125.40399999999994
471	10	2	45.502008032128465	164.32931726907637
471	11	2	84.99999999999997	5.000000000000002
471	12	2	83.71600000000002	44.44800000000001
471	13	2	85.01200000000003	85.10400000000001
471	14	2	84.988	124.89599999999994
471	15	2	84.99999999999997	164.99999999999991
471	16	2	125.07199999999999	4.939999999999999
471	17	2	125.12400000000005	45.00400000000004
471	18	2	125.05599999999998	84.97199999999994
471	19	2	124.828	124.97199999999997
471	20	2	125.148	165.03999999999996
471	21	2	164.99999999999994	5.000000000000002
471	22	2	164.99999999999994	45.00000000000002
471	23	2	164.36864406779657	84.7330508474576
471	24	2	164.86000000000004	125.01200000000001
471	25	2	165.33600000000004	165.10799999999998
471	26	1	182.77045908183632	15.69660678642715
471	27	1	153.22600000000006	145.4879999999998
471	28	1	34.024	17.060000000000002
471	29	1	182.2255489021956	50.92015968063874
471	30	1	87.85628742514976	142.9421157684631
471	31	1	15.09381237524951	76.92415169660677
471	32	1	13.888223552894202	55.86427145708581
471	33	1	84.37924151696605	63.71057884231541
471	34	1	193.39121756487026	83.64471057884232
471	35	1	86.26599999999992	183.92799999999974
471	36	1	21.241999999999972	174.66999999999985
471	37	1	26.029999999999983	35.67399999999999
471	38	1	32.493013972055884	66.26746506986034
471	39	1	137.41800000000006	148.77000000000007
471	40	1	190.80761523046093	32.64128256513029
471	41	1	11.794000000000015	21.682000000000006
471	42	1	179.6187624750498	76.26546906187626
471	43	1	27.880478087649394	96.1713147410359
471	44	1	35.70858283433136	113.29540918163666
471	45	1	16.22800000000001	193.01799999999977
472	1	2	5.115702479338843	5.400826446280992
472	2	2	5.110169491525425	45.39830508474574
472	3	2	5.251028806584367	86.4979423868313
472	4	2	5.036000000000001	124.94399999999997
472	5	2	4.9999999999999964	165.00000000000009
472	6	2	44.988	5.104000000000002
472	7	2	45.40400000000003	45.13199999999998
472	8	2	45.12295081967211	84.8770491803279
472	9	2	45.132	125.40399999999994
472	10	2	45.502008032128465	164.32931726907637
472	11	2	84.99999999999997	5.000000000000002
472	12	2	83.71600000000002	44.44800000000001
472	13	2	85.01200000000003	85.10400000000001
472	14	2	84.988	124.89599999999994
472	15	2	84.99999999999997	164.99999999999991
472	16	2	125.07199999999999	4.939999999999999
472	17	2	125.12400000000005	45.00400000000004
472	18	2	125.05599999999998	84.97199999999994
472	19	2	124.828	124.97199999999997
472	20	2	125.148	165.03999999999996
472	21	2	164.99999999999994	5.000000000000002
472	22	2	164.99999999999994	45.00000000000002
472	23	2	164.36864406779657	84.7330508474576
472	24	2	164.86000000000004	125.01200000000001
472	25	2	165.33600000000004	165.10799999999998
472	26	1	182.72	15.806000000000022
472	27	1	153.17764471057893	145.4510978043913
472	28	1	33.97	16.986
472	29	1	182.242	50.99400000000001
472	30	1	87.95808383233543	142.9840319361278
472	31	1	15.199600798403191	76.9640718562875
472	32	1	13.893999999999991	55.96799999999998
472	33	1	84.27490039840637	63.786852589641356
472	34	1	193.462	83.53800000000007
472	35	1	86.21115537848608	183.94223107569735
472	36	1	21.225999999999996	174.64999999999995
472	37	1	25.926000000000005	35.595999999999975
472	38	1	32.5808383233533	66.12974051896208
472	39	1	137.51399999999992	148.63399999999984
472	40	1	190.74251497005986	32.622754491017965
472	41	1	11.774451097804382	21.692614770459066
472	42	1	179.66666666666663	76.31736526946119
472	43	1	27.79640718562873	96.22954091816364
472	44	1	35.611999999999995	113.302
472	45	1	16.177644710578843	192.95608782435144
473	1	2	5.115702479338843	5.400826446280992
473	2	2	5.110169491525425	45.39830508474574
473	3	2	5.251028806584367	86.4979423868313
473	4	2	5.036000000000001	124.94399999999997
473	5	2	4.9999999999999964	165.00000000000009
473	6	2	44.988	5.104000000000002
473	7	2	45.40400000000003	45.13199999999998
473	8	2	45.12295081967211	84.8770491803279
473	9	2	45.132	125.40399999999994
473	10	2	45.502008032128465	164.32931726907637
473	11	2	84.99999999999997	5.000000000000002
473	12	2	83.71600000000002	44.44800000000001
473	13	2	85.01200000000003	85.10400000000001
473	14	2	84.988	124.89599999999994
473	15	2	84.99999999999997	164.99999999999991
473	16	2	125.07199999999999	4.939999999999999
473	17	2	125.12400000000005	45.00400000000004
473	18	2	125.05599999999998	84.97199999999994
473	19	2	124.828	124.97199999999997
473	20	2	125.148	165.03999999999996
473	21	2	164.99999999999994	5.000000000000002
473	22	2	164.99999999999994	45.00000000000002
473	23	2	164.36864406779657	84.7330508474576
473	24	2	164.86000000000004	125.01200000000001
473	25	2	165.33600000000004	165.10799999999998
473	26	1	182.7425149700599	15.864271457085827
473	27	1	153.09800000000007	145.41000000000003
473	28	1	33.956000000000024	16.899999999999988
473	29	1	182.29659318637275	51.06613226452904
473	30	1	88.13600000000007	143.1299999999999
473	31	1	15.256000000000004	77.00200000000011
473	32	1	13.966	56.038
473	33	1	84.19161676646708	64.00598802395221
473	34	1	193.46107784431138	83.44111776447102
473	35	1	86.2330677290837	183.8784860557767
473	36	1	21.243512974051903	174.5489021956088
473	37	1	25.882470119521923	35.59561752988042
473	38	1	32.62324649298598	66.1462925851704
473	39	1	137.4820000000001	148.52800000000008
473	40	1	190.654	32.62600000000002
473	41	1	11.77091633466135	21.725099601593648
473	42	1	179.67065868263478	76.26746506986026
473	43	1	27.760479041916145	96.29141716566868
473	44	1	35.64870259481038	113.32135728542916
473	45	1	16.229540918163682	192.88223552894203
474	1	2	5.115702479338843	5.400826446280992
474	2	2	5.110169491525425	45.39830508474574
474	3	2	5.251028806584367	86.4979423868313
474	4	2	5.036000000000001	124.94399999999997
474	5	2	4.9999999999999964	165.00000000000009
474	6	2	44.988	5.104000000000002
474	7	2	45.40400000000003	45.13199999999998
474	8	2	45.12295081967211	84.8770491803279
474	9	2	45.132	125.40399999999994
474	10	2	45.502008032128465	164.32931726907637
474	11	2	84.99999999999997	5.000000000000002
474	12	2	83.71600000000002	44.44800000000001
474	13	2	85.01200000000003	85.10400000000001
474	14	2	84.988	124.89599999999994
474	15	2	84.99999999999997	164.99999999999991
474	16	2	125.07199999999999	4.939999999999999
474	17	2	125.12400000000005	45.00400000000004
474	18	2	125.05599999999998	84.97199999999994
474	19	2	124.828	124.97199999999997
474	20	2	125.148	165.03999999999996
474	21	2	164.99999999999994	5.000000000000002
474	22	2	164.99999999999994	45.00000000000002
474	23	2	164.36864406779657	84.7330508474576
474	24	2	164.86000000000004	125.01200000000001
474	25	2	165.33600000000004	165.10799999999998
474	26	1	182.772	15.89000000000001
474	27	1	153.1077844311378	145.38323353293427
474	28	1	33.92400000000002	16.845999999999997
474	29	1	182.29258517034071	51.17034068136277
474	30	1	88.16599999999993	143.1820000000002
474	31	1	15.44311377245509	76.98802395209584
474	32	1	13.94011976047904	55.96606786427145
474	33	1	84.06799999999993	64.0900000000001
474	34	1	193.53293413173654	83.25948103792412
474	35	1	86.13800000000005	183.65800000000007
474	36	1	21.317365269461074	174.41916167664664
474	37	1	25.786	35.39600000000001
474	38	1	32.67664670658683	65.98003992015971
474	39	1	137.55999999999992	148.44000000000003
474	40	1	190.578	32.654000000000046
474	41	1	11.660000000000004	21.730000000000004
474	42	1	179.67134268537075	76.25450901803609
474	43	1	27.676000000000013	96.34599999999996
474	44	1	35.67	113.36800000000001
474	45	1	16.323353293413174	192.7944111776446
475	1	2	5.115702479338843	5.400826446280992
475	2	2	5.110169491525425	45.39830508474574
475	3	2	5.251028806584367	86.4979423868313
475	4	2	5.036000000000001	124.94399999999997
475	5	2	4.9999999999999964	165.00000000000009
475	6	2	44.988	5.104000000000002
475	7	2	45.40400000000003	45.13199999999998
475	8	2	45.12295081967211	84.8770491803279
475	9	2	45.132	125.40399999999994
475	10	2	45.502008032128465	164.32931726907637
475	11	2	84.99999999999997	5.000000000000002
475	12	2	83.71600000000002	44.44800000000001
475	13	2	85.01200000000003	85.10400000000001
475	14	2	84.988	124.89599999999994
475	15	2	84.99999999999997	164.99999999999991
475	16	2	125.07199999999999	4.939999999999999
475	17	2	125.12400000000005	45.00400000000004
475	18	2	125.05599999999998	84.97199999999994
475	19	2	124.828	124.97199999999997
475	20	2	125.148	165.03999999999996
475	21	2	164.99999999999994	5.000000000000002
475	22	2	164.99999999999994	45.00000000000002
475	23	2	164.36864406779657	84.7330508474576
475	24	2	164.86000000000004	125.01200000000001
475	25	2	165.33600000000004	165.10799999999998
475	26	1	182.72055888223554	15.940119760479057
475	27	1	153.03992015968072	145.385229540918
475	28	1	33.87600000000002	16.842
475	29	1	182.38522954091815	51.259481037924154
475	30	1	88.28742514970054	143.1896207584831
475	31	1	15.57684630738524	76.98403193612775
475	32	1	13.816367265469058	56.053892215568816
475	33	1	83.98799999999999	64.17600000000002
475	34	1	193.608	83.32599999999987
475	35	1	86.12549800796819	183.69322709163342
475	36	1	21.405189620758478	174.37924151696598
475	37	1	25.730538922155684	35.415169660678664
475	38	1	32.694	65.99200000000009
475	39	1	137.68799999999985	148.31000000000006
475	40	1	190.472	32.52600000000002
475	41	1	11.670000000000005	21.727999999999994
475	42	1	179.66666666666669	76.22954091816362
475	43	1	27.709999999999987	96.402
475	44	1	35.477045908183634	113.4790419161677
475	45	1	16.300000000000008	192.76399999999998
476	1	2	5.115702479338843	5.400826446280992
476	2	2	5.110169491525425	45.39830508474574
476	3	2	5.251028806584367	86.4979423868313
476	4	2	5.036000000000001	124.94399999999997
476	5	2	4.9999999999999964	165.00000000000009
476	6	2	44.988	5.104000000000002
476	7	2	45.40400000000003	45.13199999999998
476	8	2	45.12295081967211	84.8770491803279
476	9	2	45.132	125.40399999999994
476	10	2	45.502008032128465	164.32931726907637
476	11	2	84.99999999999997	5.000000000000002
476	12	2	83.71600000000002	44.44800000000001
476	13	2	85.01200000000003	85.10400000000001
476	14	2	84.988	124.89599999999994
476	15	2	84.99999999999997	164.99999999999991
476	16	2	125.07199999999999	4.939999999999999
476	17	2	125.12400000000005	45.00400000000004
476	18	2	125.05599999999998	84.97199999999994
476	19	2	124.828	124.97199999999997
476	20	2	125.148	165.03999999999996
476	21	2	164.99999999999994	5.000000000000002
476	22	2	164.99999999999994	45.00000000000002
476	23	2	164.36864406779657	84.7330508474576
476	24	2	164.86000000000004	125.01200000000001
476	25	2	165.33600000000004	165.10799999999998
476	26	1	182.75799999999998	15.96999999999999
476	27	1	153.00800000000004	145.3920000000001
476	28	1	33.850000000000016	16.80799999999999
476	29	1	182.426	51.35599999999998
476	30	1	88.317365269461	143.17564870259483
476	31	1	15.648000000000001	76.96000000000001
476	32	1	13.834661354581678	56.09960159362553
476	33	1	83.92415169660676	64.23153692614774
476	34	1	193.596	83.28000000000002
476	35	1	86.06399999999995	183.6100000000001
476	36	1	21.552894211576827	174.3013972055888
476	37	1	25.684000000000005	35.384000000000036
476	38	1	32.703187250996024	66.04980079681282
476	39	1	137.86600000000007	148.13
476	40	1	190.39121756487026	32.542914171656655
476	41	1	11.677999999999992	21.73800000000001
476	42	1	179.676	76.13799999999993
476	43	1	27.668662674650694	96.58682634730538
476	44	1	35.482	113.62399999999998
476	45	1	16.294820717131472	192.72709163346627
477	1	2	5.115702479338843	5.400826446280992
477	2	2	5.110169491525425	45.39830508474574
477	3	2	5.251028806584367	86.4979423868313
477	4	2	5.036000000000001	124.94399999999997
477	5	2	4.9999999999999964	165.00000000000009
477	6	2	44.988	5.104000000000002
477	7	2	45.40400000000003	45.13199999999998
477	8	2	45.12295081967211	84.8770491803279
477	9	2	45.132	125.40399999999994
477	10	2	45.502008032128465	164.32931726907637
477	11	2	84.99999999999997	5.000000000000002
477	12	2	83.71600000000002	44.44800000000001
477	13	2	85.01200000000003	85.10400000000001
477	14	2	84.988	124.89599999999994
477	15	2	84.99999999999997	164.99999999999991
477	16	2	125.07199999999999	4.939999999999999
477	17	2	125.12400000000005	45.00400000000004
477	18	2	125.05599999999998	84.97199999999994
477	19	2	124.828	124.97199999999997
477	20	2	125.148	165.03999999999996
477	21	2	164.99999999999994	5.000000000000002
477	22	2	164.99999999999994	45.00000000000002
477	23	2	164.36864406779657	84.7330508474576
477	24	2	164.86000000000004	125.01200000000001
477	25	2	165.33600000000004	165.10799999999998
477	26	1	182.784	15.942000000000002
477	27	1	152.96	145.18600000000004
477	28	1	33.850000000000016	16.759999999999987
477	29	1	182.5249500998004	51.389221556886206
477	30	1	88.45090180360717	143.21242484969946
477	31	1	15.77445109780439	76.89820359281443
477	32	1	13.938	56.172000000000025
477	33	1	83.90419161676641	64.29141716566869
477	34	1	193.60878243512974	83.24550898203596
477	35	1	86.10200000000005	183.53
477	36	1	21.69261477045909	174.24750499001993
477	37	1	25.607999999999972	35.40199999999999
477	38	1	32.77844311377244	66.09980039920163
477	39	1	137.95209580838315	148.00798403193613
477	40	1	190.30738522954093	32.50299401197605
477	41	1	11.734530938123747	21.742514970059887
477	42	1	179.74800000000005	75.99999999999997
477	43	1	27.769999999999996	96.66000000000008
477	44	1	35.44200000000002	113.63399999999992
477	45	1	16.326000000000004	192.6379999999999
478	1	2	5.115702479338843	5.400826446280992
478	2	2	5.110169491525425	45.39830508474574
478	3	2	5.251028806584367	86.4979423868313
478	4	2	5.036000000000001	124.94399999999997
478	5	2	4.9999999999999964	165.00000000000009
478	6	2	44.988	5.104000000000002
478	7	2	45.40400000000003	45.13199999999998
478	8	2	45.12295081967211	84.8770491803279
478	9	2	45.132	125.40399999999994
478	10	2	45.502008032128465	164.32931726907637
478	11	2	84.99999999999997	5.000000000000002
478	12	2	83.71600000000002	44.44800000000001
478	13	2	85.01200000000003	85.10400000000001
478	14	2	84.988	124.89599999999994
478	15	2	84.99999999999997	164.99999999999991
478	16	2	125.07199999999999	4.939999999999999
478	17	2	125.12400000000005	45.00400000000004
478	18	2	125.05599999999998	84.97199999999994
478	19	2	124.828	124.97199999999997
478	20	2	125.148	165.03999999999996
478	21	2	164.99999999999994	5.000000000000002
478	22	2	164.99999999999994	45.00000000000002
478	23	2	164.36864406779657	84.7330508474576
478	24	2	164.86000000000004	125.01200000000001
478	25	2	165.33600000000004	165.10799999999998
478	26	1	182.80838323353294	15.994011976047899
478	27	1	152.93413173652692	145.1257485029938
478	28	1	33.86027944111776	16.80439121756488
478	29	1	182.5808383233533	51.45508982035932
478	30	1	88.5968063872256	143.19361277445117
478	31	1	15.864271457085836	76.92814371257487
478	32	1	14.011952191235059	56.19920318725099
478	33	1	83.70119521912333	64.4521912350598
478	34	1	193.67664670658684	83.25948103792412
478	35	1	86.13373253493015	183.45908183632747
478	36	1	21.700000000000003	174.18200000000007
478	37	1	25.48697394789581	35.3246492985972
478	38	1	32.83400000000001	65.98800000000001
478	39	1	137.99800000000005	147.90600000000006
478	40	1	190.19560878243513	32.554890219560846
478	41	1	11.696000000000007	21.748000000000015
478	42	1	179.78600000000017	76.06
478	43	1	27.824000000000005	96.67599999999997
478	44	1	35.44199999999999	113.61999999999993
478	45	1	16.31736526946107	192.61676646706596
479	1	2	5.115702479338843	5.400826446280992
479	2	2	5.110169491525425	45.39830508474574
479	3	2	5.251028806584367	86.4979423868313
479	4	2	5.036000000000001	124.94399999999997
479	5	2	4.9999999999999964	165.00000000000009
479	6	2	44.988	5.104000000000002
479	7	2	45.40400000000003	45.13199999999998
479	8	2	45.12295081967211	84.8770491803279
479	9	2	45.132	125.40399999999994
479	10	2	45.502008032128465	164.32931726907637
479	11	2	84.99999999999997	5.000000000000002
479	12	2	83.71600000000002	44.44800000000001
479	13	2	85.01200000000003	85.10400000000001
479	14	2	84.988	124.89599999999994
479	15	2	84.99999999999997	164.99999999999991
479	16	2	125.07199999999999	4.939999999999999
479	17	2	125.12400000000005	45.00400000000004
479	18	2	125.05599999999998	84.97199999999994
479	19	2	124.828	124.97199999999997
479	20	2	125.148	165.03999999999996
479	21	2	164.99999999999994	5.000000000000002
479	22	2	164.99999999999994	45.00000000000002
479	23	2	164.36864406779657	84.7330508474576
479	24	2	164.86000000000004	125.01200000000001
479	25	2	165.33600000000004	165.10799999999998
479	26	1	182.87400000000002	15.951999999999979
479	27	1	152.87399999999985	145.108
479	28	1	33.82235528942117	16.754491017964092
479	29	1	182.61876247504992	51.59680638722555
479	30	1	88.6347305389221	143.2834331337327
479	31	1	15.886	76.82799999999995
479	32	1	14.09018036072145	56.240480961923815
479	33	1	83.62874251497004	64.5528942115769
479	34	1	193.74051896207584	83.1796407185629
479	35	1	86.07400000000001	183.35799999999992
479	36	1	21.9061876247505	174.15968063872234
479	37	1	25.3433133732535	35.36327345309383
479	38	1	32.89600000000002	65.99800000000005
479	39	1	138.01400000000004	147.88200000000006
479	40	1	189.98605577689244	32.58964143426293
479	41	1	11.661999999999995	21.754000000000026
479	42	1	179.83632734530948	76.13373253493013
479	43	1	27.824000000000005	96.71199999999997
479	44	1	35.45708582834331	113.63073852295408
479	45	1	16.319999999999993	192.56600000000023
480	1	2	5.115702479338843	5.400826446280992
480	2	2	5.110169491525425	45.39830508474574
480	3	2	5.251028806584367	86.4979423868313
480	4	2	5.036000000000001	124.94399999999997
480	5	2	4.9999999999999964	165.00000000000009
480	6	2	44.988	5.104000000000002
480	7	2	45.40400000000003	45.13199999999998
480	8	2	45.12295081967211	84.8770491803279
480	9	2	45.132	125.40399999999994
480	10	2	45.502008032128465	164.32931726907637
480	11	2	84.99999999999997	5.000000000000002
480	12	2	83.71600000000002	44.44800000000001
480	13	2	85.01200000000003	85.10400000000001
480	14	2	84.988	124.89599999999994
480	15	2	84.99999999999997	164.99999999999991
480	16	2	125.07199999999999	4.939999999999999
480	17	2	125.12400000000005	45.00400000000004
480	18	2	125.05599999999998	84.97199999999994
480	19	2	124.828	124.97199999999997
480	20	2	125.148	165.03999999999996
480	21	2	164.99999999999994	5.000000000000002
480	22	2	164.99999999999994	45.00000000000002
480	23	2	164.36864406779657	84.7330508474576
480	24	2	164.86000000000004	125.01200000000001
480	25	2	165.33600000000004	165.10799999999998
480	26	1	182.88423153692614	15.978043912175625
480	27	1	152.89800000000002	145.06200000000015
480	28	1	33.734000000000016	16.713999999999995
480	29	1	182.714	51.578
480	30	1	88.73053892215565	143.3812375249501
480	31	1	15.988023952095817	76.77445109780432
480	32	1	14.058000000000007	56.274
480	33	1	83.46800000000002	64.614
480	34	1	193.796	83.15200000000004
480	35	1	86.127744510978	183.31936127744493
480	36	1	21.923999999999978	174.15799999999982
480	37	1	25.274000000000022	35.426
480	38	1	32.94799999999998	66.08999999999995
480	39	1	138.05588822355287	147.80039920159678
480	40	1	189.898	32.526000000000046
480	41	1	11.581999999999995	21.887999999999987
480	42	1	179.7824351297406	76.1556886227545
480	43	1	27.858283433133707	96.79241516966067
480	44	1	35.493013972055905	113.64071856287421
480	45	1	16.442	192.57400000000018
481	1	2	5.115702479338843	5.400826446280992
481	2	2	5.110169491525425	45.39830508474574
481	3	2	5.251028806584367	86.4979423868313
481	4	2	5.036000000000001	124.94399999999997
481	5	2	4.9999999999999964	165.00000000000009
481	6	2	44.988	5.104000000000002
481	7	2	45.40400000000003	45.13199999999998
481	8	2	45.12295081967211	84.8770491803279
481	9	2	45.132	125.40399999999994
481	10	2	45.502008032128465	164.32931726907637
481	11	2	84.99999999999997	5.000000000000002
481	12	2	83.71600000000002	44.44800000000001
481	13	2	85.01200000000003	85.10400000000001
481	14	2	84.988	124.89599999999994
481	15	2	84.99999999999997	164.99999999999991
481	16	2	125.07199999999999	4.939999999999999
481	17	2	125.12400000000005	45.00400000000004
481	18	2	125.05599999999998	84.97199999999994
481	19	2	124.828	124.97199999999997
481	20	2	125.148	165.03999999999996
481	21	2	164.99999999999994	5.000000000000002
481	22	2	164.99999999999994	45.00000000000002
481	23	2	164.36864406779657	84.7330508474576
481	24	2	164.86000000000004	125.01200000000001
481	25	2	165.33600000000004	165.10799999999998
481	26	1	182.92000000000002	15.97799999999999
481	27	1	152.86600000000007	145.13400000000013
481	28	1	33.72055888223554	16.648702594810366
481	29	1	182.7895791583166	51.66533066132264
481	30	1	88.75399999999999	143.42400000000012
481	31	1	16.124000000000017	76.78600000000004
481	32	1	14.037999999999995	56.372000000000014
481	33	1	83.39920159680634	64.69461077844318
481	34	1	193.786	83.072
481	35	1	86.12175648702593	183.27345309381246
481	36	1	22.135999999999978	174.09400000000005
481	37	1	25.234000000000023	35.43200000000004
481	38	1	32.99399999999999	65.98199999999991
481	39	1	138.00000000000009	147.67599999999973
481	40	1	189.79241516966067	32.53093812375252
481	41	1	11.594810379241508	21.900199600798388
481	42	1	179.7740000000002	76.18999999999998
481	43	1	27.77600000000003	96.82600000000004
481	44	1	35.44399999999998	113.62000000000005
481	45	1	16.371257485029933	192.4690618762474
482	1	2	5.115702479338843	5.400826446280992
482	2	2	5.110169491525425	45.39830508474574
482	3	2	5.251028806584367	86.4979423868313
482	4	2	5.036000000000001	124.94399999999997
482	5	2	4.9999999999999964	165.00000000000009
482	6	2	44.988	5.104000000000002
482	7	2	45.40400000000003	45.13199999999998
482	8	2	45.12295081967211	84.8770491803279
482	9	2	45.132	125.40399999999994
482	10	2	45.502008032128465	164.32931726907637
482	11	2	84.99999999999997	5.000000000000002
482	12	2	83.71600000000002	44.44800000000001
482	13	2	85.01200000000003	85.10400000000001
482	14	2	84.988	124.89599999999994
482	15	2	84.99999999999997	164.99999999999991
482	16	2	125.07199999999999	4.939999999999999
482	17	2	125.12400000000005	45.00400000000004
482	18	2	125.05599999999998	84.97199999999994
482	19	2	124.828	124.97199999999997
482	20	2	125.148	165.03999999999996
482	21	2	164.99999999999994	5.000000000000002
482	22	2	164.99999999999994	45.00000000000002
482	23	2	164.36864406779657	84.7330508474576
482	24	2	164.86000000000004	125.01200000000001
482	25	2	165.33600000000004	165.10799999999998
482	26	1	182.98802395209583	15.990019960079838
482	27	1	152.82399999999978	145.0179999999999
482	28	1	33.669999999999995	16.539999999999992
482	29	1	182.79241516966067	51.68662674650699
482	30	1	88.80799999999995	143.45599999999996
482	31	1	16.168336673346687	76.77555110220433
482	32	1	14.134000000000006	56.29999999999997
482	33	1	83.29000000000009	64.70999999999985
482	34	1	193.7864271457086	82.9780439121757
482	35	1	86.14600000000003	183.13799999999986
482	36	1	22.204	174.10599999999985
482	37	1	25.199999999999996	35.37599999999999
482	38	1	32.998003992015946	65.99800399201598
482	39	1	138.00400000000008	147.60999999999993
482	40	1	189.73852295409182	32.544910179640766
482	41	1	11.578000000000005	21.909999999999986
482	42	1	179.79600000000016	76.30000000000001
482	43	1	27.800000000000015	96.89200000000002
482	44	1	35.44800000000005	113.55800000000005
482	45	1	16.336000000000006	192.41399999999982
483	1	2	5.115702479338843	5.400826446280992
483	2	2	5.110169491525425	45.39830508474574
483	3	2	5.251028806584367	86.4979423868313
483	4	2	5.036000000000001	124.94399999999997
483	5	2	4.9999999999999964	165.00000000000009
483	6	2	44.988	5.104000000000002
483	7	2	45.40400000000003	45.13199999999998
483	8	2	45.12295081967211	84.8770491803279
483	9	2	45.132	125.40399999999994
483	10	2	45.502008032128465	164.32931726907637
483	11	2	84.99999999999997	5.000000000000002
483	12	2	83.71600000000002	44.44800000000001
483	13	2	85.01200000000003	85.10400000000001
483	14	2	84.988	124.89599999999994
483	15	2	84.99999999999997	164.99999999999991
483	16	2	125.07199999999999	4.939999999999999
483	17	2	125.12400000000005	45.00400000000004
483	18	2	125.05599999999998	84.97199999999994
483	19	2	124.828	124.97199999999997
483	20	2	125.148	165.03999999999996
483	21	2	164.99999999999994	5.000000000000002
483	22	2	164.99999999999994	45.00000000000002
483	23	2	164.36864406779657	84.7330508474576
483	24	2	164.86000000000004	125.01200000000001
483	25	2	165.33600000000004	165.10799999999998
483	26	1	183.03006012024048	15.98196392785571
483	27	1	152.82000000000014	145.05999999999995
483	28	1	33.64271457085828	16.479041916167667
483	29	1	182.83632734530937	51.73453093812376
483	30	1	88.91017964071845	143.50099800399195
483	31	1	16.321999999999996	76.68600000000015
483	32	1	14.12574850299402	56.285429141716534
483	33	1	83.29399999999997	64.84800000000003
483	34	1	193.7185628742515	82.9780439121756
483	35	1	86.17365269461077	183.1337325349298
483	36	1	22.29399999999999	174.0599999999999
483	37	1	25.111999999999988	35.402000000000044
483	38	1	33.03799999999999	66.01600000000003
483	39	1	138.01596806387232	147.52694610778425
483	40	1	189.63000000000002	32.470000000000006
483	41	1	11.56799999999999	21.907999999999994
483	42	1	179.81437125748516	76.26946107784438
483	43	1	27.63000000000002	96.94200000000002
483	44	1	35.43625498007969	113.59960159362558
483	45	1	16.271457085828345	192.29740518962075
484	1	2	5.115702479338843	5.400826446280992
484	2	2	5.110169491525425	45.39830508474574
484	3	2	5.251028806584367	86.4979423868313
484	4	2	5.036000000000001	124.94399999999997
484	5	2	4.9999999999999964	165.00000000000009
484	6	2	44.988	5.104000000000002
484	7	2	45.40400000000003	45.13199999999998
484	8	2	45.12295081967211	84.8770491803279
484	9	2	45.132	125.40399999999994
484	10	2	45.502008032128465	164.32931726907637
484	11	2	84.99999999999997	5.000000000000002
484	12	2	83.71600000000002	44.44800000000001
484	13	2	85.01200000000003	85.10400000000001
484	14	2	84.988	124.89599999999994
484	15	2	84.99999999999997	164.99999999999991
484	16	2	125.07199999999999	4.939999999999999
484	17	2	125.12400000000005	45.00400000000004
484	18	2	125.05599999999998	84.97199999999994
484	19	2	124.828	124.97199999999997
484	20	2	125.148	165.03999999999996
484	21	2	164.99999999999994	5.000000000000002
484	22	2	164.99999999999994	45.00000000000002
484	23	2	164.36864406779657	84.7330508474576
484	24	2	164.86000000000004	125.01200000000001
484	25	2	165.33600000000004	165.10799999999998
484	26	1	183.026	15.957999999999982
484	27	1	152.78999999999994	145.01399999999995
484	28	1	33.62275449101795	16.479041916167656
484	29	1	182.92814371257484	51.73253493013968
484	30	1	89.02400000000007	143.52000000000012
484	31	1	16.355999999999995	76.686
484	32	1	14.233999999999986	56.36399999999996
484	33	1	83.20400000000001	64.90400000000001
484	34	1	193.68200000000002	82.87599999999989
484	35	1	86.22310756972118	183.15936254980087
484	36	1	22.346613545816744	174.0239043824702
484	37	1	25.03592814371256	35.44510978043911
484	38	1	33.09	66.08399999999999
484	39	1	138.0440000000001	147.46400000000017
484	40	1	189.552	32.38199999999995
484	41	1	11.564000000000004	21.949999999999985
484	42	1	179.8539999999999	76.17400000000002
484	43	1	27.67600000000001	97.03399999999999
484	44	1	35.41716566866267	113.53093812375249
484	45	1	16.220000000000002	192.2999999999999
485	1	2	5.115702479338843	5.400826446280992
485	2	2	5.110169491525425	45.39830508474574
485	3	2	5.251028806584367	86.4979423868313
485	4	2	5.036000000000001	124.94399999999997
485	5	2	4.9999999999999964	165.00000000000009
485	6	2	44.988	5.104000000000002
485	7	2	45.40400000000003	45.13199999999998
485	8	2	45.12295081967211	84.8770491803279
485	9	2	45.132	125.40399999999994
485	10	2	45.502008032128465	164.32931726907637
485	11	2	84.99999999999997	5.000000000000002
485	12	2	83.71600000000002	44.44800000000001
485	13	2	85.01200000000003	85.10400000000001
485	14	2	84.988	124.89599999999994
485	15	2	84.99999999999997	164.99999999999991
485	16	2	125.07199999999999	4.939999999999999
485	17	2	125.12400000000005	45.00400000000004
485	18	2	125.05599999999998	84.97199999999994
485	19	2	124.828	124.97199999999997
485	20	2	125.148	165.03999999999996
485	21	2	164.99999999999994	5.000000000000002
485	22	2	164.99999999999994	45.00000000000002
485	23	2	164.36864406779657	84.7330508474576
485	24	2	164.86000000000004	125.01200000000001
485	25	2	165.33600000000004	165.10799999999998
485	26	1	182.98003992015967	16.03792415169662
485	27	1	152.75200000000007	145.08199999999988
485	28	1	33.51497005988023	16.441117764471056
485	29	1	182.96207584830339	51.856287425149674
485	30	1	89.06786427145713	143.58283433133735
485	31	1	16.500998003992013	76.6187624750499
485	32	1	14.150000000000002	56.394
485	33	1	83.17200000000008	64.97400000000005
485	34	1	193.726	82.89400000000003
485	35	1	86.21400000000003	183.22200000000012
485	36	1	22.40399999999998	174.03800000000015
485	37	1	24.927999999999997	35.468000000000025
485	38	1	33.14999999999999	66.05599999999997
485	39	1	138.08199999999994	147.44600000000008
485	40	1	189.45000000000002	32.34800000000003
485	41	1	11.520000000000008	21.98
485	42	1	179.8539999999999	76.17400000000002
485	43	1	27.65269461077843	97.05389221556887
485	44	1	35.35528942115771	113.59481037924155
485	45	1	16.209580838323355	192.23353293413174
486	1	2	5.115702479338843	5.400826446280992
486	2	2	5.110169491525425	45.39830508474574
486	3	2	5.251028806584367	86.4979423868313
486	4	2	5.036000000000001	124.94399999999997
486	5	2	4.9999999999999964	165.00000000000009
486	6	2	44.988	5.104000000000002
486	7	2	45.40400000000003	45.13199999999998
486	8	2	45.12295081967211	84.8770491803279
486	9	2	45.132	125.40399999999994
486	10	2	45.502008032128465	164.32931726907637
486	11	2	84.99999999999997	5.000000000000002
486	12	2	83.71600000000002	44.44800000000001
486	13	2	85.01200000000003	85.10400000000001
486	14	2	84.988	124.89599999999994
486	15	2	84.99999999999997	164.99999999999991
486	16	2	125.07199999999999	4.939999999999999
486	17	2	125.12400000000005	45.00400000000004
486	18	2	125.05599999999998	84.97199999999994
486	19	2	124.828	124.97199999999997
486	20	2	125.148	165.03999999999996
486	21	2	164.99999999999994	5.000000000000002
486	22	2	164.99999999999994	45.00000000000002
486	23	2	164.36864406779657	84.7330508474576
486	24	2	164.86000000000004	125.01200000000001
486	25	2	165.33600000000004	165.10799999999998
486	26	1	183.02994011976048	15.968063872255492
486	27	1	152.7624750499003	145.1277445109781
486	28	1	33.46399999999997	16.379999999999995
486	29	1	183.01000000000002	51.93200000000003
486	30	1	89.12199999999999	143.51600000000005
486	31	1	16.628	76.62599999999993
486	32	1	14.147999999999993	56.49599999999997
486	33	1	83.11377245508982	65.08383233532932
486	34	1	193.7445109780439	82.88423153692612
486	35	1	86.29600000000002	183.24600000000007
486	36	1	22.519999999999985	173.984
486	37	1	24.832335329341298	35.39121756487026
486	38	1	33.17400000000001	66.02599999999988
486	39	1	138.08782435129743	147.44710578842322
486	40	1	189.322	32.36399999999997
486	41	1	11.437125748503	22.035928143712564
486	42	1	179.8799999999999	76.16999999999996
486	43	1	27.65399999999999	97.13600000000004
486	44	1	35.32135728542914	113.54491017964068
486	45	1	16.131999999999987	192.1380000000001
487	1	2	5.115702479338843	5.400826446280992
487	2	2	5.110169491525425	45.39830508474574
487	3	2	5.251028806584367	86.4979423868313
487	4	2	5.036000000000001	124.94399999999997
487	5	2	4.9999999999999964	165.00000000000009
487	6	2	44.988	5.104000000000002
487	7	2	45.40400000000003	45.13199999999998
487	8	2	45.12295081967211	84.8770491803279
487	9	2	45.132	125.40399999999994
487	10	2	45.502008032128465	164.32931726907637
487	11	2	84.99999999999997	5.000000000000002
487	12	2	83.71600000000002	44.44800000000001
487	13	2	85.01200000000003	85.10400000000001
487	14	2	84.988	124.89599999999994
487	15	2	84.99999999999997	164.99999999999991
487	16	2	125.07199999999999	4.939999999999999
487	17	2	125.12400000000005	45.00400000000004
487	18	2	125.05599999999998	84.97199999999994
487	19	2	124.828	124.97199999999997
487	20	2	125.148	165.03999999999996
487	21	2	164.99999999999994	5.000000000000002
487	22	2	164.99999999999994	45.00000000000002
487	23	2	164.36864406779657	84.7330508474576
487	24	2	164.86000000000004	125.01200000000001
487	25	2	165.33600000000004	165.10799999999998
487	26	1	183.018	15.921999999999995
487	27	1	152.73747494989988	145.0921843687375
487	28	1	33.46506986027946	16.367265469061877
487	29	1	183.00600000000003	51.95999999999999
487	30	1	89.13972055888229	143.6626746506985
487	31	1	16.79083665338645	76.66733067729078
487	32	1	14.0998003992016	56.52295409181638
487	33	1	82.97399999999998	65.10799999999998
487	34	1	193.7445109780439	82.82235528942118
487	35	1	86.34530938123761	183.23552894211568
487	36	1	22.53692614770459	173.93812375249502
487	37	1	24.722	35.39000000000001
487	38	1	33.24750499001996	65.91816367265464
487	39	1	138.06400000000002	147.29000000000002
487	40	1	189.21756487025948	32.2315369261477
487	41	1	11.463073852295413	22.017964071856284
487	42	1	179.942	76.08400000000003
487	43	1	27.555999999999994	97.24400000000001
487	44	1	35.37200000000002	113.528
487	45	1	16.076152304609224	192.132264529058
488	1	2	5.115702479338843	5.400826446280992
488	2	2	5.110169491525425	45.39830508474574
488	3	2	5.251028806584367	86.4979423868313
488	4	2	5.036000000000001	124.94399999999997
488	5	2	4.9999999999999964	165.00000000000009
488	6	2	44.988	5.104000000000002
488	7	2	45.40400000000003	45.13199999999998
488	8	2	45.12295081967211	84.8770491803279
488	9	2	45.132	125.40399999999994
488	10	2	45.502008032128465	164.32931726907637
488	11	2	84.99999999999997	5.000000000000002
488	12	2	83.71600000000002	44.44800000000001
488	13	2	85.01200000000003	85.10400000000001
488	14	2	84.988	124.89599999999994
488	15	2	84.99999999999997	164.99999999999991
488	16	2	125.07199999999999	4.939999999999999
488	17	2	125.12400000000005	45.00400000000004
488	18	2	125.05599999999998	84.97199999999994
488	19	2	124.828	124.97199999999997
488	20	2	125.148	165.03999999999996
488	21	2	164.99999999999994	5.000000000000002
488	22	2	164.99999999999994	45.00000000000002
488	23	2	164.36864406779657	84.7330508474576
488	24	2	164.86000000000004	125.01200000000001
488	25	2	165.33600000000004	165.10799999999998
488	26	1	183.00199600798402	15.880239520958087
488	27	1	152.7379999999999	145.21
488	28	1	33.469061876247515	16.385229540918168
488	29	1	183.13799999999998	51.91199999999998
488	30	1	89.21200000000002	143.64600000000004
488	31	1	16.87374749498999	76.6112224448897
488	32	1	14.151999999999996	56.50400000000002
488	33	1	82.818	65.29200000000006
488	34	1	193.7305389221557	82.66866267465063
488	35	1	86.3632734530938	183.21357285429147
488	36	1	22.606000000000005	173.90200000000013
488	37	1	24.628000000000018	35.35600000000001
488	38	1	33.202404809619225	65.8837675350701
488	39	1	138.08399999999997	147.07800000000006
488	40	1	189.17034068136272	32.15230460921846
488	41	1	11.420000000000003	21.99199999999999
488	42	1	179.97200000000007	76.016
488	43	1	27.35329341317367	97.28742514970055
488	44	1	35.195608782435144	113.57684630738532
488	45	1	16.08782435129741	192.07784431137736
489	1	2	5.115702479338843	5.400826446280992
489	2	2	5.110169491525425	45.39830508474574
489	3	2	5.251028806584367	86.4979423868313
489	4	2	5.036000000000001	124.94399999999997
489	5	2	4.9999999999999964	165.00000000000009
489	6	2	44.988	5.104000000000002
489	7	2	45.40400000000003	45.13199999999998
489	8	2	45.12295081967211	84.8770491803279
489	9	2	45.132	125.40399999999994
489	10	2	45.502008032128465	164.32931726907637
489	11	2	84.99999999999997	5.000000000000002
489	12	2	83.71600000000002	44.44800000000001
489	13	2	85.01200000000003	85.10400000000001
489	14	2	84.988	124.89599999999994
489	15	2	84.99999999999997	164.99999999999991
489	16	2	125.07199999999999	4.939999999999999
489	17	2	125.12400000000005	45.00400000000004
489	18	2	125.05599999999998	84.97199999999994
489	19	2	124.828	124.97199999999997
489	20	2	125.148	165.03999999999996
489	21	2	164.99999999999994	5.000000000000002
489	22	2	164.99999999999994	45.00000000000002
489	23	2	164.36864406779657	84.7330508474576
489	24	2	164.86000000000004	125.01200000000001
489	25	2	165.33600000000004	165.10799999999998
489	26	1	183.056	15.964000000000016
489	27	1	152.774	145.27599999999995
489	28	1	33.453999999999986	16.37
489	29	1	183.11576846307386	52.031936127744515
489	30	1	89.18163672654696	143.812375249501
489	31	1	16.958083832335337	76.62275449101801
489	32	1	14.10978043912177	56.56487025948104
489	33	1	82.77999999999986	65.35800000000002
489	34	1	193.766	82.71600000000001
489	35	1	86.36327345309384	183.2255489021955
489	36	1	22.652694610778443	173.9461077844314
489	37	1	24.601999999999997	35.32599999999996
489	38	1	33.28942115768461	65.71856287425155
489	39	1	138.1317365269461	146.9920159680638
489	40	1	188.99800399201598	32.18562874251496
489	41	1	11.399999999999997	22.036
489	42	1	180.0019999999999	75.93799999999993
489	43	1	27.30738522954092	97.30339321357292
489	44	1	35.128	113.592
489	45	1	16.115768463073852	192.13173652694604
490	1	2	5.115702479338843	5.400826446280992
490	2	2	5.110169491525425	45.39830508474574
490	3	2	5.251028806584367	86.4979423868313
490	4	2	5.036000000000001	124.94399999999997
490	5	2	4.9999999999999964	165.00000000000009
490	6	2	44.988	5.104000000000002
490	7	2	45.40400000000003	45.13199999999998
490	8	2	45.12295081967211	84.8770491803279
490	9	2	45.132	125.40399999999994
490	10	2	45.502008032128465	164.32931726907637
490	11	2	84.99999999999997	5.000000000000002
490	12	2	83.71600000000002	44.44800000000001
490	13	2	85.01200000000003	85.10400000000001
490	14	2	84.988	124.89599999999994
490	15	2	84.99999999999997	164.99999999999991
490	16	2	125.07199999999999	4.939999999999999
490	17	2	125.12400000000005	45.00400000000004
490	18	2	125.05599999999998	84.97199999999994
490	19	2	124.828	124.97199999999997
490	20	2	125.148	165.03999999999996
490	21	2	164.99999999999994	5.000000000000002
490	22	2	164.99999999999994	45.00000000000002
490	23	2	164.36864406779657	84.7330508474576
490	24	2	164.86000000000004	125.01200000000001
490	25	2	165.33600000000004	165.10799999999998
490	26	1	183.108	16.099999999999987
490	27	1	152.81437125748505	145.30139720558898
490	28	1	33.436	16.368000000000006
490	29	1	183.09381237524948	52.02794411177645
490	30	1	89.22799999999994	143.818
490	31	1	17.026000000000007	76.63399999999992
490	32	1	14.073852295409182	56.58682634730537
490	33	1	82.72800000000008	65.38600000000005
490	34	1	193.80761523046093	82.59919839679355
490	35	1	86.34131736526948	183.14970059880244
490	36	1	22.70658682634729	173.90219560878265
490	37	1	24.636000000000006	35.35799999999998
490	38	1	33.28143712574848	65.79041916167672
490	39	1	138.18200000000004	146.9580000000001
490	40	1	189.038	32.168000000000035
490	41	1	11.435999999999991	22.032000000000018
490	42	1	180.02399999999975	75.9
490	43	1	27.217999999999986	97.39999999999998
490	44	1	35.169999999999995	113.436
490	45	1	16.092000000000006	192.08800000000028
491	1	2	5.115702479338843	5.400826446280992
491	2	2	5.110169491525425	45.39830508474574
491	3	2	5.251028806584367	86.4979423868313
491	4	2	5.036000000000001	124.94399999999997
491	5	2	4.9999999999999964	165.00000000000009
491	6	2	44.988	5.104000000000002
491	7	2	45.40400000000003	45.13199999999998
491	8	2	45.12295081967211	84.8770491803279
491	9	2	45.132	125.40399999999994
491	10	2	45.502008032128465	164.32931726907637
491	11	2	84.99999999999997	5.000000000000002
491	12	2	83.71600000000002	44.44800000000001
491	13	2	85.01200000000003	85.10400000000001
491	14	2	84.988	124.89599999999994
491	15	2	84.99999999999997	164.99999999999991
491	16	2	125.07199999999999	4.939999999999999
491	17	2	125.12400000000005	45.00400000000004
491	18	2	125.05599999999998	84.97199999999994
491	19	2	124.828	124.97199999999997
491	20	2	125.148	165.03999999999996
491	21	2	164.99999999999994	5.000000000000002
491	22	2	164.99999999999994	45.00000000000002
491	23	2	164.36864406779657	84.7330508474576
491	24	2	164.86000000000004	125.01200000000001
491	25	2	165.33600000000004	165.10799999999998
491	26	1	183.20600000000002	16.142
491	27	1	152.8100000000001	145.35600000000008
491	28	1	33.48400000000001	16.378
491	29	1	183.16600000000003	52.02399999999997
491	30	1	89.22554890219553	143.86826347305396
491	31	1	17.152000000000008	76.61599999999999
491	32	1	14.051999999999998	56.63800000000005
491	33	1	82.72654690618754	65.42714570858287
491	34	1	193.8243512974052	82.62075848303405
491	35	1	86.35928143712579	183.14970059880244
491	36	1	22.85628742514969	173.85429141716565
491	37	1	24.57114228456912	35.386773547094194
491	38	1	33.33932135728541	65.79441117764478
491	39	1	138.20999999999998	146.9599999999997
491	40	1	188.994	32.13800000000002
491	41	1	11.460159362549799	22.06772908366534
491	42	1	180.05000000000004	75.86600000000003
491	43	1	27.197604790419145	97.46307385229535
491	44	1	35.293413173652674	113.33133732534925
491	45	1	16.1437125748503	192.03592814371268
492	1	2	5.115702479338843	5.400826446280992
492	2	2	5.110169491525425	45.39830508474574
492	3	2	5.251028806584367	86.4979423868313
492	4	2	5.036000000000001	124.94399999999997
492	5	2	4.9999999999999964	165.00000000000009
492	6	2	44.988	5.104000000000002
492	7	2	45.40400000000003	45.13199999999998
492	8	2	45.12295081967211	84.8770491803279
492	9	2	45.132	125.40399999999994
492	10	2	45.502008032128465	164.32931726907637
492	11	2	84.99999999999997	5.000000000000002
492	12	2	83.71600000000002	44.44800000000001
492	13	2	85.01200000000003	85.10400000000001
492	14	2	84.988	124.89599999999994
492	15	2	84.99999999999997	164.99999999999991
492	16	2	125.07199999999999	4.939999999999999
492	17	2	125.12400000000005	45.00400000000004
492	18	2	125.05599999999998	84.97199999999994
492	19	2	124.828	124.97199999999997
492	20	2	125.148	165.03999999999996
492	21	2	164.99999999999994	5.000000000000002
492	22	2	164.99999999999994	45.00000000000002
492	23	2	164.36864406779657	84.7330508474576
492	24	2	164.86000000000004	125.01200000000001
492	25	2	165.33600000000004	165.10799999999998
492	26	1	183.23000000000002	16.129999999999995
492	27	1	152.7944111776447	145.38123752495028
492	28	1	33.46307385229536	16.41117764471057
492	29	1	183.104	52.04400000000003
492	30	1	89.24799999999998	143.9519999999999
492	31	1	17.301999999999992	76.68599999999998
492	32	1	14.017999999999995	56.66399999999998
492	33	1	82.52390438247	65.5
492	34	1	193.9121756487026	82.49101796407179
492	35	1	86.45000000000007	183.174
492	36	1	22.896207584830336	173.80638722554892
492	37	1	24.522954091816366	35.40319361277444
492	38	1	33.388000000000005	65.72399999999993
492	39	1	138.24151696606776	146.90019960079832
492	40	1	188.986	32.11199999999998
492	41	1	11.412000000000004	22.085999999999995
492	42	1	180.14428857715467	75.9338677354709
492	43	1	27.231536926147697	97.5049900199601
492	44	1	35.298804780876445	113.26892430278882
492	45	1	16.205179282868514	192.0657370517927
493	1	2	5.115702479338843	5.400826446280992
493	2	2	5.110169491525425	45.39830508474574
493	3	2	5.251028806584367	86.4979423868313
493	4	2	5.036000000000001	124.94399999999997
493	5	2	4.9999999999999964	165.00000000000009
493	6	2	44.988	5.104000000000002
493	7	2	45.40400000000003	45.13199999999998
493	8	2	45.12295081967211	84.8770491803279
493	9	2	45.132	125.40399999999994
493	10	2	45.502008032128465	164.32931726907637
493	11	2	84.99999999999997	5.000000000000002
493	12	2	83.71600000000002	44.44800000000001
493	13	2	85.01200000000003	85.10400000000001
493	14	2	84.988	124.89599999999994
493	15	2	84.99999999999997	164.99999999999991
493	16	2	125.07199999999999	4.939999999999999
493	17	2	125.12400000000005	45.00400000000004
493	18	2	125.05599999999998	84.97199999999994
493	19	2	124.828	124.97199999999997
493	20	2	125.148	165.03999999999996
493	21	2	164.99999999999994	5.000000000000002
493	22	2	164.99999999999994	45.00000000000002
493	23	2	164.36864406779657	84.7330508474576
493	24	2	164.86000000000004	125.01200000000001
493	25	2	165.33600000000004	165.10799999999998
493	26	1	183.258	16.18000000000001
493	27	1	152.81437125748502	145.4351297405191
493	28	1	33.36127744510976	16.321357285429137
493	29	1	183.05988023952096	52.145708582834274
493	30	1	89.36399999999998	143.99200000000002
493	31	1	17.41600000000001	76.56199999999994
493	32	1	14.020000000000005	56.656
493	33	1	82.45399999999995	65.54400000000005
493	34	1	193.886	82.34000000000007
493	35	1	86.47999999999995	183.134
493	36	1	22.915999999999986	173.74999999999991
493	37	1	24.56400000000004	35.406
493	38	1	33.45891783567134	65.72745490981966
493	39	1	138.24000000000007	146.76800000000014
493	40	1	188.92000000000002	32.09199999999996
493	41	1	11.35129740518962	22.16367265469063
493	42	1	180.15600000000015	75.99000000000007
493	43	1	27.167664670658645	97.47704590818358
493	44	1	35.23153692614769	113.26746506986032
493	45	1	16.315369261477045	192.08982035928142
494	1	2	5.115702479338843	5.400826446280992
494	2	2	5.110169491525425	45.39830508474574
494	3	2	5.251028806584367	86.4979423868313
494	4	2	5.036000000000001	124.94399999999997
494	5	2	4.9999999999999964	165.00000000000009
494	6	2	44.988	5.104000000000002
494	7	2	45.40400000000003	45.13199999999998
494	8	2	45.12295081967211	84.8770491803279
494	9	2	45.132	125.40399999999994
494	10	2	45.502008032128465	164.32931726907637
494	11	2	84.99999999999997	5.000000000000002
494	12	2	83.71600000000002	44.44800000000001
494	13	2	85.01200000000003	85.10400000000001
494	14	2	84.988	124.89599999999994
494	15	2	84.99999999999997	164.99999999999991
494	16	2	125.07199999999999	4.939999999999999
494	17	2	125.12400000000005	45.00400000000004
494	18	2	125.05599999999998	84.97199999999994
494	19	2	124.828	124.97199999999997
494	20	2	125.148	165.03999999999996
494	21	2	164.99999999999994	5.000000000000002
494	22	2	164.99999999999994	45.00000000000002
494	23	2	164.36864406779657	84.7330508474576
494	24	2	164.86000000000004	125.01200000000001
494	25	2	165.33600000000004	165.10799999999998
494	26	1	183.224	16.28599999999998
494	27	1	152.8223552894211	145.53692614770452
494	28	1	33.295180722891565	16.33132530120482
494	29	1	183.05389221556885	52.17365269461075
494	30	1	89.33599999999993	144.01199999999992
494	31	1	17.45508982035928	76.60079840319362
494	32	1	14.024048096192391	56.67134268537071
494	33	1	82.17799999999998	65.56200000000005
494	34	1	193.924	82.3099999999999
494	35	1	86.57684630738524	183.01796407185614
494	36	1	22.84800000000003	173.74600000000004
494	37	1	24.41317365269462	35.49900199600802
494	38	1	33.46800000000001	65.80200000000002
494	39	1	138.27200000000005	146.78599999999997
494	40	1	188.89	32.00600000000005
494	41	1	11.349999999999996	22.154000000000007
494	42	1	180.18363273453087	75.98802395209587
494	43	1	27.175999999999995	97.52800000000005
494	44	1	35.39399999999997	113.13399999999999
494	45	1	16.36526946107785	192.0938123752495
495	1	2	5.115702479338843	5.400826446280992
495	2	2	5.110169491525425	45.39830508474574
495	3	2	5.251028806584367	86.4979423868313
495	4	2	5.036000000000001	124.94399999999997
495	5	2	4.9999999999999964	165.00000000000009
495	6	2	44.988	5.104000000000002
495	7	2	45.40400000000003	45.13199999999998
495	8	2	45.12295081967211	84.8770491803279
495	9	2	45.132	125.40399999999994
495	10	2	45.502008032128465	164.32931726907637
495	11	2	84.99999999999997	5.000000000000002
495	12	2	83.71600000000002	44.44800000000001
495	13	2	85.01200000000003	85.10400000000001
495	14	2	84.988	124.89599999999994
495	15	2	84.99999999999997	164.99999999999991
495	16	2	125.07199999999999	4.939999999999999
495	17	2	125.12400000000005	45.00400000000004
495	18	2	125.05599999999998	84.97199999999994
495	19	2	124.828	124.97199999999997
495	20	2	125.148	165.03999999999996
495	21	2	164.99999999999994	5.000000000000002
495	22	2	164.99999999999994	45.00000000000002
495	23	2	164.36864406779657	84.7330508474576
495	24	2	164.86000000000004	125.01200000000001
495	25	2	165.33600000000004	165.10799999999998
495	26	1	183.21800000000002	16.282
495	27	1	152.79999999999993	145.54
495	28	1	33.300000000000026	16.34
495	29	1	182.92814371257487	52.247504990019976
495	30	1	89.34131736526938	144.13173652694596
495	31	1	17.46215139442231	76.57968127490031
495	32	1	14.004008016032051	56.71943887775549
495	33	1	82.0558882235528	65.66067864271452
495	34	1	193.938	82.33400000000007
495	35	1	86.67400000000002	182.9619999999999
495	36	1	22.80039920159679	173.65668662674622
495	37	1	24.413999999999998	35.552000000000014
495	38	1	33.50299401197603	65.80638722554887
495	39	1	138.28999999999996	146.722
495	40	1	188.8003992015968	31.994011976047865
495	41	1	11.313373253493015	22.24550898203594
495	42	1	180.29799999999994	75.97000000000004
495	43	1	27.221999999999994	97.56400000000005
495	44	1	35.22399999999998	113.10000000000005
495	45	1	16.417165668662676	192.14371257485033
496	1	2	5.115702479338843	5.400826446280992
496	2	2	5.110169491525425	45.39830508474574
496	3	2	5.251028806584367	86.4979423868313
496	4	2	5.036000000000001	124.94399999999997
496	5	2	4.9999999999999964	165.00000000000009
496	6	2	44.988	5.104000000000002
496	7	2	45.40400000000003	45.13199999999998
496	8	2	45.12295081967211	84.8770491803279
496	9	2	45.132	125.40399999999994
496	10	2	45.502008032128465	164.32931726907637
496	11	2	84.99999999999997	5.000000000000002
496	12	2	83.71600000000002	44.44800000000001
496	13	2	85.01200000000003	85.10400000000001
496	14	2	84.988	124.89599999999994
496	15	2	84.99999999999997	164.99999999999991
496	16	2	125.07199999999999	4.939999999999999
496	17	2	125.12400000000005	45.00400000000004
496	18	2	125.05599999999998	84.97199999999994
496	19	2	124.828	124.97199999999997
496	20	2	125.148	165.03999999999996
496	21	2	164.99999999999994	5.000000000000002
496	22	2	164.99999999999994	45.00000000000002
496	23	2	164.36864406779657	84.7330508474576
496	24	2	164.86000000000004	125.01200000000001
496	25	2	165.33600000000004	165.10799999999998
496	26	1	183.186	16.228000000000016
496	27	1	152.7984031936126	145.50898203592806
496	28	1	33.272545090180365	16.276553106212422
496	29	1	182.93200000000002	52.12400000000004
496	30	1	89.54800000000002	144.28799999999998
496	31	1	17.666000000000007	76.64999999999992
496	32	1	13.832335329341316	56.91417165668665
496	33	1	82.11000000000006	65.67799999999997
496	34	1	193.86	82.0700000000001
496	35	1	86.70858283433127	182.96007984031934
496	36	1	22.838323353293394	173.63672654690612
496	37	1	24.449101796407202	35.558882235528955
496	38	1	33.538	65.62599999999998
496	39	1	138.34799999999996	146.612
496	40	1	188.868	31.90600000000002
496	41	1	11.263473053892218	22.325349301397214
496	42	1	180.23752495009984	75.99600798403186
496	43	1	27.158000000000023	97.60999999999993
496	44	1	35.15399999999997	113.086
496	45	1	16.47600000000001	192.12600000000012
497	1	2	5.115702479338843	5.400826446280992
497	2	2	5.110169491525425	45.39830508474574
497	3	2	5.251028806584367	86.4979423868313
497	4	2	5.036000000000001	124.94399999999997
497	5	2	4.9999999999999964	165.00000000000009
497	6	2	44.988	5.104000000000002
497	7	2	45.40400000000003	45.13199999999998
497	8	2	45.12295081967211	84.8770491803279
497	9	2	45.132	125.40399999999994
497	10	2	45.502008032128465	164.32931726907637
497	11	2	84.99999999999997	5.000000000000002
497	12	2	83.71600000000002	44.44800000000001
497	13	2	85.01200000000003	85.10400000000001
497	14	2	84.988	124.89599999999994
497	15	2	84.99999999999997	164.99999999999991
497	16	2	125.07199999999999	4.939999999999999
497	17	2	125.12400000000005	45.00400000000004
497	18	2	125.05599999999998	84.97199999999994
497	19	2	124.828	124.97199999999997
497	20	2	125.148	165.03999999999996
497	21	2	164.99999999999994	5.000000000000002
497	22	2	164.99999999999994	45.00000000000002
497	23	2	164.36864406779657	84.7330508474576
497	24	2	164.86000000000004	125.01200000000001
497	25	2	165.33600000000004	165.10799999999998
497	26	1	183.186	16.228000000000016
497	27	1	152.84199999999993	145.5840000000001
497	28	1	33.266000000000005	16.279999999999994
497	29	1	182.9441117764471	52.083832335329376
497	30	1	89.60479041916169	144.3453093812375
497	31	1	17.748000000000015	76.58200000000006
497	32	1	13.734530938123758	56.996007984031905
497	33	1	82.02399999999999	65.70799999999998
497	34	1	193.87225548902197	81.96207584830331
497	35	1	86.71599999999998	182.99399999999997
497	36	1	22.85828343313373	173.61077844311382
497	37	1	24.441999999999997	35.61599999999999
497	38	1	33.584000000000046	65.59600000000002
497	39	1	138.4491017964071	146.5429141716568
497	40	1	188.9078156312625	31.78957915831664
497	41	1	11.253493013972058	22.351297405189623
497	42	1	180.17999999999992	76.11600000000007
497	43	1	27.041999999999994	97.63999999999996
497	44	1	35.176	113.04800000000007
497	45	1	16.44710578842316	192.04990019960073
498	1	2	5.115702479338843	5.400826446280992
498	2	2	5.110169491525425	45.39830508474574
498	3	2	5.251028806584367	86.4979423868313
498	4	2	5.036000000000001	124.94399999999997
498	5	2	4.9999999999999964	165.00000000000009
498	6	2	44.988	5.104000000000002
498	7	2	45.40400000000003	45.13199999999998
498	8	2	45.12295081967211	84.8770491803279
498	9	2	45.132	125.40399999999994
498	10	2	45.502008032128465	164.32931726907637
498	11	2	84.99999999999997	5.000000000000002
498	12	2	83.71600000000002	44.44800000000001
498	13	2	85.01200000000003	85.10400000000001
498	14	2	84.988	124.89599999999994
498	15	2	84.99999999999997	164.99999999999991
498	16	2	125.07199999999999	4.939999999999999
498	17	2	125.12400000000005	45.00400000000004
498	18	2	125.05599999999998	84.97199999999994
498	19	2	124.828	124.97199999999997
498	20	2	125.148	165.03999999999996
498	21	2	164.99999999999994	5.000000000000002
498	22	2	164.99999999999994	45.00000000000002
498	23	2	164.36864406779657	84.7330508474576
498	24	2	164.86000000000004	125.01200000000001
498	25	2	165.33600000000004	165.10799999999998
498	26	1	183.144	16.248
498	27	1	152.83199999999988	145.78600000000003
498	28	1	33.27744510978044	16.335329341317365
498	29	1	182.8682634730539	52.13972055888226
498	30	1	89.65799999999996	144.3500000000001
498	31	1	17.829999999999988	76.57800000000006
498	32	1	13.668662674650705	57.02594810379241
498	33	1	82.05400000000002	65.81600000000002
498	34	1	193.89820359281435	81.80838323353295
498	35	1	86.74650698602792	183.02594810379236
498	36	1	22.86055776892429	173.6494023904384
498	37	1	24.36526946107785	35.64471057884228
498	38	1	33.62674650698603	65.61477045908177
498	39	1	138.40600000000015	146.4600000000001
498	40	1	188.90818363273453	31.72255489021954
498	41	1	11.234000000000004	22.367999999999995
498	42	1	180.15169660678652	76.18962075848309
498	43	1	26.926147704590814	97.75449101796394
498	44	1	35.162	113.0639999999999
498	45	1	16.333333333333325	192.03193612774416
499	1	2	5.115702479338843	5.400826446280992
499	2	2	5.110169491525425	45.39830508474574
499	3	2	5.251028806584367	86.4979423868313
499	4	2	5.036000000000001	124.94399999999997
499	5	2	4.9999999999999964	165.00000000000009
499	6	2	44.988	5.104000000000002
499	7	2	45.40400000000003	45.13199999999998
499	8	2	45.12295081967211	84.8770491803279
499	9	2	45.132	125.40399999999994
499	10	2	45.502008032128465	164.32931726907637
499	11	2	84.99999999999997	5.000000000000002
499	12	2	83.71600000000002	44.44800000000001
499	13	2	85.01200000000003	85.10400000000001
499	14	2	84.988	124.89599999999994
499	15	2	84.99999999999997	164.99999999999991
499	16	2	125.07199999999999	4.939999999999999
499	17	2	125.12400000000005	45.00400000000004
499	18	2	125.05599999999998	84.97199999999994
499	19	2	124.828	124.97199999999997
499	20	2	125.148	165.03999999999996
499	21	2	164.99999999999994	5.000000000000002
499	22	2	164.99999999999994	45.00000000000002
499	23	2	164.36864406779657	84.7330508474576
499	24	2	164.86000000000004	125.01200000000001
499	25	2	165.33600000000004	165.10799999999998
499	26	1	183.174	16.28199999999998
499	27	1	152.81000000000003	145.77400000000006
499	28	1	33.23752495009976	16.293413173652702
499	29	1	182.76447105788424	52.19361277445104
499	30	1	89.664	144.39200000000005
499	31	1	17.864	76.47400000000005
499	32	1	13.606000000000007	57.05199999999999
499	33	1	82.01397205588823	65.82834331337322
499	34	1	193.91616766467067	81.6986027944112
499	35	1	86.94600000000003	183.09800000000004
499	36	1	22.767999999999994	173.63399999999987
499	37	1	24.385999999999996	35.68600000000003
499	38	1	33.66467065868261	65.56686626746513
499	39	1	138.45800000000014	146.36999999999998
499	40	1	188.874251497006	31.76047904191615
499	41	1	11.199600798403193	22.425149700598816
499	42	1	180.12974051896205	76.17564870259487
499	43	1	26.721999999999998	97.70799999999998
499	44	1	35.076000000000015	113.04400000000004
499	45	1	16.35258964143427	192.01792828685248
