0	1	2	19.983935742971887	20.004016064257026
0	2	2	19.971999999999994	95.1000000000001
0	3	2	20	170.00400000000005
0	4	2	94.97599999999998	20.008000000000013
0	5	2	94.948	94.99599999999995
0	6	2	94.98000000000002	170.0160000000001
0	7	2	170.02799999999988	19.972
0	8	2	170.02000000000015	94.996
0	9	2	169.98393574297185	170.0682730923695
0	10	1	25.5	140.5
0	11	1	21	80
0	12	1	170	139.5
0	13	1	109.5	131.5
0	14	1	89	160
0	15	1	103	55.5
0	16	1	160.33333333333334	40
0	17	1	160	72
0	18	1	95	78.5
0	19	1	42	52
0	20	1	84	94
0	21	1	20.5	146.75
0	22	1	131.5	153
0	23	1	41.75	136.25
0	24	1	35	117
0	25	1	97.5	141.5
0	26	1	160.5	33
0	27	1	56	98
0	28	1	166.5	39.5
0	29	1	86.75	177.75
1	1	2	20.000000000000007	20.035999999999994
1	2	2	19.971887550200798	95.06425702811246
1	3	2	19.967741935483872	169.98387096774184
1	4	2	94.97599999999998	20.008000000000013
1	5	2	94.948	94.99599999999995
1	6	2	94.98000000000002	170.0160000000001
1	7	2	169.95600000000007	19.976000000000003
1	8	2	169.98393574297205	94.99598393574297
1	9	2	170.05199999999988	170.01999999999998
1	10	1	25.333333333333336	140.66666666666666
1	11	1	22	81.5
1	12	1	169.42857142857142	139
1	13	1	109.5	132
1	14	1	89	160
1	15	1	102.4	55
1	16	1	160	39.75
1	17	1	160	72
1	18	1	94.5	78.5
1	19	1	42	52.5
1	20	1	84	93.5
1	21	1	22.66666666666667	147.26666666666665
1	22	1	132	152.8
1	23	1	41.333333333333336	137.11111111111114
1	24	1	35	117
1	25	1	97.25	141.5
1	26	1	161.33333333333334	32
1	27	1	56.5	98.5
1	28	1	166.5	39.5
1	29	1	86.83333333333333	177.66666666666669
2	1	2	20	19.999999999999996
2	2	2	19.863999999999987	95.05199999999998
2	3	2	20	169.99999999999991
2	4	2	94.97599999999998	20.008000000000013
2	5	2	94.99999999999996	94.964
2	6	2	95.01619433198385	170.016194331984
2	7	2	169.95600000000007	19.976000000000003
2	8	2	169.988	94.95999999999998
2	9	2	170.05199999999988	170.01999999999998
2	10	1	25.133333333333326	140.79999999999998
2	11	1	21.75	81.75
2	12	1	169.0909090909091	139.18181818181816
2	13	1	109.00000000000001	132.33333333333334
2	14	1	90.2	160
2	15	1	101.81818181818181	54.72727272727273
2	16	1	160.72727272727275	40.63636363636364
2	17	1	160	72
2	18	1	95	78.125
2	19	1	41.666666666666664	53
2	20	1	84.5	93.5
2	21	1	22.523809523809526	146.71428571428572
2	22	1	131.99999999999997	152.7142857142857
2	23	1	41.090909090909086	136.9090909090909
2	24	1	35	117
2	25	1	97	141
2	26	1	161.2857142857143	32
2	27	1	56	98.6
2	28	1	166.42857142857142	40
2	29	1	87.16666666666666	177.83333333333331
3	1	2	20	19.999999999999996
3	2	2	19.863999999999987	95.05199999999998
3	3	2	20	169.99999999999991
3	4	2	94.97590361445783	20.044176706827304
3	5	2	94.99999999999997	94.99999999999997
3	6	2	95.04878048780495	170.03658536585357
3	7	2	169.95600000000007	19.976000000000003
3	8	2	169.988	94.95999999999998
3	9	2	170.08835341365463	170.02008032128532
3	10	1	25	140.68421052631578
3	11	1	21.833333333333336	81.91666666666669
3	12	1	168.79166666666669	138.79166666666666
3	13	1	108.61111111111111	132.7222222222222
3	14	1	90.3	160.3
3	15	1	101.94117647058825	54.8235294117647
3	16	1	160.34999999999997	41.949999999999996
3	17	1	159.6	72.2
3	18	1	94.83333333333334	77.75
3	19	1	41.333333333333336	53.666666666666664
3	20	1	84.85714285714285	93.28571428571429
3	21	1	22.027777777777786	146.30555555555563
3	22	1	131.9090909090909	152.36363636363637
3	23	1	40.85	137.10000000000002
3	24	1	36	117.5
3	25	1	97.26666666666667	141.46666666666667
3	26	1	160.94444444444443	32
3	27	1	55.33333333333333	98.74999999999999
3	28	1	166.89999999999998	40.3
3	29	1	88.14999999999999	178.45000000000002
4	1	2	20	19.999999999999996
4	2	2	19.863999999999987	95.05199999999998
4	3	2	20	169.99999999999991
4	4	2	94.93999999999997	20.035999999999998
4	5	2	94.99999999999997	94.99999999999997
4	6	2	95.12396694214873	169.92148760330585
4	7	2	169.95600000000007	19.976000000000003
4	8	2	169.988	94.95999999999998
4	9	2	170.12400000000002	170.0280000000002
4	10	1	24.7	139.96666666666664
4	11	1	21.35294117647059	81.88235294117648
4	12	1	168.72972972972974	138.62162162162156
4	13	1	108.37931034482757	132.72413793103445
4	14	1	89.92857142857142	159.85714285714283
4	15	1	101.84615384615385	55.15384615384617
4	16	1	160.02564102564102	41.84615384615384
4	17	1	160.4	73.70000000000002
4	18	1	94.88235294117646	77.6470588235294
4	19	1	41.333333333333336	53.73333333333334
4	20	1	84.7	92.69999999999999
4	21	1	22.2156862745098	146.50980392156865
4	22	1	131.99999999999997	152.20000000000002
4	23	1	41.37931034482759	136.96551724137933
4	24	1	36.30769230769231	116.61538461538461
4	25	1	96.90000000000002	141.3
4	26	1	160.92592592592595	32.407407407407405
4	27	1	55.8235294117647	98.41176470588235
4	28	1	167.42105263157896	40
4	29	1	88.34285714285716	178.17142857142852
5	1	2	20	19.999999999999996
5	2	2	19.863999999999987	95.05199999999998
5	3	2	20	169.99999999999991
5	4	2	94.93999999999997	20.035999999999998
5	5	2	95.03225806451616	95.01612903225804
5	6	2	95.12396694214873	169.92148760330585
5	7	2	169.95600000000007	19.976000000000003
5	8	2	169.988	94.95999999999998
5	9	2	170.12400000000002	170.0280000000002
5	10	1	24.289473684210524	139.5263157894737
5	11	1	21.384615384615383	81.65384615384612
5	12	1	168.7735849056604	137.9056603773585
5	13	1	108.17777777777778	132.6666666666666
5	14	1	90.09090909090908	159.95454545454547
5	15	1	102.24242424242424	55.51515151515151
5	16	1	159.80357142857147	41.82142857142857
5	17	1	159.94117647058823	72.94117647058823
5	18	1	95.10344827586204	77.6896551724138
5	19	1	41.040000000000006	53.56
5	20	1	84.27777777777777	92.83333333333334
5	21	1	21.85135135135136	146.6216216216217
5	22	1	132.03333333333333	152.0333333333334
5	23	1	41.50000000000001	137.0555555555556
5	24	1	36.33333333333333	116.50000000000001
5	25	1	96.77777777777779	140.85185185185185
5	26	1	160.58974358974356	32.5897435897436
5	27	1	55.5	98.32142857142857
5	28	1	167.3	40.23333333333333
5	29	1	88.17073170731707	178.14634146341461
6	1	2	20	19.999999999999996
6	2	2	19.863999999999987	95.05199999999998
6	3	2	20	169.99999999999991
6	4	2	94.93999999999997	20.035999999999998
6	5	2	95.06072874493924	95.03643724696346
6	6	2	95.16666666666664	169.87083333333328
6	7	2	169.9558232931727	19.93975903614457
6	8	2	169.988	94.95999999999998
6	9	2	170.12400000000002	170.0280000000002
6	10	1	24.522727272727277	139.45454545454547
6	11	1	21.250000000000004	81.65624999999999
6	12	1	168.76923076923072	137.44615384615378
6	13	1	108.22413793103446	132.75862068965523
6	14	1	89.84000000000002	159.96
6	15	1	102.85714285714285	55.73809523809523
6	16	1	159.81428571428572	41.55714285714286
6	17	1	159.77272727272728	72.86363636363637
6	18	1	95.5609756097561	77.24390243902438
6	19	1	41.44444444444446	53.35555555555556
6	20	1	83.84375000000001	93.40625
6	21	1	21.90322580645162	146.70967741935488
6	22	1	131.7906976744186	151.8837209302325
6	23	1	41.957446808510646	137.57446808510642
6	24	1	36.166666666666664	116.25
6	25	1	96.69047619047619	140.92857142857144
6	26	1	160.64583333333331	32.499999999999986
6	27	1	55.500000000000014	98.1590909090909
6	28	1	166.97727272727278	39.95454545454546
6	29	1	88.18644067796609	178.57627118644064
7	1	2	20	19.999999999999996
7	2	2	19.863999999999987	95.05199999999998
7	3	2	20	169.99999999999991
7	4	2	94.93999999999997	20.035999999999998
7	5	2	95.08943089430892	95.0528455284553
7	6	2	95.2236286919832	169.789029535865
7	7	2	169.9199999999999	19.947999999999993
7	8	2	169.988	94.95999999999998
7	9	2	170.12400000000002	170.0280000000002
7	10	1	24.641509433962263	139.433962264151
7	11	1	21.15555555555556	81.82222222222222
7	12	1	168.6626506024096	137.59036144578315
7	13	1	108.0821917808219	132.98630136986304
7	14	1	89.65625000000001	159.65625
7	15	1	103.17647058823529	55.882352941176485
7	16	1	159.38888888888889	41.96666666666666
7	17	1	159.7941176470588	72.73529411764706
7	18	1	95.62745098039217	77.1176470588235
7	19	1	41.30985915492957	53.67605633802817
7	20	1	83.80851063829788	93.59574468085108
7	21	1	22.10434782608696	147.01739130434788
7	22	1	131.2580645161291	151.82258064516137
7	23	1	41.92537313432835	137.5820895522388
7	24	1	35.17391304347824	115.73913043478258
7	25	1	96.57627118644065	140.9830508474576
7	26	1	160.18461538461537	32.32307692307691
7	27	1	55.46666666666667	98.16666666666667
7	28	1	166.96825396825392	39.93650793650793
7	29	1	88.23684210526312	178.86842105263148
8	1	2	20	19.999999999999996
8	2	2	19.863999999999987	95.05199999999998
8	3	2	20	169.99999999999991
8	4	2	94.93999999999997	20.035999999999998
8	5	2	95.08943089430892	95.0528455284553
8	6	2	95.36363636363635	169.75757575757572
8	7	2	169.9199999999999	19.947999999999993
8	8	2	169.988	94.95999999999998
8	9	2	170.12400000000002	170.0280000000002
8	10	1	24.599999999999994	139.42857142857147
8	11	1	21.213114754098363	82.01639344262297
8	12	1	168.66363636363639	137.60000000000008
8	13	1	108.4591836734694	132.83673469387745
8	14	1	90.09090909090911	159.52272727272734
8	15	1	103.43283582089552	56.16417910447762
8	16	1	158.92727272727268	42.60000000000001
8	17	1	159.62745098039218	72.6470588235294
8	18	1	95.33333333333333	77.70833333333336
8	19	1	41.189473684210505	53.915789473684214
8	20	1	83.81818181818181	93.85454545454547
8	21	1	21.647482014388494	147.50359712230212
8	22	1	130.8928571428571	151.97619047619045
8	23	1	42.56666666666666	137.89999999999998
8	24	1	35.280701754385966	115.70175438596495
8	25	1	96.22972972972977	141.0270270270271
8	26	1	160.42352941176466	32.15294117647059
8	27	1	55.20987654320988	98.67901234567901
8	28	1	167.1234567901234	40.09876543209877
8	29	1	88.02105263157895	178.66315789473683
9	1	2	20	19.999999999999996
9	2	2	19.834677419354843	95.11290322580642
9	3	2	20	169.99999999999991
9	4	2	94.93999999999997	20.035999999999998
9	5	2	95.21487603305786	95.07438016528924
9	6	2	95.3930131004366	169.7554585152839
9	7	2	169.93975903614455	19.91967871485944
9	8	2	169.988	94.95999999999998
9	9	2	170.12400000000002	170.0280000000002
9	10	1	24.884210526315787	139.4631578947368
9	11	1	20.535714285714285	81.75000000000001
9	12	1	168.984375	137.54687499999997
9	13	1	108.51181102362204	133.01574803149614
9	14	1	90.53333333333332	159.11666666666667
9	15	1	103.34177215189872	56.18987341772153
9	16	1	158.76119402985074	43.50746268656718
9	17	1	159.8059701492537	72.16417910447761
9	18	1	94.83505154639174	78.4639175257732
9	19	1	40.865546218487395	54.008403361344534
9	20	1	83.56790123456791	94.58024691358025
9	21	1	21.294117647058826	148.25294117647053
9	22	1	131.30701754385967	152.34210526315783
9	23	1	42.60869565217393	137.8695652173912
9	24	1	35.11428571428571	115.81428571428576
9	25	1	96.42045454545456	140.9772727272727
9	26	1	159.8666666666666	32.247619047619054
9	27	1	55.04123711340205	98.89690721649487
9	28	1	167.1413043478261	40.23913043478264
9	29	1	87.79047619047617	178.52380952380952
10	1	2	20	19.999999999999996
10	2	2	19.73251028806585	95.29218106995889
10	3	2	20	169.99999999999991
10	4	2	94.93999999999997	20.035999999999998
10	5	2	95.27500000000002	95.09999999999998
10	6	2	95.40350877192982	169.7894736842105
10	7	2	169.92771084337357	19.89156626506024
10	8	2	169.988	94.95999999999998
10	9	2	170.12400000000002	170.0280000000002
10	10	1	24.74545454545455	139.3909090909091
10	11	1	20.372727272727275	82.06363636363629
10	12	1	169.11842105263162	137.38157894736835
10	13	1	108.50955414012743	132.85350318471333
10	14	1	90.54545454545452	158.9480519480519
10	15	1	103.22916666666666	56.03125000000002
10	16	1	158.35810810810807	43.952702702702716
10	17	1	159.75555555555547	72.13333333333334
10	18	1	94.8495575221239	78.76106194690266
10	19	1	40.74050632911391	54.18354430379745
10	20	1	83.14150943396228	94.66037735849058
10	21	1	21.613756613756625	148.58201058201044
10	22	1	131.64788732394368	152.12676056338023
10	23	1	42.711111111111094	137.96296296296293
10	24	1	35.10869565217392	115.63043478260873
10	25	1	96.23300970873792	140.9126213592233
10	26	1	159.29365079365073	32.12698412698416
10	27	1	55.574803149606296	99.03937007874018
10	28	1	167.24999999999997	40.396551724137915
10	29	1	87.55737704918035	178.43442622950826
11	1	2	20	19.999999999999996
11	2	2	19.65126050420169	95.42857142857144
11	3	2	20	169.99999999999991
11	4	2	94.93999999999997	20.035999999999998
11	5	2	95.4487179487179	95.14529914529913
11	6	2	95.3728070175439	169.8201754385966
11	7	2	169.91967871485946	19.863453815261035
11	8	2	169.988	94.95999999999998
11	9	2	170.12400000000002	170.0280000000002
11	10	1	24.361702127659573	139.468085106383
11	11	1	20.320312499999986	82.09375000000006
11	12	1	168.7027027027027	137.61621621621626
11	13	1	108.78571428571438	132.19230769230776
11	14	1	90.46464646464648	159.1414141414141
11	15	1	103.17073170731705	56.40650406504064
11	16	1	157.96794871794873	44.76923076923079
11	17	1	160.1130434782609	72.33043478260869
11	18	1	95.35616438356166	78.3219178082192
11	19	1	40.780748663101605	54.374331550802125
11	20	1	83.00775193798448	94.5813953488372
11	21	1	21.35294117647058	149.20588235294127
11	22	1	131.6331360946745	151.89940828402365
11	23	1	42.658385093167695	137.85714285714283
11	24	1	34.91056910569104	115.63414634146336
11	25	1	96.28787878787884	140.44696969696975
11	26	1	158.60839160839163	32.272727272727295
11	27	1	55.684523809523796	98.83333333333334
11	28	1	166.97872340425536	40.21985815602832
11	29	1	87.43537414965994	178.58503401360542
12	1	2	20	19.999999999999996
12	2	2	19.581589958159	95.45606694560675
12	3	2	20	169.99999999999991
12	4	2	94.93999999999997	20.035999999999998
12	5	2	95.58515283842797	95.24454148471615
12	6	2	95.48214285714288	169.79910714285722
12	7	2	169.90400000000002	19.86799999999999
12	8	2	169.988	94.95999999999998
12	9	2	170.12400000000002	170.0280000000002
12	10	1	24.19209039548024	139.21468926553672
12	11	1	20.376712328767123	82.1095890410959
12	12	1	168.79908675799084	137.2922374429223
12	13	1	109.33027522935794	132.20642201834866
12	14	1	90.61240310077521	159.1007751937984
12	15	1	103.70270270270278	56.695945945945944
12	16	1	157.46022727272725	45.477272727272734
12	17	1	160.38345864661645	72.53383458646618
12	18	1	95.55681818181819	78.21022727272722
12	19	1	40.8785046728972	54.42523364485981
12	20	1	83.02702702702707	94.48648648648653
12	21	1	21.18141592920354	149.56637168141586
12	22	1	131.76168224299067	152.0046728971962
12	23	1	42.8177570093458	138.0654205607477
12	24	1	34.93548387096773	115.658064516129
12	25	1	96.14473684210533	140.88815789473688
12	26	1	158.03067484662574	32.0368098159509
12	27	1	55.64285714285712	99.28095238095236
12	28	1	167.1515151515151	40.618181818181824
12	29	1	87.38414634146336	178.40853658536574
13	1	2	20	19.999999999999996
13	2	2	19.584033613445392	95.54621848739495
13	3	2	20	169.99999999999991
13	4	2	94.93999999999997	20.035999999999998
13	5	2	95.70614035087725	95.23684210526318
13	6	2	95.62114537444936	169.70044052863435
13	7	2	169.92771084337357	19.84738955823293
13	8	2	169.988	94.95999999999998
13	9	2	170.12400000000002	170.0280000000002
13	10	1	23.917073170731697	139.258536585366
13	11	1	20.291666666666668	82.21428571428574
13	12	1	168.92248062015508	137.08527131782952
13	13	1	109.96694214876034	132.16115702479345
13	14	1	91.12903225806446	158.7161290322581
13	15	1	103.82584269662921	56.853932584269664
13	16	1	157.2435233160622	46.020725388601065
13	17	1	160.4129032258065	73.14193548387095
13	18	1	95.43414634146342	78.16097560975612
13	19	1	40.614754098360685	54.721311475409856
13	20	1	82.77401129943505	94.48022598870054
13	21	1	21.08050847457627	149.84322033898303
13	22	1	131.8508064516128	152.0080645161291
13	23	1	42.653225806451616	138.17741935483878
13	24	1	34.93814432989692	115.54123711340215
13	25	1	96.24000000000007	141.01142857142844
13	26	1	157.81318681318686	31.879120879120883
13	27	1	55.69565217391306	99.41501976284587
13	28	1	167.51612903225808	40.92473118279571
13	29	1	87.17486338797818	178.45355191256826
14	1	2	20	19.999999999999996
14	2	2	19.586497890295362	95.57805907172997
14	3	2	20	169.99999999999991
14	4	2	94.93999999999997	20.035999999999998
14	5	2	95.9166666666667	95.2587719298245
14	6	2	95.71681415929201	169.76106194690266
14	7	2	170.05349794238677	19.703703703703724
14	8	2	169.988	94.95999999999998
14	9	2	170.12400000000002	170.0280000000002
14	10	1	23.68354430379746	139.20253164556954
14	11	1	20.40721649484537	82.04123711340206
14	12	1	168.96357615894027	136.94370860927162
14	13	1	110.2377622377623	132.05244755244772
14	14	1	91.5434782608696	158.35869565217396
14	15	1	104.26999999999997	56.94000000000001
14	16	1	156.96713615023478	46.69953051643195
14	17	1	160.49738219895292	73.3507853403141
14	18	1	95.45833333333337	78.05000000000004
14	19	1	40.354609929078016	54.82269503546099
14	20	1	82.59	94.69999999999999
14	21	1	21.266932270916325	150.45418326693226
14	22	1	131.7312925170067	152.0952380952381
14	23	1	42.74226804123712	138.36769759450166
14	24	1	34.690987124463526	115.01287553648072
14	25	1	96.2333333333333	141.40476190476173
14	26	1	157.37558685446012	31.685446009389672
14	27	1	55.6415770609319	99.40860215053762
14	28	1	167.66985645933025	40.97607655502394
14	29	1	87.32673267326739	178.73762376237624
15	1	2	20	19.999999999999996
15	2	2	19.595744680851066	95.63829787234043
15	3	2	20	169.99999999999991
15	4	2	94.93999999999997	20.035999999999998
15	5	2	96.08333333333331	95.37280701754386
15	6	2	95.88888888888894	169.85333333333332
15	7	2	170.12083333333325	19.641666666666662
15	8	2	169.988	94.95999999999998
15	9	2	170.12400000000002	170.0280000000002
15	10	1	23.724907063197023	139.05947955390332
15	11	1	20.32407407407407	81.7638888888889
15	12	1	168.9578651685393	136.6573033707866
15	13	1	110.61250000000001	132.1031250000001
15	14	1	91.32579185520359	158.29864253393666
15	15	1	104.19999999999997	56.812765957446814
15	16	1	156.75213675213664	47.23931623931626
15	17	1	160.65277777777783	73.47685185185183
15	18	1	95.54646840148699	77.85130111524163
15	19	1	40.08761329305137	54.82175226586099
15	20	1	82.34529147982067	94.95067264573994
15	21	1	21.196296296296296	150.82592592592584
15	22	1	131.75358166189116	152.02578796561605
15	23	1	42.82848837209304	138.40988372093037
15	24	1	34.26865671641791	114.72388059701491
15	25	1	96.49576271186447	141.36864406779662
15	26	1	156.86974789915962	31.46638655462184
15	27	1	55.85579937304074	99.16927899686522
15	28	1	168.14345991561183	40.75527426160336
15	29	1	87.4652173913044	179.1304347826087
16	1	2	20	19.999999999999996
16	2	2	19.595744680851066	95.63829787234043
16	3	2	20	169.99999999999991
16	4	2	94.93999999999997	20.035999999999998
16	5	2	96.28634361233478	95.53303964757706
16	6	2	96.15418502202645	169.92511013215855
16	7	2	170.1848739495798	19.613445378151262
16	8	2	169.988	94.95999999999998
16	9	2	170.12400000000002	170.0280000000002
16	10	1	23.999999999999986	138.69152542372885
16	11	1	20.705882352941188	81.76470588235293
16	12	1	169.19617224880383	136.52153110047837
16	13	1	111.21808510638296	131.98936170212767
16	14	1	91.35271317829461	158.10077519379837
16	15	1	104.31899641577061	56.92114695340504
16	16	1	156.735632183908	47.53639846743294
16	17	1	160.63921568627458	73.41176470588243
16	18	1	95.61073825503351	77.6174496644295
16	19	1	39.80687830687831	55.01587301587302
16	20	1	82.3904382470119	94.9561752988048
16	21	1	21.58249158249157	150.91919191919183
16	22	1	131.75255102040816	152.02551020408168
16	23	1	43.153034300791596	138.52506596306063
16	24	1	34.14332247557004	114.81107491856686
16	25	1	96.56981132075472	141.48301886792453
16	26	1	156.35632183908035	30.88505747126438
16	27	1	56.02724795640327	99.0408719346049
16	28	1	168.26744186046506	40.542635658914755
16	29	1	87.39370078740156	179.27952755905525
17	1	2	20	19.999999999999996
17	2	2	19.612068965517263	95.72413793103445
17	3	2	20	169.99999999999991
17	4	2	94.93999999999997	20.035999999999998
17	5	2	96.3832599118943	95.58590308370043
17	6	2	96.298245614035	169.9385964912282
17	7	2	170.1848739495798	19.613445378151262
17	8	2	169.988	94.95999999999998
17	9	2	170.12400000000002	170.0280000000002
17	10	1	24.02095808383233	138.2095808383234
17	11	1	20.82671480144405	81.95306859205769
17	12	1	169.17372881355942	136.30296610169515
17	13	1	111.50490196078427	131.78431372549002
17	14	1	91.3087719298246	157.88421052631568
17	15	1	104.79573170731707	57.08841463414632
17	16	1	156.77464788732397	48.39436619718311
17	17	1	160.8737201365187	73.52559726962451
17	18	1	95.96273291925468	77.19254658385093
17	19	1	39.70114942528735	54.862068965517274
17	20	1	82.2237288135593	94.5457627118644
17	21	1	21.550000000000004	151.09687499999995
17	22	1	131.82207207207202	152.12162162162153
17	23	1	43.645631067961155	138.63106796116512
17	24	1	33.6723163841808	115.00000000000003
17	25	1	96.37792642140471	140.9966555183946
17	26	1	155.8709677419353	30.896057347670247
17	27	1	56.11435523114355	98.9416058394162
17	28	1	168.28113879003558	40.61209964412812
17	29	1	87.14855072463774	179.08333333333337
18	1	2	20	19.999999999999996
18	2	2	19.623376623376622	95.76190476190477
18	3	2	19.96356275303645	170.06072874493933
18	4	2	94.93999999999997	20.035999999999998
18	5	2	96.4329004329004	95.64502164502176
18	6	2	96.33913043478262	169.96521739130444
18	7	2	170.1848739495798	19.613445378151262
18	8	2	169.988	94.95999999999998
18	9	2	170.12400000000002	170.0280000000002
18	10	1	24.09065934065933	137.6098901098901
18	11	1	20.871794871794883	81.66987179487178
18	12	1	169.25910931174087	136.42307692307682
18	13	1	111.88539325842699	131.4224719101123
18	14	1	90.86562500000001	157.80312500000008
18	15	1	104.90463917525766	56.73711340206187
18	16	1	156.64820846905536	49.23778501628664
18	17	1	160.75892857142858	73.52678571428575
18	18	1	96.08875739644974	76.85502958579875
18	19	1	39.82926829268295	54.725609756097555
18	20	1	81.88217522658606	94.3293051359516
18	21	1	21.511049723756933	151.342541436464
18	22	1	131.80651731160907	151.83095723014245
18	23	1	44.2355658198614	139.05542725173206
18	24	1	33.595588235294144	114.78431372549011
18	25	1	96.59999999999995	140.86153846153846
18	26	1	155.4205298013244	30.7384105960265
18	27	1	56.002197802197806	99.29670329670343
18	28	1	168.38562091503266	40.64052287581698
18	29	1	86.8101265822785	179.24050632911388
19	1	2	20	19.999999999999996
19	2	2	19.623376623376622	95.76190476190477
19	3	2	19.96356275303645	170.06072874493933
19	4	2	94.93999999999997	20.035999999999998
19	5	2	96.46551724137935	95.75000000000003
19	6	2	96.28326180257508	169.91845493562224
19	7	2	170.24576271186444	19.588983050847464
19	8	2	169.988	94.95999999999998
19	9	2	170.12400000000002	170.0280000000002
19	10	1	23.997493734335848	137.19298245614024
19	11	1	21.135593220338993	81.39548022598869
19	12	1	169.14541832669318	136.59561752988054
19	13	1	112.4498933901919	131.2068230277186
19	14	1	90.83620689655173	157.45402298850573
19	15	1	104.78	56.566666666666684
19	16	1	156.52905198776767	49.78899082568808
19	17	1	160.92820512820526	73.40512820512821
19	18	1	96.50000000000001	76.40641711229951
19	19	1	39.729083665338635	54.796812749004026
19	20	1	81.57377049180332	94.22950819672128
19	21	1	21.25247524752475	151.57178217821777
19	22	1	131.94023904382462	151.88047808764944
19	23	1	44.79074889867842	139.0859030837004
19	24	1	33.25910064239829	114.82012847965743
19	25	1	96.6526610644257	140.50420168067214
19	26	1	155.1401869158878	30.6355140186916
19	27	1	56.072874493927124	99.0668016194331
19	28	1	168.6913580246914	40.68518518518516
19	29	1	86.70200573065911	179.46704871060186
20	1	2	20	19.999999999999996
20	2	2	19.581196581196583	95.67094017094013
20	3	2	19.95081967213115	170.15573770491807
20	4	2	94.93999999999997	20.035999999999998
20	5	2	96.46443514644356	95.765690376569
20	6	2	96.28389830508478	169.8432203389831
20	7	2	170.24576271186444	19.588983050847464
20	8	2	169.988	94.95999999999998
20	9	2	170.12400000000002	170.0280000000002
20	10	1	24.196304849884537	137.00461893764424
20	11	1	21.27763496143959	81.07969151670953
20	12	1	169.09163346613548	136.4900398406375
20	13	1	112.93305439330547	130.69874476987442
20	14	1	90.89627659574472	157.31648936170222
20	15	1	104.84631147540978	56.39344262295087
20	16	1	156.66666666666674	50.40336134453784
20	17	1	160.91762013729968	73.61556064073226
20	18	1	96.65270935960592	75.86453201970443
20	19	1	39.705179282868485	54.760956175298794
20	20	1	81.23857868020308	94.49238578680193
20	21	1	21.16289592760182	152.04072398190053
20	22	1	131.8882235528942	151.92015968063868
20	23	1	45.40695296523515	139.4560327198364
20	24	1	32.909090909090914	114.61010101010105
20	25	1	97.02557544757038	140.1304347826086
20	26	1	154.57101449275362	30.45507246376812
20	27	1	56.02574257425748	98.87920792079198
20	28	1	169.01457725947517	40.72886297376091
20	29	1	86.74867724867728	179.8756613756613
21	1	2	20	19.999999999999996
21	2	2	19.597457627118644	95.614406779661
21	3	2	19.95081967213115	170.15573770491807
21	4	2	94.93999999999997	20.035999999999998
21	5	2	96.5619834710744	95.80991735537195
21	6	2	96.35146443514648	169.83263598326354
21	7	2	170.22362869198304	19.611814345991544
21	8	2	169.99999999999994	94.99999999999997
21	9	2	170.12400000000002	170.0280000000002
21	10	1	24.538947368421056	136.65263157894725
21	11	1	21.17551963048499	80.87297921478054
21	12	1	169.12774451097806	136.52095808383223
21	13	1	113.55465587044533	130.50404858299603
21	14	1	90.82673267326733	157.1980198019802
21	15	1	105.11693548387093	56.26209677419356
21	16	1	156.68668407310724	50.87206266318535
21	17	1	160.9065040650407	73.60162601626011
21	18	1	96.56689342403614	75.2766439909298
21	19	1	39.678642714570884	54.83632734530938
21	20	1	80.77471264367813	94.53793103448281
21	21	1	20.955696202531637	152.32700421940928
21	22	1	131.7808764940239	151.89442231075705
21	23	1	45.85513078470831	139.60764587525128
21	24	1	32.906000000000006	114.24599999999994
21	25	1	97.26303317535542	139.83649289099532
21	26	1	154.02732240437146	30.480874316939897
21	27	1	56.01394422310753	98.8764940239044
21	28	1	169.18356164383576	40.956164383561635
21	29	1	86.985257985258	180.39066339066346
22	1	2	20	19.999999999999996
22	2	2	19.611814345991554	95.58649789029536
22	3	2	19.934693877551023	170.1224489795919
22	4	2	94.93999999999997	20.035999999999998
22	5	2	96.5619834710744	95.80991735537195
22	6	2	96.41563786008234	169.87242798353896
22	7	2	170.20588235294116	19.63865546218487
22	8	2	169.99999999999994	94.99999999999997
22	9	2	170.12400000000002	170.0280000000002
22	10	1	24.59318637274548	136.23046092184376
22	11	1	21.373443983402495	80.57468879668056
22	12	1	169.10756972111542	136.60557768924298
22	13	1	113.77663934426222	130.3032786885247
22	14	1	90.8969555035129	157.12646370023418
22	15	1	105.058	56.06400000000003
22	16	1	156.65517241379322	51.60098522167489
22	17	1	161.14000000000001	73.88800000000003
22	18	1	96.60083160083161	75.02910602910602
22	19	1	39.49500998003993	54.93013972055891
22	20	1	80.41213389121333	94.50209205020917
22	21	1	20.87272727272727	152.4262626262625
22	22	1	131.66334661354583	151.8466135458168
22	23	1	46.02589641434259	139.79681274900395
22	24	1	32.768924302788825	114.06772908366536
22	25	1	97.38209606986908	139.56113537117903
22	26	1	153.65326633165827	30.190954773869347
22	27	1	56.03386454183267	98.75099601593624
22	28	1	169.6940298507462	41.388059701492544
22	29	1	87.1502242152466	180.92376681614348
23	1	2	20	19.999999999999996
23	2	2	19.630252100840337	95.5588235294118
23	3	2	19.983870967741925	170.03225806451616
23	4	2	94.93999999999997	20.035999999999998
23	5	2	96.4777327935223	95.82591093117408
23	6	2	96.39271255060729	169.94331983805662
23	7	2	170.17154811715474	19.648535564853553
23	8	2	169.99999999999994	94.99999999999997
23	9	2	170.12400000000002	170.0280000000002
23	10	1	24.54690618762475	136.06387225548912
23	11	1	21.38383838383839	80.448484848485
23	12	1	169.1876247504989	136.8023952095809
23	13	1	114.01394422310756	130.08565737051777
23	14	1	90.98283261802574	156.91845493562224
23	15	1	105.14199999999991	56.032000000000004
23	16	1	156.55990783410118	52.126728110599046
23	17	1	161.23599999999993	74.02000000000005
23	18	1	96.47800000000014	74.92000000000012
23	19	1	39.46107784431138	55.06986027944112
23	20	1	80.18562874251502	94.5888223552894
23	21	1	20.847695390781578	152.25851703406806
23	22	1	131.52988047808773	151.97808764940248
23	23	1	46.1075697211156	139.83266932270914
23	24	1	32.79041916167664	114.0359281437125
23	25	1	97.45106382978727	139.19148936170237
23	26	1	153.37647058823524	29.90117647058823
23	27	1	56.079522862823055	98.74751491053689
23	28	1	170.20649651972153	41.70301624129931
23	29	1	87.0955414012739	181.37154989384294
24	1	2	20	19.999999999999996
24	2	2	19.629166666666688	95.49583333333335
24	3	2	19.983870967741925	170.03225806451616
24	4	2	94.93999999999997	20.035999999999998
24	5	2	96.45161290322585	95.80241935483869
24	6	2	96.3975903614458	169.88353413654622
24	7	2	170.17154811715474	19.648535564853553
24	8	2	169.99999999999994	94.99999999999997
24	9	2	170.12400000000002	170.0280000000002
24	10	1	24.693227091633474	136.1015936254979
24	11	1	21.49500998003993	80.2854291417166
24	12	1	169.19721115537868	136.86852589641438
24	13	1	114.41799999999992	129.88199999999995
24	14	1	90.96938775510208	156.88979591836755
24	15	1	104.92215568862278	56.03992015968061
24	16	1	156.4201312910285	52.68271334792124
24	17	1	161.42231075697234	74.36055776892435
24	18	1	96.45219123505976	74.80278884462152
24	19	1	39.43426294820714	55.121513944223096
24	20	1	80.21230158730148	94.61507936507935
24	21	1	20.722554890219566	152.16966067864254
24	22	1	131.42514970059878	152.0598802395211
24	23	1	46.11177644710579	139.78243512974078
24	24	1	32.762475049900196	113.93612774451107
24	25	1	97.62776659959755	139.0422535211265
24	26	1	153.05567928730497	29.928730512249437
24	27	1	56.21756487025949	98.90419161676647
24	28	1	170.48017621145362	41.81057268722468
24	29	1	87.28313253012053	181.90160642570262
25	1	2	20	19.999999999999996
25	2	2	19.651452282157702	95.46887966804982
25	3	2	20	169.99999999999991
25	4	2	94.93999999999997	20.035999999999998
25	5	2	96.48594377510045	95.81124497991966
25	6	2	96.364	169.86399999999992
25	7	2	170.13333333333335	19.650000000000006
25	8	2	169.99999999999994	94.99999999999997
25	9	2	170.12400000000002	170.0280000000002
25	10	1	24.848906560636177	136.0874751491053
25	11	1	21.450199203187275	80.28685258964151
25	12	1	169.24950099800415	136.86826347305401
25	13	1	114.61155378486059	129.92031872509955
25	14	1	91.04581673306774	156.84462151394413
25	15	1	104.96015936254986	55.910358565736985
25	16	1	156.49793388429757	53.278925619834745
25	17	1	161.47305389221572	74.64870259481044
25	18	1	96.28143712574855	74.73253493013983
25	19	1	39.37724550898208	55.09580838323344
25	20	1	80.20517928286861	94.7450199203186
25	21	1	20.718000000000007	152.18599999999992
25	22	1	131.3844621513945	152.15936254980087
25	23	1	46.12549800796811	139.75498007968127
25	24	1	32.66533864541834	113.8406374501992
25	25	1	97.65737051792837	138.8884462151394
25	26	1	152.5776397515529	29.859213250517595
25	27	1	56.22709163346613	98.86454183266937
25	28	1	170.73858921161823	41.99792531120333
25	29	1	87.36653386454186	181.94422310756988
26	1	2	20	19.999999999999996
26	2	2	19.651452282157702	95.46887966804982
26	3	2	20	169.99999999999991
26	4	2	94.93999999999997	20.035999999999998
26	5	2	96.45600000000002	95.79999999999994
26	6	2	96.364	169.86399999999992
26	7	2	170.13333333333335	19.650000000000006
26	8	2	169.99999999999994	94.99999999999997
26	9	2	170.12400000000002	170.0280000000002
26	10	1	25.139442231075712	136.10557768924312
26	11	1	21.528942115768462	80.36726546906193
26	12	1	169.1653386454182	136.82071713147403
26	13	1	114.57569721115541	130.0059760956175
26	14	1	90.93227091633462	156.79681274900378
26	15	1	104.89021956087826	55.88822355289419
26	16	1	156.30722891566262	53.363453815261046
26	17	1	161.59680638722577	74.59481037924144
26	18	1	96.25248508946315	74.64214711729625
26	19	1	39.309381237524946	55.12375249500998
26	20	1	80.21556886227546	94.72055888223552
26	21	1	20.694610778443113	152.16766467065872
26	22	1	131.2594810379241	152.21956087824364
26	23	1	46.24550898203587	139.7644710578844
26	24	1	32.76892430278885	113.72509960159361
26	25	1	97.66932270916341	138.90637450199213
26	26	1	152.4188376753506	29.65531062124247
26	27	1	56.44910179640721	98.94011976047913
26	28	1	171.0200400801603	42.10621242484966
26	29	1	87.50597609561761	182.04780876494027
27	1	2	20	19.999999999999996
27	2	2	19.651452282157702	95.46887966804982
27	3	2	20	169.99999999999991
27	4	2	94.93999999999997	20.035999999999998
27	5	2	96.45600000000002	95.79999999999994
27	6	2	96.364	169.86399999999992
27	7	2	170.08264462809913	19.685950413223136
27	8	2	169.99999999999994	94.99999999999997
27	9	2	170.12400000000002	170.0280000000002
27	10	1	25.368525896414337	136.11553784860564
27	11	1	21.38767395626245	80.36779324055664
27	12	1	169.2075848303394	136.92814371257487
27	13	1	114.61477045908184	129.98003992015958
27	14	1	91.00199203187259	156.7629482071711
27	15	1	104.95009980039916	55.954091816367274
27	16	1	156.23952095808383	53.425149700598816
27	17	1	161.60956175298796	74.6633466135459
27	18	1	96.03386454183267	74.70517928286861
27	19	1	39.185628742514965	55.155688622754475
27	20	1	80.15369261477043	94.77844311377257
27	21	1	20.75449101796408	152.18962075848302
27	22	1	131.31936127744527	152.2095808383233
27	23	1	46.303393213572846	139.90818363273453
27	24	1	32.83067729083668	113.56175298804779
27	25	1	97.78642714570864	138.7664670658682
27	26	1	152.29083665338646	29.63944223107571
27	27	1	56.48303393213575	99.00998003992015
27	28	1	170.98007968127493	42.183266932270904
27	29	1	87.58083832335325	182.16966067864257
28	1	2	20	19.999999999999996
28	2	2	19.67768595041324	95.44214876033064
28	3	2	20	169.99999999999991
28	4	2	94.93999999999997	20.035999999999998
28	5	2	96.45600000000002	95.79999999999994
28	6	2	96.364	169.86399999999992
28	7	2	170.07407407407405	19.72016460905349
28	8	2	169.99999999999994	94.99999999999997
28	9	2	170.12400000000002	170.0280000000002
28	10	1	25.409542743538786	136.10735586481098
28	11	1	21.34462151394425	80.39840637450195
28	12	1	169.14770459081836	137.04191616766457
28	13	1	114.66600000000003	130.05400000000003
28	14	1	90.86852589641425	156.64342629482064
28	15	1	104.86427145708578	55.96207584830342
28	16	1	156.27290836653404	53.58366533864539
28	17	1	161.7470119521913	74.77888446215141
28	18	1	95.9900199600798	74.69061876247505
28	19	1	39.17	55.17999999999999
28	20	1	80.16766467065862	94.90419161676645
28	21	1	20.750499001995998	152.13772455089804
28	22	1	131.33932135728543	152.32734530938131
28	23	1	46.29141716566866	139.81437125748508
28	24	1	32.79640718562872	113.49700598802401
28	25	1	97.91434262948214	138.73306772908367
28	26	1	152.32270916334667	29.61553784860557
28	27	1	56.65269461077847	99.02594810379237
28	28	1	170.83864541832662	42.32470119521913
28	29	1	87.71457085828338	182.2295409181637
29	1	2	20	19.999999999999996
29	2	2	19.683127572016474	95.41152263374488
29	3	2	20	169.99999999999991
29	4	2	94.93999999999997	20.035999999999998
29	5	2	96.45600000000002	95.79999999999994
29	6	2	96.364	169.86399999999992
29	7	2	170.07407407407405	19.72016460905349
29	8	2	169.99999999999994	94.99999999999997
29	9	2	170.12400000000002	170.0280000000002
29	10	1	25.505976095617534	136.12549800796836
29	11	1	21.441117764471038	80.37724550898194
29	12	1	169.02994011976045	137.08982035928142
29	13	1	114.65069860279444	129.97804391217554
29	14	1	90.83433133732537	156.61876247505003
29	15	1	104.89620758483036	56.0439121756487
29	16	1	156.29681274900406	53.72509960159362
29	17	1	161.82834331337338	74.79840319361267
29	18	1	95.99003984063734	74.70119521912349
29	19	1	39.15169660678643	55.2614770459082
29	20	1	80.22310756972107	94.89243027888446
29	21	1	20.836327345309382	152.22155688622752
29	22	1	131.33333333333334	152.3772455089822
29	23	1	46.346000000000025	139.81599999999997
29	24	1	32.8243512974052	113.40119760479038
29	25	1	97.98007968127494	138.6932270916336
29	26	1	152.33333333333326	29.68263473053892
29	27	1	56.690618762475054	98.88223552894218
29	28	1	170.74302788844633	42.320717131474105
29	29	1	87.83233532934128	182.3013972055887
30	1	2	20	19.999999999999996
30	2	2	19.683127572016474	95.41152263374488
30	3	2	20	169.99999999999991
30	4	2	94.93999999999997	20.035999999999998
30	5	2	96.45600000000002	95.79999999999994
30	6	2	96.364	169.86399999999992
30	7	2	170.07407407407405	19.72016460905349
30	8	2	169.99999999999994	94.99999999999997
30	9	2	170.12400000000002	170.0280000000002
30	10	1	25.60358565737052	136.1274900398405
30	11	1	21.441117764471038	80.37724550898194
30	12	1	168.9119999999999	137.15400000000022
30	13	1	114.74251497005984	130.04790419161674
30	14	1	90.79840319361281	156.6007984031936
30	15	1	104.79640718562871	56.08383233532934
30	16	1	156.3266932270918	53.802788844621524
30	17	1	161.9860557768923	74.7908366533864
30	18	1	95.99401197604793	74.71656686626748
30	19	1	39.179640718562815	55.28542914171659
30	20	1	80.26347305389216	95.0259481037923
30	21	1	20.89199999999997	152.20799999999986
30	22	1	131.2934131736527	152.2754491017963
30	23	1	46.419161676646716	139.75449101796414
30	24	1	32.87200000000002	113.34000000000006
30	25	1	98.08183632734533	138.6247504990018
30	26	1	152.2714570858285	29.644710578842325
30	27	1	56.60479041916165	98.82235528942121
30	28	1	170.56175298804752	42.2768924302789
30	29	1	87.9980079681275	182.4123505976094
31	1	2	20	19.999999999999996
31	2	2	19.683127572016474	95.41152263374488
31	3	2	20	169.99999999999991
31	4	2	94.93999999999997	20.035999999999998
31	5	2	96.45600000000002	95.79999999999994
31	6	2	96.364	169.86399999999992
31	7	2	170.07407407407405	19.72016460905349
31	8	2	169.99999999999994	94.99999999999997
31	9	2	170.12400000000002	170.0280000000002
31	10	1	25.747011952191233	136.09760956175307
31	11	1	21.333333333333336	80.42115768463081
31	12	1	168.92031872509943	137.1195219123505
31	13	1	114.70658682634726	130.0678642714571
31	14	1	90.86826347305396	156.46107784431146
31	15	1	104.84630738522955	56.205588822355274
31	16	1	156.39840637450203	53.9243027888446
31	17	1	162.09181636726558	74.70658682634735
31	18	1	95.88999999999992	74.67799999999995
31	19	1	39.17365269461078	55.3672654690619
31	20	1	80.29940119760484	94.96806387225553
31	21	1	20.938000000000006	152.1780000000001
31	22	1	131.16367265469074	152.26347305389228
31	23	1	46.46812749003984	139.7430278884461
31	24	1	32.84431137724553	113.2255489021956
31	25	1	98.05000000000001	138.47399999999996
31	26	1	152.0918163672653	29.678642714570866
31	27	1	56.69261477045905	98.81037924151693
31	28	1	170.31337325349313	42.11576846307385
31	29	1	88.05776892430279	182.4163346613544
32	1	2	20	19.999999999999996
32	2	2	19.683127572016474	95.41152263374488
32	3	2	20	169.99999999999991
32	4	2	94.93999999999997	20.035999999999998
32	5	2	96.45600000000002	95.79999999999994
32	6	2	96.364	169.86399999999992
32	7	2	170.07407407407405	19.72016460905349
32	8	2	169.99999999999994	94.99999999999997
32	9	2	170.12400000000002	170.0280000000002
32	10	1	26.081836327345314	136.12974051896202
32	11	1	21.333333333333336	80.42115768463081
32	12	1	168.99600000000007	137.14600000000007
32	13	1	114.81872509960156	130.1374501992031
32	14	1	90.85628742514972	156.38323353293413
32	15	1	104.90818363273448	56.22754491017964
32	16	1	156.41916167664664	53.97205588822356
32	17	1	162.19521912350598	74.64143426294817
32	18	1	95.79241516966056	74.7025948103793
32	19	1	39.35928143712578	55.37924151696604
32	20	1	80.36726546906179	95.0179640718562
32	21	1	20.99600798403193	152.1636726546905
32	22	1	130.87999999999997	152.09000000000003
32	23	1	46.47200000000001	139.5960000000002
32	24	1	32.774000000000015	113.07199999999996
32	25	1	98.06586826347299	138.37924151696615
32	26	1	152.05389221556894	29.68463073852295
32	27	1	56.76095617529884	98.81274900398408
32	28	1	170.21956087824356	42.06387225548903
32	29	1	88.06986027944109	182.4291417165669
33	1	2	20	19.999999999999996
33	2	2	19.683127572016474	95.41152263374488
33	3	2	20	169.99999999999991
33	4	2	94.93999999999997	20.035999999999998
33	5	2	96.45600000000002	95.79999999999994
33	6	2	96.364	169.86399999999992
33	7	2	170.07407407407405	19.72016460905349
33	8	2	169.99999999999994	94.99999999999997
33	9	2	170.12400000000002	170.0280000000002
33	10	1	26.181274900398407	136.08167330677304
33	11	1	21.399201596806385	80.4790419161676
33	12	1	168.98802395209603	137.2115768463074
33	13	1	114.82235528942113	130.06986027944097
33	14	1	90.93426294820716	156.39641434262947
33	15	1	104.87624750499008	56.267465069860236
33	16	1	156.53293413173665	54.14970059880236
33	17	1	162.2520000000001	74.64200000000001
33	18	1	95.76294820717118	74.69920318725104
33	19	1	39.377245508982014	55.351297405189605
33	20	1	80.45908183632726	95.05389221556884
33	21	1	20.912175648702608	152.15968063872245
33	22	1	130.73000000000002	152.06399999999994
33	23	1	46.37724550898197	139.49900199600816
33	24	1	32.81000000000004	112.83599999999996
33	25	1	98.00998003992011	138.2914171656686
33	26	1	152.0379241516968	29.774451097804377
33	27	1	56.91417165668664	98.70658682634725
33	28	1	170.12400000000008	42.03000000000002
33	29	1	88.12974051896208	182.47504990019954
34	1	2	20	19.999999999999996
34	2	2	19.683127572016474	95.41152263374488
34	3	2	20	169.99999999999991
34	4	2	94.93999999999997	20.035999999999998
34	5	2	96.45600000000002	95.79999999999994
34	6	2	96.364	169.86399999999992
34	7	2	170.07407407407405	19.72016460905349
34	8	2	169.99999999999994	94.99999999999997
34	9	2	170.12400000000002	170.0280000000002
34	10	1	26.477045908183648	136.1157684630739
34	11	1	21.43113772455089	80.43912175648705
34	12	1	169.06586826347313	137.16566866267468
34	13	1	114.92415169660683	130.02395209580843
34	14	1	91.0737051792829	156.32669322709168
34	15	1	104.91399999999996	56.467999999999975
34	16	1	156.63872255489014	54.213572854291435
34	17	1	162.34799999999998	74.60199999999998
34	18	1	95.56200000000005	74.74999999999996
34	19	1	39.43199999999998	55.392
34	20	1	80.50099800399188	95.10379241516966
34	21	1	20.872255489021967	152.1217564870261
34	22	1	130.72455089820357	151.9500998003993
34	23	1	46.42231075697211	139.54980079681272
34	24	1	32.75449101796406	112.84630738522958
34	25	1	98.00199203187249	138.17131474103584
34	26	1	152.0199600798403	29.738522954091817
34	27	1	56.8864541832669	98.71713147410362
34	28	1	170.03386454183263	41.998007968127496
34	29	1	88.17964071856284	182.53093812375258
35	1	2	20	19.999999999999996
35	2	2	19.683127572016474	95.41152263374488
35	3	2	20	169.99999999999991
35	4	2	94.93999999999997	20.035999999999998
35	5	2	96.45600000000002	95.79999999999994
35	6	2	96.364	169.86399999999992
35	7	2	170.07407407407405	19.72016460905349
35	8	2	169.99999999999994	94.99999999999997
35	9	2	170.12400000000002	170.0280000000002
35	10	1	26.798403193612767	136.1896207584832
35	11	1	21.288000000000004	80.43400000000015
35	12	1	169.14600000000004	137.2180000000002
35	13	1	114.97405189620768	129.97205588822354
35	14	1	91.07569721115533	156.31075697211162
35	15	1	105.04809619238485	56.649298597194395
35	16	1	156.7231075697212	54.29681274900396
35	17	1	162.43712574850304	74.63672654690617
35	18	1	95.4990019960079	74.67265469061878
35	19	1	39.43113772455092	55.42115768463074
35	20	1	80.57684630738517	95.08582834331341
35	21	1	20.896207584830346	152.05988023952102
35	22	1	130.82235528942115	151.9421157684632
35	23	1	46.43399999999997	139.39200000000005
35	24	1	32.75200000000001	112.8
35	25	1	98.13000000000017	138.1380000000001
35	26	1	151.90000000000006	29.788000000000004
35	27	1	56.93812375249501	98.67065868263467
35	28	1	169.8764940239045	41.878486055776875
35	29	1	88.13572854291417	182.568862275449
36	1	2	20	19.999999999999996
36	2	2	19.69262295081968	95.38114754098363
36	3	2	20	169.99999999999991
36	4	2	94.93999999999997	20.035999999999998
36	5	2	96.45600000000002	95.79999999999994
36	6	2	96.364	169.86399999999992
36	7	2	170.07407407407405	19.72016460905349
36	8	2	169.99999999999994	94.99999999999997
36	9	2	170.12400000000002	170.0280000000002
36	10	1	26.982035928143716	136.17964071856304
36	11	1	21.275449101796422	80.35129740518957
36	12	1	169.22600000000006	137.2080000000002
36	13	1	114.996	129.99200000000008
36	14	1	91.21357285429146	156.2754491017963
36	15	1	105.10978043912179	56.81037924151694
36	16	1	156.80638722554892	54.48103792415168
36	17	1	162.57085828343327	74.6327345309382
36	18	1	95.41117764471059	74.67664670658675
36	19	1	39.441117764471066	55.50299401197601
36	20	1	80.65668662674642	95.01397205588819
36	21	1	20.886454183266927	152.04780876494027
36	22	1	130.8642714570858	151.73253493013954
36	23	1	46.43512974051896	139.41117764471062
36	24	1	32.72199999999999	112.76399999999988
36	25	1	98.03199999999995	138.11399999999998
36	26	1	151.8443113772456	29.97205588822355
36	27	1	56.94999999999998	98.598
36	28	1	169.76846307385242	41.856287425149695
36	29	1	88.29341317365268	182.69261477045904
37	1	2	20	19.999999999999996
37	2	2	19.69262295081968	95.38114754098363
37	3	2	20	169.99999999999991
37	4	2	94.93999999999997	20.035999999999998
37	5	2	96.45600000000002	95.79999999999994
37	6	2	96.364	169.86399999999992
37	7	2	170.07407407407405	19.72016460905349
37	8	2	169.99999999999994	94.99999999999997
37	9	2	170.12400000000002	170.0280000000002
37	10	1	27.082000000000015	136.14400000000012
37	11	1	21.290000000000003	80.38399999999994
37	12	1	169.25149700598803	137.20958083832343
37	13	1	115.06786427145708	130.00598802395203
37	14	1	91.32868525896404	156.1772908366534
37	15	1	105.12199999999994	56.91400000000005
37	16	1	156.86055776892428	54.62350597609561
37	17	1	162.58964143426294	74.61354581673302
37	18	1	95.23552894211579	74.62275449101797
37	19	1	39.44799999999998	55.61000000000004
37	20	1	80.82035928143718	94.97804391217568
37	21	1	20.920000000000012	152.02400000000011
37	22	1	130.81636726546913	151.59281437125765
37	23	1	46.391999999999996	139.4379999999999
37	24	1	32.684630738522955	112.69660678642707
37	25	1	97.9520000000001	138.03599999999997
37	26	1	151.82470119521918	30.00398406374505
37	27	1	57.144	98.49400000000011
37	28	1	169.73705179282857	41.83266932270918
37	29	1	88.34930139720565	182.70059880239515
38	1	2	20	19.999999999999996
38	2	2	19.69262295081968	95.38114754098363
38	3	2	20	169.99999999999991
38	4	2	94.93999999999997	20.035999999999998
38	5	2	96.45600000000002	95.79999999999994
38	6	2	96.364	169.86399999999992
38	7	2	170.07407407407405	19.72016460905349
38	8	2	169.99999999999994	94.99999999999997
38	9	2	170.12400000000002	170.0280000000002
38	10	1	27.28343313373253	136.09580838323373
38	11	1	21.453093812375247	80.36726546906182
38	12	1	169.2920000000002	137.11000000000004
38	13	1	115.06600000000002	129.89
38	14	1	91.38446215139436	156.1015936254979
38	15	1	105.03406813627252	56.94789579158321
38	16	1	156.89021956087836	54.820359281437106
38	17	1	162.5169660678642	74.52495009980039
38	18	1	95.22754491017963	74.51696606786426
38	19	1	39.481999999999985	55.55199999999997
38	20	1	80.938123752495	94.80838323353294
38	21	1	20.916167664670656	152.01996007984027
38	22	1	130.85856573705183	151.51394422310756
38	23	1	46.44199999999998	139.55200000000013
38	24	1	32.662674650698605	112.65868263473048
38	25	1	98.07185628742519	137.94810379241517
38	26	1	151.78800000000012	30.12399999999998
38	27	1	57.20400000000004	98.41800000000003
38	28	1	169.5828343313373	41.66666666666665
38	29	1	88.44999999999997	182.73399999999995
39	1	2	20	19.999999999999996
39	2	2	19.69262295081968	95.38114754098363
39	3	2	20	169.99999999999991
39	4	2	94.93999999999997	20.035999999999998
39	5	2	96.45600000000002	95.79999999999994
39	6	2	96.364	169.86399999999992
39	7	2	170.07407407407405	19.72016460905349
39	8	2	169.99999999999994	94.99999999999997
39	9	2	170.12400000000002	170.0280000000002
39	10	1	27.562874251497004	136.08183632734554
39	11	1	21.490000000000013	80.36600000000007
39	12	1	169.425149700599	137.08183632734531
39	13	1	115.03200000000002	129.87199999999993
39	14	1	91.48000000000006	155.9799999999997
39	15	1	104.99601593625498	57.139442231075655
39	16	1	156.94199999999995	54.853999999999964
39	17	1	162.56487025948093	74.52095808383237
39	18	1	95.16200000000003	74.37799999999996
39	19	1	39.33532934131738	55.66067864271458
39	20	1	81.14342629482076	94.70318725099598
39	21	1	20.838323353293408	152.0219560878244
39	22	1	130.76247504990027	151.29341317365285
39	23	1	46.46706586826343	139.73053892215555
39	24	1	32.655378486055774	112.67729083665344
39	25	1	98.01197604790418	137.87225548902222
39	26	1	151.83233532934133	29.97205588822353
39	27	1	57.36726546906189	98.20558882235531
39	28	1	169.45508982035912	41.64870259481036
39	29	1	88.49500998003987	182.8183632734531
40	1	2	20	19.999999999999996
40	2	2	19.69262295081968	95.38114754098363
40	3	2	20	169.99999999999991
40	4	2	94.93999999999997	20.035999999999998
40	5	2	96.45600000000002	95.79999999999994
40	6	2	96.364	169.86399999999992
40	7	2	170.07407407407405	19.72016460905349
40	8	2	169.99999999999994	94.99999999999997
40	9	2	170.12400000000002	170.0280000000002
40	10	1	27.60479041916168	136.05389221556888
40	11	1	21.540918163672664	80.41916167664667
40	12	1	169.45109780439117	136.99001996007996
40	13	1	115.06200000000001	129.86000000000007
40	14	1	91.53907815631263	155.9639278557113
40	15	1	104.92399999999992	57.20200000000001
40	16	1	157.07385229540932	54.91616766467067
40	17	1	162.4910179640719	74.53692614770458
40	18	1	95.1215139442231	74.33665338645416
40	19	1	39.30538922155692	55.66866267465069
40	20	1	81.26800000000001	94.7140000000001
40	21	1	20.82200000000001	151.942
40	22	1	130.64670658682647	151.22554890219573
40	23	1	46.36200000000001	139.71199999999985
40	24	1	32.60678642714572	112.67265469061871
40	25	1	98.05189620758478	137.80439121756476
40	26	1	151.5888223552894	29.874251497005986
40	27	1	57.54183266932271	98.1215139442232
40	28	1	169.17199999999985	41.53000000000002
40	29	1	88.62600000000005	182.94400000000002
41	1	2	20	19.999999999999996
41	2	2	19.69262295081968	95.38114754098363
41	3	2	20	169.99999999999991
41	4	2	94.93999999999997	20.035999999999998
41	5	2	96.45600000000002	95.79999999999994
41	6	2	96.364	169.86399999999992
41	7	2	170.07407407407405	19.72016460905349
41	8	2	169.99999999999994	94.99999999999997
41	9	2	170.12400000000002	170.0280000000002
41	10	1	27.752495009980038	135.9800399201596
41	11	1	21.57	80.36600000000001
41	12	1	169.368	136.90999999999997
41	13	1	114.98000000000005	129.93999999999988
41	14	1	91.63672654690617	155.97005988023932
41	15	1	104.98207171314736	57.390438247011915
41	16	1	157.08982035928148	54.94011976047908
41	17	1	162.4011976047903	74.50299401197606
41	18	1	94.93812375249499	74.34331337325345
41	19	1	39.37325349301401	55.860279441117775
41	20	1	81.33400000000007	94.658
41	21	1	20.81437125748501	151.98003992015984
41	22	1	130.50399999999985	151.14000000000001
41	23	1	46.257485029940106	139.760479041916
41	24	1	32.80000000000001	112.61399999999998
41	25	1	97.95799999999997	137.77
41	26	1	151.46506986027939	29.908183632734552
41	27	1	57.64071856287424	98.03393213572855
41	28	1	169.1277445109779	41.48502994011972
41	29	1	88.68063872255495	183.05389221556888
42	1	2	20	19.999999999999996
42	2	2	19.69262295081968	95.38114754098363
42	3	2	20	169.99999999999991
42	4	2	94.93999999999997	20.035999999999998
42	5	2	96.45600000000002	95.79999999999994
42	6	2	96.364	169.86399999999992
42	7	2	170.07407407407405	19.72016460905349
42	8	2	169.99999999999994	94.99999999999997
42	9	2	170.12400000000002	170.0280000000002
42	10	1	27.854291417165662	135.81037924151698
42	11	1	21.55999999999999	80.448
42	12	1	169.28542914171663	136.78842315369243
42	13	1	114.96593186372749	129.87575150300611
42	14	1	91.76199999999999	155.9319999999999
42	15	1	105.00199600798408	57.5029940119761
42	16	1	157.274	54.926
42	17	1	162.34730538922156	74.441117764471
42	18	1	94.84431137724556	74.24950099800404
42	19	1	39.393999999999984	55.898000000000025
42	20	1	81.3964143426294	94.52788844621513
42	21	1	20.768463073852296	151.88023952095813
42	22	1	130.51200000000009	151.15599999999995
42	23	1	46.20000000000001	139.7759999999999
42	24	1	32.85200000000002	112.62199999999996
42	25	1	97.8922155688622	137.69860279441122
42	26	1	151.43113772455104	29.86826347305389
42	27	1	57.81636726546906	97.86626746506984
42	28	1	169.0858283433134	41.44710578842317
42	29	1	89.01397205588823	183.20159680638736
43	1	2	20	19.999999999999996
43	2	2	19.69262295081968	95.38114754098363
43	3	2	20	169.99999999999991
43	4	2	94.93999999999997	20.035999999999998
43	5	2	96.45600000000002	95.79999999999994
43	6	2	96.364	169.86399999999992
43	7	2	170.07407407407405	19.72016460905349
43	8	2	169.99999999999994	94.99999999999997
43	9	2	170.12400000000002	170.0280000000002
43	10	1	27.900000000000006	135.70200000000006
43	11	1	21.560000000000024	80.5039999999999
43	12	1	169.35728542914157	136.81636726546915
43	13	1	114.89400000000003	129.79199999999994
43	14	1	91.69860279441124	155.92415169660666
43	15	1	104.97200000000005	57.58999999999992
43	16	1	157.37450199203172	54.95418326693233
43	17	1	162.37200000000013	74.40200000000009
43	18	1	94.74850299401194	74.15968063872253
43	19	1	39.44510978043908	55.908183632734556
43	20	1	81.4810379241517	94.50099800399202
43	21	1	20.633466135458157	151.84860557768928
43	22	1	130.39520958083833	151.0638722554891
43	23	1	46.13972055888222	139.78642714570856
43	24	1	32.90000000000002	112.50799999999998
43	25	1	97.92800000000001	137.768
43	26	1	151.40319361277443	29.874251497005982
43	27	1	57.90618762475051	97.81437125748498
43	28	1	169.02400000000003	41.32999999999999
43	29	1	89.09181636726545	183.34331337325335
44	1	2	20	19.999999999999996
44	2	2	19.69262295081968	95.38114754098363
44	3	2	20	169.99999999999991
44	4	2	94.93999999999997	20.035999999999998
44	5	2	96.45600000000002	95.79999999999994
44	6	2	96.364	169.86399999999992
44	7	2	170.07407407407405	19.72016460905349
44	8	2	169.99999999999994	94.99999999999997
44	9	2	170.12400000000002	170.0280000000002
44	10	1	28.021999999999988	135.67200000000008
44	11	1	21.51097804391217	80.59680638722563
44	12	1	169.29000000000005	136.66799999999986
44	13	1	114.90599999999999	129.674
44	14	1	91.72200000000004	155.89400000000018
44	15	1	105.04000000000002	57.73799999999997
44	16	1	157.49301397205593	54.96407185628748
44	17	1	162.4570858283433	74.30139720558877
44	18	1	94.69061876247501	74.06387225548903
44	19	1	39.37924151696607	55.79840319361277
44	20	1	81.57884231536922	94.437125748503
44	21	1	20.70059880239521	151.8962075848305
44	22	1	130.2874251497005	150.94810379241522
44	23	1	46.13373253493009	139.76646706586828
44	24	1	32.95009980039917	112.38922155688614
44	25	1	98.00998003992031	137.7784431137723
44	26	1	151.39121756487032	29.880239520958067
44	27	1	58.043912175648764	97.6886227544911
44	28	1	168.95608782435127	41.29940119760481
44	29	1	89.32200000000002	183.4639999999999
45	1	2	20	19.999999999999996
45	2	2	19.69262295081968	95.38114754098363
45	3	2	20	169.99999999999991
45	4	2	94.93999999999997	20.035999999999998
45	5	2	96.45600000000002	95.79999999999994
45	6	2	96.364	169.86399999999992
45	7	2	170.07407407407405	19.72016460905349
45	8	2	169.99999999999994	94.99999999999997
45	9	2	170.12400000000002	170.0280000000002
45	10	1	28.089820359281447	135.56686626746506
45	11	1	21.598000000000006	80.608
45	12	1	169.30599999999973	136.63199999999998
45	13	1	114.90618762475042	129.6487025948104
45	14	1	91.86600000000004	155.77799999999996
45	15	1	105.01596806387226	57.904191616766504
45	16	1	157.66000000000005	54.99599999999996
45	17	1	162.49799999999993	74.21999999999997
45	18	1	94.57485029940118	74.09780439121748
45	19	1	39.30738522954089	55.93812375249503
45	20	1	81.60678642714575	94.48702594810379
45	21	1	20.724550898203585	151.8063872255489
45	22	1	130.31337325349293	150.9101796407187
45	23	1	46.09199999999996	139.93199999999996
45	24	1	32.89999999999998	112.39999999999998
45	25	1	97.98199999999996	137.7879999999998
45	26	1	151.29141716566863	29.902195608782424
45	27	1	58.10778443113774	97.6487025948103
45	28	1	168.77399999999983	41.06399999999998
45	29	1	89.68662674650697	183.70858283433122
46	1	2	20	19.999999999999996
46	2	2	19.706122448979603	95.35102040816325
46	3	2	20	169.99999999999991
46	4	2	94.93999999999997	20.035999999999998
46	5	2	96.45600000000002	95.79999999999994
46	6	2	96.364	169.86399999999992
46	7	2	170.07407407407405	19.72016460905349
46	8	2	169.99999999999994	94.99999999999997
46	9	2	170.12400000000002	170.0280000000002
46	10	1	28.26946107784431	135.52894211576864
46	11	1	21.782435129740524	80.6087824351298
46	12	1	169.22954091816365	136.61676646706584
46	13	1	114.9261477045907	129.5888223552894
46	14	1	91.8662674650698	155.760479041916
46	15	1	105.01799999999997	58.064000000000014
46	16	1	157.65731462925856	54.98597194388776
46	17	1	162.49199999999993	74.14400000000003
46	18	1	94.52199999999998	74.00400000000006
46	19	1	39.15169660678642	55.880239520958064
46	20	1	81.70200000000003	94.36000000000003
46	21	1	20.760479041916174	151.7804391217567
46	22	1	130.37000000000003	150.85800000000023
46	23	1	46.07200000000002	139.91799999999972
46	24	1	32.944111776447095	112.2674650698603
46	25	1	97.9161676646707	137.69261477045907
46	26	1	151.26546906187622	29.78243512974052
46	27	1	58.32799999999998	97.58000000000003
46	28	1	168.59600000000003	40.937999999999974
46	29	1	89.95608782435123	183.90019960079846
47	1	2	20	19.999999999999996
47	2	2	19.706122448979603	95.35102040816325
47	3	2	20	169.99999999999991
47	4	2	94.93999999999997	20.035999999999998
47	5	2	96.45600000000002	95.79999999999994
47	6	2	96.364	169.86399999999992
47	7	2	170.07407407407405	19.72016460905349
47	8	2	169.99999999999994	94.99999999999997
47	9	2	170.12400000000002	170.0280000000002
47	10	1	28.33400000000001	135.58800000000014
47	11	1	22.004000000000033	80.7500000000001
47	12	1	169.19960079840314	136.5169660678644
47	13	1	114.94011976047898	129.58083832335325
47	14	1	91.96806387225554	155.82834331337307
47	15	1	105.0940000000001	58.13799999999997
47	16	1	157.75449101796414	55.02395209580835
47	17	1	162.55289421157676	73.99999999999996
47	18	1	94.45109780439125	73.95808383233538
47	19	1	39.132000000000005	56.01999999999996
47	20	1	81.72745490981957	94.34669338677351
47	21	1	20.728000000000012	151.8059999999999
47	22	1	130.29141716566863	150.70459081836313
47	23	1	46.05189620758486	139.92814371257492
47	24	1	32.926147704590846	112.30538922155682
47	25	1	97.9079999999999	137.63200000000003
47	26	1	151.19760479041915	29.77445109780438
47	27	1	58.3852295409182	97.6187624750499
47	28	1	168.56800000000013	40.887999999999984
47	29	1	90.15999999999993	184.038
48	1	2	20	19.999999999999996
48	2	2	19.72357723577237	95.32113821138215
48	3	2	20	169.99999999999991
48	4	2	94.93999999999997	20.035999999999998
48	5	2	96.45600000000002	95.79999999999994
48	6	2	96.364	169.86399999999992
48	7	2	170.07407407407405	19.72016460905349
48	8	2	169.99999999999994	94.99999999999997
48	9	2	170.12400000000002	170.0280000000002
48	10	1	28.330661322645287	135.5851703406815
48	11	1	22.07	80.73199999999996
48	12	1	169.14599999999993	136.47400000000007
48	13	1	114.99001996007986	129.66267465069868
48	14	1	91.95600000000005	155.84999999999985
48	15	1	105.11377245508979	58.201596806387236
48	16	1	157.93413173652692	55.07385229540919
48	17	1	162.56686626746523	73.95009980039922
48	18	1	94.37724550898203	73.89021956087822
48	19	1	38.99999999999998	56.097804391217544
48	20	1	81.74199999999996	94.44199999999998
48	21	1	20.747999999999983	151.79000000000002
48	22	1	130.3419999999998	150.67399999999995
48	23	1	45.931999999999995	139.96200000000005
48	24	1	32.794411177644704	112.24750499002
48	25	1	97.9179999999999	137.66399999999996
48	26	1	151.09418837675344	29.775551102204407
48	27	1	58.4980079681275	97.61155378486059
48	28	1	168.32999999999998	40.752
48	29	1	90.47200000000011	184.1020000000001
49	1	2	20	19.999999999999996
49	2	2	19.72357723577237	95.32113821138215
49	3	2	20	169.99999999999991
49	4	2	94.93999999999997	20.035999999999998
49	5	2	96.45600000000002	95.79999999999994
49	6	2	96.364	169.86399999999992
49	7	2	170.07407407407405	19.72016460905349
49	8	2	169.99999999999994	94.99999999999997
49	9	2	170.12400000000002	170.0280000000002
49	10	1	28.252505010020055	135.50701402805615
49	11	1	22.11599999999999	80.75200000000008
49	12	1	169.15200000000004	136.43000000000004
49	13	1	114.976	129.63599999999977
49	14	1	92.01999999999992	155.97600000000014
49	15	1	105.07799999999997	58.22599999999998
49	16	1	158.00200000000018	55.082000000000036
49	17	1	162.6467065868263	73.88822355289429
49	18	1	94.23353293413176	73.80039920159675
49	19	1	38.90618762475044	56.21357285429138
49	20	1	81.79999999999995	94.40399999999995
49	21	1	20.817999999999977	151.738
49	22	1	130.3113772455089	150.64471057884225
49	23	1	45.894	140.06600000000006
49	24	1	32.82834331337323	112.24151696606785
49	25	1	97.87025948103792	137.6826347305388
49	26	1	151.004	29.813999999999986
49	27	1	58.5289421157685	97.63473053892208
49	28	1	168.26199999999997	40.667999999999985
49	29	1	90.90419161676634	184.36127744510983
50	1	2	20	19.999999999999996
50	2	2	19.72357723577237	95.32113821138215
50	3	2	20	169.99999999999991
50	4	2	94.93999999999997	20.035999999999998
50	5	2	96.45600000000002	95.79999999999994
50	6	2	96.364	169.86399999999992
50	7	2	170.07407407407405	19.72016460905349
50	8	2	169.99999999999994	94.99999999999997
50	9	2	170.12400000000002	170.0280000000002
50	10	1	28.278000000000016	135.442
50	11	1	22.276000000000025	80.75799999999994
50	12	1	169.18599999999998	136.42200000000003
50	13	1	115.09980039920154	129.62674650698594
50	14	1	92.03777335984086	156.05367793240563
50	15	1	105.07584830339324	58.36327345309382
50	16	1	158.0659999999999	55.11199999999995
50	17	1	162.6586826347306	73.88023952095811
50	18	1	94.14970059880241	73.75449101796409
50	19	1	38.76400000000003	56.34200000000001
50	20	1	81.91799999999998	94.46600000000002
50	21	1	20.748502994011993	151.6906187624751
50	22	1	130.25548902195587	150.66267465069856
50	23	1	45.80799999999999	140.12400000000014
50	24	1	32.79640718562874	112.15169660678633
50	25	1	97.82868525896413	137.7171314741037
50	26	1	150.94610778443123	29.810379241516962
50	27	1	58.632	97.69800000000004
50	28	1	168.23904382470133	40.6414342629482
50	29	1	90.97199999999991	184.40399999999985
51	1	2	20	19.999999999999996
51	2	2	19.744939271255067	95.29149797570845
51	3	2	20	169.99999999999991
51	4	2	94.93999999999997	20.035999999999998
51	5	2	96.45600000000002	95.79999999999994
51	6	2	96.364	169.86399999999992
51	7	2	170.07407407407405	19.72016460905349
51	8	2	169.99999999999994	94.99999999999997
51	9	2	170.12400000000002	170.0280000000002
51	10	1	28.261477045908162	135.4071856287424
51	11	1	22.352	80.74399999999994
51	12	1	169.19361277445097	136.3632734530939
51	13	1	115.05588822355283	129.62275449101793
51	14	1	91.94011976047905	156.08982035928142
51	15	1	105.08000000000001	58.45999999999997
51	16	1	158.10799999999995	55.07799999999996
51	17	1	162.5756972111551	73.8346613545817
51	18	1	94.14200000000005	73.66600000000008
51	19	1	38.7564870259481	56.449101796407184
51	20	1	81.98003992015967	94.32734530938124
51	21	1	20.750000000000007	151.7080000000001
51	22	1	130.276	150.67799999999968
51	23	1	45.679999999999986	140.11400000000015
51	24	1	32.833999999999975	112.10000000000008
51	25	1	97.82834331337331	137.7764471057884
51	26	1	150.9362549800797	29.778884462151396
51	27	1	58.668662674650676	97.75848303393214
51	28	1	168.20600000000002	40.60799999999996
51	29	1	91.3273453093812	184.53692614770455
52	1	2	20	19.999999999999996
52	2	2	19.744939271255067	95.29149797570845
52	3	2	20	169.99999999999991
52	4	2	94.93999999999997	20.035999999999998
52	5	2	96.45600000000002	95.79999999999994
52	6	2	96.364	169.86399999999992
52	7	2	170.07407407407405	19.72016460905349
52	8	2	169.99999999999994	94.99999999999997
52	9	2	170.12400000000002	170.0280000000002
52	10	1	28.16367265469061	135.36526946107784
52	11	1	22.531999999999993	80.77000000000008
52	12	1	169.127744510978	136.24750499002002
52	13	1	115.0637450199204	129.66733067729086
52	14	1	91.86626746506978	156.24151696606782
52	15	1	105.126	58.543999999999976
52	16	1	158.21556886227535	55.1097804391218
52	17	1	162.58882235528944	73.7365269461078
52	18	1	94.05189620758465	73.58083832335333
52	19	1	38.59081836327349	56.49900199600804
52	20	1	82.03992015968058	94.29740518962079
52	21	1	20.891999999999992	151.7559999999999
52	22	1	130.21956087824339	150.72255489021936
52	23	1	45.64870259481044	140.14970059880253
52	24	1	32.81237524950102	112.01796407185633
52	25	1	97.85429141716564	137.82235528942087
52	26	1	150.90818363273434	29.72854291417167
52	27	1	58.836327345309385	97.74251497005983
52	28	1	168.1660000000002	40.57999999999998
52	29	1	91.51896207584828	184.74251497005977
53	1	2	20	19.999999999999996
53	2	2	19.744939271255067	95.29149797570845
53	3	2	20	169.99999999999991
53	4	2	94.93999999999997	20.035999999999998
53	5	2	96.45600000000002	95.79999999999994
53	6	2	96.364	169.86399999999992
53	7	2	170.07407407407405	19.72016460905349
53	8	2	169.99999999999994	94.99999999999997
53	9	2	170.12400000000002	170.0280000000002
53	10	1	28.203999999999997	135.332
53	11	1	22.56287425149701	80.79241516966057
53	12	1	169.0219560878243	136.23153692614758
53	13	1	115.12600000000008	129.68399999999997
53	14	1	91.91417165668665	156.2255489021957
53	15	1	105.23199999999999	58.64800000000001
53	16	1	158.21	55.07799999999998
53	17	1	162.65200000000004	73.62199999999994
53	18	1	93.96600000000004	73.50600000000003
53	19	1	38.491017964071844	56.61876247504987
53	20	1	82.13800000000005	94.182
53	21	1	20.888000000000005	151.71800000000013
53	22	1	130.10199999999983	150.6199999999999
53	23	1	45.574	140.28799999999995
53	24	1	32.77200000000001	111.98200000000003
53	25	1	97.81437125748506	137.69061876247514
53	26	1	150.87000000000006	29.735999999999965
53	27	1	58.98602794411174	97.7045908183633
53	28	1	168.16400000000007	40.62800000000005
53	29	1	91.78443113772467	184.87025948103792
54	1	2	20	19.999999999999996
54	2	2	19.744939271255067	95.29149797570845
54	3	2	20	169.99999999999991
54	4	2	94.93999999999997	20.035999999999998
54	5	2	96.45600000000002	95.79999999999994
54	6	2	96.364	169.86399999999992
54	7	2	170.07407407407405	19.72016460905349
54	8	2	169.99999999999994	94.99999999999997
54	9	2	170.12400000000002	170.0280000000002
54	10	1	28.25199999999999	135.25399999999985
54	11	1	22.59081836327344	80.65269461077843
54	12	1	168.98003992015973	136.0998003992016
54	13	1	115.10978043912176	129.6147704590817
54	14	1	91.75199999999995	156.3820000000001
54	15	1	105.21200000000007	58.69399999999996
54	16	1	158.28400000000008	55.081999999999965
54	17	1	162.61477045908194	73.5089820359282
54	18	1	93.9161676646706	73.45508982035929
54	19	1	38.38922155688626	56.81237524950104
54	20	1	82.2779999999999	94.26199999999999
54	21	1	20.913827655310644	151.66332665330677
54	22	1	129.99001996007976	150.74051896207575
54	23	1	45.51599999999997	140.42400000000004
54	24	1	32.8003992015968	111.87225548902197
54	25	1	97.85800000000002	137.70200000000008
54	26	1	150.84630738522952	29.690618762475033
54	27	1	59.069999999999965	97.668
54	28	1	168.17964071856287	40.624750499001976
54	29	1	92.29200000000009	185.104
55	1	2	20	19.999999999999996
55	2	2	19.744939271255067	95.29149797570845
55	3	2	20	169.99999999999991
55	4	2	94.93999999999997	20.035999999999998
55	5	2	96.45600000000002	95.79999999999994
55	6	2	96.364	169.86399999999992
55	7	2	170.07407407407405	19.72016460905349
55	8	2	169.99999999999994	94.99999999999997
55	9	2	170.12400000000002	170.0280000000002
55	10	1	28.280000000000022	135.07800000000015
55	11	1	22.69539078156312	80.62124248496997
55	12	1	168.8999999999999	136.15800000000016
55	13	1	115.10179640718559	129.54091816367264
55	14	1	91.79041916167662	156.4391217564871
55	15	1	105.284	58.81000000000005
55	16	1	158.38999999999982	55.13000000000001
55	17	1	162.64199999999997	73.52199999999992
55	18	1	93.82000000000005	73.39400000000009
55	19	1	38.36000000000005	56.886000000000024
55	20	1	82.31337325349291	94.2315369261478
55	21	1	21.024	151.57799999999995
55	22	1	129.96207584830336	150.67465069860273
55	23	1	45.506986027944095	140.4590818363273
55	24	1	32.83832335329342	111.6606786427145
55	25	1	97.95000000000013	137.71199999999993
55	26	1	150.7074148296593	29.821643286573153
55	27	1	58.99001996007986	97.69261477045904
55	28	1	168.16766467065847	40.60479041916166
55	29	1	92.558882235529	185.23952095808372
56	1	2	20	19.999999999999996
56	2	2	19.744939271255067	95.29149797570845
56	3	2	20	169.99999999999991
56	4	2	94.93999999999997	20.035999999999998
56	5	2	96.45600000000002	95.79999999999994
56	6	2	96.364	169.86399999999992
56	7	2	170.07407407407405	19.72016460905349
56	8	2	169.99999999999994	94.99999999999997
56	9	2	170.12400000000002	170.0280000000002
56	10	1	28.327999999999985	135.01999999999975
56	11	1	22.838000000000008	80.59799999999994
56	12	1	168.78000000000011	136.06799999999993
56	13	1	115.20199999999997	129.55999999999997
56	14	1	91.72055888223557	156.50898203592814
56	15	1	105.31399999999994	59.02599999999998
56	16	1	158.50399999999976	55.15399999999999
56	17	1	162.5180000000003	73.44200000000002
56	18	1	93.65668662674649	73.34331337325348
56	19	1	38.41916167664671	57.08782435129738
56	20	1	82.3832335329341	94.19960079840311
56	21	1	21.09	151.58199999999994
56	22	1	130.062	150.78199999999995
56	23	1	45.486000000000026	140.54600000000013
56	24	1	32.76646706586826	111.58882235528937
56	25	1	98.03399999999996	137.66200000000003
56	26	1	150.72200000000004	29.714000000000013
56	27	1	59.021956087824336	97.69660678642711
56	28	1	168.07800000000006	40.522
56	29	1	92.59000000000003	185.13200000000018
57	1	2	20	19.999999999999996
57	2	2	19.744939271255067	95.29149797570845
57	3	2	20	169.99999999999991
57	4	2	94.93999999999997	20.035999999999998
57	5	2	96.45600000000002	95.79999999999994
57	6	2	96.364	169.86399999999992
57	7	2	170.07407407407405	19.72016460905349
57	8	2	169.99999999999994	94.99999999999997
57	9	2	170.12400000000002	170.0280000000002
57	10	1	28.228000000000005	134.93000000000004
57	11	1	22.93812375249501	80.51497005988014
57	12	1	168.79880478087662	135.69322709163353
57	13	1	115.28742514970052	129.4850299401197
57	14	1	91.73947895791582	156.6112224448899
57	15	1	105.33333333333339	59.04191616766468
57	16	1	158.64199999999997	55.23400000000005
57	17	1	162.40319361277446	73.38922155688626
57	18	1	93.64599999999996	73.29800000000002
57	19	1	38.33399999999998	57.20000000000004
57	20	1	82.41317365269471	94.11177644710575
57	21	1	21.133999999999986	151.55000000000015
57	22	1	129.98199999999994	150.70800000000006
57	23	1	45.38399999999998	140.5819999999999
57	24	1	32.824	111.44200000000005
57	25	1	98.03600000000007	137.68000000000004
57	26	1	150.61600000000016	29.804
57	27	1	58.90419161676653	97.72055888223545
57	28	1	168.1115537848606	40.34661354581674
57	29	1	92.78443113772448	185.2435129740518
58	1	2	20	19.999999999999996
58	2	2	19.744939271255067	95.29149797570845
58	3	2	20	169.99999999999991
58	4	2	94.93999999999997	20.035999999999998
58	5	2	96.45600000000002	95.79999999999994
58	6	2	96.364	169.86399999999992
58	7	2	170.07407407407405	19.72016460905349
58	8	2	169.99999999999994	94.99999999999997
58	9	2	170.12400000000002	170.0280000000002
58	10	1	28.373999999999974	134.894
58	11	1	23.159680638722545	80.41317365269457
58	12	1	168.73253493013976	135.55489021956086
58	13	1	115.28399999999998	129.44600000000005
58	14	1	91.734	156.6760000000002
58	15	1	105.20159680638719	59.18562874251496
58	16	1	158.85828343313378	55.347305389221525
58	17	1	162.4440000000001	73.24600000000001
58	18	1	93.50600000000001	73.19799999999996
58	19	1	38.321999999999996	57.411999999999956
58	20	1	82.50599999999994	94.11000000000006
58	21	1	21.15968063872255	151.52694610778417
58	22	1	130.11999999999995	150.6499999999999
58	23	1	45.412000000000006	140.71399999999997
58	24	1	32.92215568862279	111.36127744510979
58	25	1	98.12375249500991	137.6986027944112
58	26	1	150.64400000000006	29.81799999999998
58	27	1	58.888223552894246	97.78043912175649
58	28	1	168.03999999999988	40.239999999999995
58	29	1	93.04600000000006	185.34399999999982
59	1	2	20	19.999999999999996
59	2	2	19.744939271255067	95.29149797570845
59	3	2	20	169.99999999999991
59	4	2	94.93999999999997	20.035999999999998
59	5	2	96.45600000000002	95.79999999999994
59	6	2	96.364	169.86399999999992
59	7	2	170.07407407407405	19.72016460905349
59	8	2	169.99999999999994	94.99999999999997
59	9	2	170.12400000000002	170.0280000000002
59	10	1	28.37524950099802	134.85628742514973
59	11	1	23.23799999999999	80.45200000000001
59	12	1	168.74199999999985	135.408
59	13	1	115.35928143712584	129.37125748502987
59	14	1	91.80800000000008	156.61800000000014
59	15	1	105.22754491017962	59.30738522954084
59	16	1	158.97410358565733	55.39641434262947
59	17	1	162.43086172344695	73.2004008016032
59	18	1	93.49298597194388	73.16833667334663
59	19	1	38.28143712574852	57.624750499001976
59	20	1	82.59399999999998	94.22800000000001
59	21	1	21.230000000000004	151.486
59	22	1	130.20958083832346	150.5548902195608
59	23	1	45.402390438247004	140.74302788844642
59	24	1	32.902	111.34600000000006
59	25	1	98.09599999999999	137.74400000000009
59	26	1	150.57485029940125	29.73053892215567
59	27	1	58.87025948103797	97.80239520958081
59	28	1	168.03792415169664	40.391217564870274
59	29	1	93.196	185.33599999999984
60	1	2	20	19.999999999999996
60	2	2	19.744939271255067	95.29149797570845
60	3	2	20	169.99999999999991
60	4	2	94.93999999999997	20.035999999999998
60	5	2	96.45600000000002	95.79999999999994
60	6	2	96.364	169.86399999999992
60	7	2	170.07407407407405	19.72016460905349
60	8	2	169.99999999999994	94.99999999999997
60	9	2	170.12400000000002	170.0280000000002
60	10	1	28.457831325301207	134.86947791164664
60	11	1	23.297405189620775	80.44111776447114
60	12	1	168.67864271457094	135.21756487025962
60	13	1	115.42600000000009	129.2940000000001
60	14	1	91.70199999999997	156.64400000000018
60	15	1	105.21599999999992	59.43399999999999
60	16	1	159.12199999999993	55.382
60	17	1	162.39920159680645	73.11377245508982
60	18	1	93.37875751502997	73.18036072144292
60	19	1	38.33999999999998	57.71999999999997
60	20	1	82.64071856287418	94.34131736526946
60	21	1	21.28942115768462	151.48902195608775
60	22	1	130.26199999999994	150.58399999999995
60	23	1	45.315369261477024	140.75049900199613
60	24	1	32.902	111.34600000000006
60	25	1	98.25799999999997	137.80799999999996
60	26	1	150.58799999999994	29.65400000000001
60	27	1	58.80799999999999	97.768
60	28	1	168.0019960079839	40.32734530938127
60	29	1	93.48502994011963	185.46906187624728
61	1	2	20	19.999999999999996
61	2	2	19.744939271255067	95.29149797570845
61	3	2	20	169.99999999999991
61	4	2	94.93999999999997	20.035999999999998
61	5	2	96.45600000000002	95.79999999999994
61	6	2	96.364	169.86399999999992
61	7	2	170.07407407407405	19.72016460905349
61	8	2	169.99999999999994	94.99999999999997
61	9	2	170.12400000000002	170.0280000000002
61	10	1	28.33732534930138	134.75648702594793
61	11	1	23.24	80.39399999999995
61	12	1	168.65069860279436	135.05389221556877
61	13	1	115.46107784431136	129.27744510978044
61	14	1	91.50898203592816	156.7764471057885
61	15	1	105.28343313373259	59.50898203592815
61	16	1	159.2324649298596	55.39478957915834
61	17	1	162.39200000000002	73.0540000000001
61	18	1	93.37599999999992	73.16800000000002
61	19	1	38.30400000000002	57.88200000000002
61	20	1	82.68063872255486	94.42714570858271
61	21	1	21.39121756487027	151.43912175648686
61	22	1	130.32200000000003	150.654
61	23	1	45.33200000000001	140.8580000000001
61	24	1	32.897999999999996	111.314
61	25	1	98.38123752495012	137.85429141716565
61	26	1	150.60878243512974	29.58283433133731
61	27	1	58.8263473053892	97.70658682634738
61	28	1	168.0400000000002	40.33599999999996
61	29	1	93.80200000000009	185.64400000000003
62	1	2	20	19.999999999999996
62	2	2	19.744939271255067	95.29149797570845
62	3	2	20	169.99999999999991
62	4	2	94.93999999999997	20.035999999999998
62	5	2	96.45600000000002	95.79999999999994
62	6	2	96.364	169.86399999999992
62	7	2	170.07407407407405	19.72016460905349
62	8	2	169.99999999999994	94.99999999999997
62	9	2	170.12400000000002	170.0280000000002
62	10	1	28.381237524950112	134.7045908183633
62	11	1	23.345309381237527	80.40518962075853
62	12	1	168.46307385229557	134.922155688623
62	13	1	115.4220000000001	129.2899999999997
62	14	1	91.45799999999997	156.76599999999993
62	15	1	105.36653386454181	59.62749003984067
62	16	1	159.30139720558878	55.383233532934106
62	17	1	162.3779999999999	72.99800000000006
62	18	1	93.1516966067864	73.17764471057892
62	19	1	38.39879759519038	57.947895791583214
62	20	1	82.69061876247507	94.52495009980038
62	21	1	21.453999999999997	151.40400000000008
62	22	1	130.382	150.71600000000007
62	23	1	45.333999999999996	140.9160000000001
62	24	1	32.91616766467067	111.22155688622743
62	25	1	98.45508982035923	137.91616766467055
62	26	1	150.71142284569152	29.545090180360717
62	27	1	58.87824351297404	97.82235528942125
62	28	1	168.0940000000002	40.32400000000003
62	29	1	93.95209580838323	185.66267465069882
63	1	2	20	19.999999999999996
63	2	2	19.744939271255067	95.29149797570845
63	3	2	20	169.99999999999991
63	4	2	94.93999999999997	20.035999999999998
63	5	2	96.45600000000002	95.79999999999994
63	6	2	96.364	169.86399999999992
63	7	2	170.07407407407405	19.72016460905349
63	8	2	169.99999999999994	94.99999999999997
63	9	2	170.12400000000002	170.0280000000002
63	10	1	28.420000000000027	134.65999999999997
63	11	1	23.369261477045914	80.57285429141727
63	12	1	168.52295409181647	134.84630738522952
63	13	1	115.44111776447103	129.3033932135728
63	14	1	91.51097804391213	156.84231536926146
63	15	1	105.2974051896207	59.64471057884231
63	16	1	159.36726546906192	55.38123752495005
63	17	1	162.3213572854292	72.91816367265476
63	18	1	93.16	73.09799999999997
63	19	1	38.31936127744511	57.968063872255534
63	20	1	82.702	94.43999999999994
63	21	1	21.554	151.40999999999988
63	22	1	130.3313373253493	150.7185628742516
63	23	1	45.357285429141704	140.81037924151693
63	24	1	32.9301397205589	111.23752495009981
63	25	1	98.4211576846308	137.97604790419146
63	26	1	150.63799999999998	29.619999999999994
63	27	1	58.881999999999984	97.81600000000005
63	28	1	168.10199999999995	40.227999999999945
63	29	1	94.2415169660678	185.8223552894212
64	1	2	20	19.999999999999996
64	2	2	19.744939271255067	95.29149797570845
64	3	2	20	169.99999999999991
64	4	2	94.93999999999997	20.035999999999998
64	5	2	96.45600000000002	95.79999999999994
64	6	2	96.364	169.86399999999992
64	7	2	170.07407407407405	19.72016460905349
64	8	2	169.99999999999994	94.99999999999997
64	9	2	170.12400000000002	170.0280000000002
64	10	1	28.43313373253494	134.58483033932134
64	11	1	23.455089820359294	80.64071856287426
64	12	1	168.44510978043914	134.66866267465076
64	13	1	115.444	129.2479999999998
64	14	1	91.54890219560882	156.96606786427148
64	15	1	105.34800000000003	59.682000000000045
64	16	1	159.55000000000018	55.38799999999999
64	17	1	162.19721115537843	72.80278884462147
64	18	1	93.10220440881764	73.05410821643287
64	19	1	38.4630738522954	58.153692614770414
64	20	1	82.764	94.49000000000005
64	21	1	21.634000000000018	151.4500000000001
64	22	1	130.316	150.7160000000001
64	23	1	45.325349301397175	140.7824351297405
64	24	1	32.93812375249503	111.14171656686631
64	25	1	98.53187250996018	138.12948207171337
64	26	1	150.65737051792829	29.551792828685258
64	27	1	58.86799999999999	97.802
64	28	1	168.20159680638713	40.30738522954091
64	29	1	94.56000000000004	185.87800000000007
65	1	2	20	19.999999999999996
65	2	2	19.744939271255067	95.29149797570845
65	3	2	20	169.99999999999991
65	4	2	94.93999999999997	20.035999999999998
65	5	2	96.45600000000002	95.79999999999994
65	6	2	96.364	169.86399999999992
65	7	2	170.07407407407405	19.72016460905349
65	8	2	169.99999999999994	94.99999999999997
65	9	2	170.12400000000002	170.0280000000002
65	10	1	28.307385229540913	134.44311377245512
65	11	1	23.504990019960086	80.7584830339321
65	12	1	168.4051896207584	134.58083832335353
65	13	1	115.39720558882235	129.29740518962063
65	14	1	91.42514970059885	157.11976047904182
65	15	1	105.40399999999997	59.634000000000015
65	16	1	159.6399999999999	55.39
65	17	1	162.0159680638724	72.70459081836329
65	18	1	93.07599999999996	72.98400000000004
65	19	1	38.469061876247494	58.13572854291414
65	20	1	82.86800000000001	94.47799999999991
65	21	1	21.790419161676635	151.44111776447124
65	22	1	130.47410358565733	150.6354581673307
65	23	1	45.277999999999984	140.68800000000002
65	24	1	33.00400000000001	110.93799999999987
65	25	1	98.67465069860279	138.23552894211576
65	26	1	150.73253493013982	29.45508982035932
65	27	1	58.868263473053915	97.74051896207588
65	28	1	168.2614770459082	40.375249500998024
65	29	1	94.7245508982035	186.007984031936
66	1	2	20	19.999999999999996
66	2	2	19.744939271255067	95.29149797570845
66	3	2	20	169.99999999999991
66	4	2	94.93999999999997	20.035999999999998
66	5	2	96.45600000000002	95.79999999999994
66	6	2	96.364	169.86399999999992
66	7	2	170.07407407407405	19.72016460905349
66	8	2	169.99999999999994	94.99999999999997
66	9	2	170.12400000000002	170.0280000000002
66	10	1	28.265999999999984	134.41199999999995
66	11	1	23.64599999999999	80.82199999999997
66	12	1	168.30000000000004	134.492
66	13	1	115.37924151696606	129.25149700598803
66	14	1	91.53892215568855	157.14570858283435
66	15	1	105.42514970059874	59.69261477045905
66	16	1	159.626	55.414
66	17	1	162.07399999999984	72.68399999999993
66	18	1	93.03193612774461	73.04790419161681
66	19	1	38.620000000000005	58.34599999999994
66	20	1	82.88399999999987	94.512
66	21	1	21.917999999999996	151.39399999999998
66	22	1	130.4879999999999	150.55399999999992
66	23	1	45.2794411177645	140.60079840319378
66	24	1	32.99600000000003	110.922
66	25	1	98.85029940119757	138.27944111776435
66	26	1	150.7804391217566	29.357285429141736
66	27	1	58.832335329341355	97.75049900199599
66	28	1	168.27145708582847	40.465069860279456
66	29	1	94.90219560878243	186.03393213572866
67	1	2	20	19.999999999999996
67	2	2	19.744939271255067	95.29149797570845
67	3	2	20	169.99999999999991
67	4	2	94.93999999999997	20.035999999999998
67	5	2	96.45600000000002	95.79999999999994
67	6	2	96.364	169.86399999999992
67	7	2	170.07407407407405	19.72016460905349
67	8	2	169.99999999999994	94.99999999999997
67	9	2	170.12400000000002	170.0280000000002
67	10	1	28.266000000000012	134.34800000000016
67	11	1	23.932135728542903	80.77245508982044
67	12	1	168.092	134.51600000000008
67	13	1	115.28199999999994	129.24399999999997
67	14	1	91.59799999999996	157.10399999999996
67	15	1	105.30399999999992	59.698
67	16	1	159.59999999999997	55.398
67	17	1	162.03399999999996	72.63600000000008
67	18	1	92.95600000000009	73.0460000000001
67	19	1	38.74650698602797	58.28742514970061
67	20	1	82.8702594810379	94.58882235528947
67	21	1	22.08982035928142	151.35129740518963
67	22	1	130.48406374501997	150.5697211155381
67	23	1	45.213572854291385	140.27744510978061
67	24	1	32.94211576846306	110.88223552894216
67	25	1	98.88822355289426	138.3353293413173
67	26	1	150.8519999999999	29.275999999999996
67	27	1	58.79041916167666	97.76846307385239
67	28	1	168.24151696606776	40.441117764471066
67	29	1	95.10600000000007	186.08599999999996
68	1	2	20	19.999999999999996
68	2	2	19.744939271255067	95.29149797570845
68	3	2	20	169.99999999999991
68	4	2	94.93999999999997	20.035999999999998
68	5	2	96.45600000000002	95.79999999999994
68	6	2	96.364	169.86399999999992
68	7	2	170.07407407407405	19.72016460905349
68	8	2	169.99999999999994	94.99999999999997
68	9	2	170.12400000000002	170.0280000000002
68	10	1	28.229999999999993	134.22599999999997
68	11	1	23.924000000000014	80.87000000000008
68	12	1	167.94200000000004	134.22599999999986
68	13	1	115.313373253493	129.28942115768464
68	14	1	91.65999999999998	157.06199999999993
68	15	1	105.25199999999998	59.75799999999998
68	16	1	159.60200000000003	55.355999999999995
68	17	1	161.92015968063882	72.50499001996012
68	18	1	92.9199999999999	73.08400000000003
68	19	1	38.850299401197624	58.37724550898207
68	20	1	82.87399999999992	94.66400000000006
68	21	1	22.199600798403207	151.36127744510975
68	22	1	130.546	150.59399999999994
68	23	1	45.14999999999998	140.284
68	24	1	32.870259481037934	110.81237524950099
68	25	1	98.98000000000005	138.37399999999997
68	26	1	150.85258964143426	29.175298804780855
68	27	1	58.74000000000004	97.70800000000001
68	28	1	168.21956087824344	40.485029940119695
68	29	1	95.28143712574834	186.12774451097818
69	1	2	20	19.999999999999996
69	2	2	19.744939271255067	95.29149797570845
69	3	2	20	169.99999999999991
69	4	2	94.93999999999997	20.035999999999998
69	5	2	96.45600000000002	95.79999999999994
69	6	2	96.364	169.86399999999992
69	7	2	170.07407407407405	19.72016460905349
69	8	2	169.99999999999994	94.99999999999997
69	9	2	170.12400000000002	170.0280000000002
69	10	1	28.309999999999995	134.1060000000001
69	11	1	24.03792415169661	80.94610778443115
69	12	1	167.80638722554886	134.06986027944134
69	13	1	115.34730538922159	129.41716566866265
69	14	1	91.6626746506986	157.0718562874252
69	15	1	105.24550898203596	59.836327345309385
69	16	1	159.57600000000002	55.27200000000004
69	17	1	161.81673306772893	72.49601593625495
69	18	1	92.78599999999996	73.05199999999991
69	19	1	38.85657370517933	58.47011952191235
69	20	1	82.87999999999998	94.72200000000002
69	21	1	22.264000000000003	151.2700000000001
69	22	1	130.688	150.52999999999986
69	23	1	45.09218436873747	140.40480961923845
69	24	1	32.910000000000004	110.76000000000002
69	25	1	99.09200000000014	138.45800000000008
69	26	1	150.87799999999993	29.15200000000002
69	27	1	58.50698602794409	97.57485029940118
69	28	1	168.29399999999987	40.460000000000015
69	29	1	95.44800000000005	186.21399999999994
70	1	2	20	19.999999999999996
70	2	2	19.744939271255067	95.29149797570845
70	3	2	20	169.99999999999991
70	4	2	94.93999999999997	20.035999999999998
70	5	2	96.45600000000002	95.79999999999994
70	6	2	96.364	169.86399999999992
70	7	2	170.07407407407405	19.72016460905349
70	8	2	169.99999999999994	94.99999999999997
70	9	2	170.12400000000002	170.0280000000002
70	10	1	28.42115768463074	133.98802395209583
70	11	1	24.11400000000002	81.01800000000003
70	12	1	167.69860279441122	133.9201596806387
70	13	1	115.33400000000006	129.33399999999995
70	14	1	91.69061876247505	157.07584830339317
70	15	1	105.22200000000001	59.84800000000001
70	16	1	159.74399999999997	55.34200000000002
70	17	1	161.7964071856288	72.49301397205589
70	18	1	92.79800000000006	73.14600000000006
70	19	1	38.91816367265465	58.56487025948112
70	20	1	82.85828343313368	94.78043912175654
70	21	1	22.34399999999998	151.1400000000001
70	22	1	130.7819999999999	150.41600000000003
70	23	1	45.03400000000002	140.51599999999996
70	24	1	32.924151696606785	110.71257485029942
70	25	1	99.23752495009977	138.54890219560886
70	26	1	150.93213572854296	29.067864271457125
70	27	1	58.461077844311404	97.54890219560885
70	28	1	168.3153692614771	40.5489021956088
70	29	1	95.55489021956083	186.26147704590812
71	1	2	20	19.999999999999996
71	2	2	19.744939271255067	95.29149797570845
71	3	2	20	169.99999999999991
71	4	2	94.93999999999997	20.035999999999998
71	5	2	96.45600000000002	95.79999999999994
71	6	2	96.364	169.86399999999992
71	7	2	170.07407407407405	19.72016460905349
71	8	2	169.99999999999994	94.99999999999997
71	9	2	170.12400000000002	170.0280000000002
71	10	1	28.371999999999982	133.90799999999996
71	11	1	24.12600000000001	81.06599999999993
71	12	1	167.56600000000003	133.77800000000005
71	13	1	115.402	129.36599999999987
71	14	1	91.70599999999996	157.09599999999983
71	15	1	105.23400000000011	60.029999999999994
71	16	1	159.75249500998004	55.275449101796475
71	17	1	161.71200000000005	72.45600000000003
71	18	1	92.73399999999998	73.19800000000004
71	19	1	38.909999999999975	58.67200000000005
71	20	1	82.85258964143421	94.91434262948214
71	21	1	22.43399999999999	151.07600000000005
71	22	1	130.9041916167666	150.39520958083827
71	23	1	45.01796407185631	140.45109780439108
71	24	1	32.92215568862276	110.67065868263481
71	25	1	99.44111776447107	138.64670658682647
71	26	1	151.0299401197605	28.864271457085838
71	27	1	58.44111776447103	97.4630738522954
71	28	1	168.3360000000001	40.586
71	29	1	95.62874251497	186.3173652694612
72	1	2	20	19.999999999999996
72	2	2	19.744939271255067	95.29149797570845
72	3	2	20	169.99999999999991
72	4	2	94.93999999999997	20.035999999999998
72	5	2	96.45600000000002	95.79999999999994
72	6	2	96.364	169.86399999999992
72	7	2	170.07407407407405	19.72016460905349
72	8	2	169.99999999999994	94.99999999999997
72	9	2	170.12400000000002	170.0280000000002
72	10	1	28.31274900398407	133.76494023904385
72	11	1	24.297999999999995	81.08399999999999
72	12	1	167.36726546906192	133.71457085828322
72	13	1	115.51000000000002	129.34999999999994
72	14	1	91.75449101796407	157.06387225548886
72	15	1	105.21199999999993	60.06999999999998
72	16	1	159.82634730538925	55.30938123752492
72	17	1	161.6760000000001	72.38000000000012
72	18	1	92.67864271457088	73.19361277445105
72	19	1	39.097804391217586	58.78842315369261
72	20	1	82.93612774451113	95.12774451097809
72	21	1	22.359281437125762	150.924151696607
72	22	1	131.00598802395197	150.3313373253494
72	23	1	44.978043912175664	140.4590818363272
72	24	1	32.97000000000002	110.70200000000003
72	25	1	99.6786427145709	138.80838323353288
72	26	1	151.06786427145715	28.676646706586823
72	27	1	58.453093812375265	97.51097804391225
72	28	1	168.24351297405187	40.495009980039875
72	29	1	95.56686626746512	186.33932135728557
73	1	2	20	19.999999999999996
73	2	2	19.744939271255067	95.29149797570845
73	3	2	20	169.99999999999991
73	4	2	94.93999999999997	20.035999999999998
73	5	2	96.45600000000002	95.79999999999994
73	6	2	96.364	169.86399999999992
73	7	2	170.07407407407405	19.72016460905349
73	8	2	169.99999999999994	94.99999999999997
73	9	2	170.12400000000002	170.0280000000002
73	10	1	28.259481037924143	133.68662674650702
73	11	1	24.465069860279446	81.09181636726545
73	12	1	167.2075848303394	133.39321357285434
73	13	1	115.69920318725093	129.47410358565745
73	14	1	91.81799999999997	157.07600000000008
73	15	1	105.17964071856296	60.077844311377234
73	16	1	159.8542914171657	55.20958083832335
73	17	1	161.71257485029932	72.34530938123754
73	18	1	92.62999999999994	73.23599999999998
73	19	1	38.96007984031937	58.852295409181636
73	20	1	82.96799999999995	95.31000000000009
73	21	1	22.477045908183623	150.89421157684637
73	22	1	130.85999999999999	150.324
73	23	1	44.94399999999999	140.468
73	24	1	33.04800000000003	110.58200000000004
73	25	1	99.78842315369255	138.9600798403194
73	26	1	151.10800000000006	28.581999999999987
73	27	1	58.61676646706589	97.5409181636727
73	28	1	168.274	40.51999999999997
73	29	1	95.703187250996	186.4681274900398
74	1	2	20	19.999999999999996
74	2	2	19.744939271255067	95.29149797570845
74	3	2	20	169.99999999999991
74	4	2	94.93999999999997	20.035999999999998
74	5	2	96.45600000000002	95.79999999999994
74	6	2	96.364	169.86399999999992
74	7	2	170.07407407407405	19.72016460905349
74	8	2	169.99999999999994	94.99999999999997
74	9	2	170.12400000000002	170.0280000000002
74	10	1	28.209580838323348	133.60479041916162
74	11	1	24.55089820359283	81.1996007984032
74	12	1	167.14600000000004	133.208
74	13	1	115.64471057884238	129.51097804391222
74	14	1	91.82200000000003	157.06199999999987
74	15	1	105.17399999999996	60.08000000000004
74	16	1	160.09000000000006	55.152000000000015
74	17	1	161.69599999999983	72.32999999999997
74	18	1	92.73253493013975	73.2634730538922
74	19	1	38.93413173652696	58.760479041916156
74	20	1	82.94610778443119	95.49900199600803
74	21	1	22.460000000000004	150.89
74	22	1	130.91417165668665	150.3592814371257
74	23	1	44.89221556886232	140.59481037924147
74	24	1	33.04191616766466	110.55489021956089
74	25	1	99.95209580838326	139.06586826347288
74	26	1	151.1140000000001	28.506
74	27	1	58.722554890219584	97.57285429141719
74	28	1	168.3619999999999	40.61400000000004
74	29	1	95.87225548902204	186.62075848303405
75	1	2	20	19.999999999999996
75	2	2	19.744939271255067	95.29149797570845
75	3	2	20	169.99999999999991
75	4	2	94.93999999999997	20.035999999999998
75	5	2	96.45600000000002	95.79999999999994
75	6	2	96.364	169.86399999999992
75	7	2	170.07407407407405	19.72016460905349
75	8	2	169.99999999999994	94.99999999999997
75	9	2	170.12400000000002	170.0280000000002
75	10	1	28.28942115768463	133.5069860279442
75	11	1	24.624750499001987	81.22554890219558
75	12	1	167.072	132.90200000000016
75	13	1	115.69061876247503	129.58882235528947
75	14	1	91.828	157.05599999999995
75	15	1	105.20200000000003	60.174000000000014
75	16	1	160.30200000000008	55.265999999999984
75	17	1	161.4770459081835	72.33333333333333
75	18	1	92.620758483034	73.30139720558887
75	19	1	38.90800000000001	58.91599999999998
75	20	1	82.98799999999996	95.57
75	21	1	22.459081836327325	150.66467065868275
75	22	1	130.93612774451097	150.50499001996013
75	23	1	44.87199999999994	140.652
75	24	1	33.19161676646701	110.47305389221567
75	25	1	100.1080000000001	139.15800000000004
75	26	1	151.12200000000013	28.53600000000001
75	27	1	58.78842315369261	97.62075848303404
75	28	1	168.3353293413175	40.62075848303392
75	29	1	95.86626746506982	186.77045908183638
76	1	2	20	19.999999999999996
76	2	2	19.744939271255067	95.29149797570845
76	3	2	20	169.99999999999991
76	4	2	94.93999999999997	20.035999999999998
76	5	2	96.45600000000002	95.79999999999994
76	6	2	96.364	169.86399999999992
76	7	2	170.07407407407405	19.72016460905349
76	8	2	169.99999999999994	94.99999999999997
76	9	2	170.12400000000002	170.0280000000002
76	10	1	28.23353293413172	133.3073852295409
76	11	1	24.686626746506995	81.2395209580839
76	12	1	166.96	132.77600000000012
76	13	1	115.78243512974062	129.78642714570864
76	14	1	91.77399999999997	157.0920000000002
76	15	1	105.28199999999995	60.243999999999986
76	16	1	160.30000000000013	55.24600000000001
76	17	1	161.38323353293396	72.21357285429143
76	18	1	92.54400000000001	73.39800000000002
76	19	1	38.82035928143713	58.95209580838326
76	20	1	82.99401197604796	95.7624750499002
76	21	1	22.457085828343303	150.5489021956088
76	22	1	131.01199999999983	150.57399999999998
76	23	1	44.89221556886231	140.72854291417173
76	24	1	33.24550898203593	110.3732534930139
76	25	1	100.20600000000007	139.13000000000002
76	26	1	151.21157684630737	28.401197604790426
76	27	1	58.93812375249498	97.56087824351293
76	28	1	168.3440000000002	40.641999999999946
76	29	1	96.0339321357285	186.81836327345312
77	1	2	20	19.999999999999996
77	2	2	19.744939271255067	95.29149797570845
77	3	2	20	169.99999999999991
77	4	2	94.93999999999997	20.035999999999998
77	5	2	96.45600000000002	95.79999999999994
77	6	2	96.364	169.86399999999992
77	7	2	170.07407407407405	19.72016460905349
77	8	2	169.99999999999994	94.99999999999997
77	9	2	170.12400000000002	170.0280000000002
77	10	1	28.2754491017964	133.251497005988
77	11	1	24.73800000000001	81.27999999999999
77	12	1	166.8363273453093	132.45708582834325
77	13	1	115.85229540918172	129.82435129740517
77	14	1	91.83632734530937	157.15369261477048
77	15	1	105.21042084168347	60.222444889779545
77	16	1	160.52399999999986	55.314000000000014
77	17	1	161.32199999999997	72.22999999999992
77	18	1	92.40399999999998	73.55799999999999
77	19	1	38.83600000000002	59.018
77	20	1	83.05199999999994	95.97399999999998
77	21	1	22.490000000000006	150.47999999999996
77	22	1	131.01996007984025	150.43912175648688
77	23	1	44.87600000000001	140.754
77	24	1	33.25149700598801	110.27744510978044
77	25	1	100.17999999999995	139.09600000000012
77	26	1	151.22800000000004	28.36199999999999
77	27	1	58.94211576846306	97.49500998003994
77	28	1	168.29	40.614000000000004
77	29	1	96.05776892430279	186.95019920318725
78	1	2	20	19.999999999999996
78	2	2	19.744939271255067	95.29149797570845
78	3	2	20	169.99999999999991
78	4	2	94.93999999999997	20.035999999999998
78	5	2	96.45600000000002	95.79999999999994
78	6	2	96.364	169.86399999999992
78	7	2	170.07407407407405	19.72016460905349
78	8	2	169.99999999999994	94.99999999999997
78	9	2	170.12400000000002	170.0280000000002
78	10	1	28.198000000000004	133.17599999999996
78	11	1	24.958000000000034	81.34800000000007
78	12	1	166.70658682634738	132.1596806387226
78	13	1	115.91217564870254	129.95009980039922
78	14	1	91.86826347305391	157.24351297405195
78	15	1	105.20600000000002	60.279999999999994
78	16	1	160.83233532934125	55.315369261476995
78	17	1	161.16599999999988	72.14999999999999
78	18	1	92.28942115768471	73.68263473053895
78	19	1	38.80399999999995	59.13399999999997
78	20	1	83.1636726546906	96.24950099800395
78	21	1	22.52295409181636	150.38522954091803
78	22	1	131.10000000000008	150.392
78	23	1	44.86852589641434	140.77888446215132
78	24	1	33.28942115768464	110.31337325349313
78	25	1	100.20159680638733	139.1457085828345
78	26	1	151.226	28.28999999999999
78	27	1	58.99001996007982	97.5389221556886
78	28	1	168.25548902195604	40.676646706586794
78	29	1	96.16800000000003	187.12799999999993
79	1	2	20	19.999999999999996
79	2	2	19.744939271255067	95.29149797570845
79	3	2	20	169.99999999999991
79	4	2	94.93999999999997	20.035999999999998
79	5	2	96.45600000000002	95.79999999999994
79	6	2	96.364	169.86399999999992
79	7	2	170.07407407407405	19.72016460905349
79	8	2	169.99999999999994	94.99999999999997
79	9	2	170.12400000000002	170.0280000000002
79	10	1	28.120000000000005	133.11199999999994
79	11	1	25.031936127744498	81.42514970059882
79	12	1	166.488	131.74400000000009
79	13	1	115.97205588822361	129.95808383233535
79	14	1	91.86000000000003	157.278
79	15	1	105.26400000000005	60.45199999999999
79	16	1	160.97205588822345	55.211576846307445
79	17	1	161.16000000000017	72.01999999999994
79	18	1	92.13999999999996	73.84399999999995
79	19	1	38.76000000000001	59.17800000000004
79	20	1	83.09400000000001	96.484
79	21	1	22.549999999999997	150.19599999999988
79	22	1	131.00199600798396	150.36327345309374
79	23	1	44.740518962075825	140.94011976047898
79	24	1	33.33066132264532	110.24448897795598
79	25	1	100.28600000000009	139.17800000000003
79	26	1	151.29	28.203999999999997
79	27	1	59.13200000000006	97.58799999999992
79	28	1	168.29940119760477	40.69461077844309
79	29	1	96.26494023904384	187.24103585657383
80	1	2	20	19.999999999999996
80	2	2	19.744939271255067	95.29149797570845
80	3	2	20	169.99999999999991
80	4	2	94.93999999999997	20.035999999999998
80	5	2	96.45600000000002	95.79999999999994
80	6	2	96.364	169.86399999999992
80	7	2	170.07407407407405	19.72016460905349
80	8	2	169.99999999999994	94.99999999999997
80	9	2	170.12400000000002	170.0280000000002
80	10	1	28.08782435129741	133.07385229540913
80	11	1	25.07185628742515	81.41117764471068
80	12	1	166.390438247012	131.45617529880494
80	13	1	115.97804391217564	129.9161676646706
80	14	1	91.85628742514969	157.27744510978042
80	15	1	105.28999999999995	60.49199999999999
80	16	1	160.99800399201584	55.231536926147655
80	17	1	160.93399999999988	71.99000000000005
80	18	1	92.05988023952095	73.90818363273458
80	19	1	38.756000000000036	59.23800000000006
80	20	1	83.17434869739489	96.49899799599197
80	21	1	22.662000000000017	150.12400000000022
80	22	1	131.07000000000014	150.342
80	23	1	44.694610778443085	140.98003992015956
80	24	1	33.4251497005988	110.14171656686638
80	25	1	100.39720558882236	139.18762475049908
80	26	1	151.4171656686628	27.930139720558852
80	27	1	59.39720558882235	97.55289421157686
80	28	1	168.36254980079676	40.788844621513945
80	29	1	96.39121756487029	187.1956087824351
81	1	2	20	19.999999999999996
81	2	2	19.744939271255067	95.29149797570845
81	3	2	20	169.99999999999991
81	4	2	94.93999999999997	20.035999999999998
81	5	2	96.45600000000002	95.79999999999994
81	6	2	96.364	169.86399999999992
81	7	2	170.07407407407405	19.72016460905349
81	8	2	169.99999999999994	94.99999999999997
81	9	2	170.12400000000002	170.0280000000002
81	10	1	28.23647294589179	133.0841683366735
81	11	1	25.184	81.45400000000006
81	12	1	166.36653386454182	131.35258964143446
81	13	1	115.97800000000002	129.95999999999992
81	14	1	91.87624750499002	157.3912175648703
81	15	1	105.28400000000008	60.582
81	16	1	161.16800000000006	55.256000000000014
81	17	1	160.8403193612775	71.9860279441118
81	18	1	91.954	74.01399999999997
81	19	1	38.65000000000002	59.46799999999999
81	20	1	83.19361277445103	96.80638722554895
81	21	1	22.509960159362514	149.96812749003996
81	22	1	131.12574850299399	150.25748502994028
81	23	1	44.649999999999956	141.09
81	24	1	33.42315369261478	110.17165668662678
81	25	1	100.48000000000002	139.20000000000016
81	26	1	151.49500998004012	27.78842315369258
81	27	1	59.393213572854336	97.47704590818357
81	28	1	168.36600000000007	40.82999999999997
81	29	1	96.43712574850302	187.29940119760496
82	1	2	20	19.999999999999996
82	2	2	19.744939271255067	95.29149797570845
82	3	2	20	169.99999999999991
82	4	2	94.93999999999997	20.035999999999998
82	5	2	96.45600000000002	95.79999999999994
82	6	2	96.364	169.86399999999992
82	7	2	170.07407407407405	19.72016460905349
82	8	2	169.99999999999994	94.99999999999997
82	9	2	170.12400000000002	170.0280000000002
82	10	1	28.117764471057882	132.93812375249473
82	11	1	25.214428857715436	81.57915831663323
82	12	1	166.23799999999991	131.1579999999999
82	13	1	116.03199999999994	129.9700000000001
82	14	1	91.84063745019917	157.51195219123508
82	15	1	105.32335329341319	60.73253493013976
82	16	1	161.33000000000007	55.296
82	17	1	160.76447105788444	71.9620758483034
82	18	1	91.93587174348696	74.04408817635274
82	19	1	38.426000000000016	59.678000000000054
82	20	1	83.20600000000005	96.954
82	21	1	22.570858283433143	149.77245508982043
82	22	1	131.04183266932276	150.26494023904382
82	23	1	44.51297405189621	141.0339321357284
82	24	1	33.71599999999999	109.96399999999998
82	25	1	100.52999999999997	139.27199999999996
82	26	1	151.50796812749013	27.74900398406374
82	27	1	59.447105788423166	97.43712574850301
82	28	1	168.31400000000005	40.79399999999999
82	29	1	96.65799999999999	187.52200000000005
83	1	2	20	19.999999999999996
83	2	2	19.744939271255067	95.29149797570845
83	3	2	20	169.99999999999991
83	4	2	94.93999999999997	20.035999999999998
83	5	2	96.45600000000002	95.79999999999994
83	6	2	96.364	169.86399999999992
83	7	2	170.07407407407405	19.72016460905349
83	8	2	169.99999999999994	94.99999999999997
83	9	2	170.12400000000002	170.0280000000002
83	10	1	28.145708582834335	132.92215568862275
83	11	1	25.23552894211573	81.56886227544919
83	12	1	166.11999999999995	130.8480000000001
83	13	1	116.10999999999999	130.01599999999982
83	14	1	91.876	157.4439999999999
83	15	1	105.28143712574843	60.74051896207585
83	16	1	161.2940000000002	55.269999999999996
83	17	1	160.53386454183286	71.93227091633462
83	18	1	91.94000000000004	74.098
83	19	1	38.37325349301397	59.65668662674651
83	20	1	83.2255489021956	97.07584830339323
83	21	1	22.524000000000008	149.60799999999992
83	22	1	131.18562874251487	150.2534930139719
83	23	1	44.491017964071865	141.20958083832326
83	24	1	33.77599999999999	109.87200000000004
83	25	1	100.6706586826348	139.32934131736528
83	26	1	151.62599999999986	27.68800000000001
83	27	1	59.60878243512973	97.4890219560878
83	28	1	168.28942115768464	40.81636726546908
83	29	1	96.60479041916177	187.53093812375232
84	1	2	20	19.999999999999996
84	2	2	19.744939271255067	95.29149797570845
84	3	2	20	169.99999999999991
84	4	2	94.93999999999997	20.035999999999998
84	5	2	96.45600000000002	95.79999999999994
84	6	2	96.364	169.86399999999992
84	7	2	170.07407407407405	19.72016460905349
84	8	2	169.99999999999994	94.99999999999997
84	9	2	170.12400000000002	170.0280000000002
84	10	1	28.0998003992016	132.81237524950095
84	11	1	25.342000000000013	81.60599999999998
84	12	1	166.06175298804783	130.61952191235048
84	13	1	116.16566866267456	130.01397205588808
84	14	1	91.84031936127741	157.4690618762476
84	15	1	105.30738522954096	60.93013972055893
84	16	1	161.39121756487032	55.24550898203593
84	17	1	160.54400000000004	71.97399999999995
84	18	1	91.90200000000004	74.24800000000009
84	19	1	38.291417165668705	59.872255489021896
84	20	1	83.1457085828343	97.41716566866268
84	21	1	22.449101796407152	149.45508982035932
84	22	1	131.1820000000001	150.34000000000006
84	23	1	44.492000000000026	141.29200000000006
84	24	1	33.82965931863727	109.8316633266533
84	25	1	100.87225548902194	139.2834331337325
84	26	1	151.66067864271443	27.622754491017947
84	27	1	59.861999999999995	97.51199999999999
84	28	1	168.2919999999999	40.82800000000003
84	29	1	96.66666666666657	187.6367265469064
85	1	2	20	19.999999999999996
85	2	2	19.744939271255067	95.29149797570845
85	3	2	20	169.99999999999991
85	4	2	94.93999999999997	20.035999999999998
85	5	2	96.45600000000002	95.79999999999994
85	6	2	96.364	169.86399999999992
85	7	2	170.07407407407405	19.72016460905349
85	8	2	169.99999999999994	94.99999999999997
85	9	2	170.12400000000002	170.0280000000002
85	10	1	28.164000000000005	132.842
85	11	1	25.457999999999988	81.60199999999999
85	12	1	165.9520958083831	130.45109780439122
85	13	1	116.23600000000005	130.02999999999997
85	14	1	91.74800000000002	157.62400000000022
85	15	1	105.32335329341326	61.15968063872254
85	16	1	161.48103792415168	55.2674650698603
85	17	1	160.2994011976047	71.95009980039926
85	18	1	91.76846307385223	74.51696606786429
85	19	1	38.283999999999985	60.015999999999984
85	20	1	83.17000000000007	97.66399999999992
85	21	1	22.343313373253466	149.2395209580838
85	22	1	131.17	150.28799999999995
85	23	1	44.45508982035929	141.3792415169661
85	24	1	34.14171656686627	109.8103792415169
85	25	1	101.04191616766462	139.3253493013971
85	26	1	151.7860000000001	27.53600000000003
85	27	1	60.02195608782437	97.57285429141706
85	28	1	168.28399999999996	40.83600000000001
85	29	1	96.83033932135721	187.72255489021964
86	1	2	20	19.999999999999996
86	2	2	19.744939271255067	95.29149797570845
86	3	2	20	169.99999999999991
86	4	2	94.93999999999997	20.035999999999998
86	5	2	96.45600000000002	95.79999999999994
86	6	2	96.364	169.86399999999992
86	7	2	170.07407407407405	19.72016460905349
86	8	2	169.99999999999994	94.99999999999997
86	9	2	170.12400000000002	170.0280000000002
86	10	1	28.124248496993967	132.9058116232465
86	11	1	25.456175298804766	81.6792828685259
86	12	1	165.9280000000001	130.2060000000001
86	13	1	116.31936127744514	130.06786427145704
86	14	1	91.78043912175654	157.6467065868263
86	15	1	105.32934131736516	61.24151696606786
86	16	1	161.5660000000001	55.19000000000002
86	17	1	160.20359281437118	71.86227544910182
86	18	1	91.68063872255503	74.56087824351296
86	19	1	38.283433133732565	60.16566866267468
86	20	1	83.19599999999998	97.95999999999992
86	21	1	22.273453093812396	149.08582834331327
86	22	1	131.34930139720572	150.2854291417167
86	23	1	44.48200000000002	141.31800000000004
86	24	1	34.328	109.94799999999998
86	25	1	101.29800000000004	139.4499999999999
86	26	1	151.84231536926148	27.377245508982025
86	27	1	60.10778443113769	97.60079840319361
86	28	1	168.31400000000005	40.86800000000001
86	29	1	96.84400000000001	187.9140000000001
87	1	2	20	19.999999999999996
87	2	2	19.744939271255067	95.29149797570845
87	3	2	20	169.99999999999991
87	4	2	94.93999999999997	20.035999999999998
87	5	2	96.45600000000002	95.79999999999994
87	6	2	96.364	169.86399999999992
87	7	2	170.07407407407405	19.72016460905349
87	8	2	169.99999999999994	94.99999999999997
87	9	2	170.12400000000002	170.0280000000002
87	10	1	27.948000000000015	132.79799999999992
87	11	1	25.520958083832326	81.59481037924148
87	12	1	165.77400000000017	130.092
87	13	1	116.48	130.11600000000004
87	14	1	91.84231536926147	157.64670658682638
87	15	1	105.23399999999992	61.263999999999996
87	16	1	161.56686626746503	55.181636726546856
87	17	1	160.03200000000007	71.72000000000003
87	18	1	91.55599999999997	74.76999999999994
87	19	1	38.40800000000001	60.45400000000001
87	20	1	83.12175648702593	98.2295409181638
87	21	1	22.287425149700592	149.00199600798396
87	22	1	131.364	150.298
87	23	1	44.371999999999986	141.36400000000015
87	24	1	34.41800000000004	109.79799999999993
87	25	1	101.43200000000002	139.4
87	26	1	151.83800000000008	27.349999999999998
87	27	1	60.16599999999995	97.69000000000004
87	28	1	168.33932135728529	40.85828343313379
87	29	1	96.72654690618762	188.02195608782435
88	1	2	20	19.999999999999996
88	2	2	19.744939271255067	95.29149797570845
88	3	2	20	169.99999999999991
88	4	2	94.93999999999997	20.035999999999998
88	5	2	96.45600000000002	95.79999999999994
88	6	2	96.364	169.86399999999992
88	7	2	170.07407407407405	19.72016460905349
88	8	2	169.99999999999994	94.99999999999997
88	9	2	170.12400000000002	170.0280000000002
88	10	1	27.970059880239532	132.7864271457085
88	11	1	25.664000000000005	81.65199999999992
88	12	1	165.7285429141718	129.84231536926154
88	13	1	116.60079840319366	130.16966067864283
88	14	1	91.88799999999998	157.5720000000001
88	15	1	105.24302788844629	61.3764940239044
88	16	1	161.5588822355287	55.13972055888219
88	17	1	159.7564870259482	71.52694610778441
88	18	1	91.43486973947887	74.91182364729461
88	19	1	38.50698602794412	60.616766467065915
88	20	1	83.15568862275435	98.29141716566852
88	21	1	22.329999999999995	148.818
88	22	1	131.46399999999988	150.2580000000002
88	23	1	44.38599999999997	141.29600000000005
88	24	1	34.514000000000024	109.81799999999997
88	25	1	101.59200000000003	139.37999999999997
88	26	1	151.9141716566866	27.06387225548902
88	27	1	60.314000000000036	97.72799999999998
88	28	1	168.32199999999995	40.87600000000001
88	29	1	96.71856287425149	188.10778443113767
89	1	2	20	19.999999999999996
89	2	2	19.744939271255067	95.29149797570845
89	3	2	20	169.99999999999991
89	4	2	94.93999999999997	20.035999999999998
89	5	2	96.45600000000002	95.79999999999994
89	6	2	96.364	169.86399999999992
89	7	2	170.07407407407405	19.72016460905349
89	8	2	169.99999999999994	94.99999999999997
89	9	2	170.12400000000002	170.0280000000002
89	10	1	27.86626746506986	132.74051896207592
89	11	1	25.700598802395195	81.6287425149701
89	12	1	165.7165668662675	129.8263473053892
89	13	1	116.75697211155378	130.27290836653387
89	14	1	91.92400000000005	157.51999999999995
89	15	1	105.23552894211575	61.64071856287423
89	16	1	161.72255489021958	55.18363273453093
89	17	1	159.58565737051808	71.40438247011947
89	18	1	91.37000000000002	75.03799999999997
89	19	1	38.38800000000006	60.69799999999996
89	20	1	83.11799999999992	98.55200000000005
89	21	1	22.262000000000015	148.63400000000019
89	22	1	131.48897795591174	150.3346693386773
89	23	1	44.34860557768927	141.26095617529873
89	24	1	34.58483033932135	109.73652694610776
89	25	1	101.66467065868267	139.33133732534932
89	26	1	151.92184368737472	27.084168336673354
89	27	1	60.47504990019958	97.73852295409178
89	28	1	168.3393213572853	40.924151696606785
89	29	1	96.54291417165672	188.3273453093813
90	1	2	20	19.999999999999996
90	2	2	19.744939271255067	95.29149797570845
90	3	2	20	169.99999999999991
90	4	2	94.93999999999997	20.035999999999998
90	5	2	96.45600000000002	95.79999999999994
90	6	2	96.364	169.86399999999992
90	7	2	170.07407407407405	19.72016460905349
90	8	2	169.99999999999994	94.99999999999997
90	9	2	170.12400000000002	170.0280000000002
90	10	1	27.81000000000001	132.7079999999999
90	11	1	25.788000000000018	81.66999999999996
90	12	1	165.74451097804393	129.40718562874272
90	13	1	116.88423153692612	130.3832335329342
90	14	1	92.02199999999988	157.49600000000004
90	15	1	105.29282868525907	61.848605577689156
90	16	1	161.86826347305393	55.22355289421154
90	17	1	159.57285429141703	71.40518962075856
90	18	1	91.22554890219558	75.0558882235529
90	19	1	38.465069860279485	60.8842315369261
90	20	1	83.14399999999999	98.73000000000005
90	21	1	22.279999999999998	148.55800000000002
90	22	1	131.49101796407183	150.36926147704602
90	23	1	44.29200000000004	141.26000000000008
90	24	1	34.71057884231539	109.74051896207591
90	25	1	101.81599999999997	139.29999999999987
90	26	1	151.94011976047906	27.019960079840306
90	27	1	60.66600000000005	97.80599999999998
90	28	1	168.31800000000032	40.998
90	29	1	96.61800000000001	188.466
91	1	2	20	19.999999999999996
91	2	2	19.744939271255067	95.29149797570845
91	3	2	20	169.99999999999991
91	4	2	94.93999999999997	20.035999999999998
91	5	2	96.45600000000002	95.79999999999994
91	6	2	96.364	169.86399999999992
91	7	2	170.07407407407405	19.72016460905349
91	8	2	169.99999999999994	94.99999999999997
91	9	2	170.12400000000002	170.0280000000002
91	10	1	27.796407185628734	132.66866267465085
91	11	1	25.95399999999998	81.6460000000001
91	12	1	165.56287425149716	129.36327345309383
91	13	1	116.99600798403189	130.44710578842316
91	14	1	92.05200000000008	157.436
91	15	1	105.13572854291411	62.01397205588823
91	16	1	162.04382470119526	55.37051792828683
91	17	1	159.35800000000003	71.25999999999993
91	18	1	91.2015968063872	75.29540918163677
91	19	1	38.41200000000001	61.11199999999999
91	20	1	83.12799999999994	98.94999999999999
91	21	1	22.257999999999992	148.46599999999984
91	22	1	131.48	150.30000000000004
91	23	1	44.26600000000003	141.2159999999999
91	24	1	34.79241516966064	109.75648702594808
91	25	1	101.88423153692618	139.37125748502996
91	26	1	152.01796407185634	26.86826347305388
91	27	1	60.82000000000003	97.86600000000006
91	28	1	168.31936127744507	41.05189620758482
91	29	1	96.65069860279444	188.6147704590817
92	1	2	20	19.999999999999996
92	2	2	19.744939271255067	95.29149797570845
92	3	2	20	169.99999999999991
92	4	2	94.93999999999997	20.035999999999998
92	5	2	96.45600000000002	95.79999999999994
92	6	2	96.364	169.86399999999992
92	7	2	170.07407407407405	19.72016460905349
92	8	2	169.99999999999994	94.99999999999997
92	9	2	170.12400000000002	170.0280000000002
92	10	1	27.783999999999992	132.6080000000001
92	11	1	25.964071856287415	81.66067864271453
92	12	1	165.40799999999996	129.2279999999999
92	13	1	116.99999999999994	130.57485029940116
92	14	1	92.04400000000005	157.472
92	15	1	105.1457085828344	62.25349301397207
92	16	1	162.1159999999998	55.40199999999998
92	17	1	159.27200000000002	71.22400000000002
92	18	1	91.03792415169654	75.38722554890214
92	19	1	38.385229540918196	61.12175648702596
92	20	1	83.12375249501005	99.12974051896204
92	21	1	22.359281437125734	148.30538922155688
92	22	1	131.57999999999998	150.2459999999999
92	23	1	44.141716566866265	141.14770459081836
92	24	1	34.86000000000001	109.62000000000002
92	25	1	102.04199999999994	139.46199999999993
92	26	1	152.06986027944112	26.746506986027946
92	27	1	61.06786427145709	97.84630738522952
92	28	1	168.19800000000012	41.03599999999999
92	29	1	96.66666666666674	188.70259481037922
93	1	2	20	19.999999999999996
93	2	2	19.744939271255067	95.29149797570845
93	3	2	20	169.99999999999991
93	4	2	94.93999999999997	20.035999999999998
93	5	2	96.45600000000002	95.79999999999994
93	6	2	96.364	169.86399999999992
93	7	2	170.07407407407405	19.72016460905349
93	8	2	169.99999999999994	94.99999999999997
93	9	2	170.12400000000002	170.0280000000002
93	10	1	27.780000000000022	132.66799999999984
93	11	1	26.052000000000007	81.70999999999994
93	12	1	165.25799999999995	129.04999999999987
93	13	1	117.03000000000002	130.58200000000005
93	14	1	92.012	157.39000000000004
93	15	1	105.08982035928148	62.49500998003993
93	16	1	162.126	55.41000000000001
93	17	1	159.1836327345309	71.19760479041919
93	18	1	91.01199999999999	75.47200000000002
93	19	1	38.40319361277445	61.20958083832333
93	20	1	83.08200000000005	99.306
93	21	1	22.33732534930138	148.15169660678635
93	22	1	131.5449101796408	150.181636726547
93	23	1	44.089999999999975	141.08399999999992
93	24	1	35.027888446215165	109.57968127490035
93	25	1	102.17	139.45599999999996
93	26	1	152.05788423153692	26.668662674650705
93	27	1	61.343313373253515	97.89221556886227
93	28	1	168.16	41.09000000000001
93	29	1	96.81399999999992	188.79799999999977
94	1	2	20	19.999999999999996
94	2	2	19.744939271255067	95.29149797570845
94	3	2	20	169.99999999999991
94	4	2	94.93999999999997	20.035999999999998
94	5	2	96.45600000000002	95.79999999999994
94	6	2	96.364	169.86399999999992
94	7	2	170.07407407407405	19.72016460905349
94	8	2	169.99999999999994	94.99999999999997
94	9	2	170.12400000000002	170.0280000000002
94	10	1	27.75697211155379	132.66733067729072
94	11	1	26.246	81.80799999999996
94	12	1	165.33599999999998	128.96399999999997
94	13	1	117.07400000000003	130.63600000000025
94	14	1	92.04200000000003	157.38199999999998
94	15	1	105.03599999999993	62.88199999999997
94	16	1	162.20999999999995	55.47199999999999
94	17	1	158.99601593625508	71.03187250996001
94	18	1	90.83033932135719	75.59081836327337
94	19	1	38.45908183632735	61.405189620758485
94	20	1	83.06600000000005	99.39200000000002
94	21	1	22.376000000000005	148.01800000000003
94	22	1	131.63400000000004	150.21399999999986
94	23	1	44.058116232464954	141.0420841683367
94	24	1	35.11800000000001	109.59199999999997
94	25	1	102.286	139.44200000000004
94	26	1	152.11823647294585	26.496993987975934
94	27	1	61.62874251497005	97.97804391217561
94	28	1	168.0580000000001	41.00599999999996
94	29	1	96.89199999999997	188.83599999999996
95	1	2	20	19.999999999999996
95	2	2	19.744939271255067	95.29149797570845
95	3	2	20	169.99999999999991
95	4	2	94.93999999999997	20.035999999999998
95	5	2	96.45600000000002	95.79999999999994
95	6	2	96.364	169.86399999999992
95	7	2	170.07407407407405	19.72016460905349
95	8	2	169.99999999999994	94.99999999999997
95	9	2	170.12400000000002	170.0280000000002
95	10	1	27.739999999999988	132.67600000000013
95	11	1	26.356000000000016	81.79600000000005
95	12	1	165.23752495009987	128.9560878243514
95	13	1	117.14400000000008	130.74000000000012
95	14	1	91.99201596806391	157.3792415169661
95	15	1	105.02199999999992	62.94799999999998
95	16	1	162.30200000000005	55.504000000000005
95	17	1	158.90039840637445	70.96613545816734
95	18	1	90.8039999999999	75.59399999999992
95	19	1	38.483033932135804	61.4630738522954
95	20	1	83.0318725099601	99.47410358565743
95	21	1	22.34930139720558	147.98403193612765
95	22	1	131.61077844311356	150.27544910179645
95	23	1	44.02395209580834	140.9221556886227
95	24	1	35.28286852589644	109.4800796812749
95	25	1	102.36200000000001	139.45399999999995
95	26	1	152.0679999999998	26.43200000000001
95	27	1	61.788844621513945	97.97609561752988
95	28	1	168.0099800399203	40.96606786427144
95	29	1	96.94810379241514	188.94011976047898
96	1	2	20	19.999999999999996
96	2	2	19.744939271255067	95.29149797570845
96	3	2	20	169.99999999999991
96	4	2	94.93999999999997	20.035999999999998
96	5	2	96.45600000000002	95.79999999999994
96	6	2	96.364	169.86399999999992
96	7	2	170.07407407407405	19.72016460905349
96	8	2	169.99999999999994	94.99999999999997
96	9	2	170.12400000000002	170.0280000000002
96	10	1	27.755999999999993	132.65799999999996
96	11	1	26.390000000000004	81.75799999999988
96	12	1	165.26599999999988	128.93199999999996
96	13	1	117.20558882235541	130.88023952095824
96	14	1	91.99201596806391	157.3792415169661
96	15	1	105.02999999999999	63.07799999999993
96	16	1	162.45109780439117	55.544910179640695
96	17	1	158.79199999999994	70.94199999999998
96	18	1	90.82565130260524	75.58116232464927
96	19	1	38.38599999999998	61.782000000000025
96	20	1	83.08416833667324	99.49298597194384
96	21	1	22.462000000000003	147.97400000000002
96	22	1	131.61952191235054	150.22908366533883
96	23	1	44.012	140.98999999999992
96	24	1	35.424000000000035	109.43000000000008
96	25	1	102.48400000000001	139.49599999999992
96	26	1	152.1277445109781	26.27345309381236
96	27	1	62.215568862275404	98.24351297405195
96	28	1	167.90000000000003	40.954
96	29	1	97.02399999999992	188.974
97	1	2	20	19.999999999999996
97	2	2	19.744939271255067	95.29149797570845
97	3	2	20	169.99999999999991
97	4	2	94.93999999999997	20.035999999999998
97	5	2	96.45600000000002	95.79999999999994
97	6	2	96.364	169.86399999999992
97	7	2	170.07407407407405	19.72016460905349
97	8	2	169.99999999999994	94.99999999999997
97	9	2	170.12400000000002	170.0280000000002
97	10	1	27.774	132.6760000000002
97	11	1	26.537999999999993	81.83000000000008
97	12	1	165.15968063872268	128.9301397205589
97	13	1	117.31536926147706	131.0419161676646
97	14	1	91.90199999999994	157.50999999999993
97	15	1	105.04191616766464	63.25548902195608
97	16	1	162.6459999999999	55.65599999999999
97	17	1	158.58399999999997	70.752
97	18	1	90.74251497005986	75.57485029940118
97	19	1	38.27145708582833	61.73453093812375
97	20	1	83.05800000000009	99.67
97	21	1	22.417165668662665	147.9341317365268
97	22	1	131.6327345309383	150.25748502994017
97	23	1	43.99599999999997	140.99600000000004
97	24	1	35.544000000000004	109.41599999999987
97	25	1	102.51097804391208	139.5389221556886
97	26	1	152.22155688622755	26.117764471057882
97	27	1	62.43000000000002	98.29600000000005
97	28	1	167.85229540918172	40.988023952095766
97	29	1	97.15399999999997	188.97000000000014
98	1	2	20	19.999999999999996
98	2	2	19.744939271255067	95.29149797570845
98	3	2	20	169.99999999999991
98	4	2	94.93999999999997	20.035999999999998
98	5	2	96.45600000000002	95.79999999999994
98	6	2	96.364	169.86399999999992
98	7	2	170.07407407407405	19.72016460905349
98	8	2	169.99999999999994	94.99999999999997
98	9	2	170.12400000000002	170.0280000000002
98	10	1	27.8	132.6920000000001
98	11	1	26.5508982035928	81.93213572854295
98	12	1	165.1137724550899	128.80838323353288
98	13	1	117.3512974051896	131.04790419161685
98	14	1	91.96600000000004	157.37800000000007
98	15	1	105.07584830339319	63.57684630738525
98	16	1	162.89421157684626	55.67864271457087
98	17	1	158.53892215568862	70.62874251497006
98	18	1	90.562874251497	75.64471057884234
98	19	1	38.214000000000034	61.84599999999998
98	20	1	83.06600000000005	99.72200000000007
98	21	1	22.397999999999996	147.8200000000001
98	22	1	131.71856287425155	150.25948103792405
98	23	1	43.99398797595189	141.00200400801606
98	24	1	35.62275449101798	109.45908183632744
98	25	1	102.71199999999995	139.56200000000015
98	26	1	152.2699999999999	26.073999999999995
98	27	1	62.53200000000004	98.408
98	28	1	167.87025948103815	40.97804391217564
98	29	1	97.04590818363259	189.0838323353293
99	1	2	20	19.999999999999996
99	2	2	19.744939271255067	95.29149797570845
99	3	2	20	169.99999999999991
99	4	2	94.93999999999997	20.035999999999998
99	5	2	96.45600000000002	95.79999999999994
99	6	2	96.364	169.86399999999992
99	7	2	170.07407407407405	19.72016460905349
99	8	2	169.99999999999994	94.99999999999997
99	9	2	170.12400000000002	170.0280000000002
99	10	1	27.73852295409182	132.68662674650705
99	11	1	26.5369261477046	81.92814371257481
99	12	1	165.14	128.70799999999983
99	13	1	117.37	131.11800000000002
99	14	1	92.00599999999999	157.3219999999998
99	15	1	105.00799999999992	63.77399999999999
99	16	1	162.9362549800798	55.766932270916335
99	17	1	158.38399999999993	70.53800000000005
99	18	1	90.30538922155685	75.65868263473048
99	19	1	38.19200000000003	61.922
99	20	1	83.01596806387228	99.8283433133732
99	21	1	22.4	147.83999999999992
99	22	1	131.83366733466937	150.18837675350707
99	23	1	43.96606786427144	140.96207584830344
99	24	1	35.854291417165655	109.29940119760482
99	25	1	102.84031936127747	139.53093812375258
99	26	1	152.18762475049905	26.23353293413173
99	27	1	62.75800000000003	98.38000000000004
99	28	1	167.78400000000013	40.93999999999999
99	29	1	97.13000000000001	189.064
100	1	2	20	19.999999999999996
100	2	2	19.744939271255067	95.29149797570845
100	3	2	20	169.99999999999991
100	4	2	94.93999999999997	20.035999999999998
100	5	2	96.45600000000002	95.79999999999994
100	6	2	96.364	169.86399999999992
100	7	2	170.07407407407405	19.72016460905349
100	8	2	169.99999999999994	94.99999999999997
100	9	2	170.12400000000002	170.0280000000002
100	10	1	27.769999999999992	132.76000000000013
100	11	1	26.654690618762473	81.9880239520959
100	12	1	165.08	128.482
100	13	1	117.396	131.07999999999979
100	14	1	92.02999999999992	157.36200000000002
100	15	1	105.05800000000002	64.12799999999999
100	16	1	163.04600000000005	55.913999999999994
100	17	1	158.24750499001985	70.48303393213578
100	18	1	90.17564870259481	75.72854291417173
100	19	1	38.349301397205636	61.9421157684631
100	20	1	83.01200000000009	99.96599999999997
100	21	1	22.37799999999997	147.76599999999996
100	22	1	131.74799999999996	150.14
100	23	1	43.920000000000016	140.96200000000027
100	24	1	35.87999999999997	109.324
100	25	1	102.942	139.65599999999998
100	26	1	152.2175648702595	26.187624750499012
100	27	1	62.88799999999997	98.31799999999996
100	28	1	167.82634730538916	41.05389221556883
100	29	1	97.28742514970057	189.20159680638722
101	1	2	20	19.999999999999996
101	2	2	19.744939271255067	95.29149797570845
101	3	2	20	169.99999999999991
101	4	2	94.93999999999997	20.035999999999998
101	5	2	96.45600000000002	95.79999999999994
101	6	2	96.364	169.86399999999992
101	7	2	170.07407407407405	19.72016460905349
101	8	2	169.99999999999994	94.99999999999997
101	9	2	170.12400000000002	170.0280000000002
101	10	1	27.863727454909828	132.71743486973946
101	11	1	26.750499001995998	82.04790419161684
101	12	1	164.9500998003991	128.38922155688638
101	13	1	117.59199999999991	131.0880000000001
101	14	1	92.07185628742509	157.29341317365294
101	15	1	105.14770459081834	64.50898203592813
101	16	1	163.1736526946107	55.99800399201602
101	17	1	158.24200000000008	70.51200000000004
101	18	1	90.08764940239035	75.77888446215131
101	19	1	38.41400000000006	61.97200000000006
101	20	1	83.01000000000005	100.17399999999992
101	21	1	22.3373253493014	147.67864271457077
101	22	1	131.63599999999997	150.16399999999985
101	23	1	43.89221556886226	140.85828343313378
101	24	1	35.985971943887776	109.23446893787575
101	25	1	103.05588822355293	139.6087824351297
101	26	1	152.35329341317373	26.04990019960079
101	27	1	63.189999999999955	98.29599999999994
101	28	1	167.84031936127735	41.05189620758491
101	29	1	97.25399999999992	189.268
102	1	2	20	19.999999999999996
102	2	2	19.744939271255067	95.29149797570845
102	3	2	20	169.99999999999991
102	4	2	94.93999999999997	20.035999999999998
102	5	2	96.45600000000002	95.79999999999994
102	6	2	96.364	169.86399999999992
102	7	2	170.07407407407405	19.72016460905349
102	8	2	169.99999999999994	94.99999999999997
102	9	2	170.12400000000002	170.0280000000002
102	10	1	27.868	132.7459999999998
102	11	1	26.934131736526947	82.0918163672655
102	12	1	164.82435129740512	128.34331337325366
102	13	1	117.70259481037915	131.0499001996008
102	14	1	92.21599999999997	157.33399999999978
102	15	1	105.17199999999994	64.7179999999999
102	16	1	163.0639999999999	55.96799999999996
102	17	1	158.17400000000012	70.41000000000005
102	18	1	90.06986027944112	75.88622754491014
102	19	1	38.51297405189621	62.07784431137728
102	20	1	83.06786427145703	100.26147704590814
102	21	1	22.27800000000002	147.66800000000012
102	22	1	131.83832335329353	150.11776447105782
102	23	1	43.832335329341284	140.80039920159683
102	24	1	36.123999999999995	109.11999999999999
102	25	1	103.27600000000001	139.6059999999999
102	26	1	152.38600000000002	26.055999999999997
102	27	1	63.41117764471055	98.2674650698603
102	28	1	167.84600000000012	41.04200000000001
102	29	1	97.386	189.382
103	1	2	20	19.999999999999996
103	2	2	19.744939271255067	95.29149797570845
103	3	2	20	169.99999999999991
103	4	2	94.93999999999997	20.035999999999998
103	5	2	96.45600000000002	95.79999999999994
103	6	2	96.364	169.86399999999992
103	7	2	170.07407407407405	19.72016460905349
103	8	2	169.99999999999994	94.99999999999997
103	9	2	170.12400000000002	170.0280000000002
103	10	1	27.92614770459081	132.80638722554892
103	11	1	27.053892215568844	82.1556886227545
103	12	1	164.742	128.33000000000004
103	13	1	117.86427145708585	131.14570858283446
103	14	1	92.27054108216423	157.1963927855714
103	15	1	105.262	65.03399999999998
103	16	1	163.18200000000016	56.074000000000005
103	17	1	158.0660000000001	70.37799999999994
103	18	1	89.97011952191237	75.93027888446217
103	19	1	38.5828343313373	62.15568862275449
103	20	1	83.07800000000006	100.38799999999999
103	21	1	22.287999999999997	147.6619999999998
103	22	1	131.78443113772468	150.18962075848285
103	23	1	43.810000000000024	140.7920000000001
103	24	1	36.22600000000001	108.97000000000003
103	25	1	103.28343313373257	139.53493013972064
103	26	1	152.46599999999998	25.953999999999994
103	27	1	63.50400000000004	98.35000000000005
103	28	1	167.75600000000009	41.03999999999996
103	29	1	97.48199999999994	189.468
104	1	2	20	19.999999999999996
104	2	2	19.744939271255067	95.29149797570845
104	3	2	20	169.99999999999991
104	4	2	94.93999999999997	20.035999999999998
104	5	2	96.45600000000002	95.79999999999994
104	6	2	96.364	169.86399999999992
104	7	2	170.07407407407405	19.72016460905349
104	8	2	169.99999999999994	94.99999999999997
104	9	2	170.12400000000002	170.0280000000002
104	10	1	27.829659318637276	132.7134268537074
104	11	1	27.078	82.09399999999994
104	12	1	164.58283433133735	128.14371257485024
104	13	1	117.91417165668666	131.23153692614787
104	14	1	92.30000000000004	157.1379999999999
104	15	1	105.35399999999993	65.31200000000005
104	16	1	163.3213572854293	56.19760479041916
104	17	1	157.98403193612765	70.38522954091812
104	18	1	89.84262948207167	75.90438247011954
104	19	1	38.556	62.20199999999997
104	20	1	83.11177644710581	100.42315369261468
104	21	1	22.27544910179644	147.60479041916173
104	22	1	131.68800000000005	150.2620000000001
104	23	1	43.72654690618761	140.77445109780436
104	24	1	36.40918163672654	108.84231536926148
104	25	1	103.44111776447116	139.53692614770455
104	26	1	152.47599999999994	26.09999999999998
104	27	1	63.626000000000026	98.32400000000003
104	28	1	167.73947895791594	41.06212424849697
104	29	1	97.65199999999997	189.506
105	1	2	20	19.999999999999996
105	2	2	19.744939271255067	95.29149797570845
105	3	2	20	169.99999999999991
105	4	2	94.93999999999997	20.035999999999998
105	5	2	96.45600000000002	95.79999999999994
105	6	2	96.364	169.86399999999992
105	7	2	170.07407407407405	19.72016460905349
105	8	2	169.99999999999994	94.99999999999997
105	9	2	170.12400000000002	170.0280000000002
105	10	1	27.73000000000001	132.66400000000004
105	11	1	27.085999999999988	82.12600000000002
105	12	1	164.5868263473055	128.1337325349302
105	13	1	117.95019920318727	131.30478087649388
105	14	1	92.296	157.13600000000002
105	15	1	105.31536926147696	65.45708582834332
105	16	1	163.38323353293404	56.24151696606783
105	17	1	157.83832335329345	70.32335329341322
105	18	1	89.71142284569126	75.92785571142275
105	19	1	38.52495009980043	62.27944111776446
105	20	1	83.16600000000011	100.39399999999999
105	21	1	22.30339321357285	147.6766467065868
105	22	1	131.67535070140272	150.30661322645292
105	23	1	43.61876247504993	140.72455089820383
105	24	1	36.571713147410364	108.71513944223106
105	25	1	103.49799999999999	139.55999999999995
105	26	1	152.55200000000002	26.087999999999987
105	27	1	63.92799999999999	98.26399999999997
105	28	1	167.776	41.05199999999999
105	29	1	97.61477045908178	189.46307385229542
106	1	2	20	19.999999999999996
106	2	2	19.744939271255067	95.29149797570845
106	3	2	20	169.99999999999991
106	4	2	94.93999999999997	20.035999999999998
106	5	2	96.45600000000002	95.79999999999994
106	6	2	96.364	169.86399999999992
106	7	2	170.07407407407405	19.72016460905349
106	8	2	169.99999999999994	94.99999999999997
106	9	2	170.12400000000002	170.0280000000002
106	10	1	27.739478957915843	132.6933867735469
106	11	1	27.157370517928264	82.12151394422321
106	12	1	164.6307385229542	127.9700598802396
106	13	1	118.01199999999997	131.50799999999987
106	14	1	92.27399999999993	157.13999999999996
106	15	1	105.38722554890217	65.65469061876244
106	16	1	163.45309381237527	56.27544910179642
106	17	1	157.73053892215552	70.21157684630738
106	18	1	89.6506986027944	75.86626746506984
106	19	1	38.552894211576856	62.18962075848299
106	20	1	83.12574850299399	100.51497005988018
106	21	1	22.30800000000002	147.62999999999985
106	22	1	131.73146292585176	150.45691382765528
106	23	1	43.61477045908183	140.71257485029932
106	24	1	36.63672654690614	108.49500998003992
106	25	1	103.56886227544909	139.60079840319366
106	26	1	152.54200000000006	26.006
106	27	1	64.14770459081836	98.17764471057892
106	28	1	167.68799999999996	41.00400000000001
106	29	1	97.7559999999999	189.452
107	1	2	20	19.999999999999996
107	2	2	19.744939271255067	95.29149797570845
107	3	2	20	169.99999999999991
107	4	2	94.93999999999997	20.035999999999998
107	5	2	96.45600000000002	95.79999999999994
107	6	2	96.364	169.86399999999992
107	7	2	170.07407407407405	19.72016460905349
107	8	2	169.99999999999994	94.99999999999997
107	9	2	170.12400000000002	170.0280000000002
107	10	1	27.77445109780438	132.62674650698605
107	11	1	27.24950099800398	82.14171656686632
107	12	1	164.5260000000001	127.93400000000007
107	13	1	118.1400000000001	131.5980000000001
107	14	1	92.214	157.2819999999999
107	15	1	105.32999999999993	65.73999999999992
107	16	1	163.57000000000002	56.319999999999986
107	17	1	157.63000000000008	70.17600000000006
107	18	1	89.64870259481037	75.81636726546914
107	19	1	38.700000000000024	62.20199999999997
107	20	1	83.1017964071856	100.5189620758484
107	21	1	22.30200000000001	147.5859999999999
107	22	1	131.67265469061874	150.49700598802397
107	23	1	43.59919839679364	140.65731462925854
107	24	1	36.81636726546905	108.39121756487023
107	25	1	103.58682634730539	139.53692614770463
107	26	1	152.606	25.986000000000015
107	27	1	64.21556886227545	98.15568862275455
107	28	1	167.7125748502995	41.00798403193615
107	29	1	97.84231536926148	189.51497005988023
108	1	2	20	19.999999999999996
108	2	2	19.744939271255067	95.29149797570845
108	3	2	20	169.99999999999991
108	4	2	94.93999999999997	20.035999999999998
108	5	2	96.45600000000002	95.79999999999994
108	6	2	96.364	169.86399999999992
108	7	2	170.07407407407405	19.72016460905349
108	8	2	169.99999999999994	94.99999999999997
108	9	2	170.12400000000002	170.0280000000002
108	10	1	27.788423153692626	132.6307385229543
108	11	1	27.285429141716545	82.22754491017966
108	12	1	164.35528942115783	127.79441117764465
108	13	1	118.30799999999995	131.75199999999998
108	14	1	92.23399999999998	157.24999999999997
108	15	1	105.29540918163667	66.07984031936142
108	16	1	163.7165668662673	56.4810379241517
108	17	1	157.433133732535	70.09181636726555
108	18	1	89.52600000000002	75.81400000000005
108	19	1	38.772000000000006	62.32400000000002
108	20	1	83.05588822355284	100.61077844311382
108	21	1	22.341317365269457	147.56087824351295
108	22	1	131.70259481037928	150.5808383233533
108	23	1	43.574850299401184	140.6526946107783
108	24	1	36.98396793587175	108.14829659318632
108	25	1	103.78600000000004	139.51199999999997
108	26	1	152.62799999999993	25.966000000000005
108	27	1	64.43599999999995	98.05199999999995
108	28	1	167.65600000000006	41.00400000000002
108	29	1	98.06000000000003	189.558
109	1	2	20	19.999999999999996
109	2	2	19.744939271255067	95.29149797570845
109	3	2	20	169.99999999999991
109	4	2	94.93999999999997	20.035999999999998
109	5	2	96.45600000000002	95.79999999999994
109	6	2	96.364	169.86399999999992
109	7	2	170.07407407407405	19.72016460905349
109	8	2	169.99999999999994	94.99999999999997
109	9	2	170.12400000000002	170.0280000000002
109	10	1	27.907815631262505	132.62324649298608
109	11	1	27.321999999999996	82.32999999999998
109	12	1	164.21357285429153	127.69660678642714
109	13	1	118.39400000000006	131.87200000000007
109	14	1	92.24999999999997	157.2480000000001
109	15	1	105.244	66.16799999999994
109	16	1	163.85229540918164	56.53493013972056
109	17	1	157.39600000000004	70.03599999999997
109	18	1	89.40000000000015	75.82599999999991
109	19	1	38.794000000000004	62.52399999999999
109	20	1	83.05577689243023	100.79282868525874
109	21	1	22.309381237524956	147.5049900199599
109	22	1	131.76447105788426	150.57884231536937
109	23	1	43.587999999999994	140.558
109	24	1	37.11976047904188	108.12375249501
109	25	1	103.85971943887773	139.51703406813635
109	26	1	152.54491017964085	26.243512974051892
109	27	1	64.50600000000001	97.93200000000007
109	28	1	167.74251497005972	41.08383233532934
109	29	1	98.18163672654687	189.62275449101796
110	1	2	20	19.999999999999996
110	2	2	19.744939271255067	95.29149797570845
110	3	2	20	169.99999999999991
110	4	2	94.93999999999997	20.035999999999998
110	5	2	96.45600000000002	95.79999999999994
110	6	2	96.364	169.86399999999992
110	7	2	170.07407407407405	19.72016460905349
110	8	2	169.99999999999994	94.99999999999997
110	9	2	170.12400000000002	170.0280000000002
110	10	1	27.847999999999985	132.64599999999996
110	11	1	27.43399999999999	82.54999999999998
110	12	1	164.19438877755522	127.59919839679353
110	13	1	118.3872255489022	131.85628742514973
110	14	1	92.27799999999988	157.176
110	15	1	105.22554890219565	66.20359281437132
110	16	1	163.8640000000002	56.48399999999997
110	17	1	157.36400000000006	69.95799999999996
110	18	1	89.34869739478957	75.81563126252505
110	19	1	38.70318725099599	62.74302788844614
110	20	1	83.05389221556875	100.68463073852293
110	21	1	22.27454909819639	147.47695390781564
110	22	1	131.82634730538945	150.5389221556886
110	23	1	43.508	140.60600000000002
110	24	1	37.163672654690615	108.10578842315368
110	25	1	103.9041916167664	139.47305389221563
110	26	1	152.57200000000003	26.259999999999994
110	27	1	64.43426294820716	97.90039840637444
110	28	1	167.84431137724562	41.0998003992016
110	29	1	98.26347305389213	189.6127744510978
111	1	2	20	19.999999999999996
111	2	2	19.744939271255067	95.29149797570845
111	3	2	20	169.99999999999991
111	4	2	94.93999999999997	20.035999999999998
111	5	2	96.45600000000002	95.79999999999994
111	6	2	96.364	169.86399999999992
111	7	2	170.07407407407405	19.72016460905349
111	8	2	169.99999999999994	94.99999999999997
111	9	2	170.12400000000002	170.0280000000002
111	10	1	27.858283433133742	132.62275449101784
111	11	1	27.417999999999974	82.67800000000004
111	12	1	164.11599999999999	127.54599999999985
111	13	1	118.4408817635271	132.02004008016047
111	14	1	92.28742514970055	157.1457085828343
111	15	1	105.1556886227544	66.20159680638724
111	16	1	163.91616766467055	56.54690618762476
111	17	1	157.26946107784428	69.9820359281438
111	18	1	89.29141716566866	75.86427145708585
111	19	1	38.82200000000002	62.9
111	20	1	83.01596806387226	100.75249500998007
111	21	1	22.22754491017966	147.50499001996005
111	22	1	131.75000000000006	150.64600000000016
111	23	1	43.49999999999992	140.50599999999994
111	24	1	37.199600798403225	108.15369261477038
111	25	1	104.01596806387221	139.46506986027921
111	26	1	152.6007984031937	26.229540918163675
111	27	1	64.53293413173648	97.9441117764472
111	28	1	167.79999999999993	41.09600000000002
111	29	1	98.44799999999992	189.75800000000018
112	1	2	20	19.999999999999996
112	2	2	19.744939271255067	95.29149797570845
112	3	2	20	169.99999999999991
112	4	2	94.93999999999997	20.035999999999998
112	5	2	96.45600000000002	95.79999999999994
112	6	2	96.364	169.86399999999992
112	7	2	170.07407407407405	19.72016460905349
112	8	2	169.99999999999994	94.99999999999997
112	9	2	170.12400000000002	170.0280000000002
112	10	1	27.908000000000026	132.65400000000002
112	11	1	27.339321357285417	82.75848303393222
112	12	1	164.0399999999999	127.56200000000011
112	13	1	118.39599999999997	132.06799999999998
112	14	1	92.26199999999994	157.21000000000018
112	15	1	105.17365269461081	66.39321357285439
112	16	1	163.94400000000007	56.59799999999999
112	17	1	157.20400000000012	69.93799999999999
112	18	1	89.16400000000006	75.854
112	19	1	38.910000000000004	62.995999999999995
112	20	1	83.03784860557758	100.80876494023903
112	21	1	22.211576846307363	147.56686626746506
112	22	1	131.70259481037922	150.76646706586826
112	23	1	43.44710578842317	140.50299401197609
112	24	1	37.22355289421154	108.00998003992011
112	25	1	104.03393213572849	139.50299401197609
112	26	1	152.6299999999999	26.24400000000001
112	27	1	64.6746506986028	97.98203592814369
112	28	1	167.78642714570853	41.113772455089794
112	29	1	98.44422310756964	190.0079681274899
113	1	2	20	19.999999999999996
113	2	2	19.744939271255067	95.29149797570845
113	3	2	20	169.99999999999991
113	4	2	94.93999999999997	20.035999999999998
113	5	2	96.45600000000002	95.79999999999994
113	6	2	96.364	169.86399999999992
113	7	2	170.07407407407405	19.72016460905349
113	8	2	169.99999999999994	94.99999999999997
113	9	2	170.12400000000002	170.0280000000002
113	10	1	27.92999999999998	132.70400000000012
113	11	1	27.399999999999977	82.85399999999996
113	12	1	164.02	127.49799999999999
113	13	1	118.47599999999997	132.146
113	14	1	92.27600000000005	157.2139999999999
113	15	1	105.15768463073849	66.59680638722558
113	16	1	163.9121756487027	56.5449101796407
113	17	1	157.2435129740519	70.01397205588822
113	18	1	89.11200000000002	75.85199999999996
113	19	1	38.989999999999945	63.062
113	20	1	82.97005988023952	100.8822355289421
113	21	1	22.19	147.60399999999998
113	22	1	131.69400000000002	150.816
113	23	1	43.351297405189634	140.36926147704582
113	24	1	37.284000000000006	107.88000000000002
113	25	1	104.01400000000001	139.4
113	26	1	152.6227544910178	26.239520958083826
113	27	1	64.68600000000009	97.96200000000005
113	28	1	167.82799999999997	41.118000000000066
113	29	1	98.69660678642715	190.02594810379227
114	1	2	20	19.999999999999996
114	2	2	19.744939271255067	95.29149797570845
114	3	2	20	169.99999999999991
114	4	2	94.93999999999997	20.035999999999998
114	5	2	96.45600000000002	95.79999999999994
114	6	2	96.364	169.86399999999992
114	7	2	170.07407407407405	19.72016460905349
114	8	2	169.99999999999994	94.99999999999997
114	9	2	170.12400000000002	170.0280000000002
114	10	1	27.930278884462144	132.65537848605575
114	11	1	27.389221556886238	82.94411177644716
114	12	1	164.0698602794413	127.45508982035929
114	13	1	118.66599999999998	132.23399999999992
114	14	1	92.26800000000007	157.23599999999988
114	15	1	105.1716566866267	66.63872255489022
114	16	1	163.94810379241517	56.528942115768466
114	17	1	157.109780439122	69.99001996007983
114	18	1	89.07799999999997	75.85400000000003
114	19	1	38.89620758483035	63.099800399201584
114	20	1	82.98599999999999	100.98600000000003
114	21	1	22.218000000000004	147.59400000000014
114	22	1	131.58483033932134	150.8982035928145
114	23	1	43.379999999999995	140.3240000000002
114	24	1	37.4268537074148	107.76553106212423
114	25	1	104.0840000000001	139.35599999999974
114	26	1	152.63999999999982	26.30599999999999
114	27	1	64.8502994011976	97.92215568862285
114	28	1	167.95409181636748	41.115768463073856
114	29	1	98.7864271457085	190
115	1	2	20	19.999999999999996
115	2	2	19.744939271255067	95.29149797570845
115	3	2	20	169.99999999999991
115	4	2	94.93999999999997	20.035999999999998
115	5	2	96.45600000000002	95.79999999999994
115	6	2	96.364	169.86399999999992
115	7	2	170.07407407407405	19.72016460905349
115	8	2	169.99999999999994	94.99999999999997
115	9	2	170.12400000000002	170.0280000000002
115	10	1	27.978000000000012	132.68199999999996
115	11	1	27.447999999999976	82.93
115	12	1	163.98003992015967	127.42115768463067
115	13	1	118.64870259481043	132.2934131736527
115	14	1	92.36200000000002	157.2019999999999
115	15	1	105.13772455089821	66.76447105788417
115	16	1	163.93399999999983	56.49599999999999
115	17	1	157.1596806387226	69.93612774451098
115	18	1	89.01600000000005	75.93800000000005
115	19	1	38.804	63.09600000000001
115	20	1	82.92015968063872	101.23353293413182
115	21	1	22.286573146292604	147.60721442885767
115	22	1	131.59399999999994	151.0079999999999
115	23	1	43.37600000000002	140.3419999999998
115	24	1	37.52589641434266	107.65537848605581
115	25	1	104.14171656686634	139.25548902195618
115	26	1	152.64000000000007	26.359999999999996
115	27	1	65.07799999999995	97.82199999999995
115	28	1	167.96800000000002	41.112
115	29	1	98.96207584830331	190.0199600798403
116	1	2	20	19.999999999999996
116	2	2	19.744939271255067	95.29149797570845
116	3	2	20	169.99999999999991
116	4	2	94.93999999999997	20.035999999999998
116	5	2	96.45600000000002	95.79999999999994
116	6	2	96.364	169.86399999999992
116	7	2	170.07407407407405	19.72016460905349
116	8	2	169.99999999999994	94.99999999999997
116	9	2	170.12400000000002	170.0280000000002
116	10	1	27.89799999999998	132.6599999999999
116	11	1	27.479999999999983	82.86599999999993
116	12	1	163.88822355289437	127.22554890219554
116	13	1	118.6832669322709	132.3027888446214
116	14	1	92.39799999999997	157.17999999999984
116	15	1	105.16599999999994	66.85799999999999
116	16	1	163.96600000000015	56.54600000000003
116	17	1	157.04590818363286	69.82235528942117
116	18	1	89.07185628742513	75.98403193612782
116	19	1	38.75000000000002	63.07000000000001
116	20	1	82.95409181636727	101.34131736526948
116	21	1	22.43800000000001	147.7419999999998
116	22	1	131.52600000000004	151.0979999999999
116	23	1	43.44	140.3319999999999
116	24	1	37.485029940119766	107.56886227544904
116	25	1	104.26800000000001	139.27999999999986
116	26	1	152.65999999999985	26.467999999999993
116	27	1	65.22199999999994	97.794
116	28	1	168.00798403193625	41.163672654690615
116	29	1	99.07385229540911	190.12974051896208
117	1	2	20	19.999999999999996
117	2	2	19.744939271255067	95.29149797570845
117	3	2	20	169.99999999999991
117	4	2	94.93999999999997	20.035999999999998
117	5	2	96.45600000000002	95.79999999999994
117	6	2	96.364	169.86399999999992
117	7	2	170.07407407407405	19.72016460905349
117	8	2	169.99999999999994	94.99999999999997
117	9	2	170.12400000000002	170.0280000000002
117	10	1	27.93800000000001	132.69599999999994
117	11	1	27.532000000000004	83.02800000000008
117	12	1	163.86626746506988	127.21956087824351
117	13	1	118.77644710578839	132.46107784431126
117	14	1	92.39799999999997	157.17999999999984
117	15	1	105.14770459081839	66.93213572854287
117	16	1	163.88822355289426	56.4810379241517
117	17	1	157.02594810379244	69.82035928143716
117	18	1	89.03592814371257	76.0159680638723
117	19	1	38.737051792828694	63.02988047808768
117	20	1	82.95000000000002	101.38399999999997
117	21	1	22.44689378757515	147.78757515030063
117	22	1	131.49500998003992	151.24351297405184
117	23	1	43.379999999999974	140.24399999999994
117	24	1	37.500998003992	107.49500998003995
117	25	1	104.29940119760488	139.2495009980038
117	26	1	152.71600000000004	26.411999999999995
117	27	1	65.28999999999998	97.85000000000005
117	28	1	168.19721115537854	41.258964143426276
117	29	1	99.2554890219561	190.22355289421156
118	1	2	20	19.999999999999996
118	2	2	19.744939271255067	95.29149797570845
118	3	2	20	169.99999999999991
118	4	2	94.93999999999997	20.035999999999998
118	5	2	96.45600000000002	95.79999999999994
118	6	2	96.364	169.86399999999992
118	7	2	170.07407407407405	19.72016460905349
118	8	2	169.99999999999994	94.99999999999997
118	9	2	170.12400000000002	170.0280000000002
118	10	1	28.00999999999999	132.7639999999999
118	11	1	27.57	83.26000000000002
118	12	1	163.78486055776892	127.11752988047814
118	13	1	118.876	132.55200000000002
118	14	1	92.45800000000001	157.14000000000019
118	15	1	105.15768463073852	67.05588822355293
118	16	1	163.76646706586834	56.45508982035931
118	17	1	156.93612774451105	69.7385229540918
118	18	1	89.02395209580841	76.0059880239521
118	19	1	38.76846307385228	63.05988023952092
118	20	1	82.89999999999992	101.42999999999992
118	21	1	22.40999999999999	147.8
118	22	1	131.40999999999994	151.31799999999993
118	23	1	43.385229540918154	140.24750499002008
118	24	1	37.477999999999994	107.41800000000002
118	25	1	104.42800000000007	139.28000000000023
118	26	1	152.72854291417164	26.57285429141717
118	27	1	65.35329341317363	97.95409181636728
118	28	1	168.40881763527068	41.334669338677344
118	29	1	99.356	190.23999999999998
119	1	2	20	19.999999999999996
119	2	2	19.744939271255067	95.29149797570845
119	3	2	20	169.99999999999991
119	4	2	94.93999999999997	20.035999999999998
119	5	2	96.45600000000002	95.79999999999994
119	6	2	96.364	169.86399999999992
119	7	2	170.07407407407405	19.72016460905349
119	8	2	169.99999999999994	94.99999999999997
119	9	2	170.12400000000002	170.0280000000002
119	10	1	28.047999999999995	132.83799999999994
119	11	1	27.71457085828342	83.32534930139722
119	12	1	163.75999999999988	127.11000000000001
119	13	1	118.96400000000006	132.6139999999998
119	14	1	92.50799999999998	157.144
119	15	1	105.15768463073852	67.05588822355287
119	16	1	163.66399999999982	56.354000000000006
119	17	1	156.9640718562875	69.73652694610779
119	18	1	89.1139999999999	75.99599999999994
119	19	1	38.838000000000044	62.94999999999999
119	20	1	82.90419161676648	101.5788423153693
119	21	1	22.410000000000014	147.8239999999999
119	22	1	131.35070140280553	151.444889779559
119	23	1	43.45399999999998	140.08399999999997
119	24	1	37.60678642714568	107.35528942115775
119	25	1	104.45400000000001	139.26399999999984
119	26	1	152.7	26.676000000000027
119	27	1	65.45708582834334	97.98802395209584
119	28	1	168.55799999999994	41.34999999999997
119	29	1	99.50400000000006	190.42599999999996
120	1	2	20	19.999999999999996
120	2	2	19.744939271255067	95.29149797570845
120	3	2	20	169.99999999999991
120	4	2	94.93999999999997	20.035999999999998
120	5	2	96.45600000000002	95.79999999999994
120	6	2	96.364	169.86399999999992
120	7	2	170.07407407407405	19.72016460905349
120	8	2	169.99999999999994	94.99999999999997
120	9	2	170.12400000000002	170.0280000000002
120	10	1	28.099800399201584	132.8403193612774
120	11	1	27.79041916167666	83.37125748502989
120	12	1	163.6087824351299	126.92814371257482
120	13	1	119.21756487025948	132.75848303393232
120	14	1	92.50799999999998	157.144
120	15	1	105.2035928143712	67.25948103792412
120	16	1	163.5579999999998	56.28599999999996
120	17	1	156.84231536926137	69.72255489021956
120	18	1	89.04590818363272	76.05189620758473
120	19	1	38.85628742514971	62.982035928143716
120	20	1	82.93199999999999	101.70000000000002
120	21	1	22.300000000000004	147.79600000000008
120	22	1	131.28087649402374	151.45418326693206
120	23	1	43.47504990019962	140.15169660678643
120	24	1	37.61277445109783	107.34730538922162
120	25	1	104.27054108216431	139.03406813627274
120	26	1	152.6986027944112	26.72055888223551
120	27	1	65.51297405189614	98.00598802395203
120	28	1	168.6959999999998	41.406000000000006
120	29	1	99.5908183632734	190.54291417165675
121	1	2	20	19.999999999999996
121	2	2	19.744939271255067	95.29149797570845
121	3	2	20	169.99999999999991
121	4	2	94.93999999999997	20.035999999999998
121	5	2	96.45600000000002	95.79999999999994
121	6	2	96.364	169.86399999999992
121	7	2	170.07407407407405	19.72016460905349
121	8	2	169.99999999999994	94.99999999999997
121	9	2	170.12400000000002	170.0280000000002
121	10	1	28.250996015936227	132.91434262948198
121	11	1	27.827655310621243	83.56513026052104
121	12	1	163.43200000000004	126.90800000000007
121	13	1	119.37000000000002	132.92800000000005
121	14	1	92.48399999999991	157.11199999999994
121	15	1	105.22999999999999	67.37599999999996
121	16	1	163.54980079681283	56.330677290836604
121	17	1	156.71599999999995	69.702
121	18	1	89.05811623246497	76.07214428857708
121	19	1	38.70658682634733	63.0818363273453
121	20	1	82.9021956087824	101.82435129740517
121	21	1	22.22355289421159	147.84431137724542
121	22	1	131.2355289421159	151.5948103792415
121	23	1	43.45908183632735	140.1856287425151
121	24	1	37.79759519038076	107.22845691382773
121	25	1	104.256	138.94199999999998
121	26	1	152.71400000000006	26.816000000000006
121	27	1	65.7025948103793	97.96207584830347
121	28	1	168.8677354709419	41.4188376753507
121	29	1	99.66733067729078	190.6553784860559
122	1	2	20	19.999999999999996
122	2	2	19.744939271255067	95.29149797570845
122	3	2	20	169.99999999999991
122	4	2	94.93999999999997	20.035999999999998
122	5	2	96.45600000000002	95.79999999999994
122	6	2	96.364	169.86399999999992
122	7	2	170.07407407407405	19.72016460905349
122	8	2	169.99999999999994	94.99999999999997
122	9	2	170.12400000000002	170.0280000000002
122	10	1	28.359281437125738	132.8662674650699
122	11	1	27.929999999999996	83.69800000000001
122	12	1	163.34131736526942	126.8522954091817
122	13	1	119.51792828685262	132.9980079681275
122	14	1	92.50999999999999	157.058
122	15	1	105.25400000000003	67.49399999999997
122	16	1	163.48897795591182	56.38076152304608
122	17	1	156.6420000000003	69.604
122	18	1	89.08200000000001	76.02000000000011
122	19	1	38.63999999999996	63.13200000000001
122	20	1	82.73799999999994	101.91199999999996
122	21	1	22.214428857715422	147.86172344689382
122	22	1	131.11776447105802	151.81237524950103
122	23	1	43.484	140.168
122	24	1	37.919999999999966	107.23800000000003
122	25	1	104.288	138.89200000000005
122	26	1	152.73200000000003	26.804000000000016
122	27	1	65.82834331337318	97.90818363273459
122	28	1	168.84431137724562	41.43912175648709
122	29	1	99.812375249501	190.71257485029952
123	1	2	20	19.999999999999996
123	2	2	19.744939271255067	95.29149797570845
123	3	2	20	169.99999999999991
123	4	2	94.93999999999997	20.035999999999998
123	5	2	96.45600000000002	95.79999999999994
123	6	2	96.364	169.86399999999992
123	7	2	170.07407407407405	19.72016460905349
123	8	2	169.99999999999994	94.99999999999997
123	9	2	170.12400000000002	170.0280000000002
123	10	1	28.309999999999988	132.80999999999995
123	11	1	28.03992015968064	83.71457085828341
123	12	1	163.37724550898187	126.7045908183633
123	13	1	119.68862275449106	133.08383233532916
123	14	1	92.53000000000002	157.01799999999986
123	15	1	105.22111553784863	67.50796812749006
123	16	1	163.46600000000007	56.38400000000005
123	17	1	156.57	69.53200000000014
123	18	1	89.02200000000003	76.09400000000005
123	19	1	38.704000000000036	63.046000000000014
123	20	1	82.73399999999997	102.026
123	21	1	22.188000000000002	147.89200000000005
123	22	1	131.0439121756487	151.9121756487026
123	23	1	43.47105788423151	140.13972055888215
123	24	1	38.034000000000006	107.14200000000002
123	25	1	104.37924151696612	138.86427145708578
123	26	1	152.8199999999999	26.83400000000002
123	27	1	65.9599198396793	97.94388777555106
123	28	1	169.0359281437123	41.449101796407184
123	29	1	99.93999999999997	190.76399999999998
124	1	2	20	19.999999999999996
124	2	2	19.744939271255067	95.29149797570845
124	3	2	20	169.99999999999991
124	4	2	94.93999999999997	20.035999999999998
124	5	2	96.45600000000002	95.79999999999994
124	6	2	96.364	169.86399999999992
124	7	2	170.07407407407405	19.72016460905349
124	8	2	169.99999999999994	94.99999999999997
124	9	2	170.12400000000002	170.0280000000002
124	10	1	28.34930139720558	132.84031936127766
124	11	1	28.029940119760475	83.81636726546898
124	12	1	163.18000000000004	126.56200000000013
124	13	1	119.74451097804392	133.10778443113765
124	14	1	92.51999999999994	157.18400000000003
124	15	1	105.34799999999998	67.70600000000006
124	16	1	163.48800000000023	56.39399999999999
124	17	1	156.53199999999995	69.53599999999997
124	18	1	89.08999999999992	76.09400000000005
124	19	1	38.81963927855708	62.97795591182363
124	20	1	82.67199999999997	102.06599999999995
124	21	1	22.168000000000003	147.9680000000001
124	22	1	131.06799999999993	152.01
124	23	1	43.42315369261479	140.06187624750493
124	24	1	38.211155378486076	106.97211155378483
124	25	1	104.42400000000002	138.86800000000014
124	26	1	152.88977955911832	26.81963927855714
124	27	1	66.03792415169659	97.8922155688623
124	28	1	169.10199999999998	41.482000000000006
124	29	1	100.02395209580838	190.8782435129739
125	1	2	20	19.999999999999996
125	2	2	19.744939271255067	95.29149797570845
125	3	2	20	169.99999999999991
125	4	2	94.93999999999997	20.035999999999998
125	5	2	96.45600000000002	95.79999999999994
125	6	2	96.364	169.86399999999992
125	7	2	170.07407407407405	19.72016460905349
125	8	2	169.99999999999994	94.99999999999997
125	9	2	170.12400000000002	170.0280000000002
125	10	1	28.27999999999998	132.83
125	11	1	28.16733067729083	83.87250996015936
125	12	1	163.15399999999994	126.51800000000003
125	13	1	119.81000000000002	133.17599999999987
125	14	1	92.47695390781568	157.18837675350701
125	15	1	105.43999999999988	67.87399999999998
125	16	1	163.4128256513025	56.458917835671365
125	17	1	156.41799999999995	69.508
125	18	1	89.11776447105785	76.13373253493012
125	19	1	38.81636726546903	62.958083832335234
125	20	1	82.65799999999992	102.18599999999996
125	21	1	22.121756487025944	147.93013972055897
125	22	1	130.8179999999999	152.18200000000013
125	23	1	43.402	140.11200000000022
125	24	1	38.27944111776447	106.97405189620768
125	25	1	104.37000000000003	138.80000000000007
125	26	1	152.97405189620744	26.766467065868273
125	27	1	66.09980039920167	98.07584830339322
125	28	1	169.16533864541847	41.649402390438226
125	29	1	100.06999999999988	190.91199999999972
126	1	2	20	19.999999999999996
126	2	2	19.744939271255067	95.29149797570845
126	3	2	20	169.99999999999991
126	4	2	94.93999999999997	20.035999999999998
126	5	2	96.45600000000002	95.79999999999994
126	6	2	96.364	169.86399999999992
126	7	2	170.07407407407405	19.72016460905349
126	8	2	169.99999999999994	94.99999999999997
126	9	2	170.12400000000002	170.0280000000002
126	10	1	28.349999999999994	132.91999999999985
126	11	1	28.30938123752497	83.90219560878242
126	12	1	163.25748502994023	126.53892215568858
126	13	1	119.83233532934132	133.2115768463073
126	14	1	92.52199999999992	157.17999999999992
126	15	1	105.44999999999999	68.01199999999997
126	16	1	163.38844621513937	56.330677290836626
126	17	1	156.3313373253495	69.43712574850296
126	18	1	89.13999999999993	76.11999999999998
126	19	1	38.838323353293355	62.952095808383234
126	20	1	82.61799999999992	102.22600000000007
126	21	1	21.999999999999996	147.8443113772455
126	22	1	130.76000000000008	152.22399999999996
126	23	1	43.41399999999999	140.13999999999987
126	24	1	38.30139720558882	106.90818363273455
126	25	1	104.35928143712574	138.73852295409182
126	26	1	152.97799999999987	26.765999999999973
126	27	1	66.15600000000005	98.04199999999996
126	28	1	169.28857715430877	41.609218436873746
126	29	1	100.108	191.11800000000002
127	1	2	20	19.999999999999996
127	2	2	19.744939271255067	95.29149797570845
127	3	2	20	169.99999999999991
127	4	2	94.93999999999997	20.035999999999998
127	5	2	96.45600000000002	95.79999999999994
127	6	2	96.364	169.86399999999992
127	7	2	170.07407407407405	19.72016460905349
127	8	2	169.99999999999994	94.99999999999997
127	9	2	170.12400000000002	170.0280000000002
127	10	1	28.346693386773556	133.03206412825648
127	11	1	28.46999999999998	83.98799999999986
127	12	1	163.1516966067864	126.35728542914181
127	13	1	120.11976047904191	133.39920159680648
127	14	1	92.56287425149706	157.10379241516964
127	15	1	105.45599999999996	68.16399999999994
127	16	1	163.36127744510972	56.345309381237534
127	17	1	156.28799999999995	69.34800000000007
127	18	1	89.11599999999999	76.134
127	19	1	38.898203592814376	63.009980039920165
127	20	1	82.60921843687365	102.30060120240478
127	21	1	21.890219560878243	147.79441117764458
127	22	1	130.57999999999993	152.436
127	23	1	43.38047808764939	140.02390438246996
127	24	1	38.34199999999997	106.8759999999999
127	25	1	104.3779999999999	138.584
127	26	1	152.94199999999995	26.85999999999999
127	27	1	66.19600000000007	98.13000000000002
127	28	1	169.39800000000017	41.69399999999994
127	29	1	100.20517928286856	191.31474103585677
128	1	2	20	19.999999999999996
128	2	2	19.744939271255067	95.29149797570845
128	3	2	20	169.99999999999991
128	4	2	94.93999999999997	20.035999999999998
128	5	2	96.45600000000002	95.79999999999994
128	6	2	96.364	169.86399999999992
128	7	2	170.07407407407405	19.72016460905349
128	8	2	169.99999999999994	94.99999999999997
128	9	2	170.12400000000002	170.0280000000002
128	10	1	28.431999999999988	133.144
128	11	1	28.63200000000001	84.04000000000002
128	12	1	163.06	126.39399999999998
128	13	1	120.34131736526943	133.502994011976
128	14	1	92.63399999999999	157.044
128	15	1	105.54199999999992	68.28999999999999
128	16	1	163.376	56.43400000000002
128	17	1	156.203187250996	69.36852589641431
128	18	1	89.11799999999997	76.15599999999998
128	19	1	39.051999999999985	62.964000000000034
128	20	1	82.62599999999995	102.254
128	21	1	21.820000000000004	147.8059999999999
128	22	1	130.53293413173637	152.50499001996013
128	23	1	43.37200000000002	139.97400000000002
128	24	1	38.39000000000007	106.89999999999998
128	25	1	104.45	138.584
128	26	1	152.95608782435116	26.978043912175636
128	27	1	66.23	98.24799999999998
128	28	1	169.48502994011952	41.61676646706588
128	29	1	100.1740000000001	191.5119999999999
129	1	2	20	19.999999999999996
129	2	2	19.744939271255067	95.29149797570845
129	3	2	20	169.99999999999991
129	4	2	94.93999999999997	20.035999999999998
129	5	2	96.45600000000002	95.79999999999994
129	6	2	96.364	169.86399999999992
129	7	2	170.07407407407405	19.72016460905349
129	8	2	169.99999999999994	94.99999999999997
129	9	2	170.12400000000002	170.0280000000002
129	10	1	28.432000000000016	133.17000000000004
129	11	1	28.748502994011986	84.03393213572845
129	12	1	163.11400000000003	126.32000000000008
129	13	1	120.52894211576839	133.5988023952093
129	14	1	92.68799999999999	156.99400000000006
129	15	1	105.59680638722553	68.58483033932146
129	16	1	163.41516966067857	56.42914171656687
129	17	1	156.08000000000004	69.29000000000002
129	18	1	89.12799999999997	76.15400000000002
129	19	1	39.084000000000024	62.84600000000004
129	20	1	82.60479041916176	102.1656686626746
129	21	1	21.71457085828342	147.79041916167654
129	22	1	130.50698602794407	152.6467065868263
129	23	1	43.37724550898205	140.0538922155688
129	24	1	38.43313373253495	106.87025948103792
129	25	1	104.4910179640719	138.50898203592794
129	26	1	153.03992015968072	27.155688622754468
129	27	1	66.15169660678636	98.29740518962072
129	28	1	169.75800000000004	41.761999999999986
129	29	1	100.2075848303393	191.6127744510976
130	1	2	20	19.999999999999996
130	2	2	19.744939271255067	95.29149797570845
130	3	2	20	169.99999999999991
130	4	2	94.93999999999997	20.035999999999998
130	5	2	96.45600000000002	95.79999999999994
130	6	2	96.364	169.86399999999992
130	7	2	170.07407407407405	19.72016460905349
130	8	2	169.99999999999994	94.99999999999997
130	9	2	170.12400000000002	170.0280000000002
130	10	1	28.432000000000016	133.17000000000004
130	11	1	28.93599999999999	84.19799999999994
130	12	1	163.108	126.29399999999997
130	13	1	120.66267465069868	133.8283433133734
130	14	1	92.692614770459	156.96007984031922
130	15	1	105.60000000000001	68.79400000000007
130	16	1	163.426	56.35800000000001
130	17	1	156.04980079681266	69.16932270916335
130	18	1	89.1117764471058	76.18562874251504
130	19	1	38.97999999999999	62.89000000000001
130	20	1	82.61077844311377	102.21157684630732
130	21	1	21.662674650698595	147.71257485029926
130	22	1	130.567134268537	152.809619238477
130	23	1	43.31536926147705	140.02195608782452
130	24	1	38.39920159680639	106.85828343313375
130	25	1	104.61477045908178	138.48103792415165
130	26	1	153.0060000000002	27.222000000000012
130	27	1	66.24151696606786	98.38922155688631
130	28	1	169.9061876247505	41.74650698602797
130	29	1	100.33800000000002	191.708
131	1	2	20	19.999999999999996
131	2	2	19.744939271255067	95.29149797570845
131	3	2	20	169.99999999999991
131	4	2	94.93999999999997	20.035999999999998
131	5	2	96.45600000000002	95.79999999999994
131	6	2	96.364	169.86399999999992
131	7	2	170.07407407407405	19.72016460905349
131	8	2	169.99999999999994	94.99999999999997
131	9	2	170.12400000000002	170.0280000000002
131	10	1	28.456000000000003	133.23799999999991
131	11	1	29.059760956175285	84.33665338645415
131	12	1	163.00600000000003	126.17799999999987
131	13	1	120.9101796407185	133.95209580838332
131	14	1	92.73053892215566	156.89221556886227
131	15	1	105.68000000000013	68.86799999999994
131	16	1	163.54382470119523	56.398406374501995
131	17	1	155.87599999999998	68.96799999999999
131	18	1	89.16966067864264	76.15169660678633
131	19	1	39.048	62.952000000000034
131	20	1	82.58483033932126	102.17365269461077
131	21	1	21.588	147.63999999999993
131	22	1	130.4650698602794	153.0239520958083
131	23	1	43.35200000000001	140.10600000000014
131	24	1	38.44000000000004	106.92999999999998
131	25	1	104.63600000000012	138.30199999999985
131	26	1	153.0738522954092	27.205588822355292
131	27	1	66.2674650698603	98.45309381237526
131	28	1	170.0939999999999	41.833999999999975
131	29	1	100.38446215139443	192.08565737051777
132	1	2	20	19.999999999999996
132	2	2	19.744939271255067	95.29149797570845
132	3	2	20	169.99999999999991
132	4	2	94.93999999999997	20.035999999999998
132	5	2	96.45600000000002	95.79999999999994
132	6	2	96.364	169.86399999999992
132	7	2	170.07407407407405	19.72016460905349
132	8	2	169.99999999999994	94.99999999999997
132	9	2	170.12400000000002	170.0280000000002
132	10	1	28.537999999999986	133.27000000000004
132	11	1	29.21600000000001	84.49200000000005
132	12	1	163.02395209580828	126.1776447105788
132	13	1	121.16334661354581	134.1434262948209
132	14	1	92.71057884231539	156.6666666666667
132	15	1	105.72455089820365	68.95409181636731
132	16	1	163.57600000000008	56.39000000000003
132	17	1	155.81400000000022	68.87400000000002
132	18	1	89.28600000000003	76.15600000000003
132	19	1	38.89221556886232	63.153692614770435
132	20	1	82.58800000000005	102.16600000000004
132	21	1	21.556886227544922	147.59680638722543
132	22	1	130.5000000000001	153.16800000000003
132	23	1	43.43712574850301	140.0998003992018
132	24	1	38.5389221556886	106.84830339321353
132	25	1	104.69399999999999	138.27400000000017
132	26	1	153.13400000000013	27.266
132	27	1	66.40400000000004	98.50799999999997
132	28	1	170.23353293413166	41.90618762475047
132	29	1	100.40918163672659	192.27345309381235
133	1	2	20	19.999999999999996
133	2	2	19.744939271255067	95.29149797570845
133	3	2	20	169.99999999999991
133	4	2	94.93999999999997	20.035999999999998
133	5	2	96.45600000000002	95.79999999999994
133	6	2	96.364	169.86399999999992
133	7	2	170.07407407407405	19.72016460905349
133	8	2	169.99999999999994	94.99999999999997
133	9	2	170.12400000000002	170.0280000000002
133	10	1	28.559118236472937	133.30661322645275
133	11	1	29.25748502994012	84.48902195608785
133	12	1	162.99003984063745	126.13545816733067
133	13	1	121.38799999999992	134.246
133	14	1	92.82235528942107	156.57485029940122
133	15	1	105.78642714570866	69.23153692614768
133	16	1	163.64200000000002	56.344000000000065
133	17	1	155.73999999999995	68.75000000000003
133	18	1	89.20400000000011	76.18600000000004
133	19	1	38.86626746506984	63.15169660678642
133	20	1	82.53400000000012	102.12
133	21	1	21.556886227544915	147.61477045908185
133	22	1	130.41317365269475	153.33532934131725
133	23	1	43.39920159680641	140.1696606786427
133	24	1	38.4710578842315	106.89221556886234
133	25	1	104.81000000000002	138.1139999999999
133	26	1	153.13772455089833	27.303393213572864
133	27	1	66.23200000000001	98.53800000000003
133	28	1	170.34400000000002	41.835999999999984
133	29	1	100.40681362725455	192.46292585170335
134	1	2	20	19.999999999999996
134	2	2	19.744939271255067	95.29149797570845
134	3	2	20	169.99999999999991
134	4	2	94.93999999999997	20.035999999999998
134	5	2	96.45600000000002	95.79999999999994
134	6	2	96.364	169.86399999999992
134	7	2	170.07407407407405	19.72016460905349
134	8	2	169.99999999999994	94.99999999999997
134	9	2	170.12400000000002	170.0280000000002
134	10	1	28.5796812749004	133.3725099601594
134	11	1	29.45508982035928	84.67465069860276
134	12	1	162.9241516966067	126.0558882235529
134	13	1	121.63273453093802	134.31137724550905
134	14	1	92.86000000000013	156.5500000000001
134	15	1	105.75449101796404	69.32534930139725
134	16	1	163.68326693227087	56.31872509960155
134	17	1	155.58399999999992	68.6280000000001
134	18	1	89.17400000000002	76.17800000000004
134	19	1	38.77844311377246	63.29940119760477
134	20	1	82.46999999999998	102.23599999999996
134	21	1	21.466	147.64
134	22	1	130.36454183266926	153.5517928286851
134	23	1	43.47999999999996	140.1940000000001
134	24	1	38.41117764471061	106.95409181636725
134	25	1	104.91017964071858	138.08782435129748
134	26	1	153.1117764471059	27.261477045908194
134	27	1	66.13572854291415	98.52495009980044
134	28	1	170.47609561752984	41.85856573705182
134	29	1	100.50898203592823	192.5469061876247
135	1	2	20	19.999999999999996
135	2	2	19.744939271255067	95.29149797570845
135	3	2	20	169.99999999999991
135	4	2	94.93999999999997	20.035999999999998
135	5	2	96.45600000000002	95.79999999999994
135	6	2	96.364	169.86399999999992
135	7	2	170.07407407407405	19.72016460905349
135	8	2	169.99999999999994	94.99999999999997
135	9	2	170.12400000000002	170.0280000000002
135	10	1	28.688622754491	133.48303393213573
135	11	1	29.456175298804776	84.83266932270917
135	12	1	162.97	126.0360000000001
135	13	1	121.67465069860279	134.37125748502993
135	14	1	92.89000000000009	156.51800000000003
135	15	1	105.9141716566866	69.40718562874251
135	16	1	163.686626746507	56.273453093812385
135	17	1	155.49700598802391	68.51097804391216
135	18	1	89.35528942115775	76.06586826347309
135	19	1	38.79241516966063	63.327345309381215
135	20	1	82.43000000000006	102.39400000000003
135	21	1	21.44799999999999	147.63599999999994
135	22	1	130.32599999999996	153.63200000000012
135	23	1	43.5189620758483	140.29141716566863
135	24	1	38.472	106.9979999999999
135	25	1	104.99800399201592	138.05389221556896
135	26	1	153.1816367265468	27.14371257485031
135	27	1	66.242	98.49599999999997
135	28	1	170.55800000000002	41.92
135	29	1	100.56886227544915	192.5628742514969
136	1	2	20	19.999999999999996
136	2	2	19.744939271255067	95.29149797570845
136	3	2	20	169.99999999999991
136	4	2	94.93999999999997	20.035999999999998
136	5	2	96.45600000000002	95.79999999999994
136	6	2	96.364	169.86399999999992
136	7	2	170.07407407407405	19.72016460905349
136	8	2	169.99999999999994	94.99999999999997
136	9	2	170.12400000000002	170.0280000000002
136	10	1	28.728542914171644	133.43113772455075
136	11	1	29.442000000000007	84.87799999999986
136	12	1	162.99600000000007	126.03799999999994
136	13	1	121.89199999999994	134.40199999999996
136	14	1	92.95399999999997	156.464
136	15	1	106.06586826347308	69.51696606786419
136	16	1	163.6906187624752	56.30339321357281
136	17	1	155.38922155688633	68.47904191616763
136	18	1	89.4431137724551	76.05189620758483
136	19	1	38.7744510978044	63.367265469061834
136	20	1	82.41399999999999	102.31400000000005
136	21	1	21.39600000000003	147.57400000000004
136	22	1	130.24151696606776	153.76247504990005
136	23	1	43.482	140.2580000000001
136	24	1	38.474000000000046	106.944
136	25	1	105.27544910179637	138.07984031936138
136	26	1	153.25349301397216	27.179640718562887
136	27	1	66.26653306613227	98.59118236472949
136	28	1	170.67599999999993	42.06000000000001
136	29	1	100.54400000000004	192.61199999999982
137	1	2	20	19.999999999999996
137	2	2	19.744939271255067	95.29149797570845
137	3	2	20	169.99999999999991
137	4	2	94.93999999999997	20.035999999999998
137	5	2	96.45600000000002	95.79999999999994
137	6	2	96.364	169.86399999999992
137	7	2	170.07407407407405	19.72016460905349
137	8	2	169.99999999999994	94.99999999999997
137	9	2	170.12400000000002	170.0280000000002
137	10	1	28.72399999999999	133.49799999999985
137	11	1	29.582	84.98999999999991
137	12	1	163.0798403193613	125.84231536926158
137	13	1	122.13972055888226	134.5349301397205
137	14	1	92.9001996007984	156.43912175648697
137	15	1	106.05788423153693	69.59281437125753
137	16	1	163.72745490981953	56.28256513026051
137	17	1	155.38922155688627	68.40119760479045
137	18	1	89.52694610778451	76.02594810379243
137	19	1	38.784431137724525	63.46307385229539
137	20	1	82.41800000000003	102.394
137	21	1	21.311377245508996	147.54690618762487
137	22	1	130.03386454183263	154.0298804780877
137	23	1	43.50698602794409	140.25748502994009
137	24	1	38.60000000000001	106.86400000000003
137	25	1	105.34530938123758	137.9760479041916
137	26	1	153.208	27.316000000000017
137	27	1	66.33599999999997	98.62199999999997
137	28	1	170.7425149700599	42.11976047904191
137	29	1	100.72199999999991	192.84400000000005
138	1	2	20	19.999999999999996
138	2	2	19.744939271255067	95.29149797570845
138	3	2	20	169.99999999999991
138	4	2	94.93999999999997	20.035999999999998
138	5	2	96.45600000000002	95.79999999999994
138	6	2	96.364	169.86399999999992
138	7	2	170.07407407407405	19.72016460905349
138	8	2	169.99999999999994	94.99999999999997
138	9	2	170.12400000000002	170.0280000000002
138	10	1	28.804391217564856	133.54890219560886
138	11	1	29.65269461077844	85.00000000000001
138	12	1	162.75298804780874	125.8147410358566
138	13	1	122.37325349301395	134.5988023952095
138	14	1	92.9439999999999	156.35799999999992
138	15	1	106.05800000000004	69.79200000000014
138	16	1	163.7844311377245	56.24750499001997
138	17	1	155.4200000000001	68.34
138	18	1	89.48399999999997	76.03600000000006
138	19	1	38.82399999999997	63.48599999999999
138	20	1	82.41200000000002	102.38599999999991
138	21	1	21.337325349301413	147.52894211576847
138	22	1	129.94800000000006	154.19199999999992
138	23	1	43.599999999999994	140.21000000000006
138	24	1	38.63399999999999	106.82599999999998
138	25	1	105.47999999999995	137.93399999999997
138	26	1	153.20600000000007	27.368000000000002
138	27	1	66.22954091816368	98.70858283433132
138	28	1	170.82965931863708	42.10020040080158
138	29	1	100.81836327345316	192.89221556886233
139	1	2	20	19.999999999999996
139	2	2	19.744939271255067	95.29149797570845
139	3	2	20	169.99999999999991
139	4	2	94.93999999999997	20.035999999999998
139	5	2	96.45600000000002	95.79999999999994
139	6	2	96.364	169.86399999999992
139	7	2	170.07407407407405	19.72016460905349
139	8	2	169.99999999999994	94.99999999999997
139	9	2	170.12400000000002	170.0280000000002
139	10	1	28.788423153692612	133.5948103792415
139	11	1	29.828685258964132	85.15936254980076
139	12	1	162.63672654690606	125.65469061876242
139	13	1	122.53200000000001	134.71000000000012
139	14	1	92.95600000000002	156.30599999999987
139	15	1	106.11800000000004	70.01999999999998
139	16	1	163.74949899799591	56.14028056112222
139	17	1	155.37924151696615	68.1856287425149
139	18	1	89.538	75.96600000000004
139	19	1	38.69800000000004	63.60400000000005
139	20	1	82.32000000000001	102.35800000000002
139	21	1	21.23107569721114	147.4402390438246
139	22	1	129.98403193612785	154.28742514970062
139	23	1	43.61400000000002	140.124
139	24	1	38.76799999999999	106.84599999999992
139	25	1	105.57599999999996	137.98800000000006
139	26	1	153.24399999999994	27.340000000000003
139	27	1	66.22200000000002	98.88799999999998
139	28	1	170.99600798403196	42.17764471057884
139	29	1	100.97205588822357	193.1297405189619
140	1	2	20	19.999999999999996
140	2	2	19.744939271255067	95.29149797570845
140	3	2	20	169.99999999999991
140	4	2	94.93999999999997	20.035999999999998
140	5	2	96.45600000000002	95.79999999999994
140	6	2	96.364	169.86399999999992
140	7	2	170.07407407407405	19.72016460905349
140	8	2	169.99999999999994	94.99999999999997
140	9	2	170.12400000000002	170.0280000000002
140	10	1	28.854291417165655	133.53293413173654
140	11	1	29.852295409181657	85.12974051896208
140	12	1	162.58882235528952	125.64471057884244
140	13	1	122.76799999999999	134.87999999999997
140	14	1	92.888	156.344
140	15	1	106.2335329341318	70.17165668662676
140	16	1	163.80638722554895	56.07584830339321
140	17	1	155.40718562874247	68.10578842315367
140	18	1	89.5971943887776	75.97394789579157
140	19	1	38.72654690618766	63.61876247504989
140	20	1	82.36800000000004	102.388
140	21	1	21.215568862275433	147.37724550898196
140	22	1	130.0778443113773	154.39720558882243
140	23	1	43.608782435129754	140.15568862275467
140	24	1	38.828343313373246	106.81836327345324
140	25	1	105.59600000000012	137.8880000000001
140	26	1	153.27944111776446	27.369261477045907
140	27	1	66.12974051896204	99.07385229540914
140	28	1	171.2290836653386	42.2191235059761
140	29	1	101.09780439121747	193.20558882235525
141	1	2	20	19.999999999999996
141	2	2	19.744939271255067	95.29149797570845
141	3	2	20	169.99999999999991
141	4	2	94.93999999999997	20.035999999999998
141	5	2	96.45600000000002	95.79999999999994
141	6	2	96.364	169.86399999999992
141	7	2	170.07407407407405	19.72016460905349
141	8	2	169.99999999999994	94.99999999999997
141	9	2	170.12400000000002	170.0280000000002
141	10	1	28.823999999999987	133.47799999999998
141	11	1	29.946107784431145	85.17564870259473
141	12	1	162.51297405189612	125.59281437125742
141	13	1	122.9441117764471	134.99600798403196
141	14	1	92.90019960079839	156.32135728542914
141	15	1	106.25599999999996	70.56200000000003
141	16	1	163.86427145708575	56.157684630738544
141	17	1	155.3420000000001	68.00000000000003
141	18	1	89.60557768924298	75.71713147410357
141	19	1	38.68400000000002	63.80000000000002
141	20	1	82.315369261477	102.39520958083833
141	21	1	21.183632734530956	147.4171656686625
141	22	1	129.98003992015967	154.5528942115769
141	23	1	43.52000000000001	140.00400000000005
141	24	1	38.743999999999986	106.82400000000003
141	25	1	105.68662674650706	137.87824351297397
141	26	1	153.36200000000005	27.364000000000004
141	27	1	66.09799999999996	99.20200000000001
141	28	1	171.3433133732535	42.195608782435116
141	29	1	101.172	193.42599999999993
142	1	2	20	19.999999999999996
142	2	2	19.744939271255067	95.29149797570845
142	3	2	20	169.99999999999991
142	4	2	94.93999999999997	20.035999999999998
142	5	2	96.45600000000002	95.79999999999994
142	6	2	96.364	169.86399999999992
142	7	2	170.07407407407405	19.72016460905349
142	8	2	169.99999999999994	94.99999999999997
142	9	2	170.12400000000002	170.0280000000002
142	10	1	28.856287425149713	133.47704590818373
142	11	1	30.022000000000016	85.08399999999997
142	12	1	162.60678642714566	125.56686626746506
142	13	1	123.03000000000002	135.06000000000006
142	14	1	92.87199999999997	156.23999999999987
142	15	1	106.24750499001998	70.69061876247507
142	16	1	163.91417165668665	56.19361277445111
142	17	1	155.25600000000009	67.86199999999997
142	18	1	89.63273453093821	75.78043912175653
142	19	1	38.742514970059936	63.850299401197645
142	20	1	82.26600000000008	102.46799999999998
142	21	1	21.134000000000025	147.3700000000001
142	22	1	129.96606786427142	154.63073852295406
142	23	1	43.50698602794412	139.96606786427142
142	24	1	38.68662674650701	106.74650698602797
142	25	1	105.7659999999999	137.95400000000004
142	26	1	153.36327345309397	27.46906187624749
142	27	1	66.02199999999999	99.32799999999996
142	28	1	171.51102204408804	42.208416833667336
142	29	1	101.43999999999991	193.74600000000015
143	1	2	20	19.999999999999996
143	2	2	19.744939271255067	95.29149797570845
143	3	2	20	169.99999999999991
143	4	2	94.93999999999997	20.035999999999998
143	5	2	96.45600000000002	95.79999999999994
143	6	2	96.364	169.86399999999992
143	7	2	170.07407407407405	19.72016460905349
143	8	2	169.99999999999994	94.99999999999997
143	9	2	170.12400000000002	170.0280000000002
143	10	1	28.922155688622745	133.43712574850304
143	11	1	30.102	85.16199999999999
143	12	1	162.60678642714572	125.48502994011977
143	13	1	123.06187624750494	135.10379241516964
143	14	1	92.84431137724549	156.23752495009978
143	15	1	106.24950099800395	70.74451097804398
143	16	1	163.95808383233526	56.093812375249506
143	17	1	155.20800000000025	67.72799999999998
143	18	1	89.62749003984064	75.69123505976097
143	19	1	38.76399999999997	64.02200000000006
143	20	1	82.25149700598793	102.4910179640719
143	21	1	21.14770459081835	147.41317365269455
143	22	1	129.96613545816732	154.69721115537845
143	23	1	43.592000000000034	139.97800000000007
143	24	1	38.72000000000002	106.71599999999997
143	25	1	105.83832335329343	138.01796407185626
143	26	1	153.3712574850301	27.546906187624757
143	27	1	66.04391217564874	99.37724550898218
143	28	1	171.66000000000005	42.13599999999998
143	29	1	101.52600000000002	193.94799999999992
144	1	2	20	19.999999999999996
144	2	2	19.744939271255067	95.29149797570845
144	3	2	20	169.99999999999991
144	4	2	94.93999999999997	20.035999999999998
144	5	2	96.45600000000002	95.79999999999994
144	6	2	96.364	169.86399999999992
144	7	2	170.07407407407405	19.72016460905349
144	8	2	169.99999999999994	94.99999999999997
144	9	2	170.12400000000002	170.0280000000002
144	10	1	29.014000000000003	133.3660000000003
144	11	1	30.07584830339322	85.11776447105797
144	12	1	162.77689243027893	125.48605577689246
144	13	1	123.16135458167328	135.08964143426314
144	14	1	92.768	156.126
144	15	1	106.1996007984033	70.87624750498996
144	16	1	164.04809619238478	56.10821643286576
144	17	1	155.194	67.51599999999996
144	18	1	89.61000000000004	75.65199999999997
144	19	1	38.80200000000004	64.05800000000006
144	20	1	82.21956087824348	102.42714570858274
144	21	1	21.13000000000002	147.2999999999999
144	22	1	129.7839999999999	154.80400000000012
144	23	1	43.57000000000002	139.82199999999997
144	24	1	38.82435129740521	106.61676646706589
144	25	1	105.86027944111773	138.0099800399202
144	26	1	153.42200000000005	27.56799999999998
144	27	1	65.98799999999993	99.59799999999993
144	28	1	171.80599999999987	42.18599999999999
144	29	1	101.67399999999998	194.03599999999997
145	1	2	20	19.999999999999996
145	2	2	19.744939271255067	95.29149797570845
145	3	2	20	169.99999999999991
145	4	2	94.93999999999997	20.035999999999998
145	5	2	96.45600000000002	95.79999999999994
145	6	2	96.364	169.86399999999992
145	7	2	170.07407407407405	19.72016460905349
145	8	2	169.99999999999994	94.99999999999997
145	9	2	170.12400000000002	170.0280000000002
145	10	1	29.005999999999993	133.3839999999999
145	11	1	30.171656686626736	85.15768463073859
145	12	1	162.58083832335325	125.5109780439121
145	13	1	123.21399999999997	135.04199999999994
145	14	1	92.85571142284567	155.98997995991985
145	15	1	106.19960079840322	70.97604790419172
145	16	1	164.118	56.10799999999999
145	17	1	155.08800000000016	67.36
145	18	1	89.61477045908185	75.72654690618758
145	19	1	38.73652694610783	64.01796407185626
145	20	1	82.16966067864267	102.44510978043917
145	21	1	21.083832335329358	147.16367265469063
145	22	1	129.72654690618765	154.82435129740534
145	23	1	43.47800000000002	139.6199999999999
145	24	1	38.70459081836332	106.6027944111777
145	25	1	105.97804391217565	138.0938123752495
145	26	1	153.43600000000018	27.581999999999997
145	27	1	65.85400000000004	99.68999999999998
145	28	1	171.93587174348684	42.26052104208418
145	29	1	101.75298804780884	194.23107569721097
146	1	2	20	19.999999999999996
146	2	2	19.744939271255067	95.29149797570845
146	3	2	20	169.99999999999991
146	4	2	94.93999999999997	20.035999999999998
146	5	2	96.45600000000002	95.79999999999994
146	6	2	96.364	169.86399999999992
146	7	2	170.07407407407405	19.72016460905349
146	8	2	169.99999999999994	94.99999999999997
146	9	2	170.12400000000002	170.0280000000002
146	10	1	29.039920159680623	133.3552894211579
146	11	1	30.174000000000007	85.22599999999998
146	12	1	162.56772908366534	125.55179282868531
146	13	1	123.43400000000007	135.06799999999984
146	14	1	92.818	155.9060000000001
146	15	1	106.20599999999999	70.96999999999997
146	16	1	164.20841683366734	56.19438877755511
146	17	1	155.00798403193616	67.27744510978047
146	18	1	89.69261477045914	75.5988023952096
146	19	1	38.654	64.02599999999997
146	20	1	82.16199999999996	102.27600000000008
146	21	1	21.095808383233535	147.07984031936135
146	22	1	129.62075848303382	154.87824351297405
146	23	1	43.51200000000001	139.57199999999995
146	24	1	38.641999999999975	106.59799999999998
146	25	1	106.0239520958084	138.13972055888212
146	26	1	153.38722554890208	27.694610778443106
146	27	1	65.87200000000006	99.742
146	28	1	172.0239999999999	42.351999999999954
146	29	1	101.84031936127755	194.3652694610777
147	1	2	20	19.999999999999996
147	2	2	19.744939271255067	95.29149797570845
147	3	2	20	169.99999999999991
147	4	2	94.93999999999997	20.035999999999998
147	5	2	96.45600000000002	95.79999999999994
147	6	2	96.364	169.86399999999992
147	7	2	170.07407407407405	19.72016460905349
147	8	2	169.99999999999994	94.99999999999997
147	9	2	170.12400000000002	170.0280000000002
147	10	1	29.071856287425152	133.33333333333331
147	11	1	30.28000000000001	85.22399999999995
147	12	1	162.59481037924144	125.57684630738524
147	13	1	123.55489021956086	135.1097804391218
147	14	1	92.8	155.76399999999995
147	15	1	106.13000000000004	71.10000000000004
147	16	1	164.3340000000001	56.233999999999966
147	17	1	155.01397205588827	67.20758483033924
147	18	1	89.72800000000004	75.5220000000001
147	19	1	38.62275449101796	64.28942115768464
147	20	1	82.17199999999997	102.214
147	21	1	21.075848303393208	146.97604790419155
147	22	1	129.55289421157696	155.01796407185626
147	23	1	43.55200000000002	139.388
147	24	1	38.623999999999995	106.55799999999996
147	25	1	106.13373253493018	138.24950099800418
147	26	1	153.40199999999993	27.80400000000001
147	27	1	65.87200000000001	99.81599999999999
147	28	1	172.1516966067865	42.367265469061834
147	29	1	102.05799999999998	194.68599999999998
148	1	2	20	19.999999999999996
148	2	2	19.744939271255067	95.29149797570845
148	3	2	20	169.99999999999991
148	4	2	94.93999999999997	20.035999999999998
148	5	2	96.45600000000002	95.79999999999994
148	6	2	96.364	169.86399999999992
148	7	2	170.07407407407405	19.72016460905349
148	8	2	169.99999999999994	94.99999999999997
148	9	2	170.12400000000002	170.0280000000002
148	10	1	29.103792415169664	133.35329341317356
148	11	1	30.357999999999986	85.26399999999998
148	12	1	162.66199999999984	125.53399999999999
148	13	1	123.64541832669313	135.0876494023903
148	14	1	92.76599999999999	155.75200000000004
148	15	1	106.08199999999998	71.00400000000005
148	16	1	164.5169660678642	56.27544910179644
148	17	1	155.05611222444904	67.19639278557118
148	18	1	89.79840319361273	75.53892215568862
148	19	1	38.68800000000001	64.40000000000003
148	20	1	82.15768463073852	102.15369261477038
148	21	1	21.102204408817634	146.91182364729457
148	22	1	129.54399999999993	155.00799999999995
148	23	1	43.59680638722551	139.20758483033939
148	24	1	38.50698602794412	106.56087824351296
148	25	1	106.22000000000003	138.31799999999987
148	26	1	153.48103792415182	27.94011976047907
148	27	1	65.81800000000003	100.00999999999999
148	28	1	172.29599999999996	42.36399999999995
148	29	1	102.10578842315373	194.75049900199605
149	1	2	20	19.999999999999996
149	2	2	19.744939271255067	95.29149797570845
149	3	2	20	169.99999999999991
149	4	2	94.93999999999997	20.035999999999998
149	5	2	96.45600000000002	95.79999999999994
149	6	2	96.364	169.86399999999992
149	7	2	170.07407407407405	19.72016460905349
149	8	2	169.99999999999994	94.99999999999997
149	9	2	170.12400000000002	170.0280000000002
149	10	1	29.153692614770467	133.42315369261473
149	11	1	30.459081836327346	85.31936127744508
149	12	1	162.55888223552873	125.45309381237523
149	13	1	123.768	135.15199999999982
149	14	1	92.76199999999993	155.69600000000008
149	15	1	106.09000000000009	71.07999999999997
149	16	1	164.4550898203595	56.20958083832332
149	17	1	155.10220440881773	67.23246492985977
149	18	1	89.88822355289419	75.41916167664672
149	19	1	38.65537848605575	64.4980079681274
149	20	1	82.1097804391218	102.09980039920156
149	21	1	21.03199999999998	146.7600000000001
149	22	1	129.53800000000004	155.09599999999995
149	23	1	43.606	139.03999999999988
149	24	1	38.50000000000002	106.55999999999995
149	25	1	106.3844621513945	138.39840637450214
149	26	1	153.52599999999998	27.95
149	27	1	65.76646706586833	100.12774451097802
149	28	1	172.4091816367267	42.407185628742525
149	29	1	102.28884462151395	194.95816733067736
150	1	2	20	19.999999999999996
150	2	2	19.744939271255067	95.29149797570845
150	3	2	20	169.99999999999991
150	4	2	94.93999999999997	20.035999999999998
150	5	2	96.45600000000002	95.79999999999994
150	6	2	96.364	169.86399999999992
150	7	2	170.07407407407405	19.72016460905349
150	8	2	169.99999999999994	94.99999999999997
150	9	2	170.12400000000002	170.0280000000002
150	10	1	29.199203187250983	133.40039840637468
150	11	1	30.449999999999996	85.36599999999993
150	12	1	162.44910179640718	125.3373253493013
150	13	1	123.83799999999992	135.15
150	14	1	92.7325349301398	155.71257485029932
150	15	1	106.08600000000003	71.10400000000004
150	16	1	164.53199999999998	56.332000000000015
150	17	1	155.08400000000003	67.24199999999999
150	18	1	89.94211576846307	75.41916167664678
150	19	1	38.595617529880485	64.67928286852587
150	20	1	82.02199999999996	102.082
150	21	1	20.921999999999965	146.65800000000016
150	22	1	129.40718562874258	155.09980039920146
150	23	1	43.58799999999995	139.12000000000003
150	24	1	38.53106212424846	106.5230460921844
150	25	1	106.432	138.40999999999983
150	26	1	153.53892215568862	28.085828343313363
150	27	1	65.67664670658682	100.28942115768469
150	28	1	172.43313373253497	42.34131736526946
150	29	1	102.40999999999998	195.1200000000001
151	1	2	20	19.999999999999996
151	2	2	19.744939271255067	95.29149797570845
151	3	2	20	169.99999999999991
151	4	2	94.93999999999997	20.035999999999998
151	5	2	96.45600000000002	95.79999999999994
151	6	2	96.364	169.86399999999992
151	7	2	170.07407407407405	19.72016460905349
151	8	2	169.99999999999994	94.99999999999997
151	9	2	170.12400000000002	170.0280000000002
151	10	1	29.189999999999994	133.41200000000006
151	11	1	30.48096192384772	85.44889779559112
151	12	1	162.3864541832669	125.3167330677291
151	13	1	123.96399999999994	135.16399999999993
151	14	1	92.78443113772455	155.56287425149705
151	15	1	106.03599999999999	71.10000000000005
151	16	1	164.58799999999997	56.15999999999999
151	17	1	155.11177644710574	67.13572854291417
151	18	1	89.95608782435133	75.50299401197603
151	19	1	38.55089820359279	64.90019960079842
151	20	1	82.02195608782431	102.09580838323352
151	21	1	20.88822355289423	146.48902195608778
151	22	1	129.36400000000006	155.178
151	23	1	43.53093812375251	139.02195608782446
151	24	1	38.475999999999964	106.52199999999993
151	25	1	106.51599999999999	138.4420000000001
151	26	1	153.58600000000004	28.166000000000015
151	27	1	65.63545816733075	100.43824701195213
151	28	1	172.64399999999992	42.34400000000005
151	29	1	102.4690618762474	195.22355289421162
152	1	2	20	19.999999999999996
152	2	2	19.744939271255067	95.29149797570845
152	3	2	20	169.99999999999991
152	4	2	94.93999999999997	20.035999999999998
152	5	2	96.45600000000002	95.79999999999994
152	6	2	96.364	169.86399999999992
152	7	2	170.07407407407405	19.72016460905349
152	8	2	169.99999999999994	94.99999999999997
152	9	2	170.12400000000002	170.0280000000002
152	10	1	29.199600798403193	133.44710578842322
152	11	1	30.548902195608804	85.51696606786427
152	12	1	162.34331337325344	125.30139720558881
152	13	1	124.03592814371258	135.14770459081842
152	14	1	92.806	155.57600000000014
152	15	1	105.97804391217562	71.21756487025951
152	16	1	164.61000000000013	56.12000000000002
152	17	1	155.08582834331318	67.07385229540921
152	18	1	89.94810379241514	75.43512974051882
152	19	1	38.417165668662655	64.9680638722555
152	20	1	81.96599999999994	102.05999999999996
152	21	1	20.816367265469086	146.4011976047904
152	22	1	129.17365269461078	155.36526946107787
152	23	1	43.48800000000004	138.6259999999999
152	24	1	38.447105788423144	106.45508982035932
152	25	1	106.56399999999998	138.46400000000003
152	26	1	153.56487025948113	28.33333333333333
152	27	1	65.60999999999997	100.51000000000002
152	28	1	172.82235528942118	42.299401197604794
152	29	1	102.64870259481039	195.3353293413173
153	1	2	20	19.999999999999996
153	2	2	19.744939271255067	95.29149797570845
153	3	2	20	169.99999999999991
153	4	2	94.93999999999997	20.035999999999998
153	5	2	96.45600000000002	95.79999999999994
153	6	2	96.364	169.86399999999992
153	7	2	170.07407407407405	19.72016460905349
153	8	2	169.99999999999994	94.99999999999997
153	9	2	170.12400000000002	170.0280000000002
153	10	1	29.151999999999983	133.39399999999986
153	11	1	30.621999999999993	85.47199999999997
153	12	1	162.2874251497003	125.2634730538922
153	13	1	124.17399999999995	135.166
153	14	1	92.81799999999998	155.49599999999998
153	15	1	105.94200000000008	71.20599999999992
153	16	1	164.6726546906187	56.21357285429139
153	17	1	155.01599999999982	66.94800000000006
153	18	1	89.94600000000001	75.39399999999998
153	19	1	38.45600000000001	65.08200000000001
153	20	1	81.97205588822352	102.0758483033933
153	21	1	20.91017964071856	146.3552894211576
153	22	1	129.16200000000006	155.38800000000003
153	23	1	43.444000000000024	138.55800000000008
153	24	1	38.44510978043906	106.3812375249501
153	25	1	106.69261477045904	138.5249500998004
153	26	1	153.68737474949904	28.472945891783564
153	27	1	65.6007984031936	100.60079840319368
153	28	1	173.04191616766448	42.39121756487028
153	29	1	102.86799999999998	195.65999999999985
154	1	2	20	19.999999999999996
154	2	2	19.744939271255067	95.29149797570845
154	3	2	20	169.99999999999991
154	4	2	94.93999999999997	20.035999999999998
154	5	2	96.45600000000002	95.79999999999994
154	6	2	96.364	169.86399999999992
154	7	2	170.07407407407405	19.72016460905349
154	8	2	169.99999999999994	94.99999999999997
154	9	2	170.12400000000002	170.0280000000002
154	10	1	29.11776447105787	133.3612774451098
154	11	1	30.66399999999999	85.44599999999996
154	12	1	162.19599999999986	125.23999999999994
154	13	1	124.22600000000001	135.14600000000007
154	14	1	92.80999999999999	155.53399999999985
154	15	1	105.90818363273453	71.20958083832335
154	16	1	164.6487025948103	56.205588822355296
154	17	1	155.13600000000008	67.10999999999996
154	18	1	89.88999999999993	75.55000000000007
154	19	1	38.46215139442232	65.15936254980089
154	20	1	81.91399999999987	102.22400000000007
154	21	1	20.852295409181632	146.2714570858284
154	22	1	128.94400000000007	155.4960000000001
154	23	1	43.423153692614775	138.45309381237524
154	24	1	38.377245508982035	106.36526946107783
154	25	1	106.78243512974053	138.68662674650696
154	26	1	153.7300000000001	28.635999999999996
154	27	1	65.56087824351299	100.55089820359282
154	28	1	173.25948103792422	42.45508982035929
154	29	1	102.98802395209584	195.77445109780433
155	1	2	20	19.999999999999996
155	2	2	19.744939271255067	95.29149797570845
155	3	2	20	169.99999999999991
155	4	2	94.93999999999997	20.035999999999998
155	5	2	96.45600000000002	95.79999999999994
155	6	2	96.364	169.86399999999992
155	7	2	170.07407407407405	19.72016460905349
155	8	2	169.99999999999994	94.99999999999997
155	9	2	170.12400000000002	170.0280000000002
155	10	1	29.07784431137725	133.16766467065852
155	11	1	30.783999999999995	85.58399999999997
155	12	1	162.038	125.15199999999994
155	13	1	124.22155688622759	135.0459081836328
155	14	1	92.80999999999999	155.53399999999985
155	15	1	105.80599999999997	71.17599999999995
155	16	1	164.64	56.044000000000025
155	17	1	155.24750499001993	67.15169660678647
155	18	1	89.88822355289422	75.63473053892213
155	19	1	38.298	65.304
155	20	1	81.86626746506982	102.20958083832336
155	21	1	20.741482965931855	146.1422845691382
155	22	1	128.7085828343313	155.62674650698597
155	23	1	43.38522954091816	138.41516966067874
155	24	1	38.27290836653386	106.36254980079691
155	25	1	106.83600000000007	138.778
155	26	1	153.71142284569123	28.735470941883772
155	27	1	65.50499001996008	100.64471057884214
155	28	1	173.3473053892214	42.28143712574846
155	29	1	103.042	195.8319999999999
156	1	2	20	19.999999999999996
156	2	2	19.744939271255067	95.29149797570845
156	3	2	20	169.99999999999991
156	4	2	94.93999999999997	20.035999999999998
156	5	2	96.45600000000002	95.79999999999994
156	6	2	96.364	169.86399999999992
156	7	2	170.07407407407405	19.72016460905349
156	8	2	169.99999999999994	94.99999999999997
156	9	2	170.12400000000002	170.0280000000002
156	10	1	29.02800000000001	133.15800000000013
156	11	1	30.854291417165683	85.63872255489026
156	12	1	162.04990019960093	125.12574850299397
156	13	1	124.23800000000006	134.992
156	14	1	92.7564870259481	155.42514970059875
156	15	1	105.72400000000002	71.142
156	16	1	164.66533066132266	56.04408817635269
156	17	1	155.34131736526956	67.22554890219558
156	18	1	89.83433133732528	75.7325349301397
156	19	1	38.16167664670655	65.3772455089821
156	20	1	81.83400000000003	102.264
156	21	1	20.776447105788424	146.14371257485027
156	22	1	128.57485029940108	155.64071856287427
156	23	1	43.338	138.29199999999994
156	24	1	38.16966067864273	106.31337325349305
156	25	1	106.9260000000001	138.78800000000004
156	26	1	153.70858283433134	28.9261477045908
156	27	1	65.44910179640718	100.67065868263475
156	28	1	173.57684630738524	42.24351297405194
156	29	1	103.10778443113776	195.87425149700596
157	1	2	20	19.999999999999996
157	2	2	19.744939271255067	95.29149797570845
157	3	2	20	169.99999999999991
157	4	2	94.93999999999997	20.035999999999998
157	5	2	96.45600000000002	95.79999999999994
157	6	2	96.364	169.86399999999992
157	7	2	170.07407407407405	19.72016460905349
157	8	2	169.99999999999994	94.99999999999997
157	9	2	170.12400000000002	170.0280000000002
157	10	1	28.974000000000014	133.11599999999987
157	11	1	30.902	85.73400000000004
157	12	1	162.05200000000002	125.136
157	13	1	124.27800000000002	134.93000000000004
157	14	1	92.72055888223551	155.29940119760494
157	15	1	105.63200000000005	71.18599999999996
157	16	1	164.63672654690623	55.98802395209583
157	17	1	155.42199999999994	67.31399999999996
157	18	1	89.80000000000007	75.89199999999997
157	19	1	38.05400000000005	65.56399999999998
157	20	1	81.82800000000002	102.35800000000005
157	21	1	20.755999999999986	146.16600000000014
157	22	1	128.41317365269467	155.70459081836322
157	23	1	43.294820717131444	138.28884462151385
157	24	1	38.14799999999998	106.30799999999999
157	25	1	107.03999999999996	138.906
157	26	1	153.77399999999994	28.97199999999998
157	27	1	65.37724550898199	100.63872255489021
157	28	1	173.73652694610792	42.27544910179642
157	29	1	103.09600000000006	195.98000000000002
158	1	2	20	19.999999999999996
158	2	2	19.744939271255067	95.29149797570845
158	3	2	20	169.99999999999991
158	4	2	94.93999999999997	20.035999999999998
158	5	2	96.45600000000002	95.79999999999994
158	6	2	96.364	169.86399999999992
158	7	2	170.07407407407405	19.72016460905349
158	8	2	169.99999999999994	94.99999999999997
158	9	2	170.12400000000002	170.0280000000002
158	10	1	28.946000000000005	133.08600000000004
158	11	1	31.008000000000003	85.88800000000002
158	12	1	161.968	125.07799999999999
158	13	1	124.32399999999993	134.91
158	14	1	92.72255489021958	155.28542914171672
158	15	1	105.58682634730548	71.23752495009992
158	16	1	164.544	55.90000000000003
158	17	1	155.4880000000002	67.49
158	18	1	89.77400000000004	75.93599999999996
158	19	1	37.92828685258962	65.72509960159368
158	20	1	81.81400000000014	102.35799999999999
158	21	1	20.850299401197613	146.2395209580839
158	22	1	128.30938123752495	155.76646706586806
158	23	1	43.269461077844326	138.23353293413186
158	24	1	38.25399999999996	106.30000000000003
158	25	1	107.12574850299409	138.87425149700604
158	26	1	153.7864271457086	29.183632734530956
158	27	1	65.29341317365274	100.61676646706584
158	28	1	173.96207584830327	42.38323353293413
158	29	1	103.17564870259483	196.12574850299404
159	1	2	20	19.999999999999996
159	2	2	19.744939271255067	95.29149797570845
159	3	2	20	169.99999999999991
159	4	2	94.93999999999997	20.035999999999998
159	5	2	96.45600000000002	95.79999999999994
159	6	2	96.364	169.86399999999992
159	7	2	170.07407407407405	19.72016460905349
159	8	2	169.99999999999994	94.99999999999997
159	9	2	170.12400000000002	170.0280000000002
159	10	1	28.91199999999999	132.95600000000002
159	11	1	31.15568862275448	85.99600798403202
159	12	1	162.03	125.04599999999996
159	13	1	124.50499001996013	134.93812375249504
159	14	1	92.70999999999998	155.29000000000022
159	15	1	105.52295409181636	71.14770459081835
159	16	1	164.4870259481038	55.88223552894213
159	17	1	155.63073852295403	67.6986027944111
159	18	1	89.74200000000003	76.06599999999996
159	19	1	37.72854291417162	65.92015968063878
159	20	1	81.78599999999997	102.40599999999998
159	21	1	20.86800000000001	146.11600000000004
159	22	1	128.218	155.79400000000004
159	23	1	43.22200000000002	138.21599999999998
159	24	1	38.2874251497006	106.32534930139718
159	25	1	107.25599999999999	138.9500000000001
159	26	1	153.74051896207584	29.38922155688623
159	27	1	65.18163672654693	100.69061876247505
159	28	1	174.10600000000017	42.41400000000003
159	29	1	103.29341317365271	196.35329341317384
160	1	2	20	19.999999999999996
160	2	2	19.744939271255067	95.29149797570845
160	3	2	20	169.99999999999991
160	4	2	94.93999999999997	20.035999999999998
160	5	2	96.45600000000002	95.79999999999994
160	6	2	96.364	169.86399999999992
160	7	2	170.07407407407405	19.72016460905349
160	8	2	169.99999999999994	94.99999999999997
160	9	2	170.12400000000002	170.0280000000002
160	10	1	28.91600000000001	132.81199999999978
160	11	1	31.26199999999997	86.14000000000004
160	12	1	162.10978043912164	125.04590818363269
160	13	1	124.63672654690625	134.95608782435133
160	14	1	92.79000000000005	155.1979999999999
160	15	1	105.45309381237523	71.11377245508986
160	16	1	164.4391217564869	55.78443113772454
160	17	1	155.69199999999992	67.76000000000005
160	18	1	89.65200000000011	76.20200000000001
160	19	1	37.52599999999999	66.09000000000002
160	20	1	81.69600000000004	102.38200000000013
160	21	1	20.83433133732533	146.0079840319362
160	22	1	128.19361277445105	155.8862275449102
160	23	1	43.14770459081836	138.2175648702594
160	24	1	38.36399999999998	106.21999999999997
160	25	1	107.39599999999999	139.0799999999999
160	26	1	153.7290836653386	29.563745019920322
160	27	1	65.07385229540911	100.874251497006
160	28	1	174.36926147704565	42.48502994011973
160	29	1	103.32934131736522	196.43912175648703
161	1	2	20	19.999999999999996
161	2	2	19.744939271255067	95.29149797570845
161	3	2	20	169.99999999999991
161	4	2	94.93999999999997	20.035999999999998
161	5	2	96.45600000000002	95.79999999999994
161	6	2	96.364	169.86399999999992
161	7	2	170.07407407407405	19.72016460905349
161	8	2	169.99999999999994	94.99999999999997
161	9	2	170.12400000000002	170.0280000000002
161	10	1	28.887999999999984	132.89600000000002
161	11	1	31.327999999999992	86.15200000000004
161	12	1	162.02589641434267	125.00996015936258
161	13	1	124.7365269461078	134.91616766467072
161	14	1	92.85856573705172	155.09960159362555
161	15	1	105.41916167664664	71.10778443113773
161	16	1	164.4550898203593	55.776447105788414
161	17	1	155.76047904191626	67.87824351297407
161	18	1	89.54890219560875	76.36526946107794
161	19	1	37.35329341317365	66.17564870259483
161	20	1	81.65931863727451	102.54509018036062
161	21	1	20.790419161676663	145.9940119760479
161	22	1	127.94610778443123	156.0658682634731
161	23	1	43.04000000000002	138.09200000000004
161	24	1	38.44111776447103	106.14171656686625
161	25	1	107.46893787575144	139.1523046092185
161	26	1	153.76247504990042	29.692614770459087
161	27	1	65.12600000000006	100.80999999999997
161	28	1	174.5200000000001	42.50800000000001
161	29	1	103.36327345309381	196.57884231536923
162	1	2	20	19.999999999999996
162	2	2	19.744939271255067	95.29149797570845
162	3	2	20	169.99999999999991
162	4	2	94.93999999999997	20.035999999999998
162	5	2	96.45600000000002	95.79999999999994
162	6	2	96.364	169.86399999999992
162	7	2	170.07407407407405	19.72016460905349
162	8	2	169.99999999999994	94.99999999999997
162	9	2	170.12400000000002	170.0280000000002
162	10	1	28.809999999999977	132.92600000000002
162	11	1	31.38844621513945	86.35059760956186
162	12	1	162.15400000000017	125.01799999999999
162	13	1	124.9680638722554	134.94610778443106
162	14	1	92.88999999999999	155.06600000000014
162	15	1	105.35799999999992	71.14799999999998
162	16	1	164.38799999999992	55.66399999999999
162	17	1	155.8446215139443	67.94820717131472
162	18	1	89.48697394789573	76.49899799599191
162	19	1	37.22554890219563	66.37924151696606
162	20	1	81.64000000000007	102.64799999999998
162	21	1	20.705999999999996	145.898
162	22	1	127.8183632734532	156.1077844311376
162	23	1	42.974051896207584	137.95209580838326
162	24	1	38.43113772455087	106.12774451097806
162	25	1	107.52800000000002	139.15999999999997
162	26	1	153.7719999999999	29.697999999999997
162	27	1	65.13600000000002	100.8520000000001
162	28	1	174.64870259481032	42.52694610778442
162	29	1	103.43799999999999	196.65999999999997
163	1	2	20	19.999999999999996
163	2	2	19.744939271255067	95.29149797570845
163	3	2	20	169.99999999999991
163	4	2	94.93999999999997	20.035999999999998
163	5	2	96.45600000000002	95.79999999999994
163	6	2	96.364	169.86399999999992
163	7	2	170.07407407407405	19.72016460905349
163	8	2	169.99999999999994	94.99999999999997
163	9	2	170.12400000000002	170.0280000000002
163	10	1	28.818000000000005	132.91200000000015
163	11	1	31.355999999999995	86.37999999999998
163	12	1	162.14371257485035	125.0099800399201
163	13	1	125.14999999999996	134.96800000000002
163	14	1	92.89600000000003	155.03400000000005
163	15	1	105.32800000000006	71.21000000000004
163	16	1	164.34131736526942	55.67265469061876
163	17	1	155.96399999999997	68.22799999999995
163	18	1	89.40119760479053	76.53892215568862
163	19	1	37.04199999999999	66.53399999999996
163	20	1	81.58999999999989	102.688
163	21	1	20.66866267465069	145.84031936127735
163	22	1	127.73399999999997	156.14
163	23	1	42.872255489021946	137.86027944111763
163	24	1	38.488000000000035	106.06600000000013
163	25	1	107.6167664670659	139.2514970059881
163	26	1	153.81274900398418	29.832669322709158
163	27	1	65.08399999999999	100.91799999999996
163	28	1	174.744	42.60999999999998
163	29	1	103.41317365269458	196.6986027944112
164	1	2	20	19.999999999999996
164	2	2	19.744939271255067	95.29149797570845
164	3	2	20	169.99999999999991
164	4	2	94.93999999999997	20.035999999999998
164	5	2	96.45600000000002	95.79999999999994
164	6	2	96.364	169.86399999999992
164	7	2	170.07407407407405	19.72016460905349
164	8	2	169.99999999999994	94.99999999999997
164	9	2	170.12400000000002	170.0280000000002
164	10	1	28.7624750499002	132.85628742514953
164	11	1	31.455999999999985	86.51199999999994
164	12	1	162.12974051896202	125.12974051896208
164	13	1	125.1776447105788	134.99999999999994
164	14	1	92.95600000000003	155.01
164	15	1	105.312	71.21200000000009
164	16	1	164.28942115768467	55.60479041916168
164	17	1	156.03599999999997	68.3359999999999
164	18	1	89.439121756487	76.57884231536922
164	19	1	36.867999999999995	66.68399999999997
164	20	1	81.60799999999998	102.53200000000008
164	21	1	20.63273453093811	145.84630738522944
164	22	1	127.70399999999998	156.27400000000006
164	23	1	42.81399999999998	137.78599999999997
164	24	1	38.47000000000002	106.09600000000005
164	25	1	107.66533864541832	139.3446215139443
164	26	1	153.71400000000008	30.028000000000027
164	27	1	65.05189620758486	101.05988023952096
164	28	1	174.8167330677291	42.61553784860561
164	29	1	103.50800000000004	196.90000000000003
165	1	2	20	19.999999999999996
165	2	2	19.744939271255067	95.29149797570845
165	3	2	20	169.99999999999991
165	4	2	94.93999999999997	20.035999999999998
165	5	2	96.45600000000002	95.79999999999994
165	6	2	96.364	169.86399999999992
165	7	2	170.07407407407405	19.72016460905349
165	8	2	169.99999999999994	94.99999999999997
165	9	2	170.12400000000002	170.0280000000002
165	10	1	28.79041916167664	132.88223552894218
165	11	1	31.476	86.49799999999998
165	12	1	162.11776447105777	125.1656686626747
165	13	1	125.25799999999997	135.0679999999999
165	14	1	93.00600000000003	154.9499999999999
165	15	1	105.32399999999991	71.37200000000001
165	16	1	164.22599999999983	55.57799999999997
165	17	1	156.028	68.35199999999998
165	18	1	89.39720558882236	76.59081836327344
165	19	1	36.896207584830336	66.71257485029936
165	20	1	81.45800000000006	102.44999999999997
165	21	1	20.652	145.86599999999993
165	22	1	127.65469061876244	156.30139720558884
165	23	1	42.81399999999998	137.7740000000001
165	24	1	38.40718562874252	106.09181636726545
165	25	1	107.77199999999995	139.4739999999998
165	26	1	153.72199999999992	30.201999999999977
165	27	1	65.00000000000007	101.2160000000001
165	28	1	174.9760479041915	42.54291417165672
165	29	1	103.55600000000007	197.046
166	1	2	20	19.999999999999996
166	2	2	19.744939271255067	95.29149797570845
166	3	2	20	169.99999999999991
166	4	2	94.93999999999997	20.035999999999998
166	5	2	96.45600000000002	95.79999999999994
166	6	2	96.364	169.86399999999992
166	7	2	170.07407407407405	19.72016460905349
166	8	2	169.99999999999994	94.99999999999997
166	9	2	170.12400000000002	170.0280000000002
166	10	1	28.804000000000013	132.8700000000001
166	11	1	31.550898203592805	86.67265469061886
166	12	1	162.21400000000006	125.22600000000007
166	13	1	125.48600000000006	135.1719999999999
166	14	1	93.00599999999999	154.9060000000001
166	15	1	105.26400000000002	71.338
166	16	1	164.16167664670658	55.495009980039896
166	17	1	156.09199999999998	68.42199999999998
166	18	1	89.26399999999997	76.78400000000003
166	19	1	36.49203187250995	66.92828685258966
166	20	1	81.38000000000007	102.58200000000011
166	21	1	20.634730538922156	145.83632734530926
166	22	1	127.61876247504986	156.38722554890214
166	23	1	42.78243512974051	137.63872255489034
166	24	1	38.38247011952195	106.10956175298801
166	25	1	107.76999999999994	139.42399999999992
166	26	1	153.77600000000004	30.154000000000003
166	27	1	65.04391217564867	101.16167664670661
166	28	1	175.09800000000013	42.45600000000001
166	29	1	103.59999999999998	197.14599999999996
167	1	2	20	19.999999999999996
167	2	2	19.744939271255067	95.29149797570845
167	3	2	20	169.99999999999991
167	4	2	94.93999999999997	20.035999999999998
167	5	2	96.45600000000002	95.79999999999994
167	6	2	96.364	169.86399999999992
167	7	2	170.07407407407405	19.72016460905349
167	8	2	169.99999999999994	94.99999999999997
167	9	2	170.12400000000002	170.0280000000002
167	10	1	28.782000000000004	132.85400000000018
167	11	1	31.647294589178383	86.83767535070133
167	12	1	162.21556886227543	125.3612774451097
167	13	1	125.58882235528947	135.19161676646698
167	14	1	93.11400000000009	154.84800000000007
167	15	1	105.17799999999995	71.28199999999994
167	16	1	164.10179640718567	55.574850299401135
167	17	1	156.07999999999998	68.46399999999996
167	18	1	89.254	76.83800000000014
167	19	1	36.34930139720562	67.19161676646713
167	20	1	81.29141716566866	102.45708582834338
167	21	1	20.668	145.88799999999986
167	22	1	127.49599999999997	156.45000000000007
167	23	1	42.73200000000001	137.4839999999999
167	24	1	38.349301397205586	106.15768463073856
167	25	1	107.77000000000004	139.45199999999997
167	26	1	153.8023952095808	30.28942115768466
167	27	1	64.936127744511	101.30738522954093
167	28	1	175.2011952191233	42.40438247011952
167	29	1	103.60599999999995	197.22199999999995
168	1	2	20	19.999999999999996
168	2	2	19.744939271255067	95.29149797570845
168	3	2	20	169.99999999999991
168	4	2	94.93999999999997	20.035999999999998
168	5	2	96.45600000000002	95.79999999999994
168	6	2	96.364	169.86399999999992
168	7	2	170.07407407407405	19.72016460905349
168	8	2	169.99999999999994	94.99999999999997
168	9	2	170.12400000000002	170.0280000000002
168	10	1	28.80677290836654	132.8247011952191
168	11	1	31.712000000000003	86.91599999999993
168	12	1	162.29400000000007	125.49399999999999
168	13	1	125.738	135.16999999999996
168	14	1	93.13000000000005	154.83399999999997
168	15	1	105.12600000000005	71.23400000000004
168	16	1	164.06586826347316	55.59880239520954
168	17	1	156.17330677290843	68.68924302788848
168	18	1	89.18199999999996	76.92800000000007
168	19	1	36.26199999999999	67.33399999999996
168	20	1	81.19960079840321	102.3512974051897
168	21	1	20.65269461077844	145.88622754491016
168	22	1	127.548	156.44200000000006
168	23	1	42.77844311377246	137.39920159680645
168	24	1	38.2574850299401	106.14770459081831
168	25	1	107.77290836653378	139.49203187251004
168	26	1	153.89021956087834	30.383233532934113
168	27	1	64.87	101.38600000000007
168	28	1	175.3512974051896	42.48902195608782
168	29	1	103.52200000000002	197.24199999999993
169	1	2	20	19.999999999999996
169	2	2	19.744939271255067	95.29149797570845
169	3	2	20	169.99999999999991
169	4	2	94.93999999999997	20.035999999999998
169	5	2	96.45600000000002	95.79999999999994
169	6	2	96.364	169.86399999999992
169	7	2	170.07407407407405	19.72016460905349
169	8	2	169.99999999999994	94.99999999999997
169	9	2	170.12400000000002	170.0280000000002
169	10	1	28.78	132.75999999999988
169	11	1	31.741999999999997	86.98599999999998
169	12	1	162.4681274900398	125.58167330677281
169	13	1	125.69799999999994	135.13599999999994
169	14	1	93.19799999999998	154.7780000000001
169	15	1	105.04600000000003	71.20799999999998
169	16	1	164.06400000000005	55.50199999999999
169	17	1	156.30799999999994	68.82199999999997
169	18	1	89.14999999999993	77.07600000000005
169	19	1	36.23399999999998	67.5600000000001
169	20	1	81.22155688622767	102.37724550898193
169	21	1	20.601999999999993	145.84799999999981
169	22	1	127.52295409181632	156.48902195608792
169	23	1	42.648702594810324	137.24550898203606
169	24	1	38.343313373253466	106.13173652694607
169	25	1	107.77445109780443	139.50898203592808
169	26	1	153.88599999999985	30.565999999999992
169	27	1	64.86427145708585	101.3952095808383
169	28	1	175.46599999999984	42.354
169	29	1	103.52800000000005	197.1859999999999
170	1	2	20	19.999999999999996
170	2	2	19.744939271255067	95.29149797570845
170	3	2	20	169.99999999999991
170	4	2	94.93999999999997	20.035999999999998
170	5	2	96.45600000000002	95.79999999999994
170	6	2	96.364	169.86399999999992
170	7	2	170.07407407407405	19.72016460905349
170	8	2	169.99999999999994	94.99999999999997
170	9	2	170.12400000000002	170.0280000000002
170	10	1	28.824000000000005	132.76399999999995
170	11	1	31.770459081836304	86.99800399201601
170	12	1	162.69660678642694	125.66866267465075
170	13	1	125.66000000000001	135.14399999999986
170	14	1	93.17600000000004	154.73400000000004
170	15	1	104.94200000000002	71.21000000000002
170	16	1	164.04990019960098	55.44510978043913
170	17	1	156.3313373253493	68.92614770459082
170	18	1	89.01394422310747	77.29282868525901
170	19	1	36.05389221556888	67.62475049900202
170	20	1	81.1840000000001	102.57799999999996
170	21	1	20.59281437125748	145.82235528942124
170	22	1	127.57800000000003	156.54799999999997
170	23	1	42.60999999999998	137.17799999999988
170	24	1	38.29940119760478	106.10179640718562
170	25	1	107.91	139.65800000000007
170	26	1	153.85600000000014	30.723999999999997
170	27	1	64.83799999999995	101.44999999999995
170	28	1	175.57800000000003	42.391999999999946
170	29	1	103.55399999999987	197.28199999999995
171	1	2	20	19.999999999999996
171	2	2	19.744939271255067	95.29149797570845
171	3	2	20	169.99999999999991
171	4	2	94.93999999999997	20.035999999999998
171	5	2	96.45600000000002	95.79999999999994
171	6	2	96.364	169.86399999999992
171	7	2	170.07407407407405	19.72016460905349
171	8	2	169.99999999999994	94.99999999999997
171	9	2	170.12400000000002	170.0280000000002
171	10	1	28.824351297405194	132.79840319361264
171	11	1	31.78200000000002	87.20800000000004
171	12	1	163.1257485029941	125.75449101796403
171	13	1	125.64399999999995	135.08400000000017
171	14	1	93.21357285429141	154.70658682634723
171	15	1	104.77399999999999	71.29999999999995
171	16	1	164.06	55.507999999999974
171	17	1	156.42685370741512	69.06412825651304
171	18	1	88.84000000000007	77.39799999999991
171	19	1	35.976047904191624	67.83632734530939
171	20	1	81.17729083665346	102.59760956175303
171	21	1	20.508	145.7119999999999
171	22	1	127.54690618762471	156.63473053892216
171	23	1	42.56799999999999	137.03199999999995
171	24	1	38.373253493014	106.09580838323355
171	25	1	107.92199999999997	139.72200000000007
171	26	1	153.92799999999994	30.88799999999997
171	27	1	64.82035928143708	101.58483033932134
171	28	1	175.65469061876252	42.48702594810379
171	29	1	103.59081836327339	197.28742514970068
172	1	2	20	19.999999999999996
172	2	2	19.744939271255067	95.29149797570845
172	3	2	20	169.99999999999991
172	4	2	94.93999999999997	20.035999999999998
172	5	2	96.45600000000002	95.79999999999994
172	6	2	96.364	169.86399999999992
172	7	2	170.07407407407405	19.72016460905349
172	8	2	169.99999999999994	94.99999999999997
172	9	2	170.12400000000002	170.0280000000002
172	10	1	28.809999999999988	132.81800000000007
172	11	1	31.796000000000014	87.29199999999992
172	12	1	163.30339321357286	125.91217564870261
172	13	1	125.79399999999997	135.08599999999996
172	14	1	93.30999999999999	154.62399999999997
172	15	1	104.67800000000007	71.41799999999995
172	16	1	164.0399201596807	55.60279441117764
172	17	1	156.46107784431135	69.19361277445118
172	18	1	88.73	77.46599999999998
172	19	1	35.84200000000003	68.03200000000001
172	20	1	81.09199999999997	102.43400000000001
172	21	1	20.475049900199593	145.72455089820355
172	22	1	127.54600000000005	156.68000000000006
172	23	1	42.54000000000001	137.10600000000002
172	24	1	38.37125748502994	106.07185628742512
172	25	1	107.95409181636727	139.66067864271457
172	26	1	153.92599999999987	31.022000000000013
172	27	1	64.72399999999995	101.75999999999998
172	28	1	175.70858283433142	42.48303393213574
172	29	1	103.46706586826345	197.3233532934133
173	1	2	20	19.999999999999996
173	2	2	19.744939271255067	95.29149797570845
173	3	2	20	169.99999999999991
173	4	2	94.93999999999997	20.035999999999998
173	5	2	96.45600000000002	95.79999999999994
173	6	2	96.364	169.86399999999992
173	7	2	170.07407407407405	19.72016460905349
173	8	2	169.99999999999994	94.99999999999997
173	9	2	170.12400000000002	170.0280000000002
173	10	1	28.818000000000026	132.7240000000002
173	11	1	31.811999999999994	87.35799999999995
173	12	1	163.54000000000005	125.98599999999996
173	13	1	125.78443113772455	135.0678642714573
173	14	1	93.30738522954096	154.70259481037928
173	15	1	104.57	71.43800000000006
173	16	1	164.00798403193608	55.558882235528905
173	17	1	156.6140000000003	69.3680000000001
173	18	1	88.59880239520963	77.52694610778443
173	19	1	35.72000000000005	68.15200000000009
173	20	1	81.01796407185624	102.4510978043913
173	21	1	20.462000000000007	145.67200000000003
173	22	1	127.58400000000002	156.754
173	23	1	42.52200000000002	137.18800000000002
173	24	1	38.30861723446895	106.0581162324649
173	25	1	108.01399999999998	139.76800000000003
173	26	1	154.01803607214427	31.148296593186362
173	27	1	64.65531062124255	101.88977955911817
173	28	1	175.79441117764492	42.41117764471059
173	29	1	103.49400000000001	197.4019999999999
174	1	2	20	19.999999999999996
174	2	2	19.744939271255067	95.29149797570845
174	3	2	20	169.99999999999991
174	4	2	94.93999999999997	20.035999999999998
174	5	2	96.45600000000002	95.79999999999994
174	6	2	96.364	169.86399999999992
174	7	2	170.07407407407405	19.72016460905349
174	8	2	169.99999999999994	94.99999999999997
174	9	2	170.12400000000002	170.0280000000002
174	10	1	28.719999999999995	132.626
174	11	1	31.832000000000004	87.456
174	12	1	163.68862275449095	126.01996007984033
174	13	1	125.87425149700596	135.01197604790414
174	14	1	93.33333333333331	154.7105788423153
174	15	1	104.40637450199203	71.44621513944219
174	16	1	164.00599999999994	55.64200000000003
174	17	1	156.6539999999999	69.45799999999994
174	18	1	88.39800000000002	77.718
174	19	1	35.58083832335328	68.30339321357289
174	20	1	81.03199999999995	102.634
174	21	1	20.465999999999976	145.69799999999995
174	22	1	127.46906187624757	156.88023952095807
174	23	1	42.48200000000003	137.12399999999997
174	24	1	38.225999999999985	106.16399999999994
174	25	1	108.0420000000001	139.75400000000002
174	26	1	153.99001996007988	31.31137724550899
174	27	1	64.65469061876249	101.95808383233533
174	28	1	175.81437125748513	42.44311377245509
174	29	1	103.5119999999999	197.49000000000004
175	1	2	20	19.999999999999996
175	2	2	19.744939271255067	95.29149797570845
175	3	2	20	169.99999999999991
175	4	2	94.93999999999997	20.035999999999998
175	5	2	96.45600000000002	95.79999999999994
175	6	2	96.364	169.86399999999992
175	7	2	170.07407407407405	19.72016460905349
175	8	2	169.99999999999994	94.99999999999997
175	9	2	170.12400000000002	170.0280000000002
175	10	1	28.616766467065876	132.4411177644711
175	11	1	31.831999999999997	87.54800000000003
175	12	1	163.64999999999995	126.08799999999997
175	13	1	125.96806387225548	135.03592814371265
175	14	1	93.28343313373249	154.62075848303388
175	15	1	104.358	71.46200000000002
175	16	1	163.9620758483033	55.62075848303389
175	17	1	156.76294820717132	69.60358565737057
175	18	1	88.30000000000003	77.77399999999993
175	19	1	35.38123752495012	68.37325349301398
175	20	1	80.99001996007976	102.74251497005986
175	21	1	20.464000000000002	145.81200000000004
175	22	1	127.42800000000008	157.08000000000004
175	23	1	42.40518962075847	137.21956087824347
175	24	1	38.336	106.088
175	25	1	108.1357285429141	139.81437125748496
175	26	1	153.99599999999998	31.43200000000002
175	27	1	64.68463073852296	101.86427145708583
175	28	1	175.8642714570857	42.46506986027948
175	29	1	103.52599999999998	197.61599999999987
176	1	2	20	19.999999999999996
176	2	2	19.744939271255067	95.29149797570845
176	3	2	20	169.99999999999991
176	4	2	94.93999999999997	20.035999999999998
176	5	2	96.45600000000002	95.79999999999994
176	6	2	96.364	169.86399999999992
176	7	2	170.07407407407405	19.72016460905349
176	8	2	169.99999999999994	94.99999999999997
176	9	2	170.12400000000002	170.0280000000002
176	10	1	28.48399999999999	132.28800000000015
176	11	1	31.860279441117765	87.71457085828348
176	12	1	163.63400000000013	126.13800000000006
176	13	1	125.9459999999999	135.064
176	14	1	93.32199999999996	154.54799999999994
176	15	1	104.2739999999999	71.50599999999993
176	16	1	163.86000000000004	55.642000000000024
176	17	1	156.81037924151713	69.72654690618762
176	18	1	88.1377245508982	77.90019960079832
176	19	1	35.20159680638723	68.46506986027939
176	20	1	81.01800000000003	102.762
176	21	1	20.516966067864253	146.00399201596818
176	22	1	127.35400000000003	157.25599999999997
176	23	1	42.29400000000003	137.22000000000006
176	24	1	38.34799999999999	106.072
176	25	1	108.15568862275443	139.8582834331337
176	26	1	153.9720558882233	31.63273453093811
176	27	1	64.72000000000001	101.83400000000005
176	28	1	175.86399999999986	42.43400000000001
176	29	1	103.49301397205589	197.692614770459
177	1	2	20	19.999999999999996
177	2	2	19.744939271255067	95.29149797570845
177	3	2	20	169.99999999999991
177	4	2	94.93999999999997	20.035999999999998
177	5	2	96.45600000000002	95.79999999999994
177	6	2	96.364	169.86399999999992
177	7	2	170.07407407407405	19.72016460905349
177	8	2	169.99999999999994	94.99999999999997
177	9	2	170.12400000000002	170.0280000000002
177	10	1	28.365269461077833	132.16966067864277
177	11	1	31.89221556886226	87.76846307385229
177	12	1	163.70259481037937	126.10379241516968
177	13	1	125.94000000000004	135.2279999999999
177	14	1	93.25349301397205	154.57884231536926
177	15	1	104.12600000000002	71.36199999999995
177	16	1	163.78243512974043	55.65069860279445
177	17	1	156.71342685370755	69.69939879759522
177	18	1	88.07800000000003	78.06800000000001
177	19	1	35.25	68.55200000000008
177	20	1	81.08982035928149	102.96606786427137
177	21	1	20.49800000000001	146.01199999999974
177	22	1	127.31936127744505	157.3652694610778
177	23	1	42.20359281437127	137.22155688622746
177	24	1	38.41317365269462	106.06187624750498
177	25	1	108.10199999999995	139.8680000000002
177	26	1	154.02395209580817	31.678642714570863
177	27	1	64.75697211155385	101.86254980079687
177	28	1	175.95991983967934	42.456913827655306
177	29	1	103.57999999999996	197.74800000000002
178	1	2	20	19.999999999999996
178	2	2	19.744939271255067	95.29149797570845
178	3	2	20	169.99999999999991
178	4	2	94.93999999999997	20.035999999999998
178	5	2	96.45600000000002	95.79999999999994
178	6	2	96.364	169.86399999999992
178	7	2	170.07407407407405	19.72016460905349
178	8	2	169.99999999999994	94.99999999999997
178	9	2	170.12400000000002	170.0280000000002
178	10	1	28.376000000000005	132.1459999999999
178	11	1	31.86626746506988	87.812375249501
178	12	1	163.75848303393212	126.15968063872249
178	13	1	125.93213572854299	135.19960079840322
178	14	1	93.24151696606775	154.62075848303397
178	15	1	103.92415169660677	71.27345309381238
178	16	1	163.71057884231527	55.57285429141719
178	17	1	156.76846307385227	69.75249500998002
178	18	1	87.9739478957915	78.26853707414824
178	19	1	35.12999999999998	68.72799999999997
178	20	1	81.08599999999998	103.04400000000005
178	21	1	20.51297405189618	145.99201596806398
178	22	1	127.2874251497006	157.34930139720555
178	23	1	42.213572854291435	137.11976047904187
178	24	1	38.403193612774416	106.01197604790431
178	25	1	108.1202404809619	139.9599198396793
178	26	1	154.01195219123514	31.820717131474073
178	27	1	64.82435129740517	101.87425149700601
178	28	1	176.10600000000005	42.37999999999996
178	29	1	103.53400000000003	197.77599999999993
179	1	2	20	19.999999999999996
179	2	2	19.744939271255067	95.29149797570845
179	3	2	20	169.99999999999991
179	4	2	94.93999999999997	20.035999999999998
179	5	2	96.45600000000002	95.79999999999994
179	6	2	96.364	169.86399999999992
179	7	2	170.07407407407405	19.72016460905349
179	8	2	169.99999999999994	94.99999999999997
179	9	2	170.12400000000002	170.0280000000002
179	10	1	28.326693227091624	132.09760956175288
179	11	1	31.834331337325356	87.84231536926148
179	12	1	163.77200000000013	126.19800000000005
179	13	1	125.85199999999999	135.14800000000005
179	14	1	93.30199999999998	154.5900000000001
179	15	1	103.82199999999996	71.376
179	16	1	163.66666666666669	55.592814371257504
179	17	1	156.79840319361273	69.81437125748508
179	18	1	87.8303393213572	78.42115768463064
179	19	1	35.14800000000001	68.692
179	20	1	81.06586826347312	103.17564870259483
179	21	1	20.494	146.05200000000022
179	22	1	127.29199999999996	157.3779999999999
179	23	1	42.185628742514915	137.117764471058
179	24	1	38.5129740518962	105.99001996007975
179	25	1	108.20159680638722	139.99999999999994
179	26	1	154.00800000000012	31.902000000000026
179	27	1	64.79041916167671	101.94411177644716
179	28	1	176.09580838323362	42.363273453093846
179	29	1	103.47400000000003	197.72599999999994
180	1	2	20	19.999999999999996
180	2	2	19.744939271255067	95.29149797570845
180	3	2	20	169.99999999999991
180	4	2	94.93999999999997	20.035999999999998
180	5	2	96.45600000000002	95.79999999999994
180	6	2	96.364	169.86399999999992
180	7	2	170.07407407407405	19.72016460905349
180	8	2	169.99999999999994	94.99999999999997
180	9	2	170.12400000000002	170.0280000000002
180	10	1	28.32799999999997	132.13000000000022
180	11	1	31.81200000000002	87.92999999999998
180	12	1	163.95800000000003	126.25799999999997
180	13	1	125.77245508982035	135.08183632734546
180	14	1	93.28799999999997	154.62399999999994
180	15	1	103.64400000000005	71.26400000000007
180	16	1	163.53799999999987	55.54800000000001
180	17	1	156.82399999999993	69.88799999999999
180	18	1	87.69799999999998	78.55400000000003
180	19	1	35.097804391217565	68.8403193612774
180	20	1	81.11600000000003	103.22400000000005
180	21	1	20.432000000000002	145.9420000000002
180	22	1	127.30538922155685	157.37125748503
180	23	1	42.15200000000004	137.19600000000005
180	24	1	38.54799999999998	105.97799999999992
180	25	1	108.26999999999997	140.21199999999993
180	26	1	153.97199999999984	32.03999999999999
180	27	1	64.76846307385227	101.92415169660673
180	28	1	176.1017964071857	42.319361277445076
180	29	1	103.5169660678642	197.8343313373254
181	1	2	20	19.999999999999996
181	2	2	19.744939271255067	95.29149797570845
181	3	2	20	169.99999999999991
181	4	2	94.93999999999997	20.035999999999998
181	5	2	96.45600000000002	95.79999999999994
181	6	2	96.364	169.86399999999992
181	7	2	170.07407407407405	19.72016460905349
181	8	2	169.99999999999994	94.99999999999997
181	9	2	170.12400000000002	170.0280000000002
181	10	1	28.266533066132258	132.02404809619244
181	11	1	31.838000000000005	87.9839999999999
181	12	1	164.10778443113782	126.36726546906182
181	13	1	125.81963927855716	135.0781563126254
181	14	1	93.35928143712577	154.4431137724549
181	15	1	103.52199999999989	71.31799999999996
181	16	1	163.51896207584835	55.479041916167674
181	17	1	156.85429141716594	69.88023952095803
181	18	1	87.47999999999992	78.6580000000001
181	19	1	35.09199999999998	68.90599999999998
181	20	1	81.0778443113772	103.3393213572854
181	21	1	20.377999999999993	145.88400000000004
181	22	1	127.38922155688624	157.39920159680642
181	23	1	42.06786427145706	137.23552894211585
181	24	1	38.61553784860557	105.94422310756964
181	25	1	108.30200000000008	140.15199999999982
181	26	1	154.0500000000001	32.145999999999994
181	27	1	64.81563126252505	101.99599198396791
181	28	1	176.23046092184376	42.36472945891782
181	29	1	103.51097804391222	197.78243512974052
182	1	2	20	19.999999999999996
182	2	2	19.744939271255067	95.29149797570845
182	3	2	20	169.99999999999991
182	4	2	94.93999999999997	20.035999999999998
182	5	2	96.45600000000002	95.79999999999994
182	6	2	96.364	169.86399999999992
182	7	2	170.07407407407405	19.72016460905349
182	8	2	169.99999999999994	94.99999999999997
182	9	2	170.12400000000002	170.0280000000002
182	10	1	28.26147704590819	132.00399201596795
182	11	1	31.801999999999992	87.94199999999992
182	12	1	164.12350597609552	126.27888446215137
182	13	1	125.76753507014024	135.20040080160314
182	14	1	93.452	154.42800000000008
182	15	1	103.44400000000002	71.34200000000006
182	16	1	163.46800000000002	55.504000000000005
182	17	1	156.988	70.15
182	18	1	87.33799999999992	78.81599999999997
182	19	1	35.11576846307385	68.92614770459086
182	20	1	81.12375249500998	103.49900199600802
182	21	1	20.365269461077848	145.88822355289417
182	22	1	127.35528942115775	157.56686626746517
182	23	1	42.02200000000001	137.40399999999997
182	24	1	38.592814371257475	105.89620758483038
182	25	1	108.25450901803603	140.10821643286573
182	26	1	154.001996007984	32.26746506986024
182	27	1	64.83433133732528	102.05389221556881
182	28	1	176.179640718563	42.31337325349297
182	29	1	103.47799999999998	197.76799999999997
183	1	2	20	19.999999999999996
183	2	2	19.744939271255067	95.29149797570845
183	3	2	20	169.99999999999991
183	4	2	94.93999999999997	20.035999999999998
183	5	2	96.45600000000002	95.79999999999994
183	6	2	96.364	169.86399999999992
183	7	2	170.07407407407405	19.72016460905349
183	8	2	169.99999999999994	94.99999999999997
183	9	2	170.12400000000002	170.0280000000002
183	10	1	28.169660678642717	132.01996007984033
183	11	1	31.883999999999986	87.9960000000001
183	12	1	164.21357285429153	126.33532934131743
183	13	1	125.76095617529879	135.22908366533858
183	14	1	93.44710578842314	154.47305389221563
183	15	1	103.33466933867732	71.37675350701407
183	16	1	163.43399999999977	55.463999999999956
183	17	1	157.0019999999999	70.22599999999993
183	18	1	87.22199999999998	78.884
183	19	1	35.12799999999997	69.03800000000004
183	20	1	81.11177644710573	103.60878243512977
183	21	1	20.42399999999999	145.96400000000008
183	22	1	127.17764471057886	157.74451097804396
183	23	1	41.95791583166332	137.38877755511015
183	24	1	38.57684630738523	105.89620758483035
183	25	1	108.16000000000001	139.9959999999998
183	26	1	153.9721115537848	32.49402390438246
183	27	1	64.88999999999999	101.97599999999996
183	28	1	176.2765531062124	42.296593186372746
183	29	1	103.526	197.79000000000002
184	1	2	20	19.999999999999996
184	2	2	19.744939271255067	95.29149797570845
184	3	2	20	169.99999999999991
184	4	2	94.93999999999997	20.035999999999998
184	5	2	96.45600000000002	95.79999999999994
184	6	2	96.364	169.86399999999992
184	7	2	170.07407407407405	19.72016460905349
184	8	2	169.99999999999994	94.99999999999997
184	9	2	170.12400000000002	170.0280000000002
184	10	1	28.141999999999996	131.98200000000017
184	11	1	31.807999999999996	87.99000000000008
184	12	1	164.44621513944222	126.4183266932271
184	13	1	125.76247504990032	135.25548902195632
184	14	1	93.46893787575152	154.5090180360722
184	15	1	103.18200000000006	71.20999999999994
184	16	1	163.46599999999992	55.477999999999994
184	17	1	157.01796407185608	70.32135728542914
184	18	1	87.14	78.91000000000005
184	19	1	34.991999999999976	69.1940000000001
184	20	1	81.16966067864269	103.69860279441122
184	21	1	20.383999999999983	146.01799999999983
184	22	1	127.15768463073843	157.80239520958094
184	23	1	41.85599999999996	137.3179999999999
184	24	1	38.495999999999995	105.88199999999999
184	25	1	108.15369261477049	139.99401197604791
184	26	1	153.9680000000001	32.60199999999995
184	27	1	64.93600000000005	101.91999999999999
184	28	1	176.30200000000002	42.26399999999997
184	29	1	103.55089820359277	197.80838323353305
185	1	2	20	19.999999999999996
185	2	2	19.744939271255067	95.29149797570845
185	3	2	20	169.99999999999991
185	4	2	94.93999999999997	20.035999999999998
185	5	2	96.45600000000002	95.79999999999994
185	6	2	96.364	169.86399999999992
185	7	2	170.07407407407405	19.72016460905349
185	8	2	169.99999999999994	94.99999999999997
185	9	2	170.12400000000002	170.0280000000002
185	10	1	28.077689243027887	131.8585657370518
185	11	1	31.76646706586826	88.07584830339317
185	12	1	164.51992031872504	126.42430278884461
185	13	1	125.77599999999993	135.1979999999999
185	14	1	93.48600000000002	154.428
185	15	1	103.102	71.13599999999995
185	16	1	163.45691382765537	55.581162324649334
185	17	1	157.152	70.488
185	18	1	86.97804391217562	78.9840319361277
185	19	1	34.984	69.30799999999999
185	20	1	81.21999999999997	103.78399999999992
185	21	1	20.364000000000015	146.08999999999986
185	22	1	126.98403193612775	157.9680638722554
185	23	1	41.81437125748505	137.2275449101797
185	24	1	38.57999999999996	105.87199999999999
185	25	1	108.30600000000004	140.03800000000004
185	26	1	153.98403193612796	32.702594810379246
185	27	1	64.97800000000005	101.87199999999999
185	28	1	176.358	42.281999999999954
185	29	1	103.5460000000001	197.84000000000003
186	1	2	20	19.999999999999996
186	2	2	19.744939271255067	95.29149797570845
186	3	2	20	169.99999999999991
186	4	2	94.93999999999997	20.035999999999998
186	5	2	96.45600000000002	95.79999999999994
186	6	2	96.364	169.86399999999992
186	7	2	170.07407407407405	19.72016460905349
186	8	2	169.99999999999994	94.99999999999997
186	9	2	170.12400000000002	170.0280000000002
186	10	1	28.090000000000018	131.894
186	11	1	31.826000000000022	88.04799999999999
186	12	1	164.6427145708582	126.42714570858283
186	13	1	125.76047904191623	135.18163672654677
186	14	1	93.50698602794414	154.35329341317345
186	15	1	102.94800000000008	71.13200000000012
186	16	1	163.36327345309357	55.61077844311372
186	17	1	157.16733067729075	70.64342629482073
186	18	1	86.73053892215567	79.12774451097809
186	19	1	34.97000000000001	69.35199999999989
186	20	1	81.20600000000006	103.83000000000001
186	21	1	20.357285429141736	146.0099800399201
186	22	1	126.85199999999996	158.15199999999987
186	23	1	41.73253493013972	137.22754491017963
186	24	1	38.60799999999998	105.85799999999999
186	25	1	108.40718562874254	140.2275449101796
186	26	1	153.9620000000001	32.732000000000006
186	27	1	64.92415169660687	101.92215568862288
186	28	1	176.4059999999999	42.30199999999996
186	29	1	103.58682634730539	197.83033932135726
187	1	2	20	19.999999999999996
187	2	2	19.744939271255067	95.29149797570845
187	3	2	20	169.99999999999991
187	4	2	94.93999999999997	20.035999999999998
187	5	2	96.45600000000002	95.79999999999994
187	6	2	96.364	169.86399999999992
187	7	2	170.07407407407405	19.72016460905349
187	8	2	169.99999999999994	94.99999999999997
187	9	2	170.12400000000002	170.0280000000002
187	10	1	28.08600000000001	131.78999999999996
187	11	1	31.78800000000001	88.05199999999991
187	12	1	164.69061876247508	126.46706586826343
187	13	1	125.65600000000002	135.03000000000014
187	14	1	93.58600000000008	154.25000000000003
187	15	1	102.90399999999995	71.18999999999993
187	16	1	163.30599999999993	55.583999999999975
187	17	1	157.24151696606776	70.70459081836329
187	18	1	86.53493013972052	79.17365269461087
187	19	1	35.01799999999999	69.35800000000003
187	20	1	81.25800000000012	104.03999999999999
187	21	1	20.366000000000003	145.88
187	22	1	126.83832335329339	158.22155688622757
187	23	1	41.629258517034074	137.29659318637286
187	24	1	38.68200000000001	105.81199999999997
187	25	1	108.38123752495002	140.19760479041918
187	26	1	154.02599999999995	32.806
187	27	1	65.03000000000002	101.90199999999999
187	28	1	176.47400000000002	42.339999999999975
187	29	1	103.53199999999997	197.8080000000001
188	1	2	20	19.999999999999996
188	2	2	19.744939271255067	95.29149797570845
188	3	2	20	169.99999999999991
188	4	2	94.93999999999997	20.035999999999998
188	5	2	96.45600000000002	95.79999999999994
188	6	2	96.364	169.86399999999992
188	7	2	170.07407407407405	19.72016460905349
188	8	2	169.99999999999994	94.99999999999997
188	9	2	170.12400000000002	170.0280000000002
188	10	1	28.045999999999975	131.80400000000017
188	11	1	31.833999999999985	88.12399999999994
188	12	1	164.71656686626747	126.51097804391212
188	13	1	125.85400000000011	134.90600000000018
188	14	1	93.728	154.2180000000001
188	15	1	102.79000000000002	71.1239999999999
188	16	1	163.2035928143712	55.540918163672714
188	17	1	157.27744510978053	70.83033932135736
188	18	1	86.28942115768471	79.35329341317363
188	19	1	34.94000000000001	69.44400000000006
188	20	1	81.3373253493015	104.24750499001998
188	21	1	20.370000000000015	145.94400000000016
188	22	1	126.80079681274906	158.21513944223102
188	23	1	41.601999999999975	137.37000000000003
188	24	1	38.71457085828342	105.85429141716571
188	25	1	108.50499001996002	140.21756487025954
188	26	1	154.13772455089827	32.81836327345315
188	27	1	65.01197604790423	101.80838323353304
188	28	1	176.5740000000002	42.44200000000002
188	29	1	103.49301397205586	197.81237524950112
189	1	2	20	19.999999999999996
189	2	2	19.744939271255067	95.29149797570845
189	3	2	20	169.99999999999991
189	4	2	94.93999999999997	20.035999999999998
189	5	2	96.45600000000002	95.79999999999994
189	6	2	96.364	169.86399999999992
189	7	2	170.07407407407405	19.72016460905349
189	8	2	169.99999999999994	94.99999999999997
189	9	2	170.12400000000002	170.0280000000002
189	10	1	28.047999999999995	131.72
189	11	1	31.852295409181625	88.19960079840321
189	12	1	164.6739999999999	126.52800000000008
189	13	1	125.65668662674653	134.87225548902208
189	14	1	93.80000000000003	154.06399999999985
189	15	1	102.6127744510979	71.19560878243506
189	16	1	163.1317365269464	55.5469061876248
189	17	1	157.43600000000006	70.97400000000002
189	18	1	86.07385229540918	79.46706586826342
189	19	1	34.9620758483034	69.54690618762476
189	20	1	81.35999999999999	104.41000000000003
189	21	1	20.373253493013966	145.91616766467055
189	22	1	126.70600000000002	158.3160000000001
189	23	1	41.57800000000003	137.32799999999992
189	24	1	38.696606786427154	105.88423153692602
189	25	1	108.42799999999997	140.21999999999986
189	26	1	154.1519999999999	32.80999999999998
189	27	1	65.07784431137728	101.93812375249496
189	28	1	176.54200000000012	42.501999999999974
189	29	1	103.42999999999994	197.71799999999996
190	1	2	20	19.999999999999996
190	2	2	19.744939271255067	95.29149797570845
190	3	2	20	169.99999999999991
190	4	2	94.93999999999997	20.035999999999998
190	5	2	96.45600000000002	95.79999999999994
190	6	2	96.364	169.86399999999992
190	7	2	170.07407407407405	19.72016460905349
190	8	2	169.99999999999994	94.99999999999997
190	9	2	170.12400000000002	170.0280000000002
190	10	1	28.0578842315369	131.5469061876249
190	11	1	31.87000000000001	88.25599999999991
190	12	1	164.74800000000002	126.69399999999997
190	13	1	125.65668662674656	134.66267465069842
190	14	1	93.96806387225558	154.03193612774442
190	15	1	102.4770459081836	71.20958083832335
190	16	1	163.0199600798404	55.46506986027948
190	17	1	157.50999999999993	71.13000000000001
190	18	1	85.87624750499009	79.52295409181637
190	19	1	34.887999999999984	69.64400000000002
190	20	1	81.3972055888224	104.64870259481042
190	21	1	20.36873747494991	146.0080160320643
190	22	1	126.82399999999991	158.21599999999998
190	23	1	41.56800000000001	137.4139999999998
190	24	1	38.78199999999999	105.83999999999999
190	25	1	108.56400000000004	140.27800000000002
190	26	1	154.11976047904207	32.872255489021995
190	27	1	65.187624750499	101.95808383233528
190	28	1	176.6746506986029	42.59880239520959
190	29	1	103.29740518962076	197.67065868263452
191	1	2	20	19.999999999999996
191	2	2	19.744939271255067	95.29149797570845
191	3	2	20	169.99999999999991
191	4	2	94.93999999999997	20.035999999999998
191	5	2	96.45600000000002	95.79999999999994
191	6	2	96.364	169.86399999999992
191	7	2	170.07407407407405	19.72016460905349
191	8	2	169.99999999999994	94.99999999999997
191	9	2	170.12400000000002	170.0280000000002
191	10	1	28.056000000000008	131.31399999999994
191	11	1	31.916000000000025	88.28800000000008
191	12	1	164.76599999999996	126.72200000000004
191	13	1	125.59163346613536	134.66533864541833
191	14	1	93.99401197604791	154.03992015968075
191	15	1	102.48702594810379	71.28542914171656
191	16	1	162.91816367265454	55.50698602794413
191	17	1	157.57399999999987	71.24
191	18	1	85.66467065868255	79.55489021956096
191	19	1	34.784000000000006	69.70800000000003
191	20	1	81.38722554890211	104.61876247504999
191	21	1	20.437999999999985	146.006
191	22	1	126.90219560878242	158.21556886227538
191	23	1	41.59599999999999	137.49800000000002
191	24	1	38.84830339321356	105.82834331337327
191	25	1	108.66067864271461	140.47904191616766
191	26	1	154.08782435129746	32.89820359281434
191	27	1	65.28200000000001	102.14600000000004
191	28	1	176.65200000000016	42.52400000000003
191	29	1	103.27599999999997	197.74600000000018
192	1	2	20	19.999999999999996
192	2	2	19.744939271255067	95.29149797570845
192	3	2	20	169.99999999999991
192	4	2	94.93999999999997	20.035999999999998
192	5	2	96.45600000000002	95.79999999999994
192	6	2	96.364	169.86399999999992
192	7	2	170.07407407407405	19.72016460905349
192	8	2	169.99999999999994	94.99999999999997
192	9	2	170.12400000000002	170.0280000000002
192	10	1	28.029940119760443	131.1936127744511
192	11	1	31.870000000000005	88.28800000000003
192	12	1	164.646	126.78199999999997
192	13	1	125.33333333333326	134.61477045908185
192	14	1	94.062	153.9460000000001
192	15	1	102.43199999999996	71.31400000000001
192	16	1	162.84600000000012	55.46600000000004
192	17	1	157.6200000000002	71.36799999999997
192	18	1	85.57085828343315	79.66666666666664
192	19	1	34.68400000000003	69.766
192	20	1	81.497005988024	104.83033932135726
192	21	1	20.422	145.964
192	22	1	127.00199600798403	158.19361277445114
192	23	1	41.56487025948107	137.53892215568865
192	24	1	38.896	105.8239999999999
192	25	1	108.73800000000001	140.59799999999987
192	26	1	154.07000000000002	32.988
192	27	1	65.26746506986028	102.10778443113772
192	28	1	176.66000000000017	42.502000000000024
192	29	1	103.19800000000002	197.53399999999993
193	1	2	20	19.999999999999996
193	2	2	19.744939271255067	95.29149797570845
193	3	2	20	169.99999999999991
193	4	2	94.93999999999997	20.035999999999998
193	5	2	96.45600000000002	95.79999999999994
193	6	2	96.364	169.86399999999992
193	7	2	170.07407407407405	19.72016460905349
193	8	2	169.99999999999994	94.99999999999997
193	9	2	170.12400000000002	170.0280000000002
193	10	1	27.988	131.00599999999997
193	11	1	31.84800000000001	88.28599999999996
193	12	1	164.75999999999993	126.83399999999988
193	13	1	125.29341317365264	134.52694610778445
193	14	1	94.13745019920326	153.9183266932271
193	15	1	102.38399999999987	71.41399999999999
193	16	1	162.81437125748494	55.52295409181638
193	17	1	157.6187624750501	71.37724550898201
193	18	1	85.28742514970062	79.69860279441117
193	19	1	34.71999999999999	69.80799999999994
193	20	1	81.54091816367266	104.80439121756486
193	21	1	20.53399999999998	146.0399999999999
193	22	1	126.92814371257491	158.18163672654677
193	23	1	41.47704590818367	137.6027944111777
193	24	1	38.97804391217563	105.81437125748506
193	25	1	108.77245508982033	140.6506986027944
193	26	1	154.1039999999998	32.94200000000006
193	27	1	65.26347305389224	102.1976047904192
193	28	1	176.6520000000002	42.55399999999999
193	29	1	103.29600000000006	197.56000000000003
194	1	2	20	19.999999999999996
194	2	2	19.744939271255067	95.29149797570845
194	3	2	20	169.99999999999991
194	4	2	94.93999999999997	20.035999999999998
194	5	2	96.45600000000002	95.79999999999994
194	6	2	96.364	169.86399999999992
194	7	2	170.07407407407405	19.72016460905349
194	8	2	169.99999999999994	94.99999999999997
194	9	2	170.12400000000002	170.0280000000002
194	10	1	27.90200000000004	130.87399999999988
194	11	1	31.828	88.25000000000003
194	12	1	164.7584830339322	126.98203592814362
194	13	1	125.32000000000001	134.39000000000001
194	14	1	94.2139999999999	153.88600000000005
194	15	1	102.19199999999995	71.38400000000021
194	16	1	162.73453093812358	55.49101796407187
194	17	1	157.61600000000024	71.46600000000007
194	18	1	85.06799999999996	79.79
194	19	1	34.75	69.90600000000002
194	20	1	81.5528942115768	104.8802395209581
194	21	1	20.554000000000013	146.014
194	22	1	126.90599999999998	158.2280000000001
194	23	1	41.417999999999964	137.6140000000001
194	24	1	38.97999999999997	105.80800000000004
194	25	1	108.99800399201595	140.7984031936128
194	26	1	154.1599999999998	33.08600000000002
194	27	1	65.25548902195607	102.28742514970058
194	28	1	176.74850299401191	42.6107784431138
194	29	1	103.249500998004	197.5149700598802
195	1	2	20	19.999999999999996
195	2	2	19.744939271255067	95.29149797570845
195	3	2	20	169.99999999999991
195	4	2	94.93999999999997	20.035999999999998
195	5	2	96.45600000000002	95.79999999999994
195	6	2	96.364	169.86399999999992
195	7	2	170.07407407407405	19.72016460905349
195	8	2	169.99999999999994	94.99999999999997
195	9	2	170.12400000000002	170.0280000000002
195	10	1	27.894	130.8080000000001
195	11	1	31.798000000000016	88.25799999999997
195	12	1	164.7420000000002	127.002
195	13	1	125.35528942115769	134.57085828343295
195	14	1	94.31536926147704	153.74451097804385
195	15	1	102.02000000000004	71.32999999999998
195	16	1	162.76447105788426	55.61277445109778
195	17	1	157.61399999999995	71.52000000000001
195	18	1	84.79399999999997	79.96000000000002
195	19	1	34.88176352705412	70.03406813627257
195	20	1	81.60000000000004	105.05000000000005
195	21	1	20.554000000000013	146.014
195	22	1	126.94388777555112	158.39278557114238
195	23	1	41.38047808764945	137.56175298804803
195	24	1	39.02195608782432	105.80638722554892
195	25	1	109.02799999999996	140.75800000000004
195	26	1	154.2574850299402	33.13173652694611
195	27	1	65.2534930139721	102.31936127744508
195	28	1	176.81400000000016	42.67599999999997
195	29	1	103.36199999999997	197.53600000000003
196	1	2	20	19.999999999999996
196	2	2	19.744939271255067	95.29149797570845
196	3	2	20	169.99999999999991
196	4	2	94.93999999999997	20.035999999999998
196	5	2	96.45600000000002	95.79999999999994
196	6	2	96.364	169.86399999999992
196	7	2	170.07407407407405	19.72016460905349
196	8	2	169.99999999999994	94.99999999999997
196	9	2	170.12400000000002	170.0280000000002
196	10	1	27.882	130.5240000000001
196	11	1	31.748000000000008	88.24799999999998
196	12	1	164.76646706586834	127.00598802395207
196	13	1	125.34730538922165	134.45708582834357
196	14	1	94.39520958083835	153.70259481037928
196	15	1	101.98802395209584	71.35928143712577
196	16	1	162.78600000000014	55.672000000000025
196	17	1	157.65069860279453	71.5688622754491
196	18	1	84.58882235528941	80.08982035928136
196	19	1	34.85800000000005	70.04399999999995
196	20	1	81.59281437125748	105.28343313373252
196	21	1	20.66666666666667	146.07584830339312
196	22	1	127.11776447105791	158.37924151696612
196	23	1	41.365269461077816	137.68862275449092
196	24	1	39.07999999999996	105.78399999999999
196	25	1	109.15200000000004	140.84
196	26	1	154.3632734530938	33.17165668662674
196	27	1	65.26147704590821	102.2734530938124
196	28	1	177.0100000000001	42.912000000000006
196	29	1	103.42199999999997	197.60199999999975
197	1	2	20	19.999999999999996
197	2	2	19.744939271255067	95.29149797570845
197	3	2	20	169.99999999999991
197	4	2	94.93999999999997	20.035999999999998
197	5	2	96.45600000000002	95.79999999999994
197	6	2	96.364	169.86399999999992
197	7	2	170.07407407407405	19.72016460905349
197	8	2	169.99999999999994	94.99999999999997
197	9	2	170.12400000000002	170.0280000000002
197	10	1	27.83433133732536	130.4670658682635
197	11	1	31.73852295409182	88.27345309381239
197	12	1	164.90400000000008	127.08599999999996
197	13	1	125.32799999999988	134.408
197	14	1	94.51896207584835	153.56487025948087
197	15	1	101.79600000000003	71.36399999999999
197	16	1	162.67265469061888	55.63672654690624
197	17	1	157.68800000000002	71.60200000000005
197	18	1	84.42115768463073	80.16167664670652
197	19	1	35.003999999999984	70.01599999999995
197	20	1	81.6586826347305	105.32734530938117
197	21	1	20.723999999999997	146.14799999999985
197	22	1	127.23000000000002	158.33400000000012
197	23	1	41.38200000000001	137.57000000000008
197	24	1	39.073852295409196	105.8003992015968
197	25	1	109.19560878243512	140.822355289421
197	26	1	154.4810379241516	33.107784431137716
197	27	1	65.23752495009977	102.40918163672653
197	28	1	177.1037924151698	43.023952095808376
197	29	1	103.34	197.5239999999999
198	1	2	20	19.999999999999996
198	2	2	19.744939271255067	95.29149797570845
198	3	2	20	169.99999999999991
198	4	2	94.93999999999997	20.035999999999998
198	5	2	96.45600000000002	95.79999999999994
198	6	2	96.364	169.86399999999992
198	7	2	170.07407407407405	19.72016460905349
198	8	2	169.99999999999994	94.99999999999997
198	9	2	170.12400000000002	170.0280000000002
198	10	1	27.838323353293422	130.3413173652695
198	11	1	31.66800000000001	88.26999999999998
198	12	1	164.97405189620747	127.1976047904192
198	13	1	125.33400000000005	134.30000000000004
198	14	1	94.68	153.42599999999996
198	15	1	101.80838323353292	71.47305389221566
198	16	1	162.69123505976086	55.6474103585657
198	17	1	157.62399999999997	71.60199999999999
198	18	1	84.1696606786427	80.23752495009978
198	19	1	34.96000000000002	70.09400000000004
198	20	1	81.64	105.386
198	21	1	20.732	146.14400000000003
198	22	1	127.34331337325341	158.36926147704588
198	23	1	41.39321357285427	137.6007984031935
198	24	1	39.13400000000006	105.744
198	25	1	109.41600000000001	140.94199999999987
198	26	1	154.44910179640712	33.33333333333335
198	27	1	65.316	102.556
198	28	1	177.1876247504991	43.14970059880242
198	29	1	103.41199999999995	197.62399999999988
199	1	2	20	19.999999999999996
199	2	2	19.744939271255067	95.29149797570845
199	3	2	20	169.99999999999991
199	4	2	94.93999999999997	20.035999999999998
199	5	2	96.45600000000002	95.79999999999994
199	6	2	96.364	169.86399999999992
199	7	2	170.07407407407405	19.72016460905349
199	8	2	169.99999999999994	94.99999999999997
199	9	2	170.12400000000002	170.0280000000002
199	10	1	27.883999999999997	130.25599999999983
199	11	1	31.624000000000013	88.34599999999993
199	12	1	164.914	127.1939999999999
199	13	1	125.16966067864263	134.0538922155689
199	14	1	94.70858283433134	153.42115768463069
199	15	1	101.73852295409185	71.5169660678643
199	16	1	162.75599999999997	55.75799999999996
199	17	1	157.6920000000001	71.67000000000007
199	18	1	83.92415169660673	80.29940119760488
199	19	1	35.015999999999984	70.19000000000004
199	20	1	81.66533066132263	105.4328657314631
199	21	1	20.78243512974051	146.1277445109781
199	22	1	127.28200000000002	158.43199999999976
199	23	1	41.41317365269464	137.63073852295398
199	24	1	39.208835341365436	105.773092369478
199	25	1	109.57884231536926	141.00598802395217
199	26	1	154.57200000000012	33.464000000000034
199	27	1	65.40119760479043	102.77245508982047
199	28	1	177.2035928143713	43.15169660678644
199	29	1	103.46000000000002	197.5940000000001
200	1	2	20	19.999999999999996
200	2	2	19.744939271255067	95.29149797570845
200	3	2	20	169.99999999999991
200	4	2	94.93999999999997	20.035999999999998
200	5	2	96.45600000000002	95.79999999999994
200	6	2	96.364	169.86399999999992
200	7	2	170.07407407407405	19.72016460905349
200	8	2	169.99999999999994	94.99999999999997
200	9	2	170.12400000000002	170.0280000000002
200	10	1	27.866267465069857	130.08582834331324
200	11	1	31.580838323353305	88.21357285429139
200	12	1	164.98003992015958	127.2914171656686
200	13	1	125.18637274549097	134.0240480961925
200	14	1	94.92399999999999	153.19199999999998
200	15	1	101.66334661354585	71.56175298804783
200	16	1	162.70717131474115	55.71513944223106
200	17	1	157.63273453093805	71.70459081836324
200	18	1	83.76200000000003	80.35600000000001
200	19	1	35.09800000000002	70.19199999999996
200	20	1	81.6780000000001	105.462
200	21	1	20.83033932135726	146.127744510978
200	22	1	127.2139999999999	158.56199999999993
200	23	1	41.45309381237525	137.6267465069861
200	24	1	39.28343313373255	105.7644710578842
200	25	1	109.73253493013972	141.08982035928145
200	26	1	154.612	33.56000000000001
200	27	1	65.43199999999997	102.71199999999989
200	28	1	177.26800000000003	43.24399999999997
200	29	1	103.46199999999997	197.50599999999994
201	1	2	20	19.999999999999996
201	2	2	19.744939271255067	95.29149797570845
201	3	2	20	169.99999999999991
201	4	2	94.93999999999997	20.035999999999998
201	5	2	96.45600000000002	95.79999999999994
201	6	2	96.364	169.86399999999992
201	7	2	170.07407407407405	19.72016460905349
201	8	2	169.99999999999994	94.99999999999997
201	9	2	170.12400000000002	170.0280000000002
201	10	1	27.85799999999997	129.89999999999998
201	11	1	31.598000000000013	88.16199999999995
201	12	1	165.0480000000001	127.43799999999996
201	13	1	125.1783567134269	133.8637274549098
201	14	1	95.11377245508987	153.00998003992024
201	15	1	101.66467065868264	71.73253493013966
201	16	1	162.63473053892227	55.6307385229541
201	17	1	157.53800000000004	71.63000000000002
201	18	1	83.6372745490981	80.46893787575156
201	19	1	35.088	70.20800000000003
201	20	1	81.67399999999986	105.51599999999996
201	21	1	20.856000000000027	146.12000000000003
201	22	1	127.274	158.5700000000001
201	23	1	41.469061876247515	137.67065868263478
201	24	1	39.20318725099601	105.83665338645422
201	25	1	109.88423153692617	141.10379241516983
201	26	1	154.64670658682644	33.59481037924151
201	27	1	65.31736526946105	102.81836327345316
201	28	1	177.26347305389223	43.4670658682635
201	29	1	103.53600000000002	197.32399999999998
202	1	2	20	19.999999999999996
202	2	2	19.744939271255067	95.29149797570845
202	3	2	20	169.99999999999991
202	4	2	94.93999999999997	20.035999999999998
202	5	2	96.45600000000002	95.79999999999994
202	6	2	96.364	169.86399999999992
202	7	2	170.07407407407405	19.72016460905349
202	8	2	169.99999999999994	94.99999999999997
202	9	2	170.12400000000002	170.0280000000002
202	10	1	27.878243512974038	129.80239520958088
202	11	1	31.526946107784433	88.20758483033936
202	12	1	165.1417165668663	127.52495009980049
202	13	1	125.14371257485024	133.76846307385227
202	14	1	95.13999999999996	152.95999999999995
202	15	1	101.49400000000003	71.69000000000007
202	16	1	162.51297405189626	55.64670658682628
202	17	1	157.64599999999996	71.79200000000007
202	18	1	83.39720558882235	80.5269461077844
202	19	1	35.087999999999965	70.22400000000003
202	20	1	81.66399999999997	105.506
202	21	1	20.878243512974052	146.06986027944126
202	22	1	127.31936127744517	158.54890219560878
202	23	1	41.45800000000005	137.68600000000006
202	24	1	39.26400000000001	105.81200000000001
202	25	1	109.93812375249489	141.22954091816365
202	26	1	154.73053892215594	33.62275449101795
202	27	1	65.398	103.00399999999993
202	28	1	177.2320000000001	43.58999999999999
202	29	1	103.52600000000005	197.15199999999984
203	1	2	20	19.999999999999996
203	2	2	19.744939271255067	95.29149797570845
203	3	2	20	169.99999999999991
203	4	2	94.93999999999997	20.035999999999998
203	5	2	96.45600000000002	95.79999999999994
203	6	2	96.364	169.86399999999992
203	7	2	170.07407407407405	19.72016460905349
203	8	2	169.99999999999994	94.99999999999997
203	9	2	170.12400000000002	170.0280000000002
203	10	1	27.87199999999999	129.66000000000028
203	11	1	31.453093812375247	88.16367265469067
203	12	1	165.25948103792413	127.65069860279431
203	13	1	125.10379241516966	133.71057884231556
203	14	1	95.26147704590818	152.87824351297408
203	15	1	101.36526946107792	71.68263473053892
203	16	1	162.48399999999998	55.740000000000016
203	17	1	157.61077844311376	71.88423153692621
203	18	1	83.29800000000006	80.54800000000004
203	19	1	35.14800000000002	70.26599999999996
203	20	1	81.66400000000002	105.48199999999996
203	21	1	20.965999999999998	146.0779999999999
203	22	1	127.35000000000001	158.4959999999999
203	23	1	41.50399999999995	137.76000000000008
203	24	1	39.23107569721114	105.87848605577683
203	25	1	109.95009980039926	141.1157684630739
203	26	1	154.882470119522	33.6593625498008
203	27	1	65.34331337325354	103.04990019960087
203	28	1	177.24800000000013	43.73800000000001
203	29	1	103.5640000000001	197.052
204	1	2	20	19.999999999999996
204	2	2	19.744939271255067	95.29149797570845
204	3	2	20	169.99999999999991
204	4	2	94.93999999999997	20.035999999999998
204	5	2	96.45600000000002	95.79999999999994
204	6	2	96.364	169.86399999999992
204	7	2	170.07407407407405	19.72016460905349
204	8	2	169.99999999999994	94.99999999999997
204	9	2	170.12400000000002	170.0280000000002
204	10	1	27.898000000000003	129.778
204	11	1	31.43512974051896	88.05588822355294
204	12	1	165.26546906187622	127.58483033932133
204	13	1	125.13572854291421	133.69061876247508
204	14	1	95.33400000000009	152.79199999999983
204	15	1	101.22554890219563	71.70259481037917
204	16	1	162.4291417165669	55.690618762475076
204	17	1	157.57884231536937	71.95608782435131
204	18	1	83.10799999999995	80.63200000000008
204	19	1	35.210000000000015	70.30800000000004
204	20	1	81.61477045908181	105.56487025948103
204	21	1	21.040000000000003	146.02599999999995
204	22	1	127.36726546906183	158.54491017964088
204	23	1	41.59999999999998	137.72600000000014
204	24	1	39.12974051896206	106.01397205588829
204	25	1	110.0638722554891	141.1497005988024
204	26	1	154.87800000000018	33.78000000000004
204	27	1	65.31599999999997	103.12799999999999
204	28	1	177.1783567134268	43.75751503006011
204	29	1	103.59281437125748	197.0119760479042
205	1	2	20	19.999999999999996
205	2	2	19.744939271255067	95.29149797570845
205	3	2	20	169.99999999999991
205	4	2	94.93999999999997	20.035999999999998
205	5	2	96.45600000000002	95.79999999999994
205	6	2	96.364	169.86399999999992
205	7	2	170.07407407407405	19.72016460905349
205	8	2	169.99999999999994	94.99999999999997
205	9	2	170.12400000000002	170.0280000000002
205	10	1	27.884231536926162	129.53093812375258
205	11	1	31.448000000000008	88.04400000000003
205	12	1	165.2594810379241	127.59081836327337
205	13	1	125.13399999999993	133.6940000000001
205	14	1	95.36726546906183	152.7385229540918
205	15	1	101.09999999999994	71.756
205	16	1	162.2255489021958	55.66267465069865
205	17	1	157.5430861723447	72.06212424849696
205	18	1	82.96199999999999	80.76999999999995
205	19	1	35.240000000000016	70.29800000000002
205	20	1	81.67599999999996	105.67200000000003
205	21	1	21.08582834331336	146.04191616766457
205	22	1	127.44399999999999	158.61199999999994
205	23	1	41.65999999999998	137.79799999999994
205	24	1	39.048	106.04999999999998
205	25	1	110.13772455089824	141.2035928143712
205	26	1	154.92600000000016	33.81799999999997
205	27	1	65.40199999999999	103.20199999999996
205	28	1	177.09199999999996	43.85800000000003
205	29	1	103.53999999999999	196.91800000000015
206	1	2	20	19.999999999999996
206	2	2	19.744939271255067	95.29149797570845
206	3	2	20	169.99999999999991
206	4	2	94.93999999999997	20.035999999999998
206	5	2	96.45600000000002	95.79999999999994
206	6	2	96.364	169.86399999999992
206	7	2	170.07407407407405	19.72016460905349
206	8	2	169.99999999999994	94.99999999999997
206	9	2	170.12400000000002	170.0280000000002
206	10	1	28.02395209580836	129.34730538922167
206	11	1	31.52295409181637	87.94411177644702
206	12	1	165.30999999999995	127.57599999999998
206	13	1	125.11776447105794	133.70259481037908
206	14	1	95.47800000000005	152.57800000000015
206	15	1	101.01996007984029	71.72055888223551
206	16	1	162.11377245508982	55.670658682634716
206	17	1	157.6100000000001	72.12000000000002
206	18	1	82.82235528942122	80.81836327345306
206	19	1	35.34999999999999	70.34400000000002
206	20	1	81.64328657314627	105.86773547094182
206	21	1	21.13972055888223	145.83632734530943
206	22	1	127.36726546906183	158.67265469061874
206	23	1	41.76846307385228	137.77045908183635
206	24	1	39.02204408817634	106.07414829659315
206	25	1	110.28600000000002	141.19000000000003
206	26	1	155.02200000000005	33.82800000000003
206	27	1	65.43599999999995	103.22799999999992
206	28	1	177.09600000000003	43.892000000000046
206	29	1	103.60999999999999	196.91000000000005
207	1	2	20	19.999999999999996
207	2	2	19.744939271255067	95.29149797570845
207	3	2	20	169.99999999999991
207	4	2	94.93999999999997	20.035999999999998
207	5	2	96.45600000000002	95.79999999999994
207	6	2	96.364	169.86399999999992
207	7	2	170.07407407407405	19.72016460905349
207	8	2	169.99999999999994	94.99999999999997
207	9	2	170.12400000000002	170.0280000000002
207	10	1	28.06999999999999	129.4019999999999
207	11	1	31.44910179640717	87.8562874251497
207	12	1	165.44999999999987	127.68399999999995
207	13	1	125.11399999999999	133.77399999999994
207	14	1	95.50599999999997	152.59000000000003
207	15	1	100.85200000000002	71.69599999999997
207	16	1	162.01200000000006	55.71000000000001
207	17	1	157.64400000000003	72.21000000000002
207	18	1	82.55600000000005	80.86200000000002
207	19	1	35.456	70.35999999999999
207	20	1	81.69660678642715	105.88223552894208
207	21	1	21.11800000000001	145.67400000000015
207	22	1	127.34000000000009	158.7799999999999
207	23	1	41.80999999999998	137.67999999999998
207	24	1	39.03799999999996	106.06200000000004
207	25	1	110.41800000000006	141.30800000000002
207	26	1	155.0678642714572	33.88023952095804
207	27	1	65.40718562874252	103.16566866267465
207	28	1	177.06399999999974	44.062000000000005
207	29	1	103.54690618762464	196.76646706586817
208	1	2	20	19.999999999999996
208	2	2	19.744939271255067	95.29149797570845
208	3	2	20	169.99999999999991
208	4	2	94.93999999999997	20.035999999999998
208	5	2	96.45600000000002	95.79999999999994
208	6	2	96.364	169.86399999999992
208	7	2	170.07407407407405	19.72016460905349
208	8	2	169.99999999999994	94.99999999999997
208	9	2	170.12400000000002	170.0280000000002
208	10	1	28.089999999999982	129.33599999999996
208	11	1	31.40799999999998	87.83599999999988
208	12	1	165.6559999999999	127.88600000000004
208	13	1	125.08383233532933	133.70459081836313
208	14	1	95.56686626746516	152.52295409181622
208	15	1	100.73399999999985	71.84199999999998
208	16	1	161.80400000000006	55.78000000000006
208	17	1	157.63473053892213	72.37325349301388
208	18	1	82.34068136272546	81.02204408817637
208	19	1	35.456	70.35999999999999
208	20	1	81.64799999999998	105.93800000000002
208	21	1	21.12574850299401	145.6566866267466
208	22	1	127.45708582834328	158.85429141716557
208	23	1	41.844311377245496	137.69061876247517
208	24	1	39.015968063872286	106.09580838323355
208	25	1	110.53599999999996	141.38199999999992
208	26	1	155.16232464929863	33.92585170340679
208	27	1	65.43426294820718	103.16533864541833
208	28	1	176.91616766467067	43.982035928143716
208	29	1	103.45599999999999	196.69599999999986
209	1	2	20	19.999999999999996
209	2	2	19.744939271255067	95.29149797570845
209	3	2	20	169.99999999999991
209	4	2	94.93999999999997	20.035999999999998
209	5	2	96.45600000000002	95.79999999999994
209	6	2	96.364	169.86399999999992
209	7	2	170.07407407407405	19.72016460905349
209	8	2	169.99999999999994	94.99999999999997
209	9	2	170.12400000000002	170.0280000000002
209	10	1	28.06800000000003	129.308
209	11	1	31.36199999999999	87.90800000000002
209	12	1	165.6520000000002	127.92800000000005
209	13	1	125.16167664670665	133.68662674650702
209	14	1	95.64599999999993	152.27400000000023
209	15	1	100.69660678642713	71.78842315369269
209	16	1	161.72545090180358	55.79358717434873
209	17	1	157.65269461077844	72.48103792415168
209	18	1	82.318	81.09800000000004
209	19	1	35.41633466135459	70.37450199203182
209	20	1	81.62275449101793	106.00798403193615
209	21	1	21.180000000000007	145.5880000000001
209	22	1	127.466	158.882
209	23	1	41.84000000000002	137.5919999999998
209	24	1	39.04990019960077	106.09780439121758
209	25	1	110.69061876247501	141.4910179640719
209	26	1	155.2539999999999	33.98200000000003
209	27	1	65.3992015968064	103.15169660678643
209	28	1	176.90199999999993	43.976000000000035
209	29	1	103.488	196.64400000000012
210	1	2	20	19.999999999999996
210	2	2	19.744939271255067	95.29149797570845
210	3	2	20	169.99999999999991
210	4	2	94.93999999999997	20.035999999999998
210	5	2	96.45600000000002	95.79999999999994
210	6	2	96.364	169.86399999999992
210	7	2	170.07407407407405	19.72016460905349
210	8	2	169.99999999999994	94.99999999999997
210	9	2	170.12400000000002	170.0280000000002
210	10	1	28.141716566866265	129.25548902195607
210	11	1	31.384	87.87999999999997
210	12	1	165.9301397205589	128.10778443113784
210	13	1	125.12375249501007	133.55888223552907
210	14	1	95.71199999999996	152.19199999999995
210	15	1	100.53493013972071	71.68862275449092
210	16	1	161.66267465069845	55.88423153692615
210	17	1	157.6946107784431	72.50698602794408
210	18	1	82.33133732534931	81.21956087824353
210	19	1	35.39720558882234	70.32534930139724
210	20	1	81.58799999999991	105.986
210	21	1	21.213572854291414	145.62874251496993
210	22	1	127.39278557114231	158.95791583166329
210	23	1	41.87800000000001	137.55
210	24	1	39.09418837675347	106.17234468937879
210	25	1	110.89620758483035	141.64471057884228
210	26	1	155.26252505010012	33.9699398797596
210	27	1	65.494	103.36400000000003
210	28	1	176.8705179282869	43.94820717131477
210	29	1	103.47000000000006	196.58999999999997
211	1	2	20	19.999999999999996
211	2	2	19.744939271255067	95.29149797570845
211	3	2	20	169.99999999999991
211	4	2	94.93999999999997	20.035999999999998
211	5	2	96.45600000000002	95.79999999999994
211	6	2	96.364	169.86399999999992
211	7	2	170.07407407407405	19.72016460905349
211	8	2	169.99999999999994	94.99999999999997
211	9	2	170.12400000000002	170.0280000000002
211	10	1	28.204408817635265	129.13827655310635
211	11	1	31.35599999999997	87.84000000000007
211	12	1	165.96207584830339	128.183632734531
211	13	1	125.15400000000002	133.47400000000002
211	14	1	95.77245508982034	152.0678642714569
211	15	1	100.27145708582826	71.44311377245515
211	16	1	161.49301397205593	55.818363273453116
211	17	1	157.73453093812378	72.56287425149699
211	18	1	82.19799999999998	81.39999999999995
211	19	1	35.36399999999999	70.338
211	20	1	81.56399999999992	106.03800000000005
211	21	1	21.313373253493005	145.55888223552898
211	22	1	127.4530938123752	158.93413173652678
211	23	1	41.89599999999998	137.5499999999998
211	24	1	39.12574850299399	106.18562874251495
211	25	1	111.02605210420839	141.59519038076164
211	26	1	155.34331337325347	33.900199600798445
211	27	1	65.538	103.48199999999997
211	28	1	176.89399999999992	43.88200000000003
211	29	1	103.48697394789573	196.57314629258516
212	1	2	20	19.999999999999996
212	2	2	19.744939271255067	95.29149797570845
212	3	2	20	169.99999999999991
212	4	2	94.93999999999997	20.035999999999998
212	5	2	96.45600000000002	95.79999999999994
212	6	2	96.364	169.86399999999992
212	7	2	170.07407407407405	19.72016460905349
212	8	2	169.99999999999994	94.99999999999997
212	9	2	170.12400000000002	170.0280000000002
212	10	1	28.18163672654693	128.97205588822357
212	11	1	31.295999999999992	87.77800000000002
212	12	1	166.04408817635263	128.258517034068
212	13	1	125.22200000000004	133.43000000000006
212	14	1	95.80599999999994	152.07599999999996
212	15	1	100.13373253493023	71.41716566866266
212	16	1	161.4940000000001	55.86200000000002
212	17	1	157.7380000000001	72.55000000000001
212	18	1	82.03599999999994	81.47600000000003
212	19	1	35.403193612774444	70.37125748503
212	20	1	81.50898203592813	106.03592814371251
212	21	1	21.407999999999994	145.68600000000004
212	22	1	127.45708582834335	158.92015968063853
212	23	1	41.88600000000001	137.51
212	24	1	39.253493013972076	106.16766467065875
212	25	1	111.1057884231537	141.5748502994014
212	26	1	155.3632734530936	33.88622754491014
212	27	1	65.494	103.52999999999999
212	28	1	176.90818363273436	43.908183632734506
212	29	1	103.53093812375246	196.4491017964073
213	1	2	20	19.999999999999996
213	2	2	19.744939271255067	95.29149797570845
213	3	2	20	169.99999999999991
213	4	2	94.93999999999997	20.035999999999998
213	5	2	96.45600000000002	95.79999999999994
213	6	2	96.364	169.86399999999992
213	7	2	170.07407407407405	19.72016460905349
213	8	2	169.99999999999994	94.99999999999997
213	9	2	170.12400000000002	170.0280000000002
213	10	1	28.145999999999987	128.83200000000008
213	11	1	31.367999999999995	87.73799999999997
213	12	1	166.13999999999996	128.37399999999994
213	13	1	125.20758483033934	133.40718562874264
213	14	1	95.88400000000003	151.99600000000004
213	15	1	99.92400000000004	71.33399999999996
213	16	1	161.46492985971932	56.00400801603208
213	17	1	157.74399999999991	72.67200000000004
213	18	1	81.9281437125749	81.54491017964071
213	19	1	35.454	70.32799999999993
213	20	1	81.61199999999997	106.138
213	21	1	21.42714570858281	145.5908183632734
213	22	1	127.40399999999993	159.064
213	23	1	41.85429141716567	137.46307385229534
213	24	1	39.33333333333331	106.25948103792415
213	25	1	111.11800000000001	141.55000000000004
213	26	1	155.45908183632727	33.9181636726547
213	27	1	65.52199999999993	103.50599999999994
213	28	1	176.824351297405	43.99001996007985
213	29	1	103.52095808383235	196.35329341317367
214	1	2	20	19.999999999999996
214	2	2	19.744939271255067	95.29149797570845
214	3	2	20	169.99999999999991
214	4	2	94.93999999999997	20.035999999999998
214	5	2	96.45600000000002	95.79999999999994
214	6	2	96.364	169.86399999999992
214	7	2	170.07407407407405	19.72016460905349
214	8	2	169.99999999999994	94.99999999999997
214	9	2	170.12400000000002	170.0280000000002
214	10	1	28.147704590818343	128.64271457085826
214	11	1	31.430000000000014	87.74399999999997
214	12	1	166.42514970059872	128.562874251497
214	13	1	125.1983967935872	133.33266533066143
214	14	1	96.02994011976045	151.9720558882235
214	15	1	99.64271457085826	71.32934131736529
214	16	1	161.3333333333333	56.027944111776435
214	17	1	157.78400000000016	72.79599999999998
214	18	1	81.7695390781563	81.627254509018
214	19	1	35.51800000000002	70.33000000000007
214	20	1	81.55489021956087	106.09181636726541
214	21	1	21.379241516966065	145.58483033932134
214	22	1	127.39920159680635	159.14770459081828
214	23	1	41.77599999999999	137.56200000000004
214	24	1	39.375249500998024	106.31337325349301
214	25	1	111.18962075848302	141.4890219560877
214	26	1	155.55289421157676	33.91417165668665
214	27	1	65.4950099800399	103.63872255489017
214	28	1	176.74600000000012	44.109999999999964
214	29	1	103.51799999999994	196.22399999999988
215	1	2	20	19.999999999999996
215	2	2	19.744939271255067	95.29149797570845
215	3	2	20	169.99999999999991
215	4	2	94.93999999999997	20.035999999999998
215	5	2	96.45600000000002	95.79999999999994
215	6	2	96.364	169.86399999999992
215	7	2	170.07407407407405	19.72016460905349
215	8	2	169.99999999999994	94.99999999999997
215	9	2	170.12400000000002	170.0280000000002
215	10	1	28.156000000000002	128.54199999999994
215	11	1	31.445109780439125	87.73852295409185
215	12	1	166.45309381237524	128.6187624750499
215	13	1	125.24400000000001	133.34799999999987
215	14	1	96.12375249501001	151.89221556886227
215	15	1	99.51000000000002	71.35799999999996
215	16	1	161.2854291417165	56.065868263473035
215	17	1	157.8300000000002	72.85199999999996
215	18	1	81.60678642714574	81.77644710578846
215	19	1	35.50299401197605	70.31337325349295
215	20	1	81.5948103792415	106.29540918163667
215	21	1	21.315999999999995	145.45600000000016
215	22	1	127.38799999999995	159.18399999999997
215	23	1	41.749999999999986	137.462
215	24	1	39.372	106.39600000000007
215	25	1	111.28742514970057	141.55089820359288
215	26	1	155.818	33.823999999999984
215	27	1	65.49301397205589	103.67465069860279
215	28	1	176.8399999999999	44.138
215	29	1	103.54199999999996	196.1279999999999
216	1	2	20	19.999999999999996
216	2	2	19.744939271255067	95.29149797570845
216	3	2	20	169.99999999999991
216	4	2	94.93999999999997	20.035999999999998
216	5	2	96.45600000000002	95.79999999999994
216	6	2	96.364	169.86399999999992
216	7	2	170.07407407407405	19.72016460905349
216	8	2	169.99999999999994	94.99999999999997
216	9	2	170.12400000000002	170.0280000000002
216	10	1	28.15	128.46799999999996
216	11	1	31.477045908183637	87.75049900199602
216	12	1	166.58083832335342	128.688622754491
216	13	1	125.22799999999995	133.26600000000016
216	14	1	96.28199999999997	151.7119999999999
216	15	1	99.328	71.40399999999995
216	16	1	161.20800000000006	56.09400000000002
216	17	1	157.86027944111797	72.87824351297401
216	18	1	81.45109780439125	81.90419161676647
216	19	1	35.48902195608784	70.31337325349303
216	20	1	81.60000000000011	106.31399999999994
216	21	1	21.331999999999976	145.416
216	22	1	127.33799999999992	159.332
216	23	1	41.729083665338656	137.46414342629475
216	24	1	39.347999999999985	106.3619999999999
216	25	1	111.44200000000001	141.56800000000004
216	26	1	156.06999999999988	33.788
216	27	1	65.5189620758483	103.68263473053901
216	28	1	176.90781563126265	44.100200400801626
216	29	1	103.51297405189615	196.01596806387226
217	1	2	20	19.999999999999996
217	2	2	19.744939271255067	95.29149797570845
217	3	2	20	169.99999999999991
217	4	2	94.93999999999997	20.035999999999998
217	5	2	96.45600000000002	95.79999999999994
217	6	2	96.364	169.86399999999992
217	7	2	170.07407407407405	19.72016460905349
217	8	2	169.99999999999994	94.99999999999997
217	9	2	170.12400000000002	170.0280000000002
217	10	1	28.198	128.34399999999985
217	11	1	31.458000000000006	87.856
217	12	1	166.69199999999995	128.74600000000004
217	13	1	125.21357285429137	133.2355289421157
217	14	1	96.35599999999991	151.68999999999988
217	15	1	99.06986027944106	71.31936127744517
217	16	1	161.0358565737053	56.07370517928284
217	17	1	157.9740000000001	73.132
217	18	1	81.31736526946113	82.01796407185631
217	19	1	35.56799999999999	70.34200000000008
217	20	1	81.54999999999997	106.37399999999998
217	21	1	21.323353293413177	145.3473053892213
217	22	1	127.19600000000007	159.45799999999983
217	23	1	41.71856287425151	137.7385229540918
217	24	1	39.4750499001996	106.45708582834342
217	25	1	111.48697394789583	141.5751503006011
217	26	1	156.16334661354577	33.798804780876466
217	27	1	65.42914171656695	103.69461077844312
217	28	1	176.92814371257475	44.11976047904193
217	29	1	103.47799999999994	196.09599999999995
218	1	2	20	19.999999999999996
218	2	2	19.744939271255067	95.29149797570845
218	3	2	20	169.99999999999991
218	4	2	94.93999999999997	20.035999999999998
218	5	2	96.45600000000002	95.79999999999994
218	6	2	96.364	169.86399999999992
218	7	2	170.07407407407405	19.72016460905349
218	8	2	169.99999999999994	94.99999999999997
218	9	2	170.12400000000002	170.0280000000002
218	10	1	28.19600000000001	128.22
218	11	1	31.475049900199597	87.9500998003993
218	12	1	166.7920000000001	128.81399999999988
218	13	1	125.20758483033931	133.0878243512975
218	14	1	96.51999999999997	151.45600000000013
218	15	1	98.95608782435126	71.28942115768461
218	16	1	160.79599999999994	56.02599999999994
218	17	1	158.01596806387218	73.16766467065867
218	18	1	81.16566866267463	82.05788423153686
218	19	1	35.545999999999985	70.34799999999994
218	20	1	81.4650698602794	106.36127744510974
218	21	1	21.36327345309381	145.43912175648708
218	22	1	127.21242484969935	159.60120240480953
218	23	1	41.649402390438226	137.82868525896404
218	24	1	39.483999999999995	106.49000000000002
218	25	1	111.67265469061881	141.61477045908183
218	26	1	156.28942115768461	33.82634730538925
218	27	1	65.40718562874243	103.72255489021953
218	28	1	176.79441117764463	44.00399201596805
218	29	1	103.4391217564871	195.99600798403188
219	1	2	20	19.999999999999996
219	2	2	19.744939271255067	95.29149797570845
219	3	2	20	169.99999999999991
219	4	2	94.93999999999997	20.035999999999998
219	5	2	96.45600000000002	95.79999999999994
219	6	2	96.364	169.86399999999992
219	7	2	170.07407407407405	19.72016460905349
219	8	2	169.99999999999994	94.99999999999997
219	9	2	170.12400000000002	170.0280000000002
219	10	1	28.205588822355278	128.08383233532928
219	11	1	31.451097804391235	88.05189620758486
219	12	1	166.79600000000013	128.644
219	13	1	125.23952095808386	133.01796407185626
219	14	1	96.5968063872255	151.40718562874238
219	15	1	98.78443113772452	71.27944111776449
219	16	1	160.6599999999999	56.01999999999995
219	17	1	158.02999999999992	73.19800000000001
219	18	1	81.02594810379242	82.21956087824347
219	19	1	35.58200000000002	70.3740000000001
219	20	1	81.53199999999995	106.46599999999995
219	21	1	21.377245508982032	145.44910179640718
219	22	1	127.19960079840327	159.6626746506986
219	23	1	41.566	137.91799999999995
219	24	1	39.475999999999985	106.55999999999997
219	25	1	111.76846307385226	141.61676646706573
219	26	1	156.31799999999993	33.85000000000002
219	27	1	65.38522954091815	103.61876247504992
219	28	1	176.7125748502992	44.00199600798403
219	29	1	103.4131736526946	195.87624750499
220	1	2	20	19.999999999999996
220	2	2	19.744939271255067	95.29149797570845
220	3	2	20	169.99999999999991
220	4	2	94.93999999999997	20.035999999999998
220	5	2	96.45600000000002	95.79999999999994
220	6	2	96.364	169.86399999999992
220	7	2	170.07407407407405	19.72016460905349
220	8	2	169.99999999999994	94.99999999999997
220	9	2	170.12400000000002	170.0280000000002
220	10	1	28.222444889779542	128.0080160320641
220	11	1	31.406	87.93800000000003
220	12	1	166.93	128.7640000000001
220	13	1	125.17365269461071	132.95009980039913
220	14	1	96.65200000000002	151.40000000000026
220	15	1	98.74451097804392	71.40718562874248
220	16	1	160.4899999999999	55.964
220	17	1	158.16032064128248	73.41482965931853
220	18	1	80.94810379241524	82.30139720558884
220	19	1	35.573999999999984	70.33399999999992
220	20	1	81.52694610778455	106.45908183632739
220	21	1	21.408817635270548	145.4368737474951
220	22	1	127.18999999999988	159.66599999999994
220	23	1	41.54491017964076	137.9720558882235
220	24	1	39.33133732534929	106.62674650698611
220	25	1	111.78600000000006	141.58200000000002
220	26	1	156.3493013972054	33.9121756487026
220	27	1	65.35928143712577	103.63473053892213
220	28	1	176.69461077844315	43.974051896207634
220	29	1	103.35	195.74799999999996
221	1	2	20	19.999999999999996
221	2	2	19.744939271255067	95.29149797570845
221	3	2	20	169.99999999999991
221	4	2	94.93999999999997	20.035999999999998
221	5	2	96.45600000000002	95.79999999999994
221	6	2	96.364	169.86399999999992
221	7	2	170.07407407407405	19.72016460905349
221	8	2	169.99999999999994	94.99999999999997
221	9	2	170.12400000000002	170.0280000000002
221	10	1	28.229540918163682	127.87425149700604
221	11	1	31.455089820359284	87.90019960079847
221	12	1	167.0818363273453	128.79840319361287
221	13	1	125.08599999999998	132.9120000000001
221	14	1	96.726	151.3899999999999
221	15	1	98.6526946107784	71.27544910179647
221	16	1	160.43512974051896	56.01397205588825
221	17	1	158.15968063872268	73.52894211576839
221	18	1	80.902	82.458
221	19	1	35.552000000000035	70.36799999999997
221	20	1	81.55976095617534	106.58565737051802
221	21	1	21.43486973947894	145.42084168336658
221	22	1	127.24750499001999	159.7205588822356
221	23	1	41.51200000000003	138.0819999999999
221	24	1	39.327345309381215	106.64471057884236
221	25	1	111.8119999999999	141.65200000000027
221	26	1	156.494	33.92000000000002
221	27	1	65.36799999999992	103.65599999999995
221	28	1	176.6399999999999	44.038
221	29	1	103.36799999999997	195.684
222	1	2	20	19.999999999999996
222	2	2	19.744939271255067	95.29149797570845
222	3	2	20	169.99999999999991
222	4	2	94.93999999999997	20.035999999999998
222	5	2	96.45600000000002	95.79999999999994
222	6	2	96.364	169.86399999999992
222	7	2	170.07407407407405	19.72016460905349
222	8	2	169.99999999999994	94.99999999999997
222	9	2	170.12400000000002	170.0280000000002
222	10	1	28.105788423153697	127.63672654690619
222	11	1	31.48406374501991	88.01394422310757
222	12	1	167.09780439121744	128.79041916167657
222	13	1	125.12549800796813	132.84262948207166
222	14	1	96.88822355289413	151.3632734530938
222	15	1	98.44111776447112	71.29341317365272
222	16	1	160.27944111776432	55.89820359281438
222	17	1	158.20359281437123	73.58283433133734
222	18	1	80.74148296593192	82.5571142284569
222	19	1	35.574850299401184	70.38323353293416
222	20	1	81.58882235528942	106.53692614770466
222	21	1	21.49200000000001	145.42799999999983
222	22	1	127.21400000000006	159.75200000000018
222	23	1	41.42399999999998	138.12800000000007
222	24	1	39.34399999999998	106.68399999999998
222	25	1	111.8343313373253	141.5748502994013
222	26	1	156.494	33.919999999999995
222	27	1	65.34000000000009	103.684
222	28	1	176.642	44.00999999999999
222	29	1	103.43027888446217	195.70916334661354
223	1	2	20	19.999999999999996
223	2	2	19.744939271255067	95.29149797570845
223	3	2	20	169.99999999999991
223	4	2	94.93999999999997	20.035999999999998
223	5	2	96.45600000000002	95.79999999999994
223	6	2	96.364	169.86399999999992
223	7	2	170.07407407407405	19.72016460905349
223	8	2	169.99999999999994	94.99999999999997
223	9	2	170.12400000000002	170.0280000000002
223	10	1	28.046000000000003	127.43400000000001
223	11	1	31.458000000000006	88.03999999999998
223	12	1	167.31863727454908	128.9438877755511
223	13	1	125.13199999999998	132.774
223	14	1	96.93600000000009	151.352
223	15	1	98.20958083832336	71.31936127744508
223	16	1	160.09580838323362	55.9001996007984
223	17	1	158.35399999999984	73.83999999999996
223	18	1	80.5880000000001	82.59600000000013
223	19	1	35.663999999999994	70.35999999999999
223	20	1	81.57085828343314	106.4790419161676
223	21	1	21.530000000000015	145.41000000000008
223	22	1	127.14199999999994	159.7080000000001
223	23	1	41.30199999999996	138.17000000000004
223	24	1	39.407999999999966	106.66799999999999
223	25	1	111.83799999999997	141.49000000000004
223	26	1	156.5219999999999	34.07200000000001
223	27	1	65.40119760479043	103.8083832335329
223	28	1	176.6107784431138	43.996007984031955
223	29	1	103.34530938123751	195.5868263473053
224	1	2	20	19.999999999999996
224	2	2	19.744939271255067	95.29149797570845
224	3	2	20	169.99999999999991
224	4	2	94.93999999999997	20.035999999999998
224	5	2	96.45600000000002	95.79999999999994
224	6	2	96.364	169.86399999999992
224	7	2	170.07407407407405	19.72016460905349
224	8	2	169.99999999999994	94.99999999999997
224	9	2	170.12400000000002	170.0280000000002
224	10	1	28.0499001996008	127.22954091816364
224	11	1	31.56087824351298	88.05988023952094
224	12	1	167.28200000000004	128.92399999999992
224	13	1	125.13572854291422	132.7005988023954
224	14	1	96.9559999999999	151.37800000000001
224	15	1	98.028	71.22399999999996
224	16	1	160.13599999999988	55.952000000000034
224	17	1	158.41000000000005	73.88399999999986
224	18	1	80.54491017964077	82.70858283433138
224	19	1	35.574	70.28799999999998
224	20	1	81.5089820359282	106.50698602794411
224	21	1	21.634730538922152	145.56487025948107
224	22	1	127.11200000000004	159.73
224	23	1	41.27744510978044	138.42714570858277
224	24	1	39.45219123505977	106.67729083665333
224	25	1	111.88400000000001	141.49799999999988
224	26	1	156.30738522954084	34.143712574850284
224	27	1	65.368	103.85800000000009
224	28	1	176.51497005988028	43.87824351297404
224	29	1	103.39520958083831	195.5728542914172
225	1	2	20	19.999999999999996
225	2	2	19.744939271255067	95.29149797570845
225	3	2	20	169.99999999999991
225	4	2	94.93999999999997	20.035999999999998
225	5	2	96.45600000000002	95.79999999999994
225	6	2	96.364	169.86399999999992
225	7	2	170.07407407407405	19.72016460905349
225	8	2	169.99999999999994	94.99999999999997
225	9	2	170.12400000000002	170.0280000000002
225	10	1	28.05000000000002	126.99400000000001
225	11	1	31.694610778443106	88.05389221556882
225	12	1	167.43400000000008	129.06000000000003
225	13	1	125.15369261477048	132.5449101796407
225	14	1	97.00800000000007	151.33199999999988
225	15	1	97.84431137724536	71.23353293413172
225	16	1	160.14000000000013	55.97600000000003
225	17	1	158.47400000000005	73.94599999999998
225	18	1	80.48799999999999	82.83600000000001
225	19	1	35.57799999999998	70.28600000000003
225	20	1	81.56399999999995	106.56600000000002
225	21	1	21.658	145.60600000000005
225	22	1	127.01796407185635	159.80638722554892
225	23	1	41.2151394422311	138.50996015936238
225	24	1	39.471999999999966	106.6539999999999
225	25	1	111.99800399201591	141.51497005988034
225	26	1	156.1880000000001	34.15799999999997
225	27	1	65.40600000000005	103.91199999999999
225	28	1	176.4151696606787	43.84630738522954
225	29	1	103.43799999999986	195.59
226	1	2	20	19.999999999999996
226	2	2	19.744939271255067	95.29149797570845
226	3	2	20	169.99999999999991
226	4	2	94.93999999999997	20.035999999999998
226	5	2	96.45600000000002	95.79999999999994
226	6	2	96.364	169.86399999999992
226	7	2	170.07407407407405	19.72016460905349
226	8	2	169.99999999999994	94.99999999999997
226	9	2	170.12400000000002	170.0280000000002
226	10	1	28.069999999999993	126.92800000000014
226	11	1	31.749999999999982	88.09999999999997
226	12	1	167.65400000000002	129.208
226	13	1	125.07385229540915	132.4730538922156
226	14	1	97.0259999999999	151.36200000000008
226	15	1	97.72055888223557	71.06986027944097
226	16	1	160.0700000000001	55.90200000000002
226	17	1	158.54599999999996	74.04199999999996
226	18	1	80.40718562874257	82.92415169660683
226	19	1	35.562000000000005	70.30600000000013
226	20	1	81.58682634730529	106.55489021956089
226	21	1	21.65399999999999	145.66399999999996
226	22	1	127.01999999999995	159.91200000000003
226	23	1	41.159680638722556	138.49301397205596
226	24	1	39.513999999999996	106.646
226	25	1	112.14800000000001	141.65199999999993
226	26	1	156.08199999999988	34.25199999999999
226	27	1	65.3872255489022	104.08383233532936
226	28	1	176.3620000000001	43.678000000000054
226	29	1	103.41599999999993	195.554
227	1	2	20	19.999999999999996
227	2	2	19.744939271255067	95.29149797570845
227	3	2	20	169.99999999999991
227	4	2	94.93999999999997	20.035999999999998
227	5	2	96.45600000000002	95.79999999999994
227	6	2	96.364	169.86399999999992
227	7	2	170.07407407407405	19.72016460905349
227	8	2	169.99999999999994	94.99999999999997
227	9	2	170.12400000000002	170.0280000000002
227	10	1	28.024000000000026	126.93799999999999
227	11	1	31.86826347305391	88.15768463073849
227	12	1	167.65800000000002	129.2380000000001
227	13	1	125.14371257485028	132.4830339321356
227	14	1	97.0319999999999	151.40800000000007
227	15	1	97.57285429141707	71.0499001996008
227	16	1	159.9600798403193	55.772455089820376
227	17	1	158.5700000000001	74.04599999999996
227	18	1	80.23000000000002	83.02799999999998
227	19	1	35.4830339321357	70.34930139720551
227	20	1	81.63400000000009	106.57199999999997
227	21	1	21.684	145.70799999999988
227	22	1	127.01000000000005	159.92799999999994
227	23	1	41.103792415169636	138.39920159680648
227	24	1	39.576000000000015	106.62800000000007
227	25	1	112.15169660678639	141.56886227544902
227	26	1	155.9161676646707	34.36127744510979
227	27	1	65.40199999999992	104.16199999999996
227	28	1	176.27000000000015	43.65200000000003
227	29	1	103.30938123752495	195.5828343313372
228	1	2	20	19.999999999999996
228	2	2	19.744939271255067	95.29149797570845
228	3	2	20	169.99999999999991
228	4	2	94.93999999999997	20.035999999999998
228	5	2	96.45600000000002	95.79999999999994
228	6	2	96.364	169.86399999999992
228	7	2	170.07407407407405	19.72016460905349
228	8	2	169.99999999999994	94.99999999999997
228	9	2	170.12400000000002	170.0280000000002
228	10	1	27.840000000000018	126.92199999999997
228	11	1	31.966067864271462	88.15968063872256
228	12	1	167.6367265469062	129.2375249500998
228	13	1	125.34200000000006	132.49999999999994
228	14	1	97.17964071856284	151.34530938123754
228	15	1	97.44999999999999	71.13000000000004
228	16	1	159.82235528942113	55.740518962075846
228	17	1	158.59400000000002	74.08200000000004
228	18	1	80.15968063872259	83.06187624750501
228	19	1	35.35270541082164	70.28657314629255
228	20	1	81.6526946107784	106.63473053892214
228	21	1	21.73747494989981	145.755511022044
228	22	1	127.00598802395203	159.93213572854305
228	23	1	41.021999999999984	138.27199999999988
228	24	1	39.592814371257475	106.60678642714564
228	25	1	112.17165668662678	141.5169660678644
228	26	1	155.73346693386753	34.45490981963924
228	27	1	65.42629482071709	104.24501992031868
228	28	1	176.18163672654688	43.562874251496964
228	29	1	103.26599999999998	195.54599999999996
229	1	2	20	19.999999999999996
229	2	2	19.744939271255067	95.29149797570845
229	3	2	20	169.99999999999991
229	4	2	94.93999999999997	20.035999999999998
229	5	2	96.45600000000002	95.79999999999994
229	6	2	96.364	169.86399999999992
229	7	2	170.07407407407405	19.72016460905349
229	8	2	169.99999999999994	94.99999999999997
229	9	2	170.12400000000002	170.0280000000002
229	10	1	27.82071713147413	126.79083665338652
229	11	1	31.989999999999995	88.22399999999992
229	12	1	167.72200000000004	129.358
229	13	1	125.366	132.42800000000005
229	14	1	97.2669322709162	151.33864541832662
229	15	1	97.39399999999993	71.22000000000001
229	16	1	159.67999999999995	55.71599999999999
229	17	1	158.61477045908185	74.07385229540913
229	18	1	80.08383233532935	83.09580838323355
229	19	1	35.217999999999975	70.30000000000001
229	20	1	81.75848303393215	106.76646706586826
229	21	1	21.734530938123772	145.72055888223562
229	22	1	127.05999999999999	160.0239999999999
229	23	1	41.00598802395211	138.27944111776443
229	24	1	39.61600000000002	106.61
229	25	1	112.27000000000002	141.522
229	26	1	155.6526946107785	34.502994011976085
229	27	1	65.48303393213571	104.3612774451098
229	28	1	176.1077844311378	43.616766467065865
229	29	1	103.23599999999992	195.3579999999999
230	1	2	20	19.999999999999996
230	2	2	19.744939271255067	95.29149797570845
230	3	2	20	169.99999999999991
230	4	2	94.93999999999997	20.035999999999998
230	5	2	96.45600000000002	95.79999999999994
230	6	2	96.364	169.86399999999992
230	7	2	170.07407407407405	19.72016460905349
230	8	2	169.99999999999994	94.99999999999997
230	9	2	170.12400000000002	170.0280000000002
230	10	1	27.782	126.62199999999997
230	11	1	32.052000000000014	88.22999999999999
230	12	1	168.04008016032097	129.53306613226454
230	13	1	125.32200000000009	132.25200000000004
230	14	1	97.37200000000004	151.16199999999998
230	15	1	97.29999999999994	71.21600000000001
230	16	1	159.53306613226457	55.67134268537076
230	17	1	158.64199999999997	74.02399999999997
230	18	1	80.10578842315375	83.11776447105794
230	19	1	35.04799999999997	70.30400000000004
230	20	1	81.76693227091634	106.59362549800791
230	21	1	21.818000000000016	145.92400000000012
230	22	1	127.10000000000004	159.99800000000008
230	23	1	40.92400000000001	138.32199999999975
230	24	1	39.73453093812375	106.62075848303385
230	25	1	112.44710578842323	141.59281437125745
230	26	1	155.58000000000013	34.54800000000001
230	27	1	65.61676646706589	104.62275449101796
230	28	1	175.99599999999998	43.505999999999986
230	29	1	103.27145708582839	195.27944111776432
231	1	2	20	19.999999999999996
231	2	2	19.744939271255067	95.29149797570845
231	3	2	20	169.99999999999991
231	4	2	94.93999999999997	20.035999999999998
231	5	2	96.45600000000002	95.79999999999994
231	6	2	96.364	169.86399999999992
231	7	2	170.07407407407405	19.72016460905349
231	8	2	169.99999999999994	94.99999999999997
231	9	2	170.12400000000002	170.0280000000002
231	10	1	27.617999999999988	126.59599999999993
231	11	1	32.15400000000001	88.19800000000004
231	12	1	168.13600000000017	129.6020000000001
231	13	1	125.55800000000008	132.47199999999998
231	14	1	97.43400000000001	151.20799999999988
231	15	1	97.1197604790419	71.32335329341318
231	16	1	159.38199999999986	55.512
231	17	1	158.620758483034	73.97604790419157
231	18	1	79.93599999999999	83.17599999999996
231	19	1	35.02605210420846	70.23446893787589
231	20	1	81.78999999999998	106.59200000000006
231	21	1	21.810000000000013	145.96199999999985
231	22	1	126.95600000000005	160.1500000000002
231	23	1	40.883999999999986	138.38199999999986
231	24	1	39.59880239520956	106.7425149700599
231	25	1	112.52495009980052	141.58483033932143
231	26	1	155.38722554890242	34.61277445109782
231	27	1	65.66799999999996	104.74000000000005
231	28	1	175.91616766467052	43.48902195608783
231	29	1	103.24200000000005	195.1819999999998
232	1	2	20	19.999999999999996
232	2	2	19.744939271255067	95.29149797570845
232	3	2	20	169.99999999999991
232	4	2	94.93999999999997	20.035999999999998
232	5	2	96.45600000000002	95.79999999999994
232	6	2	96.364	169.86399999999992
232	7	2	170.07407407407405	19.72016460905349
232	8	2	169.99999999999994	94.99999999999997
232	9	2	170.12400000000002	170.0280000000002
232	10	1	27.59000000000001	126.47800000000005
232	11	1	32.13545816733068	88.26494023904384
232	12	1	168.2200000000001	129.76199999999986
232	13	1	125.68999999999993	132.53
232	14	1	97.45199999999997	151.22999999999988
232	15	1	96.8882235528942	71.45708582834335
232	16	1	159.17330677290838	55.44223107569721
232	17	1	158.69860279441136	74.05588822355291
232	18	1	79.88399999999992	83.10599999999994
232	19	1	34.93413173652695	70.28942115768469
232	20	1	81.80638722554886	106.60479041916163
232	21	1	21.844000000000015	146.046
232	22	1	126.9560878243512	160.11776447105785
232	23	1	40.864	138.43799999999993
232	24	1	39.504000000000026	106.75999999999998
232	25	1	112.62	141.50600000000006
232	26	1	155.35600000000014	34.651999999999944
232	27	1	65.72055888223566	104.86027944111787
232	28	1	175.82364729458902	43.30460921843689
232	29	1	103.21999999999996	195.08599999999984
233	1	2	20	19.999999999999996
233	2	2	19.744939271255067	95.29149797570845
233	3	2	20	169.99999999999991
233	4	2	94.93999999999997	20.035999999999998
233	5	2	96.45600000000002	95.79999999999994
233	6	2	96.364	169.86399999999992
233	7	2	170.07407407407405	19.72016460905349
233	8	2	169.99999999999994	94.99999999999997
233	9	2	170.12400000000002	170.0280000000002
233	10	1	27.575150300601205	126.4468937875751
233	11	1	32.17564870259481	88.3972055888224
233	12	1	168.315369261477	129.79441117764472
233	13	1	125.744	132.52999999999975
233	14	1	97.63672654690622	151.31936127744524
233	15	1	96.6553784860558	71.52589641434271
233	16	1	159.1017964071856	55.36726546906184
233	17	1	158.67200000000005	73.918
233	18	1	79.76200000000001	83.11600000000003
233	19	1	34.89620758483032	70.31536926147706
233	20	1	81.76646706586827	106.53892215568865
233	21	1	21.8942115768463	146.08582834331335
233	22	1	126.96407185628735	160.05189620758506
233	23	1	40.84600000000002	138.50000000000006
233	24	1	39.56200000000004	106.83800000000002
233	25	1	112.69000000000001	141.33399999999992
233	26	1	155.20799999999994	34.76999999999999
233	27	1	65.79400000000005	105.03999999999996
233	28	1	175.81636726546907	43.12175648702593
233	29	1	103.23505976095616	194.9860557768924
234	1	2	20	19.999999999999996
234	2	2	19.744939271255067	95.29149797570845
234	3	2	20	169.99999999999991
234	4	2	94.93999999999997	20.035999999999998
234	5	2	96.45600000000002	95.79999999999994
234	6	2	96.364	169.86399999999992
234	7	2	170.07407407407405	19.72016460905349
234	8	2	169.99999999999994	94.99999999999997
234	9	2	170.12400000000002	170.0280000000002
234	10	1	27.53199999999999	126.1880000000001
234	11	1	32.23353293413174	88.39121756487029
234	12	1	168.43000000000018	129.806
234	13	1	125.83632734530943	132.63672654690626
234	14	1	97.65868263473055	151.40918163672654
234	15	1	96.39321357285424	71.54690618762473
234	16	1	158.88200000000003	55.257999999999974
234	17	1	158.64999999999975	73.92600000000003
234	18	1	79.87400000000001	83.23000000000009
234	19	1	34.63600000000002	70.272
234	20	1	81.83665338645423	106.65936254980079
234	21	1	21.901803607214415	146.04008016032068
234	22	1	126.8483033932136	160.21756487025948
234	23	1	40.758483033932094	138.5768463073851
234	24	1	39.56686626746507	106.83033932135727
234	25	1	112.72399999999999	141.2560000000001
234	26	1	155.22554890219544	34.76447105788421
234	27	1	65.792	105.04199999999997
234	28	1	175.77245508982023	43.09580838323356
234	29	1	103.1620000000001	194.87999999999994
235	1	2	20	19.999999999999996
235	2	2	19.744939271255067	95.29149797570845
235	3	2	20	169.99999999999991
235	4	2	94.93999999999997	20.035999999999998
235	5	2	96.45600000000002	95.79999999999994
235	6	2	96.364	169.86399999999992
235	7	2	170.07407407407405	19.72016460905349
235	8	2	169.99999999999994	94.99999999999997
235	9	2	170.12400000000002	170.0280000000002
235	10	1	27.520958083832344	126.15768463073849
235	11	1	32.241516966067856	88.49500998003997
235	12	1	168.49500998004	129.82634730538928
235	13	1	125.87824351297397	132.6267465069861
235	14	1	97.69261477045906	151.43313373253488
235	15	1	96.20599999999992	71.57200000000005
235	16	1	158.848	55.20799999999999
235	17	1	158.7440000000001	73.91000000000004
235	18	1	79.78642714570857	83.25948103792412
235	19	1	34.45816733067726	70.23904382470116
235	20	1	81.87800000000004	106.70400000000002
235	21	1	21.932135728542928	146.2594810379241
235	22	1	127.00600000000003	160.04400000000012
235	23	1	40.6926147704591	138.62674650698608
235	24	1	39.54799999999998	106.83599999999997
235	25	1	112.77000000000005	141.28600000000006
235	26	1	155.1516966067863	34.736526946107766
235	27	1	65.8862275449102	105.20958083832333
235	28	1	175.75399999999988	43.08999999999998
235	29	1	103.10999999999999	194.78800000000012
236	1	2	20	19.999999999999996
236	2	2	19.744939271255067	95.29149797570845
236	3	2	20	169.99999999999991
236	4	2	94.93999999999997	20.035999999999998
236	5	2	96.45600000000002	95.79999999999994
236	6	2	96.364	169.86399999999992
236	7	2	170.07407407407405	19.72016460905349
236	8	2	169.99999999999994	94.99999999999997
236	9	2	170.12400000000002	170.0280000000002
236	10	1	27.395209580838337	126.005988023952
236	11	1	32.38599999999999	88.59800000000007
236	12	1	168.46399999999986	129.82799999999992
236	13	1	125.9201596806387	132.52894211576844
236	14	1	97.7099999999999	151.5219999999999
236	15	1	95.91999999999992	71.57599999999995
236	16	1	158.74051896207584	55.21556886227542
236	17	1	158.77799999999993	74.08400000000003
236	18	1	79.74900398406373	83.25498007968118
236	19	1	34.333333333333336	70.30938123752502
236	20	1	81.82800000000009	106.61399999999998
236	21	1	21.936	146.27000000000004
236	22	1	127.03193612774439	159.96407185628755
236	23	1	40.558882235528976	138.80439121756476
236	24	1	39.57	106.90800000000003
236	25	1	112.79640718562868	141.19161676646715
236	26	1	155.12574850299393	34.8343313373253
236	27	1	65.87400000000002	105.284
236	28	1	175.64670658682635	43.22954091816364
236	29	1	103.05189620758489	194.7664670658683
237	1	2	20	19.999999999999996
237	2	2	19.744939271255067	95.29149797570845
237	3	2	20	169.99999999999991
237	4	2	94.93999999999997	20.035999999999998
237	5	2	96.45600000000002	95.79999999999994
237	6	2	96.364	169.86399999999992
237	7	2	170.07407407407405	19.72016460905349
237	8	2	169.99999999999994	94.99999999999997
237	9	2	170.12400000000002	170.0280000000002
237	10	1	27.329999999999984	125.85799999999995
237	11	1	32.368000000000016	88.65599999999999
237	12	1	168.48103792415182	129.91217564870254
237	13	1	125.99999999999999	132.5300000000001
237	14	1	97.87824351297405	151.44910179640712
237	15	1	95.73053892215562	71.52295409181625
237	16	1	158.57884231536917	55.18962075848305
237	17	1	158.86000000000013	74.16199999999999
237	18	1	79.68662674650699	83.28343313373256
237	19	1	34.304000000000016	70.37200000000009
237	20	1	81.89221556886235	106.58882235528938
237	21	1	21.976047904191624	146.43512974051882
237	22	1	126.97199999999991	159.92199999999994
237	23	1	40.481999999999985	138.8360000000001
237	24	1	39.57884231536928	106.9141716566866
237	25	1	112.85200000000003	141.05599999999993
237	26	1	155.08399999999992	34.772
237	27	1	65.98800000000004	105.42800000000007
237	28	1	175.41117764471065	43.26147704590821
237	29	1	103.13200000000002	194.54600000000002
238	1	2	20	19.999999999999996
238	2	2	19.744939271255067	95.29149797570845
238	3	2	20	169.99999999999991
238	4	2	94.93999999999997	20.035999999999998
238	5	2	96.45600000000002	95.79999999999994
238	6	2	96.364	169.86399999999992
238	7	2	170.07407407407405	19.72016460905349
238	8	2	169.99999999999994	94.99999999999997
238	9	2	170.12400000000002	170.0280000000002
238	10	1	27.264000000000006	125.81800000000001
238	11	1	32.441999999999986	88.77400000000006
238	12	1	168.52800000000013	129.95000000000002
238	13	1	125.98799999999993	132.46799999999993
238	14	1	97.89820359281441	151.4610778443114
238	15	1	95.6427145708582	71.46107784431138
238	16	1	158.40080160320642	55.190380761523066
238	17	1	158.9499999999999	74.18399999999997
238	18	1	79.69860279441119	83.26746506986025
238	19	1	34.083832335329355	70.33532934131738
238	20	1	81.9318637274549	106.57314629258521
238	21	1	21.912	146.47199999999992
238	22	1	127.01197604790414	159.90818363273445
238	23	1	40.369261477045896	138.91616766467055
238	24	1	39.52894211576844	106.96207584830339
238	25	1	112.888	141.10199999999995
238	26	1	155.05410821643292	34.77555110220445
238	27	1	66.07799999999999	105.52799999999988
238	28	1	175.26800000000011	43.162000000000006
238	29	1	103.09999999999997	194.53800000000007
239	1	2	20	19.999999999999996
239	2	2	19.744939271255067	95.29149797570845
239	3	2	20	169.99999999999991
239	4	2	94.93999999999997	20.035999999999998
239	5	2	96.45600000000002	95.79999999999994
239	6	2	96.364	169.86399999999992
239	7	2	170.07407407407405	19.72016460905349
239	8	2	169.99999999999994	94.99999999999997
239	9	2	170.12400000000002	170.0280000000002
239	10	1	27.178356713426833	125.7955911823647
239	11	1	32.556000000000004	88.85600000000004
239	12	1	168.518	129.96800000000002
239	13	1	126.08782435129741	132.57285429141714
239	14	1	98.0319361277445	151.50299401197597
239	15	1	95.54200000000002	71.48400000000001
239	16	1	158.37724550898184	55.09381237524953
239	17	1	159	74.17400000000002
239	18	1	79.73199999999996	83.17599999999996
239	19	1	33.90800000000001	70.39600000000002
239	20	1	81.85828343313383	106.41516966067859
239	21	1	21.910179640718592	146.50898203592828
239	22	1	127.06800000000013	159.86200000000005
239	23	1	40.27600000000001	138.94599999999994
239	24	1	39.480000000000054	107.02800000000008
239	25	1	112.92200000000008	141.04199999999983
239	26	1	154.94999999999976	34.826
239	27	1	66.00598802395218	105.59880239520955
239	28	1	175.29681274900395	43.37450199203187
239	29	1	103.1317365269461	194.51696606786442
240	1	2	20	19.999999999999996
240	2	2	19.744939271255067	95.29149797570845
240	3	2	20	169.99999999999991
240	4	2	94.93999999999997	20.035999999999998
240	5	2	96.45600000000002	95.79999999999994
240	6	2	96.364	169.86399999999992
240	7	2	170.07407407407405	19.72016460905349
240	8	2	169.99999999999994	94.99999999999997
240	9	2	170.12400000000002	170.0280000000002
240	10	1	27.095617529880474	125.70517928286854
240	11	1	32.577999999999975	88.87199999999999
240	12	1	168.56087824351286	130.05389221556885
240	13	1	126.08599999999997	132.46000000000006
240	14	1	97.99001996007982	151.53692614770455
240	15	1	95.55888223552896	71.49101796407187
240	16	1	158.28657314629248	54.997995991983956
240	17	1	158.98600000000008	74.05399999999997
240	18	1	79.70717131474106	83.20517928286847
240	19	1	33.6766467065868	70.31536926147702
240	20	1	81.86000000000001	106.49600000000011
240	21	1	21.992015968063864	146.67664670658698
240	22	1	127.11377245508983	159.75449101796394
240	23	1	40.291417165668705	138.90019960079846
240	24	1	39.56400000000002	107.02999999999999
240	25	1	112.96799999999999	141.0819999999998
240	26	1	154.95009980039913	34.84830339321358
240	27	1	66.02400000000003	105.68799999999997
240	28	1	175.2914171656686	43.41117764471063
240	29	1	103.1539999999999	194.49799999999988
241	1	2	20	19.999999999999996
241	2	2	19.744939271255067	95.29149797570845
241	3	2	20	169.99999999999991
241	4	2	94.93999999999997	20.035999999999998
241	5	2	96.45600000000002	95.79999999999994
241	6	2	96.364	169.86399999999992
241	7	2	170.07407407407405	19.72016460905349
241	8	2	169.99999999999994	94.99999999999997
241	9	2	170.12400000000002	170.0280000000002
241	10	1	27.108	125.60400000000006
241	11	1	32.712574850299404	88.91816367265474
241	12	1	168.64999999999998	130.15800000000002
241	13	1	126.09799999999993	132.43000000000015
241	14	1	98.00598802395213	151.55888223552896
241	15	1	95.41916167664665	71.47704590818363
241	16	1	158.1500000000001	54.80199999999999
241	17	1	159.04590818363278	74.03792415169656
241	18	1	79.67928286852587	83.15936254980075
241	19	1	33.479041916167716	70.30738522954091
241	20	1	81.754	106.2899999999999
241	21	1	21.986000000000004	146.78399999999993
241	22	1	127.16800000000006	159.68800000000005
241	23	1	40.21200000000001	138.8480000000001
241	24	1	39.59880239520957	107.08582834331342
241	25	1	112.97804391217556	141.05988023952094
241	26	1	154.99401197604777	34.884231536926116
241	27	1	66.054	105.78599999999992
241	28	1	175.36526946107784	43.23752495009978
241	29	1	103.17599999999999	194.50399999999993
242	1	2	20	19.999999999999996
242	2	2	19.744939271255067	95.29149797570845
242	3	2	20	169.99999999999991
242	4	2	94.93999999999997	20.035999999999998
242	5	2	96.45600000000002	95.79999999999994
242	6	2	96.364	169.86399999999992
242	7	2	170.07407407407405	19.72016460905349
242	8	2	169.99999999999994	94.99999999999997
242	9	2	170.12400000000002	170.0280000000002
242	10	1	27.135999999999996	125.49600000000002
242	11	1	32.822	88.89999999999992
242	12	1	168.80599999999993	130.34799999999998
242	13	1	126.0878243512974	132.4371257485028
242	14	1	98.022	151.56999999999994
242	15	1	95.39321357285434	71.6187624750498
242	16	1	158.17000000000002	54.76800000000003
242	17	1	159.12200000000004	73.92
242	18	1	79.66999999999993	83.17800000000003
242	19	1	33.20758483033934	70.41716566866268
242	20	1	81.7365269461078	106.1976047904192
242	21	1	21.993999999999993	146.8339999999998
242	22	1	127.21600000000002	159.71599999999998
242	23	1	40.19161676646707	138.95409181636725
242	24	1	39.53800000000001	107.10000000000011
242	25	1	113.04590818363272	141.09181636726524
242	26	1	154.96200000000002	34.94599999999994
242	27	1	66.03600000000004	105.85799999999996
242	28	1	175.38722554890228	43.24151696606785
242	29	1	103.12375249501001	194.52694610778437
243	1	2	20	19.999999999999996
243	2	2	19.744939271255067	95.29149797570845
243	3	2	20	169.99999999999991
243	4	2	94.93999999999997	20.035999999999998
243	5	2	96.45600000000002	95.79999999999994
243	6	2	96.364	169.86399999999992
243	7	2	170.07407407407405	19.72016460905349
243	8	2	169.99999999999994	94.99999999999997
243	9	2	170.12400000000002	170.0280000000002
243	10	1	27.057999999999993	125.19600000000003
243	11	1	32.96200000000002	88.80200000000005
243	12	1	168.70399999999998	130.42600000000004
243	13	1	126.17399999999995	132.572
243	14	1	98.09	151.50399999999985
243	15	1	95.24400000000001	71.722
243	16	1	158.03199999999978	54.69600000000003
243	17	1	159.08800000000002	73.93199999999999
243	18	1	79.604	83.11000000000006
243	19	1	33.01197604790419	70.40718562874248
243	20	1	81.73200000000016	106.19999999999995
243	21	1	21.978043912175657	146.92415169660666
243	22	1	127.20517928286863	159.83466135458173
243	23	1	40.061876247504976	138.99800399201618
243	24	1	39.684	107.07200000000005
243	25	1	113.07584830339314	141.11177644710577
243	26	1	154.90818363273462	34.948103792415175
243	27	1	66.04200000000002	105.88799999999999
243	28	1	175.36327345309385	43.251497005988035
243	29	1	103.186	194.52799999999996
244	1	2	20	19.999999999999996
244	2	2	19.744939271255067	95.29149797570845
244	3	2	20	169.99999999999991
244	4	2	94.93999999999997	20.035999999999998
244	5	2	96.45600000000002	95.79999999999994
244	6	2	96.364	169.86399999999992
244	7	2	170.07407407407405	19.72016460905349
244	8	2	169.99999999999994	94.99999999999997
244	9	2	170.12400000000002	170.0280000000002
244	10	1	26.88223552894213	125.10379241516969
244	11	1	33.01596806387227	88.75449101796413
244	12	1	168.5999999999999	130.37000000000003
244	13	1	126.18599999999995	132.5560000000001
244	14	1	98.18200000000002	151.5059999999999
244	15	1	95.23800000000008	71.7479999999999
244	16	1	157.99799999999996	54.619999999999976
244	17	1	159.194	73.93400000000004
244	18	1	79.50299401197609	83.07584830339322
244	19	1	32.86799999999999	70.54000000000003
244	20	1	81.73400000000002	105.99600000000002
244	21	1	21.976095617529882	147.09163346613568
244	22	1	127.28600000000006	159.9159999999998
244	23	1	40.00000000000006	138.97604790419163
244	24	1	39.59680638722557	107.11976047904193
244	25	1	113.18637274549096	141.0761523046093
244	26	1	154.856	34.96
244	27	1	65.99000000000001	105.9859999999999
244	28	1	175.34331337325344	43.26746506986031
244	29	1	103.22600000000001	194.4959999999999
245	1	2	20	19.999999999999996
245	2	2	19.744939271255067	95.29149797570845
245	3	2	20	169.99999999999991
245	4	2	94.93999999999997	20.035999999999998
245	5	2	96.45600000000002	95.79999999999994
245	6	2	96.364	169.86399999999992
245	7	2	170.07407407407405	19.72016460905349
245	8	2	169.99999999999994	94.99999999999997
245	9	2	170.12400000000002	170.0280000000002
245	10	1	26.776	124.96599999999998
245	11	1	33.137724550898184	88.66067864271464
245	12	1	168.49000000000007	130.30599999999993
245	13	1	126.319361277445	132.60279441117777
245	14	1	98.2554890219561	151.5548902195608
245	15	1	95.14570858283427	71.84031936127744
245	16	1	157.87199999999999	54.486000000000026
245	17	1	159.20800000000008	73.90599999999998
245	18	1	79.47305389221559	83.17964071856284
245	19	1	32.65469061876247	70.51497005988031
245	20	1	81.68400000000001	105.99
245	21	1	21.970059880239518	147.09181636726544
245	22	1	127.376	159.96199999999993
245	23	1	39.95199999999998	139.09199999999993
245	24	1	39.536926147704584	107.17365269461081
245	25	1	113.1377245508982	140.9840319361278
245	26	1	154.89421157684632	34.9820359281437
245	27	1	65.96200000000005	106.05399999999993
245	28	1	175.3552894211579	43.27744510978042
245	29	1	103.20799999999998	194.50200000000004
246	1	2	20	19.999999999999996
246	2	2	19.744939271255067	95.29149797570845
246	3	2	20	169.99999999999991
246	4	2	94.93999999999997	20.035999999999998
246	5	2	96.45600000000002	95.79999999999994
246	6	2	96.364	169.86399999999992
246	7	2	170.07407407407405	19.72016460905349
246	8	2	169.99999999999994	94.99999999999997
246	9	2	170.12400000000002	170.0280000000002
246	10	1	26.732534930139717	124.80638722554892
246	11	1	33.26147704590819	88.5489021956087
246	12	1	168.46999999999966	130.34000000000006
246	13	1	126.47504990019965	132.71656686626733
246	14	1	98.38800000000008	151.50999999999996
246	15	1	95.12399999999997	71.78200000000002
246	16	1	157.77399999999994	54.45599999999996
246	17	1	159.19161676646715	73.95409181636727
246	18	1	79.46506986027943	83.14770459081831
246	19	1	32.52200000000001	70.58399999999995
246	20	1	81.51696606786439	105.81037924151693
246	21	1	22.001999999999995	147.04799999999994
246	22	1	127.39600000000002	159.97599999999994
246	23	1	39.8937875751503	138.99198396793594
246	24	1	39.443113772455106	107.13572854291418
246	25	1	113.19760479041916	140.92814371257472
246	26	1	154.87799999999996	35.01000000000005
246	27	1	65.98199999999997	106.17800000000001
246	28	1	175.33399999999992	43.23000000000002
246	29	1	103.1656686626747	194.45109780439125
247	1	2	20	19.999999999999996
247	2	2	19.744939271255067	95.29149797570845
247	3	2	20	169.99999999999991
247	4	2	94.93999999999997	20.035999999999998
247	5	2	96.45600000000002	95.79999999999994
247	6	2	96.364	169.86399999999992
247	7	2	170.07407407407405	19.72016460905349
247	8	2	169.99999999999994	94.99999999999997
247	9	2	170.12400000000002	170.0280000000002
247	10	1	26.735999999999994	124.61600000000008
247	11	1	33.30139720558883	88.51696606786427
247	12	1	168.36999999999992	130.29600000000005
247	13	1	126.54091816367261	132.86826347305401
247	14	1	98.44000000000003	151.53400000000022
247	15	1	95.10179640718563	71.82634730538913
247	16	1	157.75249500998	54.4750499001996
247	17	1	159.31337325349304	74.06586826347299
247	18	1	79.48303393213568	83.09780439121757
247	19	1	32.43512974051896	70.47305389221546
247	20	1	81.4990019960079	105.73652694610779
247	21	1	21.996000000000013	147.02799999999996
247	22	1	127.50399999999996	160.03
247	23	1	39.90999999999998	139.158
247	24	1	39.50299401197606	107.1676646706587
247	25	1	113.29859719438865	140.92585170340678
247	26	1	154.81999999999996	34.95600000000001
247	27	1	66.09418837675354	106.34669338677354
247	28	1	175.2614770459082	43.189620758483045
247	29	1	103.21199999999997	194.3959999999998
248	1	2	20	19.999999999999996
248	2	2	19.744939271255067	95.29149797570845
248	3	2	20	169.99999999999991
248	4	2	94.93999999999997	20.035999999999998
248	5	2	96.45600000000002	95.79999999999994
248	6	2	96.364	169.86399999999992
248	7	2	170.07407407407405	19.72016460905349
248	8	2	169.99999999999994	94.99999999999997
248	9	2	170.12400000000002	170.0280000000002
248	10	1	26.62874251497004	124.32734530938116
248	11	1	33.495999999999974	88.43799999999999
248	12	1	168.36999999999992	130.27999999999997
248	13	1	126.56287425149705	132.90419161676633
248	14	1	98.46199999999996	151.58599999999998
248	15	1	95.0359281437126	71.93612774451101
248	16	1	157.69199999999987	54.394000000000034
248	17	1	159.29200000000003	74.02199999999993
248	18	1	79.46706586826343	83.15568862275444
248	19	1	32.30278884462153	70.48007968127494
248	20	1	81.48599999999993	105.734
248	21	1	21.998003992015978	147.06187624750496
248	22	1	127.52799999999999	160.04400000000007
248	23	1	39.853999999999935	139.26000000000005
248	24	1	39.45019920318732	107.17131474103584
248	25	1	113.42514970059877	140.93812375249502
248	26	1	154.7704590818361	35.011976047904156
248	27	1	66.04999999999997	106.40800000000007
248	28	1	175.25200000000015	43.203999999999986
248	29	1	103.16799999999999	194.31799999999987
249	1	2	20	19.999999999999996
249	2	2	19.744939271255067	95.29149797570845
249	3	2	20	169.99999999999991
249	4	2	94.93999999999997	20.035999999999998
249	5	2	96.45600000000002	95.79999999999994
249	6	2	96.364	169.86399999999992
249	7	2	170.07407407407405	19.72016460905349
249	8	2	169.99999999999994	94.99999999999997
249	9	2	170.12400000000002	170.0280000000002
249	10	1	26.516	124.26400000000002
249	11	1	33.62200000000001	88.55600000000001
249	12	1	168.38522954091823	130.2834331337326
249	13	1	126.56799999999994	132.9319999999999
249	14	1	98.50200000000001	151.66000000000005
249	15	1	95.01596806387226	72.01796407185634
249	16	1	157.53600000000003	54.314
249	17	1	159.3213572854292	74.04790419161672
249	18	1	79.44710578842314	83.15169660678639
249	19	1	32.12774451097805	70.6387225548902
249	20	1	81.49400000000009	105.61799999999997
249	21	1	22.005999999999997	147.0639999999997
249	22	1	127.58399999999996	160.0499999999999
249	23	1	39.902195608782414	139.26946107784437
249	24	1	39.44311377245511	107.26746506986034
249	25	1	113.62400000000002	141.01400000000012
249	26	1	154.77844311377254	35.09580838323352
249	27	1	66.16766467065864	106.59880239520957
249	28	1	175.2914171656687	43.23353293413173
249	29	1	103.16200000000006	194.32400000000007
250	1	2	20	19.999999999999996
250	2	2	19.744939271255067	95.29149797570845
250	3	2	20	169.99999999999991
250	4	2	94.93999999999997	20.035999999999998
250	5	2	96.45600000000002	95.79999999999994
250	6	2	96.364	169.86399999999992
250	7	2	170.07407407407405	19.72016460905349
250	8	2	169.99999999999994	94.99999999999997
250	9	2	170.12400000000002	170.0280000000002
250	10	1	26.469061876247483	124.2155688622755
250	11	1	33.89979959919839	88.46092184368733
250	12	1	168.2999999999999	130.25799999999998
250	13	1	126.60279441117765	133.00199600798402
250	14	1	98.61800000000001	151.62199999999993
250	15	1	95.15800000000006	72.11399999999993
250	16	1	157.5856573705179	54.258964143426354
250	17	1	159.29141716566866	74.00798403193612
250	18	1	79.48902195608781	83.19161676646702
250	19	1	31.89221556886225	70.56886227544896
250	20	1	81.54400000000004	105.554
250	21	1	22.01999999999999	147.20000000000007
250	22	1	127.66267465069859	160.19760479041906
250	23	1	39.929999999999964	139.21600000000007
250	24	1	39.414342629482064	107.22908366533856
250	25	1	113.63273453093804	141.01796407185643
250	26	1	154.69920318725116	35.12549800796813
250	27	1	66.16566866267465	106.64870259481046
250	28	1	175.33000000000004	43.18800000000005
250	29	1	103.23952095808382	194.36127744510972
251	1	2	20	19.999999999999996
251	2	2	19.744939271255067	95.29149797570845
251	3	2	20	169.99999999999991
251	4	2	94.93999999999997	20.035999999999998
251	5	2	96.45600000000002	95.79999999999994
251	6	2	96.364	169.86399999999992
251	7	2	170.07407407407405	19.72016460905349
251	8	2	169.99999999999994	94.99999999999997
251	9	2	170.12400000000002	170.0280000000002
251	10	1	26.330000000000002	124.12600000000009
251	11	1	34.164000000000016	88.40600000000002
251	12	1	168.2674650698603	130.29141716566866
251	13	1	126.60721442885767	132.985971943888
251	14	1	98.70800000000011	151.67200000000005
251	15	1	95.15799999999992	72.18200000000004
251	16	1	157.65269461077833	54.27145708582835
251	17	1	159.24750499002008	73.92215568862274
251	18	1	79.46107784431126	83.17564870259487
251	19	1	31.724550898203585	70.57684630738527
251	20	1	81.58200000000001	105.48199999999997
251	21	1	22.02794411177646	147.3453093812376
251	22	1	127.71199999999996	160.17800000000005
251	23	1	39.906187624750494	139.13772455089833
251	24	1	39.403999999999996	107.25800000000007
251	25	1	113.69461077844306	141.0459081836327
251	26	1	154.70800000000003	35.14200000000001
251	27	1	66.26546906187625	106.83033932135733
251	28	1	175.32934131736522	43.151696606786416
251	29	1	103.31137724550892	194.22554890219553
252	1	2	20	19.999999999999996
252	2	2	19.744939271255067	95.29149797570845
252	3	2	20	169.99999999999991
252	4	2	94.93999999999997	20.035999999999998
252	5	2	96.45600000000002	95.79999999999994
252	6	2	96.364	169.86399999999992
252	7	2	170.07407407407405	19.72016460905349
252	8	2	169.99999999999994	94.99999999999997
252	9	2	170.12400000000002	170.0280000000002
252	10	1	26.157684630738526	124.05788423153693
252	11	1	34.249500998004045	88.35528942115769
252	12	1	168.12999999999997	130.17999999999998
252	13	1	126.54199999999994	132.86199999999997
252	14	1	98.91434262948212	151.60956175298801
252	15	1	95.18562874251491	72.2934131736527
252	16	1	157.68000000000012	54.31
252	17	1	159.4619999999999	74.09799999999997
252	18	1	79.46799999999999	83.18800000000005
252	19	1	31.66799999999999	70.49199999999989
252	20	1	81.52200000000003	105.32400000000004
252	21	1	22.04590818363274	147.42714570858294
252	22	1	127.83632734530943	160.28942115768464
252	23	1	39.82435129740517	139.0259481037923
252	24	1	39.30800000000003	107.32000000000008
252	25	1	113.89021956087825	141.06387225548917
252	26	1	154.71656686626753	35.06986027944111
252	27	1	66.23552894211569	106.97604790419163
252	28	1	175.30800000000013	43.031999999999954
252	29	1	103.26599999999996	194.21799999999996
253	1	2	20	19.999999999999996
253	2	2	19.744939271255067	95.29149797570845
253	3	2	20	169.99999999999991
253	4	2	94.93999999999997	20.035999999999998
253	5	2	96.45600000000002	95.79999999999994
253	6	2	96.364	169.86399999999992
253	7	2	170.07407407407405	19.72016460905349
253	8	2	169.99999999999994	94.99999999999997
253	9	2	170.12400000000002	170.0280000000002
253	10	1	26.00399201596806	123.84630738522948
253	11	1	34.377245508982014	88.37125748502994
253	12	1	168.06986027944092	130.2674650698602
253	13	1	126.43313373253488	132.8962075848303
253	14	1	99.01599999999996	151.6760000000001
253	15	1	95.066	72.21400000000004
253	16	1	157.68463073852294	54.351297405189605
253	17	1	159.3907815631262	74.08416833667336
253	18	1	79.48096192384773	83.24448897795595
253	19	1	31.531999999999996	70.47399999999996
253	20	1	81.40319361277447	105.17564870259487
253	21	1	22.175648702594813	147.41317365269467
253	22	1	127.98999999999991	160.3419999999999
253	23	1	39.788000000000025	139.0380000000001
253	24	1	39.25250501001999	107.30060120240478
253	25	1	113.93625498007964	141.1812749003984
253	26	1	154.7260000000001	35.047999999999945
253	27	1	66.24799999999995	107.11000000000006
253	28	1	175.24248496994002	43.04208416833662
253	29	1	103.30799999999996	194.17200000000003
254	1	2	20	19.999999999999996
254	2	2	19.744939271255067	95.29149797570845
254	3	2	20	169.99999999999991
254	4	2	94.93999999999997	20.035999999999998
254	5	2	96.45600000000002	95.79999999999994
254	6	2	96.364	169.86399999999992
254	7	2	170.07407407407405	19.72016460905349
254	8	2	169.99999999999994	94.99999999999997
254	9	2	170.12400000000002	170.0280000000002
254	10	1	25.878243512974063	123.7924151696607
254	11	1	34.567999999999984	88.28600000000002
254	12	1	168.05400000000006	130.25200000000015
254	13	1	126.45708582834334	132.98802395209583
254	14	1	99.11377245508987	151.63073852295395
254	15	1	95.09199999999996	72.3120000000001
254	16	1	157.5720000000001	54.24200000000001
254	17	1	159.42430278884453	74.06374501992028
254	18	1	79.48502994011989	83.28143712574848
254	19	1	31.39000000000001	70.52400000000006
254	20	1	81.38522954091817	105.14171656686622
254	21	1	22.085828343313363	147.3652694610781
254	22	1	128.02994011976054	160.3992015968063
254	23	1	39.725999999999985	139.12400000000014
254	24	1	39.13572854291419	107.36327345309378
254	25	1	113.99800399201598	141.22355289421148
254	26	1	154.72455089820366	34.972055888223586
254	27	1	66.27799999999995	107.1939999999999
254	28	1	175.2514970059879	43.06586826347309
254	29	1	103.42400000000002	194.10999999999987
255	1	2	20	19.999999999999996
255	2	2	19.744939271255067	95.29149797570845
255	3	2	20	169.99999999999991
255	4	2	94.93999999999997	20.035999999999998
255	5	2	96.45600000000002	95.79999999999994
255	6	2	96.364	169.86399999999992
255	7	2	170.07407407407405	19.72016460905349
255	8	2	169.99999999999994	94.99999999999997
255	9	2	170.12400000000002	170.0280000000002
255	10	1	25.847695390781542	123.68537074148286
255	11	1	34.68599999999999	88.20400000000002
255	12	1	168.0039920159683	130.31736526946094
255	13	1	126.53493013972059	133.0239520958083
255	14	1	99.08565737051791	151.67928286852595
255	15	1	94.94422310756978	72.45019920318725
255	16	1	157.50499001996013	54.261477045908144
255	17	1	159.4510978043912	74.08982035928146
255	18	1	79.41799999999996	83.32199999999997
255	19	1	31.41082164328658	70.44689378757515
255	20	1	81.25748502994016	105.02395209580835
255	21	1	22.171314741035847	147.36055776892437
255	22	1	128.016	160.4160000000001
255	23	1	39.789579158316656	139.16032064128248
255	24	1	39.07599999999995	107.32599999999992
255	25	1	114.07999999999993	141.27000000000007
255	26	1	154.78557114228462	34.89979959919836
255	27	1	66.30738522954083	107.36327345309384
255	28	1	175.2120000000002	42.881999999999984
255	29	1	103.43400000000005	194.07400000000007
256	1	2	20	19.999999999999996
256	2	2	19.744939271255067	95.29149797570845
256	3	2	20	169.99999999999991
256	4	2	94.93999999999997	20.035999999999998
256	5	2	96.45600000000002	95.79999999999994
256	6	2	96.364	169.86399999999992
256	7	2	170.07407407407405	19.72016460905349
256	8	2	169.99999999999994	94.99999999999997
256	9	2	170.12400000000002	170.0280000000002
256	10	1	25.742514970059876	123.67465069860273
256	11	1	34.87425149700598	88.1756487025948
256	12	1	168.09181636726538	130.49101796407186
256	13	1	126.53293413173645	132.84431137724565
256	14	1	99.2184368737474	151.73346693386782
256	15	1	94.9640718562874	72.51896207584834
256	16	1	157.54890219560878	54.3293413173653
256	17	1	159.44889779559114	73.97194388777554
256	18	1	79.51297405189621	83.34730538922155
256	19	1	31.40119760479041	70.4870259481037
256	20	1	81.16766467065861	104.93413173652701
256	21	1	22.198000000000015	147.52200000000008
256	22	1	128.06200000000004	160.36999999999992
256	23	1	39.88	139.28999999999985
256	24	1	39.045999999999985	107.43
256	25	1	114.22111553784863	141.35258964143432
256	26	1	154.84630738522972	34.848303393213605
256	27	1	66.29940119760481	107.43512974051899
256	28	1	175.27	42.65199999999995
256	29	1	103.42400000000002	194.11399999999986
257	1	2	20	19.999999999999996
257	2	2	19.744939271255067	95.29149797570845
257	3	2	20	169.99999999999991
257	4	2	94.93999999999997	20.035999999999998
257	5	2	96.45600000000002	95.79999999999994
257	6	2	96.364	169.86399999999992
257	7	2	170.07407407407405	19.72016460905349
257	8	2	169.99999999999994	94.99999999999997
257	9	2	170.12400000000002	170.0280000000002
257	10	1	25.76	123.66400000000003
257	11	1	35.07400000000001	88.12399999999988
257	12	1	168.01799999999986	130.486
257	13	1	126.62000000000006	132.96
257	14	1	99.3073852295409	151.8023952095808
257	15	1	94.84262948207163	72.56772908366538
257	16	1	157.46200000000005	54.32599999999998
257	17	1	159.47600000000006	73.99
257	18	1	79.48199999999997	83.44199999999998
257	19	1	31.34930139720559	70.54291417165665
257	20	1	81.09599999999999	104.78599999999992
257	21	1	22.08000000000001	147.67400000000015
257	22	1	128.224	160.30600000000018
257	23	1	39.8502994011976	139.47904191616774
257	24	1	39.052	107.54000000000009
257	25	1	114.22799999999997	141.34199999999987
257	26	1	154.868263473054	34.794411177644726
257	27	1	66.23752495009981	107.50499001996018
257	28	1	175.2180000000001	42.53399999999997
257	29	1	103.40600000000005	194.136
258	1	2	20	19.999999999999996
258	2	2	19.744939271255067	95.29149797570845
258	3	2	20	169.99999999999991
258	4	2	94.93999999999997	20.035999999999998
258	5	2	96.45600000000002	95.79999999999994
258	6	2	96.364	169.86399999999992
258	7	2	170.07407407407405	19.72016460905349
258	8	2	169.99999999999994	94.99999999999997
258	9	2	170.12400000000002	170.0280000000002
258	10	1	25.676646706586837	123.59481037924168
258	11	1	35.25400000000003	88.06999999999998
258	12	1	168.0778443113775	130.55289421157673
258	13	1	126.67265469061871	132.93612774451103
258	14	1	99.44910179640726	151.7684630738524
258	15	1	94.73400000000002	72.53600000000006
258	16	1	157.32335329341302	54.25748502994013
258	17	1	159.49101796407214	74.04191616766467
258	18	1	79.594	83.41199999999999
258	19	1	31.196000000000012	70.46799999999998
258	20	1	81.03399999999992	104.674
258	21	1	22.05189620758485	147.55289421157693
258	22	1	128.236	160.35000000000022
258	23	1	39.919839679358745	139.64729458917841
258	24	1	38.948103792415196	107.63473053892218
258	25	1	114.26599999999999	141.33999999999983
258	26	1	154.99600798403185	34.80838323353291
258	27	1	66.09163346613552	107.47808764940238
258	28	1	175.26400000000007	42.492
258	29	1	103.47400000000002	194.03199999999978
259	1	2	20	19.999999999999996
259	2	2	19.744939271255067	95.29149797570845
259	3	2	20	169.99999999999991
259	4	2	94.93999999999997	20.035999999999998
259	5	2	96.45600000000002	95.79999999999994
259	6	2	96.364	169.86399999999992
259	7	2	170.07407407407405	19.72016460905349
259	8	2	169.99999999999994	94.99999999999997
259	9	2	170.12400000000002	170.0280000000002
259	10	1	25.638722554890226	123.65469061876253
259	11	1	35.445999999999984	88.10000000000001
259	12	1	168.04400000000012	130.59
259	13	1	126.66267465069855	132.87425149700593
259	14	1	99.49301397205585	151.84031936127752
259	15	1	94.53692614770456	72.51497005988023
259	16	1	157.30738522954096	54.23153692614772
259	17	1	159.47305389221557	74.05389221556882
259	18	1	79.56287425149706	83.41916167664675
259	19	1	30.920159680638715	70.57684630738534
259	20	1	81.01600000000003	104.61999999999998
259	21	1	22.077844311377252	147.6447105788423
259	22	1	128.25149700598809	160.38522954091812
259	23	1	39.91799999999999	139.65799999999996
259	24	1	38.89021956087828	107.63473053892206
259	25	1	114.2754491017965	141.3512974051896
259	26	1	154.8902195608783	34.730538922155716
259	27	1	65.96207584830339	107.50499001996005
259	28	1	175.21956087824336	42.37125748502997
259	29	1	103.49000000000005	193.96800000000013
260	1	2	20	19.999999999999996
260	2	2	19.744939271255067	95.29149797570845
260	3	2	20	169.99999999999991
260	4	2	94.93999999999997	20.035999999999998
260	5	2	96.45600000000002	95.79999999999994
260	6	2	96.364	169.86399999999992
260	7	2	170.07407407407405	19.72016460905349
260	8	2	169.99999999999994	94.99999999999997
260	9	2	170.12400000000002	170.0280000000002
260	10	1	25.532000000000004	123.71
260	11	1	35.46999999999999	88.10000000000007
260	12	1	167.93812375249516	130.63473053892213
260	13	1	126.73652694610779	132.84231536926143
260	14	1	99.46506986027944	151.86027944111765
260	15	1	94.36272545090185	72.45290581162327
260	16	1	157.39121756487017	54.30139720558881
260	17	1	159.3705179282871	74.03386454183268
260	18	1	79.70599999999996	83.49999999999989
260	19	1	31.017999999999994	70.436
260	20	1	80.91999999999996	104.50599999999993
260	21	1	22.116000000000007	147.84199999999998
260	22	1	128.338	160.32800000000003
260	23	1	39.90800000000003	139.7020000000001
260	24	1	38.91832669322707	107.76693227091634
260	25	1	114.29341317365261	141.30938123752486
260	26	1	154.91217564870257	34.750499001995976
260	27	1	65.91999999999996	107.59799999999998
260	28	1	175.2699999999999	42.17599999999993
260	29	1	103.55399999999993	194.0380000000001
261	1	2	20	19.999999999999996
261	2	2	19.744939271255067	95.29149797570845
261	3	2	20	169.99999999999991
261	4	2	94.93999999999997	20.035999999999998
261	5	2	96.45600000000002	95.79999999999994
261	6	2	96.364	169.86399999999992
261	7	2	170.07407407407405	19.72016460905349
261	8	2	169.99999999999994	94.99999999999997
261	9	2	170.12400000000002	170.0280000000002
261	10	1	25.42999999999999	123.5740000000001
261	11	1	35.59561752988046	88.05776892430279
261	12	1	167.76047904191608	130.63273453093814
261	13	1	126.79241516966064	132.79840319361273
261	14	1	99.43712574850301	151.86826347305401
261	15	1	94.32534930139707	72.37724550898206
261	16	1	157.34399999999994	54.294
261	17	1	159.35928143712584	74.09181636726548
261	18	1	79.74600000000011	83.55799999999999
261	19	1	31.14600000000001	70.376
261	20	1	80.8423153692615	104.36526946107784
261	21	1	22.10778443113773	147.91616766467075
261	22	1	128.322	160.282
261	23	1	39.88423153692612	139.67465069860285
261	24	1	38.974051896207605	107.84231536926143
261	25	1	114.3565737051793	141.33266932270922
261	26	1	154.9679358717435	34.67334669338677
261	27	1	65.90999999999997	107.69799999999998
261	28	1	175.17564870259474	42.13772455089821
261	29	1	103.64399999999998	194.03799999999998
262	1	2	20	19.999999999999996
262	2	2	19.744939271255067	95.29149797570845
262	3	2	20	169.99999999999991
262	4	2	94.93999999999997	20.035999999999998
262	5	2	96.45600000000002	95.79999999999994
262	6	2	96.364	169.86399999999992
262	7	2	170.07407407407405	19.72016460905349
262	8	2	169.99999999999994	94.99999999999997
262	9	2	170.12400000000002	170.0280000000002
262	10	1	25.336000000000016	123.56000000000003
262	11	1	35.728	88.00000000000003
262	12	1	167.61876247504992	130.5588822355288
262	13	1	126.71400000000004	132.7140000000002
262	14	1	99.50898203592814	151.87225548902188
262	15	1	94.21799999999995	72.308
262	16	1	157.31999999999988	54.274000000000065
262	17	1	159.41716566866265	74.0838323353294
262	18	1	79.81399999999998	83.56199999999994
262	19	1	31.03193612774452	70.50898203592814
262	20	1	80.70858283433134	104.23952095808392
262	21	1	22.12350597609562	147.86454183266926
262	22	1	128.31337325349298	160.25748502994023
262	23	1	39.883767535070106	139.69338677354688
262	24	1	38.91800000000004	107.85600000000004
262	25	1	114.35799999999999	141.29600000000002
262	26	1	154.99999999999997	34.58800000000001
262	27	1	65.78043912175652	107.7644710578842
262	28	1	175.18163672654714	42.10778443113775
262	29	1	103.64399999999992	193.97400000000007
263	1	2	20	19.999999999999996
263	2	2	19.744939271255067	95.29149797570845
263	3	2	20	169.99999999999991
263	4	2	94.93999999999997	20.035999999999998
263	5	2	96.45600000000002	95.79999999999994
263	6	2	96.364	169.86399999999992
263	7	2	170.07407407407405	19.72016460905349
263	8	2	169.99999999999994	94.99999999999997
263	9	2	170.12400000000002	170.0280000000002
263	10	1	25.239520958083823	123.56287425149695
263	11	1	35.90419161676647	87.95009980039909
263	12	1	167.47199999999984	130.56
263	13	1	126.7385229540919	132.6666666666666
263	14	1	99.41317365269461	151.9201596806386
263	15	1	94.15968063872252	72.30738522954096
263	16	1	157.322	54.321999999999974
263	17	1	159.44800000000015	74.13999999999994
263	18	1	79.92614770459082	83.6067864271457
263	19	1	30.95791583166333	70.56112224448889
263	20	1	80.72654690618761	104.20558882235522
263	21	1	22.16367265469062	147.8003992015971
263	22	1	128.24900398406373	160.1772908366534
263	23	1	39.866000000000014	139.70000000000016
263	24	1	38.96007984031932	107.79241516966056
263	25	1	114.37800000000001	141.358
263	26	1	155.10399999999998	34.559999999999995
263	27	1	65.76800000000001	107.88200000000002
263	28	1	175.2260000000002	41.968
263	29	1	103.6786427145708	193.9880239520958
264	1	2	20	19.999999999999996
264	2	2	19.744939271255067	95.29149797570845
264	3	2	20	169.99999999999991
264	4	2	94.93999999999997	20.035999999999998
264	5	2	96.45600000000002	95.79999999999994
264	6	2	96.364	169.86399999999992
264	7	2	170.07407407407405	19.72016460905349
264	8	2	169.99999999999994	94.99999999999997
264	9	2	170.12400000000002	170.0280000000002
264	10	1	25.054	123.59000000000005
264	11	1	36.059999999999995	87.89600000000004
264	12	1	167.35399999999996	130.56000000000003
264	13	1	126.83567134268529	132.7034068136273
264	14	1	99.52095808383231	151.92814371257478
264	15	1	93.99401197604779	72.35329341317362
264	16	1	157.3060000000001	54.295999999999964
264	17	1	159.43400000000005	74.13399999999997
264	18	1	79.96392785571149	83.57915831663327
264	19	1	30.982035928143695	70.49500998003987
264	20	1	80.64471057884231	104.08782435129739
264	21	1	22.19161676646705	147.8163672654691
264	22	1	128.146	160.208
264	23	1	39.79840319361278	139.5389221556887
264	24	1	38.90818363273455	107.76646706586824
264	25	1	114.45109780439122	141.32934131736494
264	26	1	154.96407185628755	34.57684630738527
264	27	1	65.70858283433134	107.87425149700594
264	28	1	175.214	41.814
264	29	1	103.66199999999994	193.84999999999982
265	1	2	20	19.999999999999996
265	2	2	19.744939271255067	95.29149797570845
265	3	2	20	169.99999999999991
265	4	2	94.93999999999997	20.035999999999998
265	5	2	96.45600000000002	95.79999999999994
265	6	2	96.364	169.86399999999992
265	7	2	170.07407407407405	19.72016460905349
265	8	2	169.99999999999994	94.99999999999997
265	9	2	170.12400000000002	170.0280000000002
265	10	1	24.92999999999998	123.53999999999999
265	11	1	36.40599999999997	87.93600000000002
265	12	1	167.32199999999995	130.59600000000003
265	13	1	126.91999999999997	132.62000000000003
265	14	1	99.65800000000006	151.99199999999993
265	15	1	93.862	72.402
265	16	1	157.3984063745018	54.33665338645421
265	17	1	159.3919999999999	74.09599999999996
265	18	1	80.03000000000002	83.65200000000007
265	19	1	30.968000000000014	70.59800000000001
265	20	1	80.60599999999998	104.0380000000001
265	21	1	22.282000000000007	147.82800000000006
265	22	1	128.17928286852583	160.17131474103584
265	23	1	39.74599999999997	139.5499999999998
265	24	1	38.906000000000006	107.826
265	25	1	114.37524950099797	141.35329341317384
265	26	1	154.86454183266937	34.4661354581673
265	27	1	65.71	107.88200000000009
265	28	1	175.14800000000005	41.73399999999998
265	29	1	103.684630738523	193.88822355289423
266	1	2	20	19.999999999999996
266	2	2	19.744939271255067	95.29149797570845
266	3	2	20	169.99999999999991
266	4	2	94.93999999999997	20.035999999999998
266	5	2	96.45600000000002	95.79999999999994
266	6	2	96.364	169.86399999999992
266	7	2	170.07407407407405	19.72016460905349
266	8	2	169.99999999999994	94.99999999999997
266	9	2	170.12400000000002	170.0280000000002
266	10	1	24.664670658682645	123.56686626746504
266	11	1	36.61200000000001	87.882
266	12	1	167.3400000000001	130.68
266	13	1	126.96399999999996	132.63199999999992
266	14	1	99.82399999999998	151.98000000000002
266	15	1	93.84969939879763	72.3587174348698
266	16	1	157.36800000000014	54.296
266	17	1	159.45309381237516	74.13972055888223
266	18	1	80.2475049900199	83.5828343313373
266	19	1	30.902195608782417	70.6047904191616
266	20	1	80.48799999999997	103.90999999999995
266	21	1	22.45	147.96999999999986
266	22	1	128.14200000000005	160.1780000000001
266	23	1	39.69800000000003	139.55199999999994
266	24	1	38.94000000000002	107.77199999999998
266	25	1	114.31600000000005	141.286
266	26	1	154.76047904191614	34.43313373253493
266	27	1	65.65069860279436	107.98203592814379
266	28	1	175.10799999999992	41.53400000000003
266	29	1	103.72599999999996	193.90200000000002
267	1	2	20	19.999999999999996
267	2	2	19.744939271255067	95.29149797570845
267	3	2	20	169.99999999999991
267	4	2	94.93999999999997	20.035999999999998
267	5	2	96.45600000000002	95.79999999999994
267	6	2	96.364	169.86399999999992
267	7	2	170.07407407407405	19.72016460905349
267	8	2	169.99999999999994	94.99999999999997
267	9	2	170.12400000000002	170.0280000000002
267	10	1	24.566866267465052	123.50898203592823
267	11	1	36.73253493013973	87.83233532934133
267	12	1	167.20958083832338	130.572854291417
267	13	1	127.11800000000002	132.70400000000004
267	14	1	99.85400000000001	152.06599999999983
267	15	1	93.58999999999997	72.28400000000003
267	16	1	157.37125748502967	54.291417165668676
267	17	1	159.36327345309394	74.0738522954091
267	18	1	80.37199999999997	83.57200000000003
267	19	1	30.82270916334659	70.6394422310757
267	20	1	80.32800000000002	103.82400000000001
267	21	1	22.419161676646702	148.00000000000009
267	22	1	128.11776447105794	160.17764471057893
267	23	1	39.61999999999995	139.61200000000002
267	24	1	38.864	107.78999999999999
267	25	1	114.3213572854291	141.37325349301403
267	26	1	154.72000000000008	34.295999999999985
267	27	1	65.63200000000002	108.10600000000005
267	28	1	175.0520000000001	41.34600000000007
267	29	1	103.71599999999991	193.85999999999993
268	1	2	20	19.999999999999996
268	2	2	19.744939271255067	95.29149797570845
268	3	2	20	169.99999999999991
268	4	2	94.93999999999997	20.035999999999998
268	5	2	96.45600000000002	95.79999999999994
268	6	2	96.364	169.86399999999992
268	7	2	170.07407407407405	19.72016460905349
268	8	2	169.99999999999994	94.99999999999997
268	9	2	170.12400000000002	170.0280000000002
268	10	1	24.500000000000018	123.46199999999996
268	11	1	37.08599999999997	87.79399999999997
268	12	1	167.09799999999987	130.592
268	13	1	127.08199999999992	132.58200000000002
268	14	1	99.9141716566865	152.04790419161677
268	15	1	93.60199999999995	72.15999999999988
268	16	1	157.318	54.310000000000045
268	17	1	159.23999999999992	74.08600000000001
268	18	1	80.43199999999999	83.54000000000003
268	19	1	30.784000000000024	70.60200000000002
268	20	1	80.12948207171318	103.66533864541834
268	21	1	22.5868263473054	147.98203592814366
268	22	1	128.29740518962075	160.16367265469052
268	23	1	39.63672654690617	139.61277445109778
268	24	1	38.77154308617234	107.7655310621242
268	25	1	114.35528942115766	141.43712574850295
268	26	1	154.6666666666667	34.28742514970062
268	27	1	65.68799999999999	108.28200000000001
268	28	1	175.01400000000007	41.236000000000026
268	29	1	103.75648702594809	194.02195608782424
269	1	2	20	19.999999999999996
269	2	2	19.744939271255067	95.29149797570845
269	3	2	20	169.99999999999991
269	4	2	94.93999999999997	20.035999999999998
269	5	2	96.45600000000002	95.79999999999994
269	6	2	96.364	169.86399999999992
269	7	2	170.07407407407405	19.72016460905349
269	8	2	169.99999999999994	94.99999999999997
269	9	2	170.12400000000002	170.0280000000002
269	10	1	24.437125748502964	123.37524950099812
269	11	1	37.2155688622755	87.79840319361276
269	12	1	166.95608782435127	130.6786427145708
269	13	1	126.94411177644712	132.4510978043911
269	14	1	99.99203187250993	152.14541832669318
269	15	1	93.5908183632735	72.17964071856281
269	16	1	157.30260521042084	54.28456913827656
269	17	1	159.23306772908347	74.05378486055785
269	18	1	80.50299401197604	83.51097804391225
269	19	1	30.768463073852296	70.58882235528934
269	20	1	79.98403193612782	103.53093812375249
269	21	1	22.614770459081857	147.9680638722554
269	22	1	128.32399999999998	160.0240000000001
269	23	1	39.54799999999997	139.70400000000006
269	24	1	38.772455089820355	107.80039920159683
269	25	1	114.30339321357279	141.37125748503001
269	26	1	154.54	34.22200000000002
269	27	1	65.66267465069862	108.3253493013972
269	28	1	174.9940239043826	40.960159362549824
269	29	1	103.75199999999995	194.03200000000004
270	1	2	20	19.999999999999996
270	2	2	19.744939271255067	95.29149797570845
270	3	2	20	169.99999999999991
270	4	2	94.93999999999997	20.035999999999998
270	5	2	96.45600000000002	95.79999999999994
270	6	2	96.364	169.86399999999992
270	7	2	170.07407407407405	19.72016460905349
270	8	2	169.99999999999994	94.99999999999997
270	9	2	170.12400000000002	170.0280000000002
270	10	1	24.205588822355296	123.36127744510978
270	11	1	37.321357285429166	87.66267465069852
270	12	1	166.81037924151696	130.61077844311376
270	13	1	126.99800399201605	132.47305389221555
270	14	1	100.08400000000002	152.13799999999995
270	15	1	93.46199999999992	72.15399999999994
270	16	1	157.23400000000007	54.276
270	17	1	159.22999999999988	74.09199999999991
270	18	1	80.5089820359282	83.53493013972054
270	19	1	30.674000000000035	70.61
270	20	1	79.80838323353291	103.41916167664677
270	21	1	22.67065868263472	148.0518962075848
270	22	1	128.33800000000002	160.00599999999997
270	23	1	39.473999999999975	139.66200000000012
270	24	1	38.69399999999999	107.83000000000003
270	25	1	114.31	141.41000000000003
270	26	1	154.55289421157687	34.051896207584846
270	27	1	65.6407185628742	108.40319361277456
270	28	1	174.8639999999999	40.897999999999975
270	29	1	103.76200000000001	194.05999999999986
271	1	2	20	19.999999999999996
271	2	2	19.744939271255067	95.29149797570845
271	3	2	20	169.99999999999991
271	4	2	94.93999999999997	20.035999999999998
271	5	2	96.45600000000002	95.79999999999994
271	6	2	96.364	169.86399999999992
271	7	2	170.07407407407405	19.72016460905349
271	8	2	169.99999999999994	94.99999999999997
271	9	2	170.12400000000002	170.0280000000002
271	10	1	23.974051896207587	123.28542914171646
271	11	1	37.419161676646716	87.622754491018
271	12	1	166.68599999999998	130.5900000000001
271	13	1	127.086	132.40200000000007
271	14	1	100.12151394422307	152.19123505976086
271	15	1	93.3992015968064	72.22954091816355
271	16	1	157.25349301397205	54.32934131736527
271	17	1	159.13600000000014	74.1219999999999
271	18	1	80.57485029940116	83.52894211576856
271	19	1	30.689999999999987	70.62599999999989
271	20	1	79.63473053892223	103.31137724550905
271	21	1	22.65269461077842	147.92614770459096
271	22	1	128.50996015936252	160.00796812748993
271	23	1	39.34200000000002	139.71200000000005
271	24	1	38.663999999999994	107.81200000000004
271	25	1	114.44510978043907	141.4970059880239
271	26	1	154.51400000000004	34.00799999999995
271	27	1	65.67999999999999	108.56199999999998
271	28	1	174.76199999999983	40.82000000000002
271	29	1	103.80039920159675	193.89820359281435
272	1	2	20	19.999999999999996
272	2	2	19.744939271255067	95.29149797570845
272	3	2	20	169.99999999999991
272	4	2	94.93999999999997	20.035999999999998
272	5	2	96.45600000000002	95.79999999999994
272	6	2	96.364	169.86399999999992
272	7	2	170.07407407407405	19.72016460905349
272	8	2	169.99999999999994	94.99999999999997
272	9	2	170.12400000000002	170.0280000000002
272	10	1	23.798000000000016	123.29199999999993
272	11	1	37.506986027944116	87.64071856287426
272	12	1	166.658	130.56999999999996
272	13	1	127.06399999999995	132.232
272	14	1	100.23752495009981	152.19760479041906
272	15	1	93.31000000000004	72.238
272	16	1	157.41000000000005	54.40200000000002
272	17	1	159.13399999999987	74.11000000000006
272	18	1	80.59281437125742	83.560878243513
272	19	1	30.67465069860279	70.64670658682635
272	20	1	79.58483033932134	103.22754491017965
272	21	1	22.71656686626747	147.8962075848302
272	22	1	128.6259999999999	159.90399999999977
272	23	1	39.29940119760483	139.60279441117788
272	24	1	38.635270541082164	107.85771543086175
272	25	1	114.49400000000003	141.49600000000004
272	26	1	154.53000000000017	33.86199999999997
272	27	1	65.81400000000001	108.76000000000003
272	28	1	174.78800000000004	40.64000000000001
272	29	1	103.80399999999996	193.79
273	1	2	20	19.999999999999996
273	2	2	19.744939271255067	95.29149797570845
273	3	2	20	169.99999999999991
273	4	2	94.93999999999997	20.035999999999998
273	5	2	96.45600000000002	95.79999999999994
273	6	2	96.364	169.86399999999992
273	7	2	170.07407407407405	19.72016460905349
273	8	2	169.99999999999994	94.99999999999997
273	9	2	170.12400000000002	170.0280000000002
273	10	1	23.65269461077846	123.35129740518958
273	11	1	37.872	87.58000000000004
273	12	1	166.39399999999995	130.51799999999983
273	13	1	127.10978043912183	132.04990019960096
273	14	1	100.36199999999992	152.17800000000005
273	15	1	93.22200000000007	72.15600000000006
273	16	1	157.42600000000016	54.40200000000001
273	17	1	159.09200000000004	74.15199999999982
273	18	1	80.60200000000006	83.57600000000006
273	19	1	30.64071856287426	70.72654690618769
273	20	1	79.5070140280561	103.12625250501006
273	21	1	22.780000000000012	147.86200000000008
273	22	1	128.77600000000007	159.84000000000006
273	23	1	39.22000000000002	139.65399999999994
273	24	1	38.61277445109785	107.7844311377245
273	25	1	114.59481037924151	141.56487025948098
273	26	1	154.61800000000008	33.780000000000015
273	27	1	65.86027944111781	108.80638722554889
273	28	1	174.8243512974053	40.618762475049884
273	29	1	103.78000000000007	193.82600000000014
274	1	2	20	19.999999999999996
274	2	2	19.744939271255067	95.29149797570845
274	3	2	20	169.99999999999991
274	4	2	94.93999999999997	20.035999999999998
274	5	2	96.45600000000002	95.79999999999994
274	6	2	96.364	169.86399999999992
274	7	2	170.07407407407405	19.72016460905349
274	8	2	169.99999999999994	94.99999999999997
274	9	2	170.12400000000002	170.0280000000002
274	10	1	23.56799999999999	123.44000000000005
274	11	1	38.10800000000004	87.556
274	12	1	166.20399999999998	130.50200000000004
274	13	1	127.22554890219564	131.90419161676647
274	14	1	100.38722554890222	152.24550898203594
274	15	1	93.18436873747504	72.14629258517044
274	16	1	157.31999999999996	54.34400000000001
274	17	1	159.08383233532913	74.1197604790418
274	18	1	80.61077844311376	83.60878243512973
274	19	1	30.53200000000002	70.83399999999997
274	20	1	79.46200000000005	103.10000000000005
274	21	1	22.780439121756512	147.754491017964
274	22	1	128.80239520958085	159.76247504990025
274	23	1	39.26946107784432	139.71057884231536
274	24	1	38.56087824351295	107.7764471057885
274	25	1	114.62999999999995	141.5840000000002
274	26	1	154.5760000000001	33.72600000000005
274	27	1	65.8463073852295	108.86626746506981
274	28	1	174.75449101796414	40.60079840319364
274	29	1	103.72999999999989	193.7999999999999
275	1	2	20	19.999999999999996
275	2	2	19.744939271255067	95.29149797570845
275	3	2	20	169.99999999999991
275	4	2	94.93999999999997	20.035999999999998
275	5	2	96.45600000000002	95.79999999999994
275	6	2	96.364	169.86399999999992
275	7	2	170.07407407407405	19.72016460905349
275	8	2	169.99999999999994	94.99999999999997
275	9	2	170.12400000000002	170.0280000000002
275	10	1	23.412	123.40600000000008
275	11	1	38.34730538922156	87.4870259481038
275	12	1	166.09800000000024	130.50999999999996
275	13	1	127.27091633466141	131.75697211155386
275	14	1	100.54799999999999	152.46199999999996
275	15	1	93.36726546906183	72.20958083832345
275	16	1	157.2754491017964	54.38922155688626
275	17	1	159.09580838323348	74.19960079840317
275	18	1	80.7334669338678	83.70541082164331
275	19	1	30.38522954091816	70.9580838323353
275	20	1	79.2914171656687	103.05788423153697
275	21	1	22.75896414342628	147.7171314741035
275	22	1	128.9360000000001	159.63600000000008
275	23	1	39.092000000000006	139.70599999999985
275	24	1	38.530000000000015	107.73999999999992
275	25	1	114.6686626746508	141.68463073852297
275	26	1	154.59318637274558	33.74348697394791
275	27	1	65.80599999999998	108.95399999999992
275	28	1	174.64071856287438	40.67065868263465
275	29	1	103.68400000000001	193.75400000000013
276	1	2	20	19.999999999999996
276	2	2	19.744939271255067	95.29149797570845
276	3	2	20	169.99999999999991
276	4	2	94.93999999999997	20.035999999999998
276	5	2	96.45600000000002	95.79999999999994
276	6	2	96.364	169.86399999999992
276	7	2	170.07407407407405	19.72016460905349
276	8	2	169.99999999999994	94.99999999999997
276	9	2	170.12400000000002	170.0280000000002
276	10	1	23.237524950099818	123.42115768463067
276	11	1	38.50099800399201	87.39321357285444
276	12	1	165.98003992015964	130.48502994011966
276	13	1	127.28799999999994	131.6220000000001
276	14	1	100.67400000000006	152.44199999999995
276	15	1	93.54690618762486	72.46706586826346
276	16	1	157.3439999999999	54.55000000000002
276	17	1	159.1879999999998	74.26400000000004
276	18	1	80.58800000000002	83.71799999999999
276	19	1	30.321999999999992	70.96599999999992
276	20	1	79.19760479041913	102.93213572854295
276	21	1	22.806000000000004	147.7360000000002
276	22	1	129.01596806387232	159.5808383233533
276	23	1	38.99600798403196	139.66666666666654
276	24	1	38.461077844311404	107.68662674650693
276	25	1	114.668	141.64599999999987
276	26	1	154.56999999999988	33.83399999999999
276	27	1	65.82634730538916	109.01197604790423
276	28	1	174.58399999999997	40.63600000000001
276	29	1	103.62475049900203	193.87025948103778
277	1	2	20	19.999999999999996
277	2	2	19.744939271255067	95.29149797570845
277	3	2	20	169.99999999999991
277	4	2	94.93999999999997	20.035999999999998
277	5	2	96.45600000000002	95.79999999999994
277	6	2	96.364	169.86399999999992
277	7	2	170.07407407407405	19.72016460905349
277	8	2	169.99999999999994	94.99999999999997
277	9	2	170.12400000000002	170.0280000000002
277	10	1	23.02600000000001	123.48200000000001
277	11	1	38.78443113772461	87.35928143712576
277	12	1	165.86800000000008	130.362
277	13	1	127.27744510978043	131.37924151696606
277	14	1	100.71856287425146	152.5289421157685
277	15	1	93.58799999999997	72.60600000000001
277	16	1	157.26946107784443	54.56487025948105
277	17	1	159.29258517034052	74.40881763527052
277	18	1	80.58400000000003	83.67399999999991
277	19	1	30.235059760956172	71.11354581673305
277	20	1	79.07200000000009	102.71600000000002
277	21	1	22.796407185628755	147.69860279441122
277	22	1	128.99001996007985	159.57285429141714
277	23	1	38.904	139.5559999999999
277	24	1	38.34262948207174	107.65338645418326
277	25	1	114.80239520958081	141.68063872255473
277	26	1	154.54799999999997	33.74999999999997
277	27	1	66.02794411177642	109.16367265469054
277	28	1	174.382	40.776
277	29	1	103.57000000000001	193.91800000000006
278	1	2	20	19.999999999999996
278	2	2	19.744939271255067	95.29149797570845
278	3	2	20	169.99999999999991
278	4	2	94.93999999999997	20.035999999999998
278	5	2	96.45600000000002	95.79999999999994
278	6	2	96.364	169.86399999999992
278	7	2	170.07407407407405	19.72016460905349
278	8	2	169.99999999999994	94.99999999999997
278	9	2	170.12400000000002	170.0280000000002
278	10	1	22.95608782435129	123.55289421157684
278	11	1	38.895999999999994	87.22800000000004
278	12	1	165.8276553106212	130.28657314629265
278	13	1	127.33399999999999	131.2460000000001
278	14	1	100.87624750499008	152.54091816367276
278	15	1	93.52400000000002	72.65200000000002
278	16	1	157.21399999999994	54.57400000000002
278	17	1	159.43313373253486	74.55489021956089
278	18	1	80.5430861723447	83.70140280561115
278	19	1	30.203999999999983	71.09999999999997
278	20	1	78.93812375249502	102.59680638722567
278	21	1	22.79599999999999	147.66999999999996
278	22	1	129.01195219123503	159.59163346613545
278	23	1	38.86427145708583	139.59880239520962
278	24	1	38.317365269461106	107.5848303393213
278	25	1	114.80239520958084	141.64870259481026
278	26	1	154.4520000000002	33.746
278	27	1	66.00998003992022	109.19760479041915
278	28	1	174.315369261477	40.65668662674653
278	29	1	103.51400000000004	193.968
279	1	2	20	19.999999999999996
279	2	2	19.744939271255067	95.29149797570845
279	3	2	20	169.99999999999991
279	4	2	94.93999999999997	20.035999999999998
279	5	2	96.45600000000002	95.79999999999994
279	6	2	96.364	169.86399999999992
279	7	2	170.07407407407405	19.72016460905349
279	8	2	169.99999999999994	94.99999999999997
279	9	2	170.12400000000002	170.0280000000002
279	10	1	22.912	123.64999999999999
279	11	1	39.18962075848302	87.15968063872259
279	12	1	165.77245508982034	130.23752495009975
279	13	1	127.32399999999998	131.10399999999996
279	14	1	100.98399999999998	152.578
279	15	1	93.56000000000004	72.60599999999997
279	16	1	157.1140000000001	54.518000000000036
279	17	1	159.62075848303408	74.60079840319368
279	18	1	80.60600000000011	83.67000000000004
279	19	1	30.152000000000022	71.29999999999995
279	20	1	78.79200000000004	102.43000000000004
279	21	1	22.730538922155706	147.72654690618765
279	22	1	129.01197604790428	159.61676646706573
279	23	1	38.824701195219134	139.5996015936254
279	24	1	38.33599999999999	107.62600000000003
279	25	1	114.82435129740523	141.66467065868247
279	26	1	154.44199999999998	33.697999999999986
279	27	1	65.95608782435129	109.18363273453089
279	28	1	174.24000000000018	40.66200000000001
279	29	1	103.48502994011974	193.82035928143716
280	1	2	20	19.999999999999996
280	2	2	19.744939271255067	95.29149797570845
280	3	2	20	169.99999999999991
280	4	2	94.93999999999997	20.035999999999998
280	5	2	96.45600000000002	95.79999999999994
280	6	2	96.364	169.86399999999992
280	7	2	170.07407407407405	19.72016460905349
280	8	2	169.99999999999994	94.99999999999997
280	9	2	170.12400000000002	170.0280000000002
280	10	1	22.78599999999998	123.71400000000001
280	11	1	39.484	87.138
280	12	1	165.75896414342634	130.15537848605587
280	13	1	127.30938123752485	130.99401197604791
280	14	1	101.02395209580841	152.60678642714575
280	15	1	93.76693227091636	72.6912350597609
280	16	1	157.07600000000005	54.53600000000001
280	17	1	159.70799999999997	74.69600000000001
280	18	1	80.63273453093805	83.63872255489025
280	19	1	30.047904191616777	71.49301397205592
280	20	1	78.63872255489024	102.30339321357287
280	21	1	22.744	147.734
280	22	1	129.11599999999996	159.60599999999994
280	23	1	38.70799999999996	139.6300000000001
280	24	1	38.082000000000015	107.74799999999999
280	25	1	114.81200000000001	141.62599999999992
280	26	1	154.45399999999998	33.72800000000003
280	27	1	65.85200000000005	109.19800000000008
280	28	1	174.2654690618763	40.632734530938144
280	29	1	103.40800000000002	193.82799999999995
281	1	2	20	19.999999999999996
281	2	2	19.744939271255067	95.29149797570845
281	3	2	20	169.99999999999991
281	4	2	94.93999999999997	20.035999999999998
281	5	2	96.45600000000002	95.79999999999994
281	6	2	96.364	169.86399999999992
281	7	2	170.07407407407405	19.72016460905349
281	8	2	169.99999999999994	94.99999999999997
281	9	2	170.12400000000002	170.0280000000002
281	10	1	22.546906187624757	123.81636726546904
281	11	1	39.582834331337324	87.04391217564867
281	12	1	165.77245508982034	130.0818363273454
281	13	1	127.42399999999995	130.98999999999998
281	14	1	101.14970059880244	152.5508982035927
281	15	1	93.75498007968127	72.85856573705172
281	16	1	157.0519999999999	54.53399999999993
281	17	1	159.69599999999997	74.682
281	18	1	80.64199999999995	83.63999999999996
281	19	1	29.918000000000017	71.48600000000002
281	20	1	78.63927855711418	102.27655310621246
281	21	1	22.781999999999996	147.8360000000001
281	22	1	129.0878243512973	159.6287425149699
281	23	1	38.672654690618735	139.56487025948104
281	24	1	38.02994011976044	107.69461077844309
281	25	1	114.83999999999997	141.58400000000012
281	26	1	154.40800000000002	33.63599999999999
281	27	1	65.86200000000001	109.154
281	28	1	174.1117764471059	40.644710578842286
281	29	1	103.27544910179633	193.9181636726547
282	1	2	20	19.999999999999996
282	2	2	19.744939271255067	95.29149797570845
282	3	2	20	169.99999999999991
282	4	2	94.93999999999997	20.035999999999998
282	5	2	96.45600000000002	95.79999999999994
282	6	2	96.364	169.86399999999992
282	7	2	170.07407407407405	19.72016460905349
282	8	2	169.99999999999994	94.99999999999997
282	9	2	170.12400000000002	170.0280000000002
282	10	1	22.47200000000003	123.92400000000004
282	11	1	39.71656686626752	86.94211576846305
282	12	1	165.61277445109772	129.99201596806384
282	13	1	127.48103792415174	130.82435129740526
282	14	1	101.20200000000001	152.592
282	15	1	93.71999999999989	72.89599999999997
282	16	1	157.06600000000006	54.525999999999996
282	17	1	159.6746506986027	74.61277445109776
282	18	1	80.62800000000006	83.65000000000003
282	19	1	29.9680638722555	71.39520958083824
282	20	1	78.61199999999998	102.27400000000006
282	21	1	22.783999999999992	147.84000000000003
282	22	1	129.1377245508981	159.67065868263472
282	23	1	38.63999999999999	139.50199999999987
282	24	1	37.93413173652697	107.61077844311374
282	25	1	114.81274900398404	141.52788844621492
282	26	1	154.41599999999988	33.62400000000001
282	27	1	65.93812375249506	109.27944111776453
282	28	1	174.07800000000003	40.608
282	29	1	103.15169660678636	194.02794411177638
283	1	2	20	19.999999999999996
283	2	2	19.744939271255067	95.29149797570845
283	3	2	20	169.99999999999991
283	4	2	94.93999999999997	20.035999999999998
283	5	2	96.45600000000002	95.79999999999994
283	6	2	96.364	169.86399999999992
283	7	2	170.07407407407405	19.72016460905349
283	8	2	169.99999999999994	94.99999999999997
283	9	2	170.12400000000002	170.0280000000002
283	10	1	22.230000000000004	124.038
283	11	1	39.85800000000004	86.96999999999997
283	12	1	165.57085828343315	129.94411177644713
283	13	1	127.492	130.69800000000004
283	14	1	101.36000000000004	152.67199999999997
283	15	1	93.79600000000003	72.85999999999996
283	16	1	157.0741482965931	54.595190380761544
283	17	1	159.65400000000005	74.67399999999999
283	18	1	80.70459081836331	83.63073852295409
283	19	1	29.866267465069853	71.55289421157681
283	20	1	78.51999999999997	102.23599999999993
283	21	1	22.768	147.91400000000002
283	22	1	129.13373253493006	159.56886227544902
283	23	1	38.60079840319361	139.34131736526942
283	24	1	37.78600000000002	107.67199999999997
283	25	1	114.78800000000005	141.54599999999996
283	26	1	154.33932135728543	33.61277445109779
283	27	1	65.91000000000001	109.26600000000003
283	28	1	173.9739999999999	40.591999999999985
283	29	1	103.03792415169671	193.90019960079837
284	1	2	20	19.999999999999996
284	2	2	19.744939271255067	95.29149797570845
284	3	2	20	169.99999999999991
284	4	2	94.93999999999997	20.035999999999998
284	5	2	96.45600000000002	95.79999999999994
284	6	2	96.364	169.86399999999992
284	7	2	170.07407407407405	19.72016460905349
284	8	2	169.99999999999994	94.99999999999997
284	9	2	170.12400000000002	170.0280000000002
284	10	1	22.08582834331337	124.12574850299406
284	11	1	39.9740518962076	86.77245508982034
284	12	1	165.60479041916156	129.94411177644702
284	13	1	127.40918163672659	130.41117764471068
284	14	1	101.52095808383224	152.78243512974043
284	15	1	93.93199999999993	72.98799999999994
284	16	1	157.04200000000003	54.602000000000004
284	17	1	159.62874251497	74.70059880239528
284	18	1	80.62400000000012	83.71200000000005
284	19	1	29.860000000000014	71.59600000000002
284	20	1	78.48999999999997	102.18799999999989
284	21	1	22.776000000000007	147.93199999999993
284	22	1	129.19361277445114	159.52694610778462
284	23	1	38.565999999999974	139.29999999999998
284	24	1	37.622754491017965	107.60479041916169
284	25	1	114.834	141.5319999999999
284	26	1	154.33932135728543	33.60678642714571
284	27	1	65.87025948103788	109.22954091816368
284	28	1	173.96600000000015	40.47600000000001
284	29	1	102.94610778443108	193.80439121756478
285	1	2	20	19.999999999999996
285	2	2	19.744939271255067	95.29149797570845
285	3	2	20	169.99999999999991
285	4	2	94.93999999999997	20.035999999999998
285	5	2	96.45600000000002	95.79999999999994
285	6	2	96.364	169.86399999999992
285	7	2	170.07407407407405	19.72016460905349
285	8	2	169.99999999999994	94.99999999999997
285	9	2	170.12400000000002	170.0280000000002
285	10	1	21.73253493013974	124.24351297405185
285	11	1	40.08582834331341	86.8183632734531
285	12	1	165.67664670658687	129.82634730538916
285	13	1	127.49500998003987	130.2894211576846
285	14	1	101.49601593625484	152.8864541832669
285	15	1	93.85599999999997	72.97599999999993
285	16	1	156.99999999999991	54.709999999999994
285	17	1	159.67599999999993	74.68599999999999
285	18	1	80.63000000000008	83.68800000000002
285	19	1	29.926000000000002	71.642
285	20	1	78.39720558882237	102.1337325349301
285	21	1	22.88822355289421	147.96007984031934
285	22	1	129.26546906187627	159.43313373253486
285	23	1	38.582834331337295	139.1976047904191
285	24	1	37.30938123752497	107.65668662674635
285	25	1	114.87200000000004	141.55200000000005
285	26	1	154.3080000000001	33.612000000000016
285	27	1	65.734	109.21000000000002
285	28	1	173.87824351297405	40.41117764471055
285	29	1	102.8423153692615	193.90618762475037
286	1	2	20	19.999999999999996
286	2	2	19.744939271255067	95.29149797570845
286	3	2	20	169.99999999999991
286	4	2	94.93999999999997	20.035999999999998
286	5	2	96.45600000000002	95.79999999999994
286	6	2	96.364	169.86399999999992
286	7	2	170.07407407407405	19.72016460905349
286	8	2	169.99999999999994	94.99999999999997
286	9	2	170.12400000000002	170.0280000000002
286	10	1	21.684630738522937	124.19361277445094
286	11	1	40.36800000000003	86.688
286	12	1	165.79200000000023	129.96399999999994
286	13	1	127.49700598802401	130.20958083832352
286	14	1	101.59481037924144	152.94610778443112
286	15	1	93.93600000000008	72.99400000000003
286	16	1	156.92999999999995	54.78599999999997
286	17	1	159.749498997996	74.7194388777555
286	18	1	80.63727454909814	83.68937875751499
286	19	1	29.814371257485032	71.87425149700607
286	20	1	78.19960079840322	101.96606786427145
286	21	1	22.970059880239507	147.90219560878265
286	22	1	129.2900000000001	159.446
286	23	1	38.57684630738521	139.14970059880227
286	24	1	37.081999999999994	107.574
286	25	1	114.84399999999997	141.57599999999994
286	26	1	154.2939999999999	33.611999999999995
286	27	1	65.81200000000001	109.31200000000003
286	28	1	173.8103792415168	40.37125748502996
286	29	1	102.82634730538918	193.9960079840321
287	1	2	20	19.999999999999996
287	2	2	19.744939271255067	95.29149797570845
287	3	2	20	169.99999999999991
287	4	2	94.93999999999997	20.035999999999998
287	5	2	96.45600000000002	95.79999999999994
287	6	2	96.364	169.86399999999992
287	7	2	170.07407407407405	19.72016460905349
287	8	2	169.99999999999994	94.99999999999997
287	9	2	170.12400000000002	170.0280000000002
287	10	1	21.485029940119766	124.37325349301393
287	11	1	40.546906187624735	86.63872255489021
287	12	1	165.7085828343313	129.95608782435121
287	13	1	127.53892215568861	130.03193612774453
287	14	1	101.76846307385226	153.0638722554891
287	15	1	93.97005988023943	73.01596806387238
287	16	1	156.90818363273453	54.78443113772457
287	17	1	159.8500000000001	74.82800000000006
287	18	1	80.65399999999998	83.70199999999991
287	19	1	29.970059880239514	71.85029940119763
287	20	1	78.04600000000008	101.88600000000008
287	21	1	23.031936127744526	147.8982035928143
287	22	1	129.3319999999999	159.4559999999999
287	23	1	38.57	138.9799999999999
287	24	1	36.84599999999998	107.52199999999996
287	25	1	114.86826347305386	141.5189620758484
287	26	1	154.24950099800392	33.602794411177655
287	27	1	65.80000000000004	109.37199999999999
287	28	1	173.82834331337298	40.129740518962066
287	29	1	102.654	193.93399999999988
288	1	2	20	19.999999999999996
288	2	2	19.744939271255067	95.29149797570845
288	3	2	20	169.99999999999991
288	4	2	94.93999999999997	20.035999999999998
288	5	2	96.45600000000002	95.79999999999994
288	6	2	96.364	169.86399999999992
288	7	2	170.07407407407405	19.72016460905349
288	8	2	169.99999999999994	94.99999999999997
288	9	2	170.12400000000002	170.0280000000002
288	10	1	21.317999999999994	124.46200000000002
288	11	1	40.674000000000014	86.578
288	12	1	165.73000000000008	129.95799999999997
288	13	1	127.45908183632733	129.8502994011978
288	14	1	101.78642714570859	153.05588822355293
288	15	1	94.18799999999993	73.13400000000006
288	16	1	157.104	54.96999999999996
288	17	1	159.91616766467075	74.87025948103796
288	18	1	80.70658682634735	83.77245508982037
288	19	1	29.972055888223572	71.92814371257485
288	20	1	77.95200000000004	101.85000000000002
288	21	1	23.041916167664684	147.84830339321363
288	22	1	129.21756487025945	159.40518962075842
288	23	1	38.58083832335328	138.9221556886226
288	24	1	36.658682634730525	107.49500998003987
288	25	1	114.90999999999998	141.54399999999984
288	26	1	154.27399999999992	33.569999999999936
288	27	1	65.73453093812368	109.38323353293416
288	28	1	173.74399999999991	40.06400000000004
288	29	1	102.55999999999996	193.92400000000015
289	1	2	20	19.999999999999996
289	2	2	19.744939271255067	95.29149797570845
289	3	2	20	169.99999999999991
289	4	2	94.93999999999997	20.035999999999998
289	5	2	96.45600000000002	95.79999999999994
289	6	2	96.364	169.86399999999992
289	7	2	170.07407407407405	19.72016460905349
289	8	2	169.99999999999994	94.99999999999997
289	9	2	170.12400000000002	170.0280000000002
289	10	1	21.201596806387208	124.57684630738531
289	11	1	40.85400000000001	86.48399999999994
289	12	1	165.63346613545815	129.92828685258948
289	13	1	127.33333333333341	129.73852295409185
289	14	1	101.9199999999999	153.20000000000002
289	15	1	94.22999999999996	73.154
289	16	1	157.09381237524966	55.00199600798401
289	17	1	159.9740000000001	74.87799999999993
289	18	1	80.62925851703407	83.85170340681367
289	19	1	30.097804391217565	71.9820359281437
289	20	1	77.83665338645427	101.7868525896414
289	21	1	23.066	147.8660000000001
289	22	1	129.22399999999993	159.2940000000001
289	23	1	38.58999999999999	138.84400000000008
289	24	1	36.46107784431142	107.48902195608775
289	25	1	114.89620758483032	141.54091816367276
289	26	1	154.22754491017963	33.582834331337324
289	27	1	65.76799999999996	109.44199999999996
289	28	1	173.8043912175649	39.8822355289421
289	29	1	102.37400000000001	193.90800000000002
290	1	2	20	19.999999999999996
290	2	2	19.744939271255067	95.29149797570845
290	3	2	20	169.99999999999991
290	4	2	94.93999999999997	20.035999999999998
290	5	2	96.45600000000002	95.79999999999994
290	6	2	96.364	169.86399999999992
290	7	2	170.07407407407405	19.72016460905349
290	8	2	169.99999999999994	94.99999999999997
290	9	2	170.12400000000002	170.0280000000002
290	10	1	21.094000000000005	124.65799999999999
290	11	1	40.90600000000003	86.38000000000005
290	12	1	165.69461077844323	129.9121756487025
290	13	1	127.39799999999997	129.66799999999992
290	14	1	101.97211155378487	153.28286852589648
290	15	1	94.35600000000002	73.13999999999997
290	16	1	157.11976047904201	55.01397205588824
290	17	1	159.90219560878225	74.85828343313382
290	18	1	80.56886227544915	83.87624750499008
290	19	1	30.120000000000015	72.05199999999998
290	20	1	77.73253493013964	101.77045908183638
290	21	1	22.992	147.80200000000008
290	22	1	129.25948103792413	159.20359281437115
290	23	1	38.55310621242492	138.84569138276552
290	24	1	36.273999999999994	107.48800000000004
290	25	1	114.93386773547087	141.53106212424854
290	26	1	154.16400000000004	33.56200000000001
290	27	1	65.63473053892214	109.3832335329341
290	28	1	173.69400000000005	39.872
290	29	1	102.21442885771543	193.87775551102206
291	1	2	20	19.999999999999996
291	2	2	19.744939271255067	95.29149797570845
291	3	2	20	169.99999999999991
291	4	2	94.93999999999997	20.035999999999998
291	5	2	96.45600000000002	95.79999999999994
291	6	2	96.364	169.86399999999992
291	7	2	170.07407407407405	19.72016460905349
291	8	2	169.99999999999994	94.99999999999997
291	9	2	170.12400000000002	170.0280000000002
291	10	1	20.862275449101805	124.85828343313378
291	11	1	41.09980039920161	86.34930139720561
291	12	1	165.61999999999986	129.874
291	13	1	127.42799999999995	129.6140000000001
291	14	1	101.98200000000004	153.36600000000007
291	15	1	94.31137724550898	73.05189620758478
291	16	1	157.10778443113784	55.055888223552905
291	17	1	159.8882235528941	74.84031936127738
291	18	1	80.63999999999996	83.94400000000009
291	19	1	30.022000000000016	72.29400000000004
291	20	1	77.75049900199608	101.74650698602792
291	21	1	23.029999999999983	147.87599999999992
291	22	1	129.2180000000001	159.232
291	23	1	38.55599999999998	138.712
291	24	1	36.08582834331336	107.46107784431136
291	25	1	114.94011976047896	141.5129740518963
291	26	1	154.09200000000007	33.55
291	27	1	65.6487025948104	109.44111776447102
291	28	1	173.61676646706582	39.82834331337323
291	29	1	102.20799999999998	193.80400000000003
292	1	2	20	19.999999999999996
292	2	2	19.744939271255067	95.29149797570845
292	3	2	20	169.99999999999991
292	4	2	94.93999999999997	20.035999999999998
292	5	2	96.45600000000002	95.79999999999994
292	6	2	96.364	169.86399999999992
292	7	2	170.07407407407405	19.72016460905349
292	8	2	169.99999999999994	94.99999999999997
292	9	2	170.12400000000002	170.0280000000002
292	10	1	20.678642714570874	125.02195608782436
292	11	1	41.17928286852588	86.33466135458173
292	12	1	165.626746506986	129.8183632734531
292	13	1	127.40000000000002	129.48000000000013
292	14	1	102.08599999999998	153.3939999999999
292	15	1	94.34869739478955	73.14028056112221
292	16	1	157.16200000000003	55.16200000000004
292	17	1	159.86599999999984	74.71799999999996
292	18	1	80.60800000000002	84.00399999999999
292	19	1	29.972111553784877	72.34661354581682
292	20	1	77.75249500997995	101.81037924151704
292	21	1	22.99	147.85200000000012
292	22	1	129.29600000000005	159.184
292	23	1	38.53692614770462	138.56886227544905
292	24	1	35.86000000000003	107.446
292	25	1	114.96600000000007	141.50600000000003
292	26	1	154.08000000000004	33.568000000000005
292	27	1	65.49599999999998	109.36200000000001
292	28	1	173.55000000000004	39.81399999999998
292	29	1	102.13000000000012	193.656
293	1	2	20	19.999999999999996
293	2	2	19.744939271255067	95.29149797570845
293	3	2	20	169.99999999999991
293	4	2	94.93999999999997	20.035999999999998
293	5	2	96.45600000000002	95.79999999999994
293	6	2	96.364	169.86399999999992
293	7	2	170.07407407407405	19.72016460905349
293	8	2	169.99999999999994	94.99999999999997
293	9	2	170.12400000000002	170.0280000000002
293	10	1	20.6187624750499	125.33133732534941
293	11	1	41.39200000000002	86.25800000000004
293	12	1	165.61277445109772	129.73852295409182
293	13	1	127.3672654690619	129.32934131736528
293	14	1	102.08617234468937	153.40881763527048
293	15	1	94.35270541082167	73.17835671342688
293	16	1	157.10978043912172	55.15768463073848
293	17	1	159.7414829659317	74.67334669338678
293	18	1	80.58200000000004	84.11999999999995
293	19	1	30.059760956175307	72.4063745019921
293	20	1	77.57999999999994	101.79799999999997
293	21	1	22.974051896207566	147.93013972055888
293	22	1	129.29999999999998	159.12399999999997
293	23	1	38.57485029940119	138.3972055888224
293	24	1	35.71856287425146	107.32734530938124
293	25	1	115.00598802395203	141.5349301397205
293	26	1	154.0220000000002	33.471999999999994
293	27	1	65.62600000000003	109.526
293	28	1	173.47504990019965	39.75249500998005
293	29	1	102.09980039920161	193.66866267465085
294	1	2	20	19.999999999999996
294	2	2	19.744939271255067	95.29149797570845
294	3	2	20	169.99999999999991
294	4	2	94.93999999999997	20.035999999999998
294	5	2	96.45600000000002	95.79999999999994
294	6	2	96.364	169.86399999999992
294	7	2	170.07407407407405	19.72016460905349
294	8	2	169.99999999999994	94.99999999999997
294	9	2	170.12400000000002	170.0280000000002
294	10	1	20.435129740518956	125.55489021956082
294	11	1	41.50996015936256	86.20119521912348
294	12	1	165.58882235528955	129.74451097804402
294	13	1	127.36673346693384	129.16833667334672
294	14	1	102.18399999999993	153.41199999999992
294	15	1	94.35728542914175	73.19560878243516
294	16	1	157.08799999999988	55.18200000000005
294	17	1	159.79041916167665	74.67864271457086
294	18	1	80.49699398797604	84.16833667334674
294	19	1	30.10000000000002	72.40800000000006
294	20	1	77.46200000000002	101.712
294	21	1	23.018000000000015	147.952
294	22	1	129.27800000000005	159.12800000000016
294	23	1	38.59199999999996	138.22000000000008
294	24	1	35.45109780439126	107.31137724550894
294	25	1	115.11776447105792	141.45109780439122
294	26	1	153.93000000000006	33.54200000000004
294	27	1	65.6686626746507	109.57285429141719
294	28	1	173.43313373253505	39.63473053892214
294	29	1	102.0498007968128	193.70717131474095
295	1	2	20	19.999999999999996
295	2	2	19.744939271255067	95.29149797570845
295	3	2	20	169.99999999999991
295	4	2	94.93999999999997	20.035999999999998
295	5	2	96.45600000000002	95.79999999999994
295	6	2	96.364	169.86399999999992
295	7	2	170.07407407407405	19.72016460905349
295	8	2	169.99999999999994	94.99999999999997
295	9	2	170.12400000000002	170.0280000000002
295	10	1	20.28600000000002	125.65000000000005
295	11	1	41.549999999999976	86.20000000000005
295	12	1	165.63473053892224	129.70658682634726
295	13	1	127.44800000000001	129.07200000000003
295	14	1	102.33199999999998	153.40599999999984
295	15	1	94.56312625250497	73.22444889779547
295	16	1	157.04199999999994	55.19399999999997
295	17	1	159.71000000000006	74.636
295	18	1	80.64670658682635	84.1656686626746
295	19	1	30.178000000000008	72.39800000000005
295	20	1	77.356	101.6880000000001
295	21	1	23.035928143712585	147.91616766467052
295	22	1	129.31863727454908	159.14228456913838
295	23	1	38.58283433133727	138.17165668662676
295	24	1	35.32599999999999	107.338
295	25	1	115.17400000000005	141.42199999999994
295	26	1	153.94411177644704	33.544910179640674
295	27	1	65.61676646706586	109.57884231536929
295	28	1	173.35928143712587	39.66267465069856
295	29	1	101.90199999999996	193.63000000000008
296	1	2	20	19.999999999999996
296	2	2	19.744939271255067	95.29149797570845
296	3	2	20	169.99999999999991
296	4	2	94.93999999999997	20.035999999999998
296	5	2	96.45600000000002	95.79999999999994
296	6	2	96.364	169.86399999999992
296	7	2	170.07407407407405	19.72016460905349
296	8	2	169.99999999999994	94.99999999999997
296	9	2	170.12400000000002	170.0280000000002
296	10	1	20.1317365269461	125.87225548902201
296	11	1	41.5169660678643	86.01796407185626
296	12	1	165.61676646706567	129.688622754491
296	13	1	127.40200000000004	128.814
296	14	1	102.25999999999998	153.42399999999998
296	15	1	94.70200000000008	73.18400000000005
296	16	1	157.0758483033931	55.265469061876274
296	17	1	159.72255489021947	74.68662674650692
296	18	1	80.55999999999997	84.25999999999993
296	19	1	30.121513944223114	72.39840637450202
296	20	1	77.33333333333337	101.67664670658691
296	21	1	23.10557768924303	147.83864541832662
296	22	1	129.25399999999996	159.04599999999988
296	23	1	38.586	137.95800000000008
296	24	1	35.116000000000035	107.2359999999999
296	25	1	115.36000000000004	141.4419999999999
296	26	1	153.92000000000013	33.481999999999985
296	27	1	65.64000000000001	109.68400000000003
296	28	1	173.1696606786425	39.62475049900197
296	29	1	101.79840319361269	193.6227544910179
297	1	2	20	19.999999999999996
297	2	2	19.744939271255067	95.29149797570845
297	3	2	20	169.99999999999991
297	4	2	94.93999999999997	20.035999999999998
297	5	2	96.45600000000002	95.79999999999994
297	6	2	96.364	169.86399999999992
297	7	2	170.07407407407405	19.72016460905349
297	8	2	169.99999999999994	94.99999999999997
297	9	2	170.12400000000002	170.0280000000002
297	10	1	20.003992015968066	125.99201596806384
297	11	1	41.65737051792827	85.83864541832672
297	12	1	165.64600000000004	129.68999999999994
297	13	1	127.44910179640718	128.66666666666666
297	14	1	102.17200000000011	153.4259999999999
297	15	1	94.72455089820362	73.11976047904187
297	16	1	157.07385229540924	55.3612774451098
297	17	1	159.71656686626747	74.67465069860278
297	18	1	80.51696606786427	84.28742514970057
297	19	1	30.190000000000005	72.42999999999992
297	20	1	77.23952095808393	101.64471057884231
297	21	1	23.085828343313388	147.84630738522966
297	22	1	129.17199999999997	158.962
297	23	1	38.5528942115769	137.9081836327347
297	24	1	34.89820359281437	107.15568862275452
297	25	1	115.38	141.43000000000015
297	26	1	153.86172344689362	33.55511022044089
297	27	1	65.61800000000001	109.71800000000002
297	28	1	173.03984063745006	39.6454183266932
297	29	1	101.7405189620758	193.70059880239515
298	1	2	20	19.999999999999996
298	2	2	19.744939271255067	95.29149797570845
298	3	2	20	169.99999999999991
298	4	2	94.93999999999997	20.035999999999998
298	5	2	96.45600000000002	95.79999999999994
298	6	2	96.364	169.86399999999992
298	7	2	170.07407407407405	19.72016460905349
298	8	2	169.99999999999994	94.99999999999997
298	9	2	170.12400000000002	170.0280000000002
298	10	1	19.929999999999986	126.13000000000002
298	11	1	41.65139442231077	85.68725099601589
298	12	1	165.68463073852288	129.74850299401194
298	13	1	127.482	128.56600000000003
298	14	1	102.18599999999998	153.43800000000005
298	15	1	94.8016032064128	73.14028056112224
298	16	1	157.16200000000003	55.51600000000003
298	17	1	159.78884462151407	74.703187250996
298	18	1	80.48702594810382	84.32335329341316
298	19	1	30.064000000000018	72.64799999999997
298	20	1	77.27600000000004	101.65199999999992
298	21	1	23.05788423153692	147.8263473053893
298	22	1	129.29341317365257	158.87624750499003
298	23	1	38.52694610778443	137.90818363273453
298	24	1	34.86227544910176	107.28143712574847
298	25	1	115.41117764471055	141.43912175648697
298	26	1	153.87225548902217	33.56886227544907
298	27	1	65.55399999999999	109.70600000000002
298	28	1	173.038	39.58200000000002
298	29	1	101.73799999999996	193.77800000000013
299	1	2	20	19.999999999999996
299	2	2	19.744939271255067	95.29149797570845
299	3	2	20	169.99999999999991
299	4	2	94.93999999999997	20.035999999999998
299	5	2	96.45600000000002	95.79999999999994
299	6	2	96.364	169.86399999999992
299	7	2	170.07407407407405	19.72016460905349
299	8	2	169.99999999999994	94.99999999999997
299	9	2	170.12400000000002	170.0280000000002
299	10	1	19.831999999999987	126.19199999999992
299	11	1	41.73453093812372	85.69860279441117
299	12	1	165.73253493013993	129.6407185628742
299	13	1	127.41516966067861	128.42315369261485
299	14	1	102.21200000000002	153.37999999999988
299	15	1	94.8403193612775	73.07984031936127
299	16	1	157.21357285429153	55.61277445109782
299	17	1	159.872	74.77600000000004
299	18	1	80.50199203187252	84.46015936254977
299	19	1	30.0741482965932	72.72545090180371
299	20	1	77.24200000000003	101.77400000000002
299	21	1	23	147.7880000000001
299	22	1	129.29400000000007	158.84999999999997
299	23	1	38.487025948103785	137.7624750499004
299	24	1	34.65000000000001	107.22400000000005
299	25	1	115.57200000000002	141.48399999999995
299	26	1	153.7844311377245	33.700598802395206
299	27	1	65.38123752495015	109.77644710578835
299	28	1	172.98602794411175	39.59481037924151
299	29	1	101.63799999999996	193.75
300	1	2	20	19.999999999999996
300	2	2	19.744939271255067	95.29149797570845
300	3	2	20	169.99999999999991
300	4	2	94.93999999999997	20.035999999999998
300	5	2	96.45600000000002	95.79999999999994
300	6	2	96.364	169.86399999999992
300	7	2	170.07407407407405	19.72016460905349
300	8	2	169.99999999999994	94.99999999999997
300	9	2	170.12400000000002	170.0280000000002
300	10	1	19.810379241516983	126.25548902195617
300	11	1	41.763999999999974	85.544
300	12	1	165.8319999999999	129.59600000000003
300	13	1	127.42914171656692	128.28542914171655
300	14	1	102.20359281437139	153.3712574850301
300	15	1	94.89579158316636	73.0681362725451
300	16	1	157.15200000000016	55.61600000000003
300	17	1	159.80399999999995	74.7479999999999
300	18	1	80.51599999999998	84.48400000000015
300	19	1	30.02594810379242	72.77644710578845
300	20	1	77.20359281437128	101.74850299401191
300	21	1	22.99003984063742	147.703187250996
300	22	1	129.28599999999997	158.71599999999995
300	23	1	38.48200000000001	137.62399999999994
300	24	1	34.37875751503005	107.09018036072148
300	25	1	115.624	141.39599999999993
300	26	1	153.76953907815627	33.6793587174349
300	27	1	65.27799999999995	109.77600000000001
300	28	1	172.8942115768462	39.6307385229541
300	29	1	101.58083832335338	193.77245508982045
301	1	2	20	19.999999999999996
301	2	2	19.744939271255067	95.29149797570845
301	3	2	20	169.99999999999991
301	4	2	94.93999999999997	20.035999999999998
301	5	2	96.45600000000002	95.79999999999994
301	6	2	96.364	169.86399999999992
301	7	2	170.07407407407405	19.72016460905349
301	8	2	169.99999999999994	94.99999999999997
301	9	2	170.12400000000002	170.0280000000002
301	10	1	19.700598802395216	126.40918163672654
301	11	1	41.72055888223553	85.39720558882232
301	12	1	165.79840319361296	129.5768463073852
301	13	1	127.50200000000002	128.23200000000008
301	14	1	102.2335329341318	153.35129740518968
301	15	1	94.99199999999992	73.05599999999997
301	16	1	156.96400000000006	55.69799999999995
301	17	1	159.77200000000008	74.74400000000004
301	18	1	80.52200000000006	84.56600000000002
301	19	1	30.076	72.80000000000007
301	20	1	77.11399999999999	101.77200000000003
301	21	1	23.094188376753497	147.5631262525051
301	22	1	129.348	158.66600000000008
301	23	1	38.53093812375244	137.56487025948113
301	24	1	34.38722554890221	107.13173652694617
301	25	1	115.6999999999999	141.39800000000005
301	26	1	153.7764471057886	33.68662674650698
301	27	1	65.21199999999995	109.79599999999996
301	28	1	172.86227544910184	39.64471057884232
301	29	1	101.48303393213565	193.87025948103775
302	1	2	20	19.999999999999996
302	2	2	19.744939271255067	95.29149797570845
302	3	2	20	169.99999999999991
302	4	2	94.93999999999997	20.035999999999998
302	5	2	96.45600000000002	95.79999999999994
302	6	2	96.364	169.86399999999992
302	7	2	170.07407407407405	19.72016460905349
302	8	2	169.99999999999994	94.99999999999997
302	9	2	170.12400000000002	170.0280000000002
302	10	1	19.56799999999999	126.47799999999995
302	11	1	41.74650698602795	85.19161676646705
302	12	1	165.99800796812713	129.63545816733063
302	13	1	127.51999999999995	128.10399999999996
302	14	1	102.22800000000004	153.41599999999983
302	15	1	95.22355289421154	73.10578842315368
302	16	1	157.0339321357287	55.81037924151696
302	17	1	159.65130260521025	74.74148296593185
302	18	1	80.63126252505005	84.51903807615224
302	19	1	30.06999999999999	72.86800000000004
302	20	1	77.08982035928148	101.748502994012
302	21	1	23.087999999999997	147.65400000000014
302	22	1	129.38922155688635	158.63073852295426
302	23	1	38.57199999999999	137.37800000000013
302	24	1	34.20758483033932	107.10578842315371
302	25	1	115.74399999999994	141.344
302	26	1	153.82800000000015	33.68400000000003
302	27	1	65.04999999999998	109.7560000000001
302	28	1	172.79799999999997	39.629999999999995
302	29	1	101.36254980079681	193.96015936254994
303	1	2	20	19.999999999999996
303	2	2	19.744939271255067	95.29149797570845
303	3	2	20	169.99999999999991
303	4	2	94.93999999999997	20.035999999999998
303	5	2	96.45600000000002	95.79999999999994
303	6	2	96.364	169.86399999999992
303	7	2	170.07407407407405	19.72016460905349
303	8	2	169.99999999999994	94.99999999999997
303	9	2	170.12400000000002	170.0280000000002
303	10	1	19.393213572854304	126.58083832335309
303	11	1	41.848303393213556	85.13972055888223
303	12	1	166.05210420841692	129.56112224448904
303	13	1	127.66267465069856	127.94810379241517
303	14	1	102.19400000000006	153.53799999999993
303	15	1	95.27799999999992	73.02599999999995
303	16	1	157.03399999999988	55.797999999999995
303	17	1	159.55289421157698	74.69261477045912
303	18	1	80.72400000000006	84.55600000000005
303	19	1	30.066	72.984
303	20	1	77.05600000000004	101.72399999999998
303	21	1	23.123752495010006	147.55289421157696
303	22	1	129.2854291417166	158.57085828343315
303	23	1	38.56686626746506	137.22355289421145
303	24	1	34.18562874251496	107.06187624750498
303	25	1	115.82400000000004	141.23999999999984
303	26	1	153.80439121756476	33.63473053892214
303	27	1	65.02599999999995	109.80399999999999
303	28	1	172.75848303393215	39.62874251497004
303	29	1	101.28256513026055	193.9398797595193
304	1	2	20	19.999999999999996
304	2	2	19.744939271255067	95.29149797570845
304	3	2	20	169.99999999999991
304	4	2	94.93999999999997	20.035999999999998
304	5	2	96.45600000000002	95.79999999999994
304	6	2	96.364	169.86399999999992
304	7	2	170.07407407407405	19.72016460905349
304	8	2	169.99999999999994	94.99999999999997
304	9	2	170.12400000000002	170.0280000000002
304	10	1	19.26200000000001	126.59000000000005
304	11	1	41.85599999999998	85.03000000000007
304	12	1	166.1716566866267	129.58483033932134
304	13	1	127.86227544910186	127.78642714570863
304	14	1	102.09799999999996	153.65999999999983
304	15	1	95.52409638554221	73.03614457831321
304	16	1	157.04391217564873	55.878243512974024
304	17	1	159.5756972111555	74.66334661354578
304	18	1	80.72599999999997	84.51200000000006
304	19	1	29.93812375249501	73.22155688622756
304	20	1	77.05800000000008	101.71399999999996
304	21	1	23.183632734530924	147.49700598802391
304	22	1	129.3119999999999	158.42399999999995
304	23	1	38.5788423153693	137.06986027944114
304	24	1	34.04780876494022	107.11155378486058
304	25	1	115.8622754491018	141.23952095808374
304	26	1	153.7904191616765	33.67265469061872
304	27	1	64.90219560878236	109.72055888223555
304	28	1	172.7440000000001	39.544
304	29	1	101.22554890219565	193.97205588822334
305	1	2	20	19.999999999999996
305	2	2	19.744939271255067	95.29149797570845
305	3	2	20	169.99999999999991
305	4	2	94.93999999999997	20.035999999999998
305	5	2	96.45600000000002	95.79999999999994
305	6	2	96.364	169.86399999999992
305	7	2	170.07407407407405	19.72016460905349
305	8	2	169.99999999999994	94.99999999999997
305	9	2	170.12400000000002	170.0280000000002
305	10	1	19.04800000000001	126.69000000000001
305	11	1	41.884231536926144	85.00798403193613
305	12	1	166.31337325349293	129.54890219560895
305	13	1	127.984	127.692
305	14	1	102.016	153.65999999999985
305	15	1	95.72799999999992	72.98800000000004
305	16	1	157.08183632734526	55.972055888223586
305	17	1	159.3959999999998	74.56200000000001
305	18	1	80.72799999999998	84.51800000000004
305	19	1	29.853999999999985	73.38599999999997
305	20	1	77.03992015968068	101.78842315369263
305	21	1	23.187624750498987	147.4790419161676
305	22	1	129.25400000000008	158.36400000000015
305	23	1	38.54491017964074	136.90818363273453
305	24	1	34.09580838323354	107.1317365269461
305	25	1	116.00399201596804	141.2495009980039
305	26	1	153.83632734530931	33.75648702594809
305	27	1	64.86599999999997	109.78799999999998
305	28	1	172.77999999999992	39.59399999999999
305	29	1	101.11599999999996	193.8719999999999
306	1	2	20	19.999999999999996
306	2	2	19.744939271255067	95.29149797570845
306	3	2	20	169.99999999999991
306	4	2	94.93999999999997	20.035999999999998
306	5	2	96.45600000000002	95.79999999999994
306	6	2	96.364	169.86399999999992
306	7	2	170.07407407407405	19.72016460905349
306	8	2	169.99999999999994	94.99999999999997
306	9	2	170.12400000000002	170.0280000000002
306	10	1	18.984031936127764	126.72455089820357
306	11	1	41.95599999999999	84.92199999999998
306	12	1	166.4219999999999	129.56000000000017
306	13	1	128.21956087824353	127.63672654690622
306	14	1	102.05799999999995	153.61800000000008
306	15	1	95.68000000000004	72.98200000000003
306	16	1	157.04391217564867	56.06586826347305
306	17	1	159.26999999999998	74.53599999999994
306	18	1	80.56487025948108	84.5688622754491
306	19	1	29.920159680638733	73.44510978043897
306	20	1	77.09799999999993	101.82599999999987
306	21	1	23.145708582834335	147.44311377245498
306	22	1	129.11199999999994	158.38
306	23	1	38.52399999999995	136.73400000000007
306	24	1	34.07000000000001	107.08000000000001
306	25	1	116.06800000000003	141.20600000000002
306	26	1	153.83800000000005	33.810000000000024
306	27	1	64.81199999999997	109.7839999999999
306	28	1	172.76247504990013	39.54291417165664
306	29	1	101.09199999999998	193.85800000000017
307	1	2	20	19.999999999999996
307	2	2	19.744939271255067	95.29149797570845
307	3	2	20	169.99999999999991
307	4	2	94.93999999999997	20.035999999999998
307	5	2	96.45600000000002	95.79999999999994
307	6	2	96.364	169.86399999999992
307	7	2	170.07407407407405	19.72016460905349
307	8	2	169.99999999999994	94.99999999999997
307	9	2	170.12400000000002	170.0280000000002
307	10	1	18.831999999999994	126.88199999999998
307	11	1	41.951999999999984	84.92400000000005
307	12	1	166.57799999999992	129.56999999999985
307	13	1	128.55911823647295	127.6112224448898
307	14	1	102.05	153.66200000000003
307	15	1	95.73200000000007	72.92400000000004
307	16	1	156.9699999999999	56.123999999999974
307	17	1	159.1516966067865	74.53293413173645
307	18	1	80.61799999999985	84.564
307	19	1	29.928143712574858	73.43113772455085
307	20	1	77.09980039920158	101.82435129740522
307	21	1	23.21357285429142	147.32335329341316
307	22	1	129.15768463073854	158.16766467065875
307	23	1	38.61400000000002	136.5900000000001
307	24	1	33.98600000000004	107.07600000000006
307	25	1	116.29599999999998	141.18199999999996
307	26	1	153.8200000000001	33.804000000000016
307	27	1	64.75449101796411	109.87225548902187
307	28	1	172.61600000000013	39.609999999999935
307	29	1	101.03393213572865	193.9041916167665
308	1	2	20	19.999999999999996
308	2	2	19.744939271255067	95.29149797570845
308	3	2	20	169.99999999999991
308	4	2	94.93999999999997	20.035999999999998
308	5	2	96.45600000000002	95.79999999999994
308	6	2	96.364	169.86399999999992
308	7	2	170.07407407407405	19.72016460905349
308	8	2	169.99999999999994	94.99999999999997
308	9	2	170.12400000000002	170.0280000000002
308	10	1	18.729458917835668	126.90180360721448
308	11	1	42.00199999999999	84.89999999999989
308	12	1	166.88622754491013	129.4650698602794
308	13	1	128.62599999999998	127.36400000000005
308	14	1	101.95209580838328	153.66067864271457
308	15	1	95.838	72.88400000000009
308	16	1	156.96599999999998	56.22400000000001
308	17	1	159.23153692614764	74.63872255489026
308	18	1	80.67065868263475	84.54890219560875
308	19	1	29.889779559118228	73.4829659318638
308	20	1	77.03807615230467	101.7575150300602
308	21	1	23.156000000000024	147.09199999999993
308	22	1	129.12974051896214	158.20159680638722
308	23	1	38.61676646706586	136.56087824351323
308	24	1	33.926000000000016	107.01800000000011
308	25	1	116.39800000000002	141.2339999999998
308	26	1	153.89599999999996	33.75800000000005
308	27	1	64.616	109.89799999999994
308	28	1	172.55199999999994	39.63200000000003
308	29	1	100.94000000000017	193.97800000000007
309	1	2	20	19.999999999999996
309	2	2	19.744939271255067	95.29149797570845
309	3	2	20	169.99999999999991
309	4	2	94.93999999999997	20.035999999999998
309	5	2	96.45600000000002	95.79999999999994
309	6	2	96.364	169.86399999999992
309	7	2	170.07407407407405	19.72016460905349
309	8	2	169.99999999999994	94.99999999999997
309	9	2	170.12400000000002	170.0280000000002
309	10	1	18.635999999999992	126.95599999999997
309	11	1	42.09600000000007	84.86999999999998
309	12	1	166.89599999999993	129.39400000000006
309	13	1	128.6860000000001	127.30199999999999
309	14	1	101.86427145708582	153.7704590818363
309	15	1	95.98602794411173	72.91417165668663
309	16	1	156.7280000000001	56.38400000000005
309	17	1	159.18999999999997	74.64399999999993
309	18	1	80.7700000000001	84.518
309	19	1	29.92015968063873	73.59680638722556
309	20	1	76.95799999999998	101.72999999999998
309	21	1	23.208000000000002	147.1320000000001
309	22	1	129.15800000000002	158.12800000000007
309	23	1	38.654000000000025	136.45000000000002
309	24	1	33.820000000000014	107.05799999999996
309	25	1	116.39200000000005	141.13600000000005
309	26	1	154.00799999999998	33.79800000000004
309	27	1	64.56686626746504	109.99800399201598
309	28	1	172.50099800399224	39.70658682634733
309	29	1	100.91600000000003	194.0479999999999
310	1	2	20	19.999999999999996
310	2	2	19.744939271255067	95.29149797570845
310	3	2	20	169.99999999999991
310	4	2	94.93999999999997	20.035999999999998
310	5	2	96.45600000000002	95.79999999999994
310	6	2	96.364	169.86399999999992
310	7	2	170.07407407407405	19.72016460905349
310	8	2	169.99999999999994	94.99999999999997
310	9	2	170.12400000000002	170.0280000000002
310	10	1	18.480079681274898	126.97609561752986
310	11	1	42.163672654690636	84.76846307385229
310	12	1	167.086	129.31399999999996
310	13	1	128.7684630738523	127.23752495009978
310	14	1	101.70259481037925	153.98403193612788
310	15	1	96.23446893787586	72.97995991983964
310	16	1	156.62475049900192	56.45908183632736
310	17	1	159.04600000000002	74.57600000000001
310	18	1	80.80399999999997	84.464
310	19	1	29.879999999999992	73.71399999999996
310	20	1	76.86372745490978	101.62525050100203
310	21	1	23.309381237524946	147.09980039920154
310	22	1	129.14570858283432	158.0119760479041
310	23	1	38.71199999999997	136.17999999999995
310	24	1	33.77000000000004	107.08999999999989
310	25	1	116.46999999999998	141.07599999999988
310	26	1	154.00798403193613	33.83233532934134
310	27	1	64.51599999999999	110.0260000000001
310	28	1	172.504	39.722000000000044
310	29	1	100.78399999999996	193.86399999999992
311	1	2	20	19.999999999999996
311	2	2	19.744939271255067	95.29149797570845
311	3	2	20	169.99999999999991
311	4	2	94.93999999999997	20.035999999999998
311	5	2	96.45600000000002	95.79999999999994
311	6	2	96.364	169.86399999999992
311	7	2	170.07407407407405	19.72016460905349
311	8	2	169.99999999999994	94.99999999999997
311	9	2	170.12400000000002	170.0280000000002
311	10	1	18.258964143426297	126.97609561752986
311	11	1	42.15400000000004	84.73799999999999
311	12	1	167.21556886227543	129.28742514970045
311	13	1	128.8263473053892	127.1796407185629
311	14	1	101.60279441117765	154.001996007984
311	15	1	96.3073852295409	73.0179640718562
311	16	1	156.60279441117765	56.56287425149702
311	17	1	158.94011976047898	74.6127744510978
311	18	1	80.70800000000006	84.436
311	19	1	29.967999999999996	73.63199999999993
311	20	1	76.868	101.61199999999995
311	21	1	23.31075697211155	147.06573705179267
311	22	1	129.09400000000008	157.77599999999995
311	23	1	38.67265469061875	135.91017964071858
311	24	1	33.74451097804391	107.06586826347312
311	25	1	116.41000000000003	141.0919999999999
311	26	1	153.93227091633474	33.772908366533905
311	27	1	64.44910179640722	110.01197604790416
311	28	1	172.37800000000001	39.80000000000003
311	29	1	100.67664670658691	193.8323353293416
312	1	2	20	19.999999999999996
312	2	2	19.744939271255067	95.29149797570845
312	3	2	20	169.99999999999991
312	4	2	94.93999999999997	20.035999999999998
312	5	2	96.45600000000002	95.79999999999994
312	6	2	96.364	169.86399999999992
312	7	2	170.07407407407405	19.72016460905349
312	8	2	169.99999999999994	94.99999999999997
312	9	2	170.12400000000002	170.0280000000002
312	10	1	18.18600000000001	127.09999999999992
312	11	1	42.169660678642714	84.81636726546904
312	12	1	167.28200000000012	129.3459999999999
312	13	1	128.8922155688623	127.0998003992016
312	14	1	101.48999999999987	154.0639999999999
312	15	1	96.606	73.07800000000003
312	16	1	156.5979999999999	56.67200000000001
312	17	1	158.78685258964146	74.7589641434262
312	18	1	80.70459081836329	84.35928143712563
312	19	1	29.953999999999986	73.67399999999994
312	20	1	76.85999999999987	101.61800000000001
312	21	1	23.42914171656686	146.9640718562875
312	22	1	129.063872255489	157.68463073852294
312	23	1	38.772	135.66000000000003
312	24	1	33.73199999999999	107.14399999999993
312	25	1	116.39399999999996	141.1159999999999
312	26	1	153.90818363273436	33.712574850299376
312	27	1	64.37400000000001	109.99000000000011
312	28	1	172.30000000000004	39.794
312	29	1	100.52495009980042	193.7205588822356
313	1	2	20	19.999999999999996
313	2	2	19.744939271255067	95.29149797570845
313	3	2	20	169.99999999999991
313	4	2	94.93999999999997	20.035999999999998
313	5	2	96.45600000000002	95.79999999999994
313	6	2	96.364	169.86399999999992
313	7	2	170.07407407407405	19.72016460905349
313	8	2	169.99999999999994	94.99999999999997
313	9	2	170.12400000000002	170.0280000000002
313	10	1	18.061752988047804	127.22709163346607
313	11	1	42.22800000000001	84.70800000000003
313	12	1	167.29999999999998	129.43000000000006
313	13	1	129.01197604790428	127.02594810379246
313	14	1	101.31599999999992	154.01399999999995
313	15	1	96.75599999999993	72.93400000000001
313	16	1	156.56175298804772	56.73107569721117
313	17	1	158.69600000000034	74.81200000000003
313	18	1	80.75449101796413	84.29940119760471
313	19	1	29.97005988023951	73.72854291417161
313	20	1	76.87425149700604	101.59680638722553
313	21	1	23.594000000000005	146.84800000000013
313	22	1	128.95808383233532	157.67065868263467
313	23	1	38.851999999999975	135.57399999999998
313	24	1	33.71057884231535	107.11177644710578
313	25	1	116.51599999999998	141.17999999999984
313	26	1	153.7899999999999	33.69799999999999
313	27	1	64.31399999999995	109.97199999999997
313	28	1	172.16367265469043	39.92814371257481
313	29	1	100.41600000000001	193.6800000000002
314	1	2	20	19.999999999999996
314	2	2	19.744939271255067	95.29149797570845
314	3	2	20	169.99999999999991
314	4	2	94.93999999999997	20.035999999999998
314	5	2	96.45600000000002	95.79999999999994
314	6	2	96.364	169.86399999999992
314	7	2	170.07407407407405	19.72016460905349
314	8	2	169.99999999999994	94.99999999999997
314	9	2	170.12400000000002	170.0280000000002
314	10	1	17.90419161676646	127.27145708582837
314	11	1	42.26546906187621	84.63473053892216
314	12	1	167.57684630738538	129.42315369261468
314	13	1	129.136	126.93799999999999
314	14	1	101.18762475049903	154.17564870259486
314	15	1	96.85029940119759	72.89620758483035
314	16	1	156.56399999999994	56.78599999999999
314	17	1	158.60079840319372	74.82634730538919
314	18	1	80.79640718562877	84.29540918163666
314	19	1	29.931999999999988	73.77599999999995
314	20	1	76.81800000000001	101.50599999999997
314	21	1	23.66	146.7360000000001
314	22	1	128.93812375249507	157.622754491018
314	23	1	38.90039840637448	135.40438247011963
314	24	1	33.70541082164328	107.0741482965932
314	25	1	116.5528942115768	141.19960079840322
314	26	1	153.6267465069861	33.63273453093809
314	27	1	64.12375249500995	109.92215568862277
314	28	1	172.06586826347308	39.88423153692614
314	29	1	100.3632734530938	193.82235528942113
315	1	2	20	19.999999999999996
315	2	2	19.744939271255067	95.29149797570845
315	3	2	20	169.99999999999991
315	4	2	94.93999999999997	20.035999999999998
315	5	2	96.45600000000002	95.79999999999994
315	6	2	96.364	169.86399999999992
315	7	2	170.07407407407405	19.72016460905349
315	8	2	169.99999999999994	94.99999999999997
315	9	2	170.12400000000002	170.0280000000002
315	10	1	17.842315369261463	127.27944111776445
315	11	1	42.295409181636735	84.6287425149701
315	12	1	167.48702594810368	129.4530938123753
315	13	1	129.13799999999995	126.80200000000006
315	14	1	101.19161676646709	154.20958083832338
315	15	1	97.05776892430276	72.99203187250995
315	16	1	156.64271457085826	56.864271457085785
315	17	1	158.57400000000004	74.79600000000006
315	18	1	80.74599999999998	84.17000000000004
315	19	1	29.91799999999999	73.84399999999997
315	20	1	76.87025948103795	101.5209580838323
315	21	1	23.641999999999996	146.71599999999998
315	22	1	128.82965931863728	157.57915831663328
315	23	1	38.982035928143716	135.26147704590826
315	24	1	33.62674650698603	107.12375249501001
315	25	1	116.56400000000006	141.14799999999988
315	26	1	153.5968063872255	33.60279441117764
315	27	1	63.91616766467068	109.88423153692617
315	28	1	172.10799999999995	39.776
315	29	1	100.394	193.88400000000013
316	1	2	20	19.999999999999996
316	2	2	19.744939271255067	95.29149797570845
316	3	2	20	169.99999999999991
316	4	2	94.93999999999997	20.035999999999998
316	5	2	96.45600000000002	95.79999999999994
316	6	2	96.364	169.86399999999992
316	7	2	170.07407407407405	19.72016460905349
316	8	2	169.99999999999994	94.99999999999997
316	9	2	170.12400000000002	170.0280000000002
316	10	1	17.75498007968128	127.34262948207169
316	11	1	42.36600000000001	84.58400000000003
316	12	1	167.3426294820718	129.52988047808765
316	13	1	129.22000000000006	126.73799999999999
316	14	1	101.18762475049905	154.24950099800404
316	15	1	97.11776447105797	72.87025948103793
316	16	1	156.53599999999986	56.85000000000001
316	17	1	158.4510978043912	74.78043912175653
316	18	1	80.76047904191621	84.13772455089816
316	19	1	29.91799999999999	73.90199999999996
316	20	1	76.93413173652688	101.48303393213575
316	21	1	23.65800000000002	146.67599999999976
316	22	1	128.81999999999996	157.52000000000004
316	23	1	38.93799999999996	135.0479999999998
316	24	1	33.503984063745	107.02191235059756
316	25	1	116.57884231536929	141.11976047904207
316	26	1	153.6699999999999	33.517999999999994
316	27	1	63.88399999999997	109.79599999999998
316	28	1	172.03999999999985	39.890000000000036
316	29	1	100.32734530938126	193.99001996007976
317	1	2	20	19.999999999999996
317	2	2	19.744939271255067	95.29149797570845
317	3	2	20	169.99999999999991
317	4	2	94.93999999999997	20.035999999999998
317	5	2	96.45600000000002	95.79999999999994
317	6	2	96.364	169.86399999999992
317	7	2	170.07407407407405	19.72016460905349
317	8	2	169.99999999999994	94.99999999999997
317	9	2	170.12400000000002	170.0280000000002
317	10	1	17.665999999999993	127.39800000000002
317	11	1	42.387225548902215	84.56686626746503
317	12	1	167.39520958083824	129.54291417165655
317	13	1	129.2255489021956	126.70658682634728
317	14	1	101.12599999999995	154.30800000000002
317	15	1	97.26147704590814	72.94011976047905
317	16	1	156.566866267465	57.02195608782434
317	17	1	158.2500000000001	74.80799999999996
317	18	1	80.70800000000006	84.14000000000003
317	19	1	29.917999999999978	73.95799999999997
317	20	1	76.9880000000001	101.45000000000006
317	21	1	23.72854291417166	146.55089820359288
317	22	1	128.85429141716565	157.42714570858274
317	23	1	39.004008016032074	134.8997995991983
317	24	1	33.41716566866267	107.05988023952091
317	25	1	116.59880239520952	141.21956087824353
317	26	1	153.59880239520956	33.502994011976035
317	27	1	63.766	109.68399999999997
317	28	1	171.94610778443118	40.02395209580836
317	29	1	100.24400000000007	193.9919999999999
318	1	2	20	19.999999999999996
318	2	2	19.744939271255067	95.29149797570845
318	3	2	20	169.99999999999991
318	4	2	94.93999999999997	20.035999999999998
318	5	2	96.45600000000002	95.79999999999994
318	6	2	96.364	169.86399999999992
318	7	2	170.07407407407405	19.72016460905349
318	8	2	169.99999999999994	94.99999999999997
318	9	2	170.12400000000002	170.0280000000002
318	10	1	17.623999999999988	127.41599999999974
318	11	1	42.41600000000001	84.61399999999996
318	12	1	167.49301397205602	129.53093812375252
318	13	1	129.27744510978047	126.58882235528937
318	14	1	101.11399999999996	154.33200000000008
318	15	1	97.34131736526943	72.84830339321358
318	16	1	156.51200000000014	57.08600000000001
318	17	1	158.28143712574854	74.86427145708576
318	18	1	80.71599999999991	84.10800000000002
318	19	1	29.89820359281438	73.99800399201591
318	20	1	77.05799999999999	101.43800000000006
318	21	1	23.75449101796408	146.5309381237525
318	22	1	128.84799999999998	157.39600000000007
318	23	1	39.06374501992035	134.6633466135457
318	24	1	33.226452905811605	107.02605210420843
318	25	1	116.70119521912353	141.3326693227093
318	26	1	153.66199999999992	33.465999999999994
318	27	1	63.62199999999998	109.59199999999997
318	28	1	171.94211576846305	40.11776447105784
318	29	1	100.1816367265469	193.96407185628718
319	1	2	20	19.999999999999996
319	2	2	19.744939271255067	95.29149797570845
319	3	2	20	169.99999999999991
319	4	2	94.93999999999997	20.035999999999998
319	5	2	96.45600000000002	95.79999999999994
319	6	2	96.364	169.86399999999992
319	7	2	170.07407407407405	19.72016460905349
319	8	2	169.99999999999994	94.99999999999997
319	9	2	170.12400000000002	170.0280000000002
319	10	1	17.543999999999993	127.5499999999999
319	11	1	42.46092184368736	84.48697394789579
319	12	1	167.46307385229528	129.52694610778454
319	13	1	129.29058116232457	126.53707414829657
319	14	1	101.21399999999996	154.24400000000006
319	15	1	97.42599999999992	72.78999999999999
319	16	1	156.5309381237525	57.14371257485028
319	17	1	158.19000000000014	74.95199999999998
319	18	1	80.81037924151697	84.05788423153696
319	19	1	29.870000000000005	74.08999999999997
319	20	1	77.14570858283439	101.49500998003994
319	21	1	23.79640718562874	146.5149700598802
319	22	1	128.8619999999999	157.3079999999999
319	23	1	39.153386454183334	134.61155378486055
319	24	1	33.065868263473035	107.04391217564879
319	25	1	116.89021956087814	141.28742514970062
319	26	1	153.68063872255493	33.43912175648702
319	27	1	63.55489021956088	109.6027944111776
319	28	1	171.85400000000007	40.17200000000003
319	29	1	100.10199999999999	193.91200000000006
320	1	2	20	19.999999999999996
320	2	2	19.744939271255067	95.29149797570845
320	3	2	20	169.99999999999991
320	4	2	94.93999999999997	20.035999999999998
320	5	2	96.45600000000002	95.79999999999994
320	6	2	96.364	169.86399999999992
320	7	2	170.07407407407405	19.72016460905349
320	8	2	169.99999999999994	94.99999999999997
320	9	2	170.12400000000002	170.0280000000002
320	10	1	17.516966067864274	127.6047904191615
320	11	1	42.53493013972055	84.55888223552897
320	12	1	167.50599999999991	129.61200000000002
320	13	1	129.37600000000003	126.46999999999997
320	14	1	101.22554890219557	154.35129740518963
320	15	1	97.61000000000003	72.87200000000003
320	16	1	156.43000000000006	57.18600000000002
320	17	1	157.9900199600798	74.9141716566866
320	18	1	80.83200000000001	83.94199999999992
320	19	1	29.851999999999972	74.15199999999997
320	20	1	77.33133732534931	101.5788423153694
320	21	1	23.69999999999999	146.57599999999982
320	22	1	128.9141716566867	157.1217564870259
320	23	1	39.06986027944108	134.48303393213584
320	24	1	33.09381237524951	107.04790419161685
320	25	1	116.89800000000005	141.2479999999998
320	26	1	153.62874251496996	33.34730538922156
320	27	1	63.354	109.52800000000008
320	28	1	171.7604790419163	40.19560878243511
320	29	1	99.9101796407186	193.9361277445111
321	1	2	20	19.999999999999996
321	2	2	19.744939271255067	95.29149797570845
321	3	2	20	169.99999999999991
321	4	2	94.93999999999997	20.035999999999998
321	5	2	96.45600000000002	95.79999999999994
321	6	2	96.364	169.86399999999992
321	7	2	170.07407407407405	19.72016460905349
321	8	2	169.99999999999994	94.99999999999997
321	9	2	170.12400000000002	170.0280000000002
321	10	1	17.426000000000002	127.68400000000017
321	11	1	42.595190380761544	84.60120240480961
321	12	1	167.58	129.58800000000002
321	13	1	129.2095808383233	126.38323353293409
321	14	1	101.23752495009983	154.3473053892215
321	15	1	97.6606786427146	72.81437125748512
321	16	1	156.2359999999999	57.244000000000035
321	17	1	157.96207584830344	74.95209580838326
321	18	1	80.94188376753495	83.89579158316634
321	19	1	29.886000000000024	74.24200000000003
321	20	1	77.33732534930142	101.57684630738522
321	21	1	23.771999999999995	146.58399999999983
321	22	1	128.98199999999994	157.01400000000007
321	23	1	39.10000000000001	134.36200000000002
321	24	1	33.1676646706587	107.10179640718563
321	25	1	116.868	141.36199999999994
321	26	1	153.67529880478105	33.30876494023905
321	27	1	63.262	109.51600000000006
321	28	1	171.7245508982035	40.30738522954093
321	29	1	99.92814371257488	194.12375249501005
322	1	2	20	19.999999999999996
322	2	2	19.744939271255067	95.29149797570845
322	3	2	20	169.99999999999991
322	4	2	94.93999999999997	20.035999999999998
322	5	2	96.45600000000002	95.79999999999994
322	6	2	96.364	169.86399999999992
322	7	2	170.07407407407405	19.72016460905349
322	8	2	169.99999999999994	94.99999999999997
322	9	2	170.12400000000002	170.0280000000002
322	10	1	17.347999999999995	127.82800000000002
322	11	1	42.56200000000001	84.70799999999997
322	12	1	167.7579999999999	129.602
322	13	1	129.28199999999987	126.25799999999997
322	14	1	101.31199999999998	154.33199999999997
322	15	1	97.73253493013966	72.76447105788422
322	16	1	156.30677290836647	57.318725099601615
322	17	1	157.9720558882235	75.04790419161681
322	18	1	81.022	83.81999999999998
322	19	1	29.928000000000015	74.30000000000008
322	20	1	77.2455089820359	101.51497005988017
322	21	1	23.85657370517929	146.52788844621497
322	22	1	128.966	156.98000000000013
322	23	1	39.27944111776444	134.19361277445108
322	24	1	33.024	107.21000000000004
322	25	1	116.79282868525902	141.2330677290837
322	26	1	153.66199999999995	33.15799999999998
322	27	1	63.23799999999999	109.51999999999991
322	28	1	171.67799999999997	40.34600000000001
322	29	1	99.80478087649409	194.14541832669326
323	1	2	20	19.999999999999996
323	2	2	19.744939271255067	95.29149797570845
323	3	2	20	169.99999999999991
323	4	2	94.93999999999997	20.035999999999998
323	5	2	96.45600000000002	95.79999999999994
323	6	2	96.364	169.86399999999992
323	7	2	170.07407407407405	19.72016460905349
323	8	2	169.99999999999994	94.99999999999997
323	9	2	170.12400000000002	170.0280000000002
323	10	1	17.276000000000007	127.88600000000001
323	11	1	42.61523046092184	84.73547094188372
323	12	1	167.76800000000017	129.6900000000002
323	13	1	129.296812749004	126.26294820717128
323	14	1	101.32599999999996	154.28400000000008
323	15	1	97.84999999999995	72.78799999999995
323	16	1	156.22310756972118	57.30278884462156
323	17	1	158.00199600798393	75.11177644710578
323	18	1	81.12375249500992	83.78243512974049
323	19	1	29.94011976047905	74.31736526946113
323	20	1	77.17600000000007	101.43199999999997
323	21	1	23.78842315369261	146.36726546906178
323	22	1	128.97000000000008	156.89599999999996
323	23	1	39.33200000000004	133.87199999999996
323	24	1	33.01596806387224	107.21357285429134
323	25	1	116.87225548902198	141.1876247504988
323	26	1	153.6966067864271	33.043912175648664
323	27	1	63.23353293413176	109.50099800399207
323	28	1	171.69000000000023	40.41199999999995
323	29	1	99.74650698602797	194.11776447105782
324	1	2	20	19.999999999999996
324	2	2	19.744939271255067	95.29149797570845
324	3	2	20	169.99999999999991
324	4	2	94.93999999999997	20.035999999999998
324	5	2	96.45600000000002	95.79999999999994
324	6	2	96.364	169.86399999999992
324	7	2	170.07407407407405	19.72016460905349
324	8	2	169.99999999999994	94.99999999999997
324	9	2	170.12400000000002	170.0280000000002
324	10	1	17.22954091816367	128.00598802395206
324	11	1	42.71656686626745	84.9241516966067
324	12	1	167.87200000000018	129.68799999999996
324	13	1	129.30999999999992	126.21799999999998
324	14	1	101.45908183632734	154.2754491017963
324	15	1	98.0499001996008	72.80838323353304
324	16	1	156.19960079840317	57.39121756487028
324	17	1	158.02199999999996	75.2899999999999
324	18	1	81.11155378486048	83.71513944223108
324	19	1	29.89221556886226	74.40119760479045
324	20	1	77.13199999999996	101.36600000000004
324	21	1	23.806	146.32399999999973
324	22	1	128.91217564870269	156.78443113772437
324	23	1	39.428000000000004	133.78799999999993
324	24	1	32.966000000000015	107.29799999999999
324	25	1	116.95200000000003	141.044
324	26	1	153.71057884231536	32.95209580838322
324	27	1	63.09800000000003	109.49000000000001
324	28	1	171.62000000000015	40.428000000000026
324	29	1	99.87824351297405	194.29540918163678
325	1	2	20	19.999999999999996
325	2	2	19.744939271255067	95.29149797570845
325	3	2	20	169.99999999999991
325	4	2	94.93999999999997	20.035999999999998
325	5	2	96.45600000000002	95.79999999999994
325	6	2	96.364	169.86399999999992
325	7	2	170.07407407407405	19.72016460905349
325	8	2	169.99999999999994	94.99999999999997
325	9	2	170.12400000000002	170.0280000000002
325	10	1	17.24800000000001	127.9999999999999
325	11	1	42.73400000000007	84.918
325	12	1	167.8423153692613	129.6846307385231
325	13	1	129.35728542914163	126.17365269461082
325	14	1	101.39679358717426	154.31262525050107
325	15	1	97.99600000000002	72.68399999999998
325	16	1	156.0059880239522	57.41716566866266
325	17	1	158.0220000000001	75.396
325	18	1	81.11600000000004	83.71199999999993
325	19	1	29.76753507014027	74.59719438877754
325	20	1	77.11200000000005	101.33000000000008
325	21	1	23.784000000000013	146.42999999999992
325	22	1	128.96399999999988	156.71800000000007
325	23	1	39.44710578842315	133.6786427145709
325	24	1	32.96799999999997	107.36999999999992
325	25	1	116.96007984031942	141.0758483033934
325	26	1	153.76646706586828	32.90419161676644
325	27	1	62.86599999999995	109.3839999999999
325	28	1	171.60999999999984	40.390000000000015
325	29	1	99.8625498007968	194.59362549800795
326	1	2	20	19.999999999999996
326	2	2	19.744939271255067	95.29149797570845
326	3	2	20	169.99999999999991
326	4	2	94.93999999999997	20.035999999999998
326	5	2	96.45600000000002	95.79999999999994
326	6	2	96.364	169.86399999999992
326	7	2	170.07407407407405	19.72016460905349
326	8	2	169.99999999999994	94.99999999999997
326	9	2	170.12400000000002	170.0280000000002
326	10	1	17.244000000000014	127.99199999999995
326	11	1	42.817999999999984	85.04599999999998
326	12	1	167.95409181636737	129.7584830339321
326	13	1	129.28599999999992	126.17600000000006
326	14	1	101.39920159680642	154.2175648702594
326	15	1	98.05788423153687	72.58083832335333
326	16	1	155.96007984031937	57.4570858283433
326	17	1	157.99999999999991	75.48399999999991
326	18	1	81.22800000000002	83.62400000000012
326	19	1	29.821999999999978	74.60400000000004
326	20	1	77.11976047904191	101.27145708582839
326	21	1	23.768000000000033	146.47400000000013
326	22	1	128.9960079840319	156.6706586826346
326	23	1	39.486000000000026	133.58599999999998
326	24	1	32.95000000000001	107.43
326	25	1	117.03200000000004	141.134
326	26	1	153.88800000000012	32.76799999999999
326	27	1	62.76600000000001	109.39199999999988
326	28	1	171.57684630738515	40.40918163672656
326	29	1	99.79241516966067	194.6566866267463
327	1	2	20	19.999999999999996
327	2	2	19.744939271255067	95.29149797570845
327	3	2	20	169.99999999999991
327	4	2	94.93999999999997	20.035999999999998
327	5	2	96.45600000000002	95.79999999999994
327	6	2	96.364	169.86399999999992
327	7	2	170.07407407407405	19.72016460905349
327	8	2	169.99999999999994	94.99999999999997
327	9	2	170.12400000000002	170.0280000000002
327	10	1	17.254000000000012	128.04200000000026
327	11	1	42.86027944111775	85.10379241516968
327	12	1	167.9960000000001	129.79999999999987
327	13	1	129.30260521042078	126.23446893787582
327	14	1	101.54091816367266	154.2574850299401
327	15	1	98.13173652694606	72.50898203592807
327	16	1	155.92800000000008	57.47200000000003
327	17	1	157.9839999999999	75.57399999999997
327	18	1	81.28600000000003	83.59399999999998
327	19	1	29.747999999999994	74.76599999999998
327	20	1	77.16199999999995	101.25999999999996
327	21	1	23.691382765531074	146.50901803607218
327	22	1	129.06786427145713	156.52894211576853
327	23	1	39.44600000000002	133.55000000000004
327	24	1	32.922000000000004	107.52599999999997
327	25	1	116.91399999999992	141.14000000000004
327	26	1	154.00999999999988	32.588
327	27	1	62.78400000000001	109.44199999999996
327	28	1	171.46600000000015	40.42600000000002
327	29	1	99.76799999999993	194.77199999999993
328	1	2	20	19.999999999999996
328	2	2	19.744939271255067	95.29149797570845
328	3	2	20	169.99999999999991
328	4	2	94.93999999999997	20.035999999999998
328	5	2	96.45600000000002	95.79999999999994
328	6	2	96.364	169.86399999999992
328	7	2	170.07407407407405	19.72016460905349
328	8	2	169.99999999999994	94.99999999999997
328	9	2	170.12400000000002	170.0280000000002
328	10	1	17.21357285429142	128.13173652694593
328	11	1	42.9203187250996	85.13346613545826
328	12	1	168.04590818363258	129.74251497006
328	13	1	129.36873747495	126.26252505010008
328	14	1	101.63872255489015	154.23353293413174
328	15	1	98.42914171656689	72.49301397205586
328	16	1	155.91616766467078	57.5269461077844
328	17	1	158.0219560878242	75.64471057884238
328	18	1	81.31600000000003	83.57800000000006
328	19	1	29.80761523046092	74.76953907815627
328	20	1	77.08600000000006	101.18400000000001
328	21	1	23.704000000000004	146.64400000000012
328	22	1	129.08383233532948	156.45908183632733
328	23	1	39.48600000000005	133.49000000000024
328	24	1	32.84	107.61599999999999
328	25	1	116.89599999999996	141.104
328	26	1	154.06586826347302	32.40319361277445
328	27	1	62.7165668662675	109.3872255489022
328	28	1	171.36199999999994	40.504
328	29	1	99.62874251496997	194.92015968063876
329	1	2	20	19.999999999999996
329	2	2	19.744939271255067	95.29149797570845
329	3	2	20	169.99999999999991
329	4	2	94.93999999999997	20.035999999999998
329	5	2	96.45600000000002	95.79999999999994
329	6	2	96.364	169.86399999999992
329	7	2	170.07407407407405	19.72016460905349
329	8	2	169.99999999999994	94.99999999999997
329	9	2	170.12400000000002	170.0280000000002
329	10	1	17.20359281437126	128.2255489021959
329	11	1	43.04191616766464	85.29540918163681
329	12	1	168.08599999999987	129.7739999999999
329	13	1	129.47199999999998	126.28400000000002
329	14	1	101.69799999999998	154.18400000000008
329	15	1	98.534	72.51799999999996
329	16	1	155.90800000000004	57.60399999999997
329	17	1	157.98199999999989	75.688
329	18	1	81.30000000000005	83.53199999999994
329	19	1	29.830000000000005	74.75199999999997
329	20	1	77.08183632734537	101.14371257485024
329	21	1	23.787999999999993	146.62999999999994
329	22	1	129.09181636726558	156.47105788423153
329	23	1	39.527999999999984	133.34799999999993
329	24	1	32.81599999999999	107.54599999999999
329	25	1	116.86399999999999	141.08999999999997
329	26	1	154.05788423153703	32.37125748502986
329	27	1	62.74650698602795	109.45708582834338
329	28	1	171.30538922155696	40.514970059880284
329	29	1	99.57399999999997	195.08
330	1	2	20	19.999999999999996
330	2	2	19.744939271255067	95.29149797570845
330	3	2	20	169.99999999999991
330	4	2	94.93999999999997	20.035999999999998
330	5	2	96.45600000000002	95.79999999999994
330	6	2	96.364	169.86399999999992
330	7	2	170.07407407407405	19.72016460905349
330	8	2	169.99999999999994	94.99999999999997
330	9	2	170.12400000000002	170.0280000000002
330	10	1	17.245999999999984	128.316
330	11	1	43.10800000000003	85.25199999999984
330	12	1	168.2310756972111	129.69920318725102
330	13	1	129.53600000000003	126.28399999999996
330	14	1	101.7919999999999	154.17199999999994
330	15	1	98.47904191616763	72.41317365269465
330	16	1	155.80999999999995	57.63600000000001
330	17	1	158.02600000000007	75.752
330	18	1	81.37524950099807	83.54690618762474
330	19	1	29.848303393213566	74.82035928143722
330	20	1	77.10799999999992	101.13799999999992
330	21	1	23.920159680638715	146.7644710578843
330	22	1	129.03199999999993	156.33800000000005
330	23	1	39.57285429141715	133.30139720558878
330	24	1	32.7864271457086	107.6047904191616
330	25	1	116.81	140.97199999999984
330	26	1	154.16766467065858	32.25948103792415
330	27	1	62.69860279441115	109.45708582834337
330	28	1	171.16600000000014	40.57200000000001
330	29	1	99.46600000000002	195.13000000000014
331	1	2	20	19.999999999999996
331	2	2	19.744939271255067	95.29149797570845
331	3	2	20	169.99999999999991
331	4	2	94.93999999999997	20.035999999999998
331	5	2	96.45600000000002	95.79999999999994
331	6	2	96.364	169.86399999999992
331	7	2	170.07407407407405	19.72016460905349
331	8	2	169.99999999999994	94.99999999999997
331	9	2	170.12400000000002	170.0280000000002
331	10	1	17.262000000000008	128.37600000000003
331	11	1	43.16799999999999	85.41
331	12	1	168.3173652694612	129.63672654690617
331	13	1	129.64000000000001	126.25000000000006
331	14	1	101.92200000000005	154.25
331	15	1	98.57285429141716	72.5169660678643
331	16	1	155.60599999999988	57.59400000000003
331	17	1	158.09381237524954	75.8083832335329
331	18	1	81.33400000000007	83.538
331	19	1	29.825999999999997	74.8540000000001
331	20	1	77.06986027944109	101.08782435129741
331	21	1	23.964071856287404	146.81437125748488
331	22	1	129.01596806387215	156.13972055888215
331	23	1	39.57199999999997	133.28800000000012
331	24	1	32.791583166332664	107.65931863727465
331	25	1	116.77045908183638	140.88622754491018
331	26	1	154.13972055888232	32.17564870259482
331	27	1	62.63400000000002	109.41800000000002
331	28	1	171.01394422310756	40.49203187250997
331	29	1	99.48902195608788	195.18363273453093
332	1	2	20	19.999999999999996
332	2	2	19.744939271255067	95.29149797570845
332	3	2	20	169.99999999999991
332	4	2	94.93999999999997	20.035999999999998
332	5	2	96.45600000000002	95.79999999999994
332	6	2	96.364	169.86399999999992
332	7	2	170.07407407407405	19.72016460905349
332	8	2	169.99999999999994	94.99999999999997
332	9	2	170.12400000000002	170.0280000000002
332	10	1	17.35600000000001	128.36399999999998
332	11	1	43.278000000000034	85.45999999999998
332	12	1	168.47305389221543	129.58682634730545
332	13	1	129.6719999999999	126.23200000000004
332	14	1	102.01197604790413	154.3493013972057
332	15	1	98.71199999999997	72.54200000000003
332	16	1	155.41482965931863	57.57915831663331
332	17	1	158.12599999999995	75.8240000000001
332	18	1	81.45800000000007	83.51400000000008
332	19	1	29.866000000000025	74.84799999999996
332	20	1	77.09999999999994	101.06600000000006
332	21	1	23.912175648702597	147.00000000000003
332	22	1	129.02399999999997	155.9360000000001
332	23	1	39.55489021956085	133.2794411177646
332	24	1	32.806	107.66799999999989
332	25	1	116.72399999999995	140.87000000000006
332	26	1	154.25548902195615	32.067864271457125
332	27	1	62.669999999999995	109.38800000000008
332	28	1	171.01996007984022	40.522954091816395
332	29	1	99.52200000000002	195.224
333	1	2	20	19.999999999999996
333	2	2	19.744939271255067	95.29149797570845
333	3	2	20	169.99999999999991
333	4	2	94.93999999999997	20.035999999999998
333	5	2	96.45600000000002	95.79999999999994
333	6	2	96.364	169.86399999999992
333	7	2	170.07407407407405	19.72016460905349
333	8	2	169.99999999999994	94.99999999999997
333	9	2	170.12400000000002	170.0280000000002
333	10	1	17.373253493013973	128.59880239520973
333	11	1	43.41199999999997	85.48199999999999
333	12	1	168.54291417165678	129.4790419161676
333	13	1	129.66067864271457	126.19161676646696
333	14	1	102.11399999999995	154.37000000000006
333	15	1	98.7615230460922	72.47094188376747
333	16	1	155.24799999999985	57.528000000000034
333	17	1	158.14999999999992	75.86400000000003
333	18	1	81.59800000000001	83.4520000000001
333	19	1	29.862000000000023	74.86600000000003
333	20	1	77.15968063872258	101.07784431137728
333	21	1	24.009980039920144	147.13572854291428
333	22	1	129.03792415169667	155.78043912175644
333	23	1	39.63273453093816	133.06986027944106
333	24	1	32.71856287425148	107.66866267465063
333	25	1	116.78486055776906	140.81872509960155
333	26	1	154.35329341317367	31.966067864271473
333	27	1	62.482000000000006	109.35999999999991
333	28	1	170.93812375249493	40.54491017964068
333	29	1	99.42999999999988	195.346
334	1	2	20	19.999999999999996
334	2	2	19.744939271255067	95.29149797570845
334	3	2	20	169.99999999999991
334	4	2	94.93999999999997	20.035999999999998
334	5	2	96.45600000000002	95.79999999999994
334	6	2	96.364	169.86399999999992
334	7	2	170.07407407407405	19.72016460905349
334	8	2	169.99999999999994	94.99999999999997
334	9	2	170.12400000000002	170.0280000000002
334	10	1	17.281437125748504	128.84431137724542
334	11	1	43.64271457085828	85.56487025948111
334	12	1	168.59081836327334	129.45908183632736
334	13	1	129.568	126.16600000000005
334	14	1	102.13627254509025	154.4809619238477
334	15	1	98.82834331337324	72.52095808383233
334	16	1	155.14371257485064	57.44311377245509
334	17	1	158.15568862275455	75.83433133732534
334	18	1	81.63527054108224	83.39278557114235
334	19	1	29.852000000000007	74.96200000000003
334	20	1	77.2865731462925	101.11623246492987
334	21	1	24.089999999999996	147.25800000000012
334	22	1	129.04408817635286	155.68937875751507
334	23	1	39.64541832669323	132.8406374501991
334	24	1	32.62674650698602	107.69461077844316
334	25	1	116.80039920159679	140.8662674650701
334	26	1	154.41832669322702	31.846613545816737
334	27	1	62.45000000000001	109.35599999999987
334	28	1	170.91616766467067	40.568862275449085
334	29	1	99.37450199203192	195.61155378486058
335	1	2	20	19.999999999999996
335	2	2	19.744939271255067	95.29149797570845
335	3	2	20	169.99999999999991
335	4	2	94.93999999999997	20.035999999999998
335	5	2	96.45600000000002	95.79999999999994
335	6	2	96.364	169.86399999999992
335	7	2	170.07407407407405	19.72016460905349
335	8	2	169.99999999999994	94.99999999999997
335	9	2	170.12400000000002	170.0280000000002
335	10	1	17.28	128.86600000000007
335	11	1	43.61999999999997	85.66399999999997
335	12	1	168.59599999999998	129.36399999999995
335	13	1	129.52400000000003	126.05400000000009
335	14	1	102.24399999999991	154.52599999999993
335	15	1	99.02800000000009	72.40400000000001
335	16	1	154.93413173652698	57.3293413173653
335	17	1	158.11776447105802	75.73652694610779
335	18	1	81.74850299401204	83.35129740518964
335	19	1	29.78200000000001	75.04199999999992
335	20	1	77.30199999999999	101.12800000000004
335	21	1	24.059880239520965	147.22155688622738
335	22	1	129.03399999999996	155.50599999999991
335	23	1	39.709999999999994	132.68999999999997
335	24	1	32.540918163672636	107.83433133732538
335	25	1	117.00598802395204	140.77245508982045
335	26	1	154.38922155688607	31.78243512974054
335	27	1	62.33400000000005	109.32000000000001
335	28	1	170.87400000000002	40.62000000000002
335	29	1	99.25298804780884	195.6195219123506
336	1	2	20	19.999999999999996
336	2	2	19.744939271255067	95.29149797570845
336	3	2	20	169.99999999999991
336	4	2	94.93999999999997	20.035999999999998
336	5	2	96.45600000000002	95.79999999999994
336	6	2	96.364	169.86399999999992
336	7	2	170.07407407407405	19.72016460905349
336	8	2	169.99999999999994	94.99999999999997
336	9	2	170.12400000000002	170.0280000000002
336	10	1	17.249999999999996	128.94399999999993
336	11	1	43.78600000000001	85.63399999999997
336	12	1	168.5249500998	129.33532934131725
336	13	1	129.49000000000004	126.07799999999989
336	14	1	102.3300000000001	154.54599999999994
336	15	1	99.07984031936132	72.30938123752487
336	16	1	154.88622754491018	57.25349301397205
336	17	1	158.11776447105802	75.73652694610779
336	18	1	81.85400000000003	83.31
336	19	1	29.782000000000018	75.22399999999999
336	20	1	77.30399999999997	101.09399999999988
336	21	1	24.068	147.23199999999986
336	22	1	129.16766467065872	155.30339321357297
336	23	1	39.766932270916364	132.57968127490042
336	24	1	32.47211155378487	107.86254980079683
336	25	1	117.07999999999987	140.78599999999997
336	26	1	154.32734530938126	31.618762475049913
336	27	1	62.30600000000001	109.37400000000008
336	28	1	170.87624750499023	40.54091816367267
336	29	1	99.19721115537854	195.71513944223108
337	1	2	20	19.999999999999996
337	2	2	19.744939271255067	95.29149797570845
337	3	2	20	169.99999999999991
337	4	2	94.93999999999997	20.035999999999998
337	5	2	96.45600000000002	95.79999999999994
337	6	2	96.364	169.86399999999992
337	7	2	170.07407407407405	19.72016460905349
337	8	2	169.99999999999994	94.99999999999997
337	9	2	170.12400000000002	170.0280000000002
337	10	1	17.290581162324642	129.11222444889793
337	11	1	43.942115768463054	85.69461077844313
337	12	1	168.6719999999998	129.2400000000002
337	13	1	129.55999999999992	126.144
337	14	1	102.57600000000001	154.65799999999993
337	15	1	99.22399999999992	72.38999999999993
337	16	1	154.78400000000008	57.22399999999999
337	17	1	158.156	75.79400000000012
337	18	1	82.10179640718565	83.30339321357273
337	19	1	29.852000000000004	75.31800000000007
337	20	1	77.26799999999996	101.1
337	21	1	24.043999999999976	147.29200000000017
337	22	1	129.25600000000009	155.13599999999988
337	23	1	39.74999999999998	132.34400000000002
337	24	1	32.309999999999995	107.94599999999998
337	25	1	117.12799999999996	140.764
337	26	1	154.35728542914163	31.506986027944112
337	27	1	62.19161676646703	109.39520958083824
337	28	1	170.86427145708586	40.5309381237525
337	29	1	99.1903807615232	195.749498997996
338	1	2	20	19.999999999999996
338	2	2	19.744939271255067	95.29149797570845
338	3	2	20	169.99999999999991
338	4	2	94.93999999999997	20.035999999999998
338	5	2	96.45600000000002	95.79999999999994
338	6	2	96.364	169.86399999999992
338	7	2	170.07407407407405	19.72016460905349
338	8	2	169.99999999999994	94.99999999999997
338	9	2	170.12400000000002	170.0280000000002
338	10	1	17.234000000000005	129.14000000000001
338	11	1	43.99600798403192	85.81636726546904
338	12	1	168.70200000000003	129.18399999999997
338	13	1	129.72455089820372	126.22754491017965
338	14	1	102.67928286852593	154.55179282868525
338	15	1	99.17928286852604	72.28685258964141
338	16	1	154.58682634730536	57.147704590818336
338	17	1	158.15369261477048	75.79840319361278
338	18	1	82.15000000000003	83.25400000000002
338	19	1	29.83000000000001	75.39200000000002
338	20	1	77.30400000000002	101.12
338	21	1	24.001996007984037	147.44510978043905
338	22	1	129.33199999999997	154.98800000000017
338	23	1	39.69999999999999	132.34199999999993
338	24	1	32.296	108.08199999999994
338	25	1	117.20841683366737	140.67735470941886
338	26	1	154.60399999999996	31.418
338	27	1	62.14829659318638	109.376753507014
338	28	1	170.94600000000005	40.64999999999999
338	29	1	99.1772908366534	195.86454183266932
339	1	2	20	19.999999999999996
339	2	2	19.744939271255067	95.29149797570845
339	3	2	20	169.99999999999991
339	4	2	94.93999999999997	20.035999999999998
339	5	2	96.45600000000002	95.79999999999994
339	6	2	96.364	169.86399999999992
339	7	2	170.07407407407405	19.72016460905349
339	8	2	169.99999999999994	94.99999999999997
339	9	2	170.12400000000002	170.0280000000002
339	10	1	17.220000000000006	129.11800000000002
339	11	1	44.091999999999985	85.904
339	12	1	168.59400000000016	129.11600000000007
339	13	1	129.66199999999986	126.21799999999988
339	14	1	102.68199999999996	154.52000000000007
339	15	1	99.19760479041922	72.30339321357303
339	16	1	154.4501992031872	57.073705179282875
339	17	1	158.05799999999988	75.81199999999998
339	18	1	82.20600000000005	83.22999999999996
339	19	1	29.939999999999998	75.43000000000004
339	20	1	77.41716566866266	101.11576846307386
339	21	1	24.02399999999998	147.52200000000002
339	22	1	129.41317365269464	154.81037924151715
339	23	1	39.724550898203596	132.30938123752492
339	24	1	32.215999999999966	108.19399999999993
339	25	1	117.1696606786427	140.68263473053915
339	26	1	154.57800000000017	31.292000000000023
339	27	1	62.126000000000026	109.42200000000005
339	28	1	170.9081836327347	40.60479041916164
339	29	1	99.03800000000003	195.912
340	1	2	20	19.999999999999996
340	2	2	19.744939271255067	95.29149797570845
340	3	2	20	169.99999999999991
340	4	2	94.93999999999997	20.035999999999998
340	5	2	96.45600000000002	95.79999999999994
340	6	2	96.364	169.86399999999992
340	7	2	170.07407407407405	19.72016460905349
340	8	2	169.99999999999994	94.99999999999997
340	9	2	170.12400000000002	170.0280000000002
340	10	1	17.221556886227546	129.06187624750507
340	11	1	44.203999999999986	85.94999999999999
340	12	1	168.75599999999977	129.0499999999999
340	13	1	129.6059999999999	126.22599999999998
340	14	1	102.73652694610774	154.58483033932134
340	15	1	99.27000000000004	72.28600000000002
340	16	1	154.31399999999985	57.011999999999986
340	17	1	158.15599999999998	75.79
340	18	1	82.27145708582835	83.23153692614764
340	19	1	29.94400000000001	75.52799999999998
340	20	1	77.46600000000012	101.07000000000001
340	21	1	24.096000000000004	147.57799999999995
340	22	1	129.40319361277432	154.5469061876248
340	23	1	39.72310756972117	132.25498007968116
340	24	1	32.13173652694611	108.2175648702596
340	25	1	117.18200000000009	140.67600000000007
340	26	1	154.63399999999984	31.224000000000007
340	27	1	62.06772908366531	109.44223107569721
340	28	1	170.90419161676652	40.638722554890194
340	29	1	99.06187624750505	196.0319361277445
341	1	2	20	19.999999999999996
341	2	2	19.744939271255067	95.29149797570845
341	3	2	20	169.99999999999991
341	4	2	94.93999999999997	20.035999999999998
341	5	2	96.45600000000002	95.79999999999994
341	6	2	96.364	169.86399999999992
341	7	2	170.07407407407405	19.72016460905349
341	8	2	169.99999999999994	94.99999999999997
341	9	2	170.12400000000002	170.0280000000002
341	10	1	17.299401197604812	129.1297405189621
341	11	1	44.35399999999997	86.18999999999996
341	12	1	168.85828343313386	128.93812375249504
341	13	1	129.64071856287427	126.24750499001998
341	14	1	102.90799999999997	154.65600000000015
341	15	1	99.32734530938127	72.25149700598804
341	16	1	154.2115768463073	56.944111776447095
341	17	1	158.17000000000021	75.81799999999997
341	18	1	82.31799999999996	83.26400000000002
341	19	1	30.009999999999994	75.55799999999999
341	20	1	77.562	101.11599999999999
341	21	1	24.061876247505005	147.58682634730553
341	22	1	129.5438247011952	154.21513944223113
341	23	1	39.79599999999997	132.31399999999996
341	24	1	32.08199999999998	108.28200000000001
341	25	1	117.21556886227533	140.6407185628742
341	26	1	154.79241516966056	30.998003992015963
341	27	1	61.88023952095806	109.48103792415179
341	28	1	170.90818363273453	40.67265469061873
341	29	1	99.06387225548896	196.0678642714571
342	1	2	20	19.999999999999996
342	2	2	19.744939271255067	95.29149797570845
342	3	2	20	169.99999999999991
342	4	2	94.93999999999997	20.035999999999998
342	5	2	96.45600000000002	95.79999999999994
342	6	2	96.364	169.86399999999992
342	7	2	170.07407407407405	19.72016460905349
342	8	2	169.99999999999994	94.99999999999997
342	9	2	170.12400000000002	170.0280000000002
342	10	1	17.335329341317383	129.05988023952094
342	11	1	44.4550898203593	86.27744510978049
342	12	1	169.06187624750484	128.9840319361278
342	13	1	129.6606786427145	126.24550898203586
342	14	1	102.92999999999992	154.66
342	15	1	99.29540918163666	72.21157684630734
342	16	1	154.0039920159681	56.89421157684634
342	17	1	158.24600000000004	75.87599999999998
342	18	1	82.37724550898211	83.2315369261477
342	19	1	30.008	75.67199999999993
342	20	1	77.60079840319355	101.09381237524964
342	21	1	24.117764471057892	147.74451097804393
342	22	1	129.55199999999988	154.0640000000001
342	23	1	39.73199999999998	132.20399999999995
342	24	1	31.9301397205589	108.3333333333333
342	25	1	117.2031872509961	140.66733067729072
342	26	1	154.8582834331336	30.970059880239514
342	27	1	61.6806387225549	109.47504990019951
342	28	1	170.88446215139425	40.73107569721118
342	29	1	99.09800000000011	196.16
343	1	2	20	19.999999999999996
343	2	2	19.744939271255067	95.29149797570845
343	3	2	20	169.99999999999991
343	4	2	94.93999999999997	20.035999999999998
343	5	2	96.45600000000002	95.79999999999994
343	6	2	96.364	169.86399999999992
343	7	2	170.07407407407405	19.72016460905349
343	8	2	169.99999999999994	94.99999999999997
343	9	2	170.12400000000002	170.0280000000002
343	10	1	17.263473053892213	129.1996007984033
343	11	1	44.59880239520959	86.39121756487023
343	12	1	169.27944111776466	128.91017964071852
343	13	1	129.5828343313374	126.17365269461085
343	14	1	102.97799999999995	154.65800000000007
343	15	1	99.25800000000005	72.13999999999997
343	16	1	153.88822355289412	56.74650698602793
343	17	1	158.2919999999998	75.90000000000002
343	18	1	82.49400000000007	83.22800000000002
343	19	1	30.02199999999999	75.92000000000009
343	20	1	77.5888223552894	101.07984031936121
343	21	1	24.21400000000002	147.98199999999994
343	22	1	129.56312625250482	153.90581162324645
343	23	1	39.63073852295413	132.1057884231536
343	24	1	31.758483033932144	108.47904191616769
343	25	1	117.25149700598789	140.61477045908185
343	26	1	154.90219560878236	30.95409181636726
343	27	1	61.62674650698605	109.44510978043914
343	28	1	170.92600000000016	40.71600000000001
343	29	1	98.95199999999997	196.272
344	1	2	20	19.999999999999996
344	2	2	19.744939271255067	95.29149797570845
344	3	2	20	169.99999999999991
344	4	2	94.93999999999997	20.035999999999998
344	5	2	96.45600000000002	95.79999999999994
344	6	2	96.364	169.86399999999992
344	7	2	170.07407407407405	19.72016460905349
344	8	2	169.99999999999994	94.99999999999997
344	9	2	170.12400000000002	170.0280000000002
344	10	1	17.214000000000002	129.29399999999987
344	11	1	44.708	86.46600000000007
344	12	1	169.51593625498006	128.9063745019921
344	13	1	129.704	126.30999999999999
344	14	1	103.19560878243514	154.82634730538922
344	15	1	99.4151696606786	72.20758483033927
344	16	1	153.69660678642725	56.62475049900199
344	17	1	158.37199999999996	75.91399999999993
344	18	1	82.6059999999999	83.176
344	19	1	30.084000000000003	76.01
344	20	1	77.468	101.02400000000009
344	21	1	24.252988047808767	148.05776892430282
344	22	1	129.64670658682647	153.75848303393204
344	23	1	39.61277445109779	132.08183632734531
344	24	1	31.715139442231088	108.54581673306774
344	25	1	117.22600000000003	140.63399999999993
344	26	1	154.93199999999993	30.833999999999996
344	27	1	61.65199999999995	109.47800000000004
344	28	1	170.80599999999978	40.76800000000001
344	29	1	98.96599999999998	196.448
345	1	2	20	19.999999999999996
345	2	2	19.744939271255067	95.29149797570845
345	3	2	20	169.99999999999991
345	4	2	94.93999999999997	20.035999999999998
345	5	2	96.45600000000002	95.79999999999994
345	6	2	96.364	169.86399999999992
345	7	2	170.07407407407405	19.72016460905349
345	8	2	169.99999999999994	94.99999999999997
345	9	2	170.12400000000002	170.0280000000002
345	10	1	17.157684630738526	129.3612774451099
345	11	1	44.786427145708586	86.66067864271469
345	12	1	169.80999999999986	128.8780000000001
345	13	1	129.72799999999995	126.24999999999994
345	14	1	103.38600000000004	154.86199999999988
345	15	1	99.59081836327346	72.36726546906196
345	16	1	153.6972111553784	56.5438247011952
345	17	1	158.33532934131748	75.87025948103786
345	18	1	82.70000000000005	83.10800000000013
345	19	1	30.156000000000017	76.00600000000004
345	20	1	77.322	100.89800000000008
345	21	1	24.238	148.04600000000002
345	22	1	129.78599999999997	153.4500000000001
345	23	1	39.65537848605577	132.1155378486054
345	24	1	31.534930139720547	108.68263473053891
345	25	1	117.22199999999992	140.60800000000017
345	26	1	154.868263473054	30.780439121756473
345	27	1	61.495999999999995	109.50400000000008
345	28	1	170.81799999999993	40.70799999999999
345	29	1	98.86199999999997	196.4799999999999
346	1	2	20	19.999999999999996
346	2	2	19.744939271255067	95.29149797570845
346	3	2	20	169.99999999999991
346	4	2	94.93999999999997	20.035999999999998
346	5	2	96.45600000000002	95.79999999999994
346	6	2	96.364	169.86399999999992
346	7	2	170.07407407407405	19.72016460905349
346	8	2	169.99999999999994	94.99999999999997
346	9	2	170.12400000000002	170.0280000000002
346	10	1	17.211576846307395	129.4031936127744
346	11	1	44.87399999999996	86.75800000000008
346	12	1	169.79000000000002	128.868
346	13	1	129.76247504990016	126.26746506986024
346	14	1	103.46000000000002	154.9099999999999
346	15	1	99.72255489021961	72.40718562874254
346	16	1	153.47799999999995	56.40999999999995
346	17	1	158.29540918163667	75.86826347305386
346	18	1	82.81636726546907	83.10978043912178
346	19	1	30.149999999999984	76.13400000000001
346	20	1	77.37125748502994	100.9181636726547
346	21	1	24.222000000000023	148.05200000000008
346	22	1	129.91616766467075	153.16766467065878
346	23	1	39.712574850299426	132.14970059880253
346	24	1	31.457085828343303	108.77245508982037
346	25	1	117.20758483033941	140.63073852295412
346	26	1	154.96	30.77399999999999
346	27	1	61.45599999999997	109.47000000000008
346	28	1	170.8739999999998	40.72
346	29	1	98.77445109780426	196.64870259481037
347	1	2	20	19.999999999999996
347	2	2	19.744939271255067	95.29149797570845
347	3	2	20	169.99999999999991
347	4	2	94.93999999999997	20.035999999999998
347	5	2	96.45600000000002	95.79999999999994
347	6	2	96.364	169.86399999999992
347	7	2	170.07407407407405	19.72016460905349
347	8	2	169.99999999999994	94.99999999999997
347	9	2	170.12400000000002	170.0280000000002
347	10	1	17.207999999999995	129.4400000000001
347	11	1	45.005999999999986	86.92199999999994
347	12	1	169.73453093812364	128.84830339321368
347	13	1	129.7640000000001	126.26799999999996
347	14	1	103.59880239520959	154.9700598802395
347	15	1	99.75099601593627	72.50996015936254
347	16	1	153.3972055888223	56.36726546906183
347	17	1	158.29999999999995	75.86800000000002
347	18	1	82.87824351297408	83.17165668662666
347	19	1	30.070000000000007	76.27799999999998
347	20	1	77.48600000000006	100.938
347	21	1	24.259481037924182	148.1656686626747
347	22	1	130.05588822355298	152.76447105788418
347	23	1	39.668662674650655	132.15768463073837
347	24	1	31.47305389221556	108.87824351297407
347	25	1	117.15600000000002	140.61599999999996
347	26	1	154.9760479041915	30.750499001996
347	27	1	61.55888223552892	109.47904191616769
347	28	1	170.8779999999997	40.79800000000002
347	29	1	98.73399999999994	196.802
348	1	2	20	19.999999999999996
348	2	2	19.744939271255067	95.29149797570845
348	3	2	20	169.99999999999991
348	4	2	94.93999999999997	20.035999999999998
348	5	2	96.45600000000002	95.79999999999994
348	6	2	96.364	169.86399999999992
348	7	2	170.07407407407405	19.72016460905349
348	8	2	169.99999999999994	94.99999999999997
348	9	2	170.12400000000002	170.0280000000002
348	10	1	17.11377245508981	129.41916167664675
348	11	1	45.164000000000016	87.21400000000007
348	12	1	169.55200000000002	128.81
348	13	1	129.79241516966079	126.30339321357275
348	14	1	103.69061876247507	155.00598802395214
348	15	1	99.70200000000007	72.46799999999995
348	16	1	153.3652694610779	56.32534930139723
348	17	1	158.2959999999999	75.88399999999997
348	18	1	82.92985971943891	83.17234468937875
348	19	1	30.098000000000006	76.36799999999994
348	20	1	77.44999999999992	100.92000000000003
348	21	1	24.352000000000015	148.14999999999986
348	22	1	130.2039999999999	152.64
348	23	1	39.63473053892217	132.15169660678635
348	24	1	31.312749003984067	109.01394422310754
348	25	1	117.24103585657376	140.59163346613553
348	26	1	154.9540918163672	30.68463073852296
348	27	1	61.59481037924157	109.53892215568868
348	28	1	170.80239520958088	40.87025948103792
348	29	1	98.66000000000004	196.896
349	1	2	20	19.999999999999996
349	2	2	19.744939271255067	95.29149797570845
349	3	2	20	169.99999999999991
349	4	2	94.93999999999997	20.035999999999998
349	5	2	96.45600000000002	95.79999999999994
349	6	2	96.364	169.86399999999992
349	7	2	170.07407407407405	19.72016460905349
349	8	2	169.99999999999994	94.99999999999997
349	9	2	170.12400000000002	170.0280000000002
349	10	1	17.093999999999998	129.43600000000012
349	11	1	45.255489021956095	87.28343313373253
349	12	1	169.54690618762456	128.78642714570864
349	13	1	129.745490981964	126.27254509018033
349	14	1	103.76999999999992	155.06800000000013
349	15	1	99.714	72.41000000000007
349	16	1	153.2320000000001	56.31200000000001
349	17	1	158.24048096192385	75.87174348697395
349	18	1	83.14400000000006	83.13799999999992
349	19	1	30.090000000000003	76.45799999999997
349	20	1	77.42514970059884	100.8862275449102
349	21	1	24.40718562874252	148.14570858283443
349	22	1	130.214	152.40000000000006
349	23	1	39.67465069860278	132.0359281437125
349	24	1	31.225548902195605	109.02195608782434
349	25	1	117.28742514970067	140.59481037924155
349	26	1	155.03399999999988	30.626000000000005
349	27	1	61.51399999999995	109.57200000000003
349	28	1	170.67999999999992	40.942000000000014
349	29	1	98.50499001996005	196.88023952095824
350	1	2	20	19.999999999999996
350	2	2	19.744939271255067	95.29149797570845
350	3	2	20	169.99999999999991
350	4	2	94.93999999999997	20.035999999999998
350	5	2	96.45600000000002	95.79999999999994
350	6	2	96.364	169.86399999999992
350	7	2	170.07407407407405	19.72016460905349
350	8	2	169.99999999999994	94.99999999999997
350	9	2	170.12400000000002	170.0280000000002
350	10	1	17.053892215568865	129.4510978043913
350	11	1	45.34200000000001	87.38399999999996
350	12	1	169.56487025948087	128.77245508982043
350	13	1	129.7524950099801	126.36327345309381
350	14	1	103.99600798403198	155.2355289421158
350	15	1	99.708	72.38400000000006
350	16	1	153.0279441117765	56.23353293413173
350	17	1	158.22799999999987	75.85000000000002
350	18	1	83.30799999999999	83.14999999999993
350	19	1	30.101796407185603	76.4890219560878
350	20	1	77.35528942115776	100.83632734530936
350	21	1	24.523904382470107	148.1195219123505
350	22	1	130.3819999999998	152.25600000000009
350	23	1	39.70800000000002	131.90399999999968
350	24	1	31.08982035928143	109.09780439121745
350	25	1	117.33532934131726	140.55289421157687
350	26	1	155.01999999999984	30.583999999999985
350	27	1	61.451097804391225	109.54690618762469
350	28	1	170.6620000000002	40.910000000000004
350	29	1	98.49199999999999	196.8679999999998
351	1	2	20	19.999999999999996
351	2	2	19.744939271255067	95.29149797570845
351	3	2	20	169.99999999999991
351	4	2	94.93999999999997	20.035999999999998
351	5	2	96.45600000000002	95.79999999999994
351	6	2	96.364	169.86399999999992
351	7	2	170.07407407407405	19.72016460905349
351	8	2	169.99999999999994	94.99999999999997
351	9	2	170.12400000000002	170.0280000000002
351	10	1	17.088000000000005	129.5040000000001
351	11	1	45.41399999999997	87.52400000000003
351	12	1	169.53399999999993	128.78399999999985
351	13	1	129.87400000000002	126.39399999999993
351	14	1	104.09381237524943	155.32734530938114
351	15	1	99.79441117764463	72.4710578842315
351	16	1	152.84860557768923	56.19721115537848
351	17	1	158.22199999999995	75.85999999999994
351	18	1	83.44999999999995	83.19000000000005
351	19	1	30.189620758483024	76.53892215568871
351	20	1	77.28800000000008	100.77600000000007
351	21	1	24.5309381237525	148.24351297405192
351	22	1	130.36726546906186	152.2135728542913
351	23	1	39.66799999999997	131.86799999999994
351	24	1	31.07385229540919	109.18163672654694
351	25	1	117.26347305389218	140.51896207584846
351	26	1	155.09760956175285	30.509960159362564
351	27	1	61.46492985971949	109.57715430861735
351	28	1	170.72399999999988	40.955999999999925
351	29	1	98.41716566866268	196.8343313373252
352	1	2	20	19.999999999999996
352	2	2	19.744939271255067	95.29149797570845
352	3	2	20	169.99999999999991
352	4	2	94.93999999999997	20.035999999999998
352	5	2	96.45600000000002	95.79999999999994
352	6	2	96.364	169.86399999999992
352	7	2	170.07407407407405	19.72016460905349
352	8	2	169.99999999999994	94.99999999999997
352	9	2	170.12400000000002	170.0280000000002
352	10	1	17.08999999999999	129.59
352	11	1	45.608782435129825	87.60878243512973
352	12	1	169.64000000000004	128.76800000000003
352	13	1	129.77400000000006	126.35200000000005
352	14	1	104.15369261477046	155.41916167664664
352	15	1	99.75249500998011	72.4491017964071
352	16	1	152.68200000000004	56.096000000000004
352	17	1	158.1157684630738	75.77045908183621
352	18	1	83.46906187624747	83.1816367265469
352	19	1	30.245508982035936	76.70059880239522
352	20	1	77.29141716566865	100.80039920159675
352	21	1	24.61400000000001	148.3059999999999
352	22	1	130.43600000000015	152.03199999999995
352	23	1	39.72055888223551	131.78043912175625
352	24	1	31.032	109.23800000000007
352	25	1	117.24799999999998	140.5259999999999
352	26	1	155.14371257485027	30.411177644710566
352	27	1	61.39800000000005	109.58000000000007
352	28	1	170.60678642714566	40.98403193612775
352	29	1	98.29341317365268	196.87824351297382
353	1	2	20	19.999999999999996
353	2	2	19.744939271255067	95.29149797570845
353	3	2	20	169.99999999999991
353	4	2	94.93999999999997	20.035999999999998
353	5	2	96.45600000000002	95.79999999999994
353	6	2	96.364	169.86399999999992
353	7	2	170.07407407407405	19.72016460905349
353	8	2	169.99999999999994	94.99999999999997
353	9	2	170.12400000000002	170.0280000000002
353	10	1	17.034000000000006	129.77800000000005
353	11	1	45.7245508982036	87.78842315369259
353	12	1	169.58799999999982	128.81600000000006
353	13	1	129.82199999999995	126.33800000000001
353	14	1	104.23952095808386	155.61876247504992
353	15	1	99.73053892215572	72.47704590818368
353	16	1	152.38323353293416	55.978043912175664
353	17	1	158.21556886227526	75.80039920159679
353	18	1	83.51297405189628	83.16167664670657
353	19	1	30.197999999999983	76.96000000000001
353	20	1	77.32934131736536	100.79640718562877
353	21	1	24.732000000000017	148.27999999999983
353	22	1	130.5099999999999	151.83399999999992
353	23	1	39.750000000000014	131.87399999999994
353	24	1	30.986027944111775	109.42115768463073
353	25	1	117.14800000000007	140.55199999999996
353	26	1	155.22200000000012	30.199999999999996
353	27	1	61.399201596806385	109.59081836327354
353	28	1	170.5239999999999	41.00999999999995
353	29	1	98.21357285429137	196.91217564870263
354	1	2	20	19.999999999999996
354	2	2	19.744939271255067	95.29149797570845
354	3	2	20	169.99999999999991
354	4	2	94.93999999999997	20.035999999999998
354	5	2	96.45600000000002	95.79999999999994
354	6	2	96.364	169.86399999999992
354	7	2	170.07407407407405	19.72016460905349
354	8	2	169.99999999999994	94.99999999999997
354	9	2	170.12400000000002	170.0280000000002
354	10	1	16.99600000000001	129.81000000000006
354	11	1	45.88622754491017	87.88822355289426
354	12	1	169.57884231536917	128.7984031936127
354	13	1	129.88423153692614	126.3333333333333
354	14	1	104.30600000000007	155.706
354	15	1	99.94610778443116	72.64271457085823
354	16	1	152.14599999999993	55.81399999999999
354	17	1	158.29341317365285	75.90019960079847
354	18	1	83.63273453093814	83.1556886227544
354	19	1	30.26946107784429	77.04790419161678
354	20	1	77.3892215568863	100.85029940119753
354	21	1	24.76047904191617	148.32135728542903
354	22	1	130.6779999999999	151.57199999999997
354	23	1	39.70858283433131	131.89820359281438
354	24	1	30.860557768924306	109.47211155378477
354	25	1	117.14342629482073	140.5737051792829
354	26	1	155.1916167664672	30.025948103792405
354	27	1	61.24799999999999	109.56200000000003
354	28	1	170.41035856573706	41.02988047808769
354	29	1	97.96	196.83200000000002
355	1	2	20	19.999999999999996
355	2	2	19.744939271255067	95.29149797570845
355	3	2	20	169.99999999999991
355	4	2	94.93999999999997	20.035999999999998
355	5	2	96.45600000000002	95.79999999999994
355	6	2	96.364	169.86399999999992
355	7	2	170.07407407407405	19.72016460905349
355	8	2	169.99999999999994	94.99999999999997
355	9	2	170.12400000000002	170.0280000000002
355	10	1	17.13	129.75400000000008
355	11	1	46.113772455089844	88.11576846307378
355	12	1	169.58399999999992	128.7940000000001
355	13	1	129.95991983967932	126.33266533066127
355	14	1	104.36127744510969	155.8423153692613
355	15	1	100.125748502994	72.70658682634728
355	16	1	151.9282868525898	55.68326693227089
355	17	1	158.41199999999998	75.88000000000005
355	18	1	83.76247504990015	83.10978043912172
355	19	1	30.37325349301398	77.18163672654696
355	20	1	77.44199999999995	100.842
355	21	1	24.91000000000003	148.60199999999978
355	22	1	130.6979999999999	151.54600000000013
355	23	1	39.667330677290806	131.8486055776892
355	24	1	30.778884462151407	109.55577689243017
355	25	1	117.13972055888219	140.506986027944
355	26	1	155.15599999999986	30.039999999999974
355	27	1	61.26946107784435	109.59481037924157
355	28	1	170.3413173652696	41.067864271457104
355	29	1	97.90019960079842	196.97604790419174
356	1	2	20	19.999999999999996
356	2	2	19.744939271255067	95.29149797570845
356	3	2	20	169.99999999999991
356	4	2	94.93999999999997	20.035999999999998
356	5	2	96.45600000000002	95.79999999999994
356	6	2	96.364	169.86399999999992
356	7	2	170.07407407407405	19.72016460905349
356	8	2	169.99999999999994	94.99999999999997
356	9	2	170.12400000000002	170.0280000000002
356	10	1	17.139720558882246	129.7265469061875
356	11	1	46.24399999999999	88.26799999999992
356	12	1	169.4939999999999	128.75999999999993
356	13	1	129.98799999999994	126.35999999999987
356	14	1	104.388	155.9279999999997
356	15	1	100.14199999999997	72.77600000000004
356	16	1	151.8782435129741	55.6686626746507
356	17	1	158.45999999999998	75.88400000000001
356	18	1	83.86427145708588	83.0658682634731
356	19	1	30.520000000000014	77.23000000000003
356	20	1	77.50499001996005	100.88223552894218
356	21	1	25.00598802395209	148.72455089820372
356	22	1	130.75249500998015	151.52694610778443
356	23	1	39.65868263473056	131.92415169660669
356	24	1	30.79999999999999	109.59400000000007
356	25	1	117.14371257485021	140.45908183632736
356	26	1	155.1235059760956	29.898406374502
356	27	1	61.20199999999999	109.63599999999995
356	28	1	170.2379999999999	41.12599999999998
356	29	1	97.7385229540918	196.96007984031925
357	1	2	20	19.999999999999996
357	2	2	19.744939271255067	95.29149797570845
357	3	2	20	169.99999999999991
357	4	2	94.93999999999997	20.035999999999998
357	5	2	96.45600000000002	95.79999999999994
357	6	2	96.364	169.86399999999992
357	7	2	170.07407407407405	19.72016460905349
357	8	2	169.99999999999994	94.99999999999997
357	9	2	170.12400000000002	170.0280000000002
357	10	1	17.189999999999994	129.724
357	11	1	46.38922155688626	88.27544910179644
357	12	1	169.62075848303402	128.68662674650693
357	13	1	130.02200000000002	126.40799999999997
357	14	1	104.44510978043914	156.02195608782435
357	15	1	100.34800000000003	72.92599999999995
357	16	1	151.61676646706596	55.447105788423194
357	17	1	158.41916167664667	75.85429141716573
357	18	1	83.94211576846305	83.06187624750501
357	19	1	30.677999999999987	77.33999999999996
357	20	1	77.45799999999997	100.88
357	21	1	25.217564870259473	148.75049900199596
357	22	1	130.81600000000012	151.43000000000018
357	23	1	39.606	131.97000000000014
357	24	1	30.854	109.63199999999998
357	25	1	117.18999999999994	140.4159999999999
357	26	1	155.08764940239044	29.836653386454202
357	27	1	61.10000000000001	109.63199999999993
357	28	1	170.1796407185628	41.10978043912178
357	29	1	97.64471057884232	196.93413173652695
358	1	2	20	19.999999999999996
358	2	2	19.744939271255067	95.29149797570845
358	3	2	20	169.99999999999991
358	4	2	94.93999999999997	20.035999999999998
358	5	2	96.45600000000002	95.79999999999994
358	6	2	96.364	169.86399999999992
358	7	2	170.07407407407405	19.72016460905349
358	8	2	169.99999999999994	94.99999999999997
358	9	2	170.12400000000002	170.0280000000002
358	10	1	17.21800000000001	129.75200000000012
358	11	1	46.500998003992066	88.29740518962075
358	12	1	169.57884231536917	128.6367265469061
358	13	1	130.00800000000004	126.42800000000017
358	14	1	104.46800000000012	156.06799999999998
358	15	1	100.36726546906196	72.99201596806387
358	16	1	151.3033932135728	55.32734530938125
358	17	1	158.561122244489	75.93386773547093
358	18	1	83.93200000000006	83.11000000000006
358	19	1	30.724000000000014	77.4619999999999
358	20	1	77.51000000000009	100.9220000000001
358	21	1	25.333333333333325	148.73652694610774
358	22	1	130.83600000000013	151.44399999999996
358	23	1	39.66800000000002	131.82599999999988
358	24	1	30.762	109.59999999999992
358	25	1	117.20758483033927	140.40718562874255
358	26	1	155.13173652694624	29.724550898203574
358	27	1	61.056000000000004	109.62000000000002
358	28	1	170.0578842315368	41.18762475049898
358	29	1	97.63073852295402	196.92215568862287
359	1	2	20	19.999999999999996
359	2	2	19.744939271255067	95.29149797570845
359	3	2	20	169.99999999999991
359	4	2	94.93999999999997	20.035999999999998
359	5	2	96.45600000000002	95.79999999999994
359	6	2	96.364	169.86399999999992
359	7	2	170.07407407407405	19.72016460905349
359	8	2	169.99999999999994	94.99999999999997
359	9	2	170.12400000000002	170.0280000000002
359	10	1	17.299401197604784	129.77644710578855
359	11	1	46.645999999999965	88.27200000000002
359	12	1	169.4770459081836	128.64271457085835
359	13	1	130.059880239521	126.44111776447103
359	14	1	104.54600000000006	156.18599999999992
359	15	1	100.53293413173644	73.11177644710587
359	16	1	151.05799999999994	55.21600000000002
359	17	1	158.714	75.91000000000004
359	18	1	83.95000000000003	83.10199999999998
359	19	1	30.844000000000005	77.62200000000006
359	20	1	77.53999999999992	100.93600000000002
359	21	1	25.425149700598812	148.79241516966076
359	22	1	130.8625498007968	151.33067729083663
359	23	1	39.74251497005988	131.8463073852297
359	24	1	30.723999999999993	109.57999999999996
359	25	1	117.15768463073859	140.40319361277446
359	26	1	155.102	29.617999999999977
359	27	1	61.07399999999996	109.6440000000001
359	28	1	169.826	41.40800000000002
359	29	1	97.60479041916174	196.8882235528943
360	1	2	20	19.999999999999996
360	2	2	19.744939271255067	95.29149797570845
360	3	2	20	169.99999999999991
360	4	2	94.93999999999997	20.035999999999998
360	5	2	96.45600000000002	95.79999999999994
360	6	2	96.364	169.86399999999992
360	7	2	170.07407407407405	19.72016460905349
360	8	2	169.99999999999994	94.99999999999997
360	9	2	170.12400000000002	170.0280000000002
360	10	1	17.34800000000001	129.77600000000004
360	11	1	46.810379241516934	88.25349301397206
360	12	1	169.47400000000007	128.61200000000014
360	13	1	130.12600000000003	126.50600000000009
360	14	1	104.53093812375246	156.26347305389234
360	15	1	100.46600000000001	73.07000000000006
360	16	1	150.86626746506977	55.14171656686627
360	17	1	158.91417165668656	75.97205588822357
360	18	1	84.0978043912176	83.08183632734524
360	19	1	30.908183632734517	77.69261477045917
360	20	1	77.5828343313373	100.92015968063869
360	21	1	25.452	148.91000000000008
360	22	1	130.90400000000008	151.2099999999999
360	23	1	39.76047904191618	131.82035928143716
360	24	1	30.688622754491014	109.54690618762474
360	25	1	117.15768463073852	140.36526946107807
360	26	1	154.96407185628746	29.461077844311383
360	27	1	60.959919839679344	109.60721442885765
360	28	1	169.70459081836316	41.47904191616762
360	29	1	97.552	196.94199999999987
361	1	2	20	19.999999999999996
361	2	2	19.744939271255067	95.29149797570845
361	3	2	20	169.99999999999991
361	4	2	94.93999999999997	20.035999999999998
361	5	2	96.45600000000002	95.79999999999994
361	6	2	96.364	169.86399999999992
361	7	2	170.07407407407405	19.72016460905349
361	8	2	169.99999999999994	94.99999999999997
361	9	2	170.12400000000002	170.0280000000002
361	10	1	17.323353293413174	129.8423153692612
361	11	1	46.87225548902199	88.249500998004
361	12	1	169.65400000000002	128.49200000000002
361	13	1	130.13000000000005	126.50999999999995
361	14	1	104.54199999999987	156.33799999999994
361	15	1	100.65999999999994	73.31400000000004
361	16	1	150.62925851703417	55.08016032064128
361	17	1	159.04599999999988	75.92000000000002
361	18	1	84.1760000000001	83.09399999999998
361	19	1	30.994011976047915	77.84231536926156
361	20	1	77.60599999999995	100.88599999999994
361	21	1	25.581999999999997	149.03999999999996
361	22	1	130.9540918163673	151.125748502994
361	23	1	39.690618762475076	131.92614770459068
361	24	1	30.595999999999997	109.64599999999992
361	25	1	117.16367265469053	140.36327345309383
361	26	1	154.88223552894206	29.341317365269454
361	27	1	60.93612774451094	109.60079840319362
361	28	1	169.60678642714566	41.51696606786425
361	29	1	97.5029940119761	197.0119760479042
362	1	2	20	19.999999999999996
362	2	2	19.744939271255067	95.29149797570845
362	3	2	20	169.99999999999991
362	4	2	94.93999999999997	20.035999999999998
362	5	2	96.45600000000002	95.79999999999994
362	6	2	96.364	169.86399999999992
362	7	2	170.07407407407405	19.72016460905349
362	8	2	169.99999999999994	94.99999999999997
362	9	2	170.12400000000002	170.0280000000002
362	10	1	17.392785571142277	129.82765531062117
362	11	1	47.02594810379243	88.24550898203596
362	12	1	169.7119999999999	128.51600000000002
362	13	1	130.20758483033933	126.45908183632739
362	14	1	104.46599999999995	156.38599999999988
362	15	1	100.918	73.49599999999992
362	16	1	150.43912175648694	55.05189620758487
362	17	1	159.14600000000004	75.92600000000006
362	18	1	84.24351297405191	82.96207584830336
362	19	1	31.065737051792823	78.0418326693227
362	20	1	77.59400000000004	100.85599999999991
362	21	1	25.732534930139717	149.20558882235534
362	22	1	130.9499999999999	150.93000000000018
362	23	1	39.714570858283395	131.9580838323353
362	24	1	30.479041916167677	109.76846307385233
362	25	1	116.98799999999994	140.30599999999993
362	26	1	154.81836327345306	29.32135728542914
362	27	1	60.876000000000005	109.56199999999998
362	28	1	169.486	41.61399999999999
362	29	1	97.55089820359285	196.9560878243513
363	1	2	20	19.999999999999996
363	2	2	19.744939271255067	95.29149797570845
363	3	2	20	169.99999999999991
363	4	2	94.93999999999997	20.035999999999998
363	5	2	96.45600000000002	95.79999999999994
363	6	2	96.364	169.86399999999992
363	7	2	170.07407407407405	19.72016460905349
363	8	2	169.99999999999994	94.99999999999997
363	9	2	170.12400000000002	170.0280000000002
363	10	1	17.41117764471058	129.92614770459082
363	11	1	47.115768463073856	88.22155688622752
363	12	1	169.65269461077838	128.5329341317366
363	13	1	130.26200000000006	126.50999999999992
363	14	1	104.42714570858287	156.43313373253474
363	15	1	101.15169660678642	73.64870259481039
363	16	1	150.34730538922153	55.10978043912177
363	17	1	159.24151696606805	75.99201596806378
363	18	1	84.47094188376744	82.9478957915831
363	19	1	31.08199999999999	78.24200000000013
363	20	1	77.61000000000001	100.85600000000004
363	21	1	25.802395209580844	149.3373253493017
363	22	1	130.86626746506974	150.9680638722555
363	23	1	39.666	132.1079999999999
363	24	1	30.586826347305404	109.88822355289422
363	25	1	116.92800000000004	140.32000000000016
363	26	1	154.78443113772457	29.319361277445136
363	27	1	60.830339321357265	109.52894211576847
363	28	1	169.44710578842333	41.694610778443106
363	29	1	97.53000000000002	196.916
364	1	2	20	19.999999999999996
364	2	2	19.744939271255067	95.29149797570845
364	3	2	20	169.99999999999991
364	4	2	94.93999999999997	20.035999999999998
364	5	2	96.45600000000002	95.79999999999994
364	6	2	96.364	169.86399999999992
364	7	2	170.07407407407405	19.72016460905349
364	8	2	169.99999999999994	94.99999999999997
364	9	2	170.12400000000002	170.0280000000002
364	10	1	17.485029940119762	130.04790419161682
364	11	1	47.37325349301399	88.28742514970062
364	12	1	169.62475049900198	128.51297405189624
364	13	1	130.26200000000006	126.50999999999992
364	14	1	104.41199999999998	156.5160000000001
364	15	1	101.22754491017952	73.64670658682633
364	16	1	150.1920000000002	54.93199999999999
364	17	1	159.28143712574834	75.95209580838322
364	18	1	84.59200000000001	82.92199999999997
364	19	1	31.10400000000001	78.32000000000004
364	20	1	77.62400000000008	100.86200000000002
364	21	1	25.950099800399187	149.41916167664658
364	22	1	130.84799999999996	150.87800000000007
364	23	1	39.686000000000014	132.01199999999997
364	24	1	30.487025948103785	109.84431137724543
364	25	1	116.862	140.24400000000003
364	26	1	154.66600000000008	29.22800000000002
364	27	1	60.71457085828341	109.48103792415164
364	28	1	169.258	41.808
364	29	1	97.50299401197606	196.92215568862275
365	1	2	20	19.999999999999996
365	2	2	19.744939271255067	95.29149797570845
365	3	2	20	169.99999999999991
365	4	2	94.93999999999997	20.035999999999998
365	5	2	96.45600000000002	95.79999999999994
365	6	2	96.364	169.86399999999992
365	7	2	170.07407407407405	19.72016460905349
365	8	2	169.99999999999994	94.99999999999997
365	9	2	170.12400000000002	170.0280000000002
365	10	1	17.457999999999995	130.09399999999997
365	11	1	47.49500998003991	88.2954091816367
365	12	1	169.71656686626739	128.54690618762467
365	13	1	130.204	126.51000000000002
365	14	1	104.446	156.55000000000004
365	15	1	101.27800000000003	73.76599999999999
365	16	1	150.06560636182903	54.69781312127234
365	17	1	159.304	75.95800000000003
365	18	1	84.56686626746509	82.94011976047902
365	19	1	31.081836327345304	78.50698602794424
365	20	1	77.64400000000003	100.90799999999999
365	21	1	26.133999999999975	149.4619999999999
365	22	1	130.90599999999984	150.87599999999992
365	23	1	39.586826347305355	132.01796407185626
365	24	1	30.504000000000012	109.86999999999996
365	25	1	116.89620758483032	140.22954091816348
365	26	1	154.64670658682635	29.041916167664688
365	27	1	60.63400000000002	109.46999999999996
365	28	1	169.28542914171655	41.870259481037905
365	29	1	97.41400000000007	196.886
366	1	2	20	19.999999999999996
366	2	2	19.744939271255067	95.29149797570845
366	3	2	20	169.99999999999991
366	4	2	94.93999999999997	20.035999999999998
366	5	2	96.45600000000002	95.79999999999994
366	6	2	96.364	169.86399999999992
366	7	2	170.07407407407405	19.72016460905349
366	8	2	169.99999999999994	94.99999999999997
366	9	2	170.12400000000002	170.0280000000002
366	10	1	17.517999999999997	130.08199999999988
366	11	1	47.57285429141714	88.2415169660678
366	12	1	169.7019999999999	128.53599999999994
366	13	1	130.11776447105782	126.48502994011976
366	14	1	104.49999999999999	156.63000000000022
366	15	1	101.31400000000002	73.78199999999997
366	16	1	149.8486055776893	54.62151394422312
366	17	1	159.41999999999996	75.97000000000008
366	18	1	84.51799999999997	82.91000000000004
366	19	1	31.12774451097805	78.5409181636726
366	20	1	77.594	100.92199999999998
366	21	1	26.276	149.48999999999984
366	22	1	130.8525896414343	150.93227091633474
366	23	1	39.681999999999995	132.06199999999998
366	24	1	30.515999999999984	109.98199999999999
366	25	1	116.87000000000002	140.1140000000002
366	26	1	154.61000000000013	28.893999999999995
366	27	1	60.59999999999997	109.4320000000001
366	28	1	169.25748502994	41.91816367265467
366	29	1	97.3592814371258	196.97005988023952
367	1	2	20	19.999999999999996
367	2	2	19.744939271255067	95.29149797570845
367	3	2	20	169.99999999999991
367	4	2	94.93999999999997	20.035999999999998
367	5	2	96.45600000000002	95.79999999999994
367	6	2	96.364	169.86399999999992
367	7	2	170.07407407407405	19.72016460905349
367	8	2	169.99999999999994	94.99999999999997
367	9	2	170.12400000000002	170.0280000000002
367	10	1	17.544	130.16799999999998
367	11	1	47.54091816367268	88.27345309381231
367	12	1	169.63799999999992	128.51599999999985
367	13	1	130.10800000000003	126.57400000000001
367	14	1	104.5728542914171	156.65868263473052
367	15	1	101.38123752495008	73.80039920159693
367	16	1	149.77800000000008	54.60199999999999
367	17	1	159.552894211577	76.01397205588822
367	18	1	84.43113772455088	82.86227544910173
367	19	1	31.10179640718562	78.66467065868264
367	20	1	77.58483033932133	101.03792415169647
367	21	1	26.398000000000007	149.584
367	22	1	130.92199999999997	150.73000000000002
367	23	1	39.7365269461078	132.18163672654694
367	24	1	30.337325349301405	110.10179640718565
367	25	1	116.77600000000005	140.0179999999999
367	26	1	154.62600000000003	28.84799999999998
367	27	1	60.528942115768444	109.46706586826353
367	28	1	169.1859999999999	42.06600000000005
367	29	1	97.24999999999997	196.88399999999996
368	1	2	20	19.999999999999996
368	2	2	19.744939271255067	95.29149797570845
368	3	2	20	169.99999999999991
368	4	2	94.93999999999997	20.035999999999998
368	5	2	96.45600000000002	95.79999999999994
368	6	2	96.364	169.86399999999992
368	7	2	170.07407407407405	19.72016460905349
368	8	2	169.99999999999994	94.99999999999997
368	9	2	170.12400000000002	170.0280000000002
368	10	1	17.601999999999986	130.1900000000001
368	11	1	47.695999999999984	88.29600000000003
368	12	1	169.68063872255482	128.51297405189644
368	13	1	130.08799999999997	126.59400000000008
368	14	1	104.57399999999996	156.62600000000006
368	15	1	101.49301397205588	73.93612774451098
368	16	1	149.60799999999992	54.40599999999994
368	17	1	159.73053892215572	75.97604790419163
368	18	1	84.29999999999998	82.79199999999992
368	19	1	31.30938123752495	78.84431137724555
368	20	1	77.61000000000001	101.00200000000001
368	21	1	26.44422310756971	149.60358565737045
368	22	1	130.99001996007985	150.7624750499002
368	23	1	39.86027944111782	132.36327345309377
368	24	1	30.365999999999993	110.23199999999997
368	25	1	116.76447105788438	140.01996007984025
368	26	1	154.55400000000003	28.624000000000013
368	27	1	60.52599999999995	109.41199999999994
368	28	1	169.04199999999994	42.12599999999999
368	29	1	97.2435129740519	196.94411177644724
369	1	2	20	19.999999999999996
369	2	2	19.744939271255067	95.29149797570845
369	3	2	20	169.99999999999991
369	4	2	94.93999999999997	20.035999999999998
369	5	2	96.45600000000002	95.79999999999994
369	6	2	96.364	169.86399999999992
369	7	2	170.07407407407405	19.72016460905349
369	8	2	169.99999999999994	94.99999999999997
369	9	2	170.12400000000002	170.0280000000002
369	10	1	17.610000000000007	130.18600000000006
369	11	1	47.81999999999995	88.24799999999993
369	12	1	169.74451097804396	128.49500998003995
369	13	1	130.12400000000005	126.61999999999998
369	14	1	104.67134268537069	156.67935871743475
369	15	1	101.6179999999999	73.98600000000002
369	16	1	149.482	54.33199999999998
369	17	1	159.81836327345314	75.8602794411178
369	18	1	84.38323353293404	82.66267465069865
369	19	1	31.24599999999999	79.02799999999999
369	20	1	77.62075848303392	100.96407185628745
369	21	1	26.48702594810376	149.69660678642714
369	22	1	130.9920000000001	150.69199999999995
369	23	1	39.81037924151694	132.4171656686627
369	24	1	30.421157684630746	110.26546906187625
369	25	1	116.71743486973942	139.88577154308615
369	26	1	154.522	28.640000000000004
369	27	1	60.49400000000001	109.35
369	28	1	169.04199999999994	42.12599999999999
369	29	1	97.17399999999996	196.85200000000006
370	1	2	20	19.999999999999996
370	2	2	19.744939271255067	95.29149797570845
370	3	2	20	169.99999999999991
370	4	2	94.93999999999997	20.035999999999998
370	5	2	96.45600000000002	95.79999999999994
370	6	2	96.364	169.86399999999992
370	7	2	170.07407407407405	19.72016460905349
370	8	2	169.99999999999994	94.99999999999997
370	9	2	170.12400000000002	170.0280000000002
370	10	1	17.768463073852303	130.15968063872256
370	11	1	47.86600000000002	88.27999999999994
370	12	1	169.90600000000012	128.43600000000015
370	13	1	130.12224448897808	126.67134268537062
370	14	1	104.70858283433135	156.71856287425157
370	15	1	101.84630738522954	74.09780439121754
370	16	1	149.2974051896207	54.21756487025945
370	17	1	159.84860557768903	75.81274900398405
370	18	1	84.40918163672652	82.53493013972059
370	19	1	31.30079681274899	79.18924302788855
370	20	1	77.68263473053895	100.94411177644707
370	21	1	26.644710578842304	149.7365269461077
370	22	1	131.0160000000001	150.74400000000006
370	23	1	39.86800000000001	132.506
370	24	1	30.398	110.3420000000001
370	25	1	116.6912350597609	139.82270916334667
370	26	1	154.55199999999988	28.565999999999995
370	27	1	60.57684630738519	109.44311377245509
370	28	1	168.96799999999996	42.238000000000014
370	29	1	97.11599999999999	196.882
371	1	2	20	19.999999999999996
371	2	2	19.744939271255067	95.29149797570845
371	3	2	20	169.99999999999991
371	4	2	94.93999999999997	20.035999999999998
371	5	2	96.45600000000002	95.79999999999994
371	6	2	96.364	169.86399999999992
371	7	2	170.07407407407405	19.72016460905349
371	8	2	169.99999999999994	94.99999999999997
371	9	2	170.12400000000002	170.0280000000002
371	10	1	17.837999999999994	130.14799999999988
371	11	1	47.912	88.26200000000009
371	12	1	169.97600000000003	128.41000000000003
371	13	1	130.08782435129737	126.65469061876246
371	14	1	104.80600000000003	156.72600000000006
371	15	1	102.13772455089823	74.27145708582846
371	16	1	149.09580838323353	54.15568862275452
371	17	1	159.870259481038	75.77844311377238
371	18	1	84.32800000000006	82.488
371	19	1	31.383233532934113	79.1716566866268
371	20	1	77.61400000000009	100.87199999999999
371	21	1	26.911999999999995	149.7320000000002
371	22	1	130.94422310756963	150.77689243027885
371	23	1	39.98602794411176	132.45908183632733
371	24	1	30.36926147704591	110.33732534930137
371	25	1	116.67399999999996	139.796
371	26	1	154.54091816367267	28.55489021956086
371	27	1	60.60800000000001	109.43199999999995
371	28	1	168.9221556886226	42.32734530938125
371	29	1	96.95190380761512	196.8276553106211
372	1	2	20	19.999999999999996
372	2	2	19.744939271255067	95.29149797570845
372	3	2	20	169.99999999999991
372	4	2	94.93999999999997	20.035999999999998
372	5	2	96.45600000000002	95.79999999999994
372	6	2	96.364	169.86399999999992
372	7	2	170.07407407407405	19.72016460905349
372	8	2	169.99999999999994	94.99999999999997
372	9	2	170.12400000000002	170.0280000000002
372	10	1	17.991999999999997	130.13999999999993
372	11	1	48.02400000000001	88.28400000000008
372	12	1	170.01596806387226	128.38323353293413
372	13	1	130.1237524950101	126.69061876247505
372	14	1	104.94223107569725	156.76892430278903
372	15	1	102.33200000000006	74.35000000000004
372	16	1	149.12350597609537	54.10159362549801
372	17	1	159.84431137724556	75.76047904191617
372	18	1	84.36926147704598	82.50898203592818
372	19	1	31.57485029940121	79.15568862275445
372	20	1	77.628	100.90199999999997
372	21	1	27.06175298804782	149.84860557768934
372	22	1	130.94799999999998	150.78199999999984
372	23	1	40.06600000000001	132.5320000000001
372	24	1	30.33600000000001	110.4040000000001
372	25	1	116.74850299401206	139.7125748502995
372	26	1	154.57285429141746	28.36526946107782
372	27	1	60.52	109.40799999999994
372	28	1	168.86599999999996	42.29600000000003
372	29	1	96.98600000000002	196.87399999999994
373	1	2	20	19.999999999999996
373	2	2	19.744939271255067	95.29149797570845
373	3	2	20	169.99999999999991
373	4	2	94.93999999999997	20.035999999999998
373	5	2	96.45600000000002	95.79999999999994
373	6	2	96.364	169.86399999999992
373	7	2	170.07407407407405	19.72016460905349
373	8	2	169.99999999999994	94.99999999999997
373	9	2	170.12400000000002	170.0280000000002
373	10	1	18.03792415169662	130.27544910179626
373	11	1	48.152000000000015	88.29600000000006
373	12	1	169.97995991983979	128.4148296593188
373	13	1	130.16000000000014	126.692
373	14	1	105.02594810379243	156.86427145708583
373	15	1	102.46199999999996	74.45200000000001
373	16	1	148.99401197604797	54.06586826347307
373	17	1	159.85999999999999	75.77199999999998
373	18	1	84.38522954091817	82.31337325349303
373	19	1	31.59081836327345	79.33732534930138
373	20	1	77.73600000000002	100.89800000000005
373	21	1	27.157999999999994	149.90000000000012
373	22	1	130.96200000000013	150.756
373	23	1	40.197211155378504	132.64143426294822
373	24	1	30.30938123752494	110.52694610778437
373	25	1	116.78842315369263	139.7185628742514
373	26	1	154.53493013972076	28.297405189620775
373	27	1	60.578000000000024	109.40000000000005
373	28	1	168.6540000000001	42.453999999999986
373	29	1	97.07399999999994	196.85199999999998
374	1	2	20	19.999999999999996
374	2	2	19.744939271255067	95.29149797570845
374	3	2	20	169.99999999999991
374	4	2	94.93999999999997	20.035999999999998
374	5	2	96.45600000000002	95.79999999999994
374	6	2	96.364	169.86399999999992
374	7	2	170.07407407407405	19.72016460905349
374	8	2	169.99999999999994	94.99999999999997
374	9	2	170.12400000000002	170.0280000000002
374	10	1	18.151696606786427	130.311377245509
374	11	1	48.292	88.36000000000003
374	12	1	169.9639999999999	128.486
374	13	1	130.21800000000002	126.67400000000004
374	14	1	105.26347305389221	157.02195608782438
374	15	1	102.52295409181632	74.45309381237529
374	16	1	148.92800000000005	54.02400000000004
374	17	1	159.86027944111774	75.76047904191618
374	18	1	84.43712574850296	82.31736526946098
374	19	1	31.608782435129747	79.5109780439122
374	20	1	77.74200000000008	100.994
374	21	1	27.47399999999998	149.88200000000006
374	22	1	131.03592814371257	150.6986027944111
374	23	1	40.2304609218437	132.6252505010019
374	24	1	30.24	110.56800000000001
374	25	1	116.80876494023899	139.67330677290832
374	26	1	154.489021956088	28.13772455089821
374	27	1	60.54399999999995	109.45599999999999
374	28	1	168.4990019960079	42.58283433133733
374	29	1	97.15169660678637	196.80039920159703
375	1	2	20	19.999999999999996
375	2	2	19.744939271255067	95.29149797570845
375	3	2	20	169.99999999999991
375	4	2	94.93999999999997	20.035999999999998
375	5	2	96.45600000000002	95.79999999999994
375	6	2	96.364	169.86399999999992
375	7	2	170.07407407407405	19.72016460905349
375	8	2	169.99999999999994	94.99999999999997
375	9	2	170.12400000000002	170.0280000000002
375	10	1	18.172000000000004	130.38800000000012
375	11	1	48.34399999999998	88.25999999999999
375	12	1	169.94400000000013	128.45800000000017
375	13	1	130.22599999999997	126.682
375	14	1	105.38400000000003	157.17399999999992
375	15	1	102.56112224448896	74.43687374749499
375	16	1	148.82599999999996	53.974
375	17	1	159.95799999999997	75.67999999999999
375	18	1	84.51999999999992	82.28399999999999
375	19	1	31.748000000000015	79.44400000000002
375	20	1	77.71199999999997	100.90000000000009
375	21	1	27.599601593625493	149.90438247011946
375	22	1	131.04790419161662	150.7125748502994
375	23	1	40.269999999999996	132.69799999999992
375	24	1	30.24750499001996	110.61077844311377
375	25	1	116.77200000000003	139.69400000000013
375	26	1	154.41999999999996	28.108
375	27	1	60.498000000000026	109.37200000000003
375	28	1	168.34730538922153	42.68662674650695
375	29	1	97.13399999999996	196.79399999999995
376	1	2	20	19.999999999999996
376	2	2	19.744939271255067	95.29149797570845
376	3	2	20	169.99999999999991
376	4	2	94.93999999999997	20.035999999999998
376	5	2	96.45600000000002	95.79999999999994
376	6	2	96.364	169.86399999999992
376	7	2	170.07407407407405	19.72016460905349
376	8	2	169.99999999999994	94.99999999999997
376	9	2	170.12400000000002	170.0280000000002
376	10	1	18.066000000000006	130.44599999999997
376	11	1	48.541999999999994	88.29400000000001
376	12	1	169.9920000000001	128.50599999999994
376	13	1	130.26600000000005	126.70799999999993
376	14	1	105.484	157.25399999999996
376	15	1	102.56886227544908	74.38522954091813
376	16	1	148.6432865731464	53.817635270541054
376	17	1	159.89820359281407	75.6447105788423
376	18	1	84.75000000000003	82.28399999999995
376	19	1	31.82834331337326	79.61477045908181
376	20	1	77.54000000000003	100.862
376	21	1	27.61400000000001	149.79399999999998
376	22	1	131.03386454183274	150.66135458167327
376	23	1	40.275449101796376	132.75848303393224
376	24	1	30.117764471057875	110.75848303393205
376	25	1	116.77600000000004	139.62200000000007
376	26	1	154.38600000000008	28.006000000000007
376	27	1	60.375249500997974	109.30538922155691
376	28	1	168.24999999999994	42.66600000000004
376	29	1	97.19960079840324	196.7864271457083
377	1	2	20	19.999999999999996
377	2	2	19.744939271255067	95.29149797570845
377	3	2	20	169.99999999999991
377	4	2	94.93999999999997	20.035999999999998
377	5	2	96.45600000000002	95.79999999999994
377	6	2	96.364	169.86399999999992
377	7	2	170.07407407407405	19.72016460905349
377	8	2	169.99999999999994	94.99999999999997
377	9	2	170.12400000000002	170.0280000000002
377	10	1	18.17365269461077	130.47504990019965
377	11	1	48.66866267465068	88.36926147704591
377	12	1	170.14570858283417	128.45908183632758
377	13	1	130.30800000000002	126.77600000000001
377	14	1	105.46706586826353	157.2854291417165
377	15	1	102.69000000000005	74.45600000000003
377	16	1	148.46107784431132	53.87225548902188
377	17	1	159.9481037924152	75.62275449101787
377	18	1	84.81437125748513	82.18363273453102
377	19	1	31.888223552894214	79.66666666666669
377	20	1	77.444	100.77199999999999
377	21	1	27.812375249500988	149.8962075848303
377	22	1	131.13999999999996	150.66000000000005
377	23	1	40.2235528942116	132.87025948103792
377	24	1	30.06212424849699	110.7555110220441
377	25	1	116.88023952095818	139.61077844311382
377	26	1	154.39800000000005	27.954000000000008
377	27	1	60.405189620758485	109.30938123752497
377	28	1	168.1254980079682	42.73306772908366
377	29	1	97.20517928286849	196.78087649402386
378	1	2	20	19.999999999999996
378	2	2	19.744939271255067	95.29149797570845
378	3	2	20	169.99999999999991
378	4	2	94.93999999999997	20.035999999999998
378	5	2	96.45600000000002	95.79999999999994
378	6	2	96.364	169.86399999999992
378	7	2	170.07407407407405	19.72016460905349
378	8	2	169.99999999999994	94.99999999999997
378	9	2	170.12400000000002	170.0280000000002
378	10	1	18.259999999999994	130.396
378	11	1	48.82035928143715	88.47704590818371
378	12	1	170.2375249500998	128.42315369261487
378	13	1	130.29940119760485	126.73453093812375
378	14	1	105.64400000000002	157.346
378	15	1	102.71199999999993	74.35800000000006
378	16	1	148.367265469062	53.76247504990016
378	17	1	159.97205588822374	75.56686626746509
378	18	1	84.88822355289427	82.13572854291418
378	19	1	31.98000000000001	79.75000000000001
378	20	1	77.43400000000003	100.70799999999998
378	21	1	27.811999999999998	149.89200000000017
378	22	1	131.11999999999986	150.59999999999982
378	23	1	40.18363273453094	132.95009980039904
378	24	1	29.982035928143734	110.7644710578842
378	25	1	116.87999999999997	139.5799999999999
378	26	1	154.35799999999998	27.870000000000005
378	27	1	60.46706586826351	109.3033932135729
378	28	1	167.97399999999988	42.859999999999985
378	29	1	97.1836327345309	196.82035928143725
379	1	2	20	19.999999999999996
379	2	2	19.744939271255067	95.29149797570845
379	3	2	20	169.99999999999991
379	4	2	94.93999999999997	20.035999999999998
379	5	2	96.45600000000002	95.79999999999994
379	6	2	96.364	169.86399999999992
379	7	2	170.07407407407405	19.72016460905349
379	8	2	169.99999999999994	94.99999999999997
379	9	2	170.12400000000002	170.0280000000002
379	10	1	18.24399999999999	130.4120000000001
379	11	1	48.904191616766454	88.3393213572855
379	12	1	170.3113772455089	128.39720558882223
379	13	1	130.16600000000005	126.67800000000001
379	14	1	105.88199999999999	157.48000000000013
379	15	1	102.82000000000009	74.39800000000005
379	16	1	148.199600798403	53.62475049900201
379	17	1	159.948	75.46800000000002
379	18	1	85.01596806387224	82.07784431137728
379	19	1	32.112	79.8320000000001
379	20	1	77.36526946107786	100.62075848303391
379	21	1	27.864000000000008	149.86399999999998
379	22	1	131.23799999999994	150.64400000000023
379	23	1	40.10358565737053	133.00398406374515
379	24	1	29.942115768463086	110.77045908183631
379	25	1	116.94999999999997	139.48799999999997
379	26	1	154.35528942115755	27.77045908183633
379	27	1	60.60079840319358	109.25948103792422
379	28	1	167.8579999999999	42.95199999999996
379	29	1	97.18962075848309	197.0359281437126
380	1	2	20	19.999999999999996
380	2	2	19.744939271255067	95.29149797570845
380	3	2	20	169.99999999999991
380	4	2	94.93999999999997	20.035999999999998
380	5	2	96.45600000000002	95.79999999999994
380	6	2	96.364	169.86399999999992
380	7	2	170.07407407407405	19.72016460905349
380	8	2	169.99999999999994	94.99999999999997
380	9	2	170.12400000000002	170.0280000000002
380	10	1	18.277445109780444	130.50299401197623
380	11	1	49.165668662674655	88.44910179640718
380	12	1	170.32934131736516	128.3572854291417
380	13	1	130.17799999999997	126.69600000000001
380	14	1	106.02800000000002	157.58599999999996
380	15	1	103.05588822355288	74.49101796407189
380	16	1	148.08183632734526	53.51097804391212
380	17	1	160.00998003992015	75.37924151696608
380	18	1	85.23199999999997	81.93200000000002
380	19	1	32.189620758483045	80.07984031936128
380	20	1	77.28599999999997	100.47
380	21	1	27.82799999999998	149.872
380	22	1	131.286	150.588
380	23	1	40.07385229540916	133.02395209580834
380	24	1	29.73599999999999	110.84999999999991
380	25	1	116.90419161676647	139.52694610778434
380	26	1	154.33000000000013	27.76999999999999
380	27	1	60.618762475049905	109.21357285429148
380	28	1	167.83999999999997	43.020000000000046
380	29	1	97.17764471057875	197.01397205588825
381	1	2	20	19.999999999999996
381	2	2	19.744939271255067	95.29149797570845
381	3	2	20	169.99999999999991
381	4	2	94.93999999999997	20.035999999999998
381	5	2	96.45600000000002	95.79999999999994
381	6	2	96.364	169.86399999999992
381	7	2	170.07407407407405	19.72016460905349
381	8	2	169.99999999999994	94.99999999999997
381	9	2	170.12400000000002	170.0280000000002
381	10	1	18.303393213572868	130.5449101796409
381	11	1	49.183266932270925	88.38247011952188
381	12	1	170.19199999999992	128.40800000000002
381	13	1	130.10778443113773	126.72055888223552
381	14	1	106.10199999999999	157.71400000000008
381	15	1	103.06399999999991	74.444
381	16	1	147.89620758483048	53.415169660678636
381	17	1	159.99799999999988	75.27999999999997
381	18	1	85.1996007984032	81.97804391217566
381	19	1	32.16966067864272	80.16167664670648
381	20	1	77.22355289421155	100.46307385229531
381	21	1	27.850299401197613	149.87824351297394
381	22	1	131.41482965931883	150.44288577154308
381	23	1	40.06187624750502	133.02794411177643
381	24	1	29.732000000000006	110.85600000000001
381	25	1	116.87374749498996	139.56513026052104
381	26	1	154.37125748502984	27.684630738522937
381	27	1	60.79241516966067	109.24151696606793
381	28	1	167.67465069860302	43.25948103792414
381	29	1	97.12774451097812	197.0319361277446
382	1	2	20	19.999999999999996
382	2	2	19.744939271255067	95.29149797570845
382	3	2	20	169.99999999999991
382	4	2	94.93999999999997	20.035999999999998
382	5	2	96.45600000000002	95.79999999999994
382	6	2	96.364	169.86399999999992
382	7	2	170.07407407407405	19.72016460905349
382	8	2	169.99999999999994	94.99999999999997
382	9	2	170.12400000000002	170.0280000000002
382	10	1	18.331337325349295	130.57285429141726
382	11	1	49.335329341317376	88.47704590818363
382	12	1	170.17399999999998	128.40000000000012
382	13	1	130.132	126.68399999999995
382	14	1	106.14400000000006	157.72000000000014
382	15	1	103.28542914171659	74.53093812375256
382	16	1	147.68400000000003	53.400000000000006
382	17	1	160.01400000000018	75.14799999999998
382	18	1	85.31399999999994	81.88399999999993
382	19	1	32.19322709163347	80.27490039840637
382	20	1	77.0698602794411	100.28143712574854
382	21	1	27.920000000000012	149.886
382	22	1	131.54690618762473	150.40319361277434
382	23	1	40.00799999999998	133.08599999999987
382	24	1	29.62275449101798	110.9500998003992
382	25	1	116.93013972055891	139.54091816367276
382	26	1	154.50501002004017	27.55110220440882
382	27	1	60.80000000000002	109.16999999999994
382	28	1	167.3852295409181	43.578842315369265
382	29	1	97.1297405189621	197.00998003992015
383	1	2	20	19.999999999999996
383	2	2	19.744939271255067	95.29149797570845
383	3	2	20	169.99999999999991
383	4	2	94.93999999999997	20.035999999999998
383	5	2	96.45600000000002	95.79999999999994
383	6	2	96.364	169.86399999999992
383	7	2	170.07407407407405	19.72016460905349
383	8	2	169.99999999999994	94.99999999999997
383	9	2	170.12400000000002	170.0280000000002
383	10	1	18.413173652694613	130.60279441117768
383	11	1	49.3692614770459	88.44510978043917
383	12	1	170.05399999999992	128.41800000000003
383	13	1	130.06600000000006	126.61400000000006
383	14	1	106.27399999999996	157.82200000000017
383	15	1	103.32135728542916	74.55489021956083
383	16	1	147.54799999999986	53.29799999999998
383	17	1	160.03800000000012	75.04999999999998
383	18	1	85.36726546906182	81.94810379241513
383	19	1	32.23399999999998	80.32400000000001
383	20	1	76.94223107569721	100.29482071713147
383	21	1	27.934000000000008	149.9219999999999
383	22	1	131.65400000000005	150.2960000000001
383	23	1	39.989999999999974	133.14800000000002
383	24	1	29.463999999999995	111.01800000000006
383	25	1	116.90199999999996	139.60000000000002
383	26	1	154.62799999999996	27.527999999999977
383	27	1	60.699999999999996	109.14799999999993
383	28	1	167.37	43.65000000000003
383	29	1	97.0299401197605	196.9061876247504
384	1	2	20	19.999999999999996
384	2	2	19.744939271255067	95.29149797570845
384	3	2	20	169.99999999999991
384	4	2	94.93999999999997	20.035999999999998
384	5	2	96.45600000000002	95.79999999999994
384	6	2	96.364	169.86399999999992
384	7	2	170.07407407407405	19.72016460905349
384	8	2	169.99999999999994	94.99999999999997
384	9	2	170.12400000000002	170.0280000000002
384	10	1	18.520000000000014	130.57600000000002
384	11	1	49.50399999999999	88.25200000000011
384	12	1	169.85029940119773	128.4011976047903
384	13	1	129.96593186372746	126.59919839679361
384	14	1	106.32734530938127	157.81437125748502
384	15	1	103.332	74.54199999999996
384	16	1	147.31799999999978	53.189999999999976
384	17	1	160.10978043912192	74.93213572854295
384	18	1	85.59399999999995	81.94599999999997
384	19	1	32.243512974051896	80.4291417165668
384	20	1	76.84262948207171	100.28087649402399
384	21	1	27.86826347305391	149.90219560878256
384	22	1	131.59999999999997	150.352
384	23	1	40.050000000000026	133.18999999999994
384	24	1	29.36800000000002	111.06799999999998
384	25	1	116.90160642570282	139.59236947791183
384	26	1	154.53293413173668	27.48103792415171
384	27	1	60.4650698602794	109.02994011976048
384	28	1	167.19322709163353	43.88247011952189
384	29	1	96.88822355289415	196.83433133732524
385	1	2	20	19.999999999999996
385	2	2	19.744939271255067	95.29149797570845
385	3	2	20	169.99999999999991
385	4	2	94.93999999999997	20.035999999999998
385	5	2	96.45600000000002	95.79999999999994
385	6	2	96.364	169.86399999999992
385	7	2	170.07407407407405	19.72016460905349
385	8	2	169.99999999999994	94.99999999999997
385	9	2	170.12400000000002	170.0280000000002
385	10	1	18.606786427145703	130.5289421157684
385	11	1	49.60599999999996	88.35200000000002
385	12	1	169.97800000000015	128.38200000000015
385	13	1	129.94800000000006	126.73400000000004
385	14	1	106.47704590818367	157.8502994011976
385	15	1	103.42400000000004	74.52399999999999
385	16	1	147.04199999999992	53.08
385	17	1	160.13972055888237	74.76646706586823
385	18	1	85.70059880239519	81.9041916167664
385	19	1	32.29000000000001	80.50800000000002
385	20	1	76.85400000000008	100.23199999999999
385	21	1	27.982	149.9000000000001
385	22	1	131.72999999999982	150.4119999999998
385	23	1	40.071856287425184	133.24151696606796
385	24	1	29.247999999999976	111.13799999999998
385	25	1	116.83400000000003	139.60400000000013
385	26	1	154.56200000000004	27.417999999999992
385	27	1	60.54491017964072	109.0439121756487
385	28	1	166.97211155378497	44.065737051792816
385	29	1	96.7529880478088	196.800796812749
386	1	2	20	19.999999999999996
386	2	2	19.744939271255067	95.29149797570845
386	3	2	20	169.99999999999991
386	4	2	94.93999999999997	20.035999999999998
386	5	2	96.45600000000002	95.79999999999994
386	6	2	96.364	169.86399999999992
386	7	2	170.07407407407405	19.72016460905349
386	8	2	169.99999999999994	94.99999999999997
386	9	2	170.12400000000002	170.0280000000002
386	10	1	18.634730538922135	130.60079840319358
386	11	1	49.63199999999996	88.30000000000004
386	12	1	169.89600000000004	128.32600000000005
386	13	1	129.99999999999997	126.74999999999996
386	14	1	106.52495009980038	157.92415169660674
386	15	1	103.49999999999994	74.51599999999999
386	16	1	146.93999999999988	52.98599999999998
386	17	1	160.06786427145718	74.77045908183636
386	18	1	85.8223552894211	81.82834331337318
386	19	1	32.269999999999996	80.55199999999994
386	20	1	76.7904191616767	100.10179640718557
386	21	1	27.99800000000001	149.91000000000017
386	22	1	131.70259481037917	150.47105788423133
386	23	1	40.09199999999998	133.35200000000003
386	24	1	29.207999999999984	111.16799999999992
386	25	1	116.82235528942114	139.6107784431139
386	26	1	154.5540000000001	27.400000000000002
386	27	1	60.65269461077844	109.0199600798403
386	28	1	166.78243512974046	44.249500998004
386	29	1	96.71457085828352	196.82435129740546
387	1	2	20	19.999999999999996
387	2	2	19.744939271255067	95.29149797570845
387	3	2	20	169.99999999999991
387	4	2	94.93999999999997	20.035999999999998
387	5	2	96.45600000000002	95.79999999999994
387	6	2	96.364	169.86399999999992
387	7	2	170.07407407407405	19.72016460905349
387	8	2	169.99999999999994	94.99999999999997
387	9	2	170.12400000000002	170.0280000000002
387	10	1	18.666000000000015	130.60600000000008
387	11	1	49.666000000000025	88.37799999999997
387	12	1	169.74199999999993	128.2959999999999
387	13	1	129.99200000000002	126.77799999999992
387	14	1	106.56886227544905	157.9920159680639
387	15	1	103.41117764471058	74.47305389221548
387	16	1	146.80239520958068	52.83632734530941
387	17	1	160.08383233532948	74.67864271457093
387	18	1	85.87600000000006	81.768
387	19	1	32.23200000000002	80.58999999999997
387	20	1	76.75848303393215	100.05189620758482
387	21	1	27.93800000000001	149.95999999999987
387	22	1	131.77400000000006	150.48799999999997
387	23	1	40.17165668662675	133.40718562874244
387	24	1	29.180000000000007	111.1960000000001
387	25	1	116.85999999999997	139.65200000000016
387	26	1	154.5668662674651	27.271457085828352
387	27	1	60.74600000000002	109.05800000000005
387	28	1	166.5908183632735	44.49101796407189
387	29	1	96.77200000000003	196.904
388	1	2	20	19.999999999999996
388	2	2	19.744939271255067	95.29149797570845
388	3	2	20	169.99999999999991
388	4	2	94.93999999999997	20.035999999999998
388	5	2	96.45600000000002	95.79999999999994
388	6	2	96.364	169.86399999999992
388	7	2	170.07407407407405	19.72016460905349
388	8	2	169.99999999999994	94.99999999999997
388	9	2	170.12400000000002	170.0280000000002
388	10	1	18.872	130.57399999999996
388	11	1	49.71656686626745	88.30738522954086
388	12	1	169.514	128.27999999999994
388	13	1	130.02594810379242	126.87425149700603
388	14	1	106.68862275449104	158.02994011976057
388	15	1	103.45599999999995	74.51999999999997
388	16	1	146.5600000000001	52.74599999999999
388	17	1	160.09362549800792	74.51992031872513
388	18	1	85.91399999999999	81.76600000000002
388	19	1	32.29940119760478	80.68063872255497
388	20	1	76.81037924151704	100.07984031936132
388	21	1	27.904191616766465	149.97005988023957
388	22	1	131.75249500998007	150.58483033932143
388	23	1	40.30738522954088	133.50499001995996
388	24	1	29.02799999999997	111.28599999999997
388	25	1	117.07399999999997	139.598
388	26	1	154.6267465069861	27.177644710578832
388	27	1	60.759999999999984	109.00200000000002
388	28	1	166.45399999999984	44.51799999999997
388	29	1	96.6993987975952	196.84569138276552
389	1	2	20	19.999999999999996
389	2	2	19.744939271255067	95.29149797570845
389	3	2	20	169.99999999999991
389	4	2	94.93999999999997	20.035999999999998
389	5	2	96.45600000000002	95.79999999999994
389	6	2	96.364	169.86399999999992
389	7	2	170.07407407407405	19.72016460905349
389	8	2	169.99999999999994	94.99999999999997
389	9	2	170.12400000000002	170.0280000000002
389	10	1	18.86427145708583	130.59680638722566
389	11	1	49.82435129740521	88.33133732534928
389	12	1	169.37800000000013	128.2660000000002
389	13	1	129.94211576846308	126.84031936127747
389	14	1	106.75848303393211	158.09980039920157
389	15	1	103.65069860279436	74.54291417165666
389	16	1	146.39599999999996	52.647999999999996
389	17	1	159.99601593625505	74.58167330677294
389	18	1	85.9740518962076	81.71057884231531
389	19	1	32.3453093812375	80.71457085828344
389	20	1	76.82834331337322	100.06786427145707
389	21	1	27.808000000000018	149.95799999999994
389	22	1	131.72600000000008	150.52399999999994
389	23	1	40.329341317365284	133.53293413173645
389	24	1	28.985971943887776	111.29659318637279
389	25	1	117.04600000000006	139.56599999999992
389	26	1	154.54000000000013	27.22399999999999
389	27	1	60.64399999999999	108.91399999999993
389	28	1	166.32200000000006	44.62399999999998
389	29	1	96.77400000000007	197.00000000000026
390	1	2	20	19.999999999999996
390	2	2	19.744939271255067	95.29149797570845
390	3	2	20	169.99999999999991
390	4	2	94.93999999999997	20.035999999999998
390	5	2	96.45600000000002	95.79999999999994
390	6	2	96.364	169.86399999999992
390	7	2	170.07407407407405	19.72016460905349
390	8	2	169.99999999999994	94.99999999999997
390	9	2	170.12400000000002	170.0280000000002
390	10	1	18.91799999999999	130.68000000000004
390	11	1	49.888223552894225	88.31936127744504
390	12	1	169.03199999999995	128.20799999999986
390	13	1	129.94999999999996	126.79000000000002
390	14	1	106.88199999999995	158.0699999999999
390	15	1	103.77399999999987	74.55199999999999
390	16	1	146.146	52.701999999999956
390	17	1	159.8962075848302	74.60878243512978
390	18	1	85.97609561752985	81.71115537848605
390	19	1	32.34930139720557	80.7305389221557
390	20	1	76.88822355289429	100.07784431137729
390	21	1	27.870259481037955	149.97604790419183
390	22	1	131.75800000000018	150.56000000000037
390	23	1	40.36327345309378	133.53093812375255
390	24	1	28.986000000000008	111.312
390	25	1	117.1976047904192	139.5828343313373
390	26	1	154.572854291417	27.27145708582835
390	27	1	60.68862275449104	108.90019960079844
390	28	1	166.11976047904184	44.86027944111779
390	29	1	96.79200000000013	197.04200000000006
391	1	2	20	19.999999999999996
391	2	2	19.744939271255067	95.29149797570845
391	3	2	20	169.99999999999991
391	4	2	94.93999999999997	20.035999999999998
391	5	2	96.45600000000002	95.79999999999994
391	6	2	96.364	169.86399999999992
391	7	2	170.07407407407405	19.72016460905349
391	8	2	169.99999999999994	94.99999999999997
391	9	2	170.12400000000002	170.0280000000002
391	10	1	18.974051896207598	130.66666666666674
391	11	1	49.98600000000003	88.35799999999996
391	12	1	168.81400000000005	128.14600000000002
391	13	1	129.95200000000003	126.87200000000004
391	14	1	106.81199999999991	158.05800000000008
391	15	1	103.77399999999992	74.52999999999999
391	16	1	146.11354581673314	52.55577689243026
391	17	1	159.75400000000002	74.60200000000003
391	18	1	86.04790419161681	81.65269461077847
391	19	1	32.42031872509958	80.88645418326703
391	20	1	76.91399999999996	100.12000000000005
391	21	1	27.860000000000007	149.96600000000015
391	22	1	131.77399999999994	150.64799999999997
391	23	1	40.387225548902165	133.64271457085826
391	24	1	28.870259481037934	111.41117764471066
391	25	1	117.37924151696606	139.61277445109795
391	26	1	154.53493013972042	27.25149700598802
391	27	1	60.69999999999998	108.89199999999995
391	28	1	166.0778443113772	45.029940119760475
391	29	1	96.85999999999996	197.17200000000008
392	1	2	20	19.999999999999996
392	2	2	19.744939271255067	95.29149797570845
392	3	2	20	169.99999999999991
392	4	2	94.93999999999997	20.035999999999998
392	5	2	96.45600000000002	95.79999999999994
392	6	2	96.364	169.86399999999992
392	7	2	170.07407407407405	19.72016460905349
392	8	2	169.99999999999994	94.99999999999997
392	9	2	170.12400000000002	170.0280000000002
392	10	1	19.04790419161676	130.63273453093814
392	11	1	50.158000000000015	88.54600000000003
392	12	1	168.56399999999974	128.07399999999996
392	13	1	129.8562874251497	126.82035928143715
392	14	1	106.83233532934132	158.04990019960076
392	15	1	103.72	74.44599999999994
392	16	1	146.01596806387232	52.48303393213579
392	17	1	159.7504990019958	74.58682634730549
392	18	1	86.11400000000013	81.62800000000004
392	19	1	32.5129740518962	80.94610778443122
392	20	1	76.88800000000003	100.00999999999992
392	21	1	27.895999999999987	149.9620000000001
392	22	1	131.9860557768923	150.61155378486052
392	23	1	40.43399999999998	133.642
392	24	1	28.760000000000012	111.41200000000006
392	25	1	117.35728542914177	139.64271457085812
392	26	1	154.48399999999995	27.189999999999966
392	27	1	60.653999999999975	108.82399999999996
392	28	1	165.84231536926154	45.137724550898184
392	29	1	96.95409181636722	197.22155688622746
393	1	2	20	19.999999999999996
393	2	2	19.744939271255067	95.29149797570845
393	3	2	20	169.99999999999991
393	4	2	94.93999999999997	20.035999999999998
393	5	2	96.45600000000002	95.79999999999994
393	6	2	96.364	169.86399999999992
393	7	2	170.07407407407405	19.72016460905349
393	8	2	169.99999999999994	94.99999999999997
393	9	2	170.12400000000002	170.0280000000002
393	10	1	19.07584830339319	130.66067864271446
393	11	1	50.30000000000002	88.57399999999998
393	12	1	168.317365269461	128.04590818363266
393	13	1	129.94400000000002	126.88200000000008
393	14	1	106.98399999999995	158.12200000000024
393	15	1	103.61277445109778	74.31137724550892
393	16	1	145.91600000000008	52.384000000000015
393	17	1	159.62275449101793	74.43912175648707
393	18	1	86.20159680638727	81.5628742514971
393	19	1	32.63872255489024	80.95808383233532
393	20	1	76.93600000000005	100.01800000000006
393	21	1	28.037924151696622	150.02195608782435
393	22	1	132.03599999999986	150.68199999999993
393	23	1	40.504990019960054	133.58682634730525
393	24	1	28.784431137724543	111.39121756487029
393	25	1	117.49999999999997	139.6693227091631
393	26	1	154.36526946107782	27.18163672654691
393	27	1	60.667999999999985	108.84399999999995
393	28	1	165.80039920159686	45.123752495009995
393	29	1	96.97804391217565	197.28542914171658
394	1	2	20	19.999999999999996
394	2	2	19.744939271255067	95.29149797570845
394	3	2	20	169.99999999999991
394	4	2	94.93999999999997	20.035999999999998
394	5	2	96.45600000000002	95.79999999999994
394	6	2	96.364	169.86399999999992
394	7	2	170.07407407407405	19.72016460905349
394	8	2	169.99999999999994	94.99999999999997
394	9	2	170.12400000000002	170.0280000000002
394	10	1	19.106000000000012	130.62200000000013
394	11	1	50.38922155688624	88.64670658682631
394	12	1	168.18999999999983	128.034
394	13	1	129.944111776447	126.83033932135721
394	14	1	107.18399999999995	158.18199999999993
394	15	1	103.56800000000007	74.31
394	16	1	145.70858283433137	52.37125748502993
394	17	1	159.59000000000003	74.23600000000002
394	18	1	86.23400000000005	81.52200000000002
394	19	1	32.812375249501	80.90618762475046
394	20	1	76.924	100.01400000000001
394	21	1	28.012000000000015	149.99400000000009
394	22	1	132.10578842315377	150.66666666666669
394	23	1	40.59081836327345	133.634730538922
394	24	1	28.739999999999995	111.44600000000001
394	25	1	117.68662674650697	139.58882235528955
394	26	1	154.38599999999997	27.228
394	27	1	60.68599999999997	108.85600000000001
394	28	1	165.7325349301399	45.20359281437127
394	29	1	97.08982035928153	197.40319361277452
395	1	2	20	19.999999999999996
395	2	2	19.744939271255067	95.29149797570845
395	3	2	20	169.99999999999991
395	4	2	94.93999999999997	20.035999999999998
395	5	2	96.45600000000002	95.79999999999994
395	6	2	96.364	169.86399999999992
395	7	2	170.07407407407405	19.72016460905349
395	8	2	169.99999999999994	94.99999999999997
395	9	2	170.12400000000002	170.0280000000002
395	10	1	19.134000000000004	130.59200000000013
395	11	1	50.597609561752996	88.62549800796802
395	12	1	168.0280000000001	128.04999999999998
395	13	1	129.97399999999996	126.82599999999998
395	14	1	107.27544910179644	158.20758483033939
395	15	1	103.568	74.28200000000004
395	16	1	145.58083832335345	52.36327345309379
395	17	1	159.43027888446213	74.12350597609552
395	18	1	86.2634730538922	81.48303393213578
395	19	1	32.98599999999998	81.08399999999992
395	20	1	76.93800000000002	100.06599999999999
395	21	1	28.074000000000012	149.952
395	22	1	132.17964071856292	150.7145708582833
395	23	1	40.6806387225549	133.59281437125748
395	24	1	28.731999999999996	111.47600000000006
395	25	1	117.90200000000006	139.52599999999998
395	26	1	154.35528942115758	27.27944111776449
395	27	1	60.763999999999974	108.95399999999994
395	28	1	165.67664670658695	45.25349301397205
395	29	1	97.15200000000013	197.47
396	1	2	20	19.999999999999996
396	2	2	19.744939271255067	95.29149797570845
396	3	2	20	169.99999999999991
396	4	2	94.93999999999997	20.035999999999998
396	5	2	96.45600000000002	95.79999999999994
396	6	2	96.364	169.86399999999992
396	7	2	170.07407407407405	19.72016460905349
396	8	2	169.99999999999994	94.99999999999997
396	9	2	170.12400000000002	170.0280000000002
396	10	1	19.093999999999998	130.58199999999994
396	11	1	50.77844311377248	88.59081836327344
396	12	1	167.78842315369263	128.0279441117764
396	13	1	129.9580838323352	126.8702594810379
396	14	1	107.36454183266935	158.23705179282865
396	15	1	103.51000000000006	74.22800000000002
396	16	1	145.53600000000012	52.547999999999995
396	17	1	159.41516966067874	74.18163672654686
396	18	1	86.31936127744501	81.40718562874243
396	19	1	33.029940119760504	81.07385229540922
396	20	1	76.98997995991999	100.09018036072148
396	21	1	27.953999999999997	149.95
396	22	1	132.31536926147717	150.74051896207575
396	23	1	40.73799999999997	133.55999999999992
396	24	1	28.864271457085824	111.42514970059885
396	25	1	117.74799999999992	139.63000000000017
396	26	1	154.40119760479038	27.32135728542916
396	27	1	60.86400000000004	108.95799999999997
396	28	1	165.59400000000014	45.302
396	29	1	97.22400000000002	197.57999999999993
397	1	2	20	19.999999999999996
397	2	2	19.744939271255067	95.29149797570845
397	3	2	20	169.99999999999991
397	4	2	94.93999999999997	20.035999999999998
397	5	2	96.45600000000002	95.79999999999994
397	6	2	96.364	169.86399999999992
397	7	2	170.07407407407405	19.72016460905349
397	8	2	169.99999999999994	94.99999999999997
397	9	2	170.12400000000002	170.0280000000002
397	10	1	19.159680638722552	130.5868263473054
397	11	1	50.934262948207156	88.6573705179282
397	12	1	167.70059880239506	127.89021956087818
397	13	1	129.918	126.91199999999994
397	14	1	107.47504990019952	158.32135728542903
397	15	1	103.46506986027948	74.14171656686624
397	16	1	145.53493013972047	52.526946107784426
397	17	1	159.3493013972056	74.10978043912178
397	18	1	86.35999999999996	81.3239999999999
397	19	1	33.08782435129738	81.08183632734521
397	20	1	77.03	100.02999999999999
397	21	1	28.014000000000003	149.9560000000001
397	22	1	132.28000000000006	150.75999999999996
397	23	1	40.80800000000005	133.54000000000008
397	24	1	28.952000000000005	111.396
397	25	1	117.76693227091624	139.66533864541827
397	26	1	154.43512974051902	27.285429141716563
397	27	1	60.95399999999999	109.01799999999989
397	28	1	165.49298597194385	45.374749498997964
397	29	1	97.29199999999997	197.69200000000012
398	1	2	20	19.999999999999996
398	2	2	19.744939271255067	95.29149797570845
398	3	2	20	169.99999999999991
398	4	2	94.93999999999997	20.035999999999998
398	5	2	96.45600000000002	95.79999999999994
398	6	2	96.364	169.86399999999992
398	7	2	170.07407407407405	19.72016460905349
398	8	2	169.99999999999994	94.99999999999997
398	9	2	170.12400000000002	170.0280000000002
398	10	1	19.07784431137723	130.5588822355289
398	11	1	50.9281437125749	88.60079840319369
398	12	1	167.63473053892235	127.80239520958081
398	13	1	129.90200000000016	126.93999999999994
398	14	1	107.64342629482066	158.38047808764932
398	15	1	103.55	74.16399999999997
398	16	1	145.46599999999995	52.61599999999999
398	17	1	159.39121756487023	74.00998003992024
398	18	1	86.44400000000009	81.28400000000005
398	19	1	33.10978043912179	81.08183632734533
398	20	1	76.90799999999987	99.95199999999994
398	21	1	28.165338645418338	149.91832669322687
398	22	1	132.36799999999994	150.89199999999997
398	23	1	40.83600000000001	133.51200000000026
398	24	1	28.868263473053897	111.46706586826348
398	25	1	117.86599999999999	139.70800000000003
398	26	1	154.43712574850312	27.257485029940103
398	27	1	60.95409181636725	109.01796407185631
398	28	1	165.34331337325335	45.399201596806414
398	29	1	97.2994011976048	197.87624750498998
399	1	2	20	19.999999999999996
399	2	2	19.744939271255067	95.29149797570845
399	3	2	20	169.99999999999991
399	4	2	94.93999999999997	20.035999999999998
399	5	2	96.45600000000002	95.79999999999994
399	6	2	96.364	169.86399999999992
399	7	2	170.07407407407405	19.72016460905349
399	8	2	169.99999999999994	94.99999999999997
399	9	2	170.12400000000002	170.0280000000002
399	10	1	19.119760479041915	130.50698602794407
399	11	1	51.0678642714571	88.55089820359274
399	12	1	167.36726546906198	127.77445109780433
399	13	1	129.9001996007984	126.92814371257487
399	14	1	107.65469061876242	158.3552894211574
399	15	1	103.6207584830339	74.1217564870259
399	16	1	145.39043824701187	52.745019920318754
399	17	1	159.39599999999987	73.8379999999999
399	18	1	86.452	81.20200000000003
399	19	1	33.21157684630736	81.21556886227552
399	20	1	76.99999999999996	99.94799999999998
399	21	1	28.243512974051914	149.90019960079837
399	22	1	132.4730538922156	150.86427145708592
399	23	1	40.80439121756484	133.45309381237558
399	24	1	28.73200000000001	111.44399999999995
399	25	1	117.82435129740514	139.7744510978043
399	26	1	154.43712574850312	27.181636726546916
399	27	1	60.91017964071857	108.99001996007993
399	28	1	165.18762475049923	45.4071856287425
399	29	1	97.36399999999999	197.89600000000002
400	1	2	20	19.999999999999996
400	2	2	19.744939271255067	95.29149797570845
400	3	2	20	169.99999999999991
400	4	2	94.93999999999997	20.035999999999998
400	5	2	96.45600000000002	95.79999999999994
400	6	2	96.364	169.86399999999992
400	7	2	170.07407407407405	19.72016460905349
400	8	2	169.99999999999994	94.99999999999997
400	9	2	170.12400000000002	170.0280000000002
400	10	1	19.215568862275454	130.5249500998002
400	11	1	51.07984031936126	88.62475049900196
400	12	1	167.04391217564876	127.70858283433138
400	13	1	130.06387225548897	126.96606786427142
400	14	1	107.75049900199609	158.3333333333334
400	15	1	103.63599999999998	74.03200000000002
400	16	1	145.3552894211577	52.69660678642718
400	17	1	159.42315369261485	73.76646706586821
400	18	1	86.56175298804781	81.1274900398407
400	19	1	33.229999999999954	81.30000000000004
400	20	1	77.06799999999994	99.98999999999995
400	21	1	28.285999999999984	149.91000000000008
400	22	1	132.46906187624742	150.9481037924154
400	23	1	40.99199999999996	133.5260000000001
400	24	1	28.62999999999999	111.492
400	25	1	117.81599999999999	139.79399999999984
400	26	1	154.4479999999998	27.183999999999997
400	27	1	60.912	108.98999999999997
400	28	1	165.13600000000014	45.518000000000036
400	29	1	97.42799999999997	197.88399999999987
401	1	2	20	19.999999999999996
401	2	2	19.744939271255067	95.29149797570845
401	3	2	20	169.99999999999991
401	4	2	94.93999999999997	20.035999999999998
401	5	2	96.45600000000002	95.79999999999994
401	6	2	96.364	169.86399999999992
401	7	2	170.07407407407405	19.72016460905349
401	8	2	169.99999999999994	94.99999999999997
401	9	2	170.12400000000002	170.0280000000002
401	10	1	19.203592814371245	130.52495009980066
401	11	1	51.117999999999995	88.5920000000001
401	12	1	166.88247011952174	127.58366533864542
401	13	1	130.13599999999994	127.09799999999994
401	14	1	107.95808383233532	158.37524950099794
401	15	1	103.35671342685377	73.76553106212425
401	16	1	145.29199999999997	52.78999999999998
401	17	1	159.45708582834328	73.66866267465063
401	18	1	86.57085828343305	81.14570858283432
401	19	1	33.25799999999998	81.30999999999993
401	20	1	77.15400000000002	100.05799999999998
401	21	1	28.441999999999986	149.89600000000002
401	22	1	132.47000000000014	150.98799999999994
401	23	1	41.0479041916167	133.42914171656685
401	24	1	28.602794411177626	111.54491017964078
401	25	1	117.77199999999993	139.7859999999999
401	26	1	154.56599999999997	27.243999999999993
401	27	1	60.808383233532936	108.97405189620764
401	28	1	165.01197604790403	45.644710578842314
401	29	1	97.5469061876247	198.03393213572855
402	1	2	20	19.999999999999996
402	2	2	19.744939271255067	95.29149797570845
402	3	2	20	169.99999999999991
402	4	2	94.93999999999997	20.035999999999998
402	5	2	96.45600000000002	95.79999999999994
402	6	2	96.364	169.86399999999992
402	7	2	170.07407407407405	19.72016460905349
402	8	2	169.99999999999994	94.99999999999997
402	9	2	170.12400000000002	170.0280000000002
402	10	1	19.21399999999999	130.558
402	11	1	51.19800000000003	88.55200000000004
402	12	1	166.8183632734532	127.46506986027944
402	13	1	130.142	127.10400000000008
402	14	1	108.17764471057883	158.38722554890208
402	15	1	103.274	73.53799999999995
402	16	1	145.23400000000012	52.83199999999998
402	17	1	159.39600000000007	73.68399999999998
402	18	1	86.57485029940118	81.09181636726548
402	19	1	33.34599999999998	81.39199999999998
402	20	1	77.20758483033926	100.11976047904189
402	21	1	28.600000000000016	149.8799999999999
402	22	1	132.60399999999987	150.90600000000006
402	23	1	41.15768463073853	133.38123752495008
402	24	1	28.521999999999988	111.63200000000002
402	25	1	117.9101796407186	139.7544910179641
402	26	1	154.60400000000007	27.245999999999995
402	27	1	60.70600000000003	108.90199999999992
402	28	1	164.89600000000016	45.697999999999965
402	29	1	97.58882235528934	198.11576846307386
403	1	2	20	19.999999999999996
403	2	2	19.744939271255067	95.29149797570845
403	3	2	20	169.99999999999991
403	4	2	94.93999999999997	20.035999999999998
403	5	2	96.45600000000002	95.79999999999994
403	6	2	96.364	169.86399999999992
403	7	2	170.07407407407405	19.72016460905349
403	8	2	169.99999999999994	94.99999999999997
403	9	2	170.12400000000002	170.0280000000002
403	10	1	19.253999999999998	130.54599999999982
403	11	1	51.33732534930141	88.56087824351289
403	12	1	166.49900199600796	127.3952095808382
403	13	1	130.25799999999987	127.19599999999991
403	14	1	108.30600000000005	158.4139999999999
403	15	1	103.20199999999998	73.45999999999998
403	16	1	145.17764471057873	52.83033932135731
403	17	1	159.39920159680653	73.61277445109778
403	18	1	86.5768463073853	81.04391217564866
403	19	1	33.433133732534884	81.50499001996016
403	20	1	77.26399999999992	100.07400000000001
403	21	1	28.748000000000005	149.90799999999987
403	22	1	132.6526946107785	150.92015968063865
403	23	1	41.23199999999996	133.33400000000012
403	24	1	28.552	111.62800000000003
403	25	1	117.88400000000007	139.8020000000001
403	26	1	154.5359999999999	27.256000000000004
403	27	1	60.846	108.98199999999997
403	28	1	164.82634730538922	45.66267465069856
403	29	1	97.59281437125739	198.07984031936107
404	1	2	20	19.999999999999996
404	2	2	19.744939271255067	95.29149797570845
404	3	2	20	169.99999999999991
404	4	2	94.93999999999997	20.035999999999998
404	5	2	96.45600000000002	95.79999999999994
404	6	2	96.364	169.86399999999992
404	7	2	170.07407407407405	19.72016460905349
404	8	2	169.99999999999994	94.99999999999997
404	9	2	170.12400000000002	170.0280000000002
404	10	1	19.34869739478961	130.55110220440886
404	11	1	51.413999999999966	88.57199999999995
404	12	1	166.22600000000017	127.38599999999988
404	13	1	130.27544910179643	127.37724550898204
404	14	1	108.38400000000006	158.46000000000006
404	15	1	103.12574850299397	73.36327345309388
404	16	1	145.10978043912186	52.952095808383206
404	17	1	159.49500998003984	73.49500998003982
404	18	1	86.61477045908187	80.93612774451096
404	19	1	33.48702594810378	81.64870259481026
404	20	1	77.33199999999997	100.07399999999998
404	21	1	28.713999999999995	150.04199999999983
404	22	1	132.72399999999996	150.96399999999994
404	23	1	41.20599999999997	133.33799999999985
404	24	1	28.465069860279456	111.67265469061864
404	25	1	117.71599999999997	139.942
404	26	1	154.42799999999983	27.369999999999983
404	27	1	60.912175648702586	108.97604790419172
404	28	1	164.75400000000008	45.64400000000003
404	29	1	97.64400000000003	198.186
405	1	2	20	19.999999999999996
405	2	2	19.744939271255067	95.29149797570845
405	3	2	20	169.99999999999991
405	4	2	94.93999999999997	20.035999999999998
405	5	2	96.45600000000002	95.79999999999994
405	6	2	96.364	169.86399999999992
405	7	2	170.07407407407405	19.72016460905349
405	8	2	169.99999999999994	94.99999999999997
405	9	2	170.12400000000002	170.0280000000002
405	10	1	19.333333333333364	130.63872255489014
405	11	1	51.60400000000002	88.57200000000006
405	12	1	166.10978043912172	127.3413173652695
405	13	1	130.254	127.44200000000005
405	14	1	108.57285429141719	158.44510978043925
405	15	1	103.06187624750496	73.30538922155696
405	16	1	145.0060000000001	52.95599999999999
405	17	1	159.55577689243023	73.35258964143424
405	18	1	86.59880239520959	80.93213572854295
405	19	1	33.604000000000006	81.78999999999999
405	20	1	77.39999999999993	100.11600000000003
405	21	1	28.84569138276552	150.184368737475
405	22	1	132.82071713147408	151.0079681274899
405	23	1	41.27345309381234	133.33732534930135
405	24	1	28.508982035928135	111.66467065868274
405	25	1	117.71400000000008	140.0119999999998
405	26	1	154.35728542914165	27.417165668662673
405	27	1	60.837999999999994	108.93400000000001
405	28	1	164.58799999999997	45.66000000000001
405	29	1	97.70059880239522	198.32335329341316
406	1	2	20	19.999999999999996
406	2	2	19.744939271255067	95.29149797570845
406	3	2	20	169.99999999999991
406	4	2	94.93999999999997	20.035999999999998
406	5	2	96.45600000000002	95.79999999999994
406	6	2	96.364	169.86399999999992
406	7	2	170.07407407407405	19.72016460905349
406	8	2	169.99999999999994	94.99999999999997
406	9	2	170.12400000000002	170.0280000000002
406	10	1	19.301397205588824	130.7245508982036
406	11	1	51.63599999999996	88.57199999999993
406	12	1	165.8920000000001	127.30199999999994
406	13	1	130.33932135728537	127.54291417165659
406	14	1	108.58366533864533	158.40637450199213
406	15	1	102.98997995991972	73.23647294589175
406	16	1	144.93213572854287	53.01796407185629
406	17	1	159.52295409181633	73.22554890219564
406	18	1	86.72400000000002	80.88400000000011
406	19	1	33.530938123752506	82.05389221556898
406	20	1	77.41117764471059	100.14770459081836
406	21	1	28.840319361277466	150.20958083832355
406	22	1	132.88000000000008	151.1880000000002
406	23	1	41.340681362725455	133.29258517034071
406	24	1	28.465069860279428	111.76047904191626
406	25	1	117.8003992015968	140.04790419161682
406	26	1	154.30460921843678	27.412825651302633
406	27	1	60.92599999999998	108.99199999999989
406	28	1	164.46107784431138	45.686626746506974
406	29	1	97.81037924151704	198.4870259481038
407	1	2	20	19.999999999999996
407	2	2	19.744939271255067	95.29149797570845
407	3	2	20	169.99999999999991
407	4	2	94.93999999999997	20.035999999999998
407	5	2	96.45600000000002	95.79999999999994
407	6	2	96.364	169.86399999999992
407	7	2	170.07407407407405	19.72016460905349
407	8	2	169.99999999999994	94.99999999999997
407	9	2	170.12400000000002	170.0280000000002
407	10	1	19.384769539078157	130.7154308617234
407	11	1	51.706586826347305	88.6946107784432
407	12	1	165.75599999999977	127.18
407	13	1	130.43712574850292	127.71257485029945
407	14	1	108.72400000000003	158.49600000000004
407	15	1	102.9500998003992	73.18163672654686
407	16	1	144.98203592814352	53.15169660678646
407	17	1	159.54000000000002	73.19200000000004
407	18	1	86.75200000000002	80.79399999999995
407	19	1	33.50499001996008	82.14171656686631
407	20	1	77.47599999999996	100.19000000000004
407	21	1	28.874000000000038	150.238
407	22	1	132.93600000000006	151.23400000000015
407	23	1	41.319999999999965	133.37400000000002
407	24	1	28.459081836327346	111.79241516966069
407	25	1	117.76953907815631	140.10420841683356
407	26	1	154.26746506986035	27.425149700598805
407	27	1	60.90599999999999	109.00200000000002
407	28	1	164.45508982035926	45.72854291417168
407	29	1	97.83632734530944	198.56287425149702
408	1	2	20	19.999999999999996
408	2	2	19.744939271255067	95.29149797570845
408	3	2	20	169.99999999999991
408	4	2	94.93999999999997	20.035999999999998
408	5	2	96.45600000000002	95.79999999999994
408	6	2	96.364	169.86399999999992
408	7	2	170.07407407407405	19.72016460905349
408	8	2	169.99999999999994	94.99999999999997
408	9	2	170.12400000000002	170.0280000000002
408	10	1	19.316000000000003	130.74200000000002
408	11	1	51.796812749004	88.784860557769
408	12	1	165.5620000000001	127.17199999999993
408	13	1	130.558	127.81199999999997
408	14	1	108.77000000000005	158.48400000000015
408	15	1	102.94200000000009	73.0820000000001
408	16	1	144.96007984031928	53.125748502993986
408	17	1	159.62199999999976	73.03600000000006
408	18	1	86.79241516966073	80.66067864271463
408	19	1	33.551999999999964	82.28
408	20	1	77.58999999999993	100.20599999999997
408	21	1	28.88800000000001	150.29799999999977
408	22	1	133.01200000000014	151.322
408	23	1	41.20641282565131	133.3206412825651
408	24	1	28.40518962075847	111.85628742514977
408	25	1	117.73253493013974	140.1497005988025
408	26	1	154.22599999999997	27.51600000000002
408	27	1	60.90399999999992	109.01600000000008
408	28	1	164.37999999999994	45.81600000000001
408	29	1	97.85628742514973	198.624750499002
409	1	2	20	19.999999999999996
409	2	2	19.744939271255067	95.29149797570845
409	3	2	20	169.99999999999991
409	4	2	94.93999999999997	20.035999999999998
409	5	2	96.45600000000002	95.79999999999994
409	6	2	96.364	169.86399999999992
409	7	2	170.07407407407405	19.72016460905349
409	8	2	169.99999999999994	94.99999999999997
409	9	2	170.12400000000002	170.0280000000002
409	10	1	19.347999999999992	130.67799999999994
409	11	1	51.82999999999997	88.82400000000001
409	12	1	165.2580000000001	127.07199999999997
409	13	1	130.51600000000016	127.89000000000013
409	14	1	108.91217564870254	158.48702594810385
409	15	1	102.84599999999996	72.99000000000005
409	16	1	144.89620758483028	53.235528942115764
409	17	1	159.66	72.76399999999998
409	18	1	86.87199999999996	80.644
409	19	1	33.67265469061879	82.29940119760484
409	20	1	77.61923847695392	100.21643286573142
409	21	1	28.816733067729107	150.2908366533866
409	22	1	133.13772455089827	151.32135728542917
409	23	1	41.32000000000003	133.25399999999996
409	24	1	28.268	111.92400000000004
409	25	1	117.624750499002	140.135728542914
409	26	1	154.05399999999986	27.607999999999997
409	27	1	60.932000000000016	109.03799999999991
409	28	1	164.26347305389223	45.80239520958083
409	29	1	97.93612774451107	198.71656686626747
410	1	2	20	19.999999999999996
410	2	2	19.744939271255067	95.29149797570845
410	3	2	20	169.99999999999991
410	4	2	94.93999999999997	20.035999999999998
410	5	2	96.45600000000002	95.79999999999994
410	6	2	96.364	169.86399999999992
410	7	2	170.07407407407405	19.72016460905349
410	8	2	169.99999999999994	94.99999999999997
410	9	2	170.12400000000002	170.0280000000002
410	10	1	19.411999999999995	130.76999999999987
410	11	1	51.88200000000001	88.90200000000003
410	12	1	164.806	126.90800000000003
410	13	1	130.53399999999993	128.01199999999997
410	14	1	109.09999999999997	158.49000000000012
410	15	1	102.72800000000011	72.88000000000002
410	16	1	144.79282868525908	53.41832669322714
410	17	1	159.74999999999994	72.74200000000002
410	18	1	86.93800000000002	80.57199999999993
410	19	1	33.71200000000003	82.43199999999997
410	20	1	77.66866267465075	100.249500998004
410	21	1	28.818363273453066	150.36726546906192
410	22	1	133.21000000000015	151.38799999999998
410	23	1	41.39121756487027	133.22554890219567
410	24	1	28.187999999999995	111.94199999999996
410	25	1	117.69860279441122	140.15768463073832
410	26	1	154.1113320079523	27.697813121272358
410	27	1	60.969999999999985	109.09999999999997
410	28	1	164.15199999999976	45.868000000000016
410	29	1	97.93413173652688	198.75848303393215
411	1	2	20	19.999999999999996
411	2	2	19.744939271255067	95.29149797570845
411	3	2	20	169.99999999999991
411	4	2	94.93999999999997	20.035999999999998
411	5	2	96.45600000000002	95.79999999999994
411	6	2	96.364	169.86399999999992
411	7	2	170.07407407407405	19.72016460905349
411	8	2	169.99999999999994	94.99999999999997
411	9	2	170.12400000000002	170.0280000000002
411	10	1	19.403193612774437	130.81636726546887
411	11	1	51.919839679358695	88.8196392785572
411	12	1	164.3812375249501	126.75449101796407
411	13	1	130.4670658682633	128.1556886227545
411	14	1	109.0898203592814	158.49301397205588
411	15	1	102.70059880239519	72.8562874251497
411	16	1	144.7325349301397	53.499001996007976
411	17	1	159.81599999999995	72.59799999999987
411	18	1	87.06212424849701	80.45891783567131
411	19	1	33.646000000000015	82.626
411	20	1	77.79441117764466	100.29940119760471
411	21	1	28.727999999999994	150.38600000000005
411	22	1	133.23552894211568	151.4251497005987
411	23	1	41.37599999999998	133.16000000000005
411	24	1	28.115768463073856	111.97604790419172
411	25	1	117.56399999999994	140.26199999999986
411	26	1	154.17200000000005	27.69800000000001
411	27	1	60.916167664670674	109.05988023952102
411	28	1	164.03592814371265	45.894211576846274
411	29	1	97.97804391217558	198.72854291417167
412	1	2	20	19.999999999999996
412	2	2	19.744939271255067	95.29149797570845
412	3	2	20	169.99999999999991
412	4	2	94.93999999999997	20.035999999999998
412	5	2	96.45600000000002	95.79999999999994
412	6	2	96.364	169.86399999999992
412	7	2	170.07407407407405	19.72016460905349
412	8	2	169.99999999999994	94.99999999999997
412	9	2	170.12400000000002	170.0280000000002
412	10	1	19.443999999999985	130.82799999999997
412	11	1	51.96207584830339	88.74451097804396
412	12	1	164.0798403193612	126.69860279441123
412	13	1	130.4770459081835	128.29141716566852
412	14	1	109.00999999999996	158.37999999999974
412	15	1	102.67400000000009	72.75399999999995
412	16	1	144.6746506986029	53.562874251497036
412	17	1	159.84031936127715	72.49101796407187
412	18	1	87.13173652694614	80.39920159680638
412	19	1	33.72599999999997	82.69999999999989
412	20	1	77.79000000000003	100.242
412	21	1	28.68063872255489	150.4171656686627
412	22	1	133.30800000000005	151.47000000000023
412	23	1	41.449999999999996	133.028
412	24	1	28.114000000000015	112.018
412	25	1	117.50600000000003	140.27200000000002
412	26	1	154.09580838323365	27.724550898203606
412	27	1	60.943887775551076	109.05410821643288
412	28	1	163.956	45.911999999999985
412	29	1	97.99999999999999	198.77
413	1	2	20	19.999999999999996
413	2	2	19.744939271255067	95.29149797570845
413	3	2	20	169.99999999999991
413	4	2	94.93999999999997	20.035999999999998
413	5	2	96.45600000000002	95.79999999999994
413	6	2	96.364	169.86399999999992
413	7	2	170.07407407407405	19.72016460905349
413	8	2	169.99999999999994	94.99999999999997
413	9	2	170.12400000000002	170.0280000000002
413	10	1	19.558	130.78400000000002
413	11	1	51.97205588822358	88.73053892215566
413	12	1	163.83033932135726	126.6946107784432
413	13	1	130.42084168336675	128.33867735470943
413	14	1	109.25697211155385	158.3725099601593
413	15	1	102.6447105788423	72.72255489021957
413	16	1	144.59399999999997	53.656
413	17	1	159.80999999999983	72.32000000000008
413	18	1	87.1536926147704	80.38722554890225
413	19	1	33.766467065868255	82.78842315369259
413	20	1	77.82765531062134	100.25651302605208
413	21	1	28.68463073852293	150.4171656686627
413	22	1	133.48897795591176	151.4148296593185
413	23	1	41.60878243512971	132.99600798403193
413	24	1	28.129740518962087	112.01596806387224
413	25	1	117.46492985971949	140.3106212424849
413	26	1	154.05389221556896	27.758483033932137
413	27	1	61.10000000000003	109.14400000000003
413	28	1	163.75648702594796	45.97005988023951
413	29	1	98.04999999999997	198.816
414	1	2	20	19.999999999999996
414	2	2	19.744939271255067	95.29149797570845
414	3	2	20	169.99999999999991
414	4	2	94.93999999999997	20.035999999999998
414	5	2	96.45600000000002	95.79999999999994
414	6	2	96.364	169.86399999999992
414	7	2	170.07407407407405	19.72016460905349
414	8	2	169.99999999999994	94.99999999999997
414	9	2	170.12400000000002	170.0280000000002
414	10	1	19.55800000000001	130.80799999999996
414	11	1	52.03393213572855	88.64071856287416
414	12	1	163.5369261477046	126.70658682634726
414	13	1	130.50499001996013	128.3013972055888
414	14	1	109.14400000000006	158.31800000000004
414	15	1	102.66199999999992	72.67600000000002
414	16	1	144.60120240480958	53.82164328657315
414	17	1	159.77888446215147	72.28087649402393
414	18	1	87.29799999999997	80.2300000000001
414	19	1	33.78842315369265	83.04590818363266
414	20	1	77.90618762475044	100.24151696606786
414	21	1	28.669322709163364	150.49800796812744
414	22	1	133.51097804391213	151.43712574850304
414	23	1	41.5868263473054	132.9221556886229
414	24	1	28.070140280561123	112.10821643286576
414	25	1	117.4111776447105	140.23752495009967
414	26	1	154.08782435129737	27.804391217564856
414	27	1	61.05600000000003	109.11999999999996
414	28	1	163.65668662674642	46.035928143712546
414	29	1	98.10379241516966	198.8622754491018
415	1	2	20	19.999999999999996
415	2	2	19.744939271255067	95.29149797570845
415	3	2	20	169.99999999999991
415	4	2	94.93999999999997	20.035999999999998
415	5	2	96.45600000000002	95.79999999999994
415	6	2	96.364	169.86399999999992
415	7	2	170.07407407407405	19.72016460905349
415	8	2	169.99999999999994	94.99999999999997
415	9	2	170.12400000000002	170.0280000000002
415	10	1	19.590000000000003	130.79799999999997
415	11	1	52.08167330677292	88.64741035856578
415	12	1	163.14599999999996	126.73800000000003
415	13	1	130.4799999999999	128.37
415	14	1	109.084	158.26200000000003
415	15	1	102.55289421157686	72.60878243512973
415	16	1	144.5808383233534	53.9441117764471
415	17	1	159.8443113772455	72.20159680638719
415	18	1	87.2395209580838	80.1317365269461
415	19	1	33.854581673306754	83.18326693227097
415	20	1	77.99199999999992	100.24400000000007
415	21	1	28.56087824351297	150.54890219560886
415	22	1	133.43600000000023	151.47799999999995
415	23	1	41.61676646706591	132.97405189620758
415	24	1	27.860279441117758	112.20359281437128
415	25	1	117.454	140.1939999999998
415	26	1	153.88023952095816	27.836327345309403
415	27	1	61.00601202404813	109.10020040080155
415	28	1	163.53293413173668	46.08383233532936
415	29	1	98.11999999999996	198.848
416	1	2	20	19.999999999999996
416	2	2	19.744939271255067	95.29149797570845
416	3	2	20	169.99999999999991
416	4	2	94.93999999999997	20.035999999999998
416	5	2	96.45600000000002	95.79999999999994
416	6	2	96.364	169.86399999999992
416	7	2	170.07407407407405	19.72016460905349
416	8	2	169.99999999999994	94.99999999999997
416	9	2	170.12400000000002	170.0280000000002
416	10	1	19.636000000000006	130.8579999999999
416	11	1	51.95999999999998	88.49999999999997
416	12	1	162.87399999999982	126.64999999999998
416	13	1	130.3373253493015	128.48303393213567
416	14	1	109.18600000000006	158.232
416	15	1	102.54690618762473	72.57884231536929
416	16	1	144.5828343313374	54.005988023952085
416	17	1	159.96407185628755	72.15169660678633
416	18	1	87.14171656686617	80.05389221556888
416	19	1	33.90419161676645	83.25748502994016
416	20	1	77.9461077844311	100.21956087824348
416	21	1	28.456913827655317	150.54909819639275
416	22	1	133.61077844311387	151.4371257485029
416	23	1	41.68463073852296	132.9680638722556
416	24	1	27.916334661354572	112.2549800796813
416	25	1	117.26746506986025	140.2135728542913
416	26	1	153.82634730538922	27.83233532934132
416	27	1	60.998000000000005	109.07200000000006
416	28	1	163.38199999999986	46.204
416	29	1	98.20000000000006	198.93800000000002
417	1	2	20	19.999999999999996
417	2	2	19.744939271255067	95.29149797570845
417	3	2	20	169.99999999999991
417	4	2	94.93999999999997	20.035999999999998
417	5	2	96.45600000000002	95.79999999999994
417	6	2	96.364	169.86399999999992
417	7	2	170.07407407407405	19.72016460905349
417	8	2	169.99999999999994	94.99999999999997
417	9	2	170.12400000000002	170.0280000000002
417	10	1	19.63200000000002	130.9739999999999
417	11	1	51.982035928143745	88.42514970059887
417	12	1	162.67664670658675	126.56287425149699
417	13	1	130.38522954091806	128.6566866267465
417	14	1	109.17800000000001	158.2720000000001
417	15	1	102.47200000000005	72.45399999999997
417	16	1	144.5499999999998	54.04599999999998
417	17	1	159.93213572854268	72.04590818363275
417	18	1	87.18400000000005	80.04200000000006
417	19	1	33.9700598802395	83.49500998003992
417	20	1	77.9359999999999	100.19600000000005
417	21	1	28.40319361277445	150.5409181636726
417	22	1	133.65269461077847	151.4970059880238
417	23	1	41.788000000000025	132.80000000000015
417	24	1	27.79200000000002	112.42800000000001
417	25	1	117.20399999999998	140.3159999999998
417	26	1	153.78443113772445	27.89221556886227
417	27	1	61.01202404809619	109.07615230460921
417	28	1	163.32934131736528	46.3572854291417
417	29	1	98.13600000000004	198.958
418	1	2	20	19.999999999999996
418	2	2	19.744939271255067	95.29149797570845
418	3	2	20	169.99999999999991
418	4	2	94.93999999999997	20.035999999999998
418	5	2	96.45600000000002	95.79999999999994
418	6	2	96.364	169.86399999999992
418	7	2	170.07407407407405	19.72016460905349
418	8	2	169.99999999999994	94.99999999999997
418	9	2	170.12400000000002	170.0280000000002
418	10	1	19.66799999999999	131.01600000000013
418	11	1	52.10778443113772	88.31736526946106
418	12	1	162.456	126.40199999999993
418	13	1	130.373253493014	128.7205588822355
418	14	1	109.25000000000001	158.29999999999998
418	15	1	102.462	72.41799999999984
418	16	1	144.426853707415	54.004008016032046
418	17	1	159.8999999999998	72.05399999999996
418	18	1	87.11177644710574	80.00399201596814
418	19	1	34.07185628742516	83.80838323353295
418	20	1	77.93000000000009	100.07600000000005
418	21	1	28.41800000000001	150.588
418	22	1	133.8483033932136	151.53892215568862
418	23	1	41.8877755511022	132.74348697394782
418	24	1	27.723999999999997	112.49400000000001
418	25	1	117.1892430278885	140.37051792828677
418	26	1	153.71057884231527	27.89221556886229
418	27	1	61.063872255489	109.08582834331342
418	28	1	163.15200000000004	46.63800000000002
418	29	1	98.1636726546906	199.05389221556885
419	1	2	20	19.999999999999996
419	2	2	19.744939271255067	95.29149797570845
419	3	2	20	169.99999999999991
419	4	2	94.93999999999997	20.035999999999998
419	5	2	96.45600000000002	95.79999999999994
419	6	2	96.364	169.86399999999992
419	7	2	170.07407407407405	19.72016460905349
419	8	2	169.99999999999994	94.99999999999997
419	9	2	170.12400000000002	170.0280000000002
419	10	1	19.742	131.0319999999999
419	11	1	52.087824351297414	88.27944111776443
419	12	1	162.13373253493012	126.38522954091817
419	13	1	130.27054108216439	128.77555110220442
419	14	1	109.2814371257485	158.18163672654669
419	15	1	102.3393213572854	72.21556886227535
419	16	1	144.358	54.03399999999996
419	17	1	159.82634730538933	71.99001996007976
419	18	1	87.14399999999996	79.96800000000003
419	19	1	34.11377245508981	83.95409181636728
419	20	1	77.94011976047904	100.08582834331338
419	21	1	28.37724550898202	150.65269461077847
419	22	1	134.04000000000002	151.49599999999995
419	23	1	42.013999999999996	132.77199999999996
419	24	1	27.61599999999999	112.54799999999999
419	25	1	117.12000000000006	140.37799999999996
419	26	1	153.72255489021953	27.920159680638708
419	27	1	61.073852295409154	109.1497005988024
419	28	1	163.05399999999992	46.64599999999999
419	29	1	98.29940119760478	199.1756487025948
420	1	2	20	19.999999999999996
420	2	2	19.744939271255067	95.29149797570845
420	3	2	20	169.99999999999991
420	4	2	94.93999999999997	20.035999999999998
420	5	2	96.45600000000002	95.79999999999994
420	6	2	96.364	169.86399999999992
420	7	2	170.07407407407405	19.72016460905349
420	8	2	169.99999999999994	94.99999999999997
420	9	2	170.12400000000002	170.0280000000002
420	10	1	19.763999999999992	131.1399999999999
420	11	1	52.08000000000001	88.25199999999995
420	12	1	161.84431137724556	126.38922155688626
420	13	1	130.2840000000001	128.97400000000013
420	14	1	109.30199999999991	158.13199999999986
420	15	1	102.35129740518965	72.13373253493013
420	16	1	144.42400000000012	54.00000000000002
420	17	1	159.84630738522964	71.90818363273452
420	18	1	87.26600000000002	79.92399999999996
420	19	1	34.174000000000014	84.03799999999995
420	20	1	77.88822355289425	100.07984031936135
420	21	1	28.352000000000004	150.6980000000001
420	22	1	134.15030060120245	151.5470941883769
420	23	1	42.01596806387234	132.74650698602795
420	24	1	27.46107784431139	112.60079840319362
420	25	1	117.00601202404805	140.4468937875751
420	26	1	153.76399999999995	27.89200000000001
420	27	1	61.01596806387227	109.14371257485041
420	28	1	163.04790419161662	46.65668662674649
420	29	1	98.43512974051899	199.28143712574848
421	1	2	20	19.999999999999996
421	2	2	19.744939271255067	95.29149797570845
421	3	2	20	169.99999999999991
421	4	2	94.93999999999997	20.035999999999998
421	5	2	96.45600000000002	95.79999999999994
421	6	2	96.364	169.86399999999992
421	7	2	170.07407407407405	19.72016460905349
421	8	2	169.99999999999994	94.99999999999997
421	9	2	170.12400000000002	170.0280000000002
421	10	1	19.731999999999992	131.1140000000001
421	11	1	52.143712574850305	88.22155688622755
421	12	1	161.6746506986027	126.28343313373253
421	13	1	130.29200000000006	129.018
421	14	1	109.25748502994011	158.1217564870259
421	15	1	102.34530938123751	72.10978043912172
421	16	1	144.36726546906172	54.07984031936129
421	17	1	159.84231536926137	71.76846307385236
421	18	1	87.25600000000004	79.876
421	19	1	34.29600000000002	84.098
421	20	1	77.96200000000007	100.10799999999992
421	21	1	28.249999999999993	150.806
421	22	1	134.19161676646698	151.56686626746523
421	23	1	41.965931863727455	132.8316633266533
421	24	1	27.461077844311383	112.58882235528942
421	25	1	116.998	140.37400000000002
421	26	1	153.71800000000007	27.843999999999987
421	27	1	60.99399999999998	109.146
421	28	1	162.97205588822345	46.720558882235544
421	29	1	98.42714570858284	199.22554890219544
422	1	2	20	19.999999999999996
422	2	2	19.744939271255067	95.29149797570845
422	3	2	20	169.99999999999991
422	4	2	94.93999999999997	20.035999999999998
422	5	2	96.45600000000002	95.79999999999994
422	6	2	96.364	169.86399999999992
422	7	2	170.07407407407405	19.72016460905349
422	8	2	169.99999999999994	94.99999999999997
422	9	2	170.12400000000002	170.0280000000002
422	10	1	19.814371257485032	131.129740518962
422	11	1	52.125748502994014	88.19760479041913
422	12	1	161.423153692615	126.28742514970061
422	13	1	130.2565130260521	129.1242484969939
422	14	1	109.196	158.11399999999983
422	15	1	102.251497005988	72.10778443113777
422	16	1	144.41317365269444	53.98403193612776
422	17	1	159.85458167330685	71.56772908366533
422	18	1	87.23000000000002	79.90200000000004
422	19	1	34.273453093812336	84.14970059880228
422	20	1	77.90618762475047	100.01796407185627
422	21	1	28.203592814371248	150.85429141716548
422	22	1	134.30060120240472	151.5611222444889
422	23	1	41.99799999999999	132.74799999999996
422	24	1	27.54000000000003	112.59600000000013
422	25	1	117.02195608782431	140.4411177644712
422	26	1	153.79199999999992	27.856000000000016
422	27	1	61.05999999999996	109.15399999999998
422	28	1	162.938123752495	46.830339321357314
422	29	1	98.46399999999991	199.20000000000002
423	1	2	20	19.999999999999996
423	2	2	19.744939271255067	95.29149797570845
423	3	2	20	169.99999999999991
423	4	2	94.93999999999997	20.035999999999998
423	5	2	96.45600000000002	95.79999999999994
423	6	2	96.364	169.86399999999992
423	7	2	170.07407407407405	19.72016460905349
423	8	2	169.99999999999994	94.99999999999997
423	9	2	170.12400000000002	170.0280000000002
423	10	1	19.812375249501002	131.21357285429139
423	11	1	51.904191616766454	88.09780439121752
423	12	1	161.318	126.22799999999998
423	13	1	130.31137724550896	129.20159680638707
423	14	1	108.95799999999994	158.014
423	15	1	102.2619999999999	72.06999999999998
423	16	1	144.42	54.072000000000045
423	17	1	159.83967935871743	71.48697394789575
423	18	1	87.20758483033929	79.83832335329338
423	19	1	34.35329341317365	84.25748502994009
423	20	1	77.862	99.91000000000001
423	21	1	28.290000000000006	150.9200000000001
423	22	1	134.43113772455095	151.65269461077852
423	23	1	42.00399201596807	132.71856287425155
423	24	1	27.526	112.65999999999991
423	25	1	117.04191616766464	140.4810379241516
423	26	1	153.8760000000002	27.948000000000004
423	27	1	61.326000000000015	109.24000000000008
423	28	1	162.862	47.012000000000015
423	29	1	98.45800000000003	199.23599999999988
424	1	2	20	19.999999999999996
424	2	2	19.744939271255067	95.29149797570845
424	3	2	20	169.99999999999991
424	4	2	94.93999999999997	20.035999999999998
424	5	2	96.45600000000002	95.79999999999994
424	6	2	96.364	169.86399999999992
424	7	2	170.07407407407405	19.72016460905349
424	8	2	169.99999999999994	94.99999999999997
424	9	2	170.12400000000002	170.0280000000002
424	10	1	19.852000000000004	131.27000000000004
424	11	1	51.97799999999998	88.13799999999996
424	12	1	161.10000000000008	126.1520000000001
424	13	1	130.3440000000002	129.25199999999995
424	14	1	108.84630738522955	157.9381237524953
424	15	1	102.18799999999999	72.00800000000008
424	16	1	144.39200000000002	54.086000000000006
424	17	1	159.75399999999982	71.33600000000001
424	18	1	87.20000000000006	79.78600000000002
424	19	1	34.49203187250998	84.3565737051792
424	20	1	77.95608782435133	99.97005988023955
424	21	1	28.11752988047807	150.9442231075697
424	22	1	134.44889779559125	151.6713426853706
424	23	1	41.99399999999997	132.66199999999992
424	24	1	27.508	112.68799999999999
424	25	1	117.04599999999999	140.54999999999984
424	26	1	153.8582834331338	27.96606786427145
424	27	1	61.24199999999998	109.27800000000003
424	28	1	162.85628742514953	47.079840319361274
424	29	1	98.50499001996006	199.29540918163661
425	1	2	20	19.999999999999996
425	2	2	19.744939271255067	95.29149797570845
425	3	2	20	169.99999999999991
425	4	2	94.93999999999997	20.035999999999998
425	5	2	96.45600000000002	95.79999999999994
425	6	2	96.364	169.86399999999992
425	7	2	170.07407407407405	19.72016460905349
425	8	2	169.99999999999994	94.99999999999997
425	9	2	170.12400000000002	170.0280000000002
425	10	1	19.886	131.26000000000005
425	11	1	51.898203592814376	88.0798403193613
425	12	1	160.8083832335329	126.0578842315369
425	13	1	130.29083665338658	129.32270916334673
425	14	1	108.73852295409185	157.84431137724556
425	15	1	102.1616766467065	71.95009980039924
425	16	1	144.32734530938117	54.08183632734529
425	17	1	159.75350701402806	71.2444889779559
425	18	1	87.23752495009983	79.74051896207584
425	19	1	34.49101796407185	84.47305389221549
425	20	1	77.93812375249504	99.89820359281435
425	21	1	28.07784431137724	151.01996007984047
425	22	1	134.56200000000004	151.68399999999994
425	23	1	41.97005988023952	132.7185628742514
425	24	1	27.518962075848304	112.72854291417164
425	25	1	116.85999999999999	140.54200000000003
425	26	1	153.90019960079835	28.001996007984
425	27	1	61.25349301397202	109.28143712574845
425	28	1	162.72509960159363	47.37250996015938
425	29	1	98.54890219560883	199.34930139720544
426	1	2	20	19.999999999999996
426	2	2	19.744939271255067	95.29149797570845
426	3	2	20	169.99999999999991
426	4	2	94.93999999999997	20.035999999999998
426	5	2	96.45600000000002	95.79999999999994
426	6	2	96.364	169.86399999999992
426	7	2	170.07407407407405	19.72016460905349
426	8	2	169.99999999999994	94.99999999999997
426	9	2	170.12400000000002	170.0280000000002
426	10	1	19.92415169660679	131.22355289421148
426	11	1	51.89399999999999	88.068
426	12	1	160.48103792415168	126.02994011976054
426	13	1	130.31200000000004	129.334
426	14	1	108.64870259481043	157.758483033932
426	15	1	102.092	71.85199999999998
426	16	1	144.3106212424849	54.142284569138276
426	17	1	159.686626746507	71.14570858283439
426	18	1	87.26400000000004	79.75999999999996
426	19	1	34.610778443113766	84.52495009980045
426	20	1	77.95219123505974	99.85059760956179
426	21	1	28.099800399201616	151.04391217564867
426	22	1	134.51102204408807	151.65330661322645
426	23	1	41.91417165668665	132.61676646706584
426	24	1	27.3692614770459	112.76646706586833
426	25	1	116.74799999999996	140.49800000000002
426	26	1	153.9299999999998	28.059999999999985
426	27	1	61.23199999999998	109.23399999999998
426	28	1	162.61600000000007	47.513999999999996
426	29	1	98.54400000000005	199.264
427	1	2	20	19.999999999999996
427	2	2	19.744939271255067	95.29149797570845
427	3	2	20	169.99999999999991
427	4	2	94.93999999999997	20.035999999999998
427	5	2	96.45600000000002	95.79999999999994
427	6	2	96.364	169.86399999999992
427	7	2	170.07407407407405	19.72016460905349
427	8	2	169.99999999999994	94.99999999999997
427	9	2	170.12400000000002	170.0280000000002
427	10	1	19.908000000000005	131.398
427	11	1	51.99399999999998	88.06399999999998
427	12	1	160.15369261477036	125.91017964071858
427	13	1	130.20399999999998	129.33400000000012
427	14	1	108.62600000000003	157.72199999999995
427	15	1	101.96806387225547	71.70658682634732
427	16	1	144.2300000000001	54.30000000000001
427	17	1	159.77045908183638	71.13572854291411
427	18	1	87.31337325349307	79.66067864271456
427	19	1	34.85828343313375	84.7025948103793
427	20	1	77.99600000000001	99.79799999999993
427	21	1	28.07784431137726	151.11776447105797
427	22	1	134.57199999999995	151.704
427	23	1	41.891999999999996	132.55799999999994
427	24	1	27.228000000000016	112.87799999999997
427	25	1	116.88023952095806	140.5089820359282
427	26	1	154.01000000000002	28.157999999999998
427	27	1	61.264	109.23199999999997
427	28	1	162.46107784431126	47.56487025948105
427	29	1	98.57171314741021	199.35258964143424
428	1	2	20	19.999999999999996
428	2	2	19.744939271255067	95.29149797570845
428	3	2	20	169.99999999999991
428	4	2	94.93999999999997	20.035999999999998
428	5	2	96.45600000000002	95.79999999999994
428	6	2	96.364	169.86399999999992
428	7	2	170.07407407407405	19.72016460905349
428	8	2	169.99999999999994	94.99999999999997
428	9	2	170.12400000000002	170.0280000000002
428	10	1	19.942	131.45599999999988
428	11	1	51.9940119760479	88.00998003992024
428	12	1	160.0659999999999	125.83000000000013
428	13	1	130.15968063872265	129.35528942115766
428	14	1	108.5249500998004	157.61676646706587
428	15	1	101.93213572854287	71.61477045908174
428	16	1	144.24199999999996	54.21599999999999
428	17	1	159.74850299401177	71.09580838323359
428	18	1	87.34000000000009	79.60399999999996
428	19	1	34.93200000000002	84.94599999999998
428	20	1	78.02195608782444	99.82834331337324
428	21	1	28.069721115537835	151.27689243027888
428	22	1	134.58399999999997	151.7199999999999
428	23	1	41.88423153692617	132.5349301397208
428	24	1	27.01996007984033	113.00399201596811
428	25	1	116.87000000000003	140.49200000000002
428	26	1	154.0539999999999	28.22799999999999
428	27	1	61.25199999999997	109.18599999999998
428	28	1	162.45800000000006	47.631999999999984
428	29	1	98.60479041916173	199.29540918163664
429	1	2	20	19.999999999999996
429	2	2	19.744939271255067	95.29149797570845
429	3	2	20	169.99999999999991
429	4	2	94.93999999999997	20.035999999999998
429	5	2	96.45600000000002	95.79999999999994
429	6	2	96.364	169.86399999999992
429	7	2	170.07407407407405	19.72016460905349
429	8	2	169.99999999999994	94.99999999999997
429	9	2	170.12400000000002	170.0280000000002
429	10	1	20.02999999999999	131.4780000000002
429	11	1	51.91417165668661	88.00798403193618
429	12	1	159.9960000000001	125.77799999999998
429	13	1	130.09799999999998	129.38600000000005
429	14	1	108.50199999999998	157.59799999999993
429	15	1	101.78642714570854	71.52694610778443
429	16	1	144.1816367265469	54.125748502994036
429	17	1	159.72854291417158	71.03992015968065
429	18	1	87.31800000000005	79.59799999999996
429	19	1	34.96599999999998	85.11800000000005
429	20	1	78.00798403193613	99.7684630738523
429	21	1	28.09780439121755	151.29341317365285
429	22	1	134.5768463073852	151.73253493013976
429	23	1	41.927999999999955	132.49200000000008
429	24	1	26.85685884691851	113.0795228628231
429	25	1	116.82200000000003	140.43199999999993
429	26	1	154.06599999999997	28.294000000000004
429	27	1	61.385229540918196	109.19560878243509
429	28	1	162.4750499001997	47.80638722554892
429	29	1	98.64999999999996	199.36199999999977
430	1	2	20	19.999999999999996
430	2	2	19.744939271255067	95.29149797570845
430	3	2	20	169.99999999999991
430	4	2	94.93999999999997	20.035999999999998
430	5	2	96.45600000000002	95.79999999999994
430	6	2	96.364	169.86399999999992
430	7	2	170.07407407407405	19.72016460905349
430	8	2	169.99999999999994	94.99999999999997
430	9	2	170.12400000000002	170.0280000000002
430	10	1	20.095808383233546	131.4451097804391
430	11	1	51.909999999999975	88.07599999999998
430	12	1	159.82599999999996	125.70599999999997
430	13	1	130.0816733067729	129.41633466135463
430	14	1	108.39321357285435	157.53493013972047
430	15	1	101.78087649402389	71.38047808764948
430	16	1	144.07185628742494	54.147704590818364
430	17	1	159.73107569721108	70.92828685258966
430	18	1	87.4011976047903	79.60678642714575
430	19	1	35.05788423153695	85.17165668662663
430	20	1	78.00800000000011	99.724
430	21	1	28.143712574850298	151.32934131736533
430	22	1	134.562	151.73399999999992
430	23	1	41.9940119760479	132.47704590818364
430	24	1	26.82834331337328	113.09381237524957
430	25	1	116.69660678642715	140.39920159680634
430	26	1	154.02594810379227	28.417165668662676
430	27	1	61.41000000000003	109.18599999999998
430	28	1	162.32734530938114	47.91616766467066
430	29	1	98.62000000000012	199.33599999999993
431	1	2	20	19.999999999999996
431	2	2	19.744939271255067	95.29149797570845
431	3	2	20	169.99999999999991
431	4	2	94.93999999999997	20.035999999999998
431	5	2	96.45600000000002	95.79999999999994
431	6	2	96.364	169.86399999999992
431	7	2	170.07407407407405	19.72016460905349
431	8	2	169.99999999999994	94.99999999999997
431	9	2	170.12400000000002	170.0280000000002
431	10	1	20.131736526946103	131.57485029940133
431	11	1	51.908183632734534	88.06187624750497
431	12	1	159.68599999999975	125.71799999999989
431	13	1	129.98	129.35199999999998
431	14	1	108.3572854291417	157.5089820359281
431	15	1	101.61952191235054	71.19920318725093
431	16	1	144.06999999999996	54.12199999999998
431	17	1	159.69000000000017	70.92000000000006
431	18	1	87.40999999999995	79.60399999999998
431	19	1	35.10400000000004	85.21799999999996
431	20	1	78.10020040080157	99.80360721442894
431	21	1	28.061876247504973	151.37325349301395
431	22	1	134.63399999999984	151.63599999999997
431	23	1	42.06000000000001	132.47000000000006
431	24	1	26.73053892215571	113.14770459081838
431	25	1	116.63473053892214	140.36327345309377
431	26	1	154.15800000000002	28.57799999999997
431	27	1	61.33333333333334	109.14970059880241
431	28	1	162.29540918163673	47.964071856287475
431	29	1	98.70658682634732	199.40718562874244
432	1	2	20	19.999999999999996
432	2	2	19.744939271255067	95.29149797570845
432	3	2	20	169.99999999999991
432	4	2	94.93999999999997	20.035999999999998
432	5	2	96.45600000000002	95.79999999999994
432	6	2	96.364	169.86399999999992
432	7	2	170.07407407407405	19.72016460905349
432	8	2	169.99999999999994	94.99999999999997
432	9	2	170.12400000000002	170.0280000000002
432	10	1	20.10978043912176	131.61676646706573
432	11	1	51.90800000000003	88.07400000000003
432	12	1	159.33599999999987	125.59200000000004
432	13	1	129.99600798403205	129.34930139720555
432	14	1	108.38922155688623	157.5249500998005
432	15	1	101.606	71.05200000000005
432	16	1	144.00199600798413	53.98203592814374
432	17	1	159.6600000000003	70.79800000000004
432	18	1	87.37125748502993	79.59880239520957
432	19	1	35.135728542914165	85.25548902195605
432	20	1	78.10400000000004	99.79600000000002
432	21	1	28.148000000000014	151.38400000000013
432	22	1	134.5620000000002	151.6600000000002
432	23	1	42.22509960159364	132.40637450199208
432	24	1	26.64071856287426	113.1457085828344
432	25	1	116.56600000000002	140.35599999999982
432	26	1	154.23353293413172	28.68662674650698
432	27	1	61.29000000000002	109.10799999999996
432	28	1	162.31936127744532	48.08782435129742
432	29	1	98.73053892215565	199.43313373253483
433	1	2	20	19.999999999999996
433	2	2	19.744939271255067	95.29149797570845
433	3	2	20	169.99999999999991
433	4	2	94.93999999999997	20.035999999999998
433	5	2	96.45600000000002	95.79999999999994
433	6	2	96.364	169.86399999999992
433	7	2	170.07407407407405	19.72016460905349
433	8	2	169.99999999999994	94.99999999999997
433	9	2	170.12400000000002	170.0280000000002
433	10	1	20.22645290581161	131.74549098196388
433	11	1	51.896	88.09999999999998
433	12	1	159.2329317269075	125.52409638554218
433	13	1	129.87800000000007	129.21599999999992
433	14	1	108.45708582834327	157.4970059880238
433	15	1	101.56772908366543	71.01195219123498
433	16	1	143.96207584830347	53.9001996007984
433	17	1	159.6307385229541	70.64471057884231
433	18	1	87.31736526946116	79.5948103792415
433	19	1	35.19361277445108	85.17964071856287
433	20	1	78.02195608782436	99.74251497005983
433	21	1	28.14570858283435	151.45508982035912
433	22	1	134.66400000000002	151.58799999999997
433	23	1	42.26	132.50799999999995
433	24	1	26.502994011976046	113.17165668662682
433	25	1	116.51593625498005	140.29482071713147
433	26	1	154.1119999999999	28.69000000000001
433	27	1	61.27254509018032	109.12825651302603
433	28	1	162.2415169660679	48.027944111776456
433	29	1	98.77	199.4940000000001
434	1	2	20	19.999999999999996
434	2	2	19.744939271255067	95.29149797570845
434	3	2	20	169.99999999999991
434	4	2	94.93999999999997	20.035999999999998
434	5	2	96.45600000000002	95.79999999999994
434	6	2	96.364	169.86399999999992
434	7	2	170.07407407407405	19.72016460905349
434	8	2	169.99999999999994	94.99999999999997
434	9	2	170.12400000000002	170.0280000000002
434	10	1	20.223552894211583	131.80239520958068
434	11	1	51.938123752495024	88.14570858283429
434	12	1	158.91417165668662	125.34331337325342
434	13	1	129.796	129.21600000000007
434	14	1	108.42514970059885	157.47504990019954
434	15	1	101.60678642714579	70.92015968063875
434	16	1	143.93227091633455	53.84462151394427
434	17	1	159.65737051792823	70.55179282868525
434	18	1	87.43599999999994	79.56000000000003
434	19	1	35.199999999999996	85.31800000000004
434	20	1	78.10200000000006	99.65600000000008
434	21	1	28.20758483033934	151.47504990019976
434	22	1	134.74701195219123	151.52988047808742
434	23	1	42.28599999999999	132.4659999999999
434	24	1	26.387225548902205	113.15169660678652
434	25	1	116.34131736526939	140.31736526946096
434	26	1	154.106	28.786000000000016
434	27	1	61.335999999999984	109.07999999999998
434	28	1	162.20641282565134	48.14228456913827
434	29	1	98.82435129740523	199.57684630738518
435	1	2	20	19.999999999999996
435	2	2	19.744939271255067	95.29149797570845
435	3	2	20	169.99999999999991
435	4	2	94.93999999999997	20.035999999999998
435	5	2	96.45600000000002	95.79999999999994
435	6	2	96.364	169.86399999999992
435	7	2	170.07407407407405	19.72016460905349
435	8	2	169.99999999999994	94.99999999999997
435	9	2	170.12400000000002	170.0280000000002
435	10	1	20.213572854291435	131.91217564870266
435	11	1	51.87800000000001	88.16800000000002
435	12	1	158.892	125.32400000000001
435	13	1	129.91800000000006	129.23600000000002
435	14	1	108.25599999999994	157.40000000000003
435	15	1	101.49599999999995	70.75999999999999
435	16	1	143.91816367265454	53.77844311377248
435	17	1	159.75449101796417	70.53692614770458
435	18	1	87.41600000000003	79.6
435	19	1	35.24550898203591	85.29540918163683
435	20	1	78.01197604790421	99.58882235528945
435	21	1	28.324701195219134	151.45617529880462
435	22	1	134.68999999999994	151.5480000000001
435	23	1	42.32135728542917	132.3532934131737
435	24	1	26.240000000000016	113.22200000000002
435	25	1	116.22954091816375	140.26546906187627
435	26	1	154.24999999999986	28.86000000000001
435	27	1	61.38600000000002	109.07800000000005
435	28	1	162.19960079840314	48.21556886227544
435	29	1	98.86227544910173	199.5349301397206
436	1	2	20	19.999999999999996
436	2	2	19.744939271255067	95.29149797570845
436	3	2	20	169.99999999999991
436	4	2	94.93999999999997	20.035999999999998
436	5	2	96.45600000000002	95.79999999999994
436	6	2	96.364	169.86399999999992
436	7	2	170.07407407407405	19.72016460905349
436	8	2	169.99999999999994	94.99999999999997
436	9	2	170.12400000000002	170.0280000000002
436	10	1	20.275449101796386	131.91017964071867
436	11	1	51.86227544910181	88.2335329341317
436	12	1	158.88000000000008	125.296
436	13	1	129.90400000000002	129.28399999999996
436	14	1	108.24448897795597	157.43687374749493
436	15	1	101.43399999999993	70.69400000000005
436	16	1	143.8982035928143	53.80638722554894
436	17	1	159.77000000000018	70.50800000000005
436	18	1	87.41000000000005	79.48399999999995
436	19	1	35.23952095808382	85.34730538922152
436	20	1	78.0841683366733	99.44488977955913
436	21	1	28.31199999999998	151.456
436	22	1	134.76	151.55800000000005
436	23	1	42.33199999999996	132.40600000000003
436	24	1	26.148000000000014	113.21800000000006
436	25	1	116.13200000000003	140.36599999999993
436	26	1	154.3313373253492	28.95808383233532
436	27	1	61.54780876494024	109.06772908366536
436	28	1	162.11177644710588	48.25748502994012
436	29	1	98.87599999999999	199.4359999999999
437	1	2	20	19.999999999999996
437	2	2	19.744939271255067	95.29149797570845
437	3	2	20	169.99999999999991
437	4	2	94.93999999999997	20.035999999999998
437	5	2	96.45600000000002	95.79999999999994
437	6	2	96.364	169.86399999999992
437	7	2	170.07407407407405	19.72016460905349
437	8	2	169.99999999999994	94.99999999999997
437	9	2	170.12400000000002	170.0280000000002
437	10	1	20.230000000000004	132.05400000000003
437	11	1	51.86826347305394	88.35129740518957
437	12	1	158.8502994011978	125.25948103792419
437	13	1	129.89021956087825	129.23153692614775
437	14	1	108.27544910179637	157.43512974051893
437	15	1	101.45090180360718	70.66733466933876
437	16	1	143.87824351297402	53.84231536926146
437	17	1	159.74451097804396	70.4690618762476
437	18	1	87.4730538922156	79.38522954091826
437	19	1	35.25948103792418	85.34530938123754
437	20	1	78.12800000000004	99.38200000000002
437	21	1	28.404382470119526	151.57968127490042
437	22	1	134.83433133732524	151.52495009980052
437	23	1	42.22155688622759	132.39321357285428
437	24	1	26.054	113.274
437	25	1	115.84431137724548	140.39321357285434
437	26	1	154.3832335329341	29.025948103792416
437	27	1	61.54399999999999	109.04600000000002
437	28	1	162.15169660678637	48.2774451097804
437	29	1	98.88399999999987	199.4860000000001
438	1	2	20	19.999999999999996
438	2	2	19.744939271255067	95.29149797570845
438	3	2	20	169.99999999999991
438	4	2	94.93999999999997	20.035999999999998
438	5	2	96.45600000000002	95.79999999999994
438	6	2	96.364	169.86399999999992
438	7	2	170.07407407407405	19.72016460905349
438	8	2	169.99999999999994	94.99999999999997
438	9	2	170.12400000000002	170.0280000000002
438	10	1	20.199999999999992	132.1740000000002
438	11	1	51.826347305389234	88.46906187624754
438	12	1	158.74400000000006	125.20799999999994
438	13	1	129.95599999999985	129.15599999999995
438	14	1	108.25548902195607	157.3173652694611
438	15	1	101.372	70.41799999999999
438	16	1	143.91799999999986	53.893999999999984
438	17	1	159.7425149700598	70.34530938123748
438	18	1	87.48502994011974	79.23752495009981
438	19	1	35.324000000000005	85.45400000000002
438	20	1	78.21956087824346	99.34131736526939
438	21	1	28.51599999999999	151.57
438	22	1	134.82000000000016	151.50399999999996
438	23	1	42.17964071856282	132.2095808383235
438	24	1	25.928143712574848	113.24750499001992
438	25	1	115.80439121756483	140.38922155688616
438	26	1	154.34530938123737	29.103792415169682
438	27	1	61.746000000000016	109.11800000000011
438	28	1	162.20558882235528	48.351297405189676
438	29	1	98.91600000000003	199.52999999999977
439	1	2	20	19.999999999999996
439	2	2	19.744939271255067	95.29149797570845
439	3	2	20	169.99999999999991
439	4	2	94.93999999999997	20.035999999999998
439	5	2	96.45600000000002	95.79999999999994
439	6	2	96.364	169.86399999999992
439	7	2	170.07407407407405	19.72016460905349
439	8	2	169.99999999999994	94.99999999999997
439	9	2	170.12400000000002	170.0280000000002
439	10	1	20.27145708582833	132.15968063872273
439	11	1	51.87775551102206	88.53707414829654
439	12	1	158.76000000000008	125.20799999999994
439	13	1	130.00998003992024	129.08383233532925
439	14	1	108.03393213572856	157.33333333333323
439	15	1	101.40918163672644	70.43912175648698
439	16	1	143.95599999999996	53.85799999999999
439	17	1	159.7764471057883	70.36726546906196
439	18	1	87.50599999999989	79.24400000000001
439	19	1	35.42999999999998	85.38400000000006
439	20	1	78.25200000000005	99.28399999999995
439	21	1	28.542914171656665	151.62674650698597
439	22	1	134.78400000000002	151.48800000000014
439	23	1	42.22199999999998	132.28800000000007
439	24	1	25.728000000000005	113.23200000000004
439	25	1	115.626746506986	140.40918163672634
439	26	1	154.27091633466148	29.137450199203165
439	27	1	61.57884231536927	109.02395209580844
439	28	1	162.21756487025982	48.48303393213574
439	29	1	98.90618762475049	199.50698602794398
440	1	2	20	19.999999999999996
440	2	2	19.744939271255067	95.29149797570845
440	3	2	20	169.99999999999991
440	4	2	94.93999999999997	20.035999999999998
440	5	2	96.45600000000002	95.79999999999994
440	6	2	96.364	169.86399999999992
440	7	2	170.07407407407405	19.72016460905349
440	8	2	169.99999999999994	94.99999999999997
440	9	2	170.12400000000002	170.0280000000002
440	10	1	20.365269461077855	132.1596806387226
440	11	1	51.870000000000026	88.60800000000003
440	12	1	158.75200000000004	125.158
440	13	1	129.98203592814377	129.0379241516965
440	14	1	107.99800399201591	157.33333333333337
440	15	1	101.24900398406368	70.19123505976104
440	16	1	143.984	53.95600000000002
440	17	1	159.7700000000001	70.30000000000001
440	18	1	87.5628742514969	79.23752495009985
440	19	1	35.52894211576845	85.46107784431143
440	20	1	78.21799999999998	99.17999999999995
440	21	1	28.556886227544897	151.77844311377243
440	22	1	134.88000000000008	151.44400000000002
440	23	1	42.30800000000001	132.31799999999998
440	24	1	25.568000000000016	113.26800000000009
440	25	1	115.622	140.43999999999988
440	26	1	154.19438877755508	29.21843687374748
440	27	1	61.666666666666636	109.06187624750496
440	28	1	162.33200000000005	48.58399999999999
440	29	1	98.89820359281434	199.52095808383226
441	1	2	20	19.999999999999996
441	2	2	19.744939271255067	95.29149797570845
441	3	2	20	169.99999999999991
441	4	2	94.93999999999997	20.035999999999998
441	5	2	96.45600000000002	95.79999999999994
441	6	2	96.364	169.86399999999992
441	7	2	170.07407407407405	19.72016460905349
441	8	2	169.99999999999994	94.99999999999997
441	9	2	170.12400000000002	170.0280000000002
441	10	1	20.398000000000003	132.1859999999999
441	11	1	51.88223552894213	88.59081836327346
441	12	1	158.6840000000001	125.10200000000009
441	13	1	130.048	129.08800000000002
441	14	1	108.00598802395213	157.29740518962055
441	15	1	101.16733067729089	70.11354581673302
441	16	1	143.96999999999994	53.883999999999965
441	17	1	159.7964071856289	70.23552894211576
441	18	1	87.53800000000008	79.18399999999998
441	19	1	35.59799999999994	85.484
441	20	1	78.28999999999996	99.20399999999994
441	21	1	28.59481037924149	151.82035928143702
441	22	1	134.97205588822354	151.3952095808384
441	23	1	42.327345309381236	132.2914171656687
441	24	1	25.494000000000003	113.23800000000001
441	25	1	115.54000000000002	140.44799999999992
441	26	1	154.04990019960067	29.285429141716552
441	27	1	61.67664670658688	109.03592814371258
441	28	1	162.30600000000018	48.59399999999995
441	29	1	98.92200000000001	199.528
442	1	2	20	19.999999999999996
442	2	2	19.744939271255067	95.29149797570845
442	3	2	20	169.99999999999991
442	4	2	94.93999999999997	20.035999999999998
442	5	2	96.45600000000002	95.79999999999994
442	6	2	96.364	169.86399999999992
442	7	2	170.07407407407405	19.72016460905349
442	8	2	169.99999999999994	94.99999999999997
442	9	2	170.12400000000002	170.0280000000002
442	10	1	20.523999999999997	132.24200000000008
442	11	1	51.934131736526965	88.66067864271473
442	12	1	158.60799999999998	125.02600000000011
442	13	1	130.12749003984078	129.0239043824699
442	14	1	107.92184368737477	157.3446893787575
442	15	1	101.11377245508984	69.96806387225547
442	16	1	143.97	53.79399999999997
442	17	1	159.78642714570864	70.24950099800392
442	18	1	87.51799999999999	79.17000000000004
442	19	1	35.69138276553104	85.66933867735469
442	20	1	78.31137724550895	99.08582834331345
442	21	1	28.63273453093811	151.83433133732555
442	22	1	134.98602794411153	151.32534930139735
442	23	1	42.443113772455064	132.32734530938143
442	24	1	25.401197604790394	113.25948103792406
442	25	1	115.4123505976096	140.48605577689253
442	26	1	154.07984031936152	29.30339321357286
442	27	1	61.870000000000026	109.07000000000005
442	28	1	162.36199999999977	48.65999999999994
442	29	1	98.92400000000005	199.55799999999985
443	1	2	20	19.999999999999996
443	2	2	19.744939271255067	95.29149797570845
443	3	2	20	169.99999999999991
443	4	2	94.93999999999997	20.035999999999998
443	5	2	96.45600000000002	95.79999999999994
443	6	2	96.364	169.86399999999992
443	7	2	170.07407407407405	19.72016460905349
443	8	2	169.99999999999994	94.99999999999997
443	9	2	170.12400000000002	170.0280000000002
443	10	1	20.62599999999999	132.17999999999992
443	11	1	51.962075848303385	88.71057884231541
443	12	1	158.50698602794412	125.0958083832335
443	13	1	130.10400000000004	129.03
443	14	1	107.84400000000004	157.33
443	15	1	101.08782435129747	69.96606786427147
443	16	1	144.03999999999985	53.75999999999997
443	17	1	159.80838323353285	70.28742514970068
443	18	1	87.49999999999996	79.20400000000004
443	19	1	35.71399999999999	85.84800000000001
443	20	1	78.3187250996016	99.10159362549808
443	21	1	28.641282565130247	151.91182364729457
443	22	1	135.01799999999992	151.35800000000012
443	23	1	42.483999999999995	132.47600000000014
443	24	1	25.048000000000005	113.39799999999998
443	25	1	115.37599999999993	140.49999999999986
443	26	1	154.1756487025949	29.353293413173652
443	27	1	61.862000000000016	109.0819999999999
443	28	1	162.378	48.66399999999997
443	29	1	98.97399999999999	199.58200000000008
444	1	2	20	19.999999999999996
444	2	2	19.744939271255067	95.29149797570845
444	3	2	20	169.99999999999991
444	4	2	94.93999999999997	20.035999999999998
444	5	2	96.45600000000002	95.79999999999994
444	6	2	96.364	169.86399999999992
444	7	2	170.07407407407405	19.72016460905349
444	8	2	169.99999999999994	94.99999999999997
444	9	2	170.12400000000002	170.0280000000002
444	10	1	20.724550898203606	132.18163672654703
444	11	1	51.946000000000026	88.69799999999994
444	12	1	158.50796812749016	125.13147410358566
444	13	1	130.09580838323356	129.02594810379242
444	14	1	107.76799999999997	157.30999999999986
444	15	1	101.08199999999998	69.9020000000001
444	16	1	144.06187624750507	53.76447105788424
444	17	1	159.88200000000003	70.18799999999999
444	18	1	87.50499001995996	79.3073852295409
444	19	1	35.77755511022043	85.7715430861724
444	20	1	78.28942115768469	99.01197604790417
444	21	1	28.625999999999983	151.97199999999998
444	22	1	135.04990019960087	151.28542914171678
444	23	1	42.570858283433154	132.5748502994011
444	24	1	24.97005988023953	113.40518962075836
444	25	1	115.18962075848317	140.4830339321356
444	26	1	154.08782435129737	29.389221556886234
444	27	1	61.748502994011965	109.00399201596814
444	28	1	162.44910179640738	48.72255489021957
444	29	1	98.92000000000003	199.56999999999988
445	1	2	20	19.999999999999996
445	2	2	19.744939271255067	95.29149797570845
445	3	2	20	169.99999999999991
445	4	2	94.93999999999997	20.035999999999998
445	5	2	96.45600000000002	95.79999999999994
445	6	2	96.364	169.86399999999992
445	7	2	170.07407407407405	19.72016460905349
445	8	2	169.99999999999994	94.99999999999997
445	9	2	170.12400000000002	170.0280000000002
445	10	1	20.678000000000008	132.31600000000003
445	11	1	51.861999999999995	88.71800000000009
445	12	1	158.35799999999998	125.10199999999999
445	13	1	130.04990019960073	128.94810379241508
445	14	1	107.70459081836329	157.27544910179648
445	15	1	101.0818363273453	69.80638722554896
445	16	1	144.09	53.73199999999995
445	17	1	159.97600000000025	70.12000000000002
445	18	1	87.55089820359284	79.40518962075843
445	19	1	35.786427145708586	85.83233532934125
445	20	1	78.29740518962083	98.96207584830343
445	21	1	28.69061876247506	151.9500998003991
445	22	1	135.08599999999996	151.23399999999992
445	23	1	42.636	132.59600000000006
445	24	1	24.695999999999994	113.53999999999999
445	25	1	115.00199600798406	140.50898203592808
445	26	1	154.15599999999986	29.415999999999993
445	27	1	61.834000000000024	108.93199999999997
445	28	1	162.456	48.71799999999996
445	29	1	98.81799999999997	199.43000000000004
446	1	2	20	19.999999999999996
446	2	2	19.744939271255067	95.29149797570845
446	3	2	20	169.99999999999991
446	4	2	94.93999999999997	20.035999999999998
446	5	2	96.45600000000002	95.79999999999994
446	6	2	96.364	169.86399999999992
446	7	2	170.07407407407405	19.72016460905349
446	8	2	169.99999999999994	94.99999999999997
446	9	2	170.12400000000002	170.0280000000002
446	10	1	20.77	132.40400000000002
446	11	1	51.88600000000005	88.76399999999997
446	12	1	158.18762475049897	125.00199600798402
446	13	1	130.11222444889765	129.01603206412818
446	14	1	107.74451097804382	157.38323353293424
446	15	1	100.86800000000002	69.59799999999998
446	16	1	144.1239999999999	53.673999999999985
446	17	1	160.00000000000003	70.122
446	18	1	87.70400000000004	79.57600000000002
446	19	1	35.79840319361284	85.85828343313383
446	20	1	78.28542914171662	98.90618762475049
446	21	1	28.66800000000001	151.98599999999996
446	22	1	135.20758483033933	151.17165668662696
446	23	1	42.74850299401196	132.5369261477045
446	24	1	24.642000000000003	113.50599999999997
446	25	1	114.58199999999992	140.5219999999999
446	26	1	154.12599999999998	29.485999999999994
446	27	1	61.888223552894246	108.94810379241525
446	28	1	162.55511022044095	48.703406813627225
446	29	1	98.79840319361278	199.46107784431143
447	1	2	20	19.999999999999996
447	2	2	19.744939271255067	95.29149797570845
447	3	2	20	169.99999999999991
447	4	2	94.93999999999997	20.035999999999998
447	5	2	96.45600000000002	95.79999999999994
447	6	2	96.364	169.86399999999992
447	7	2	170.07407407407405	19.72016460905349
447	8	2	169.99999999999994	94.99999999999997
447	9	2	170.12400000000002	170.0280000000002
447	10	1	20.76247504990019	132.4191616766468
447	11	1	51.896207584830314	88.7345309381237
447	12	1	158.12799999999993	125.03600000000006
447	13	1	130.13	128.99399999999986
447	14	1	107.66400000000004	157.3660000000002
447	15	1	100.8343313373254	69.44311377245512
447	16	1	144.27744510978027	53.48902195608782
447	17	1	160.06400000000025	70.07199999999999
447	18	1	87.76799999999999	79.60600000000002
447	19	1	35.80799999999999	86.07400000000001
447	20	1	78.26200000000009	98.73400000000001
447	21	1	28.740518962075836	151.97604790419157
447	22	1	135.15568862275458	151.11776447105782
447	23	1	42.75249500998	132.45708582834334
447	24	1	24.563745019920304	113.4701195219124
447	25	1	114.42885771543094	140.49699398797586
447	26	1	154.08582834331335	29.49700598802395
447	27	1	62.03000000000003	108.92600000000006
447	28	1	162.73947895791588	48.78557114228458
447	29	1	98.75	199.37800000000013
448	1	2	20	19.999999999999996
448	2	2	19.744939271255067	95.29149797570845
448	3	2	20	169.99999999999991
448	4	2	94.93999999999997	20.035999999999998
448	5	2	96.45600000000002	95.79999999999994
448	6	2	96.364	169.86399999999992
448	7	2	170.07407407407405	19.72016460905349
448	8	2	169.99999999999994	94.99999999999997
448	9	2	170.12400000000002	170.0280000000002
448	10	1	20.88446215139444	132.5418326693228
448	11	1	51.886	88.8359999999999
448	12	1	158.06800000000004	125.08799999999991
448	13	1	130.1000000000001	128.96799999999988
448	14	1	107.60279441117765	157.3552894211576
448	15	1	100.64541832669337	69.17131474103586
448	16	1	144.3600000000001	53.55199999999995
448	17	1	160.148	70.13000000000002
448	18	1	87.93027888446221	79.69521912350602
448	19	1	35.83000000000001	86.162
448	20	1	78.26399999999997	98.64999999999989
448	21	1	28.81836327345307	152.0059880239521
448	22	1	135.12600000000003	151.10000000000002
448	23	1	42.8502994011976	132.31936127744518
448	24	1	24.420000000000016	113.5099999999999
448	25	1	114.24448897795592	140.49098196392796
448	26	1	154.0879999999999	29.548000000000005
448	27	1	62.21599999999993	108.97600000000004
448	28	1	162.71656686626727	48.89820359281435
448	29	1	98.72200000000002	199.37400000000002
449	1	2	20	19.999999999999996
449	2	2	19.744939271255067	95.29149797570845
449	3	2	20	169.99999999999991
449	4	2	94.93999999999997	20.035999999999998
449	5	2	96.45600000000002	95.79999999999994
449	6	2	96.364	169.86399999999992
449	7	2	170.07407407407405	19.72016460905349
449	8	2	169.99999999999994	94.99999999999997
449	9	2	170.12400000000002	170.0280000000002
449	10	1	20.91999999999998	132.54600000000013
449	11	1	51.83433133732532	88.84830339321364
449	12	1	157.93413173652695	125.10778443113772
449	13	1	130.18562874251484	129.00998003992004
449	14	1	107.52399999999996	157.34800000000007
449	15	1	100.51593625498008	69.08167330677281
449	16	1	144.43400000000014	53.593999999999994
449	17	1	160.21956087824364	70.14570858283426
449	18	1	87.904	79.668
449	19	1	35.812	86.18400000000001
449	20	1	78.34599999999998	98.61999999999998
449	21	1	28.853707414829667	152.02204408817653
449	22	1	135.14171656686628	151.10179640718562
449	23	1	42.90599999999996	132.42600000000004
449	24	1	24.209580838323358	113.54091816367271
449	25	1	113.97400000000009	140.53199999999998
449	26	1	154.1219999999998	29.589999999999993
449	27	1	62.36399999999998	108.95999999999991
449	28	1	162.77844311377248	48.984031936127764
449	29	1	98.6926147704591	199.3912175648704
450	1	2	20	19.999999999999996
450	2	2	19.744939271255067	95.29149797570845
450	3	2	20	169.99999999999991
450	4	2	94.93999999999997	20.035999999999998
450	5	2	96.45600000000002	95.79999999999994
450	6	2	96.364	169.86399999999992
450	7	2	170.07407407407405	19.72016460905349
450	8	2	169.99999999999994	94.99999999999997
450	9	2	170.12400000000002	170.0280000000002
450	10	1	21.04790419161675	132.59481037924135
450	11	1	51.84799999999996	88.90799999999989
450	12	1	157.80039920159678	125.07784431137723
450	13	1	130.19999999999996	129.0679999999998
450	14	1	107.45199999999993	157.35399999999987
450	15	1	100.45816733067727	68.99203187250997
450	16	1	144.454	53.65199999999999
450	17	1	160.36	70.12400000000001
450	18	1	87.86199999999995	79.60799999999989
450	19	1	35.836327345309364	86.2554890219561
450	20	1	78.36799999999995	98.58800000000001
450	21	1	28.855999999999973	152.0139999999999
450	22	1	135.06200000000013	151.18000000000004
450	23	1	43.105788423153676	132.3193612774452
450	24	1	24.123505976095615	113.55776892430276
450	25	1	113.69800000000005	140.60400000000013
450	26	1	154.03393213572832	29.652694610778457
450	27	1	62.463073852295366	108.9241516966068
450	28	1	162.7824351297404	49.03792415169661
450	29	1	98.57200000000002	199.21800000000002
451	1	2	20	19.999999999999996
451	2	2	19.744939271255067	95.29149797570845
451	3	2	20	169.99999999999991
451	4	2	94.93999999999997	20.035999999999998
451	5	2	96.45600000000002	95.79999999999994
451	6	2	96.364	169.86399999999992
451	7	2	170.07407407407405	19.72016460905349
451	8	2	169.99999999999994	94.99999999999997
451	9	2	170.12400000000002	170.0280000000002
451	10	1	21.134000000000004	132.66199999999998
451	11	1	51.82999999999997	88.90600000000009
451	12	1	157.79840319361293	125.1317365269462
451	13	1	130.24599999999998	129.00400000000005
451	14	1	107.12399999999994	157.23799999999986
451	15	1	100.32734530938122	68.95209580838319
451	16	1	144.43113772455095	53.57285429141715
451	17	1	160.4501992031872	70.11155378486049
451	18	1	87.79241516966061	79.59481037924148
451	19	1	35.835999999999984	86.30599999999998
451	20	1	78.33133732534934	98.50898203592818
451	21	1	28.860279441117775	152.0199600798403
451	22	1	135.0039999999999	151.17199999999994
451	23	1	43.2195608782435	132.37325349301398
451	24	1	24.04191616766466	113.61077844311382
451	25	1	113.67399999999994	140.59999999999994
451	26	1	154.13600000000002	29.683999999999973
451	27	1	62.4088176352705	108.88577154308618
451	28	1	162.7589641434262	49.08764940239044
451	29	1	98.51399999999997	199.09800000000007
452	1	2	20	19.999999999999996
452	2	2	19.744939271255067	95.29149797570845
452	3	2	20	169.99999999999991
452	4	2	94.93999999999997	20.035999999999998
452	5	2	96.45600000000002	95.79999999999994
452	6	2	96.364	169.86399999999992
452	7	2	170.07407407407405	19.72016460905349
452	8	2	169.99999999999994	94.99999999999997
452	9	2	170.12400000000002	170.0280000000002
452	10	1	21.305389221556872	132.63672654690632
452	11	1	51.86599999999999	88.97200000000001
452	12	1	157.678	125.14800000000002
452	13	1	130.32799999999992	129.02000000000018
452	14	1	107.01796407185634	157.2255489021956
452	15	1	100.34200000000007	68.93400000000003
452	16	1	144.49301397205576	53.56287425149702
452	17	1	160.50299401197617	70.1636726546906
452	18	1	87.83999999999996	79.602
452	19	1	35.85000000000008	86.39400000000006
452	20	1	78.22400000000003	98.23799999999994
452	21	1	28.80200000000001	151.962
452	22	1	135.05399999999995	151.11199999999982
452	23	1	43.328000000000046	132.32399999999996
452	24	1	23.87025948103793	113.5928143712575
452	25	1	113.27744510978044	140.63672654690623
452	26	1	154.07385229540924	29.722554890219566
452	27	1	62.42200000000005	108.85800000000008
452	28	1	162.76152304609218	49.10621242484974
452	29	1	98.4179999999999	198.9319999999999
453	1	2	20	19.999999999999996
453	2	2	19.744939271255067	95.29149797570845
453	3	2	20	169.99999999999991
453	4	2	94.93999999999997	20.035999999999998
453	5	2	96.45600000000002	95.79999999999994
453	6	2	96.364	169.86399999999992
453	7	2	170.07407407407405	19.72016460905349
453	8	2	169.99999999999994	94.99999999999997
453	9	2	170.12400000000002	170.0280000000002
453	10	1	21.541999999999994	132.6159999999999
453	11	1	51.80400000000003	89.15000000000003
453	12	1	157.72455089820363	125.09780439121761
453	13	1	130.27345309381232	129.04990019960098
453	14	1	106.88822355289417	157.14770459081828
453	15	1	100.36926147704592	68.97205588822351
453	16	1	144.57000000000005	53.538000000000004
453	17	1	160.58517034068151	70.10621242484974
453	18	1	87.83800000000001	79.5659999999999
453	19	1	35.83632734530934	86.3552894211578
453	20	1	78.30600000000017	98.18399999999997
453	21	1	28.910179640718574	151.9740518962076
453	22	1	135.08582834331324	151.07984031936118
453	23	1	43.349301397205586	132.28942115768467
453	24	1	23.700598802395216	113.5708582834332
453	25	1	113.03200000000005	140.66199999999995
453	26	1	154.00798403193608	29.788423153692626
453	27	1	62.613545816733065	108.86653386454185
453	28	1	162.7839999999999	49.13999999999997
453	29	1	98.37400000000008	198.9719999999998
454	1	2	20	19.999999999999996
454	2	2	19.744939271255067	95.29149797570845
454	3	2	20	169.99999999999991
454	4	2	94.93999999999997	20.035999999999998
454	5	2	96.45600000000002	95.79999999999994
454	6	2	96.364	169.86399999999992
454	7	2	170.07407407407405	19.72016460905349
454	8	2	169.99999999999994	94.99999999999997
454	9	2	170.12400000000002	170.0280000000002
454	10	1	21.648000000000003	132.65599999999998
454	11	1	51.788423153692676	89.28542914171652
454	12	1	157.59199999999984	125.098
454	13	1	130.2175648702594	129.00199600798413
454	14	1	106.87225548902202	157.1497005988024
454	15	1	100.31536926147704	68.85029940119759
454	16	1	144.57684630738535	53.44311377245513
454	17	1	160.6659999999999	70.09200000000001
454	18	1	87.91417165668655	79.57285429141717
454	19	1	35.806387225548896	86.48103792415164
454	20	1	78.27800000000003	98.09600000000002
454	21	1	28.987999999999996	151.92200000000003
454	22	1	135.08400000000003	151.05599999999995
454	23	1	43.50898203592815	132.17764471057885
454	24	1	23.613999999999997	113.63199999999999
454	25	1	112.80278884462167	140.69322709163342
454	26	1	154.00000000000003	29.87999999999999
454	27	1	62.75599999999999	108.88200000000002
454	28	1	162.83632734530963	49.17165668662678
454	29	1	98.33133732534924	198.98602794411175
455	1	2	20	19.999999999999996
455	2	2	19.744939271255067	95.29149797570845
455	3	2	20	169.99999999999991
455	4	2	94.93999999999997	20.035999999999998
455	5	2	96.45600000000002	95.79999999999994
455	6	2	96.364	169.86399999999992
455	7	2	170.07407407407405	19.72016460905349
455	8	2	169.99999999999994	94.99999999999997
455	9	2	170.12400000000002	170.0280000000002
455	10	1	21.744510978043913	132.686626746507
455	11	1	51.79600000000002	89.28199999999991
455	12	1	157.50099800399195	125.04990019960084
455	13	1	130.19200000000006	129.08999999999997
455	14	1	106.864	157.1459999999999
455	15	1	100.21756487025952	68.77644710578845
455	16	1	144.65338645418325	53.41035856573706
455	17	1	160.73800000000008	70.04199999999999
455	18	1	87.90781563126251	79.52905811623239
455	19	1	35.84031936127742	86.51297405189621
455	20	1	78.25948103792406	97.95409181636732
455	21	1	28.961999999999996	151.8880000000002
455	22	1	135.00199999999998	151.04400000000007
455	23	1	43.592	132.11199999999997
455	24	1	23.504990019960086	113.62674650698607
455	25	1	112.57884231536927	140.7325349301398
455	26	1	153.82600000000016	29.935999999999986
455	27	1	62.844000000000015	108.8339999999999
455	28	1	162.85599999999994	49.184
455	29	1	98.30139720558878	198.98602794411195
456	1	2	20	19.999999999999996
456	2	2	19.744939271255067	95.29149797570845
456	3	2	20	169.99999999999991
456	4	2	94.93999999999997	20.035999999999998
456	5	2	96.45600000000002	95.79999999999994
456	6	2	96.364	169.86399999999992
456	7	2	170.07407407407405	19.72016460905349
456	8	2	169.99999999999994	94.99999999999997
456	9	2	170.12400000000002	170.0280000000002
456	10	1	21.91399999999998	132.67999999999984
456	11	1	51.79600000000001	89.32399999999997
456	12	1	157.38323353293413	124.92814371257488
456	13	1	130.29600000000008	129.014
456	14	1	106.59960159362548	157.10358565737076
456	15	1	100.2035928143712	68.76646706586833
456	16	1	144.70400000000004	53.43600000000002
456	17	1	160.78399999999988	70.1599999999999
456	18	1	87.84599999999999	79.448
456	19	1	35.80399999999995	86.60599999999997
456	20	1	78.22799999999991	97.80199999999998
456	21	1	29.059880239520936	151.8123752495012
456	22	1	134.94400000000002	151.06800000000007
456	23	1	43.75800000000002	131.99000000000007
456	24	1	23.394000000000005	113.64800000000005
456	25	1	112.43712574850308	140.71057884231524
456	26	1	153.76447105788407	30.04191616766469
456	27	1	62.84200000000003	108.76599999999996
456	28	1	162.8962075848304	49.27744510978048
456	29	1	98.2874251497005	198.9600798403194
457	1	2	20	19.999999999999996
457	2	2	19.744939271255067	95.29149797570845
457	3	2	20	169.99999999999991
457	4	2	94.93999999999997	20.035999999999998
457	5	2	96.45600000000002	95.79999999999994
457	6	2	96.364	169.86399999999992
457	7	2	170.07407407407405	19.72016460905349
457	8	2	169.99999999999994	94.99999999999997
457	9	2	170.12400000000002	170.0280000000002
457	10	1	22.039999999999967	132.7360000000002
457	11	1	51.829999999999984	89.47799999999995
457	12	1	157.27145708582833	125.00199600798399
457	13	1	130.2834331337324	128.93812375249502
457	14	1	106.53692614770459	157.067864271457
457	15	1	100.12199999999994	68.77200000000003
457	16	1	144.74399999999991	53.41400000000003
457	17	1	160.87624750499006	70.03193612774453
457	18	1	87.84000000000005	79.37400000000002
457	19	1	35.73652694610782	86.63073852295409
457	20	1	78.29540918163663	97.7285429141716
457	21	1	29.06387225548902	151.8463073852295
457	22	1	134.97205588822354	151.0758483033934
457	23	1	43.868263473053894	132.00798403193625
457	24	1	23.18000000000001	113.71999999999994
457	25	1	112.37200000000003	140.71000000000004
457	26	1	153.74051896207567	30.085828343313366
457	27	1	62.882000000000026	108.75999999999998
457	28	1	162.92000000000016	49.30399999999996
457	29	1	98.26400000000004	198.99999999999991
458	1	2	20	19.999999999999996
458	2	2	19.744939271255067	95.29149797570845
458	3	2	20	169.99999999999991
458	4	2	94.93999999999997	20.035999999999998
458	5	2	96.45600000000002	95.79999999999994
458	6	2	96.364	169.86399999999992
458	7	2	170.07407407407405	19.72016460905349
458	8	2	169.99999999999994	94.99999999999997
458	9	2	170.12400000000002	170.0280000000002
458	10	1	22.049900199600817	132.80838323353302
458	11	1	51.79799999999997	89.56600000000006
458	12	1	157.158	124.93799999999999
458	13	1	130.44023904382456	128.92828685258968
458	14	1	106.43426294820719	157.0637450199203
458	15	1	100.05389221556885	68.61077844311383
458	16	1	144.80800000000013	53.33600000000002
458	17	1	160.94599999999988	70.09399999999992
458	18	1	87.8383233532934	79.3792415169661
458	19	1	35.709999999999965	86.68999999999994
458	20	1	78.32600000000006	97.68400000000001
458	21	1	29.034000000000006	151.81399999999994
458	22	1	134.95009980039907	151.0938123752496
458	23	1	43.93399999999998	131.94000000000014
458	24	1	23.094000000000026	113.77000000000001
458	25	1	112.26800000000006	140.7
458	26	1	153.66200000000006	30.113999999999994
458	27	1	62.952	108.69799999999998
458	28	1	162.90199999999984	49.388
458	29	1	98.20159680638724	199.0079840319362
459	1	2	20	19.999999999999996
459	2	2	19.744939271255067	95.29149797570845
459	3	2	20	169.99999999999991
459	4	2	94.93999999999997	20.035999999999998
459	5	2	96.45600000000002	95.79999999999994
459	6	2	96.364	169.86399999999992
459	7	2	170.07407407407405	19.72016460905349
459	8	2	169.99999999999994	94.99999999999997
459	9	2	170.12400000000002	170.0280000000002
459	10	1	22.059880239520947	132.85229540918152
459	11	1	51.830339321357314	89.53692614770459
459	12	1	156.96800000000005	124.93399999999994
459	13	1	130.53199999999998	128.98399999999978
459	14	1	106.20399999999998	156.994
459	15	1	99.9260000000001	68.44200000000001
459	16	1	144.91199999999995	53.15800000000001
459	17	1	161.08600000000007	70.19999999999997
459	18	1	87.73453093812374	79.22554890219565
459	19	1	35.610778443113745	86.85429141716567
459	20	1	78.32868525896409	97.54780876494017
459	21	1	29.039920159680623	151.72854291417158
459	22	1	134.78200000000015	151.13599999999997
459	23	1	44.04790419161677	131.80638722554912
459	24	1	23.009999999999987	113.84399999999998
459	25	1	112.21000000000001	140.7160000000001
459	26	1	153.4630738522953	30.165668662674648
459	27	1	62.95799999999995	108.64400000000005
459	28	1	162.902	49.389999999999986
459	29	1	98.17964071856295	198.99800399201592
460	1	2	20	19.999999999999996
460	2	2	19.744939271255067	95.29149797570845
460	3	2	20	169.99999999999991
460	4	2	94.93999999999997	20.035999999999998
460	5	2	96.45600000000002	95.79999999999994
460	6	2	96.364	169.86399999999992
460	7	2	170.07407407407405	19.72016460905349
460	8	2	169.99999999999994	94.99999999999997
460	9	2	170.12400000000002	170.0280000000002
460	10	1	22.228000000000012	132.90799999999996
460	11	1	51.798000000000044	89.61200000000002
460	12	1	156.92614770459093	124.94610778443125
460	13	1	130.61800000000002	128.97600000000017
460	14	1	106.11799999999998	157.02200000000002
460	15	1	99.86199999999988	68.34800000000004
460	16	1	144.9600000000001	53.05200000000001
460	17	1	161.12774451097806	70.29540918163674
460	18	1	87.71513944223103	79.30478087649396
460	19	1	35.53493013972058	87.11576846307388
460	20	1	78.3073852295409	97.50299401197607
460	21	1	29.034000000000013	151.73199999999989
460	22	1	134.85628742514953	151.10379241516952
460	23	1	44.086000000000006	131.7439999999998
460	24	1	22.89421157684633	113.8383233532934
460	25	1	112.00399201596807	140.75049900199588
460	26	1	153.37000000000023	30.205999999999996
460	27	1	63.12774451097801	108.68662674650693
460	28	1	162.9321357285429	49.413173652694624
460	29	1	98.20800000000006	199.032
461	1	2	20	19.999999999999996
461	2	2	19.744939271255067	95.29149797570845
461	3	2	20	169.99999999999991
461	4	2	94.93999999999997	20.035999999999998
461	5	2	96.45600000000002	95.79999999999994
461	6	2	96.364	169.86399999999992
461	7	2	170.07407407407405	19.72016460905349
461	8	2	169.99999999999994	94.99999999999997
461	9	2	170.12400000000002	170.0280000000002
461	10	1	22.433133732534944	132.92015968063876
461	11	1	51.78842315369265	89.68862275449105
461	12	1	156.93000000000004	124.9799999999999
461	13	1	130.68463073852297	128.99001996007974
461	14	1	106.14199999999995	156.98000000000005
461	15	1	99.74999999999993	68.27599999999994
461	16	1	145.05599999999995	53.16600000000005
461	17	1	161.2155688622755	70.41916167664677
461	18	1	87.7860000000001	79.35199999999998
461	19	1	35.616766467065915	87.1536926147704
461	20	1	78.25149700598797	97.40718562874255
461	21	1	29.02799999999999	151.7560000000001
461	22	1	134.90019960079837	151.12574850299387
461	23	1	44.32199999999996	131.736
461	24	1	22.731999999999985	113.89800000000001
461	25	1	111.95209580838319	140.7724550898204
461	26	1	153.4439999999999	30.280000000000015
461	27	1	63.14829659318641	108.68136272545092
461	28	1	162.9361277445108	49.3792415169661
461	29	1	98.14829659318632	198.9579158316632
462	1	2	20	19.999999999999996
462	2	2	19.744939271255067	95.29149797570845
462	3	2	20	169.99999999999991
462	4	2	94.93999999999997	20.035999999999998
462	5	2	96.45600000000002	95.79999999999994
462	6	2	96.364	169.86399999999992
462	7	2	170.07407407407405	19.72016460905349
462	8	2	169.99999999999994	94.99999999999997
462	9	2	170.12400000000002	170.0280000000002
462	10	1	22.461999999999996	132.92200000000014
462	11	1	51.72854291417163	89.74850299401207
462	12	1	156.87	124.974
462	13	1	130.778	128.978
462	14	1	106.22310756972107	156.9282868525897
462	15	1	99.71856287425148	68.18962075848312
462	16	1	145.14600000000004	53.16999999999999
462	17	1	161.26147704590815	70.43512974051899
462	18	1	87.83399999999999	79.36800000000008
462	19	1	35.56999999999999	87.18800000000002
462	20	1	78.344	97.37200000000009
462	21	1	29.03000000000001	151.78600000000003
462	22	1	135.0219999999999	151.192
462	23	1	44.38600000000002	131.74800000000005
462	24	1	22.63545816733067	113.9382470119523
462	25	1	111.86400000000003	140.77600000000007
462	26	1	153.43399999999994	30.31199999999997
462	27	1	63.27689243027885	108.66135458167325
462	28	1	163.01397205588842	49.43313373253494
462	29	1	98.1037924151696	198.95409181636725
463	1	2	20	19.999999999999996
463	2	2	19.744939271255067	95.29149797570845
463	3	2	20	169.99999999999991
463	4	2	94.93999999999997	20.035999999999998
463	5	2	96.45600000000002	95.79999999999994
463	6	2	96.364	169.86399999999992
463	7	2	170.07407407407405	19.72016460905349
463	8	2	169.99999999999994	94.99999999999997
463	9	2	170.12400000000002	170.0280000000002
463	10	1	22.799999999999983	132.898
463	11	1	51.59600000000001	89.80799999999999
463	12	1	156.9221556886228	124.89021956087832
463	13	1	130.83199999999977	129.06400000000008
463	14	1	106.13600000000004	156.89799999999985
463	15	1	99.58199999999997	68.16200000000008
463	16	1	145.196	53.019999999999996
463	17	1	161.3740000000002	70.46799999999999
463	18	1	87.77800000000005	79.43800000000006
463	19	1	35.56112224448898	87.22044088176358
463	20	1	78.26800000000001	97.25000000000003
463	21	1	29.001996007984026	151.81237524950103
463	22	1	135.12799999999996	151.24800000000002
463	23	1	44.62248995983934	131.6425702811244
463	24	1	22.626746506986052	113.86227544910174
463	25	1	111.79041916167667	140.83632734530926
463	26	1	153.3359999999999	30.288000000000007
463	27	1	63.532934131736546	108.64870259481033
463	28	1	162.96799999999988	49.528000000000034
463	29	1	98.11999999999992	199.02000000000012
464	1	2	20	19.999999999999996
464	2	2	19.744939271255067	95.29149797570845
464	3	2	20	169.99999999999991
464	4	2	94.93999999999997	20.035999999999998
464	5	2	96.45600000000002	95.79999999999994
464	6	2	96.364	169.86399999999992
464	7	2	170.07407407407405	19.72016460905349
464	8	2	169.99999999999994	94.99999999999997
464	9	2	170.12400000000002	170.0280000000002
464	10	1	22.84830339321358	132.8363273453092
464	11	1	51.62874251497004	89.87025948103798
464	12	1	156.91816367265477	124.86227544910176
464	13	1	130.86626746506985	129.09181636726547
464	14	1	106.12399999999994	156.8720000000003
464	15	1	99.65199999999997	68.27799999999996
464	16	1	145.26600000000008	52.99800000000004
464	17	1	161.45219123505964	70.52390438247005
464	18	1	87.69261477045904	79.4011976047905
464	19	1	35.531872509960095	87.29482071713146
464	20	1	78.27744510978029	97.19560878243512
464	21	1	28.966000000000005	151.7619999999999
464	22	1	135.19599999999986	151.2819999999999
464	23	1	44.74451097804391	131.51696606786425
464	24	1	22.520000000000017	113.88800000000008
464	25	1	111.74650698602791	140.8582834331337
464	26	1	153.03600000000012	30.410000000000007
464	27	1	63.59	108.666
464	28	1	163.10799999999995	49.63600000000002
464	29	1	98.02200000000005	198.90200000000013
465	1	2	20	19.999999999999996
465	2	2	19.744939271255067	95.29149797570845
465	3	2	20	169.99999999999991
465	4	2	94.93999999999997	20.035999999999998
465	5	2	96.45600000000002	95.79999999999994
465	6	2	96.364	169.86399999999992
465	7	2	170.07407407407405	19.72016460905349
465	8	2	169.99999999999994	94.99999999999997
465	9	2	170.12400000000002	170.0280000000002
465	10	1	23.077844311377227	132.7984031936129
465	11	1	51.659999999999954	89.94799999999998
465	12	1	156.97400000000016	124.85600000000002
465	13	1	130.98802395209592	129.10379241516964
465	14	1	106.15000000000003	156.87799999999993
465	15	1	99.57085828343307	68.2614770459082
465	16	1	145.31999999999996	52.877999999999965
465	17	1	161.50796812748993	70.59362549800801
465	18	1	87.642	79.41599999999995
465	19	1	35.49301397205586	87.41117764471058
465	20	1	78.35600000000002	97.11999999999998
465	21	1	28.90599999999999	151.89799999999997
465	22	1	135.31736526946094	151.32135728542906
465	23	1	44.833667334669315	131.4569138276553
465	24	1	22.363273453093807	113.92015968063872
465	25	1	111.7345309381237	140.88423153692605
465	26	1	152.99003984063737	30.452191235059747
465	27	1	63.58199999999997	108.63400000000004
465	28	1	163.2554890219563	49.816367265469104
465	29	1	98.00199600798406	198.96407185628752
466	1	2	20	19.999999999999996
466	2	2	19.744939271255067	95.29149797570845
466	3	2	20	169.99999999999991
466	4	2	94.93999999999997	20.035999999999998
466	5	2	96.45600000000002	95.79999999999994
466	6	2	96.364	169.86399999999992
466	7	2	170.07407407407405	19.72016460905349
466	8	2	169.99999999999994	94.99999999999997
466	9	2	170.12400000000002	170.0280000000002
466	10	1	23.187999999999988	132.76800000000003
466	11	1	51.63600000000002	89.99799999999995
466	12	1	157.02399999999997	124.91999999999997
466	13	1	131.08383233532942	129.15768463073843
466	14	1	106.07600000000002	156.88399999999996
466	15	1	99.43286573146294	68.14428857715437
466	16	1	145.41117764471062	52.68263473053897
466	17	1	161.48600000000013	70.71999999999996
466	18	1	87.60320641282551	79.43887775551097
466	19	1	35.473053892215546	87.4311377245509
466	20	1	78.3186372745491	97.06012024048091
466	21	1	28.96207584830341	151.86027944111768
466	22	1	135.29199999999997	151.41399999999996
466	23	1	44.905811623246485	131.29859719438875
466	24	1	22.257999999999985	113.88200000000003
466	25	1	111.54509018036076	140.90180360721442
466	26	1	153.0320000000001	30.491999999999994
466	27	1	63.640000000000015	108.64399999999995
466	28	1	163.3213572854291	50.09580838323352
466	29	1	97.86199999999998	198.85799999999992
467	1	2	20	19.999999999999996
467	2	2	19.744939271255067	95.29149797570845
467	3	2	20	169.99999999999991
467	4	2	94.93999999999997	20.035999999999998
467	5	2	96.45600000000002	95.79999999999994
467	6	2	96.364	169.86399999999992
467	7	2	170.07407407407405	19.72016460905349
467	8	2	169.99999999999994	94.99999999999997
467	9	2	170.12400000000002	170.0280000000002
467	10	1	23.22999999999998	132.7379999999998
467	11	1	51.47999999999997	90.13000000000002
467	12	1	156.99800000000008	124.87400000000005
467	13	1	131.26	129.16799999999995
467	14	1	106.09780439121757	156.9021956087825
467	15	1	99.43599999999999	68.17200000000005
467	16	1	145.46292585170323	52.565130260521066
467	17	1	161.55089820359285	70.79241516966061
467	18	1	87.50800000000001	79.41799999999998
467	19	1	35.353293413173695	87.45708582834331
467	20	1	78.27145708582842	96.96606786427145
467	21	1	28.966000000000022	151.8399999999998
467	22	1	135.51999999999998	151.49599999999978
467	23	1	44.85828343313374	131.1936127744512
467	24	1	22.272	113.90800000000006
467	25	1	111.59081836327344	141.03393213572846
467	26	1	153.09381237524934	30.53293413173651
467	27	1	63.90000000000005	108.66799999999999
467	28	1	163.35800000000003	50.24800000000002
467	29	1	97.92200000000003	198.93400000000003
468	1	2	20	19.999999999999996
468	2	2	19.744939271255067	95.29149797570845
468	3	2	20	169.99999999999991
468	4	2	94.93999999999997	20.035999999999998
468	5	2	96.45600000000002	95.79999999999994
468	6	2	96.364	169.86399999999992
468	7	2	170.07407407407405	19.72016460905349
468	8	2	169.99999999999994	94.99999999999997
468	9	2	170.12400000000002	170.0280000000002
468	10	1	23.311999999999987	132.67000000000002
468	11	1	51.46799999999993	90.28200000000005
468	12	1	157.03592814371274	124.86826347305386
468	13	1	131.40999999999994	129.17800000000008
468	14	1	106.05588822355284	156.88023952095796
468	15	1	99.25349301397203	68.11377245508986
468	16	1	145.60079840319352	52.57085828343316
468	17	1	161.61077844311382	70.92215568862288
468	18	1	87.55000000000004	79.48200000000001
468	19	1	35.36400000000004	87.372
468	20	1	78.21800000000009	96.93400000000008
468	21	1	29	151.81599999999992
468	22	1	135.59163346613556	151.60557768924318
468	23	1	44.89599999999995	131.16200000000003
468	24	1	22.2255489021956	113.82834331337337
468	25	1	111.48000000000006	141.07200000000017
468	26	1	152.9920159680638	30.560878243512978
468	27	1	63.96606786427145	108.70059880239512
468	28	1	163.5029940119761	50.43113772455093
468	29	1	97.89820359281435	198.99001996007982
469	1	2	20	19.999999999999996
469	2	2	19.744939271255067	95.29149797570845
469	3	2	20	169.99999999999991
469	4	2	94.93999999999997	20.035999999999998
469	5	2	96.45600000000002	95.79999999999994
469	6	2	96.364	169.86399999999992
469	7	2	170.07407407407405	19.72016460905349
469	8	2	169.99999999999994	94.99999999999997
469	9	2	170.12400000000002	170.0280000000002
469	10	1	23.429141716566853	132.72455089820357
469	11	1	51.39078156312626	90.38076152304609
469	12	1	156.96600000000007	124.87799999999997
469	13	1	131.51497005988023	129.14371257485024
469	14	1	106.03992015968068	156.89820359281435
469	15	1	98.96200000000002	67.85799999999999
469	16	1	145.69660678642714	52.52095808383233
469	17	1	161.60678642714572	71.03792415169652
469	18	1	87.56400000000014	79.50999999999992
469	19	1	35.263999999999996	87.43199999999992
469	20	1	78.22355289421158	96.92814371257481
469	21	1	28.851999999999972	151.8839999999999
469	22	1	135.68199999999993	151.60399999999976
469	23	1	44.97199999999998	131.17200000000003
469	24	1	22.140000000000015	113.88600000000005
469	25	1	111.48200000000001	141.106
469	26	1	152.9980039920162	30.588822355289402
469	27	1	63.93213572854296	108.69061876247495
469	28	1	163.62475049900192	50.47305389221555
469	29	1	97.93600000000004	199.18200000000004
470	1	2	20	19.999999999999996
470	2	2	19.744939271255067	95.29149797570845
470	3	2	20	169.99999999999991
470	4	2	94.93999999999997	20.035999999999998
470	5	2	96.45600000000002	95.79999999999994
470	6	2	96.364	169.86399999999992
470	7	2	170.07407407407405	19.72016460905349
470	8	2	169.99999999999994	94.99999999999997
470	9	2	170.12400000000002	170.0280000000002
470	10	1	23.54091816367266	132.68263473053887
470	11	1	51.308000000000014	90.52800000000002
470	12	1	156.88799999999983	124.95999999999998
470	13	1	131.57085828343313	129.08383233532925
470	14	1	105.86199999999998	156.91199999999995
470	15	1	98.76846307385239	67.81437125748506
470	16	1	145.74451097804385	52.45908183632734
470	17	1	161.6167664670659	71.0339321357286
470	18	1	87.49600000000014	79.55599999999994
470	19	1	35.21157684630742	87.36526946107782
470	20	1	78.32999999999994	97.02399999999999
470	21	1	28.85429141716565	151.8942115768462
470	22	1	135.68463073852303	151.76846307385216
470	23	1	44.98799999999998	130.9479999999999
470	24	1	22.063872255489013	113.91017964071862
470	25	1	111.65600000000006	141.15999999999988
470	26	1	152.84630738522955	30.600798403193618
470	27	1	63.94810379241517	108.66467065868262
470	28	1	163.7205588822355	50.47305389221557
470	29	1	97.89200000000004	199.26399999999995
471	1	2	20	19.999999999999996
471	2	2	19.744939271255067	95.29149797570845
471	3	2	20	169.99999999999991
471	4	2	94.93999999999997	20.035999999999998
471	5	2	96.45600000000002	95.79999999999994
471	6	2	96.364	169.86399999999992
471	7	2	170.07407407407405	19.72016460905349
471	8	2	169.99999999999994	94.99999999999997
471	9	2	170.12400000000002	170.0280000000002
471	10	1	23.66400000000001	132.68199999999987
471	11	1	51.257485029940135	90.5389221556888
471	12	1	156.75800000000004	124.95000000000002
471	13	1	131.65199999999987	129.044
471	14	1	105.78199999999995	156.9619999999999
471	15	1	98.654	67.75800000000001
471	16	1	145.88822355289417	52.467065868263475
471	17	1	161.70259481037934	71.11776447105795
471	18	1	87.4031936127745	79.58483033932131
471	19	1	35.15800000000001	87.42399999999992
471	20	1	78.44200000000004	97.11200000000005
471	21	1	28.78800000000001	151.84999999999985
471	22	1	135.7619999999999	151.77799999999996
471	23	1	45.078	130.918
471	24	1	21.89999999999999	114.02400000000002
471	25	1	111.63672654690619	141.23552894211588
471	26	1	152.82199999999995	30.614000000000015
471	27	1	63.82035928143713	108.55489021956093
471	28	1	163.87	50.575999999999965
471	29	1	97.80278884462146	199.3147410358567
472	1	2	20	19.999999999999996
472	2	2	19.744939271255067	95.29149797570845
472	3	2	20	169.99999999999991
472	4	2	94.93999999999997	20.035999999999998
472	5	2	96.45600000000002	95.79999999999994
472	6	2	96.364	169.86399999999992
472	7	2	170.07407407407405	19.72016460905349
472	8	2	169.99999999999994	94.99999999999997
472	9	2	170.12400000000002	170.0280000000002
472	10	1	23.65469061876246	132.684630738523
472	11	1	51.29200000000001	90.54199999999999
472	12	1	156.70941883767526	124.94589178356712
472	13	1	131.72055888223548	129.01397205588822
472	14	1	105.6932270916335	156.91235059760942
472	15	1	98.57799999999988	67.67399999999999
472	16	1	145.972	52.471999999999966
472	17	1	161.77045908183626	71.2095808383234
472	18	1	87.38323353293411	79.56686626746509
472	19	1	35.202000000000034	87.41799999999999
472	20	1	78.46506986027941	97.06387225548907
472	21	1	28.750000000000004	151.82600000000016
472	22	1	135.8665338645418	151.87649402390429
472	23	1	45.04590818363272	130.77445109780444
472	24	1	21.982035928143702	113.97205588822355
472	25	1	111.63399999999996	141.25199999999984
472	26	1	152.74650698602804	30.622754491017965
472	27	1	63.789999999999964	108.49399999999997
472	28	1	163.94610778443118	50.62674650698603
472	29	1	97.67	199.24400000000009
473	1	2	20	19.999999999999996
473	2	2	19.744939271255067	95.29149797570845
473	3	2	20	169.99999999999991
473	4	2	94.93999999999997	20.035999999999998
473	5	2	96.45600000000002	95.79999999999994
473	6	2	96.364	169.86399999999992
473	7	2	170.07407407407405	19.72016460905349
473	8	2	169.99999999999994	94.99999999999997
473	9	2	170.12400000000002	170.0280000000002
473	10	1	23.64071856287424	132.78443113772474
473	11	1	51.31936127744514	90.60878243512975
473	12	1	156.61277445109766	124.94411177644703
473	13	1	131.814	128.99
473	14	1	105.66199999999998	156.936
473	15	1	98.36327345309381	67.47704590818351
473	16	1	146.01996007984025	52.43912175648704
473	17	1	161.76800000000006	71.23199999999996
473	18	1	87.42914171656685	79.624750499002
473	19	1	35.14600000000001	87.45000000000003
473	20	1	78.46906187624751	97.01197604790424
473	21	1	28.748502994011968	151.70459081836333
473	22	1	135.8179999999999	151.8400000000002
473	23	1	45.056	130.678
473	24	1	21.997999999999987	113.94200000000004
473	25	1	111.52599999999998	141.258
473	26	1	152.72654690618737	30.63672654690619
473	27	1	63.820359281437156	108.5229540918163
473	28	1	163.98797595190368	50.69539078156316
473	29	1	97.60399999999997	199.30399999999995
474	1	2	20	19.999999999999996
474	2	2	19.744939271255067	95.29149797570845
474	3	2	20	169.99999999999991
474	4	2	94.93999999999997	20.035999999999998
474	5	2	96.45600000000002	95.79999999999994
474	6	2	96.364	169.86399999999992
474	7	2	170.07407407407405	19.72016460905349
474	8	2	169.99999999999994	94.99999999999997
474	9	2	170.12400000000002	170.0280000000002
474	10	1	23.628000000000014	132.80800000000016
474	11	1	51.33732534930143	90.76247504990019
474	12	1	156.62199999999999	124.98000000000003
474	13	1	131.88423153692617	128.96606786427145
474	14	1	105.49400000000013	156.8960000000001
474	15	1	98.26946107784427	67.38123752495002
474	16	1	146.05988023952088	52.49301397205588
474	17	1	161.86254980079696	71.30478087649412
474	18	1	87.41199999999998	79.64799999999994
474	19	1	35.167664670658695	87.48902195608781
474	20	1	78.53999999999999	97.08400000000002
474	21	1	28.530938123752467	151.6207584830341
474	22	1	135.93612774451097	151.92614770459085
474	23	1	45.035999999999994	130.66799999999984
474	24	1	21.988000000000007	114.01400000000007
474	25	1	111.59081836327339	141.32934131736533
474	26	1	152.6900000000001	30.666000000000004
474	27	1	63.7764471057884	108.54890219560879
474	28	1	163.9979999999999	50.72200000000003
474	29	1	97.56199999999998	199.30399999999986
475	1	2	20	19.999999999999996
475	2	2	19.744939271255067	95.29149797570845
475	3	2	20	169.99999999999991
475	4	2	94.93999999999997	20.035999999999998
475	5	2	96.45600000000002	95.79999999999994
475	6	2	96.364	169.86399999999992
475	7	2	170.07407407407405	19.72016460905349
475	8	2	169.99999999999994	94.99999999999997
475	9	2	170.12400000000002	170.0280000000002
475	10	1	23.724000000000007	132.67999999999986
475	11	1	51.29141716566866	90.9001996007984
475	12	1	156.54890219560872	125.02794411177648
475	13	1	131.92800000000017	128.9640000000001
475	14	1	105.32335329341316	156.92814371257495
475	15	1	98.1792828685258	67.32669322709158
475	16	1	146.0878243512973	52.540918163672664
475	17	1	161.91217564870274	71.4431137724551
475	18	1	87.23752495009984	79.67664670658681
475	19	1	35.08999999999999	87.57800000000006
475	20	1	78.59880239520956	97.11776447105792
475	21	1	28.490000000000016	151.54199999999997
475	22	1	135.9720558882236	152.0419161676646
475	23	1	45.003984063744994	130.5000000000001
475	24	1	21.838	113.94999999999993
475	25	1	111.57400000000004	141.40400000000017
475	26	1	152.85600000000014	30.707999999999977
475	27	1	63.87824351297403	108.62674650698602
475	28	1	164.04000000000005	50.84200000000004
475	29	1	97.50698602794412	199.40119760479053
476	1	2	20	19.999999999999996
476	2	2	19.744939271255067	95.29149797570845
476	3	2	20	169.99999999999991
476	4	2	94.93999999999997	20.035999999999998
476	5	2	96.45600000000002	95.79999999999994
476	6	2	96.364	169.86399999999992
476	7	2	170.07407407407405	19.72016460905349
476	8	2	169.99999999999994	94.99999999999997
476	9	2	170.12400000000002	170.0280000000002
476	10	1	23.81	132.676
476	11	1	51.262	90.90400000000005
476	12	1	156.63927855711412	125.02404809619247
476	13	1	132.08782435129743	128.9301397205589
476	14	1	105.112	156.86999999999992
476	15	1	98.10379241516968	67.30938123752496
476	16	1	146.09399999999994	52.50600000000002
476	17	1	161.90618762475046	71.53093812375248
476	18	1	87.11776447105784	79.7145708582834
476	19	1	35.01596806387225	87.7005988023952
476	20	1	78.64000000000007	97.16999999999997
476	21	1	28.52600000000001	151.56600000000003
476	22	1	136.05788423153697	151.99401197604786
476	23	1	45.005988023952156	130.48502994011992
476	24	1	21.815631262525034	113.91983967935879
476	25	1	111.53907815631266	141.49498997995977
476	26	1	152.884	30.716
476	27	1	63.814000000000014	108.60200000000009
476	28	1	164.10179640718545	51.00798403193616
476	29	1	97.45508982035925	199.46906187624748
477	1	2	20	19.999999999999996
477	2	2	19.744939271255067	95.29149797570845
477	3	2	20	169.99999999999991
477	4	2	94.93999999999997	20.035999999999998
477	5	2	96.45600000000002	95.79999999999994
477	6	2	96.364	169.86399999999992
477	7	2	170.07407407407405	19.72016460905349
477	8	2	169.99999999999994	94.99999999999997
477	9	2	170.12400000000002	170.0280000000002
477	10	1	23.964000000000006	132.62600000000015
477	11	1	51.30339321357285	90.94011976047904
477	12	1	156.67400000000004	125.06000000000012
477	13	1	132.22199999999984	128.88799999999975
477	14	1	105.18163672654696	156.8862275449102
477	15	1	97.95799999999997	67.10399999999996
477	16	1	146.18199999999996	52.533999999999985
477	17	1	161.95600000000005	71.61999999999998
477	18	1	87.1157684630738	79.66067864271456
477	19	1	34.98003992015971	87.69461077844309
477	20	1	78.64670658682641	97.02395209580843
477	21	1	28.404382470119526	151.61155378486055
477	22	1	136.16800000000015	151.97800000000018
477	23	1	45.062000000000005	130.41799999999984
477	24	1	21.873999999999977	113.85399999999997
477	25	1	111.53599999999994	141.57800000000015
477	26	1	152.78356713426854	30.71142284569137
477	27	1	63.79241516966069	108.59081836327347
477	28	1	164.14770459081856	51.05988023952094
477	29	1	97.33333333333337	199.40718562874252
478	1	2	20	19.999999999999996
478	2	2	19.744939271255067	95.29149797570845
478	3	2	20	169.99999999999991
478	4	2	94.93999999999997	20.035999999999998
478	5	2	96.45600000000002	95.79999999999994
478	6	2	96.364	169.86399999999992
478	7	2	170.07407407407405	19.72016460905349
478	8	2	169.99999999999994	94.99999999999997
478	9	2	170.12400000000002	170.0280000000002
478	10	1	24.009980039920187	132.58682634730525
478	11	1	51.18599999999999	90.93799999999999
478	12	1	156.74600000000004	125.08399999999995
478	13	1	132.40800000000007	128.8080000000001
478	14	1	105.25349301397212	156.8383233532935
478	15	1	97.87599999999995	67.08800000000001
478	16	1	146.25200000000004	52.521999999999984
478	17	1	161.9940119760479	71.65069860279442
478	18	1	86.99800399201601	79.61277445109778
478	19	1	34.92015968063873	87.6586826347304
478	20	1	78.68525896414349	97.0278884462151
478	21	1	28.389221556886206	151.69660678642717
478	22	1	136.22645290581156	152.15430861723445
478	23	1	45.03792415169663	130.4011976047903
478	24	1	21.89021956087822	113.81636726546905
478	25	1	111.62475049900209	141.58682634730536
478	26	1	152.800399201597	30.738522954091827
478	27	1	63.809999999999995	108.58600000000004
478	28	1	164.21600000000007	51.137999999999934
478	29	1	97.20199999999993	199.43
479	1	2	20	19.999999999999996
479	2	2	19.744939271255067	95.29149797570845
479	3	2	20	169.99999999999991
479	4	2	94.93999999999997	20.035999999999998
479	5	2	96.45600000000002	95.79999999999994
479	6	2	96.364	169.86399999999992
479	7	2	170.07407407407405	19.72016460905349
479	8	2	169.99999999999994	94.99999999999997
479	9	2	170.12400000000002	170.0280000000002
479	10	1	24.078	132.4900000000002
479	11	1	51.27200000000001	90.99600000000002
479	12	1	156.78600000000023	125.11599999999996
479	13	1	132.49	128.782
479	14	1	105.13199999999992	156.89200000000022
479	15	1	97.74451097804402	67.11776447105798
479	16	1	146.29399999999995	52.63000000000003
479	17	1	161.99600798403205	71.6666666666667
479	18	1	86.95799999999988	79.61400000000005
479	19	1	34.90219560878243	87.74850299401197
479	20	1	78.612	96.91800000000005
479	21	1	28.397205588822352	151.68263473053884
479	22	1	136.31137724550894	152.29740518962083
479	23	1	45.03400000000001	130.36199999999997
479	24	1	21.8446215139442	113.79282868525905
479	25	1	111.71600000000002	141.6880000000001
479	26	1	152.71057884231533	30.81636726546907
479	27	1	63.567999999999955	108.58200000000001
479	28	1	164.28942115768473	51.16766467065865
479	29	1	97.14570858283426	199.50698602794412
480	1	2	20	19.999999999999996
480	2	2	19.744939271255067	95.29149797570845
480	3	2	20	169.99999999999991
480	4	2	94.93999999999997	20.035999999999998
480	5	2	96.45600000000002	95.79999999999994
480	6	2	96.364	169.86399999999992
480	7	2	170.07407407407405	19.72016460905349
480	8	2	169.99999999999994	94.99999999999997
480	9	2	170.12400000000002	170.0280000000002
480	10	1	24.101796407185606	132.41117764471053
480	11	1	51.1783567134269	91.02404809619243
480	12	1	156.90799999999984	125.1200000000001
480	13	1	132.61599999999996	128.7520000000001
480	14	1	105.06586826347295	156.93612774451105
480	15	1	97.51497005988026	66.87425149700597
480	16	1	146.46799999999996	52.66199999999997
480	17	1	162.11155378486058	71.81673306772912
480	18	1	86.99200000000003	79.702
480	19	1	34.892215568862284	87.73053892215576
480	20	1	78.54091816367269	96.83632734530933
480	21	1	28.30538922155687	151.58682634730522
480	22	1	136.31536926147706	152.31536926147703
480	23	1	45.06200000000005	130.30600000000015
480	24	1	21.91799999999998	113.77799999999999
480	25	1	111.69600000000001	141.72999999999993
480	26	1	152.65800000000007	30.859999999999975
480	27	1	63.63799999999999	108.54799999999996
480	28	1	164.34530938123746	51.27345309381238
480	29	1	97.02794411177649	199.51097804391216
481	1	2	20	19.999999999999996
481	2	2	19.744939271255067	95.29149797570845
481	3	2	20	169.99999999999991
481	4	2	94.93999999999997	20.035999999999998
481	5	2	96.45600000000002	95.79999999999994
481	6	2	96.364	169.86399999999992
481	7	2	170.07407407407405	19.72016460905349
481	8	2	169.99999999999994	94.99999999999997
481	9	2	170.12400000000002	170.0280000000002
481	10	1	24.171999999999997	132.35199999999992
481	11	1	51.139720558882246	91.0858283433134
481	12	1	157.12375249501	125.18163672654696
481	13	1	132.82634730538913	128.6606786427145
481	14	1	105.01996007984036	156.97804391217576
481	15	1	97.43512974051899	66.79640718562871
481	16	1	146.56999999999988	52.748
481	17	1	162.17964071856275	71.97804391217569
481	18	1	87.01600000000003	79.68599999999998
481	19	1	34.882	87.74400000000003
481	20	1	78.41800000000005	96.66
481	21	1	28.28399999999999	151.62199999999993
481	22	1	136.27544910179643	152.35728542914168
481	23	1	44.968063872255485	130.2994011976047
481	24	1	21.814	113.80000000000015
481	25	1	111.51497005988014	141.7804391217568
481	26	1	152.756	30.963999999999977
481	27	1	63.728000000000016	108.56
481	28	1	164.32464929859708	51.42885771543083
481	29	1	96.92015968063869	199.5568862275449
482	1	2	20	19.999999999999996
482	2	2	19.744939271255067	95.29149797570845
482	3	2	20	169.99999999999991
482	4	2	94.93999999999997	20.035999999999998
482	5	2	96.45600000000002	95.79999999999994
482	6	2	96.364	169.86399999999992
482	7	2	170.07407407407405	19.72016460905349
482	8	2	169.99999999999994	94.99999999999997
482	9	2	170.12400000000002	170.0280000000002
482	10	1	24.314	132.32200000000006
482	11	1	51.068000000000005	91.0300000000001
482	12	1	157.2920000000001	125.27000000000004
482	13	1	132.97199999999998	128.6640000000002
482	14	1	105.02594810379252	157.01596806387244
482	15	1	97.36199999999995	66.63599999999998
482	16	1	146.5960000000001	52.66
482	17	1	162.13999999999996	72.09200000000004
482	18	1	86.88599999999994	79.63999999999997
482	19	1	34.84569138276553	87.8256513026052
482	20	1	78.472	96.73599999999992
482	21	1	28.327345309381222	151.63073852295406
482	22	1	136.3213572854292	152.41716566866293
482	23	1	44.976000000000006	130.06800000000018
482	24	1	21.862275449101816	113.73253493013972
482	25	1	111.52095808383237	141.86826347305382
482	26	1	152.9020000000001	31.023999999999997
482	27	1	63.79599999999998	108.548
482	28	1	164.42999999999986	51.56199999999998
482	29	1	96.86799999999997	199.566
483	1	2	20	19.999999999999996
483	2	2	19.744939271255067	95.29149797570845
483	3	2	20	169.99999999999991
483	4	2	94.93999999999997	20.035999999999998
483	5	2	96.45600000000002	95.79999999999994
483	6	2	96.364	169.86399999999992
483	7	2	170.07407407407405	19.72016460905349
483	8	2	169.99999999999994	94.99999999999997
483	9	2	170.12400000000002	170.0280000000002
483	10	1	24.360000000000007	132.20200000000003
483	11	1	51.08399999999998	90.988
483	12	1	157.35199999999998	125.27600000000002
483	13	1	133.1636726546908	128.56886227544896
483	14	1	105.106	157.02
483	15	1	97.26399999999995	66.43799999999999
483	16	1	146.65069860279445	52.80039920159679
483	17	1	162.2400000000001	72.21399999999994
483	18	1	86.88400000000001	79.56399999999994
483	19	1	34.835999999999956	87.80600000000007
483	20	1	78.46906187624742	96.67664670658684
483	21	1	28.35728542914172	151.53493013972047
483	22	1	136.41117764471068	152.4650698602793
483	23	1	44.95409181636724	129.91616766467072
483	24	1	21.945999999999998	113.71400000000003
483	25	1	111.42599999999992	141.89199999999997
483	26	1	152.91	31.031999999999996
483	27	1	63.787575150300576	108.51903807615233
483	28	1	164.46799999999985	51.58199999999998
483	29	1	96.83166332665324	199.58517034068137
484	1	2	20	19.999999999999996
484	2	2	19.744939271255067	95.29149797570845
484	3	2	20	169.99999999999991
484	4	2	94.93999999999997	20.035999999999998
484	5	2	96.45600000000002	95.79999999999994
484	6	2	96.364	169.86399999999992
484	7	2	170.07407407407405	19.72016460905349
484	8	2	169.99999999999994	94.99999999999997
484	9	2	170.12400000000002	170.0280000000002
484	10	1	24.305999999999994	132.21800000000002
484	11	1	51.17764471057883	90.96606786427147
484	12	1	157.38323353293427	125.43512974051897
484	13	1	133.24151696606796	128.5508982035927
484	14	1	105.14829659318637	157.04408817635263
484	15	1	97.20958083832336	66.3672654690619
484	16	1	146.70000000000005	52.878
484	17	1	162.26199999999997	72.33399999999997
484	18	1	86.7704590818363	79.58882235528945
484	19	1	34.835999999999956	87.80600000000007
484	20	1	78.49000000000002	96.76
484	21	1	28.400000000000013	151.51399999999998
484	22	1	136.42914171656685	152.5728542914171
484	23	1	44.89000000000003	129.7519999999999
484	24	1	21.968000000000004	113.71
484	25	1	111.37125748502989	141.96606786427162
484	26	1	153.01200000000014	31.07000000000002
484	27	1	63.55110220440879	108.53707414829654
484	28	1	164.4459999999999	51.64800000000004
484	29	1	96.73053892215562	199.65868263473052
485	1	2	20	19.999999999999996
485	2	2	19.744939271255067	95.29149797570845
485	3	2	20	169.99999999999991
485	4	2	94.93999999999997	20.035999999999998
485	5	2	96.45600000000002	95.79999999999994
485	6	2	96.364	169.86399999999992
485	7	2	170.07407407407405	19.72016460905349
485	8	2	169.99999999999994	94.99999999999997
485	9	2	170.12400000000002	170.0280000000002
485	10	1	24.349301397205593	132.1736526946107
485	11	1	51.13572854291416	90.96207584830337
485	12	1	157.4211576846307	125.48303393213575
485	13	1	133.21200000000007	128.602
485	14	1	105.08800000000008	157.05999999999992
485	15	1	97.07385229540925	66.12175648702589
485	16	1	146.80638722554906	52.70059880239525
485	17	1	162.28143712574857	72.51896207584834
485	18	1	86.72000000000006	79.54200000000004
485	19	1	34.87000000000002	87.87600000000002
485	20	1	78.48702594810389	96.67465069860289
485	21	1	28.419999999999995	151.46200000000007
485	22	1	136.51999999999998	152.63200000000006
485	23	1	44.9081836327345	129.6826347305389
485	24	1	21.866000000000014	113.74000000000004
485	25	1	111.37649402390436	142.1135458167329
485	26	1	153.14371257485027	31.081836327345307
485	27	1	63.568862275449135	108.54890219560872
485	28	1	164.60521042084153	51.79559118236475
485	29	1	96.62874251497014	199.68263473053892
486	1	2	20	19.999999999999996
486	2	2	19.744939271255067	95.29149797570845
486	3	2	20	169.99999999999991
486	4	2	94.93999999999997	20.035999999999998
486	5	2	96.45600000000002	95.79999999999994
486	6	2	96.364	169.86399999999992
486	7	2	170.07407407407405	19.72016460905349
486	8	2	169.99999999999994	94.99999999999997
486	9	2	170.12400000000002	170.0280000000002
486	10	1	24.328000000000007	132.17600000000004
486	11	1	51.097804391217565	90.87225548902195
486	12	1	157.40800000000013	125.50200000000004
486	13	1	133.3565737051792	128.56573705179272
486	14	1	105.04191616766478	157.0518962075848
486	15	1	96.95209580838325	66.00199600798398
486	16	1	146.8403193612775	52.836327345309435
486	17	1	162.35400000000007	72.63000000000001
486	18	1	86.64870259481043	79.49700598802401
486	19	1	34.885999999999996	87.79599999999996
486	20	1	78.398	96.55200000000002
486	21	1	28.411999999999978	151.53400000000005
486	22	1	136.6000000000001	152.6780000000002
486	23	1	44.80200000000002	129.7100000000001
486	24	1	21.904191616766465	113.67265469061884
486	25	1	111.25298804780876	142.1972111553784
486	26	1	153.25149700598794	31.15169660678642
486	27	1	63.52000000000002	108.45799999999991
486	28	1	164.72999999999996	51.91399999999998
486	29	1	96.52694610778445	199.64670658682635
487	1	2	20	19.999999999999996
487	2	2	19.744939271255067	95.29149797570845
487	3	2	20	169.99999999999991
487	4	2	94.93999999999997	20.035999999999998
487	5	2	96.45600000000002	95.79999999999994
487	6	2	96.364	169.86399999999992
487	7	2	170.07407407407405	19.72016460905349
487	8	2	169.99999999999994	94.99999999999997
487	9	2	170.12400000000002	170.0280000000002
487	10	1	24.37724550898203	132.08982035928133
487	11	1	51.189620758482995	90.93413173652695
487	12	1	157.46906187624734	125.48702594810386
487	13	1	133.49900199600796	128.52095808383243
487	14	1	105.17600000000006	157.10200000000003
487	15	1	96.82035928143715	65.87225548902192
487	16	1	146.84400000000005	52.88000000000004
487	17	1	162.32934131736522	72.6487025948104
487	18	1	86.65269461077855	79.53493013972053
487	19	1	34.89221556886228	87.83632734530944
487	20	1	78.41317365269468	96.52295409181644
487	21	1	28.222000000000016	151.5480000000002
487	22	1	136.66800000000006	152.66999999999976
487	23	1	44.83632734530943	129.71457085828348
487	24	1	22.004000000000005	113.66199999999999
487	25	1	111.30599999999998	142.272
487	26	1	153.30677290836655	31.19123505976096
487	27	1	63.45109780439127	108.43313373253504
487	28	1	164.8039999999999	52.009999999999984
487	29	1	96.46307385229545	199.69061876247505
488	1	2	20	19.999999999999996
488	2	2	19.744939271255067	95.29149797570845
488	3	2	20	169.99999999999991
488	4	2	94.93999999999997	20.035999999999998
488	5	2	96.45600000000002	95.79999999999994
488	6	2	96.364	169.86399999999992
488	7	2	170.07407407407405	19.72016460905349
488	8	2	169.99999999999994	94.99999999999997
488	9	2	170.12400000000002	170.0280000000002
488	10	1	24.45399999999998	131.98200000000017
488	11	1	51.163999999999994	90.91600000000001
488	12	1	157.54399999999998	125.43600000000002
488	13	1	133.71800000000002	128.43399999999994
488	14	1	105.23552894211575	157.0379241516966
488	15	1	96.7405189620759	65.76247504990019
488	16	1	146.9540000000002	53.00400000000002
488	17	1	162.25200000000004	72.73799999999999
488	18	1	86.66	79.53600000000003
488	19	1	34.89979959919835	87.7795591182365
488	20	1	78.36127744510976	96.47904191616772
488	21	1	28.19361277445109	151.54491017964077
488	22	1	136.82800000000006	152.69399999999993
488	23	1	44.86800000000002	129.77
488	24	1	22.08383233532934	113.63273453093811
488	25	1	111.25748502994013	142.33532934131753
488	26	1	153.3532934131737	31.26746506986026
488	27	1	63.30799999999998	108.32399999999998
488	28	1	164.98003992015975	52.11976047904194
488	29	1	96.35928143712573	199.7185628742515
489	1	2	20	19.999999999999996
489	2	2	19.744939271255067	95.29149797570845
489	3	2	20	169.99999999999991
489	4	2	94.93999999999997	20.035999999999998
489	5	2	96.45600000000002	95.79999999999994
489	6	2	96.364	169.86399999999992
489	7	2	170.07407407407405	19.72016460905349
489	8	2	169.99999999999994	94.99999999999997
489	9	2	170.12400000000002	170.0280000000002
489	10	1	24.437125748503014	131.97405189620767
489	11	1	51.261477045908194	90.93013972055897
489	12	1	157.59799999999998	125.43999999999993
489	13	1	133.77445109780442	128.44111776447124
489	14	1	105.2885771543086	157.0561122244489
489	15	1	96.60600000000002	65.61800000000002
489	16	1	147.0678642714571	52.884231536926166
489	17	1	162.241516966068	72.84231536926146
489	18	1	86.64200000000004	79.56400000000004
489	19	1	34.91017964071855	87.74251497005987
489	20	1	78.2315369261477	96.32934131736522
489	21	1	28.157999999999998	151.49400000000003
489	22	1	136.8680000000001	152.76200000000026
489	23	1	44.92000000000002	129.82000000000008
489	24	1	22.201596806387233	113.65269461077837
489	25	1	111.20958083832329	142.40119760479047
489	26	1	153.45799999999994	31.28600000000001
489	27	1	63.260956175298766	108.38645418326688
489	28	1	165.24200000000008	52.329999999999984
489	29	1	96.24800000000002	199.798
490	1	2	20	19.999999999999996
490	2	2	19.744939271255067	95.29149797570845
490	3	2	20	169.99999999999991
490	4	2	94.93999999999997	20.035999999999998
490	5	2	96.45600000000002	95.79999999999994
490	6	2	96.364	169.86399999999992
490	7	2	170.07407407407405	19.72016460905349
490	8	2	169.99999999999994	94.99999999999997
490	9	2	170.12400000000002	170.0280000000002
490	10	1	24.47	131.92399999999995
490	11	1	51.27000000000002	90.90800000000007
490	12	1	157.59800000000013	125.55600000000003
490	13	1	133.89000000000004	128.30799999999996
490	14	1	105.29400000000003	157.07400000000004
490	15	1	96.48804780876506	65.50996015936254
490	16	1	147.11976047904193	52.82634730538922
490	17	1	162.1360000000001	73.00800000000002
490	18	1	86.49999999999996	79.55600000000004
490	19	1	34.90818363273451	87.6467065868265
490	20	1	78.12199999999996	96.28999999999998
490	21	1	28.1137724550898	151.48902195608784
490	22	1	136.87025948103803	152.67265469061877
490	23	1	44.89400000000009	129.77799999999996
490	24	1	22.317365269461078	113.62475049900195
490	25	1	111.10978043912178	142.42315369261468
490	26	1	153.54690618762476	31.33333333333334
490	27	1	63.12974051896204	108.35129740518958
490	28	1	165.306	52.417999999999964
490	29	1	96.13799999999998	199.83
491	1	2	20	19.999999999999996
491	2	2	19.744939271255067	95.29149797570845
491	3	2	20	169.99999999999991
491	4	2	94.93999999999997	20.035999999999998
491	5	2	96.45600000000002	95.79999999999994
491	6	2	96.364	169.86399999999992
491	7	2	170.07407407407405	19.72016460905349
491	8	2	169.99999999999994	94.99999999999997
491	9	2	170.12400000000002	170.0280000000002
491	10	1	24.532934131736518	131.8702594810381
491	11	1	51.28999999999998	90.92599999999995
491	12	1	157.6800000000001	125.616
491	13	1	133.98003992015964	128.25748502994014
491	14	1	105.29659318637266	157.06212424849716
491	15	1	96.25149700598806	65.33133732534935
491	16	1	147.28600000000003	52.83199999999999
491	17	1	162.1280000000001	73.07399999999994
491	18	1	86.52400000000003	79.62199999999994
491	19	1	34.89820359281439	87.73453093812371
491	20	1	78.06786427145703	96.29141716566863
491	21	1	27.99800000000001	151.4919999999999
491	22	1	136.9760479041915	152.6666666666665
491	23	1	44.884231536926094	129.83632734530931
491	24	1	22.237524950099804	113.59481037924151
491	25	1	111.06199999999998	142.5179999999998
491	26	1	153.59318637274558	31.37274549098195
491	27	1	63.029999999999994	108.39400000000006
491	28	1	165.426	52.42799999999997
491	29	1	96.00000000000003	199.9
492	1	2	20	19.999999999999996
492	2	2	19.744939271255067	95.29149797570845
492	3	2	20	169.99999999999991
492	4	2	94.93999999999997	20.035999999999998
492	5	2	96.45600000000002	95.79999999999994
492	6	2	96.364	169.86399999999992
492	7	2	170.07407407407405	19.72016460905349
492	8	2	169.99999999999994	94.99999999999997
492	9	2	170.12400000000002	170.0280000000002
492	10	1	24.59199999999999	131.75799999999998
492	11	1	51.32799999999999	90.87399999999998
492	12	1	157.5210420841683	125.57114228456919
492	13	1	134.02399999999994	128.18600000000006
492	14	1	105.21357285429143	157.06187624750507
492	15	1	96.16400000000007	65.20399999999998
492	16	1	147.32599999999994	52.92999999999999
492	17	1	162.09199999999998	73.004
492	18	1	86.52800000000003	79.54199999999993
492	19	1	34.91200000000003	87.73200000000004
492	20	1	77.9282868525896	96.15139442231072
492	21	1	27.89600000000001	151.48000000000002
492	22	1	137.05199999999996	152.57599999999994
492	23	1	44.816367265469026	129.7744510978042
492	24	1	22.218000000000007	113.59399999999985
492	25	1	111.05199999999996	142.61800000000005
492	26	1	153.6	31.346000000000007
492	27	1	62.92614770459077	108.33932135728546
492	28	1	165.48799999999997	52.379999999999995
492	29	1	95.97405189620753	199.98403193612774
493	1	2	20	19.999999999999996
493	2	2	19.744939271255067	95.29149797570845
493	3	2	20	169.99999999999991
493	4	2	94.93999999999997	20.035999999999998
493	5	2	96.45600000000002	95.79999999999994
493	6	2	96.364	169.86399999999992
493	7	2	170.07407407407405	19.72016460905349
493	8	2	169.99999999999994	94.99999999999997
493	9	2	170.12400000000002	170.0280000000002
493	10	1	24.628742514970046	131.71257485029943
493	11	1	51.33200000000001	90.83799999999995
493	12	1	157.53493013972056	125.54291417165665
493	13	1	134.1776447105789	128.04990019960078
493	14	1	105.33600000000001	157.08400000000012
493	15	1	96.15799999999993	65.15200000000009
493	16	1	147.42514970059878	52.89021956087824
493	17	1	162.10159362549808	73.12350597609567
493	18	1	86.44311377245508	79.49101796407182
493	19	1	34.91200000000003	87.73200000000004
493	20	1	77.78399999999992	96.02599999999994
493	21	1	27.809999999999995	151.51200000000009
493	22	1	137.1377245508982	152.63073852295418
493	23	1	44.85399999999997	129.734
493	24	1	22.27544910179641	113.61477045908173
493	25	1	111.11400000000005	142.68599999999986
493	26	1	153.57684630738524	31.357285429141704
493	27	1	62.808383233532965	108.30139720558883
493	28	1	165.61077844311365	52.48303393213573
493	29	1	95.8702594810379	199.89421157684632
494	1	2	20	19.999999999999996
494	2	2	19.744939271255067	95.29149797570845
494	3	2	20	169.99999999999991
494	4	2	94.93999999999997	20.035999999999998
494	5	2	96.45600000000002	95.79999999999994
494	6	2	96.364	169.86399999999992
494	7	2	170.07407407407405	19.72016460905349
494	8	2	169.99999999999994	94.99999999999997
494	9	2	170.12400000000002	170.0280000000002
494	10	1	24.65469061876245	131.68063872255502
494	11	1	51.36600000000002	90.83599999999998
494	12	1	157.58882235528932	125.44510978043905
494	13	1	134.23999999999998	128.04799999999994
494	14	1	105.26546906187632	157.02994011976045
494	15	1	96.10599999999998	65.11000000000004
494	16	1	147.57285429141734	53.01197604790416
494	17	1	162.17234468937863	73.06212424849694
494	18	1	86.35329341317363	79.44510978043908
494	19	1	35.00199203187252	87.68326693227085
494	20	1	77.81437125748504	96.02594810379246
494	21	1	27.71656686626747	151.5429141716568
494	22	1	137.2439999999999	152.70200000000003
494	23	1	44.90219560878245	129.76646706586828
494	24	1	22.355289421157693	113.59880239520955
494	25	1	111.15199999999997	142.81399999999988
494	26	1	153.48399999999998	31.451999999999998
494	27	1	62.690618762475026	108.27544910179638
494	28	1	165.78000000000006	52.58200000000002
494	29	1	95.86427145708593	0.013972055888225261
495	1	2	20	19.999999999999996
495	2	2	19.744939271255067	95.29149797570845
495	3	2	20	169.99999999999991
495	4	2	94.93999999999997	20.035999999999998
495	5	2	96.45600000000002	95.79999999999994
495	6	2	96.364	169.86399999999992
495	7	2	170.07407407407405	19.72016460905349
495	8	2	169.99999999999994	94.99999999999997
495	9	2	170.12400000000002	170.0280000000002
495	10	1	24.70658682634728	131.6087824351296
495	11	1	51.413173652694624	90.85229540918158
495	12	1	157.686626746507	125.38522954091817
495	13	1	134.3379999999999	128.00199999999992
495	14	1	105.48303393213578	157.05389221556877
495	15	1	96.09780439121752	64.91217564870263
495	16	1	147.67199999999997	53.086000000000006
495	17	1	162.19399999999996	73.21600000000001
495	18	1	86.29800000000002	79.424
495	19	1	35.02799999999999	87.80199999999998
495	20	1	77.84231536926148	96.05389221556894
495	21	1	27.73453093812377	151.51497005988014
495	22	1	137.24351297405204	152.68662674650713
495	23	1	44.94011976047904	129.80838323353288
495	24	1	22.37924151696606	113.55489021956083
495	25	1	111.04790419161677	142.85828343313372
495	26	1	153.5680000000001	31.506000000000043
495	27	1	62.598	108.27000000000005
495	28	1	165.86000000000004	52.636
495	29	1	95.75800000000007	0.06200000000000107
496	1	2	20	19.999999999999996
496	2	2	19.744939271255067	95.29149797570845
496	3	2	20	169.99999999999991
496	4	2	94.93999999999997	20.035999999999998
496	5	2	96.45600000000002	95.79999999999994
496	6	2	96.364	169.86399999999992
496	7	2	170.07407407407405	19.72016460905349
496	8	2	169.99999999999994	94.99999999999997
496	9	2	170.12400000000002	170.0280000000002
496	10	1	24.847999999999974	131.5620000000001
496	11	1	51.47808764940239	90.82868525896413
496	12	1	157.76047904191623	125.42714570858281
496	13	1	134.48999999999998	127.96199999999992
496	14	1	105.4870259481037	157.09181636726558
496	15	1	96.04590818363268	64.79241516966076
496	16	1	147.7305389221559	53.10978043912171
496	17	1	162.24400000000006	73.3879999999999
496	18	1	86.164	79.41599999999995
496	19	1	34.99600000000002	87.79400000000005
496	20	1	77.76447105788421	96.059880239521
496	21	1	27.658682634730546	151.46107784431143
496	22	1	137.08599999999979	152.69800000000012
496	23	1	45.004008016032046	129.7875751503006
496	24	1	22.473053892215564	113.5469061876248
496	25	1	111.02600000000007	142.916
496	26	1	153.61399999999986	31.502000000000002
496	27	1	62.492000000000004	108.21800000000002
496	28	1	165.86027944111774	52.65668662674653
496	29	1	95.75600000000001	0.08400000000000163
497	1	2	20	19.999999999999996
497	2	2	19.744939271255067	95.29149797570845
497	3	2	20	169.99999999999991
497	4	2	94.93999999999997	20.035999999999998
497	5	2	96.45600000000002	95.79999999999994
497	6	2	96.364	169.86399999999992
497	7	2	170.07407407407405	19.72016460905349
497	8	2	169.99999999999994	94.99999999999997
497	9	2	170.12400000000002	170.0280000000002
497	10	1	25.023952095808394	131.5009980039921
497	11	1	51.46799999999997	90.844
497	12	1	157.83832335329336	125.40718562874243
497	13	1	134.66132264529045	127.77755511022058
497	14	1	105.54800000000004	157.13199999999995
497	15	1	96.0159680638722	64.62874251496997
497	16	1	147.84231536926146	53.1696606786427
497	17	1	162.1736526946108	73.35528942115769
497	18	1	86.26653306613227	79.44088176352712
497	19	1	35.06999999999998	87.76400000000002
497	20	1	77.77399999999999	96.05199999999996
497	21	1	27.557999999999993	151.46999999999994
497	22	1	137.07185628742522	152.63473053892238
497	23	1	45.02200000000002	129.82400000000004
497	24	1	22.378000000000007	113.45999999999988
497	25	1	111.16800000000006	143.00199999999995
497	26	1	153.6287425149699	31.522954091816363
497	27	1	62.3213572854292	108.13572854291421
497	28	1	166.00599999999997	52.674000000000014
497	29	1	95.67928286852583	0.16135458167330807
498	1	2	20	19.999999999999996
498	2	2	19.744939271255067	95.29149797570845
498	3	2	20	169.99999999999991
498	4	2	94.93999999999997	20.035999999999998
498	5	2	96.45600000000002	95.79999999999994
498	6	2	96.364	169.86399999999992
498	7	2	170.07407407407405	19.72016460905349
498	8	2	169.99999999999994	94.99999999999997
498	9	2	170.12400000000002	170.0280000000002
498	10	1	25.16367265469063	131.3672654690618
498	11	1	51.53600000000001	90.81800000000003
498	12	1	157.8959999999999	125.40800000000002
498	13	1	134.748	127.74200000000009
498	14	1	105.60200000000002	157.126
498	15	1	95.96192384769543	64.56713426853702
498	16	1	147.98602794411173	53.311377245508965
498	17	1	162.26147704590815	73.43712574850298
498	18	1	86.26052104208402	79.47294589178355
498	19	1	35.120000000000005	87.76200000000001
498	20	1	77.69599999999998	96.02400000000009
498	21	1	27.521999999999995	151.4580000000001
498	22	1	137.148	152.474
498	23	1	45.13600000000002	129.70000000000007
498	24	1	22.42115768463072	113.48103792415172
498	25	1	111.09800000000003	143.05800000000008
498	26	1	153.62400000000005	31.572000000000024
498	27	1	62.17600000000004	108.07599999999996
498	28	1	166.07784431137713	52.782435129740506
498	29	1	95.5548902195608	0.18562874251496772
499	1	2	20	19.999999999999996
499	2	2	19.744939271255067	95.29149797570845
499	3	2	20	169.99999999999991
499	4	2	94.93999999999997	20.035999999999998
499	5	2	96.45600000000002	95.79999999999994
499	6	2	96.364	169.86399999999992
499	7	2	170.07407407407405	19.72016460905349
499	8	2	169.99999999999994	94.99999999999997
499	9	2	170.12400000000002	170.0280000000002
499	10	1	25.316000000000006	131.33000000000004
499	11	1	51.644710578842314	90.7225548902195
499	12	1	157.9481037924151	125.45908183632743
499	13	1	134.83033932135737	127.65868263473065
499	14	1	105.75199999999998	157.15800000000004
499	15	1	95.93400000000005	64.39800000000007
499	16	1	148.142	53.478000000000016
499	17	1	162.34930139720538	73.51896207584835
499	18	1	86.26347305389223	79.4670658682635
499	19	1	35.12800000000002	87.74599999999997
499	20	1	77.61676646706583	96.03393213572858
499	21	1	27.38400000000001	151.42
499	22	1	137.28742514970057	152.5329341317365
499	23	1	45.161676646706596	129.67265469061883
499	24	1	22.48103792415172	113.45708582834321
499	25	1	111.16566866267468	143.09181636726558
499	26	1	153.58800000000005	31.59399999999999
499	27	1	61.95399999999998	108.06600000000007
499	28	1	166.106	52.759999999999984
499	29	1	95.56686626746499	0.23752495009980112
