0	1	2	4.9119999999999955	4.9719999999999995
0	2	2	4.979919678714859	45.032128514056225
0	3	2	5.068000000000002	85.05200000000008
0	4	2	4.984063745019918	124.95219123505977
0	5	2	4.9317269076305195	165.0160642570282
0	6	2	45.00401606425706	4.987951807228918
0	7	2	44.916000000000004	45.04799999999998
0	8	2	44.93975903614458	85.03614457831326
0	9	2	44.94820717131474	125.03187250996018
0	10	2	44.98799999999998	164.90400000000014
0	11	2	85.012	5.048000000000004
0	12	2	85.03199999999995	45.01600000000001
0	13	2	85.00000000000003	84.964
0	14	2	85.03199999999995	124.96400000000003
0	15	2	85.04799999999999	165.05200000000005
0	16	2	124.99999999999997	5.000000000000002
0	17	2	125	44.964000000000006
0	18	2	125.00399999999999	85.00400000000003
0	19	2	124.89959839357431	125.0361445783132
0	20	2	125.08399999999996	165.04799999999994
0	21	2	165.08835341365463	4.987951807228914
0	22	2	165.05220883534145	45.03212851405623
0	23	2	164.99999999999997	84.964
0	24	2	165.04799999999997	124.98800000000001
0	25	2	164.86800000000002	164.948
0	26	1	44.25	30.5
0	27	1	85	110
0	28	1	81.66666666666667	72.66666666666667
0	29	1	96.5	63.5
0	30	1	177.5	138.5
0	31	1	145	147.25000000000003
0	32	1	16	103
0	33	1	112	173.5
0	34	1	194	153.5
0	35	1	143.5	173
0	36	1	147.5	189
0	37	1	123	194
0	38	1	57.5	190
0	39	1	174	179
0	40	1	9.142857142857142	14.571428571428571
0	41	1	117	149.5
0	42	1	44	187
0	43	1	35	82
0	44	1	65	169
0	45	1	32	111
1	1	2	4.891129032258065	4.911290322580644
1	2	2	4.979919678714859	45.032128514056225
1	3	2	5.068000000000002	85.05200000000008
1	4	2	4.9999999999999964	125.00000000000003
1	5	2	4.9999999999999964	165.00000000000009
1	6	2	44.96747967479675	4.987804878048783
1	7	2	44.932	44.980000000000004
1	8	2	44.86746987951809	85.04016064257029
1	9	2	45.00000000000003	124.99999999999997
1	10	2	44.98800000000003	164.9119999999999
1	11	2	84.97599999999998	5.016000000000002
1	12	2	84.99999999999997	45.00000000000002
1	13	2	85.00000000000003	84.964
1	14	2	85.10441767068274	125.00401606425702
1	15	2	85.08399999999992	165.02000000000004
1	16	2	124.99999999999997	5.000000000000002
1	17	2	125	44.964000000000006
1	18	2	125.00399999999999	85.00400000000003
1	19	2	124.96400000000006	125.08800000000001
1	20	2	125.08399999999996	165.04799999999994
1	21	2	165.12400000000002	4.983999999999998
1	22	2	165.01612903225814	45.032258064516135
1	23	2	164.99999999999994	84.99999999999997
1	24	2	165.04799999999997	124.98800000000001
1	25	2	164.86800000000002	164.948
1	26	1	44	31.11111111111111
1	27	1	85	110
1	28	1	81.2	71.8
1	29	1	96.28571428571429	63.714285714285715
1	30	1	178	138.66666666666666
1	31	1	145.0909090909091	147.45454545454547
1	32	1	16	103
1	33	1	112	173.25
1	34	1	193.83333333333331	155
1	35	1	144	172.25
1	36	1	147.5	189
1	37	1	123	194.4
1	38	1	57.25	190
1	39	1	174	179
1	40	1	8.785714285714285	14.499999999999998
1	41	1	117.2	149
1	42	1	44	187
1	43	1	34.75	81.75
1	44	1	65	169
1	45	1	32	111
2	1	2	4.878542510121456	4.878542510121457
2	2	2	5.016129032258065	45.032258064516164
2	3	2	5.103999999999996	85.01200000000003
2	4	2	4.9999999999999964	125.00000000000003
2	5	2	4.9999999999999964	165.00000000000009
2	6	2	45.03225806451613	5.016129032258067
2	7	2	45.00000000000004	44.964
2	8	2	44.89600000000001	85.01999999999998
2	9	2	45.00000000000003	124.99999999999997
2	10	2	44.98800000000003	164.9119999999999
2	11	2	84.944	5.036000000000003
2	12	2	84.99999999999997	45.00000000000002
2	13	2	85.07200000000002	84.96799999999998
2	14	2	85.088	124.97199999999998
2	15	2	85.1204819277109	165.0200803212852
2	16	2	125.00806451612904	5.0322580645161255
2	17	2	124.96399999999997	45.004000000000005
2	18	2	125.00399999999999	85.00400000000003
2	19	2	124.96400000000006	125.08800000000001
2	20	2	125.0843373493976	165.01204819277098
2	21	2	165.12400000000002	4.983999999999998
2	22	2	165.01612903225814	45.032258064516135
2	23	2	164.99999999999994	84.99999999999997
2	24	2	165.01199999999997	125.03999999999999
2	25	2	164.83199999999994	164.9759999999999
2	26	1	44.2	30.8
2	27	1	84	110.33333333333333
2	28	1	80.5	71.6
2	29	1	96.21428571428571	63.71428571428573
2	30	1	178.25	138.5
2	31	1	144.8	147.53333333333336
2	32	1	16	103
2	33	1	112.1	172.8
2	34	1	193.66666666666666	154.44444444444446
2	35	1	143.375	172.625
2	36	1	147.14285714285714	189.28571428571428
2	37	1	123.12499999999999	195.125
2	38	1	57	190
2	39	1	174	179
2	40	1	8.68421052631579	14.73684210526316
2	41	1	117.1111111111111	149.11111111111114
2	42	1	43.5	187.5
2	43	1	34.5	82
2	44	1	65	169
2	45	1	32.5	111
3	1	2	4.817073170731709	4.829268292682927
3	2	2	4.9999999999999964	45
3	3	2	5.103999999999996	85.01200000000003
3	4	2	4.9999999999999964	125.00000000000003
3	5	2	4.9999999999999964	165.00000000000009
3	6	2	45.03225806451613	5.016129032258067
3	7	2	45.00000000000003	45.00000000000002
3	8	2	44.89600000000001	85.01999999999998
3	9	2	45.00000000000003	124.99999999999997
3	10	2	44.98800000000003	164.9119999999999
3	11	2	84.944	5.036000000000003
3	12	2	84.99999999999997	45.00000000000002
3	13	2	85.07228915662644	85.004016064257
3	14	2	85.088	124.97199999999998
3	15	2	85.10400000000003	164.9880000000002
3	16	2	125.05306122448978	5.122448979591838
3	17	2	124.96399999999997	45.004000000000005
3	18	2	125.03599999999996	85.02799999999999
3	19	2	124.96400000000006	125.08800000000001
3	20	2	125.12	165.0159999999999
3	21	2	165.12400000000002	4.983999999999998
3	22	2	164.99999999999994	45.00000000000002
3	23	2	164.99999999999994	84.99999999999997
3	24	2	165.01199999999997	125.03999999999999
3	25	2	164.83199999999994	164.9759999999999
3	26	1	44.31578947368421	30.526315789473685
3	27	1	84.4	110.4
3	28	1	80.06666666666665	71.8
3	29	1	96.27777777777779	63.66666666666666
3	30	1	178.16666666666666	138.16666666666666
3	31	1	145.1428571428572	147.8095238095238
3	32	1	16	103
3	33	1	112.26666666666667	172.26666666666668
3	34	1	193.1333333333333	154.33333333333331
3	35	1	143.52380952380952	171.85714285714286
3	36	1	147.53333333333333	188.93333333333334
3	37	1	122.40000000000002	195.46666666666667
3	38	1	56.44444444444444	189.77777777777777
3	39	1	174	179
3	40	1	8.966666666666669	15
3	41	1	116.83333333333334	149.08333333333334
3	42	1	42.6	187
3	43	1	34.285714285714285	81.71428571428571
3	44	1	65	169
3	45	1	32.25	111
4	1	2	4.654320987654318	4.699588477366255
4	2	2	4.9999999999999964	45
4	3	2	5.103999999999996	85.01200000000003
4	4	2	4.9999999999999964	125.00000000000003
4	5	2	4.9999999999999964	165.00000000000009
4	6	2	45.03225806451613	5.016129032258067
4	7	2	45.00000000000003	45.00000000000002
4	8	2	44.89600000000001	85.01999999999998
4	9	2	45.00000000000003	124.99999999999997
4	10	2	44.98800000000003	164.9119999999999
4	11	2	84.944	5.036000000000003
4	12	2	84.99999999999997	45.00000000000002
4	13	2	85.088	85.03599999999997
4	14	2	85.088	124.97199999999998
4	15	2	85.10400000000003	164.9880000000002
4	16	2	125.09504132231407	5.210743801652895
4	17	2	124.96399999999997	45.004000000000005
4	18	2	125.07228915662652	85.02811244979917
4	19	2	124.96400000000006	125.08800000000001
4	20	2	125.10400000000003	165.02000000000004
4	21	2	165.12400000000002	4.983999999999998
4	22	2	164.99999999999994	45.00000000000002
4	23	2	164.99999999999994	84.99999999999997
4	24	2	165.01199999999997	125.03999999999999
4	25	2	164.79599999999996	164.9280000000001
4	26	1	44.25925925925927	30.259259259259263
4	27	1	84.91666666666669	110
4	28	1	80.14285714285715	72.25
4	29	1	96.31818181818181	63.68181818181817
4	30	1	178.14285714285714	138.28571428571428
4	31	1	144.70967741935482	147.96774193548384
4	32	1	16	103
4	33	1	112.28571428571429	171.8095238095238
4	34	1	192.96153846153845	153.61538461538464
4	35	1	143.67857142857142	172.07142857142856
4	36	1	147.88461538461536	188.96153846153848
4	37	1	122.36	195.28
4	38	1	56.769230769230774	190.38461538461542
4	39	1	174	179
4	40	1	8.857142857142856	15.19047619047619
4	41	1	117.15789473684211	148.57894736842107
4	42	1	42.625	187.125
4	43	1	34.230769230769226	80.99999999999999
4	44	1	65.5	168.5
4	45	1	32.111111111111114	110.44444444444444
5	1	2	4.596638655462183	4.508403361344539
5	2	2	4.9999999999999964	45
5	3	2	5.103999999999996	85.01200000000003
5	4	2	4.9999999999999964	125.00000000000003
5	5	2	4.9999999999999964	165.00000000000009
5	6	2	45.00000000000003	5.000000000000002
5	7	2	45.00000000000003	45.00000000000002
5	8	2	45.020325203252035	85.0813008130082
5	9	2	45.00000000000003	124.99999999999997
5	10	2	44.98800000000003	164.9119999999999
5	11	2	84.944	5.036000000000003
5	12	2	84.99999999999997	45.00000000000002
5	13	2	85.088	85.03599999999997
5	14	2	85.088	124.97199999999998
5	15	2	85.10400000000003	164.9880000000002
5	16	2	125.19230769230772	5.452991452991451
5	17	2	124.89200000000001	45.011999999999986
5	18	2	125.10800000000002	85.01999999999997
5	19	2	124.96400000000006	125.08800000000001
5	20	2	125.10400000000003	165.02000000000004
5	21	2	165.12400000000002	4.983999999999998
5	22	2	164.99999999999994	45.00000000000002
5	23	2	164.99999999999994	84.99999999999997
5	24	2	165.01199999999997	125.03999999999999
5	25	2	164.79599999999996	164.9280000000001
5	26	1	44.25641025641025	30.487179487179482
5	27	1	84.85714285714286	109.78571428571428
5	28	1	79.82608695652175	72.21739130434783
5	29	1	95.83870967741936	63.70967741935484
5	30	1	178.2	138.3
5	31	1	144.51219512195115	148.14634146341467
5	32	1	16	103
5	33	1	112.24324324324326	171.94594594594597
5	34	1	192.67499999999998	153.14999999999995
5	35	1	143.41463414634146	171.48780487804873
5	36	1	148.0285714285714	188.97142857142853
5	37	1	122.18181818181819	195.4545454545455
5	38	1	56.5	190.5
5	39	1	173.5	179
5	40	1	8.339285714285714	15.05357142857143
5	41	1	117.93333333333331	148.63333333333333
5	42	1	42.23076923076923	187.23076923076923
5	43	1	34.89655172413792	81.3793103448276
5	44	1	65.5	168.5
5	45	1	32.111111111111114	111.44444444444447
6	1	2	4.544303797468354	4.443037974683542
6	2	2	4.9999999999999964	45
6	3	2	5.103999999999996	85.01200000000003
6	4	2	4.9999999999999964	125.00000000000003
6	5	2	4.9999999999999964	165.00000000000009
6	6	2	45.00000000000003	5.000000000000002
6	7	2	45.00000000000003	45.00000000000002
6	8	2	45.07786885245904	85.10245901639344
6	9	2	45.00000000000003	124.99999999999997
6	10	2	44.98800000000003	164.9119999999999
6	11	2	84.944	5.036000000000003
6	12	2	84.99999999999997	45.00000000000002
6	13	2	85.09236947791166	85.06827309236951
6	14	2	85.088	124.97199999999998
6	15	2	85.10400000000003	164.9880000000002
6	16	2	125.21459227467813	5.476394849785407
6	17	2	124.89200000000001	45.011999999999986
6	18	2	125.10800000000002	85.01999999999997
6	19	2	124.96400000000006	125.08800000000001
6	20	2	125.10400000000003	165.02000000000004
6	21	2	165.12400000000002	4.983999999999998
6	22	2	164.99999999999994	45.00000000000002
6	23	2	164.99999999999994	84.99999999999997
6	24	2	165.01199999999997	125.03999999999999
6	25	2	164.79599999999996	164.9280000000001
6	26	1	44.37037037037038	30.537037037037035
6	27	1	85.09090909090908	109.49999999999999
6	28	1	79.2295081967213	72.4098360655738
6	29	1	96.00000000000003	63.475000000000016
6	30	1	177.53333333333333	138.66666666666666
6	31	1	144.19607843137254	148.4509803921569
6	32	1	16	103
6	33	1	112.50000000000001	171.72222222222226
6	34	1	192.62264150943398	153.07547169811318
6	35	1	143.38461538461533	171.42307692307696
6	36	1	148.11111111111111	189.13333333333333
6	37	1	121.82758620689653	194.96551724137925
6	38	1	56.26666666666667	190.43333333333334
6	39	1	173.75	178.5
6	40	1	8.191780821917808	15.136986301369863
6	41	1	117.86111111111111	148.77777777777774
6	42	1	42.1875	187.625
6	43	1	34.67500000000001	81.425
6	44	1	65.75	168
6	45	1	32.29166666666667	111.79166666666667
7	1	2	4.525423728813561	4.419491525423726
7	2	2	4.9999999999999964	45
7	3	2	5.103999999999996	85.01200000000003
7	4	2	4.9999999999999964	125.00000000000003
7	5	2	4.9999999999999964	165.00000000000009
7	6	2	45.00000000000003	5.000000000000002
7	7	2	45.00806451612903	45.032258064516135
7	8	2	45.13524590163936	85.0983606557376
7	9	2	45.00000000000003	124.99999999999997
7	10	2	44.98800000000003	164.9119999999999
7	11	2	84.944	5.036000000000003
7	12	2	84.99999999999997	45.00000000000002
7	13	2	85.1012145748988	85.13360323886644
7	14	2	85.088	124.97199999999998
7	15	2	85.10400000000003	164.9880000000002
7	16	2	125.2695652173913	5.547826086956522
7	17	2	124.89200000000001	45.011999999999986
7	18	2	125.10800000000002	85.01999999999997
7	19	2	124.96400000000006	125.08800000000001
7	20	2	125.10400000000003	165.02000000000004
7	21	2	165.12400000000002	4.983999999999998
7	22	2	164.99999999999994	45.00000000000002
7	23	2	164.99999999999994	84.99999999999997
7	24	2	165.01199999999997	125.03999999999999
7	25	2	164.79599999999996	164.9280000000001
7	26	1	44.83116883116883	30.532467532467532
7	27	1	84.6875	109.625
7	28	1	79.0126582278481	72.34177215189872
7	29	1	96.36734693877553	63.53061224489796
7	30	1	177.4375	138.56250000000003
7	31	1	144.19672131147547	148.40983606557378
7	32	1	16.333333333333332	103.16666666666667
7	33	1	112.52777777777776	171.5416666666667
7	34	1	192.63768115942023	152.89855072463774
7	35	1	143.42622950819677	171.24590163934428
7	36	1	148.5833333333334	189.39999999999998
7	37	1	121.63888888888887	194.73611111111117
7	38	1	56.222222222222214	190.3777777777778
7	39	1	174.4	178.5
7	40	1	8.499999999999998	15.422222222222222
7	41	1	117.79166666666666	148.64583333333343
7	42	1	41.954545454545446	187.8181818181818
7	43	1	34.62222222222223	81.26666666666665
7	44	1	65.6	167.8
7	45	1	32.176470588235304	112.3529411764706
8	1	2	4.48068669527897	4.347639484978541
8	2	2	4.9999999999999964	45
8	3	2	5.103999999999996	85.01200000000003
8	4	2	4.9999999999999964	125.00000000000003
8	5	2	4.9999999999999964	165.00000000000009
8	6	2	45.00000000000003	5.000000000000002
8	7	2	45.00806451612903	45.032258064516135
8	8	2	45.168724279835374	85.10288065843616
8	9	2	45.00000000000003	124.99999999999997
8	10	2	44.98800000000003	164.9119999999999
8	11	2	84.944	5.036000000000003
8	12	2	84.99999999999997	45.00000000000002
8	13	2	85.14979757085017	85.16194331983806
8	14	2	85.088	124.97199999999998
8	15	2	85.10400000000003	164.9880000000002
8	16	2	125.30973451327432	5.668141592920352
8	17	2	124.89200000000001	45.011999999999986
8	18	2	125.10800000000002	85.01999999999997
8	19	2	124.96400000000006	125.08800000000001
8	20	2	125.22177419354841	164.96370967741936
8	21	2	165.12400000000002	4.983999999999998
8	22	2	164.99999999999994	45.00000000000002
8	23	2	164.99999999999994	84.99999999999997
8	24	2	165.01199999999997	125.03999999999999
8	25	2	164.79599999999996	164.9280000000001
8	26	1	44.762886597938156	30.474226804123717
8	27	1	85.02499999999999	109.79999999999998
8	28	1	79.00000000000001	71.96907216494847
8	29	1	96.08474576271186	63.27118644067798
8	30	1	177.25	139.3125
8	31	1	144.1578947368421	148.6447368421052
8	32	1	16	103.28571428571429
8	33	1	112.82758620689656	171.5402298850574
8	34	1	191.93617021276594	153.39361702127655
8	35	1	143.5375000000001	171.2375
8	36	1	148.98823529411766	189.2588235294117
8	37	1	121.74193548387093	194.79569892473117
8	38	1	56.07142857142858	190.3928571428571
8	39	1	173.7619047619047	178.3809523809524
8	40	1	8.96363636363636	15.718181818181819
8	41	1	118.09999999999998	148.53333333333336
8	42	1	42.48648648648649	187.8378378378378
8	43	1	34.490196078431374	81.0588235294118
8	44	1	65.42857142857143	167.28571428571428
8	45	1	32.134615384615394	112.94230769230768
9	1	2	4.487068965517245	4.310344827586207
9	2	2	4.9999999999999964	45
9	3	2	5.103999999999996	85.01200000000003
9	4	2	4.9999999999999964	125.00000000000003
9	5	2	4.9999999999999964	165.00000000000009
9	6	2	45.00000000000003	5.000000000000002
9	7	2	45.00806451612903	45.032258064516135
9	8	2	45.27083333333333	85.09999999999998
9	9	2	45.00000000000003	124.99999999999997
9	10	2	44.98800000000003	164.9119999999999
9	11	2	84.944	5.036000000000003
9	12	2	84.99999999999997	45.00000000000002
9	13	2	85.2208835341365	85.18072289156626
9	14	2	85.088	124.97199999999998
9	15	2	85.10400000000003	164.9880000000002
9	16	2	125.29955947136564	5.7048458149779755
9	17	2	124.89200000000001	45.011999999999986
9	18	2	125.10800000000002	85.01999999999997
9	19	2	124.96400000000006	125.08800000000001
9	20	2	125.27419354838713	165.008064516129
9	21	2	165.12400000000002	4.983999999999998
9	22	2	164.99999999999994	45.00000000000002
9	23	2	164.99999999999994	84.99999999999997
9	24	2	165.01199999999997	125.03999999999999
9	25	2	164.79599999999996	164.9280000000001
9	26	1	44.76271186440676	30.71186440677966
9	27	1	85	109.35999999999999
9	28	1	78.80165289256196	71.97520661157026
9	29	1	96.43902439024393	63.060975609756106
9	30	1	176.93333333333334	139.35555555555553
9	31	1	143.94318181818173	149.03409090909093
9	32	1	15.833333333333332	103.83333333333333
9	33	1	112.25454545454544	171.49090909090896
9	34	1	191.80672268907568	153.34453781512607
9	35	1	143.8666666666666	171.01904761904763
9	36	1	148.77319587628858	189.27835051546387
9	37	1	121.311320754717	194.80188679245285
9	38	1	56.17105263157894	190.36842105263153
9	39	1	174.3225806451613	178.12903225806454
9	40	1	9.256	15.904000000000002
9	41	1	118.60759493670888	148.7974683544304
9	42	1	42.55769230769233	188.0961538461538
9	43	1	34.126984126984134	81.04761904761905
9	44	1	64.85714285714286	168.28571428571428
9	45	1	32.5735294117647	112.76470588235294
10	1	2	4.495689655172414	4.301724137931031
10	2	2	4.9999999999999964	45
10	3	2	5.103999999999996	85.01200000000003
10	4	2	4.9999999999999964	125.00000000000003
10	5	2	4.9999999999999964	165.00000000000009
10	6	2	45.00000000000003	5.000000000000002
10	7	2	45.00000000000004	45.06477732793522
10	8	2	45.35864978902954	85.1308016877637
10	9	2	45.00000000000003	124.99999999999997
10	10	2	44.98800000000003	164.9119999999999
10	11	2	84.944	5.036000000000003
10	12	2	84.99999999999997	45.00000000000002
10	13	2	85.23481781376516	85.24291497975703
10	14	2	85.088	124.97199999999998
10	15	2	85.10400000000003	164.9880000000002
10	16	2	125.35087719298247	5.85964912280702
10	17	2	124.89200000000001	45.011999999999986
10	18	2	125.10800000000002	85.01999999999997
10	19	2	124.96400000000006	125.08800000000001
10	20	2	125.36475409836065	164.97540983606552
10	21	2	165.12400000000002	4.983999999999998
10	22	2	164.99999999999994	45.00000000000002
10	23	2	164.99999999999994	84.99999999999997
10	24	2	165.01199999999997	125.03999999999999
10	25	2	164.79599999999996	164.9280000000001
10	26	1	44.552631578947356	30.57894736842106
10	27	1	84.93150684931504	109.75342465753424
10	28	1	78.76729559748426	71.8930817610063
10	29	1	96.3482142857143	63.437499999999986
10	30	1	177.01694915254237	139.22033898305088
10	31	1	144.02521008403352	149.24369747899155
10	32	1	15.76190476190476	103.66666666666667
10	33	1	111.79720279720283	171.11888111888118
10	34	1	191.5723684210526	153.78947368421055
10	35	1	143.79230769230773	170.91538461538465
10	36	1	148.68656716417914	189.4850746268656
10	37	1	121.37956204379562	194.44525547445252
10	38	1	56.535353535353536	190.0808080808081
10	39	1	174.49999999999991	178.69230769230776
10	40	1	9.904109589041093	16.308219178082194
10	41	1	118.64761904761905	148.92380952380958
10	42	1	42.21126760563382	188.16901408450707
10	43	1	33.90361445783133	80.67469879518072
10	44	1	64.88235294117646	168.1764705882353
10	45	1	32.38095238095237	113.29761904761904
11	1	2	4.489082969432316	4.200873362445414
11	2	2	4.9999999999999964	45
11	3	2	5.103999999999996	85.01200000000003
11	4	2	4.9999999999999964	125.00000000000003
11	5	2	4.9999999999999964	165.00000000000009
11	6	2	45.00000000000003	5.000000000000002
11	7	2	44.975409836065566	45.163934426229496
11	8	2	45.54112554112553	85.18181818181824
11	9	2	45.03225806451613	125.01612903225804
11	10	2	44.98800000000003	164.9119999999999
11	11	2	84.944	5.036000000000003
11	12	2	84.99999999999997	45.00000000000002
11	13	2	85.27868852459014	85.33196721311477
11	14	2	85.09236947791165	125.0682730923695
11	15	2	85.10400000000003	164.9880000000002
11	16	2	125.44493392070484	5.995594713656391
11	17	2	124.89200000000001	45.011999999999986
11	18	2	125.10800000000002	85.01999999999997
11	19	2	124.96400000000006	125.08800000000001
11	20	2	125.45228215767631	164.92946058091303
11	21	2	165.12400000000002	4.983999999999998
11	22	2	164.99999999999994	45.00000000000002
11	23	2	164.99999999999994	84.99999999999997
11	24	2	165.01199999999997	125.03999999999999
11	25	2	164.79599999999996	164.9280000000001
11	26	1	45.198924731182785	30.39784946236559
11	27	1	84.71428571428572	110.05714285714285
11	28	1	78.6595744680851	71.98404255319147
11	29	1	96.387323943662	63.84507042253522
11	30	1	176.57831325301203	139.27710843373498
11	31	1	144.00662251655623	149.17880794701986
11	32	1	16.066666666666666	103.93333333333334
11	33	1	111.61235955056173	170.78651685393245
11	34	1	191.54010695187168	153.9732620320856
11	35	1	143.61818181818188	170.77575757575758
11	36	1	148.75757575757575	189.62424242424242
11	37	1	121.1506024096386	194.144578313253
11	38	1	56.471544715447166	190.4390243902439
11	39	1	174.5362318840579	178.1014492753623
11	40	1	9.942857142857143	16.60571428571428
11	41	1	118.40157480314964	148.92125984251973
11	42	1	42.0909090909091	187.9292929292929
11	43	1	33.72566371681417	80.7345132743363
11	44	1	64.95652173913042	167.8695652173913
11	45	1	32.26363636363637	113.40909090909088
12	1	2	4.508771929824562	4.166666666666667
12	2	2	4.9999999999999964	45
12	3	2	5.103999999999996	85.01200000000003
12	4	2	4.9999999999999964	125.00000000000003
12	5	2	4.9999999999999964	165.00000000000009
12	6	2	45.00000000000003	5.000000000000002
12	7	2	44.98340248962654	45.26556016597511
12	8	2	45.48068669527894	85.18025751072963
12	9	2	45.06072874493929	125.03643724696346
12	10	2	44.98800000000003	164.9119999999999
12	11	2	84.944	5.036000000000003
12	12	2	84.99999999999997	45.00000000000002
12	13	2	85.27685950413223	85.39669421487608
12	14	2	85.12550607287453	125.16194331983806
12	15	2	85.10400000000003	164.9880000000002
12	16	2	125.59471365638764	6.286343612334801
12	17	2	124.89200000000001	45.011999999999986
12	18	2	125.10800000000002	85.01999999999997
12	19	2	124.96400000000006	125.08800000000001
12	20	2	125.57563025210081	164.9495798319328
12	21	2	165.12400000000002	4.983999999999998
12	22	2	164.99999999999994	45.00000000000002
12	23	2	164.99999999999994	84.99999999999997
12	24	2	165.01199999999997	125.03999999999999
12	25	2	164.77510040160652	164.89959839357434
12	26	1	44.94170403587443	30.569506726457405
12	27	1	84.86821705426355	110.15503875968996
12	28	1	78.52534562211987	72.02764976958531
12	29	1	96.89940828402368	63.40828402366864
12	30	1	176.1538461538462	139.31730769230768
12	31	1	143.9470899470899	149.14814814814815
12	32	1	15.56	103.89999999999998
12	33	1	111.33796296296293	170.62500000000006
12	34	1	191.6108597285068	153.99095022624437
12	35	1	143.44387755102036	170.94897959183663
12	36	1	148.78534031413616	189.62827225130894
12	37	1	121.70873786407769	193.87864077669911
12	38	1	56.69230769230767	190.4755244755244
12	39	1	174.27083333333331	178.10416666666666
12	40	1	9.817258883248734	16.8274111675127
12	41	1	118.28481012658226	149.37341772151908
12	42	1	42.39682539682539	188.09523809523805
12	43	1	33.39230769230769	80.67692307692307
12	44	1	64.82352941176474	167.8235294117647
12	45	1	32.27941176470589	113.55147058823533
13	1	2	4.480176211453743	4.123348017621146
13	2	2	4.9999999999999964	45
13	3	2	5.103999999999996	85.01200000000003
13	4	2	4.9999999999999964	125.00000000000003
13	5	2	4.9999999999999964	165.00000000000009
13	6	2	45.00000000000003	5.000000000000002
13	7	2	44.98340248962654	45.26556016597511
13	8	2	45.59388646288207	85.25327510917029
13	9	2	45.06072874493929	125.03643724696346
13	10	2	44.98800000000003	164.9119999999999
13	11	2	84.944	5.036000000000003
13	12	2	84.99999999999997	45.00000000000002
13	13	2	85.3609958506224	85.43983402489626
13	14	2	85.20242914979755	125.20647773279346
13	15	2	85.10400000000003	164.9880000000002
13	16	2	125.62445414847157	6.410480349344975
13	17	2	124.89200000000001	45.011999999999986
13	18	2	125.10800000000002	85.01999999999997
13	19	2	124.96400000000006	125.08800000000001
13	20	2	125.63559322033903	164.99152542372877
13	21	2	165.12400000000002	4.983999999999998
13	22	2	164.99999999999994	45.00000000000002
13	23	2	164.99999999999994	84.99999999999997
13	24	2	165.01199999999997	125.03999999999999
13	25	2	164.65599999999998	164.90799999999996
13	26	1	44.767716535433074	30.212598425196845
13	27	1	84.69736842105259	110.2828947368421
13	28	1	78.31836734693874	71.97551020408169
13	29	1	96.69268292682922	63.38536585365853
13	30	1	175.86131386861314	139.18248175182475
13	31	1	143.87826086956522	149.36521739130433
13	32	1	15.52112676056338	103.83098591549296
13	33	1	111.31349206349206	170.55952380952368
13	34	1	191.29850746268656	153.9962686567164
13	35	1	143.38864628820966	171.2052401746723
13	36	1	149.07792207792204	189.8138528138529
13	37	1	121.72083333333333	193.41666666666663
13	38	1	57.11392405063293	190.47468354430373
13	39	1	174.42735042735038	177.62393162393167
13	40	1	9.629955947136564	17.052863436123364
13	41	1	118.08108108108104	149.68108108108103
13	42	1	42.72903225806452	188.18064516129024
13	43	1	33.31578947368421	80.57236842105263
13	44	1	64.75999999999999	167.64
13	45	1	32.19101123595506	113.49438202247192
14	1	2	4.480176211453743	4.123348017621146
14	2	2	4.9999999999999964	45
14	3	2	5.103999999999996	85.01200000000003
14	4	2	4.9999999999999964	125.00000000000003
14	5	2	4.9999999999999964	165.00000000000009
14	6	2	45.00000000000003	5.000000000000002
14	7	2	45.00000000000002	45.29999999999999
14	8	2	45.6140350877193	85.28947368421052
14	9	2	45.06072874493929	125.03643724696346
14	10	2	44.98800000000003	164.9119999999999
14	11	2	84.944	5.036000000000003
14	12	2	84.99999999999997	45.00000000000002
14	13	2	85.41422594142263	85.48535564853562
14	14	2	85.24279835390945	125.320987654321
14	15	2	85.10400000000003	164.9880000000002
14	16	2	125.61842105263156	6.578947368421053
14	17	2	124.89200000000001	45.011999999999986
14	18	2	125.10800000000002	85.01999999999997
14	19	2	124.96400000000006	125.08800000000001
14	20	2	125.77489177489176	164.9004329004329
14	21	2	165.17999999999995	5.0040000000000004
14	22	2	164.99999999999994	45.00000000000002
14	23	2	164.99999999999994	84.99999999999997
14	24	2	165.01199999999997	125.03999999999999
14	25	2	164.574297188755	164.87148594377513
14	26	1	44.929078014184384	30.212765957446805
14	27	1	84.58510638297872	109.87234042553192
14	28	1	78.34572490706317	71.91449814126393
14	29	1	96.6776859504132	63.40082644628099
14	30	1	175.63999999999996	139.39428571428573
14	31	1	143.99253731343282	149.18656716417914
14	32	1	15.494623655913978	103.60215053763439
14	33	1	111.53333333333335	170.7368421052631
14	34	1	191.21428571428572	153.52922077922074
14	35	1	143.51094890510953	171.50729927007302
14	36	1	149.1946564885496	189.9198473282443
14	37	1	121.94525547445255	193.23357664233578
14	38	1	57.27272727272726	190.54010695187154
14	39	1	174.0068493150685	178.03424657534256
14	40	1	9.454183266932267	17.21115537848604
14	41	1	117.90277777777779	149.3981481481482
14	42	1	42.67195767195767	188.07936507936492
14	43	1	33.18235294117646	80.45294117647059
14	44	1	64.80952380952381	167.6507936507937
14	45	1	32.221674876847274	113.6305418719212
15	1	2	4.589519650655022	4.065502183406114
15	2	2	4.9999999999999964	45
15	3	2	5.103999999999996	85.01200000000003
15	4	2	4.9999999999999964	125.00000000000003
15	5	2	4.9999999999999964	165.00000000000009
15	6	2	45.00000000000003	5.000000000000002
15	7	2	45.02092050209207	45.33054393305437
15	8	2	45.79295154185024	85.39647577092515
15	9	2	45.11020408163268	125.08163265306118
15	10	2	44.98800000000003	164.9119999999999
15	11	2	84.944	5.036000000000003
15	12	2	84.99999999999997	45.00000000000002
15	13	2	85.44537815126044	85.50840336134456
15	14	2	85.34177215189877	125.54430379746839
15	15	2	85.10400000000003	164.9880000000002
15	16	2	125.59210526315785	6.644736842105259
15	17	2	124.89200000000001	45.011999999999986
15	18	2	125.10800000000002	85.01999999999997
15	19	2	124.96400000000006	125.08800000000001
15	20	2	125.87391304347824	164.9739130434783
15	21	2	165.19199999999992	4.9879999999999995
15	22	2	164.99999999999994	45.00000000000002
15	23	2	164.99999999999994	84.99999999999997
15	24	2	165.01199999999997	125.03999999999999
15	25	2	164.574297188755	164.87148594377513
15	26	1	44.87267080745343	30.093167701863347
15	27	1	84.54090909090912	109.7454545454545
15	28	1	77.79807692307693	71.83653846153847
15	29	1	96.97794117647061	63.30514705882352
15	30	1	175.43518518518516	139.50462962962956
15	31	1	143.9258064516129	149.40322580645156
15	32	1	15.094339622641515	103.60377358490564
15	33	1	111.53293413173648	170.59281437125745
15	34	1	190.85595567867037	153.26592797783934
15	35	1	143.39158576051784	171.43042071197414
15	36	1	149.39273927392745	189.8448844884488
15	37	1	121.88852459016395	193.04262295081966
15	38	1	57.30630630630632	190.95945945945945
15	39	1	173.64117647058816	178.3411764705883
15	40	1	9.890510948905106	17.08394160583942
15	41	1	117.93902439024386	149.32926829268283
15	42	1	42.2995391705069	187.77880184331792
15	43	1	33.12765957446806	80.40957446808514
15	44	1	64.6875	168.03750000000005
15	45	1	32.127999999999986	113.20799999999996
16	1	2	4.59130434782609	4.1130434782608685
16	2	2	4.9999999999999964	45
16	3	2	5.103999999999996	85.01200000000003
16	4	2	4.9999999999999964	125.00000000000003
16	5	2	4.9999999999999964	165.00000000000009
16	6	2	45.02016129032258	5.028225806451613
16	7	2	45.00000000000002	45.36134453781513
16	8	2	45.93886462882096	85.4890829694323
16	9	2	45.14344262295085	125.09426229508195
16	10	2	44.98800000000003	164.9119999999999
16	11	2	84.944	5.036000000000003
16	12	2	84.99999999999997	45.00000000000002
16	13	2	85.43459915611811	85.54430379746834
16	14	2	85.38297872340425	125.60000000000004
16	15	2	85.10400000000003	164.9880000000002
16	16	2	125.63793103448278	6.767241379310343
16	17	2	124.89200000000001	45.011999999999986
16	18	2	125.10800000000002	85.01999999999997
16	19	2	124.96400000000006	125.08800000000001
16	20	2	125.91266375545848	165.03493449781666
16	21	2	165.19199999999992	4.9879999999999995
16	22	2	164.99999999999994	45.00000000000002
16	23	2	164.99999999999994	84.99999999999997
16	24	2	165.01199999999997	125.03999999999999
16	25	2	164.50000000000003	164.72131147540983
16	26	1	44.84571428571423	30.12857142857143
16	27	1	84.6157024793389	109.8223140495868
16	28	1	77.43731778425659	71.88046647230317
16	29	1	96.90322580645162	63.538709677419334
16	30	1	175.3426294820717	139.49800796812744
16	31	1	143.70765027322403	149.39890710382522
16	32	1	14.706766917293239	103.72932330827066
16	33	1	111.25479452054799	170.9890410958904
16	34	1	190.88192771084337	153.1759036144577
16	35	1	143.6165191740413	171.2802359882006
16	36	1	149.33234421364983	189.90207715133542
16	37	1	121.5533141210374	192.9077809798271
16	38	1	57.537549407114625	191.02371541501967
16	39	1	173.44162436548223	178.22335025380704
16	40	1	10.37898089171974	17.496815286624233
16	41	1	117.84285714285714	149.82499999999996
16	42	1	42.00781249999998	187.82812500000009
16	43	1	33.16355140186916	79.99532710280373
16	44	1	64.57798165137615	168.3211009174312
16	45	1	31.89160839160839	113.3111888111888
17	1	2	4.658119658119661	4.264957264957264
17	2	2	4.9999999999999964	45
17	3	2	5.103999999999996	85.01200000000003
17	4	2	4.9999999999999964	125.00000000000003
17	5	2	5.064777327935221	165.02834008097173
17	6	2	45.03643724696355	5.06072874493927
17	7	2	45.01687763713082	45.39240506329118
17	8	2	45.96969696969696	85.54112554112558
17	9	2	45.240663900414944	125.12448132780086
17	10	2	44.98800000000003	164.9119999999999
17	11	2	84.944	5.036000000000003
17	12	2	84.99999999999997	45.00000000000002
17	13	2	85.50632911392405	85.54430379746839
17	14	2	85.41276595744677	125.64255319148934
17	15	2	85.10400000000003	164.9880000000002
17	16	2	125.63090128755364	6.81115879828326
17	17	2	124.89200000000001	45.011999999999986
17	18	2	125.10800000000002	85.01999999999997
17	19	2	124.96400000000006	125.08800000000001
17	20	2	125.91266375545848	165.03493449781666
17	21	2	165.20883534136536	5.020080321285143
17	22	2	164.99999999999994	45.00000000000002
17	23	2	164.99999999999994	84.99999999999997
17	24	2	164.97580645161287	124.9798387096774
17	25	2	164.50819672131152	164.68442622950823
17	26	1	44.951653944020315	30.09923664122136
17	27	1	84.6094890510949	109.96350364963502
17	28	1	76.75641025641019	71.64358974358979
17	29	1	96.89117647058826	63.411764705882334
17	30	1	175.40569395017798	139.44483985765132
17	31	1	143.9356435643565	149.02722772277232
17	32	1	14.716049382716047	103.75925925925924
17	33	1	110.89393939393948	170.98484848484844
17	34	1	191.12284482758622	153.10991379310354
17	35	1	143.46891191709852	171.178756476684
17	36	1	149.38057742782146	189.93700787401573
17	37	1	121.45549738219903	192.52094240837695
17	38	1	57.87628865979382	190.86254295532646
17	39	1	173.4380530973451	178.31858407079642
17	40	1	10.39265536723164	18.059322033898322
17	41	1	117.68627450980392	149.8333333333334
17	42	1	41.71379310344831	187.5620689655173
17	43	1	33.020408163265294	79.93469387755106
17	44	1	64.50694444444446	168.39583333333323
17	45	1	31.74143302180685	113.63239875389404
18	1	2	4.738396624472577	4.337552742616032
18	2	2	4.9999999999999964	45
18	3	2	5.103999999999996	85.01200000000003
18	4	2	4.9999999999999964	125.00000000000003
18	5	2	5.064777327935221	165.02834008097173
18	6	2	45.07407407407408	5.181069958847735
18	7	2	45.01687763713082	45.39240506329118
18	8	2	46.021645021645035	85.66233766233766
18	9	2	45.36286919831222	125.16455696202526
18	10	2	44.98800000000003	164.9119999999999
18	11	2	84.944	5.036000000000003
18	12	2	84.99999999999997	45.00000000000002
18	13	2	85.4663865546218	85.52100840336135
18	14	2	85.41630901287557	125.70386266094422
18	15	2	85.10400000000003	164.9880000000002
18	16	2	125.63829787234049	6.748936170212768
18	17	2	124.89200000000001	45.011999999999986
18	18	2	125.10800000000002	85.01999999999997
18	19	2	124.96400000000006	125.08800000000001
18	20	2	125.95258620689653	164.9396551724138
18	21	2	165.27419354838716	5.100806451612907
18	22	2	164.99999999999994	45.00000000000002
18	23	2	164.99999999999994	84.99999999999997
18	24	2	164.92244897959185	124.89387755102038
18	25	2	164.50819672131152	164.68442622950823
18	26	1	45.08333333333334	29.903153153153145
18	27	1	84.67880794701986	109.90066225165559
18	28	1	76.25060240963856	71.55180722891562
18	29	1	97.06366047745352	63.46684350132629
18	30	1	175.09090909090912	139.690909090909
18	31	1	143.88302752293583	148.76605504587144
18	32	1	14.724137931034484	103.9901477832513
18	33	1	110.5847255369928	170.90930787589505
18	34	1	190.96981891348088	152.92957746478868
18	35	1	143.22966507177037	171.11004784688998
18	36	1	149.33574879227046	189.92028985507247
18	37	1	121.05568445475647	192.40603248259862
18	38	1	58.319875776397495	191.01863354037263
18	39	1	173.4401544401545	178.42471042471053
18	40	1	10.498746867167908	18.624060150375936
18	41	1	117.65527065527066	149.3960113960112
18	42	1	41.30745341614908	187.51863354037275
18	43	1	32.901098901098884	79.97802197802194
18	44	1	64.38636363636363	168.43181818181822
18	45	1	31.933333333333344	113.73333333333335
19	1	2	4.738396624472577	4.337552742616032
19	2	2	4.9999999999999964	45
19	3	2	5.103999999999996	85.01200000000003
19	4	2	4.9999999999999964	125.00000000000003
19	5	2	5.032258064516125	165.01612903225822
19	6	2	45.08333333333334	5.27083333333333
19	7	2	45.01687763713082	45.39240506329118
19	8	2	46.05603448275863	85.6594827586207
19	9	2	45.36286919831222	125.16455696202526
19	10	2	44.98800000000003	164.9119999999999
19	11	2	84.944	5.036000000000003
19	12	2	84.99999999999997	45.00000000000002
19	13	2	85.39834024896261	85.44813278008294
19	14	2	85.4173913043478	125.79130434782606
19	15	2	85.10400000000003	164.9880000000002
19	16	2	125.60337552742617	6.691983122362866
19	17	2	124.89200000000001	45.011999999999986
19	18	2	125.10800000000002	85.01999999999997
19	19	2	124.96400000000006	125.08800000000001
19	20	2	125.91101694915258	164.8644067796609
19	21	2	165.30923694779122	5.108433734939762
19	22	2	164.99999999999994	45.00000000000002
19	23	2	164.99999999999994	84.99999999999997
19	24	2	164.87242798353907	124.84773662551437
19	25	2	164.50819672131152	164.68442622950823
19	26	1	44.957142857142834	29.604081632653088
19	27	1	84.80712166172107	109.75667655786353
19	28	1	75.62557077625566	71.3972602739726
19	29	1	96.94634146341461	63.29512195121956
19	30	1	175.12977099236642	140.0966921119592
19	31	1	143.6765327695559	148.26215644820297
19	32	1	14.930041152263378	103.93004115226337
19	33	1	110.48045977011492	171.08965517241384
19	34	1	191.0418326693227	153.02988047808773
19	35	1	143.2111111111112	170.83777777777763
19	36	1	149.25110132158574	190.07268722466955
19	37	1	121.13186813186809	192.6175824175824
19	38	1	58.60171919770775	190.90544412607437
19	39	1	173.66216216216228	178.722972972973
19	40	1	10.500000000000009	18.85091743119265
19	41	1	117.68051948051942	149.0103896103896
19	42	1	41	187.21367521367515
19	43	1	32.642405063291136	79.63607594936714
19	44	1	64.31753554502369	168.48341232227494
19	45	1	31.778061224489807	113.78571428571428
20	1	2	4.783333333333332	4.391666666666666
20	2	2	4.9999999999999964	45
20	3	2	5.103999999999996	85.01200000000003
20	4	2	4.9999999999999964	125.00000000000003
20	5	2	5.032258064516125	165.01612903225822
20	6	2	45.054852320675096	5.337552742616035
20	7	2	45.03781512605045	45.36134453781515
20	8	2	46.03862660944208	85.69527896995707
20	9	2	45.30962343096231	125.12133891213388
20	10	2	44.98800000000003	164.9119999999999
20	11	2	84.944	5.036000000000003
20	12	2	84.99999999999997	45.00000000000002
20	13	2	85.39834024896261	85.44813278008294
20	14	2	85.4173913043478	125.79130434782606
20	15	2	85.10400000000003	164.9880000000002
20	16	2	125.5983263598326	6.698744769874479
20	17	2	124.89200000000001	45.011999999999986
20	18	2	125.10800000000002	85.01999999999997
20	19	2	124.96400000000006	125.08800000000001
20	20	2	125.89121338912133	164.7991631799163
20	21	2	165.40322580645156	5.129032258064517
20	22	2	164.99999999999994	45.00000000000002
20	23	2	164.99999999999994	84.99999999999997
20	24	2	164.83606557377055	124.89754098360653
20	25	2	164.45041322314052	164.64876033057857
20	26	1	45.0517928286853	29.7390438247012
20	27	1	84.92307692307688	109.55769230769229
20	28	1	74.93195876288652	71.11752577319585
20	29	1	97.06507592190894	63.28850325379612
20	30	1	175.18222222222207	140.47777777777776
20	31	1	143.81037924151696	147.91017964071858
20	32	1	14.786476868327398	103.8754448398577
20	33	1	110.48728813559323	171.18220338983065
20	34	1	191.15139442231074	153.2908366533864
20	35	1	143.3235294117648	170.53571428571442
20	36	1	149.3284823284824	190.25363825363823
20	37	1	121.22839506172834	192.6193415637859
20	38	1	58.67379679144381	191.02139037433153
20	39	1	173.612121212121	178.9757575757575
20	40	1	10.488322717622093	19.116772823779225
20	41	1	117.4597156398104	148.69668246445485
20	42	1	40.75871313672921	187.12868632707773
20	43	1	32.13019390581716	79.34626038781165
20	44	1	64.2008368200837	168.49790794979077
20	45	1	31.61971830985915	113.63615023474178
21	1	2	4.877551020408163	4.461224489795913
21	2	2	4.9999999999999964	45
21	3	2	5.103999999999996	85.01200000000003
21	4	2	4.9999999999999964	125.00000000000003
21	5	2	5.032258064516125	165.01612903225822
21	6	2	45.07983193277311	5.310924369747899
21	7	2	45.02092050209207	45.33054393305437
21	8	2	45.9491525423729	85.66525423728815
21	9	2	45.30962343096231	125.12133891213388
21	10	2	44.98800000000003	164.9119999999999
21	11	2	84.944	5.036000000000003
21	12	2	84.99999999999997	45.00000000000002
21	13	2	85.39834024896261	85.44813278008294
21	14	2	85.40259740259734	125.76190476190473
21	15	2	85.10400000000003	164.9880000000002
21	16	2	125.58333333333334	6.666666666666667
21	17	2	124.89200000000001	45.011999999999986
21	18	2	125.10800000000002	85.01999999999997
21	19	2	124.96400000000006	125.08800000000001
21	20	2	125.81481481481484	164.7201646090535
21	21	2	165.40322580645156	5.129032258064517
21	22	2	164.99999999999994	45.00000000000002
21	23	2	164.99999999999994	84.99999999999997
21	24	2	164.79508196721312	124.91803278688522
21	25	2	164.35983263598325	164.5983263598327
21	26	1	45.01394422310757	29.73705179282867
21	27	1	84.79807692307696	109.3076923076923
21	28	1	74.62725450901804	71.04408817635273
21	29	1	96.99599198396795	63.39478957915831
21	30	1	175.25050505050518	140.68484848484863
21	31	1	143.78131212723653	147.90059642147114
21	32	1	14.724683544303799	103.82594936708867
21	33	1	110.18346774193547	171.48387096774198
21	34	1	191.208	153.4020000000001
21	35	1	143.40159045725616	170.33001988071592
21	36	1	149.553319919517	190.40442655935618
21	37	1	121.37675350701394	192.57715430861722
21	38	1	58.94801980198021	191.269801980198
21	39	1	173.75067750677508	179.1138211382114
21	40	1	10.570858283433132	19.516966067864317
21	41	1	117.20824295010844	148.28199566160532
21	42	1	40.22358722358726	186.7886977886977
21	43	1	31.712846347607062	79.24685138539043
21	44	1	64.35815602836878	168.5638297872341
21	45	1	31.729257641921393	113.59606986899561
22	1	2	4.894308943089428	4.487804878048775
22	2	2	4.9999999999999964	45
22	3	2	5.103999999999996	85.01200000000003
22	4	2	4.9999999999999964	125.00000000000003
22	5	2	5.032258064516125	165.01612903225822
22	6	2	45.07083333333331	5.258333333333333
22	7	2	45.02092050209207	45.33054393305437
22	8	2	45.87916666666667	85.64583333333336
22	9	2	45.30962343096231	125.12133891213388
22	10	2	44.98800000000003	164.9119999999999
22	11	2	84.944	5.036000000000003
22	12	2	84.99999999999997	45.00000000000002
22	13	2	85.39834024896261	85.44813278008294
22	14	2	85.40259740259734	125.76190476190473
22	15	2	85.10400000000003	164.9880000000002
22	16	2	125.58333333333334	6.666666666666667
22	17	2	124.89200000000001	45.011999999999986
22	18	2	125.10800000000002	85.01999999999997
22	19	2	124.99196787148595	125.06425702811242
22	20	2	125.79098360655738	164.69262295081973
22	21	2	165.36947791164653	5.120481927710845
22	22	2	164.99999999999994	45.00000000000002
22	23	2	164.99999999999994	84.99999999999997
22	24	2	164.79508196721312	124.91803278688522
22	25	2	164.35983263598325	164.5983263598327
22	26	1	45.09163346613545	29.73904382470119
22	27	1	84.70953436807088	109.2926829268293
22	28	1	74.59481037924157	70.98602794411175
22	29	1	97.0239043824701	63.46414342629482
22	30	1	175.37450199203207	140.59960159362544
22	31	1	143.73904382470127	147.88047808764932
22	32	1	14.5779569892473	103.85752688172045
22	33	1	110.19920318725092	171.7669322709162
22	34	1	191.16932270916334	153.37051792828692
22	35	1	143.34730538922162	170.3273453093811
22	36	1	149.4501992031873	190.40637450199205
22	37	1	121.58565737051788	192.5756972111554
22	38	1	59.19158878504678	191.32009345794407
22	39	1	173.87499999999986	179.17647058823542
22	40	1	10.597609561752993	19.59561752988048
22	41	1	117.28313253012053	147.86947791164653
22	42	1	39.96037296037291	186.5641025641026
22	43	1	31.52154195011338	79.0045351473923
22	44	1	64.4075235109718	168.64576802507864
22	45	1	31.73251028806584	113.36008230452671
23	1	2	4.894308943089428	4.487804878048775
23	2	2	4.9999999999999964	45
23	3	2	5.103999999999996	85.01200000000003
23	4	2	4.9999999999999964	125.00000000000003
23	5	2	4.9999999999999964	165.00000000000009
23	6	2	45.06224066390044	5.224066390041491
23	7	2	45.02092050209207	45.33054393305437
23	8	2	45.8353909465021	85.65432098765427
23	9	2	45.30962343096231	125.12133891213388
23	10	2	44.89516129032256	164.92338709677418
23	11	2	84.944	5.036000000000003
23	12	2	84.99999999999997	45.00000000000002
23	13	2	85.39834024896261	85.44813278008294
23	14	2	85.40259740259734	125.76190476190473
23	15	2	85.13654618473889	165.00401606425703
23	16	2	125.58333333333334	6.666666666666667
23	17	2	124.89200000000001	45.011999999999986
23	18	2	125.10800000000002	85.01999999999997
23	19	2	124.99600000000004	125.09999999999997
23	20	2	125.79098360655738	164.69262295081973
23	21	2	165.33600000000004	5.108
23	22	2	164.99999999999994	45.00000000000002
23	23	2	164.99999999999994	84.99999999999997
23	24	2	164.82040816326526	124.93877551020404
23	25	2	164.35983263598325	164.5983263598327
23	26	1	45.125498007968154	29.76294820717131
23	27	1	84.57346938775511	109.14897959183676
23	28	1	74.48007968127493	70.96613545816736
23	29	1	96.86454183266932	63.54980079681276
23	30	1	175.3239999999999	140.72599999999997
23	31	1	143.68525896414351	147.906374501992
23	32	1	14.3768472906404	103.8645320197044
23	33	1	110.39243027888452	171.78087649402397
23	34	1	191.32669322709162	153.2908366533866
23	35	1	143.28827037773354	170.33797216699801
23	36	1	149.38767395626238	190.33598409542728
23	37	1	121.64471057884234	192.75049900199602
23	38	1	59.68201754385965	191.6074561403507
23	39	1	173.98886414253892	179.293986636971
23	40	1	10.699203187250998	19.56772908366533
23	41	1	117.29940119760465	147.87624750499
23	42	1	39.69782608695651	186.33043478260868
23	43	1	31.386363636363622	78.83264462809925
23	44	1	64.48076923076924	168.7005494505493
23	45	1	31.8323353293413	113.5329341317366
24	1	2	4.894308943089428	4.487804878048775
24	2	2	4.9999999999999964	45
24	3	2	5.103999999999996	85.01200000000003
24	4	2	4.9999999999999964	125.00000000000003
24	5	2	4.9999999999999964	165.00000000000009
24	6	2	45.06224066390044	5.224066390041491
24	7	2	45.02092050209207	45.33054393305437
24	8	2	45.81147540983607	85.63114754098363
24	9	2	45.28333333333333	125.09999999999998
24	10	2	44.77600000000004	164.908
24	11	2	84.944	5.036000000000003
24	12	2	84.99999999999997	45.00000000000002
24	13	2	85.39834024896261	85.44813278008294
24	14	2	85.40259740259734	125.76190476190473
24	15	2	85.10400000000003	165.02000000000004
24	16	2	125.58333333333334	6.666666666666667
24	17	2	124.89200000000001	45.011999999999986
24	18	2	125.10800000000002	85.01999999999997
24	19	2	124.99600000000004	125.09999999999997
24	20	2	125.75918367346935	164.7061224489796
24	21	2	165.33600000000004	5.108
24	22	2	164.99999999999994	45.00000000000002
24	23	2	164.99999999999994	84.99999999999997
24	24	2	164.8089430894309	124.97560975609757
24	25	2	164.35983263598325	164.5983263598327
24	26	1	45.189620758483024	29.608782435129733
24	27	1	84.51896207584832	109.12175648702596
24	28	1	74.58882235528937	71.01996007984029
24	29	1	96.82071713147413	63.52988047808766
24	30	1	175.3293413173655	140.72255489021978
24	31	1	143.57171314741046	147.84661354581672
24	32	1	14.017621145374447	103.81277533039648
24	33	1	110.43625498007967	171.707171314741
24	34	1	191.3625498007968	153.3067729083667
24	35	1	143.29482071713133	170.22509960159363
24	36	1	149.28343313373267	190.3992015968065
24	37	1	121.62475049900188	192.80838323353294
24	38	1	59.97119341563782	192.01440329218127
24	39	1	174.11134020618564	179.41855670103087
24	40	1	10.736526946107773	19.662674650698587
24	41	1	117.3852295409183	147.7724550898204
24	42	1	39.247484909456745	186.27766599597572
24	43	1	31.340000000000007	78.75000000000003
24	44	1	64.67228915662649	168.97831325301206
24	45	1	32.02589641434262	113.43824701195223
25	1	2	4.91497975708502	4.514170040485828
25	2	2	4.9999999999999964	45
25	3	2	5.103999999999996	85.01200000000003
25	4	2	4.9999999999999964	125.00000000000003
25	5	2	4.9999999999999964	165.00000000000009
25	6	2	45.06224066390044	5.224066390041491
25	7	2	45.02092050209207	45.33054393305437
25	8	2	45.817073170731696	85.60569105691053
25	9	2	45.25311203319501	125.08298755186713
25	10	2	44.708000000000006	164.88799999999992
25	11	2	84.944	5.036000000000003
25	12	2	84.99999999999997	45.00000000000002
25	13	2	85.39834024896261	85.44813278008294
25	14	2	85.36051502145926	125.70386266094418
25	15	2	85.20481927710837	165.04819277108425
25	16	2	125.58333333333334	6.666666666666667
25	17	2	124.89200000000001	45.011999999999986
25	18	2	125.10800000000002	85.01999999999997
25	19	2	124.99600000000004	125.09999999999997
25	20	2	125.75918367346935	164.7061224489796
25	21	2	165.33600000000004	5.108
25	22	2	164.99999999999994	45.00000000000002
25	23	2	164.99999999999994	84.99999999999997
25	24	2	164.82995951417	124.99999999999997
25	25	2	164.3235294117647	164.5882352941177
25	26	1	45.30339321357288	29.457085828343295
25	27	1	84.6075697211156	109.08565737051799
25	28	1	74.67529880478087	70.9342629482072
25	29	1	96.87025948103796	63.45309381237526
25	30	1	175.2774451097804	140.7544910179642
25	31	1	143.60079840319358	147.8602794411178
25	32	1	13.995943204868155	103.93509127789056
25	33	1	110.51992031872511	171.73904382470135
25	34	1	191.21756487025948	153.34730538922133
25	35	1	143.16766467065875	170.25149700598814
25	36	1	149.22754491017977	190.4251497005988
25	37	1	121.70259481037925	192.7564870259481
25	38	1	60.170682730923694	192.46586345381525
25	39	1	174.07768924302806	179.496015936255
25	40	1	10.81636726546906	19.692614770459077
25	41	1	117.46812749003983	147.77490039840612
25	42	1	39.135999999999946	186.14600000000002
25	43	1	31.294820717131486	78.66733067729078
25	44	1	65.01894736842108	169.07578947368438
25	45	1	32.143141153081515	113.39165009940359
26	1	2	4.919678714859438	4.574297188755023
26	2	2	4.9999999999999964	45
26	3	2	5.103999999999996	85.01200000000003
26	4	2	4.9999999999999964	125.00000000000003
26	5	2	4.9999999999999964	165.00000000000009
26	6	2	45.041322314049594	5.198347107438014
26	7	2	45.00000000000002	45.29999999999999
26	8	2	45.817073170731696	85.60569105691053
26	9	2	45.21900826446282	125.08677685950413
26	10	2	44.708000000000006	164.88799999999992
26	11	2	84.944	5.036000000000003
26	12	2	84.99999999999997	45.00000000000002
26	13	2	85.39834024896261	85.44813278008294
26	14	2	85.36051502145926	125.70386266094418
26	15	2	85.20481927710837	165.04819277108425
26	16	2	125.58333333333334	6.666666666666667
26	17	2	124.89200000000001	45.011999999999986
26	18	2	125.10800000000002	85.01999999999997
26	19	2	124.99600000000004	125.09999999999997
26	20	2	125.72357723577232	164.71138211382112
26	21	2	165.33600000000004	5.108
26	22	2	164.99999999999994	45.00000000000002
26	23	2	164.99999999999994	84.99999999999997
26	24	2	164.82995951417	124.99999999999997
26	25	2	164.3235294117647	164.5882352941177
26	26	1	45.256972111553765	29.446215139442234
26	27	1	84.69660678642711	109.09980039920161
26	28	1	74.65868263473057	70.93413173652702
26	29	1	96.71513944223102	63.418326693227016
26	30	1	175.16932270916328	140.84063745019938
26	31	1	143.61553784860556	147.79282868525902
26	32	1	13.922465208747512	104.11332007952284
26	33	1	110.61354581673308	171.76095617529893
26	34	1	191.30538922155688	153.31536926147695
26	35	1	143.11354581673302	170.1294820717131
26	36	1	149.35129740518954	190.36127744510966
26	37	1	121.76892430278892	192.79681274900398
26	38	1	59.962151394422314	192.5338645418328
26	39	1	174.057768924303	179.47410358565745
26	40	1	10.984063745019926	19.79482071713145
26	41	1	117.59362549800798	147.76294820717123
26	42	1	39.039999999999985	186.2220000000002
26	43	1	31.287425149700596	78.76646706586828
26	44	1	65.0697211155379	169.18525896414337
26	45	1	32.08183632734532	113.2275449101796
27	1	2	4.927999999999999	4.604000000000001
27	2	2	4.9999999999999964	45
27	3	2	5.103999999999996	85.01200000000003
27	4	2	4.9999999999999964	125.00000000000003
27	5	2	4.9999999999999964	165.00000000000009
27	6	2	45.05761316872428	5.16460905349794
27	7	2	45.00000000000002	45.29999999999999
27	8	2	45.85020242914979	85.59514170040482
27	9	2	45.16393442622953	125.04098360655733
27	10	2	44.708000000000006	164.88799999999992
27	11	2	84.944	5.036000000000003
27	12	2	84.99999999999997	45.00000000000002
27	13	2	85.39834024896261	85.44813278008294
27	14	2	85.36051502145926	125.70386266094418
27	15	2	85.20481927710837	165.04819277108425
27	16	2	125.58333333333334	6.666666666666667
27	17	2	124.89200000000001	45.011999999999986
27	18	2	125.10800000000002	85.01999999999997
27	19	2	124.99600000000004	125.09999999999997
27	20	2	125.72357723577232	164.71138211382112
27	21	2	165.33600000000004	5.108
27	22	2	164.99999999999994	45.00000000000002
27	23	2	164.99999999999994	84.99999999999997
27	24	2	164.86799999999997	125.09599999999999
27	25	2	164.3235294117647	164.5882352941177
27	26	1	45.327345309381236	29.443113772455074
27	27	1	84.7490039840638	109.01195219123511
27	28	1	74.59281437125753	70.91017964071857
27	29	1	96.64741035856582	63.402390438247004
27	30	1	175.33932135728534	140.70259481037925
27	31	1	143.5828343313373	147.88423153692622
27	32	1	14.057768924302795	103.92031872509963
27	33	1	110.48007968127487	171.731075697211
27	34	1	191.31536926147706	153.26347305389223
27	35	1	143.20159680638704	170.0838323353293
27	36	1	149.47410358565742	190.32071713147414
27	37	1	121.8505976095617	192.7410358565738
27	38	1	60.009960159362564	192.47609561752998
27	39	1	173.99999999999994	179.41832669322704
27	40	1	10.972055888223553	19.872255489022002
27	41	1	117.59880239520946	147.80439121756493
27	42	1	39.21756487025948	186.12974051896228
27	43	1	31.213147410358562	78.84063745019931
27	44	1	65.01792828685264	169.18127490039845
27	45	1	31.892430278884476	113.36653386454185
28	1	2	4.927999999999999	4.604000000000001
28	2	2	4.9999999999999964	45
28	3	2	5.103999999999996	85.01200000000003
28	4	2	4.9999999999999964	125.00000000000003
28	5	2	4.9999999999999964	165.00000000000009
28	6	2	45.02857142857145	5.1020408163265305
28	7	2	45.00000000000002	45.29999999999999
28	8	2	45.851405622489985	85.56626506024095
28	9	2	45.13061224489796	125.0408163265306
28	10	2	44.708000000000006	164.88799999999992
28	11	2	84.944	5.036000000000003
28	12	2	84.99999999999997	45.00000000000002
28	13	2	85.39834024896261	85.44813278008294
28	14	2	85.36051502145926	125.70386266094418
28	15	2	85.23999999999994	165.04399999999987
28	16	2	125.58333333333334	6.666666666666667
28	17	2	124.89200000000001	45.011999999999986
28	18	2	125.10800000000002	85.01999999999997
28	19	2	124.99600000000004	125.09999999999997
28	20	2	125.72357723577232	164.71138211382112
28	21	2	165.33600000000004	5.108
28	22	2	164.99999999999994	45.00000000000002
28	23	2	164.99999999999994	84.99999999999997
28	24	2	164.86799999999997	125.09599999999999
28	25	2	164.3235294117647	164.5882352941177
28	26	1	45.477045908183655	29.40718562874254
28	27	1	84.69322709163346	109.09163346613546
28	28	1	74.57884231536931	70.84630738522951
28	29	1	96.568862275449	63.40319361277444
28	30	1	175.29341317365268	140.71257485029943
28	31	1	143.58565737051788	147.95019920318717
28	32	1	14.08982035928144	103.87225548902192
28	33	1	110.58167330677296	171.7091633466133
28	34	1	191.3433133732535	153.2594810379242
28	35	1	143.19920318725116	170.06175298804789
28	36	1	149.54183266932276	190.3745019920319
28	37	1	121.81673306772912	192.73306772908361
28	38	1	59.974103585657375	192.5458167330677
28	39	1	173.96613545816732	179.47410358565756
28	40	1	11.09163346613546	20.027888446215155
28	41	1	117.78043912175643	147.8083832335329
28	42	1	39.197604790419156	186.0099800399204
28	43	1	31.201596806387208	78.97804391217564
28	44	1	64.97211155378484	169.10557768924295
28	45	1	31.904191616766454	113.43912175648705
29	1	2	4.927999999999999	4.604000000000001
29	2	2	4.9999999999999964	45
29	3	2	5.103999999999996	85.01200000000003
29	4	2	4.9999999999999964	125.00000000000003
29	5	2	4.9999999999999964	165.00000000000009
29	6	2	45.004065040650396	5.077235772357721
29	7	2	45.00000000000002	45.29999999999999
29	8	2	45.86799999999999	85.59599999999999
29	9	2	45.06477732793522	125.02834008097166
29	10	2	44.708000000000006	164.88799999999992
29	11	2	84.944	5.036000000000003
29	12	2	84.99999999999997	45.00000000000002
29	13	2	85.39834024896261	85.44813278008294
29	14	2	85.36051502145926	125.70386266094418
29	15	2	85.23999999999994	165.04399999999987
29	16	2	125.58333333333334	6.666666666666667
29	17	2	124.89200000000001	45.011999999999986
29	18	2	125.10800000000002	85.01999999999997
29	19	2	124.99600000000004	125.09999999999997
29	20	2	125.68825910931179	164.72064777327935
29	21	2	165.33600000000004	5.108
29	22	2	164.99999999999994	45.00000000000002
29	23	2	164.99999999999994	84.99999999999997
29	24	2	164.86799999999997	125.09599999999999
29	25	2	164.3235294117647	164.5882352941177
29	26	1	45.74451097804396	29.36327345309382
29	27	1	84.60159362549798	109.07569721115537
29	28	1	74.51199999999997	70.85200000000009
29	29	1	96.46307385229528	63.409181636726565
29	30	1	175.28143712574848	140.70259481037925
29	31	1	143.47609561752975	147.9940239043825
29	32	1	14.139720558882233	103.90219560878249
29	33	1	110.65469061876252	171.88822355289415
29	34	1	191.35329341317365	153.29540918163678
29	35	1	143.1377245508981	170.0299401197606
29	36	1	149.55199999999994	190.3199999999998
29	37	1	121.76799999999997	192.7419999999999
29	38	1	59.8107569721116	192.54382470119515
29	39	1	173.90637450199205	179.53585657370513
29	40	1	11.077844311377238	20.015968063872272
29	41	1	117.78043912175643	147.80039920159692
29	42	1	39.07385229540922	185.93413173652698
29	43	1	31.25349301397205	78.96606786427135
29	44	1	65.03984063745025	169.23306772908364
29	45	1	31.966135458167344	113.37250996015943
30	1	2	4.927999999999999	4.604000000000001
30	2	2	4.9999999999999964	45
30	3	2	5.103999999999996	85.01200000000003
30	4	2	4.9999999999999964	125.00000000000003
30	5	2	4.9999999999999964	165.00000000000009
30	6	2	45.016129032258085	5.032258064516127
30	7	2	45.00000000000002	45.29999999999999
30	8	2	45.86799999999999	85.59599999999999
30	9	2	45.06477732793522	125.02834008097166
30	10	2	44.708000000000006	164.88799999999992
30	11	2	84.944	5.036000000000003
30	12	2	84.99999999999997	45.00000000000002
30	13	2	85.39834024896261	85.44813278008294
30	14	2	85.36051502145926	125.70386266094418
30	15	2	85.23999999999994	165.04399999999987
30	16	2	125.58333333333334	6.666666666666667
30	17	2	124.89200000000001	45.011999999999986
30	18	2	125.10800000000002	85.01999999999997
30	19	2	124.99600000000004	125.09999999999997
30	20	2	125.68825910931179	164.72064777327935
30	21	2	165.33600000000004	5.108
30	22	2	164.99999999999994	45.00000000000002
30	23	2	164.99999999999994	84.99999999999997
30	24	2	164.86799999999997	125.09599999999999
30	25	2	164.3235294117647	164.5882352941177
30	26	1	45.72854291417162	29.36327345309381
30	27	1	84.5209580838324	109.08982035928148
30	28	1	74.55489021956087	70.77844311377243
30	29	1	96.3552894211576	63.35329341317366
30	30	1	175.29341317365282	140.7065868263474
30	31	1	143.48303393213558	147.95608782435127
30	32	1	14.045908183632742	103.9361277445111
30	33	1	110.65069860279439	171.94610778443123
30	34	1	191.34131736526948	153.40918163672666
30	35	1	143.10956175298776	169.96414342629498
30	36	1	149.58882235528938	190.27744510978042
30	37	1	121.82634730538918	192.7105788423155
30	38	1	59.78087649402391	192.51394422310744
30	39	1	173.88645418326684	179.57370517928274
30	40	1	11.251497005988023	20.063872255489002
30	41	1	117.87824351297412	147.80039920159697
30	42	1	39.141716566866286	185.84431137724542
30	43	1	31.23552894211577	78.82634730538928
30	44	1	65.0478087649402	169.30079681274904
30	45	1	31.972111553784842	113.33466135458164
31	1	2	4.927999999999999	4.604000000000001
31	2	2	4.9999999999999964	45
31	3	2	5.103999999999996	85.01200000000003
31	4	2	4.9999999999999964	125.00000000000003
31	5	2	4.9999999999999964	165.00000000000009
31	6	2	45.016129032258085	5.032258064516127
31	7	2	45.00000000000002	45.29999999999999
31	8	2	45.86799999999999	85.59599999999999
31	9	2	45.00000000000003	124.99999999999997
31	10	2	44.708000000000006	164.88799999999992
31	11	2	84.944	5.036000000000003
31	12	2	84.99999999999997	45.00000000000002
31	13	2	85.39834024896261	85.44813278008294
31	14	2	85.36051502145926	125.70386266094418
31	15	2	85.23999999999994	165.04399999999987
31	16	2	125.58333333333334	6.666666666666667
31	17	2	124.89200000000001	45.011999999999986
31	18	2	125.10800000000002	85.01999999999997
31	19	2	124.99600000000004	125.09999999999997
31	20	2	125.68825910931179	164.72064777327935
31	21	2	165.33600000000004	5.108
31	22	2	164.99999999999994	45.00000000000002
31	23	2	164.99999999999994	84.99999999999997
31	24	2	164.86799999999997	125.09599999999999
31	25	2	164.3235294117647	164.5882352941177
31	26	1	45.71257485029948	29.293413173652695
31	27	1	84.38323353293414	109.05189620758482
31	28	1	74.52095808383231	70.81437125748495
31	29	1	96.29880478087648	63.324701195219106
31	30	1	175.29083665338658	140.7290836653384
31	31	1	143.32934131736522	148.01197604790417
31	32	1	14.135728542914173	103.86227544910183
31	33	1	110.65537848605577	172.00796812749013
31	34	1	191.25349301397205	153.4670658682634
31	35	1	143.17165668662687	169.83433133732532
31	36	1	149.69123505976103	190.19521912350592
31	37	1	121.9442231075697	192.75099601593627
31	38	1	59.6772908366534	192.58764940239044
31	39	1	173.88446215139444	179.60956175298804
31	40	1	11.347305389221555	20.09181636726547
31	41	1	117.88822355289423	147.76846307385225
31	42	1	39.249500998004	185.85828343313372
31	43	1	31.231536926147683	78.90818363273449
31	44	1	65.02994011976043	169.27544910179643
31	45	1	32.01600000000001	113.38200000000006
32	1	2	4.927999999999999	4.604000000000001
32	2	2	4.9999999999999964	45
32	3	2	5.103999999999996	85.01200000000003
32	4	2	4.9999999999999964	125.00000000000003
32	5	2	4.9999999999999964	165.00000000000009
32	6	2	45.00000000000003	5.000000000000002
32	7	2	45.00000000000002	45.29999999999999
32	8	2	45.86799999999999	85.59599999999999
32	9	2	45.00000000000003	124.99999999999997
32	10	2	44.708000000000006	164.88799999999992
32	11	2	84.944	5.036000000000003
32	12	2	84.99999999999997	45.00000000000002
32	13	2	85.39834024896261	85.44813278008294
32	14	2	85.36051502145926	125.70386266094418
32	15	2	85.23999999999994	165.04399999999987
32	16	2	125.58333333333334	6.666666666666667
32	17	2	124.89200000000001	45.011999999999986
32	18	2	125.10800000000002	85.01999999999997
32	19	2	124.99600000000004	125.09999999999997
32	20	2	125.67741935483863	164.68951612903234
32	21	2	165.33600000000004	5.108
32	22	2	164.99999999999994	45.00000000000002
32	23	2	164.99999999999994	84.99999999999997
32	24	2	164.86799999999997	125.09599999999999
32	25	2	164.3235294117647	164.5882352941177
32	26	1	45.91800000000001	29.286
32	27	1	84.28087649402393	109.11952191235066
32	28	1	74.52295409181629	70.84431137724548
32	29	1	96.20359281437126	63.301397205588856
32	30	1	175.23952095808394	140.81037924151698
32	31	1	143.41916167664675	148.0299401197604
32	32	1	14.177290836653388	103.95617529880474
32	33	1	110.76753507014023	172.02404809619253
32	34	1	191.30938123752495	153.40319361277446
32	35	1	143.13147410358576	169.8067729083664
32	36	1	149.82435129740512	190.14570858283426
32	37	1	122.09580838323359	192.7265469061875
32	38	1	59.552894211576856	192.52295409181636
32	39	1	173.84860557768923	179.77689243027905
32	40	1	11.391217564870264	20.163672654690647
32	41	1	117.86427145708585	147.70858283433137
32	42	1	39.20159680638728	185.84630738522944
32	43	1	31.121756487025973	79.02994011976047
32	44	1	65.09980039920156	169.24151696606776
32	45	1	32.17928286852591	113.35258964143434
33	1	2	4.927999999999999	4.604000000000001
33	2	2	4.9999999999999964	45
33	3	2	5.103999999999996	85.01200000000003
33	4	2	4.9999999999999964	125.00000000000003
33	5	2	4.9999999999999964	165.00000000000009
33	6	2	45.00000000000003	5.000000000000002
33	7	2	45.00000000000002	45.29999999999999
33	8	2	45.86799999999999	85.59599999999999
33	9	2	45.00000000000003	124.99999999999997
33	10	2	44.708000000000006	164.88799999999992
33	11	2	84.944	5.036000000000003
33	12	2	84.99999999999997	45.00000000000002
33	13	2	85.39834024896261	85.44813278008294
33	14	2	85.36051502145926	125.70386266094418
33	15	2	85.23999999999994	165.04399999999987
33	16	2	125.58333333333334	6.666666666666667
33	17	2	124.89200000000001	45.011999999999986
33	18	2	125.10800000000002	85.01999999999997
33	19	2	124.99600000000004	125.09999999999997
33	20	2	125.67741935483863	164.68951612903234
33	21	2	165.33600000000004	5.108
33	22	2	164.99999999999994	45.00000000000002
33	23	2	164.99999999999994	84.99999999999997
33	24	2	164.86799999999997	125.09599999999999
33	25	2	164.3235294117647	164.5882352941177
33	26	1	46.00798403193608	29.26347305389221
33	27	1	84.16566866267472	109.19161676646706
33	28	1	74.56686626746499	70.83433133732535
33	29	1	96.20558882235531	63.23353293413175
33	30	1	175.1740000000001	140.72599999999994
33	31	1	143.29482071713142	148.03386454183257
33	32	1	14.265469061876246	103.96806387225539
33	33	1	110.69660678642717	171.9740518962077
33	34	1	191.2994011976048	153.33333333333331
33	35	1	143.21713147410367	169.7051792828685
33	36	1	149.82600000000008	190.15200000000002
33	37	1	122.17835671342684	192.69138276553102
33	38	1	59.56374501992032	192.64541832669332
33	39	1	173.80039920159683	179.81237524950117
33	40	1	11.42399999999999	20.164
33	41	1	117.82435129740523	147.68063872255465
33	42	1	39.329999999999984	185.74399999999997
33	43	1	31.079840319361267	79.15768463073853
33	44	1	65.07768924302792	169.2808764940239
33	45	1	32.21756487025948	113.38323353293418
34	1	2	4.927999999999999	4.604000000000001
34	2	2	4.9999999999999964	45
34	3	2	5.103999999999996	85.01200000000003
34	4	2	4.9999999999999964	125.00000000000003
34	5	2	4.9999999999999964	165.00000000000009
34	6	2	45.00000000000003	5.000000000000002
34	7	2	45.00000000000002	45.29999999999999
34	8	2	45.86799999999999	85.59599999999999
34	9	2	45.00000000000003	124.99999999999997
34	10	2	44.708000000000006	164.88799999999992
34	11	2	84.944	5.036000000000003
34	12	2	84.99999999999997	45.00000000000002
34	13	2	85.39834024896261	85.44813278008294
34	14	2	85.36051502145926	125.70386266094418
34	15	2	85.23999999999994	165.04399999999987
34	16	2	125.58333333333334	6.666666666666667
34	17	2	124.89200000000001	45.011999999999986
34	18	2	125.10800000000002	85.01999999999997
34	19	2	124.99600000000004	125.09999999999997
34	20	2	125.66265060240963	164.6586345381525
34	21	2	165.33600000000004	5.108
34	22	2	164.99999999999994	45.00000000000002
34	23	2	164.99999999999994	84.99999999999997
34	24	2	164.86799999999997	125.09599999999999
34	25	2	164.3235294117647	164.5882352941177
34	26	1	46.23400000000003	29.29999999999999
34	27	1	84.16733067729076	109.13944223107569
34	28	1	74.54491017964071	70.85828343313385
34	29	1	96.11155378486059	63.22709163346616
34	30	1	175.27744510978044	140.7065868263474
34	31	1	143.24351297405192	147.99001996007968
34	32	1	14.385229540918171	103.98403193612772
34	33	1	110.6307385229541	171.8622754491019
34	34	1	191.29540918163673	153.35528942115783
34	35	1	143.16167664670655	169.59680638722557
34	36	1	149.76447105788435	190.0339321357287
34	37	1	122.19800000000005	192.68199999999985
34	38	1	59.4970059880239	192.66467065868267
34	39	1	173.7405189620758	179.8882235528942
34	40	1	11.583665338645408	20.19920318725102
34	41	1	117.6972111553785	147.61354581673314
34	42	1	39.31337325349302	185.54690618762478
34	43	1	31.10379241516968	79.23952095808393
34	44	1	65.00597609561751	169.36254980079673
34	45	1	32.21556886227544	113.38323353293423
35	1	2	4.927999999999999	4.604000000000001
35	2	2	4.9999999999999964	45
35	3	2	5.103999999999996	85.01200000000003
35	4	2	4.9999999999999964	125.00000000000003
35	5	2	4.9999999999999964	165.00000000000009
35	6	2	45.00000000000003	5.000000000000002
35	7	2	45.00000000000002	45.29999999999999
35	8	2	45.86799999999999	85.59599999999999
35	9	2	45.00000000000003	124.99999999999997
35	10	2	44.708000000000006	164.88799999999992
35	11	2	84.944	5.036000000000003
35	12	2	84.99999999999997	45.00000000000002
35	13	2	85.3842975206612	85.41735537190084
35	14	2	85.36051502145926	125.70386266094418
35	15	2	85.23999999999994	165.04399999999987
35	16	2	125.58333333333334	6.666666666666667
35	17	2	124.89200000000001	45.011999999999986
35	18	2	125.10800000000002	85.01999999999997
35	19	2	124.99600000000004	125.09999999999997
35	20	2	125.64400000000002	164.62800000000001
35	21	2	165.33600000000004	5.108
35	22	2	164.99999999999994	45.00000000000002
35	23	2	164.99999999999994	84.99999999999997
35	24	2	164.86799999999997	125.09599999999999
35	25	2	164.3235294117647	164.5882352941177
35	26	1	46.23705179282867	29.262948207171313
35	27	1	84.22799999999997	109.15399999999995
35	28	1	74.58882235528941	70.74251497005986
35	29	1	96.13972055888212	63.12974051896207
35	30	1	175.27345309381246	140.77844311377257
35	31	1	143.25298804780877	148.04581673306785
35	32	1	14.426294820717132	104.00398406374507
35	33	1	110.70059880239533	171.80239520958068
35	34	1	191.3193612774451	153.38123752495017
35	35	1	143.11776447105765	169.6347305389222
35	36	1	149.84400000000005	189.958
35	37	1	122.22400000000002	192.67199999999985
35	38	1	59.42315369261477	192.65069860279434
35	39	1	173.73253493013974	179.82035928143708
35	40	1	11.747999999999998	20.22
35	41	1	117.68463073852294	147.50499001996013
35	42	1	39.265469061876246	185.50499001996002
35	43	1	31.04391217564869	79.18363273453095
35	44	1	65.01996007984036	169.44111776447107
35	45	1	32.27145708582835	113.27944111776446
36	1	2	4.927999999999999	4.604000000000001
36	2	2	4.9999999999999964	45
36	3	2	5.103999999999996	85.01200000000003
36	4	2	4.9999999999999964	125.00000000000003
36	5	2	4.9999999999999964	165.00000000000009
36	6	2	45.00000000000003	5.000000000000002
36	7	2	45.00000000000002	45.29999999999999
36	8	2	45.86799999999999	85.59599999999999
36	9	2	45.00000000000003	124.99999999999997
36	10	2	44.708000000000006	164.88799999999992
36	11	2	84.944	5.036000000000003
36	12	2	84.99999999999997	45.00000000000002
36	13	2	85.36625514403288	85.38683127572016
36	14	2	85.36051502145926	125.70386266094418
36	15	2	85.23999999999994	165.04399999999987
36	16	2	125.58333333333334	6.666666666666667
36	17	2	124.89200000000001	45.011999999999986
36	18	2	125.10800000000002	85.01999999999997
36	19	2	124.99600000000004	125.09999999999997
36	20	2	125.64400000000002	164.62800000000001
36	21	2	165.33600000000004	5.108
36	22	2	164.99999999999994	45.00000000000002
36	23	2	164.99999999999994	84.99999999999997
36	24	2	164.86799999999997	125.09599999999999
36	25	2	164.3235294117647	164.5882352941177
36	26	1	46.439121756487	29.08982035928143
36	27	1	84.08764940239054	109.14541832669326
36	28	1	74.6220000000001	70.7799999999999
36	29	1	96.1077844311377	63.079840319361296
36	30	1	175.2455089820359	140.8403193612772
36	31	1	143.2195608782437	148.1277445109781
36	32	1	14.431137724550904	104.0419161676647
36	33	1	110.79640718562882	171.89221556886235
36	34	1	191.34199999999998	153.46799999999988
36	35	1	143.0400000000001	169.5620000000001
36	36	1	149.97808764940237	189.9203187250996
36	37	1	122.39679358717433	192.6352705410822
36	38	1	59.277445109780416	192.72455089820346
36	39	1	173.6872509960159	179.89840637450186
36	40	1	11.839999999999993	20.179999999999986
36	41	1	117.60557768924306	147.42430278884467
36	42	1	39.212	185.37000000000012
36	43	1	30.968063872255467	79.34930139720564
36	44	1	64.99201596806381	169.5648702594811
36	45	1	32.302000000000014	113.19399999999992
37	1	2	4.927999999999999	4.604000000000001
37	2	2	4.9999999999999964	45
37	3	2	5.103999999999996	85.01200000000003
37	4	2	4.9999999999999964	125.00000000000003
37	5	2	4.9999999999999964	165.00000000000009
37	6	2	45.00000000000003	5.000000000000002
37	7	2	45.00000000000002	45.29999999999999
37	8	2	45.86799999999999	85.59599999999999
37	9	2	45.00000000000003	124.99999999999997
37	10	2	44.708000000000006	164.88799999999992
37	11	2	84.944	5.036000000000003
37	12	2	84.99999999999997	45.00000000000002
37	13	2	85.36625514403288	85.38683127572016
37	14	2	85.36051502145926	125.70386266094418
37	15	2	85.23999999999994	165.04399999999987
37	16	2	125.58333333333334	6.666666666666667
37	17	2	124.89200000000001	45.011999999999986
37	18	2	125.10800000000002	85.01999999999997
37	19	2	124.99600000000004	125.09999999999997
37	20	2	125.64400000000002	164.62800000000001
37	21	2	165.33600000000004	5.108
37	22	2	164.99999999999994	45.00000000000002
37	23	2	164.99999999999994	84.99999999999997
37	24	2	164.86799999999997	125.09599999999999
37	25	2	164.3235294117647	164.5882352941177
37	26	1	46.60479041916171	29.011976047904167
37	27	1	84.0259481037924	109.1976047904191
37	28	1	74.54799999999997	70.75799999999995
37	29	1	96.02594810379246	63.02994011976053
37	30	1	175.15800000000013	140.9080000000001
37	31	1	143.1440000000001	148.20800000000014
37	32	1	14.446215139442225	104.08764940239048
37	33	1	110.84599999999998	171.8399999999999
37	34	1	191.422	153.56799999999984
37	35	1	142.98203592814377	169.5828343313372
37	36	1	150.03999999999982	189.88799999999995
37	37	1	122.52999999999996	192.5380000000001
37	38	1	59.2654690618763	192.73652694610772
37	39	1	173.66533864541844	179.93824701195223
37	40	1	11.978000000000003	20.044000000000015
37	41	1	117.56487025948108	147.42315369261485
37	42	1	39.24199999999999	185.38400000000004
37	43	1	30.864271457085817	79.43313373253486
37	44	1	64.8862275449102	169.51297405189604
37	45	1	32.34131736526944	113.15968063872255
38	1	2	4.927999999999999	4.604000000000001
38	2	2	4.9999999999999964	45
38	3	2	5.103999999999996	85.01200000000003
38	4	2	4.9999999999999964	125.00000000000003
38	5	2	4.9999999999999964	165.00000000000009
38	6	2	45.00000000000003	5.000000000000002
38	7	2	45.00000000000002	45.29999999999999
38	8	2	45.86799999999999	85.59599999999999
38	9	2	45.00000000000003	124.99999999999997
38	10	2	44.708000000000006	164.88799999999992
38	11	2	84.944	5.036000000000003
38	12	2	84.99999999999997	45.00000000000002
38	13	2	85.36625514403288	85.38683127572016
38	14	2	85.36051502145926	125.70386266094418
38	15	2	85.23999999999994	165.04399999999987
38	16	2	125.58333333333334	6.666666666666667
38	17	2	124.89200000000001	45.011999999999986
38	18	2	125.10800000000002	85.01999999999997
38	19	2	124.99600000000004	125.09999999999997
38	20	2	125.64400000000002	164.62800000000001
38	21	2	165.33600000000004	5.108
38	22	2	164.99999999999994	45.00000000000002
38	23	2	164.99999999999994	84.99999999999997
38	24	2	164.86799999999997	125.09599999999999
38	25	2	164.3235294117647	164.5882352941177
38	26	1	46.76646706586828	28.954091816367264
38	27	1	83.93013972055896	109.18762475049903
38	28	1	74.58283433133722	70.77844311377247
38	29	1	95.97604790419156	62.976047904191645
38	30	1	175.14800000000005	140.94599999999994
38	31	1	143.12175648702595	148.35329341317353
38	32	1	14.63872255489021	104.07385229540914
38	33	1	110.8463073852297	171.88622754491035
38	34	1	191.408	153.60399999999993
38	35	1	143.08399999999986	169.61599999999996
38	36	1	150.11000000000007	189.89800000000008
38	37	1	122.57285429141709	192.51896207584835
38	38	1	59.343313373253466	192.81836327345312
38	39	1	173.6926147704591	179.91417165668656
38	40	1	12.075848303393222	19.960079840319366
38	41	1	117.46400000000001	147.44000000000008
38	42	1	39.29083665338643	185.35657370517936
38	43	1	30.743999999999982	79.54199999999993
38	44	1	64.78642714570863	169.5329341317366
38	45	1	32.363273453093804	113.25748502994009
39	1	2	4.927999999999999	4.604000000000001
39	2	2	4.9999999999999964	45
39	3	2	5.103999999999996	85.01200000000003
39	4	2	4.9999999999999964	125.00000000000003
39	5	2	4.9999999999999964	165.00000000000009
39	6	2	45.00000000000003	5.000000000000002
39	7	2	45.00000000000002	45.29999999999999
39	8	2	45.86799999999999	85.59599999999999
39	9	2	45.00000000000003	124.99999999999997
39	10	2	44.708000000000006	164.88799999999992
39	11	2	84.944	5.036000000000003
39	12	2	84.99999999999997	45.00000000000002
39	13	2	85.36625514403288	85.38683127572016
39	14	2	85.36051502145926	125.70386266094418
39	15	2	85.23999999999994	165.04399999999987
39	16	2	125.58333333333334	6.666666666666667
39	17	2	124.89200000000001	45.011999999999986
39	18	2	125.10800000000002	85.01999999999997
39	19	2	124.99600000000004	125.09999999999997
39	20	2	125.64400000000002	164.62800000000001
39	21	2	165.33600000000004	5.108
39	22	2	164.99999999999994	45.00000000000002
39	23	2	164.99999999999994	84.99999999999997
39	24	2	164.86799999999997	125.09599999999999
39	25	2	164.3235294117647	164.5882352941177
39	26	1	46.922310756972124	28.880478087649426
39	27	1	83.83233532934135	109.18363273453093
39	28	1	74.55310621242486	70.74148296593188
39	29	1	95.89221556886227	62.90219560878248
39	30	1	175.17365269461092	140.93612774451105
39	31	1	143.05800000000008	148.47200000000004
39	32	1	14.704590818363272	104.16966067864269
39	33	1	110.91616766467064	171.95409181636714
39	34	1	191.3892215568862	153.6566866267463
39	35	1	143.07999999999996	169.60800000000015
39	36	1	150.18399999999997	189.93400000000008
39	37	1	122.64670658682633	192.48103792415182
39	38	1	59.39720558882235	192.85229540918158
39	39	1	173.56200000000007	180.1059999999999
39	40	1	12.223999999999997	19.944000000000017
39	41	1	117.32934131736528	147.46906187624745
39	42	1	39.26746506986024	185.35728542914168
39	43	1	30.78243512974051	79.80439121756493
39	44	1	64.69061876247503	169.55089820359265
39	45	1	32.54800000000001	113.18399999999997
40	1	2	4.927999999999999	4.604000000000001
40	2	2	4.9999999999999964	45
40	3	2	5.103999999999996	85.01200000000003
40	4	2	4.9999999999999964	125.00000000000003
40	5	2	4.9999999999999964	165.00000000000009
40	6	2	45.00000000000003	5.000000000000002
40	7	2	45.00000000000002	45.29999999999999
40	8	2	45.86799999999999	85.59599999999999
40	9	2	45.00000000000003	124.99999999999997
40	10	2	44.708000000000006	164.88799999999992
40	11	2	84.944	5.036000000000003
40	12	2	84.99999999999997	45.00000000000002
40	13	2	85.36625514403288	85.38683127572016
40	14	2	85.36051502145926	125.70386266094418
40	15	2	85.23999999999994	165.04399999999987
40	16	2	125.58333333333334	6.666666666666667
40	17	2	124.89200000000001	45.011999999999986
40	18	2	125.10800000000002	85.01999999999997
40	19	2	124.99600000000004	125.09999999999997
40	20	2	125.64400000000002	164.62800000000001
40	21	2	165.33600000000004	5.108
40	22	2	164.99999999999994	45.00000000000002
40	23	2	164.99999999999994	84.99999999999997
40	24	2	164.86799999999997	125.09599999999999
40	25	2	164.3235294117647	164.5882352941177
40	26	1	46.94799999999999	28.749999999999993
40	27	1	83.7125748502994	109.17964071856287
40	28	1	74.64199999999998	70.68400000000001
40	29	1	95.86599999999996	62.82
40	30	1	175.22599999999989	140.99199999999982
40	31	1	142.96399999999994	148.53200000000007
40	32	1	14.83466135458168	104.28685258964146
40	33	1	110.94023904382462	171.96215139442236
40	34	1	191.43313373253494	153.67864271457088
40	35	1	143.0577689243028	169.54980079681266
40	36	1	150.30599999999993	189.88
40	37	1	122.74799999999999	192.50200000000012
40	38	1	59.38922155688624	192.8702594810379
40	39	1	173.59680638722543	180.25349301397208
40	40	1	12.275999999999998	19.867999999999995
40	41	1	117.27600000000014	147.3559999999999
40	42	1	39.344	185.28600000000006
40	43	1	30.680638722554896	79.93013972055887
40	44	1	64.69999999999999	169.67200000000005
40	45	1	32.670658682634716	113.12375249501
41	1	2	4.927999999999999	4.604000000000001
41	2	2	4.9999999999999964	45
41	3	2	5.103999999999996	85.01200000000003
41	4	2	4.9999999999999964	125.00000000000003
41	5	2	4.9999999999999964	165.00000000000009
41	6	2	45.00000000000003	5.000000000000002
41	7	2	45.00000000000002	45.29999999999999
41	8	2	45.86799999999999	85.59599999999999
41	9	2	45.00000000000003	124.99999999999997
41	10	2	44.708000000000006	164.88799999999992
41	11	2	84.944	5.036000000000003
41	12	2	84.99999999999997	45.00000000000002
41	13	2	85.36625514403288	85.38683127572016
41	14	2	85.36051502145926	125.70386266094418
41	15	2	85.23999999999994	165.04399999999987
41	16	2	125.58333333333334	6.666666666666667
41	17	2	124.89200000000001	45.011999999999986
41	18	2	125.10800000000002	85.01999999999997
41	19	2	124.99600000000004	125.09999999999997
41	20	2	125.64400000000002	164.62800000000001
41	21	2	165.33600000000004	5.108
41	22	2	164.99999999999994	45.00000000000002
41	23	2	164.99999999999994	84.99999999999997
41	24	2	164.86799999999997	125.09599999999999
41	25	2	164.3235294117647	164.5882352941177
41	26	1	47.05988023952099	28.830339321357307
41	27	1	83.64200000000011	109.14600000000009
41	28	1	74.62600000000002	70.67399999999996
41	29	1	95.80239520958088	62.69461077844309
41	30	1	175.35000000000008	141.04400000000012
41	31	1	143.03807615230454	148.61122244488982
41	32	1	14.814000000000005	104.39400000000002
41	33	1	111.1257485029939	172.04790419161688
41	34	1	191.52905811623248	153.78757515030063
41	35	1	143.04799999999992	169.52400000000023
41	36	1	150.34131736526948	189.82435129740531
41	37	1	122.78399999999993	192.46199999999996
41	38	1	59.44200000000001	192.99800000000002
41	39	1	173.57400000000015	180.31200000000007
41	40	1	12.317365269461076	19.950099800399204
41	41	1	117.28143712574847	147.43113772455092
41	42	1	39.35728542914176	185.19161676646718
41	43	1	30.67664670658683	80.20359281437112
41	44	1	64.76	169.73200000000006
41	45	1	32.701402805611224	113.09619238476961
42	1	2	4.927999999999999	4.604000000000001
42	2	2	4.9999999999999964	45
42	3	2	5.103999999999996	85.01200000000003
42	4	2	4.9999999999999964	125.00000000000003
42	5	2	4.9999999999999964	165.00000000000009
42	6	2	45.00000000000003	5.000000000000002
42	7	2	45.00000000000002	45.29999999999999
42	8	2	45.86799999999999	85.59599999999999
42	9	2	45.00000000000003	124.99999999999997
42	10	2	44.708000000000006	164.88799999999992
42	11	2	84.944	5.036000000000003
42	12	2	84.99999999999997	45.00000000000002
42	13	2	85.36625514403288	85.38683127572016
42	14	2	85.36051502145926	125.70386266094418
42	15	2	85.23999999999994	165.04399999999987
42	16	2	125.58333333333334	6.666666666666667
42	17	2	124.89200000000001	45.011999999999986
42	18	2	125.10800000000002	85.01999999999997
42	19	2	124.99600000000004	125.09999999999997
42	20	2	125.64400000000002	164.62800000000001
42	21	2	165.33600000000004	5.108
42	22	2	164.99999999999994	45.00000000000002
42	23	2	164.99999999999994	84.99999999999997
42	24	2	164.86799999999997	125.09599999999999
42	25	2	164.3235294117647	164.5882352941177
42	26	1	47.2734530938124	28.78443113772455
42	27	1	83.59481037924151	109.0938123752494
42	28	1	74.74799999999996	70.62999999999997
42	29	1	95.82634730538915	62.7085828343313
42	30	1	175.33133732534918	141.0898203592814
42	31	1	143.01397205588833	148.64071856287427
42	32	1	14.811999999999996	104.38200000000003
42	33	1	111.25349301397212	172.10578842315385
42	34	1	191.498	153.79799999999992
42	35	1	142.95009980039924	169.62275449101813
42	36	1	150.3360000000001	189.77199999999993
42	37	1	122.73253493013972	192.50099800399187
42	38	1	59.335329341317376	192.9720558882235
42	39	1	173.44710578842322	180.38522954091798
42	40	1	12.421999999999997	19.983999999999998
42	41	1	117.18924302788842	147.39840637450212
42	42	1	39.277999999999984	185.066
42	43	1	30.533864541832692	80.41035856573696
42	44	1	64.6613545816733	169.85856573705172
42	45	1	32.748502994011965	112.99201596806391
43	1	2	4.927999999999999	4.604000000000001
43	2	2	4.9999999999999964	45
43	3	2	5.103999999999996	85.01200000000003
43	4	2	4.9999999999999964	125.00000000000003
43	5	2	4.9999999999999964	165.00000000000009
43	6	2	45.00000000000003	5.000000000000002
43	7	2	45.00000000000002	45.29999999999999
43	8	2	45.86799999999999	85.59599999999999
43	9	2	45.00000000000003	124.99999999999997
43	10	2	44.708000000000006	164.88799999999992
43	11	2	84.944	5.036000000000003
43	12	2	84.99999999999997	45.00000000000002
43	13	2	85.36625514403288	85.38683127572016
43	14	2	85.36051502145926	125.70386266094418
43	15	2	85.23999999999994	165.04399999999987
43	16	2	125.58333333333334	6.666666666666667
43	17	2	124.89200000000001	45.011999999999986
43	18	2	125.10800000000002	85.01999999999997
43	19	2	124.99600000000004	125.09999999999997
43	20	2	125.64400000000002	164.62800000000001
43	21	2	165.33600000000004	5.108
43	22	2	164.99999999999994	45.00000000000002
43	23	2	164.99999999999994	84.99999999999997
43	24	2	164.86799999999997	125.09599999999999
43	25	2	164.3235294117647	164.5882352941177
43	26	1	47.44910179640717	28.808383233532915
43	27	1	83.46600000000001	109.23600000000009
43	28	1	74.71600000000004	70.71799999999998
43	29	1	95.72055888223551	62.636726546906196
43	30	1	175.20200000000006	141.12399999999994
43	31	1	142.80876494023914	148.6693227091633
43	32	1	14.86626746506986	104.48502994011973
43	33	1	111.32135728542919	172.05788423153692
43	34	1	191.4451097804391	153.8023952095807
43	35	1	142.91616766467078	169.60678642714572
43	36	1	150.34730538922153	189.68862275449092
43	37	1	122.70459081836329	192.52694610778454
43	38	1	59.33932135728548	192.96407185628735
43	39	1	173.24799999999988	180.44199999999987
43	40	1	12.41117764471058	19.964071856287447
43	41	1	117.15400000000001	147.2740000000001
43	42	1	39.278000000000006	184.9920000000001
43	43	1	30.514970059880216	80.64271457085827
43	44	1	64.64399999999999	170.04000000000016
43	45	1	32.73547094188376	112.95190380761532
44	1	2	4.927999999999999	4.604000000000001
44	2	2	4.9999999999999964	45
44	3	2	5.103999999999996	85.01200000000003
44	4	2	4.9999999999999964	125.00000000000003
44	5	2	4.9999999999999964	165.00000000000009
44	6	2	45.00000000000003	5.000000000000002
44	7	2	45.00000000000002	45.29999999999999
44	8	2	45.86799999999999	85.59599999999999
44	9	2	45.00000000000003	124.99999999999997
44	10	2	44.708000000000006	164.88799999999992
44	11	2	84.944	5.036000000000003
44	12	2	84.99999999999997	45.00000000000002
44	13	2	85.36625514403288	85.38683127572016
44	14	2	85.36051502145926	125.70386266094418
44	15	2	85.23999999999994	165.04399999999987
44	16	2	125.58333333333334	6.666666666666667
44	17	2	124.89200000000001	45.011999999999986
44	18	2	125.10800000000002	85.01999999999997
44	19	2	124.99600000000004	125.09999999999997
44	20	2	125.64400000000002	164.62800000000001
44	21	2	165.33600000000004	5.108
44	22	2	164.99999999999994	45.00000000000002
44	23	2	164.99999999999994	84.99999999999997
44	24	2	164.86799999999997	125.09599999999999
44	25	2	164.3235294117647	164.5882352941177
44	26	1	47.42514970059884	28.76447105788423
44	27	1	83.38922155688618	109.315369261477
44	28	1	74.69200000000005	70.8779999999999
44	29	1	95.71257485029945	62.5708582834331
44	30	1	175.1320000000001	141.26800000000011
44	31	1	142.81599999999986	148.89
44	32	1	14.839999999999996	104.51600000000005
44	33	1	111.35200000000003	172.07799999999997
44	34	1	191.48902195608784	153.76447105788438
44	35	1	142.77200000000008	169.68200000000007
44	36	1	150.48502994011994	189.5748502994012
44	37	1	122.72055888223551	192.578842315369
44	38	1	59.21200000000002	193.08200000000016
44	39	1	173.31337325349287	180.53093812375255
44	40	1	12.406000000000002	19.971999999999998
44	41	1	117.09381237524948	147.27145708582833
44	42	1	39.19999999999999	184.96000000000004
44	43	1	30.356573705179297	80.94023904382476
44	44	1	64.61354581673308	170.1932270916337
44	45	1	32.716	112.9219999999999
45	1	2	4.927999999999999	4.604000000000001
45	2	2	4.9999999999999964	45
45	3	2	5.103999999999996	85.01200000000003
45	4	2	4.9999999999999964	125.00000000000003
45	5	2	4.9999999999999964	165.00000000000009
45	6	2	45.00000000000003	5.000000000000002
45	7	2	45.00000000000002	45.29999999999999
45	8	2	45.86799999999999	85.59599999999999
45	9	2	45.00000000000003	124.99999999999997
45	10	2	44.708000000000006	164.88799999999992
45	11	2	84.944	5.036000000000003
45	12	2	84.99999999999997	45.00000000000002
45	13	2	85.36625514403288	85.38683127572016
45	14	2	85.36051502145926	125.70386266094418
45	15	2	85.23999999999994	165.04399999999987
45	16	2	125.58333333333334	6.666666666666667
45	17	2	124.89200000000001	45.011999999999986
45	18	2	125.10800000000002	85.01999999999997
45	19	2	124.99600000000004	125.09999999999997
45	20	2	125.64400000000002	164.62800000000001
45	21	2	165.33600000000004	5.108
45	22	2	164.99999999999994	45.00000000000002
45	23	2	164.99999999999994	84.99999999999997
45	24	2	164.86799999999997	125.09599999999999
45	25	2	164.3235294117647	164.5882352941177
45	26	1	47.50099800399205	28.762475049900203
45	27	1	83.24600000000005	109.31199999999998
45	28	1	74.69920318725107	70.94223107569724
45	29	1	95.62199999999987	62.46800000000001
45	30	1	175.12574850299416	141.19361277445125
45	31	1	142.68800000000005	148.91
45	32	1	14.924302788844622	104.56772908366536
45	33	1	111.38922155688627	172.1616766467068
45	34	1	191.59680638722554	153.84630738522964
45	35	1	142.77200000000013	169.61199999999997
45	36	1	150.4929859719441	189.54308617234454
45	37	1	122.73	192.58200000000005
45	38	1	59.24200000000005	193.10600000000017
45	39	1	173.16566866267488	180.694610778443
45	40	1	12.595617529880473	19.998007968127492
45	41	1	117.07984031936122	147.2694610778442
45	42	1	39.271457085828395	184.97005988023963
45	43	1	30.3373253493014	80.99201596806398
45	44	1	64.59481037924152	170.32135728542926
45	45	1	32.79400000000002	112.97599999999989
46	1	2	4.927999999999999	4.604000000000001
46	2	2	4.9999999999999964	45
46	3	2	5.103999999999996	85.01200000000003
46	4	2	4.9999999999999964	125.00000000000003
46	5	2	4.9999999999999964	165.00000000000009
46	6	2	45.00000000000003	5.000000000000002
46	7	2	45.00000000000002	45.29999999999999
46	8	2	45.86799999999999	85.59599999999999
46	9	2	45.00000000000003	124.99999999999997
46	10	2	44.708000000000006	164.88799999999992
46	11	2	84.944	5.036000000000003
46	12	2	84.99999999999997	45.00000000000002
46	13	2	85.36625514403288	85.38683127572016
46	14	2	85.36051502145926	125.70386266094418
46	15	2	85.23999999999994	165.04399999999987
46	16	2	125.58333333333334	6.666666666666667
46	17	2	124.89200000000001	45.011999999999986
46	18	2	125.10800000000002	85.01999999999997
46	19	2	124.99600000000004	125.09999999999997
46	20	2	125.64400000000002	164.62800000000001
46	21	2	165.33600000000004	5.108
46	22	2	164.99999999999994	45.00000000000002
46	23	2	164.99999999999994	84.99999999999997
46	24	2	164.86799999999997	125.09599999999999
46	25	2	164.3235294117647	164.5882352941177
46	26	1	47.44510978043917	28.648702594810388
46	27	1	83.13600000000004	109.57400000000001
46	28	1	74.77000000000001	71.01399999999997
46	29	1	95.5699999999999	62.45400000000003
46	30	1	175.1437125748504	141.2315369261478
46	31	1	142.55600000000013	148.91199999999995
46	32	1	14.858283433133732	104.62874251497
46	33	1	111.43200000000002	172.15999999999997
46	34	1	191.71057884231536	153.82634730538916
46	35	1	142.68725099601602	169.59960159362552
46	36	1	150.51800000000011	189.5280000000001
46	37	1	122.842	192.4700000000002
46	38	1	59.249500998004	193.2135728542914
46	39	1	173.19399999999996	180.71599999999998
46	40	1	12.73253493013973	19.900199600798405
46	41	1	116.89840637450195	147.19123505976077
46	42	1	39.29999999999996	184.96199999999996
46	43	1	30.281437125748504	80.89620758483031
46	44	1	64.49399999999997	170.4239999999999
46	45	1	32.76047904191615	112.79041916167658
47	1	2	4.927999999999999	4.604000000000001
47	2	2	4.9999999999999964	45
47	3	2	5.103999999999996	85.01200000000003
47	4	2	4.9999999999999964	125.00000000000003
47	5	2	4.9999999999999964	165.00000000000009
47	6	2	45.00000000000003	5.000000000000002
47	7	2	45.00000000000002	45.29999999999999
47	8	2	45.86799999999999	85.59599999999999
47	9	2	45.00000000000003	124.99999999999997
47	10	2	44.708000000000006	164.88799999999992
47	11	2	84.944	5.036000000000003
47	12	2	84.99999999999997	45.00000000000002
47	13	2	85.36625514403288	85.38683127572016
47	14	2	85.36051502145926	125.70386266094418
47	15	2	85.23999999999994	165.04399999999987
47	16	2	125.58333333333334	6.666666666666667
47	17	2	124.89200000000001	45.011999999999986
47	18	2	125.10800000000002	85.01999999999997
47	19	2	124.99600000000004	125.09999999999997
47	20	2	125.64400000000002	164.62800000000001
47	21	2	165.33600000000004	5.108
47	22	2	164.99999999999994	45.00000000000002
47	23	2	164.99999999999994	84.99999999999997
47	24	2	164.86799999999997	125.09599999999999
47	25	2	164.3235294117647	164.5882352941177
47	26	1	47.59880239520956	28.56886227544908
47	27	1	83.16600000000008	109.57600000000002
47	28	1	74.80799999999988	71.052
47	29	1	95.53892215568872	62.479041916167596
47	30	1	175.20359281437132	141.3552894211577
47	31	1	142.3832335329343	148.95009980039933
47	32	1	15.031872509960156	104.79083665338646
47	33	1	111.53999999999999	172.18599999999995
47	34	1	191.85170340681364	153.80961923847696
47	35	1	142.66800000000003	169.58600000000004
47	36	1	150.52	189.514
47	37	1	122.91417165668659	192.44910179640712
47	38	1	59.25250501002003	193.35871743486967
47	39	1	173.12175648702586	180.8962075848303
47	40	1	12.772455089820358	19.98203592814372
47	41	1	116.81836327345304	147.17564870259486
47	42	1	39.30538922155691	184.91017964071855
47	43	1	30.229999999999997	80.8980000000001
47	44	1	64.4291417165669	170.62475049900192
47	45	1	32.89979959919842	112.80761523046098
48	1	2	4.927999999999999	4.604000000000001
48	2	2	4.9999999999999964	45
48	3	2	5.103999999999996	85.01200000000003
48	4	2	4.9999999999999964	125.00000000000003
48	5	2	4.9999999999999964	165.00000000000009
48	6	2	45.00000000000003	5.000000000000002
48	7	2	45.00000000000002	45.29999999999999
48	8	2	45.86799999999999	85.59599999999999
48	9	2	45.00000000000003	124.99999999999997
48	10	2	44.708000000000006	164.88799999999992
48	11	2	84.944	5.036000000000003
48	12	2	84.99999999999997	45.00000000000002
48	13	2	85.36625514403288	85.38683127572016
48	14	2	85.36051502145926	125.70386266094418
48	15	2	85.23999999999994	165.04399999999987
48	16	2	125.58333333333334	6.666666666666667
48	17	2	124.89200000000001	45.011999999999986
48	18	2	125.10800000000002	85.01999999999997
48	19	2	124.99600000000004	125.09999999999997
48	20	2	125.64400000000002	164.62800000000001
48	21	2	165.33600000000004	5.108
48	22	2	164.99999999999994	45.00000000000002
48	23	2	164.99999999999994	84.99999999999997
48	24	2	164.86799999999997	125.09599999999999
48	25	2	164.3235294117647	164.5882352941177
48	26	1	47.70459081836324	28.463073852295413
48	27	1	83.11776447105787	109.62475049900209
48	28	1	74.86000000000001	70.99800000000005
48	29	1	95.47305389221562	62.445109780439054
48	30	1	175.18400000000005	141.42
48	31	1	142.32135728542923	148.94610778443086
48	32	1	15.187999999999994	104.81599999999992
48	33	1	111.64471057884232	172.30139720558878
48	34	1	191.88223552894212	153.85429141716568
48	35	1	142.654	169.54800000000006
48	36	1	150.5229540918163	189.42714570858286
48	37	1	122.99200000000002	192.45000000000005
48	38	1	59.2914171656687	193.31536926147714
48	39	1	172.99401197604774	181.01596806387224
48	40	1	12.764471057884222	19.97405189620759
48	41	1	116.83433133732531	147.15768463073871
48	42	1	39.29740518962074	184.83832335329365
48	43	1	30.21157684630737	80.94411177644703
48	44	1	64.3313373253493	170.70059880239523
48	45	1	32.95400000000001	112.72399999999995
49	1	2	4.927999999999999	4.604000000000001
49	2	2	4.9999999999999964	45
49	3	2	5.103999999999996	85.01200000000003
49	4	2	4.9999999999999964	125.00000000000003
49	5	2	4.9999999999999964	165.00000000000009
49	6	2	45.00000000000003	5.000000000000002
49	7	2	45.00000000000002	45.29999999999999
49	8	2	45.86799999999999	85.59599999999999
49	9	2	45.00000000000003	124.99999999999997
49	10	2	44.708000000000006	164.88799999999992
49	11	2	84.944	5.036000000000003
49	12	2	84.99999999999997	45.00000000000002
49	13	2	85.36625514403288	85.38683127572016
49	14	2	85.36051502145926	125.70386266094418
49	15	2	85.23999999999994	165.04399999999987
49	16	2	125.58333333333334	6.666666666666667
49	17	2	124.89200000000001	45.011999999999986
49	18	2	125.10800000000002	85.01999999999997
49	19	2	124.99600000000004	125.09999999999997
49	20	2	125.64400000000002	164.62800000000001
49	21	2	165.33600000000004	5.108
49	22	2	164.99999999999994	45.00000000000002
49	23	2	164.99999999999994	84.99999999999997
49	24	2	164.86799999999997	125.09599999999999
49	25	2	164.3235294117647	164.5882352941177
49	26	1	47.8784860557769	28.390438247011936
49	27	1	83.03200000000002	109.67800000000005
49	28	1	74.89000000000001	70.982
49	29	1	95.37800000000001	62.44799999999999
49	30	1	175.29659318637275	141.41482965931857
49	31	1	142.24351297405184	148.98802395209572
49	32	1	15.227544910179644	104.82035928143716
49	33	1	111.69123505976097	172.30079681274893
49	34	1	191.876	153.82799999999995
49	35	1	142.67800000000014	169.564
49	36	1	150.56800000000004	189.38600000000005
49	37	1	123.07400000000004	192.39599999999976
49	38	1	59.28200000000002	193.30600000000004
49	39	1	172.87624750499015	181.20958083832335
49	40	1	12.825999999999993	20.043999999999986
49	41	1	116.83400000000003	147.13000000000008
49	42	1	39.32868525896415	184.72111553784868
49	43	1	30.15768463073853	81.00199600798409
49	44	1	64.3173652694611	170.8942115768463
49	45	1	32.94411177644713	112.7365269461079
50	1	2	4.927999999999999	4.604000000000001
50	2	2	4.9999999999999964	45
50	3	2	5.103999999999996	85.01200000000003
50	4	2	4.9999999999999964	125.00000000000003
50	5	2	4.9999999999999964	165.00000000000009
50	6	2	45.00000000000003	5.000000000000002
50	7	2	45.00000000000002	45.29999999999999
50	8	2	45.86799999999999	85.59599999999999
50	9	2	45.00000000000003	124.99999999999997
50	10	2	44.708000000000006	164.88799999999992
50	11	2	84.944	5.036000000000003
50	12	2	84.99999999999997	45.00000000000002
50	13	2	85.36625514403288	85.38683127572016
50	14	2	85.36051502145926	125.70386266094418
50	15	2	85.23999999999994	165.04399999999987
50	16	2	125.58333333333334	6.666666666666667
50	17	2	124.89200000000001	45.011999999999986
50	18	2	125.10800000000002	85.01999999999997
50	19	2	124.99600000000004	125.09999999999997
50	20	2	125.64400000000002	164.62800000000001
50	21	2	165.33600000000004	5.108
50	22	2	164.99999999999994	45.00000000000002
50	23	2	164.99999999999994	84.99999999999997
50	24	2	164.86799999999997	125.09599999999999
50	25	2	164.3235294117647	164.5882352941177
50	26	1	47.96200000000001	28.406000000000002
50	27	1	82.74650698602804	109.74251497005997
50	28	1	74.89221556886233	70.91417165668666
50	29	1	95.33599999999998	62.353999999999985
50	30	1	175.27000000000007	141.45000000000007
50	31	1	142.0818363273454	149.00798403193613
50	32	1	15.289999999999992	104.74799999999992
50	33	1	111.72799999999995	172.19399999999987
50	34	1	191.96	153.60399999999993
50	35	1	142.60479041916165	169.54491017964082
50	36	1	150.5888223552895	189.31736526946105
50	37	1	123.14171656686634	192.38522954091817
50	38	1	59.257485029940085	193.24351297405184
50	39	1	172.8403193612774	181.38522954091817
50	40	1	12.94211576846306	20.115768463073845
50	41	1	116.67599999999993	147.05599999999998
50	42	1	39.34000000000001	184.4800000000001
50	43	1	30.11399999999999	81.08199999999998
50	44	1	64.27345309381244	170.91816367265469
50	45	1	33.021956087824364	112.69261477045907
51	1	2	4.927999999999999	4.604000000000001
51	2	2	4.9999999999999964	45
51	3	2	5.103999999999996	85.01200000000003
51	4	2	4.9999999999999964	125.00000000000003
51	5	2	4.9999999999999964	165.00000000000009
51	6	2	45.00000000000003	5.000000000000002
51	7	2	45.00000000000002	45.29999999999999
51	8	2	45.86799999999999	85.59599999999999
51	9	2	45.00000000000003	124.99999999999997
51	10	2	44.708000000000006	164.88799999999992
51	11	2	84.944	5.036000000000003
51	12	2	84.99999999999997	45.00000000000002
51	13	2	85.36625514403288	85.38683127572016
51	14	2	85.36051502145926	125.70386266094418
51	15	2	85.23999999999994	165.04399999999987
51	16	2	125.58333333333334	6.666666666666667
51	17	2	124.89200000000001	45.011999999999986
51	18	2	125.10800000000002	85.01999999999997
51	19	2	124.99600000000004	125.09999999999997
51	20	2	125.64400000000002	164.62800000000001
51	21	2	165.33600000000004	5.108
51	22	2	164.99999999999994	45.00000000000002
51	23	2	164.99999999999994	84.99999999999997
51	24	2	164.86799999999997	125.09599999999999
51	25	2	164.3235294117647	164.5882352941177
51	26	1	47.99599999999996	28.295999999999992
51	27	1	82.79799999999997	109.81600000000002
51	28	1	74.84199999999996	70.95999999999997
51	29	1	95.20359281437116	62.31337325349301
51	30	1	175.36526946107787	141.5868263473053
51	31	1	141.877755511022	149.04609218436877
51	32	1	15.360000000000001	104.668
51	33	1	111.76600000000008	172.26600000000008
51	34	1	192.03193612774453	153.73253493013985
51	35	1	142.61400000000006	169.51399999999998
51	36	1	150.56487025948118	189.28343313373256
51	37	1	123.15768463073852	192.35129740518948
51	38	1	59.27944111776448	193.23353293413166
51	39	1	172.65931863727465	181.55511022044095
51	40	1	13.017964071856289	20.119760479041915
51	41	1	116.60399999999997	146.98799999999983
51	42	1	39.32135728542924	184.50698602794412
51	43	1	30.08399999999997	81.16000000000005
51	44	1	64.30200000000005	170.9700000000001
51	45	1	33.04790419161677	112.7285429141717
52	1	2	4.927999999999999	4.604000000000001
52	2	2	4.9999999999999964	45
52	3	2	5.103999999999996	85.01200000000003
52	4	2	4.9999999999999964	125.00000000000003
52	5	2	4.9999999999999964	165.00000000000009
52	6	2	45.00000000000003	5.000000000000002
52	7	2	45.00000000000002	45.29999999999999
52	8	2	45.86799999999999	85.59599999999999
52	9	2	45.00000000000003	124.99999999999997
52	10	2	44.708000000000006	164.88799999999992
52	11	2	84.944	5.036000000000003
52	12	2	84.99999999999997	45.00000000000002
52	13	2	85.36625514403288	85.38683127572016
52	14	2	85.36051502145926	125.70386266094418
52	15	2	85.23999999999994	165.04399999999987
52	16	2	125.58333333333334	6.666666666666667
52	17	2	124.89200000000001	45.011999999999986
52	18	2	125.10800000000002	85.01999999999997
52	19	2	124.99600000000004	125.09999999999997
52	20	2	125.64400000000002	164.62800000000001
52	21	2	165.33600000000004	5.108
52	22	2	164.99999999999994	45.00000000000002
52	23	2	164.99999999999994	84.99999999999997
52	24	2	164.86799999999997	125.09599999999999
52	25	2	164.3235294117647	164.5882352941177
52	26	1	48.11155378486058	28.302788844621517
52	27	1	82.74400000000004	109.76399999999992
52	28	1	74.8962075848303	70.93612774451101
52	29	1	95.17400000000008	62.29200000000001
52	30	1	175.45219123505973	141.42430278884459
52	31	1	141.90199999999987	149.01999999999995
52	32	1	15.38722554890221	104.66067864271454
52	33	1	111.9321357285429	172.37524950099797
52	34	1	191.996	153.75
52	35	1	142.5748502994014	169.45309381237522
52	36	1	150.6626746506986	189.2335329341318
52	37	1	123.29399999999993	192.31800000000013
52	38	1	59.204000000000036	193.3179999999999
52	39	1	172.60120240480964	181.56112224448913
52	40	1	13.006	20.06999999999999
52	41	1	116.48804780876496	147.0298804780875
52	42	1	39.36400000000003	184.32199999999995
52	43	1	30.079840319361242	81.23752495009971
52	44	1	64.2315369261477	171.0199600798403
52	45	1	33.054000000000016	112.71399999999996
53	1	2	4.927999999999999	4.604000000000001
53	2	2	4.9999999999999964	45
53	3	2	5.103999999999996	85.01200000000003
53	4	2	4.9999999999999964	125.00000000000003
53	5	2	4.9999999999999964	165.00000000000009
53	6	2	45.00000000000003	5.000000000000002
53	7	2	45.00000000000002	45.29999999999999
53	8	2	45.86799999999999	85.59599999999999
53	9	2	45.00000000000003	124.99999999999997
53	10	2	44.708000000000006	164.88799999999992
53	11	2	84.944	5.036000000000003
53	12	2	84.99999999999997	45.00000000000002
53	13	2	85.36625514403288	85.38683127572016
53	14	2	85.36051502145926	125.70386266094418
53	15	2	85.23999999999994	165.04399999999987
53	16	2	125.58333333333334	6.666666666666667
53	17	2	124.89200000000001	45.011999999999986
53	18	2	125.10800000000002	85.01999999999997
53	19	2	124.99600000000004	125.09999999999997
53	20	2	125.64400000000002	164.62800000000001
53	21	2	165.33600000000004	5.108
53	22	2	164.99999999999994	45.00000000000002
53	23	2	164.99999999999994	84.99999999999997
53	24	2	164.86799999999997	125.09599999999999
53	25	2	164.3235294117647	164.5882352941177
53	26	1	48.139720558882246	28.25948103792414
53	27	1	82.51896207584835	109.73053892215565
53	28	1	74.86027944111777	70.872255489022
53	29	1	95.09600000000006	62.284000000000006
53	30	1	175.5438247011953	141.2928286852592
53	31	1	141.878	149.01600000000002
53	32	1	15.494000000000002	104.66799999999998
53	33	1	112.00598802395217	172.4471057884232
53	34	1	191.96007984031937	153.8443113772455
53	35	1	142.5469061876248	169.4650698602795
53	36	1	150.62399999999997	189.27200000000002
53	37	1	123.40199999999996	192.2679999999999
53	38	1	59.33400000000003	193.38799999999995
53	39	1	172.566	181.5639999999999
53	40	1	13.111999999999993	20.008000000000003
53	41	1	116.45708582834325	147.01197604790414
53	42	1	39.413999999999994	184.25599999999991
53	43	1	30.093999999999998	81.398
53	44	1	64.20119521912353	171.15737051792817
53	45	1	33.09780439121754	112.64670658682638
54	1	2	4.927999999999999	4.604000000000001
54	2	2	4.9999999999999964	45
54	3	2	5.103999999999996	85.01200000000003
54	4	2	4.9999999999999964	125.00000000000003
54	5	2	4.9999999999999964	165.00000000000009
54	6	2	45.00000000000003	5.000000000000002
54	7	2	45.00000000000002	45.29999999999999
54	8	2	45.86799999999999	85.59599999999999
54	9	2	45.00000000000003	124.99999999999997
54	10	2	44.708000000000006	164.88799999999992
54	11	2	84.944	5.036000000000003
54	12	2	84.99999999999997	45.00000000000002
54	13	2	85.36625514403288	85.38683127572016
54	14	2	85.36051502145926	125.70386266094418
54	15	2	85.23999999999994	165.04399999999987
54	16	2	125.58333333333334	6.666666666666667
54	17	2	124.89200000000001	45.011999999999986
54	18	2	125.10800000000002	85.01999999999997
54	19	2	124.99600000000004	125.09999999999997
54	20	2	125.64400000000002	164.62800000000001
54	21	2	165.33600000000004	5.108
54	22	2	164.99999999999994	45.00000000000002
54	23	2	164.99999999999994	84.99999999999997
54	24	2	164.86799999999997	125.09599999999999
54	25	2	164.3235294117647	164.5882352941177
54	26	1	48.29482071713152	27.998007968127492
54	27	1	82.42599999999987	109.82199999999993
54	28	1	75.02399999999999	70.80199999999998
54	29	1	95.09799999999998	62.326
54	30	1	175.55289421157687	141.28343313373267
54	31	1	141.68862275449098	149.03792415169644
54	32	1	15.582834331337336	104.6926147704591
54	33	1	112.0499001996008	172.41317365269467
54	34	1	191.912	153.82799999999995
54	35	1	142.5380000000001	169.49200000000013
54	36	1	150.73399999999995	189.29800000000006
54	37	1	123.54690618762473	192.19960079840342
54	38	1	59.440000000000055	193.3739999999999
54	39	1	172.51896207584835	181.6586826347305
54	40	1	13.205179282868528	20.13545816733069
54	41	1	116.30938123752502	146.9041916167666
54	42	1	39.39121756487025	184.27944111776463
54	43	1	29.983999999999988	81.60999999999999
54	44	1	64.12774451097803	171.24950099800398
54	45	1	33.146	112.53600000000002
55	1	2	4.927999999999999	4.604000000000001
55	2	2	4.9999999999999964	45
55	3	2	5.103999999999996	85.01200000000003
55	4	2	4.9999999999999964	125.00000000000003
55	5	2	4.9999999999999964	165.00000000000009
55	6	2	45.00000000000003	5.000000000000002
55	7	2	45.00000000000002	45.29999999999999
55	8	2	45.86799999999999	85.59599999999999
55	9	2	45.00000000000003	124.99999999999997
55	10	2	44.708000000000006	164.88799999999992
55	11	2	84.944	5.036000000000003
55	12	2	84.99999999999997	45.00000000000002
55	13	2	85.36625514403288	85.38683127572016
55	14	2	85.36051502145926	125.70386266094418
55	15	2	85.23999999999994	165.04399999999987
55	16	2	125.58333333333334	6.666666666666667
55	17	2	124.89200000000001	45.011999999999986
55	18	2	125.10800000000002	85.01999999999997
55	19	2	124.99600000000004	125.09999999999997
55	20	2	125.64400000000002	164.62800000000001
55	21	2	165.33600000000004	5.108
55	22	2	164.99999999999994	45.00000000000002
55	23	2	164.99999999999994	84.99999999999997
55	24	2	164.86799999999997	125.09599999999999
55	25	2	164.3235294117647	164.5882352941177
55	26	1	48.375249500997974	27.990019960079852
55	27	1	82.37474949899794	109.89579158316631
55	28	1	75.09580838323355	70.77045908183631
55	29	1	95.05600000000003	62.33999999999997
55	30	1	175.53293413173645	141.245508982036
55	31	1	141.56000000000006	148.994
55	32	1	15.598	104.718
55	33	1	112.13599999999997	172.43799999999982
55	34	1	191.82035928143713	153.84630738522952
55	35	1	142.49400000000009	169.48600000000002
55	36	1	150.84630738522952	189.23153692614753
55	37	1	123.57569721115534	192.14741035856562
55	38	1	59.4570858283433	193.39720558882226
55	39	1	172.40518962075868	181.57485029940122
55	40	1	13.33799999999999	20.196
55	41	1	116.27689243027898	146.91832669322707
55	42	1	39.45309381237526	184.19760479041938
55	43	1	30.02200000000002	81.65199999999994
55	44	1	64.14770459081838	171.28542914171655
55	45	1	33.13173652694613	112.5249500998004
56	1	2	4.927999999999999	4.604000000000001
56	2	2	4.9999999999999964	45
56	3	2	5.103999999999996	85.01200000000003
56	4	2	4.9999999999999964	125.00000000000003
56	5	2	4.9999999999999964	165.00000000000009
56	6	2	45.00000000000003	5.000000000000002
56	7	2	45.00000000000002	45.29999999999999
56	8	2	45.86799999999999	85.59599999999999
56	9	2	45.00000000000003	124.99999999999997
56	10	2	44.708000000000006	164.88799999999992
56	11	2	84.944	5.036000000000003
56	12	2	84.99999999999997	45.00000000000002
56	13	2	85.36625514403288	85.38683127572016
56	14	2	85.36051502145926	125.70386266094418
56	15	2	85.23999999999994	165.04399999999987
56	16	2	125.58333333333334	6.666666666666667
56	17	2	124.89200000000001	45.011999999999986
56	18	2	125.10800000000002	85.01999999999997
56	19	2	124.99600000000004	125.09999999999997
56	20	2	125.64400000000002	164.62800000000001
56	21	2	165.33600000000004	5.108
56	22	2	164.99999999999994	45.00000000000002
56	23	2	164.99999999999994	84.99999999999997
56	24	2	164.86799999999997	125.09599999999999
56	25	2	164.3235294117647	164.5882352941177
56	26	1	48.47904191616768	27.926147704590814
56	27	1	82.19560878243517	109.87624750498996
56	28	1	75.15799999999999	70.72799999999991
56	29	1	95.05400000000002	62.39599999999998
56	30	1	175.5708582834333	141.27944111776452
56	31	1	141.40518962075825	149.05788423153706
56	32	1	15.611999999999995	104.73000000000003
56	33	1	112.2754491017964	172.325349301397
56	34	1	191.86599999999999	153.8339999999998
56	35	1	142.4880000000001	169.5140000000003
56	36	1	150.92015968063873	189.29540918163661
56	37	1	123.77799999999996	192.02800000000002
56	38	1	59.52200000000003	193.4299999999999
56	39	1	172.1417165668661	181.64870259481046
56	40	1	13.372509960159357	20.1792828685259
56	41	1	116.21000000000014	146.6900000000001
56	42	1	39.55688622754491	184.13173652694618
56	43	1	29.97405189620758	81.73852295409188
56	44	1	64.19560878243516	171.35528942115772
56	45	1	33.15599999999997	112.52599999999998
57	1	2	4.927999999999999	4.604000000000001
57	2	2	4.9999999999999964	45
57	3	2	5.103999999999996	85.01200000000003
57	4	2	4.9999999999999964	125.00000000000003
57	5	2	4.9999999999999964	165.00000000000009
57	6	2	45.00000000000003	5.000000000000002
57	7	2	45.00000000000002	45.29999999999999
57	8	2	45.86799999999999	85.59599999999999
57	9	2	45.00000000000003	124.99999999999997
57	10	2	44.708000000000006	164.88799999999992
57	11	2	84.944	5.036000000000003
57	12	2	84.99999999999997	45.00000000000002
57	13	2	85.36625514403288	85.38683127572016
57	14	2	85.36051502145926	125.70386266094418
57	15	2	85.23999999999994	165.04399999999987
57	16	2	125.58333333333334	6.666666666666667
57	17	2	124.89200000000001	45.011999999999986
57	18	2	125.10800000000002	85.01999999999997
57	19	2	124.99600000000004	125.09999999999997
57	20	2	125.64400000000002	164.62800000000001
57	21	2	165.33600000000004	5.108
57	22	2	164.99999999999994	45.00000000000002
57	23	2	164.99999999999994	84.99999999999997
57	24	2	164.86799999999997	125.09599999999999
57	25	2	164.3235294117647	164.5882352941177
57	26	1	48.53293413173653	27.92215568862276
57	27	1	81.9081836327346	109.9421157684631
57	28	1	75.1536926147705	70.64670658682637
57	29	1	94.9600798403194	62.48902195608786
57	30	1	175.67864271457074	141.2794411177644
57	31	1	141.23600000000005	149.13000000000014
57	32	1	15.642714570858281	104.82834331337322
57	33	1	112.39920159680646	172.41117764471068
57	34	1	191.78243512974052	153.91017964071824
57	35	1	142.39000000000007	169.59200000000013
57	36	1	151.17564870259474	189.2115768463074
57	37	1	123.88423153692612	191.96007984031934
57	38	1	59.602794411177655	193.45708582834342
57	39	1	171.95399999999992	181.62600000000018
57	40	1	13.469999999999999	20.151999999999997
57	41	1	116.06586826347302	146.71457085828342
57	42	1	39.59199999999999	184.0700000000001
57	43	1	29.994011976047886	81.93413173652687
57	44	1	64.26	171.5560000000002
57	45	1	33.25800000000001	112.56599999999997
58	1	2	4.927999999999999	4.604000000000001
58	2	2	4.9999999999999964	45
58	3	2	5.103999999999996	85.01200000000003
58	4	2	4.9999999999999964	125.00000000000003
58	5	2	4.9999999999999964	165.00000000000009
58	6	2	45.00000000000003	5.000000000000002
58	7	2	45.00000000000002	45.29999999999999
58	8	2	45.86799999999999	85.59599999999999
58	9	2	45.00000000000003	124.99999999999997
58	10	2	44.708000000000006	164.88799999999992
58	11	2	84.944	5.036000000000003
58	12	2	84.99999999999997	45.00000000000002
58	13	2	85.36625514403288	85.38683127572016
58	14	2	85.36051502145926	125.70386266094418
58	15	2	85.23999999999994	165.04399999999987
58	16	2	125.58333333333334	6.666666666666667
58	17	2	124.89200000000001	45.011999999999986
58	18	2	125.10800000000002	85.01999999999997
58	19	2	124.99600000000004	125.09999999999997
58	20	2	125.64400000000002	164.62800000000001
58	21	2	165.33600000000004	5.108
58	22	2	164.99999999999994	45.00000000000002
58	23	2	164.99999999999994	84.99999999999997
58	24	2	164.86799999999997	125.09599999999999
58	25	2	164.3235294117647	164.5882352941177
58	26	1	48.58682634730539	27.810379241516962
58	27	1	81.80399999999997	109.97
58	28	1	75.1175298804781	70.60159362549797
58	29	1	94.912	62.457999999999956
58	30	1	175.74051896207598	141.30339321357295
58	31	1	141.0597609561755	149.15936254980096
58	32	1	15.744000000000003	104.92599999999997
58	33	1	112.56199999999995	172.504
58	34	1	191.73600000000002	153.87999999999994
58	35	1	142.4271457085829	169.6067864271458
58	36	1	151.16966067864263	189.26546906187642
58	37	1	123.9341317365269	191.8922155688621
58	38	1	59.657999999999944	193.4700000000001
58	39	1	171.89820359281435	181.63672654690612
58	40	1	13.49900199600799	20.173652694610784
58	41	1	115.81836327345303	146.78443113772454
58	42	1	39.68800000000002	183.98199999999986
58	43	1	29.910000000000004	82.08599999999988
58	44	1	64.30600000000005	171.566
58	45	1	33.301999999999985	112.53999999999999
59	1	2	4.927999999999999	4.604000000000001
59	2	2	4.9999999999999964	45
59	3	2	5.103999999999996	85.01200000000003
59	4	2	4.9999999999999964	125.00000000000003
59	5	2	4.9999999999999964	165.00000000000009
59	6	2	45.00000000000003	5.000000000000002
59	7	2	45.00000000000002	45.29999999999999
59	8	2	45.86799999999999	85.59599999999999
59	9	2	45.00000000000003	124.99999999999997
59	10	2	44.708000000000006	164.88799999999992
59	11	2	84.944	5.036000000000003
59	12	2	84.99999999999997	45.00000000000002
59	13	2	85.36625514403288	85.38683127572016
59	14	2	85.36051502145926	125.70386266094418
59	15	2	85.23999999999994	165.04399999999987
59	16	2	125.58333333333334	6.666666666666667
59	17	2	124.89200000000001	45.011999999999986
59	18	2	125.10800000000002	85.01999999999997
59	19	2	124.99600000000004	125.09999999999997
59	20	2	125.64400000000002	164.62800000000001
59	21	2	165.33600000000004	5.108
59	22	2	164.99999999999994	45.00000000000002
59	23	2	164.99999999999994	84.99999999999997
59	24	2	164.86799999999997	125.09599999999999
59	25	2	164.3235294117647	164.5882352941177
59	26	1	48.77245508982038	27.796407185628752
59	27	1	81.63399999999994	110.026
59	28	1	75.19600000000004	70.60400000000004
59	29	1	94.88645418326686	62.38047808764941
59	30	1	175.744	141.3179999999999
59	31	1	140.99201596806387	149.22754491017977
59	32	1	15.736526946107782	104.83632734530936
59	33	1	112.7884231536925	172.73053892215583
59	34	1	191.76047904191617	153.87425149700584
59	35	1	142.3872255489021	169.5808383233533
59	36	1	151.16999999999996	189.22999999999993
59	37	1	123.98602794411185	191.9181636726546
59	38	1	59.69860279441118	193.55489021956078
59	39	1	171.70658682634726	181.56087824351295
59	40	1	13.505999999999988	20.215999999999983
59	41	1	115.74	146.8060000000001
59	42	1	39.73399999999997	183.93999999999997
59	43	1	29.939999999999994	82.23999999999987
59	44	1	64.31536926147703	171.62275449101787
59	45	1	33.35129740518963	112.5189620758483
60	1	2	4.927999999999999	4.604000000000001
60	2	2	4.9999999999999964	45
60	3	2	5.103999999999996	85.01200000000003
60	4	2	4.9999999999999964	125.00000000000003
60	5	2	4.9999999999999964	165.00000000000009
60	6	2	45.00000000000003	5.000000000000002
60	7	2	45.00000000000002	45.29999999999999
60	8	2	45.86799999999999	85.59599999999999
60	9	2	45.00000000000003	124.99999999999997
60	10	2	44.708000000000006	164.88799999999992
60	11	2	84.944	5.036000000000003
60	12	2	84.99999999999997	45.00000000000002
60	13	2	85.36625514403288	85.38683127572016
60	14	2	85.36051502145926	125.70386266094418
60	15	2	85.23999999999994	165.04399999999987
60	16	2	125.58333333333334	6.666666666666667
60	17	2	124.89200000000001	45.011999999999986
60	18	2	125.10800000000002	85.01999999999997
60	19	2	124.99600000000004	125.09999999999997
60	20	2	125.64400000000002	164.62800000000001
60	21	2	165.33600000000004	5.108
60	22	2	164.99999999999994	45.00000000000002
60	23	2	164.99999999999994	84.99999999999997
60	24	2	164.86799999999997	125.09599999999999
60	25	2	164.3235294117647	164.5882352941177
60	26	1	48.814371257485	27.840319361277455
60	27	1	81.58682634730539	110.03393213572846
60	28	1	75.21600000000008	70.48400000000004
60	29	1	94.76646706586821	62.35728542914175
60	30	1	175.80239520958085	141.2954091816366
60	31	1	140.724	149.2879999999999
60	32	1	15.75399999999999	104.88799999999999
60	33	1	112.88799999999993	172.77399999999992
60	34	1	191.746	153.94000000000003
60	35	1	142.3567134268537	169.69939879759517
60	36	1	151.33599999999998	189.306
60	37	1	124.05788423153696	191.83632734530954
60	38	1	59.74850299401196	193.55888223552918
60	39	1	171.6307385229541	181.53493013972073
60	40	1	13.564870259481035	20.195608782435144
60	41	1	115.53692614770462	146.87225548902185
60	42	1	39.77799999999999	183.918
60	43	1	29.862275449101798	82.49101796407184
60	44	1	64.35728542914177	171.64670658682624
60	45	1	33.36072144288579	112.46492985971936
61	1	2	4.927999999999999	4.604000000000001
61	2	2	4.9999999999999964	45
61	3	2	5.103999999999996	85.01200000000003
61	4	2	4.9999999999999964	125.00000000000003
61	5	2	4.9999999999999964	165.00000000000009
61	6	2	45.00000000000003	5.000000000000002
61	7	2	45.00000000000002	45.29999999999999
61	8	2	45.86799999999999	85.59599999999999
61	9	2	45.00000000000003	124.99999999999997
61	10	2	44.708000000000006	164.88799999999992
61	11	2	84.944	5.036000000000003
61	12	2	84.99999999999997	45.00000000000002
61	13	2	85.36625514403288	85.38683127572016
61	14	2	85.36051502145926	125.70386266094418
61	15	2	85.23999999999994	165.04399999999987
61	16	2	125.58333333333334	6.666666666666667
61	17	2	124.89200000000001	45.011999999999986
61	18	2	125.10800000000002	85.01999999999997
61	19	2	124.99600000000004	125.09999999999997
61	20	2	125.64400000000002	164.62800000000001
61	21	2	165.33600000000004	5.108
61	22	2	164.99999999999994	45.00000000000002
61	23	2	164.99999999999994	84.99999999999997
61	24	2	164.86799999999997	125.09599999999999
61	25	2	164.3235294117647	164.5882352941177
61	26	1	49.00598802395209	27.89620758483033
61	27	1	81.5338645418326	109.98605577689246
61	28	1	75.22000000000006	70.47999999999996
61	29	1	94.69061876247504	62.32135728542916
61	30	1	175.84031936127752	141.29540918163678
61	31	1	140.56287425149696	149.3433133732535
61	32	1	15.792415169660675	104.95009980039923
61	33	1	112.96806387225556	172.8842315369262
61	34	1	191.732	154.0099999999999
61	35	1	142.42999999999995	169.72800000000012
61	36	1	151.40718562874238	189.40518962075862
61	37	1	124.17000000000013	191.79600000000002
61	38	1	59.72800000000004	193.576
61	39	1	171.49800000000008	181.44799999999998
61	40	1	13.697394789579146	20.134268537074156
61	41	1	115.41800000000009	146.8820000000001
61	42	1	39.80000000000001	183.78600000000012
61	43	1	29.813627254509026	82.69138276553115
61	44	1	64.3692614770459	171.7005988023952
61	45	1	33.40119760479041	112.43912175648703
62	1	2	4.927999999999999	4.604000000000001
62	2	2	4.9999999999999964	45
62	3	2	5.103999999999996	85.01200000000003
62	4	2	4.9999999999999964	125.00000000000003
62	5	2	4.9999999999999964	165.00000000000009
62	6	2	45.00000000000003	5.000000000000002
62	7	2	45.00000000000002	45.29999999999999
62	8	2	45.86799999999999	85.59599999999999
62	9	2	45.00000000000003	124.99999999999997
62	10	2	44.708000000000006	164.88799999999992
62	11	2	84.944	5.036000000000003
62	12	2	84.99999999999997	45.00000000000002
62	13	2	85.36625514403288	85.38683127572016
62	14	2	85.36051502145926	125.70386266094418
62	15	2	85.23999999999994	165.04399999999987
62	16	2	125.58333333333334	6.666666666666667
62	17	2	124.89200000000001	45.011999999999986
62	18	2	125.10800000000002	85.01999999999997
62	19	2	124.99600000000004	125.09999999999997
62	20	2	125.64400000000002	164.62800000000001
62	21	2	165.33600000000004	5.108
62	22	2	164.99999999999994	45.00000000000002
62	23	2	164.99999999999994	84.99999999999997
62	24	2	164.86799999999997	125.09599999999999
62	25	2	164.3235294117647	164.5882352941177
62	26	1	49.10778443113774	27.886227544910177
62	27	1	81.21000000000001	110.01999999999988
62	28	1	75.27544910179648	70.40119760479043
62	29	1	94.69539078156312	62.272545090180344
62	30	1	175.91199999999998	141.40400000000002
62	31	1	140.48799999999983	149.374
62	32	1	15.860279441117767	104.92614770459085
62	33	1	113.04790419161684	172.78642714570853
62	34	1	191.822	154.14800000000028
62	35	1	142.44910179640706	169.76047904191626
62	36	1	151.38123752494994	189.48702594810388
62	37	1	124.2255489021956	191.82834331337332
62	38	1	59.74850299401199	193.52894211576833
62	39	1	171.16334661354563	181.43227091633477
62	40	1	13.7804391217565	20.117764471057875
62	41	1	115.39999999999996	146.81999999999988
62	42	1	39.70999999999998	183.79399999999993
62	43	1	29.898203592814365	82.8962075848304
62	44	1	64.28884462151396	171.74701195219134
62	45	1	33.40718562874252	112.4491017964072
63	1	2	4.927999999999999	4.604000000000001
63	2	2	4.9999999999999964	45
63	3	2	5.103999999999996	85.01200000000003
63	4	2	4.9999999999999964	125.00000000000003
63	5	2	4.9999999999999964	165.00000000000009
63	6	2	45.00000000000003	5.000000000000002
63	7	2	45.00000000000002	45.29999999999999
63	8	2	45.86799999999999	85.59599999999999
63	9	2	45.00000000000003	124.99999999999997
63	10	2	44.708000000000006	164.88799999999992
63	11	2	84.944	5.036000000000003
63	12	2	84.99999999999997	45.00000000000002
63	13	2	85.36625514403288	85.38683127572016
63	14	2	85.36051502145926	125.70386266094418
63	15	2	85.23999999999994	165.04399999999987
63	16	2	125.58333333333334	6.666666666666667
63	17	2	124.89200000000001	45.011999999999986
63	18	2	125.10800000000002	85.01999999999997
63	19	2	124.99600000000004	125.09999999999997
63	20	2	125.64400000000002	164.62800000000001
63	21	2	165.33600000000004	5.108
63	22	2	164.99999999999994	45.00000000000002
63	23	2	164.99999999999994	84.99999999999997
63	24	2	164.86799999999997	125.09599999999999
63	25	2	164.3235294117647	164.5882352941177
63	26	1	49.26200000000001	27.793999999999986
63	27	1	80.99600000000007	110.06599999999997
63	28	1	75.38722554890215	70.27944111776443
63	29	1	94.75999999999988	62.29799999999997
63	30	1	175.9920159680639	141.39321357285422
63	31	1	140.40399999999994	149.42600000000022
63	32	1	15.922155688622755	104.99600798403193
63	33	1	113.31600000000003	172.92200000000003
63	34	1	191.82035928143713	154.17564870259494
63	35	1	142.47000000000006	169.85800000000032
63	36	1	151.4741035856574	189.58764940239038
63	37	1	124.37000000000003	191.72400000000002
63	38	1	59.71856287425152	193.56487025948115
63	39	1	170.94411177644722	181.36327345309414
63	40	1	13.832	19.985999999999997
63	41	1	115.16566866267462	146.92814371257484
63	42	1	39.716566866267456	183.67864271457063
63	43	1	29.776447105788453	83.17564870259474
63	44	1	64.22000000000001	171.7879999999999
63	45	1	33.464000000000006	112.41399999999999
64	1	2	4.927999999999999	4.604000000000001
64	2	2	4.9999999999999964	45
64	3	2	5.103999999999996	85.01200000000003
64	4	2	4.9999999999999964	125.00000000000003
64	5	2	4.9999999999999964	165.00000000000009
64	6	2	45.00000000000003	5.000000000000002
64	7	2	45.00000000000002	45.29999999999999
64	8	2	45.86799999999999	85.59599999999999
64	9	2	45.00000000000003	124.99999999999997
64	10	2	44.708000000000006	164.88799999999992
64	11	2	84.944	5.036000000000003
64	12	2	84.99999999999997	45.00000000000002
64	13	2	85.36625514403288	85.38683127572016
64	14	2	85.36051502145926	125.70386266094418
64	15	2	85.23999999999994	165.04399999999987
64	16	2	125.58333333333334	6.666666666666667
64	17	2	124.89200000000001	45.011999999999986
64	18	2	125.10800000000002	85.01999999999997
64	19	2	124.99600000000004	125.09999999999997
64	20	2	125.64400000000002	164.62800000000001
64	21	2	165.33600000000004	5.108
64	22	2	164.99999999999994	45.00000000000002
64	23	2	164.99999999999994	84.99999999999997
64	24	2	164.86799999999997	125.09599999999999
64	25	2	164.3235294117647	164.5882352941177
64	26	1	49.2055888223553	27.768463073852303
64	27	1	80.8522954091817	110.13572854291414
64	28	1	75.42599999999993	70.24800000000013
64	29	1	94.68599999999998	62.25200000000002
64	30	1	176.08383233532925	141.3433133732536
64	31	1	140.21513944223122	149.43824701195234
64	32	1	15.966135458167335	105.08764940239041
64	33	1	113.43286573146298	172.98797595190376
64	34	1	191.86	154.2260000000001
64	35	1	142.46800000000002	169.93199999999993
64	36	1	151.51302605210415	189.6973947895792
64	37	1	124.39121756487023	191.7365269461079
64	38	1	59.75600000000001	193.616
64	39	1	170.61876247505006	181.37524950099805
64	40	1	13.907999999999992	19.953999999999997
64	41	1	115.02794411177649	146.8642714570858
64	42	1	39.644000000000005	183.574
64	43	1	29.872255489021928	83.42115768463073
64	44	1	64.08982035928145	172.01596806387232
64	45	1	33.46599999999997	112.57600000000006
65	1	2	4.927999999999999	4.604000000000001
65	2	2	4.9999999999999964	45
65	3	2	5.103999999999996	85.01200000000003
65	4	2	4.9999999999999964	125.00000000000003
65	5	2	4.9999999999999964	165.00000000000009
65	6	2	45.00000000000003	5.000000000000002
65	7	2	45.00000000000002	45.29999999999999
65	8	2	45.86799999999999	85.59599999999999
65	9	2	45.00000000000003	124.99999999999997
65	10	2	44.708000000000006	164.88799999999992
65	11	2	84.944	5.036000000000003
65	12	2	84.99999999999997	45.00000000000002
65	13	2	85.36625514403288	85.38683127572016
65	14	2	85.36051502145926	125.70386266094418
65	15	2	85.23999999999994	165.04399999999987
65	16	2	125.58333333333334	6.666666666666667
65	17	2	124.89200000000001	45.011999999999986
65	18	2	125.10800000000002	85.01999999999997
65	19	2	124.99600000000004	125.09999999999997
65	20	2	125.64400000000002	164.62800000000001
65	21	2	165.33600000000004	5.108
65	22	2	164.99999999999994	45.00000000000002
65	23	2	164.99999999999994	84.99999999999997
65	24	2	164.86799999999997	125.09599999999999
65	25	2	164.3235294117647	164.5882352941177
65	26	1	49.37125748502993	27.780439121756498
65	27	1	80.722	110.09799999999998
65	28	1	75.36926147704581	70.36327345309388
65	29	1	94.55089820359284	62.24351297405194
65	30	1	176.11600000000027	141.33399999999997
65	31	1	140.17964071856295	149.50299401197597
65	32	1	16.122000000000007	105.24600000000008
65	33	1	113.58682634730539	173.06786427145687
65	34	1	191.82834331337324	154.25748502994014
65	35	1	142.50701402805632	169.9218436873748
65	36	1	151.46800000000002	189.802
65	37	1	124.49900199600805	191.72055888223545
65	38	1	59.764471057884236	193.63872255489002
65	39	1	170.45219123505981	181.33067729083646
65	40	1	13.968063872255481	19.916167664670674
65	41	1	114.94000000000015	146.88999999999996
65	42	1	39.65668662674651	183.6027944111778
65	43	1	29.796407185628745	83.70259481037925
65	44	1	64.08800000000001	172.06800000000007
65	45	1	33.51599999999999	112.45399999999994
66	1	2	4.927999999999999	4.604000000000001
66	2	2	4.9999999999999964	45
66	3	2	5.103999999999996	85.01200000000003
66	4	2	4.9999999999999964	125.00000000000003
66	5	2	4.9999999999999964	165.00000000000009
66	6	2	45.00000000000003	5.000000000000002
66	7	2	45.00000000000002	45.29999999999999
66	8	2	45.86799999999999	85.59599999999999
66	9	2	45.00000000000003	124.99999999999997
66	10	2	44.708000000000006	164.88799999999992
66	11	2	84.944	5.036000000000003
66	12	2	84.99999999999997	45.00000000000002
66	13	2	85.36625514403288	85.38683127572016
66	14	2	85.36051502145926	125.70386266094418
66	15	2	85.23999999999994	165.04399999999987
66	16	2	125.58333333333334	6.666666666666667
66	17	2	124.89200000000001	45.011999999999986
66	18	2	125.10800000000002	85.01999999999997
66	19	2	124.99600000000004	125.09999999999997
66	20	2	125.64400000000002	164.62800000000001
66	21	2	165.33600000000004	5.108
66	22	2	164.99999999999994	45.00000000000002
66	23	2	164.99999999999994	84.99999999999997
66	24	2	164.86799999999997	125.09599999999999
66	25	2	164.3235294117647	164.5882352941177
66	26	1	49.5289421157685	27.83832335329343
66	27	1	80.51696606786427	110.0558882235529
66	28	1	75.36726546906189	70.26746506986021
66	29	1	94.38522954091816	62.357285429141704
66	30	1	176.16766467065864	141.32534930139718
66	31	1	140.1195219123506	149.4641434262947
66	32	1	16.109999999999985	105.33599999999994
66	33	1	113.84999999999998	173.1320000000001
66	34	1	191.87800000000001	154.22799999999998
66	35	1	142.62475049900198	169.92215568862275
66	36	1	151.5079681274902	189.89641434262944
66	37	1	124.53600000000002	191.67399999999986
66	38	1	59.71999999999998	193.70399999999987
66	39	1	170.37999999999985	181.3199999999999
66	40	1	13.904191616766468	19.75848303393215
66	41	1	114.856	146.91199999999992
66	42	1	39.69061876247505	183.4530938123753
66	43	1	29.770459081836332	84.0179640718563
66	44	1	64.08800000000001	172.11000000000004
66	45	1	33.551999999999985	112.522
67	1	2	4.927999999999999	4.604000000000001
67	2	2	4.9999999999999964	45
67	3	2	5.103999999999996	85.01200000000003
67	4	2	4.9999999999999964	125.00000000000003
67	5	2	4.9999999999999964	165.00000000000009
67	6	2	45.00000000000003	5.000000000000002
67	7	2	45.00000000000002	45.29999999999999
67	8	2	45.86799999999999	85.59599999999999
67	9	2	45.00000000000003	124.99999999999997
67	10	2	44.708000000000006	164.88799999999992
67	11	2	84.944	5.036000000000003
67	12	2	84.99999999999997	45.00000000000002
67	13	2	85.36625514403288	85.38683127572016
67	14	2	85.36051502145926	125.70386266094418
67	15	2	85.23999999999994	165.04399999999987
67	16	2	125.58333333333334	6.666666666666667
67	17	2	124.89200000000001	45.011999999999986
67	18	2	125.10800000000002	85.01999999999997
67	19	2	124.99600000000004	125.09999999999997
67	20	2	125.64400000000002	164.62800000000001
67	21	2	165.33600000000004	5.108
67	22	2	164.99999999999994	45.00000000000002
67	23	2	164.99999999999994	84.99999999999997
67	24	2	164.86799999999997	125.09599999999999
67	25	2	164.3235294117647	164.5882352941177
67	26	1	49.557999999999986	27.805999999999987
67	27	1	80.38123752495021	110.07385229540921
67	28	1	75.38522954091819	70.17564870259473
67	29	1	94.20758483033933	62.435129740519
67	30	1	176.304	141.31
67	31	1	139.91035856573723	149.49203187250967
67	32	1	16.231536926147708	105.63073852295406
67	33	1	114.02994011976052	173.23752495009978
67	34	1	191.894	154.19600000000003
67	35	1	142.7225548902198	170.003992015968
67	36	1	151.55089820359288	189.92215568862304
67	37	1	124.45399999999995	191.68599999999995
67	38	1	59.70658682634729	193.71057884231539
67	39	1	170.38323353293438	181.40518962075845
67	40	1	13.954091816367258	19.73253493013972
67	41	1	114.74451097804395	146.8942115768463
67	42	1	39.75848303393211	183.40319361277452
67	43	1	29.682000000000016	84.30199999999999
67	44	1	64.13600000000005	172.096
67	45	1	33.558882235528934	112.62275449101799
68	1	2	4.927999999999999	4.604000000000001
68	2	2	4.9999999999999964	45
68	3	2	5.103999999999996	85.01200000000003
68	4	2	4.9999999999999964	125.00000000000003
68	5	2	4.9999999999999964	165.00000000000009
68	6	2	45.00000000000003	5.000000000000002
68	7	2	45.00000000000002	45.29999999999999
68	8	2	45.86799999999999	85.59599999999999
68	9	2	45.00000000000003	124.99999999999997
68	10	2	44.708000000000006	164.88799999999992
68	11	2	84.944	5.036000000000003
68	12	2	84.99999999999997	45.00000000000002
68	13	2	85.36625514403288	85.38683127572016
68	14	2	85.36051502145926	125.70386266094418
68	15	2	85.23999999999994	165.04399999999987
68	16	2	125.58333333333334	6.666666666666667
68	17	2	124.89200000000001	45.011999999999986
68	18	2	125.10800000000002	85.01999999999997
68	19	2	124.99600000000004	125.09999999999997
68	20	2	125.64400000000002	164.62800000000001
68	21	2	165.33600000000004	5.108
68	22	2	164.99999999999994	45.00000000000002
68	23	2	164.99999999999994	84.99999999999997
68	24	2	164.86799999999997	125.09599999999999
68	25	2	164.3235294117647	164.5882352941177
68	26	1	49.58764940239041	27.74501992031873
68	27	1	80.14171656686625	110.1357285429141
68	28	1	75.35258964143435	70.1235059760956
68	29	1	94.10599999999987	62.54200000000002
68	30	1	176.32335329341313	141.34730538922165
68	31	1	139.64199999999997	149.4739999999999
68	32	1	16.278884462151407	105.86454183266926
68	33	1	114.23952095808384	173.4391217564871
68	34	1	191.93612774451097	154.32135728542934
68	35	1	142.85000000000022	169.90199999999982
68	36	1	151.63200000000003	190.00799999999995
68	37	1	124.58882235528931	191.65069860279422
68	38	1	59.68399999999997	193.73000000000013
68	39	1	170.36000000000007	181.38200000000003
68	40	1	14.025999999999994	19.765999999999995
68	41	1	114.57599999999992	146.98400000000007
68	42	1	39.87600000000001	183.16800000000012
68	43	1	29.590000000000007	84.50799999999998
68	44	1	64.16399999999996	172.1580000000002
68	45	1	33.514970059880206	112.74051896207588
69	1	2	4.927999999999999	4.604000000000001
69	2	2	4.9999999999999964	45
69	3	2	5.103999999999996	85.01200000000003
69	4	2	4.9999999999999964	125.00000000000003
69	5	2	4.9999999999999964	165.00000000000009
69	6	2	45.00000000000003	5.000000000000002
69	7	2	45.00000000000002	45.29999999999999
69	8	2	45.86799999999999	85.59599999999999
69	9	2	45.00000000000003	124.99999999999997
69	10	2	44.708000000000006	164.88799999999992
69	11	2	84.944	5.036000000000003
69	12	2	84.99999999999997	45.00000000000002
69	13	2	85.36625514403288	85.38683127572016
69	14	2	85.36051502145926	125.70386266094418
69	15	2	85.23999999999994	165.04399999999987
69	16	2	125.58333333333334	6.666666666666667
69	17	2	124.89200000000001	45.011999999999986
69	18	2	125.10800000000002	85.01999999999997
69	19	2	124.99600000000004	125.09999999999997
69	20	2	125.64400000000002	164.62800000000001
69	21	2	165.33600000000004	5.108
69	22	2	164.99999999999994	45.00000000000002
69	23	2	164.99999999999994	84.99999999999997
69	24	2	164.86799999999997	125.09599999999999
69	25	2	164.3235294117647	164.5882352941177
69	26	1	49.62600000000002	27.709999999999972
69	27	1	80.05988023952096	110.1057884231537
69	28	1	75.16966067864266	69.99800399201597
69	29	1	94.00599999999997	62.521999999999984
69	30	1	176.422	141.34999999999997
69	31	1	139.3752495009978	149.48103792415174
69	32	1	16.301397205588817	106.18562874251501
69	33	1	114.35399999999997	173.438
69	34	1	191.956	154.32799999999992
69	35	1	142.84031936127764	169.9041916167664
69	36	1	151.69123505976088	190.08167330677293
69	37	1	124.554	191.6519999999999
69	38	1	59.612	193.73999999999995
69	39	1	170.2714570858283	181.30139720558887
69	40	1	14.089820359281436	19.782435129740527
69	41	1	114.41400000000006	146.95599999999993
69	42	1	39.77290836653384	183.08167330677304
69	43	1	29.52799999999997	84.72400000000006
69	44	1	64.09400000000004	172.18400000000008
69	45	1	33.504	112.65600000000006
70	1	2	4.927999999999999	4.604000000000001
70	2	2	4.9999999999999964	45
70	3	2	5.103999999999996	85.01200000000003
70	4	2	4.9999999999999964	125.00000000000003
70	5	2	4.9999999999999964	165.00000000000009
70	6	2	45.00000000000003	5.000000000000002
70	7	2	45.00000000000002	45.29999999999999
70	8	2	45.86799999999999	85.59599999999999
70	9	2	45.00000000000003	124.99999999999997
70	10	2	44.708000000000006	164.88799999999992
70	11	2	84.944	5.036000000000003
70	12	2	84.99999999999997	45.00000000000002
70	13	2	85.36625514403288	85.38683127572016
70	14	2	85.36051502145926	125.70386266094418
70	15	2	85.23999999999994	165.04399999999987
70	16	2	125.58333333333334	6.666666666666667
70	17	2	124.89200000000001	45.011999999999986
70	18	2	125.10800000000002	85.01999999999997
70	19	2	124.99600000000004	125.09999999999997
70	20	2	125.64400000000002	164.62800000000001
70	21	2	165.33600000000004	5.108
70	22	2	164.99999999999994	45.00000000000002
70	23	2	164.99999999999994	84.99999999999997
70	24	2	164.86799999999997	125.09599999999999
70	25	2	164.3235294117647	164.5882352941177
70	26	1	49.63473053892214	27.726546906187625
70	27	1	79.75848303393205	110.14371257485031
70	28	1	75.12774451097802	70.13173652694613
70	29	1	93.88999999999999	62.54800000000002
70	30	1	176.52599999999998	141.4339999999999
70	31	1	139.23107569721097	149.50796812748993
70	32	1	16.337325349301395	106.39720558882225
70	33	1	114.35329341317357	173.43113772455072
70	34	1	191.938	154.3800000000001
70	35	1	142.83033932135737	169.96207584830336
70	36	1	151.79999999999995	190.112
70	37	1	124.6319999999999	191.60399999999993
70	38	1	59.512974051896165	193.7205588822355
70	39	1	170.08799999999988	181.2860000000001
70	40	1	14.092000000000013	19.789999999999967
70	41	1	114.22399999999995	147.03799999999993
70	42	1	39.70541082164324	183.07615230460928
70	43	1	29.566000000000006	84.99599999999995
70	44	1	64.074	172.18000000000006
70	45	1	33.56000000000003	112.70599999999993
71	1	2	4.927999999999999	4.604000000000001
71	2	2	4.9999999999999964	45
71	3	2	5.103999999999996	85.01200000000003
71	4	2	4.9999999999999964	125.00000000000003
71	5	2	4.9999999999999964	165.00000000000009
71	6	2	45.00000000000003	5.000000000000002
71	7	2	45.00000000000002	45.29999999999999
71	8	2	45.86799999999999	85.59599999999999
71	9	2	45.00000000000003	124.99999999999997
71	10	2	44.708000000000006	164.88799999999992
71	11	2	84.944	5.036000000000003
71	12	2	84.99999999999997	45.00000000000002
71	13	2	85.36625514403288	85.38683127572016
71	14	2	85.36051502145926	125.70386266094418
71	15	2	85.23999999999994	165.04399999999987
71	16	2	125.58333333333334	6.666666666666667
71	17	2	124.89200000000001	45.011999999999986
71	18	2	125.10800000000002	85.01999999999997
71	19	2	124.99600000000004	125.09999999999997
71	20	2	125.64400000000002	164.62800000000001
71	21	2	165.33600000000004	5.108
71	22	2	164.99999999999994	45.00000000000002
71	23	2	164.99999999999994	84.99999999999997
71	24	2	164.86799999999997	125.09599999999999
71	25	2	164.3235294117647	164.5882352941177
71	26	1	49.588000000000015	27.630000000000017
71	27	1	79.55089820359284	110.22754491017962
71	28	1	75.016	70.26199999999993
71	29	1	93.70658682634726	62.76447105788422
71	30	1	176.50898203592817	141.42914171656682
71	31	1	139.13600000000005	149.49199999999993
71	32	1	16.395999999999994	106.60200000000006
71	33	1	114.46999999999997	173.27599999999998
71	34	1	191.932	154.4499999999998
71	35	1	142.94000000000003	169.92200000000005
71	36	1	151.7179999999999	190.1499999999999
71	37	1	124.58400000000003	191.51399999999992
71	38	1	59.52295409181637	193.71656686626756
71	39	1	170.0359281437125	181.3732534930141
71	40	1	14.24750499001997	19.7664670658683
71	41	1	114.08183632734537	147.09381237524946
71	42	1	39.73600000000003	183.0559999999999
71	43	1	29.475049900199593	85.22954091816368
71	44	1	64.09800000000001	172.24599999999995
71	45	1	33.67131474103584	112.56772908366533
72	1	2	4.927999999999999	4.604000000000001
72	2	2	4.9999999999999964	45
72	3	2	5.103999999999996	85.01200000000003
72	4	2	4.9999999999999964	125.00000000000003
72	5	2	4.9999999999999964	165.00000000000009
72	6	2	45.00000000000003	5.000000000000002
72	7	2	45.00000000000002	45.29999999999999
72	8	2	45.86799999999999	85.59599999999999
72	9	2	45.00000000000003	124.99999999999997
72	10	2	44.708000000000006	164.88799999999992
72	11	2	84.944	5.036000000000003
72	12	2	84.99999999999997	45.00000000000002
72	13	2	85.36625514403288	85.38683127572016
72	14	2	85.36051502145926	125.70386266094418
72	15	2	85.23999999999994	165.04399999999987
72	16	2	125.58333333333334	6.666666666666667
72	17	2	124.89200000000001	45.011999999999986
72	18	2	125.10800000000002	85.01999999999997
72	19	2	124.99600000000004	125.09999999999997
72	20	2	125.64400000000002	164.62800000000001
72	21	2	165.33600000000004	5.108
72	22	2	164.99999999999994	45.00000000000002
72	23	2	164.99999999999994	84.99999999999997
72	24	2	164.86799999999997	125.09599999999999
72	25	2	164.3235294117647	164.5882352941177
72	26	1	49.57485029940121	27.598802395209578
72	27	1	79.53799999999994	110.34799999999993
72	28	1	74.95009980039922	70.38323353293407
72	29	1	93.61477045908185	62.78642714570858
72	30	1	176.4820000000001	141.3160000000001
72	31	1	138.86799999999997	149.44599999999997
72	32	1	16.439121756487026	106.70858283433132
72	33	1	114.466	173.32399999999996
72	34	1	191.8303393213573	154.45708582834328
72	35	1	142.94999999999993	169.88599999999988
72	36	1	151.78999999999994	190.0619999999998
72	37	1	124.6175298804781	191.43426294820716
72	38	1	59.46799999999997	193.722
72	39	1	170.05378486055778	181.284860557769
72	40	1	14.225548902195607	19.71057884231538
72	41	1	113.9640718562874	147.13373253493018
72	42	1	39.78685258964144	182.95219123505956
72	43	1	29.492	85.50200000000008
72	44	1	64.15369261477043	172.22954091816354
72	45	1	33.731999999999985	112.586
73	1	2	4.927999999999999	4.604000000000001
73	2	2	4.9999999999999964	45
73	3	2	5.103999999999996	85.01200000000003
73	4	2	4.9999999999999964	125.00000000000003
73	5	2	4.9999999999999964	165.00000000000009
73	6	2	45.00000000000003	5.000000000000002
73	7	2	45.00000000000002	45.29999999999999
73	8	2	45.86799999999999	85.59599999999999
73	9	2	45.00000000000003	124.99999999999997
73	10	2	44.708000000000006	164.88799999999992
73	11	2	84.944	5.036000000000003
73	12	2	84.99999999999997	45.00000000000002
73	13	2	85.36625514403288	85.38683127572016
73	14	2	85.36051502145926	125.70386266094418
73	15	2	85.23999999999994	165.04399999999987
73	16	2	125.58333333333334	6.666666666666667
73	17	2	124.89200000000001	45.011999999999986
73	18	2	125.10800000000002	85.01999999999997
73	19	2	124.99600000000004	125.09999999999997
73	20	2	125.64400000000002	164.62800000000001
73	21	2	165.33600000000004	5.108
73	22	2	164.99999999999994	45.00000000000002
73	23	2	164.99999999999994	84.99999999999997
73	24	2	164.86799999999997	125.09599999999999
73	25	2	164.3235294117647	164.5882352941177
73	26	1	49.72400000000001	27.522000000000002
73	27	1	79.58483033932133	110.27544910179628
73	28	1	74.88023952095803	70.36726546906186
73	29	1	93.56487025948103	62.86227544910173
73	30	1	176.58600000000004	141.19399999999993
73	31	1	138.86626746506982	149.4211576846309
73	32	1	16.464000000000002	106.89599999999997
73	33	1	114.49199999999998	173.37199999999999
73	34	1	191.842	154.43800000000002
73	35	1	142.9600798403193	169.84431137724553
73	36	1	151.7800000000002	190.10799999999992
73	37	1	124.69261477045903	191.3912175648704
73	38	1	59.359999999999964	193.6759999999999
73	39	1	169.93799999999993	181.32800000000017
73	40	1	14.248000000000001	19.653999999999996
73	41	1	113.86399999999999	147.24199999999996
73	42	1	39.740518962075846	182.80638722554892
73	43	1	29.491017964071865	85.79441117764472
73	44	1	64.21399999999998	172.34799999999993
73	45	1	33.89221556886226	112.47904191616773
74	1	2	4.927999999999999	4.604000000000001
74	2	2	4.9999999999999964	45
74	3	2	5.103999999999996	85.01200000000003
74	4	2	4.9999999999999964	125.00000000000003
74	5	2	4.9999999999999964	165.00000000000009
74	6	2	45.00000000000003	5.000000000000002
74	7	2	45.00000000000002	45.29999999999999
74	8	2	45.86799999999999	85.59599999999999
74	9	2	45.00000000000003	124.99999999999997
74	10	2	44.708000000000006	164.88799999999992
74	11	2	84.944	5.036000000000003
74	12	2	84.99999999999997	45.00000000000002
74	13	2	85.36625514403288	85.38683127572016
74	14	2	85.36051502145926	125.70386266094418
74	15	2	85.23999999999994	165.04399999999987
74	16	2	125.58333333333334	6.666666666666667
74	17	2	124.89200000000001	45.011999999999986
74	18	2	125.10800000000002	85.01999999999997
74	19	2	124.99600000000004	125.09999999999997
74	20	2	125.64400000000002	164.62800000000001
74	21	2	165.33600000000004	5.108
74	22	2	164.99999999999994	45.00000000000002
74	23	2	164.99999999999994	84.99999999999997
74	24	2	164.86799999999997	125.09599999999999
74	25	2	164.3235294117647	164.5882352941177
74	26	1	49.795999999999985	27.52000000000001
74	27	1	79.64870259481037	110.17365269461084
74	28	1	74.84400000000001	70.33800000000005
74	29	1	93.41716566866268	62.92814371257483
74	30	1	176.66666666666663	141.177644710579
74	31	1	138.76846307385236	149.37924151696615
74	32	1	16.497005988023936	107.1317365269461
74	33	1	114.68800000000007	173.48399999999998
74	34	1	191.89820359281435	154.54291417165652
74	35	1	142.96800000000013	169.86999999999986
74	36	1	151.77200000000002	190.22600000000003
74	37	1	124.69739478957923	191.4448897795591
74	38	1	59.25799999999997	193.70400000000006
74	39	1	169.817635270541	181.31863727454905
74	40	1	14.187999999999999	19.662000000000006
74	41	1	113.76247504990012	147.3812375249501
74	42	1	39.721999999999994	182.73999999999998
74	43	1	29.386454183266945	86.1374501992031
74	44	1	64.21843687374755	172.34869739478953
74	45	1	33.95800000000003	112.616
75	1	2	4.927999999999999	4.604000000000001
75	2	2	4.9999999999999964	45
75	3	2	5.103999999999996	85.01200000000003
75	4	2	4.9999999999999964	125.00000000000003
75	5	2	4.9999999999999964	165.00000000000009
75	6	2	45.00000000000003	5.000000000000002
75	7	2	45.00000000000002	45.29999999999999
75	8	2	45.86799999999999	85.59599999999999
75	9	2	45.00000000000003	124.99999999999997
75	10	2	44.708000000000006	164.88799999999992
75	11	2	84.944	5.036000000000003
75	12	2	84.99999999999997	45.00000000000002
75	13	2	85.36625514403288	85.38683127572016
75	14	2	85.36051502145926	125.70386266094418
75	15	2	85.23999999999994	165.04399999999987
75	16	2	125.58333333333334	6.666666666666667
75	17	2	124.89200000000001	45.011999999999986
75	18	2	125.10800000000002	85.01999999999997
75	19	2	124.99600000000004	125.09999999999997
75	20	2	125.64400000000002	164.62800000000001
75	21	2	165.33600000000004	5.108
75	22	2	164.99999999999994	45.00000000000002
75	23	2	164.99999999999994	84.99999999999997
75	24	2	164.86799999999997	125.09599999999999
75	25	2	164.3235294117647	164.5882352941177
75	26	1	49.77644710578845	27.395209580838326
75	27	1	79.49600000000001	110.16599999999997
75	28	1	74.812	70.27600000000001
75	29	1	93.24599999999997	62.95199999999996
75	30	1	176.73107569721117	141.01792828685245
75	31	1	138.59281437125762	149.3273453093812
75	32	1	16.47904191616766	107.17165668662679
75	33	1	114.75150300601203	173.51903807615238
75	34	1	191.88799999999998	154.502
75	35	1	143.07185628742508	169.78642714570856
75	36	1	152.03193612774456	190.30139720558896
75	37	1	124.84199999999991	191.35599999999997
75	38	1	59.191616766467114	193.67065868263472
75	39	1	169.89820359281427	181.28143712574845
75	40	1	14.187624750499001	19.686626746507
75	41	1	113.70717131474103	147.39442231075702
75	42	1	39.70400000000001	182.63599999999997
75	43	1	29.387225548902194	86.32934131736522
75	44	1	64.24399999999999	172.33600000000004
75	45	1	33.98400000000001	112.57600000000009
76	1	2	4.927999999999999	4.604000000000001
76	2	2	4.9999999999999964	45
76	3	2	5.103999999999996	85.01200000000003
76	4	2	4.9999999999999964	125.00000000000003
76	5	2	4.9999999999999964	165.00000000000009
76	6	2	45.00000000000003	5.000000000000002
76	7	2	45.00000000000002	45.29999999999999
76	8	2	45.86799999999999	85.59599999999999
76	9	2	45.00000000000003	124.99999999999997
76	10	2	44.708000000000006	164.88799999999992
76	11	2	84.944	5.036000000000003
76	12	2	84.99999999999997	45.00000000000002
76	13	2	85.36625514403288	85.38683127572016
76	14	2	85.36051502145926	125.70386266094418
76	15	2	85.23999999999994	165.04399999999987
76	16	2	125.58333333333334	6.666666666666667
76	17	2	124.89200000000001	45.011999999999986
76	18	2	125.10800000000002	85.01999999999997
76	19	2	124.99600000000004	125.09999999999997
76	20	2	125.64400000000002	164.62800000000001
76	21	2	165.33600000000004	5.108
76	22	2	164.99999999999994	45.00000000000002
76	23	2	164.99999999999994	84.99999999999997
76	24	2	164.86799999999997	125.09599999999999
76	25	2	164.3235294117647	164.5882352941177
76	26	1	49.76846307385226	27.381237524950098
76	27	1	79.39520958083831	110.21157684630735
76	28	1	74.72111553784863	70.22709163346613
76	29	1	93.15399999999998	62.97999999999998
76	30	1	176.83632734530934	140.88822355289432
76	31	1	138.3499999999999	149.21400000000003
76	32	1	16.495009980039914	107.25548902195612
76	33	1	114.74400000000006	173.55399999999992
76	34	1	191.89021956087825	154.56686626746514
76	35	1	143.15568862275458	169.676646706587
76	36	1	152.1459999999999	190.30600000000015
76	37	1	124.97604790419162	191.28343313373261
76	38	1	59.05999999999998	193.61399999999998
76	39	1	169.87848605577696	181.33665338645426
76	40	1	14.128000000000005	19.778
76	41	1	113.59081836327341	147.48103792415156
76	42	1	39.64670658682639	182.58283433133755
76	43	1	29.382470119521884	86.47609561752988
76	44	1	64.29540918163671	172.28542914171646
76	45	1	34.05800000000001	112.494
77	1	2	4.927999999999999	4.604000000000001
77	2	2	4.9999999999999964	45
77	3	2	5.103999999999996	85.01200000000003
77	4	2	4.9999999999999964	125.00000000000003
77	5	2	4.9999999999999964	165.00000000000009
77	6	2	45.00000000000003	5.000000000000002
77	7	2	45.00000000000002	45.29999999999999
77	8	2	45.86799999999999	85.59599999999999
77	9	2	45.00000000000003	124.99999999999997
77	10	2	44.708000000000006	164.88799999999992
77	11	2	84.944	5.036000000000003
77	12	2	84.99999999999997	45.00000000000002
77	13	2	85.36625514403288	85.38683127572016
77	14	2	85.36051502145926	125.70386266094418
77	15	2	85.23999999999994	165.04399999999987
77	16	2	125.58333333333334	6.666666666666667
77	17	2	124.89200000000001	45.011999999999986
77	18	2	125.10800000000002	85.01999999999997
77	19	2	124.99600000000004	125.09999999999997
77	20	2	125.64400000000002	164.62800000000001
77	21	2	165.33600000000004	5.108
77	22	2	164.99999999999994	45.00000000000002
77	23	2	164.99999999999994	84.99999999999997
77	24	2	164.86799999999997	125.09599999999999
77	25	2	164.3235294117647	164.5882352941177
77	26	1	49.749999999999964	27.380000000000017
77	27	1	79.3792415169661	110.14570858283435
77	28	1	74.70858283433138	70.29141716566862
77	29	1	93.06199999999998	63.02999999999999
77	30	1	176.89641434262955	140.78685258964134
77	31	1	138.28542914171672	149.15568862275438
77	32	1	16.47	107.35400000000006
77	33	1	114.90199999999997	173.64000000000007
77	34	1	191.884	154.6239999999999
77	35	1	143.15968063872276	169.70259481037928
77	36	1	152.19760479041918	190.41916167664678
77	37	1	125.05600000000001	191.29399999999987
77	38	1	58.99800796812753	193.601593625498
77	39	1	169.9381237524952	181.33732534930147
77	40	1	14.117764471057884	19.786427145708586
77	41	1	113.46307385229547	147.66866267465068
77	42	1	39.66000000000001	182.45000000000007
77	43	1	29.42115768463073	86.69061876247497
77	44	1	64.36000000000001	172.34000000000012
77	45	1	34.15369261477045	112.50299401197606
78	1	2	4.927999999999999	4.604000000000001
78	2	2	4.9999999999999964	45
78	3	2	5.103999999999996	85.01200000000003
78	4	2	4.9999999999999964	125.00000000000003
78	5	2	4.9999999999999964	165.00000000000009
78	6	2	45.00000000000003	5.000000000000002
78	7	2	45.00000000000002	45.29999999999999
78	8	2	45.86799999999999	85.59599999999999
78	9	2	45.00000000000003	124.99999999999997
78	10	2	44.708000000000006	164.88799999999992
78	11	2	84.944	5.036000000000003
78	12	2	84.99999999999997	45.00000000000002
78	13	2	85.36625514403288	85.38683127572016
78	14	2	85.36051502145926	125.70386266094418
78	15	2	85.23999999999994	165.04399999999987
78	16	2	125.58333333333334	6.666666666666667
78	17	2	124.89200000000001	45.011999999999986
78	18	2	125.10800000000002	85.01999999999997
78	19	2	124.99600000000004	125.09999999999997
78	20	2	125.64400000000002	164.62800000000001
78	21	2	165.33600000000004	5.108
78	22	2	164.99999999999994	45.00000000000002
78	23	2	164.99999999999994	84.99999999999997
78	24	2	164.86799999999997	125.09599999999999
78	25	2	164.3235294117647	164.5882352941177
78	26	1	49.77445109780439	27.29141716566864
78	27	1	79.16399999999996	110.17600000000007
78	28	1	74.53199999999998	70.28799999999997
78	29	1	92.93812375249497	62.9720558882235
78	30	1	177.00000000000006	140.6459999999999
78	31	1	138.10199999999998	149.13000000000002
78	32	1	16.436	107.52
78	33	1	115.01397205588825	173.76846307385253
78	34	1	191.83832335329342	154.65269461077852
78	35	1	143.28685258964128	169.71513944223113
78	36	1	152.2495009980039	190.47105788423178
78	37	1	125.10800000000002	191.27999999999994
78	38	1	58.97399999999999	193.55400000000012
78	39	1	169.95409181636728	181.47504990019962
78	40	1	14.132	19.754000000000012
78	41	1	113.37325349301402	147.75249500998012
78	42	1	39.6793587174349	182.37474949899806
78	43	1	29.361277445109792	86.99800399201597
78	44	1	64.40918163672654	172.429141716567
78	45	1	34.259481037924175	112.42315369261475
79	1	2	4.927999999999999	4.604000000000001
79	2	2	4.9999999999999964	45
79	3	2	5.103999999999996	85.01200000000003
79	4	2	4.9999999999999964	125.00000000000003
79	5	2	4.9999999999999964	165.00000000000009
79	6	2	45.00000000000003	5.000000000000002
79	7	2	45.00000000000002	45.29999999999999
79	8	2	45.86799999999999	85.59599999999999
79	9	2	45.00000000000003	124.99999999999997
79	10	2	44.708000000000006	164.88799999999992
79	11	2	84.944	5.036000000000003
79	12	2	84.99999999999997	45.00000000000002
79	13	2	85.36625514403288	85.38683127572016
79	14	2	85.36051502145926	125.70386266094418
79	15	2	85.23999999999994	165.04399999999987
79	16	2	125.58333333333334	6.666666666666667
79	17	2	124.89200000000001	45.011999999999986
79	18	2	125.10800000000002	85.01999999999997
79	19	2	124.99600000000004	125.09999999999997
79	20	2	125.64400000000002	164.62800000000001
79	21	2	165.33600000000004	5.108
79	22	2	164.99999999999994	45.00000000000002
79	23	2	164.99999999999994	84.99999999999997
79	24	2	164.86799999999997	125.09599999999999
79	25	2	164.3235294117647	164.5882352941177
79	26	1	49.77200000000001	27.311999999999983
79	27	1	79.1733067729084	110.10756972111567
79	28	1	74.30876494023906	70.32868525896409
79	29	1	92.71656686626731	62.96806387225551
79	30	1	176.9800000000002	140.46800000000002
79	31	1	137.8700000000001	149.0999999999998
79	32	1	16.45508982035929	107.63273453093807
79	33	1	115.01803607214426	173.8537074148297
79	34	1	191.81437125748505	154.6487025948105
79	35	1	143.32934131736516	169.624750499002
79	36	1	152.30278884462172	190.55577689243003
79	37	1	125.2095808383234	191.21956087824358
79	38	1	58.87425149700602	193.58483033932137
79	39	1	169.84031936127755	181.4970059880241
79	40	1	14.215568862275449	19.66067864271458
79	41	1	113.29740518962062	147.83832335329345
79	42	1	39.66200000000006	182.228
79	43	1	29.339321357285417	87.18363273453085
79	44	1	64.45708582834338	172.437125748503
79	45	1	34.41	112.40600000000003
80	1	2	4.927999999999999	4.604000000000001
80	2	2	4.9999999999999964	45
80	3	2	5.103999999999996	85.01200000000003
80	4	2	4.9999999999999964	125.00000000000003
80	5	2	4.9999999999999964	165.00000000000009
80	6	2	45.00000000000003	5.000000000000002
80	7	2	45.00000000000002	45.29999999999999
80	8	2	45.86799999999999	85.59599999999999
80	9	2	45.00000000000003	124.99999999999997
80	10	2	44.708000000000006	164.88799999999992
80	11	2	84.944	5.036000000000003
80	12	2	84.99999999999997	45.00000000000002
80	13	2	85.36625514403288	85.38683127572016
80	14	2	85.36051502145926	125.70386266094418
80	15	2	85.23999999999994	165.04399999999987
80	16	2	125.58333333333334	6.666666666666667
80	17	2	124.89200000000001	45.011999999999986
80	18	2	125.10800000000002	85.01999999999997
80	19	2	124.99600000000004	125.09999999999997
80	20	2	125.64400000000002	164.62800000000001
80	21	2	165.33600000000004	5.108
80	22	2	164.99999999999994	45.00000000000002
80	23	2	164.99999999999994	84.99999999999997
80	24	2	164.86799999999997	125.09599999999999
80	25	2	164.3235294117647	164.5882352941177
80	26	1	49.78443113772456	27.323353293413177
80	27	1	78.89221556886228	110.05189620758483
80	28	1	74.1636726546906	70.3532934131737
80	29	1	92.56886227544902	63.09181636726547
80	30	1	176.98799999999991	140.3399999999999
80	31	1	137.62000000000006	149.09800000000004
80	32	1	16.4003984063745	107.75498007968136
80	33	1	115.03792415169666	173.92215568862284
80	34	1	191.712	154.66599999999988
80	35	1	143.3046092184368	169.6152304609219
80	36	1	152.42714570858286	190.5528942115767
80	37	1	125.23199999999999	191.2019999999999
80	38	1	58.992015968063875	193.58283433133738
80	39	1	169.81199999999976	181.49599999999995
80	40	1	14.28942115768462	19.634730538922135
80	41	1	113.10799999999996	147.91000000000005
80	42	1	39.764471057884286	182.15568862275467
80	43	1	29.292828685258982	87.33266932270905
80	44	1	64.49900199600796	172.53892215568877
80	45	1	34.44510978043913	112.41916167664675
81	1	2	4.927999999999999	4.604000000000001
81	2	2	4.9999999999999964	45
81	3	2	5.103999999999996	85.01200000000003
81	4	2	4.9999999999999964	125.00000000000003
81	5	2	4.9999999999999964	165.00000000000009
81	6	2	45.00000000000003	5.000000000000002
81	7	2	45.00000000000002	45.29999999999999
81	8	2	45.86799999999999	85.59599999999999
81	9	2	45.00000000000003	124.99999999999997
81	10	2	44.708000000000006	164.88799999999992
81	11	2	84.944	5.036000000000003
81	12	2	84.99999999999997	45.00000000000002
81	13	2	85.36625514403288	85.38683127572016
81	14	2	85.36051502145926	125.70386266094418
81	15	2	85.23999999999994	165.04399999999987
81	16	2	125.58333333333334	6.666666666666667
81	17	2	124.89200000000001	45.011999999999986
81	18	2	125.10800000000002	85.01999999999997
81	19	2	124.99600000000004	125.09999999999997
81	20	2	125.64400000000002	164.62800000000001
81	21	2	165.33600000000004	5.108
81	22	2	164.99999999999994	45.00000000000002
81	23	2	164.99999999999994	84.99999999999997
81	24	2	164.86799999999997	125.09599999999999
81	25	2	164.3235294117647	164.5882352941177
81	26	1	49.79041916167665	27.29740518962074
81	27	1	78.86800000000007	110.06999999999996
81	28	1	74.09780439121757	70.34331337325352
81	29	1	92.43912175648695	63.16766467065871
81	30	1	177.10020040080164	140.12825651302595
81	31	1	137.51896207584844	149.1037924151697
81	32	1	16.342000000000002	107.82199999999996
81	33	1	115.15030060120229	173.9739478957917
81	34	1	191.75	154.59600000000006
81	35	1	143.35799999999992	169.592
81	36	1	152.43600000000015	190.63000000000002
81	37	1	125.193612774451	191.19361277445097
81	38	1	59.00600000000002	193.5400000000001
81	39	1	169.68199999999993	181.52399999999997
81	40	1	14.301397205588826	19.512974051896194
81	41	1	113.04590818363266	147.95009980039927
81	42	1	39.681274900398435	182.10756972111548
81	43	1	29.24302788844621	87.53984063745008
81	44	1	64.46200000000002	172.63400000000019
81	45	1	34.494	112.35200000000005
82	1	2	4.927999999999999	4.604000000000001
82	2	2	4.9999999999999964	45
82	3	2	5.103999999999996	85.01200000000003
82	4	2	4.9999999999999964	125.00000000000003
82	5	2	4.9999999999999964	165.00000000000009
82	6	2	45.00000000000003	5.000000000000002
82	7	2	45.00000000000002	45.29999999999999
82	8	2	45.86799999999999	85.59599999999999
82	9	2	45.00000000000003	124.99999999999997
82	10	2	44.708000000000006	164.88799999999992
82	11	2	84.944	5.036000000000003
82	12	2	84.99999999999997	45.00000000000002
82	13	2	85.36625514403288	85.38683127572016
82	14	2	85.36051502145926	125.70386266094418
82	15	2	85.23999999999994	165.04399999999987
82	16	2	125.58333333333334	6.666666666666667
82	17	2	124.89200000000001	45.011999999999986
82	18	2	125.10800000000002	85.01999999999997
82	19	2	124.99600000000004	125.09999999999997
82	20	2	125.64400000000002	164.62800000000001
82	21	2	165.33600000000004	5.108
82	22	2	164.99999999999994	45.00000000000002
82	23	2	164.99999999999994	84.99999999999997
82	24	2	164.86799999999997	125.09599999999999
82	25	2	164.3235294117647	164.5882352941177
82	26	1	49.84830339321356	27.26946107784428
82	27	1	78.78599999999994	110.07400000000003
82	28	1	73.88799999999998	70.17199999999991
82	29	1	92.2490039840638	63.15139442231076
82	30	1	177.21157684630737	139.79640718562877
82	31	1	137.32470119521898	148.97211155378486
82	32	1	16.30200000000001	107.97600000000004
82	33	1	115.05399999999995	174.04000000000005
82	34	1	191.732	154.61000000000004
82	35	1	143.32599999999982	169.5199999999999
82	36	1	152.44000000000005	190.64399999999978
82	37	1	125.26600000000002	191.12799999999993
82	38	1	58.913999999999966	193.57200000000012
82	39	1	169.64870259481037	181.5089820359282
82	40	1	14.327345309381231	19.604790419161684
82	41	1	112.91816367265463	148.09381237524954
82	42	1	39.604790419161674	182.02994011976043
82	43	1	29.237524950099807	87.71257485029933
82	44	1	64.39199999999995	172.67600000000007
82	45	1	34.60079840319357	112.2734530938124
83	1	2	4.927999999999999	4.604000000000001
83	2	2	4.9999999999999964	45
83	3	2	5.103999999999996	85.01200000000003
83	4	2	4.9999999999999964	125.00000000000003
83	5	2	4.9999999999999964	165.00000000000009
83	6	2	45.00000000000003	5.000000000000002
83	7	2	45.00000000000002	45.29999999999999
83	8	2	45.86799999999999	85.59599999999999
83	9	2	45.00000000000003	124.99999999999997
83	10	2	44.708000000000006	164.88799999999992
83	11	2	84.944	5.036000000000003
83	12	2	84.99999999999997	45.00000000000002
83	13	2	85.36625514403288	85.38683127572016
83	14	2	85.36051502145926	125.70386266094418
83	15	2	85.23999999999994	165.04399999999987
83	16	2	125.58333333333334	6.666666666666667
83	17	2	124.89200000000001	45.011999999999986
83	18	2	125.10800000000002	85.01999999999997
83	19	2	124.99600000000004	125.09999999999997
83	20	2	125.64400000000002	164.62800000000001
83	21	2	165.33600000000004	5.108
83	22	2	164.99999999999994	45.00000000000002
83	23	2	164.99999999999994	84.99999999999997
83	24	2	164.86799999999997	125.09599999999999
83	25	2	164.3235294117647	164.5882352941177
83	26	1	49.82965931863726	27.234468937875757
83	27	1	78.84630738522954	110.01397205588825
83	28	1	73.78199999999991	70.10600000000005
83	29	1	92.17365269461074	63.235528942115806
83	30	1	177.31736526946116	139.5668662674651
83	31	1	137.17330677290826	148.8725099601593
83	32	1	16.208000000000006	108.03400000000002
83	33	1	115.03399999999999	174.19600000000005
83	34	1	191.64870259481037	154.60479041916167
83	35	1	143.3373253493014	169.3732534930141
83	36	1	152.44088176352705	190.75551102204426
83	37	1	125.35528942115766	191.02395209580814
83	38	1	58.76846307385228	193.5249500998007
83	39	1	169.5808383233533	181.56686626746514
83	40	1	14.343313373253489	19.534930139720554
83	41	1	112.88423153692624	148.22954091816354
83	42	1	39.506	181.916
83	43	1	29.181636726546937	87.84231536926148
83	44	1	64.38000000000001	172.65000000000006
83	45	1	34.712	112.11799999999995
84	1	2	4.927999999999999	4.604000000000001
84	2	2	4.9999999999999964	45
84	3	2	5.103999999999996	85.01200000000003
84	4	2	4.9999999999999964	125.00000000000003
84	5	2	4.9999999999999964	165.00000000000009
84	6	2	45.00000000000003	5.000000000000002
84	7	2	45.00000000000002	45.29999999999999
84	8	2	45.86799999999999	85.59599999999999
84	9	2	45.00000000000003	124.99999999999997
84	10	2	44.708000000000006	164.88799999999992
84	11	2	84.944	5.036000000000003
84	12	2	84.99999999999997	45.00000000000002
84	13	2	85.36625514403288	85.38683127572016
84	14	2	85.36051502145926	125.70386266094418
84	15	2	85.23999999999994	165.04399999999987
84	16	2	125.58333333333334	6.666666666666667
84	17	2	124.89200000000001	45.011999999999986
84	18	2	125.10800000000002	85.01999999999997
84	19	2	124.99600000000004	125.09999999999997
84	20	2	125.64400000000002	164.62800000000001
84	21	2	165.33600000000004	5.108
84	22	2	164.99999999999994	45.00000000000002
84	23	2	164.99999999999994	84.99999999999997
84	24	2	164.86799999999997	125.09599999999999
84	25	2	164.3235294117647	164.5882352941177
84	26	1	49.76846307385233	27.12974051896209
84	27	1	78.77844311377244	109.98802395209577
84	28	1	73.70658682634745	70.08982035928142
84	29	1	92.0479041916167	63.23952095808382
84	30	1	177.4259999999999	139.36200000000017
84	31	1	136.9100000000002	148.79400000000015
84	32	1	16.189999999999998	108.07400000000004
84	33	1	115.06999999999996	174.288
84	34	1	191.636	154.58400000000006
84	35	1	143.464	169.24800000000002
84	36	1	152.54800000000012	190.72800000000004
84	37	1	125.41916167664667	190.9660678642714
84	38	1	58.69600000000004	193.50800000000015
84	39	1	169.60200000000006	181.57000000000008
84	40	1	14.389999999999995	19.520000000000007
84	41	1	112.878243512974	148.24750499002
84	42	1	39.47999999999999	181.83800000000005
84	43	1	29.123505976095604	87.97808764940237
84	44	1	64.39920159680642	172.73852295409202
84	45	1	34.82235528942117	112.04391217564873
85	1	2	4.927999999999999	4.604000000000001
85	2	2	4.9999999999999964	45
85	3	2	5.103999999999996	85.01200000000003
85	4	2	4.9999999999999964	125.00000000000003
85	5	2	4.9999999999999964	165.00000000000009
85	6	2	45.00000000000003	5.000000000000002
85	7	2	45.00000000000002	45.29999999999999
85	8	2	45.86799999999999	85.59599999999999
85	9	2	45.00000000000003	124.99999999999997
85	10	2	44.708000000000006	164.88799999999992
85	11	2	84.944	5.036000000000003
85	12	2	84.99999999999997	45.00000000000002
85	13	2	85.36625514403288	85.38683127572016
85	14	2	85.36051502145926	125.70386266094418
85	15	2	85.23999999999994	165.04399999999987
85	16	2	125.58333333333334	6.666666666666667
85	17	2	124.89200000000001	45.011999999999986
85	18	2	125.10800000000002	85.01999999999997
85	19	2	124.99600000000004	125.09999999999997
85	20	2	125.64400000000002	164.62800000000001
85	21	2	165.33600000000004	5.108
85	22	2	164.99999999999994	45.00000000000002
85	23	2	164.99999999999994	84.99999999999997
85	24	2	164.86799999999997	125.09599999999999
85	25	2	164.3235294117647	164.5882352941177
85	26	1	49.70999999999998	27.05600000000001
85	27	1	78.80039920159682	109.95209580838315
85	28	1	73.61553784860558	70.16135458167332
85	29	1	91.93013972055893	63.31736526946107
85	30	1	177.52999999999994	139.1779999999998
85	31	1	136.607214428858	148.64328657314624
85	32	1	16.238000000000007	108.10599999999994
85	33	1	115.11177644710577	174.37924151696615
85	34	1	191.58	154.61
85	35	1	143.598	169.07199999999992
85	36	1	152.6227544910182	190.76846307385225
85	37	1	125.63999999999994	190.86800000000002
85	38	1	58.70199999999999	193.5119999999999
85	39	1	169.63399999999993	181.68399999999988
85	40	1	14.433133732534927	19.441117764471045
85	41	1	112.8003992015968	148.25149700598797
85	42	1	39.512974051896215	181.79441117764475
85	43	1	29.11976047904191	88.08183632734526
85	44	1	64.4251497005988	172.6966067864271
85	45	1	34.89600000000001	112.01800000000001
86	1	2	4.927999999999999	4.604000000000001
86	2	2	4.9999999999999964	45
86	3	2	5.103999999999996	85.01200000000003
86	4	2	4.9999999999999964	125.00000000000003
86	5	2	4.9999999999999964	165.00000000000009
86	6	2	45.00000000000003	5.000000000000002
86	7	2	45.00000000000002	45.29999999999999
86	8	2	45.86799999999999	85.59599999999999
86	9	2	45.00000000000003	124.99999999999997
86	10	2	44.708000000000006	164.88799999999992
86	11	2	84.944	5.036000000000003
86	12	2	84.99999999999997	45.00000000000002
86	13	2	85.36625514403288	85.38683127572016
86	14	2	85.36051502145926	125.70386266094418
86	15	2	85.23999999999994	165.04399999999987
86	16	2	125.58333333333334	6.666666666666667
86	17	2	124.89200000000001	45.011999999999986
86	18	2	125.10800000000002	85.01999999999997
86	19	2	124.99600000000004	125.09999999999997
86	20	2	125.64400000000002	164.62800000000001
86	21	2	165.33600000000004	5.108
86	22	2	164.99999999999994	45.00000000000002
86	23	2	164.99999999999994	84.99999999999997
86	24	2	164.86799999999997	125.09599999999999
86	25	2	164.3235294117647	164.5882352941177
86	26	1	49.80999999999998	26.906000000000002
86	27	1	78.82600000000002	110.01800000000004
86	28	1	73.60878243512971	70.16566866267462
86	29	1	91.95019920318727	63.32669322709168
86	30	1	177.63073852295437	138.93612774451105
86	31	1	136.45508982035935	148.59081836327329
86	32	1	16.16566866267465	108.29341317365267
86	33	1	115.13827655310622	174.33266533066146
86	34	1	191.55599999999998	154.69200000000004
86	35	1	143.63399999999996	169.114
86	36	1	152.6320000000001	190.86199999999985
86	37	1	125.64800000000007	190.81199999999995
86	38	1	58.64200000000001	193.51000000000013
86	39	1	169.69061876247508	181.70459081836322
86	40	1	14.501999999999999	19.454000000000022
86	41	1	112.79441117764473	148.27345309381224
86	42	1	39.399999999999935	181.67400000000012
86	43	1	29.03193612774452	88.30738522954091
86	44	1	64.44799999999995	172.78799999999995
86	45	1	34.974000000000025	111.90399999999995
87	1	2	4.927999999999999	4.604000000000001
87	2	2	4.9999999999999964	45
87	3	2	5.103999999999996	85.01200000000003
87	4	2	4.9999999999999964	125.00000000000003
87	5	2	4.9999999999999964	165.00000000000009
87	6	2	45.00000000000003	5.000000000000002
87	7	2	45.00000000000002	45.29999999999999
87	8	2	45.86799999999999	85.59599999999999
87	9	2	45.00000000000003	124.99999999999997
87	10	2	44.708000000000006	164.88799999999992
87	11	2	84.944	5.036000000000003
87	12	2	84.99999999999997	45.00000000000002
87	13	2	85.36625514403288	85.38683127572016
87	14	2	85.36051502145926	125.70386266094418
87	15	2	85.23999999999994	165.04399999999987
87	16	2	125.58333333333334	6.666666666666667
87	17	2	124.89200000000001	45.011999999999986
87	18	2	125.10800000000002	85.01999999999997
87	19	2	124.99600000000004	125.09999999999997
87	20	2	125.64400000000002	164.62800000000001
87	21	2	165.33600000000004	5.108
87	22	2	164.99999999999994	45.00000000000002
87	23	2	164.99999999999994	84.99999999999997
87	24	2	164.86799999999997	125.09599999999999
87	25	2	164.3235294117647	164.5882352941177
87	26	1	49.75400000000002	26.868000000000016
87	27	1	78.77445109780443	109.94610778443116
87	28	1	73.51599999999995	70.11599999999993
87	29	1	91.84799999999997	63.425999999999966
87	30	1	177.78443113772457	138.82634730538948
87	31	1	136.25548902195607	148.44510978043917
87	32	1	16.03393213572855	108.33532934131736
87	33	1	115.28000000000002	174.38800000000006
87	34	1	191.5369261477046	154.71856287425143
87	35	1	143.79200000000003	168.80799999999994
87	36	1	152.6307385229543	190.97205588822362
87	37	1	125.78443113772454	190.76247504990013
87	38	1	58.49000000000003	193.52600000000004
87	39	1	169.61676646706593	181.78443113772462
87	40	1	14.586826347305376	19.435129740518974
87	41	1	112.73253493013966	148.317365269461
87	42	1	39.30460921843688	181.5791583166331
87	43	1	29.092000000000017	88.48599999999995
87	44	1	64.42000000000002	172.89000000000007
87	45	1	35.00798403193613	111.88223552894203
88	1	2	4.927999999999999	4.604000000000001
88	2	2	4.9999999999999964	45
88	3	2	5.103999999999996	85.01200000000003
88	4	2	4.9999999999999964	125.00000000000003
88	5	2	4.9999999999999964	165.00000000000009
88	6	2	45.00000000000003	5.000000000000002
88	7	2	45.00000000000002	45.29999999999999
88	8	2	45.86799999999999	85.59599999999999
88	9	2	45.00000000000003	124.99999999999997
88	10	2	44.708000000000006	164.88799999999992
88	11	2	84.944	5.036000000000003
88	12	2	84.99999999999997	45.00000000000002
88	13	2	85.36625514403288	85.38683127572016
88	14	2	85.36051502145926	125.70386266094418
88	15	2	85.23999999999994	165.04399999999987
88	16	2	125.58333333333334	6.666666666666667
88	17	2	124.89200000000001	45.011999999999986
88	18	2	125.10800000000002	85.01999999999997
88	19	2	124.99600000000004	125.09999999999997
88	20	2	125.64400000000002	164.62800000000001
88	21	2	165.33600000000004	5.108
88	22	2	164.99999999999994	45.00000000000002
88	23	2	164.99999999999994	84.99999999999997
88	24	2	164.86799999999997	125.09599999999999
88	25	2	164.3235294117647	164.5882352941177
88	26	1	49.78999999999999	26.876000000000005
88	27	1	78.79041916167654	109.95808383233529
88	28	1	73.48999999999998	70.11200000000002
88	29	1	91.85429141716561	63.417165668662726
88	30	1	177.8802395209581	138.7045908183634
88	31	1	136.24199999999985	148.382
88	32	1	16.016	108.39799999999997
88	33	1	115.282	174.4159999999999
88	34	1	191.4930139720559	154.692614770459
88	35	1	143.8103792415168	168.7724550898203
88	36	1	152.76846307385222	190.96407185628732
88	37	1	125.97000000000004	190.6880000000002
88	38	1	58.49000000000003	193.52600000000004
88	39	1	169.69399999999985	181.86200000000005
88	40	1	14.642000000000007	19.374000000000002
88	41	1	112.74251497005987	148.3672654690619
88	42	1	39.255489021956066	181.439121756487
88	43	1	29.089820359281443	88.54690618762469
88	44	1	64.51097804391219	172.96606786427137
88	45	1	35.03992015968061	111.90618762475044
89	1	2	4.927999999999999	4.604000000000001
89	2	2	4.9999999999999964	45
89	3	2	5.103999999999996	85.01200000000003
89	4	2	4.9999999999999964	125.00000000000003
89	5	2	4.9999999999999964	165.00000000000009
89	6	2	45.00000000000003	5.000000000000002
89	7	2	45.00000000000002	45.29999999999999
89	8	2	45.86799999999999	85.59599999999999
89	9	2	45.00000000000003	124.99999999999997
89	10	2	44.708000000000006	164.88799999999992
89	11	2	84.944	5.036000000000003
89	12	2	84.99999999999997	45.00000000000002
89	13	2	85.36625514403288	85.38683127572016
89	14	2	85.36051502145926	125.70386266094418
89	15	2	85.23999999999994	165.04399999999987
89	16	2	125.58333333333334	6.666666666666667
89	17	2	124.89200000000001	45.011999999999986
89	18	2	125.10800000000002	85.01999999999997
89	19	2	124.99600000000004	125.09999999999997
89	20	2	125.64400000000002	164.62800000000001
89	21	2	165.33600000000004	5.108
89	22	2	164.99999999999994	45.00000000000002
89	23	2	164.99999999999994	84.99999999999997
89	24	2	164.86799999999997	125.09599999999999
89	25	2	164.3235294117647	164.5882352941177
89	26	1	49.83	26.91999999999998
89	27	1	78.8702594810379	109.89221556886226
89	28	1	73.43313373253491	70.18363273453089
89	29	1	91.8500000000001	63.47199999999998
89	30	1	177.98003992015973	138.4810379241518
89	31	1	136.0479041916169	148.30339321357266
89	32	1	16.035928143712578	108.51696606786412
89	33	1	115.28942115768469	174.46506986027953
89	34	1	191.49500998003992	154.6866267465069
89	35	1	143.87400000000005	168.63400000000013
89	36	1	152.7385229540919	191.01996007984025
89	37	1	126.0119760479042	190.61477045908165
89	38	1	58.406000000000006	193.47199999999995
89	39	1	169.6119999999999	181.87799999999987
89	40	1	14.662000000000006	19.328000000000017
89	41	1	112.632	148.39599999999987
89	42	1	39.19999999999998	181.30799999999996
89	43	1	29.023952095808372	88.57285429141727
89	44	1	64.48303393213573	172.98403193612762
89	45	1	35.084000000000024	111.81000000000004
90	1	2	4.927999999999999	4.604000000000001
90	2	2	4.9999999999999964	45
90	3	2	5.103999999999996	85.01200000000003
90	4	2	4.9999999999999964	125.00000000000003
90	5	2	4.9999999999999964	165.00000000000009
90	6	2	45.00000000000003	5.000000000000002
90	7	2	45.00000000000002	45.29999999999999
90	8	2	45.86799999999999	85.59599999999999
90	9	2	45.00000000000003	124.99999999999997
90	10	2	44.708000000000006	164.88799999999992
90	11	2	84.944	5.036000000000003
90	12	2	84.99999999999997	45.00000000000002
90	13	2	85.36625514403288	85.38683127572016
90	14	2	85.36051502145926	125.70386266094418
90	15	2	85.23999999999994	165.04399999999987
90	16	2	125.58333333333334	6.666666666666667
90	17	2	124.89200000000001	45.011999999999986
90	18	2	125.10800000000002	85.01999999999997
90	19	2	124.99600000000004	125.09999999999997
90	20	2	125.64400000000002	164.62800000000001
90	21	2	165.33600000000004	5.108
90	22	2	164.99999999999994	45.00000000000002
90	23	2	164.99999999999994	84.99999999999997
90	24	2	164.86799999999997	125.09599999999999
90	25	2	164.3235294117647	164.5882352941177
90	26	1	49.85828343313384	27.00399201596807
90	27	1	78.88645418326702	109.86254980079684
90	28	1	73.29540918163678	70.22355289421152
90	29	1	91.76199999999997	63.468000000000025
90	30	1	178.098	138.37800000000004
90	31	1	135.8383233532933	148.14770459081845
90	32	1	16.001996007984026	108.68463073852288
90	33	1	115.36599999999994	174.424
90	34	1	191.454	154.67200000000003
90	35	1	143.94000000000003	168.37199999999987
90	36	1	152.69521912350586	190.9980079681274
90	37	1	125.996007984032	190.54291417165683
90	38	1	58.245999999999995	193.43600000000006
90	39	1	169.56487025948113	181.84031936127735
90	40	1	14.684	19.30200000000002
90	41	1	112.53093812375259	148.40718562874258
90	42	1	39.08982035928142	181.18363273453105
90	43	1	29.055999999999997	88.60599999999995
90	44	1	64.56886227544913	173.02195608782435
90	45	1	35.086000000000006	111.72599999999998
91	1	2	4.927999999999999	4.604000000000001
91	2	2	4.9999999999999964	45
91	3	2	5.103999999999996	85.01200000000003
91	4	2	4.9999999999999964	125.00000000000003
91	5	2	4.9999999999999964	165.00000000000009
91	6	2	45.00000000000003	5.000000000000002
91	7	2	45.00000000000002	45.29999999999999
91	8	2	45.86799999999999	85.59599999999999
91	9	2	45.00000000000003	124.99999999999997
91	10	2	44.708000000000006	164.88799999999992
91	11	2	84.944	5.036000000000003
91	12	2	84.99999999999997	45.00000000000002
91	13	2	85.36625514403288	85.38683127572016
91	14	2	85.36051502145926	125.70386266094418
91	15	2	85.23999999999994	165.04399999999987
91	16	2	125.58333333333334	6.666666666666667
91	17	2	124.89200000000001	45.011999999999986
91	18	2	125.10800000000002	85.01999999999997
91	19	2	124.99600000000004	125.09999999999997
91	20	2	125.64400000000002	164.62800000000001
91	21	2	165.33600000000004	5.108
91	22	2	164.99999999999994	45.00000000000002
91	23	2	164.99999999999994	84.99999999999997
91	24	2	164.86799999999997	125.09599999999999
91	25	2	164.3235294117647	164.5882352941177
91	26	1	49.96407185628741	27.129740518962098
91	27	1	79.0059880239521	109.7724550898204
91	28	1	73.14741035856568	70.23107569721115
91	29	1	91.7320000000001	63.53800000000002
91	30	1	178.20359281437126	138.29341317365277
91	31	1	135.64271457085826	147.94011976047904
91	32	1	15.930000000000003	108.64600000000006
91	33	1	115.41716566866252	174.45109780439103
91	34	1	191.408	154.694
91	35	1	143.98000000000005	168.2600000000001
91	36	1	152.69800000000012	190.93599999999992
91	37	1	125.97599999999998	190.58599999999998
91	38	1	58.089820359281454	193.46706586826355
91	39	1	169.63473053892227	181.92215568862275
91	40	1	14.749999999999998	19.236000000000004
91	41	1	112.4650698602794	148.44111776447124
91	42	1	38.98203592814375	181.05988023952105
91	43	1	29.09580838323355	88.750499001996
91	44	1	64.61800000000001	173.07000000000014
91	45	1	35.11399999999997	111.798
92	1	2	4.927999999999999	4.604000000000001
92	2	2	4.9999999999999964	45
92	3	2	5.103999999999996	85.01200000000003
92	4	2	4.9999999999999964	125.00000000000003
92	5	2	4.9999999999999964	165.00000000000009
92	6	2	45.00000000000003	5.000000000000002
92	7	2	45.00000000000002	45.29999999999999
92	8	2	45.86799999999999	85.59599999999999
92	9	2	45.00000000000003	124.99999999999997
92	10	2	44.708000000000006	164.88799999999992
92	11	2	84.944	5.036000000000003
92	12	2	84.99999999999997	45.00000000000002
92	13	2	85.36625514403288	85.38683127572016
92	14	2	85.36051502145926	125.70386266094418
92	15	2	85.23999999999994	165.04399999999987
92	16	2	125.58333333333334	6.666666666666667
92	17	2	124.89200000000001	45.011999999999986
92	18	2	125.10800000000002	85.01999999999997
92	19	2	124.99600000000004	125.09999999999997
92	20	2	125.64400000000002	164.62800000000001
92	21	2	165.33600000000004	5.108
92	22	2	164.99999999999994	45.00000000000002
92	23	2	164.99999999999994	84.99999999999997
92	24	2	164.86799999999997	125.09599999999999
92	25	2	164.3235294117647	164.5882352941177
92	26	1	49.992015968063875	27.33732534930141
92	27	1	79.1656686626746	109.76047904191618
92	28	1	73.10379241516965	70.29940119760478
92	29	1	91.68862275449095	63.57884231536927
92	30	1	178.26693227091644	138.06972111553782
92	31	1	135.52400000000003	147.83799999999977
92	32	1	15.972000000000001	108.74800000000002
92	33	1	115.41516966067864	174.4371257485031
92	34	1	191.33333333333334	154.62674650698597
92	35	1	143.98400000000007	168.19200000000004
92	36	1	152.72200000000012	190.90199999999967
92	37	1	125.95799999999994	190.56200000000007
92	38	1	57.95409181636725	193.41516966067869
92	39	1	169.628	182.00600000000006
92	40	1	14.849999999999994	19.192000000000004
92	41	1	112.49700598802394	148.37724550898207
92	42	1	38.818000000000005	180.90200000000019
92	43	1	29.113545816733076	88.61752988047812
92	44	1	64.64599999999999	173.158
92	45	1	35.20200000000002	111.53200000000001
93	1	2	4.927999999999999	4.604000000000001
93	2	2	4.9999999999999964	45
93	3	2	5.103999999999996	85.01200000000003
93	4	2	4.9999999999999964	125.00000000000003
93	5	2	4.9999999999999964	165.00000000000009
93	6	2	45.00000000000003	5.000000000000002
93	7	2	45.00000000000002	45.29999999999999
93	8	2	45.86799999999999	85.59599999999999
93	9	2	45.00000000000003	124.99999999999997
93	10	2	44.708000000000006	164.88799999999992
93	11	2	84.944	5.036000000000003
93	12	2	84.99999999999997	45.00000000000002
93	13	2	85.36625514403288	85.38683127572016
93	14	2	85.36051502145926	125.70386266094418
93	15	2	85.23999999999994	165.04399999999987
93	16	2	125.58333333333334	6.666666666666667
93	17	2	124.89200000000001	45.011999999999986
93	18	2	125.10800000000002	85.01999999999997
93	19	2	124.99600000000004	125.09999999999997
93	20	2	125.64400000000002	164.62800000000001
93	21	2	165.33600000000004	5.108
93	22	2	164.99999999999994	45.00000000000002
93	23	2	164.99999999999994	84.99999999999997
93	24	2	164.86799999999997	125.09599999999999
93	25	2	164.3235294117647	164.5882352941177
93	26	1	50.06187624750499	27.413173652694596
93	27	1	79.29599999999994	109.68000000000005
93	28	1	73.14970059880245	70.26946107784427
93	29	1	91.67599999999997	63.46800000000001
93	30	1	178.318	137.81199999999993
93	31	1	135.42399999999998	147.67799999999988
93	32	1	15.954091816367253	108.8303393213573
93	33	1	115.49101796407189	174.56886227544905
93	34	1	191.22754491017963	154.6047904191616
93	35	1	144.07968127490048	167.94820717131478
93	36	1	152.782	190.85000000000002
93	37	1	126.02794411177645	190.52495009980058
93	38	1	57.89021956087823	193.49301397205593
93	39	1	169.65199999999996	182.02399999999997
93	40	1	14.868263473053897	19.103792415169664
93	41	1	112.51394422310759	148.4203187250996
93	42	1	38.77000000000001	180.794
93	43	1	29.123752495010002	88.61077844311386
93	44	1	64.75049900199595	173.18962075848313
93	45	1	35.251497005988014	111.36127744510974
94	1	2	4.927999999999999	4.604000000000001
94	2	2	4.9999999999999964	45
94	3	2	5.103999999999996	85.01200000000003
94	4	2	4.9999999999999964	125.00000000000003
94	5	2	4.9999999999999964	165.00000000000009
94	6	2	45.00000000000003	5.000000000000002
94	7	2	45.00000000000002	45.29999999999999
94	8	2	45.86799999999999	85.59599999999999
94	9	2	45.00000000000003	124.99999999999997
94	10	2	44.708000000000006	164.88799999999992
94	11	2	84.944	5.036000000000003
94	12	2	84.99999999999997	45.00000000000002
94	13	2	85.36625514403288	85.38683127572016
94	14	2	85.36051502145926	125.70386266094418
94	15	2	85.23999999999994	165.04399999999987
94	16	2	125.58333333333334	6.666666666666667
94	17	2	124.89200000000001	45.011999999999986
94	18	2	125.10800000000002	85.01999999999997
94	19	2	124.99600000000004	125.09999999999997
94	20	2	125.64400000000002	164.62800000000001
94	21	2	165.33600000000004	5.108
94	22	2	164.99999999999994	45.00000000000002
94	23	2	164.99999999999994	84.99999999999997
94	24	2	164.86799999999997	125.09599999999999
94	25	2	164.3235294117647	164.5882352941177
94	26	1	50.124000000000024	27.55999999999999
94	27	1	79.18400000000007	109.59200000000003
94	28	1	72.92599999999999	70.27999999999996
94	29	1	91.46307385229538	63.46107784431137
94	30	1	178.32868525896424	137.6374501992033
94	31	1	135.2475049900202	147.5628742514969
94	32	1	15.870517928286851	108.90239043824695
94	33	1	115.45800000000001	174.6559999999999
94	34	1	191.16135458167332	154.64143426294808
94	35	1	144.13200000000015	167.82999999999998
94	36	1	152.74900398406376	190.84063745019915
94	37	1	125.96199999999999	190.49799999999996
94	38	1	57.83233532934131	193.41117764471068
94	39	1	169.66467065868275	182.0818363273454
94	40	1	14.934131736526949	19.03393213572857
94	41	1	112.55999999999993	148.532
94	42	1	38.700000000000024	180.76199999999997
94	43	1	29.145708582834356	88.56287425149702
94	44	1	64.8882235528942	173.17764471057873
94	45	1	35.235528942115785	111.24151696606789
95	1	2	4.927999999999999	4.604000000000001
95	2	2	4.9999999999999964	45
95	3	2	5.103999999999996	85.01200000000003
95	4	2	4.9999999999999964	125.00000000000003
95	5	2	4.9999999999999964	165.00000000000009
95	6	2	45.00000000000003	5.000000000000002
95	7	2	45.00000000000002	45.29999999999999
95	8	2	45.86799999999999	85.59599999999999
95	9	2	45.00000000000003	124.99999999999997
95	10	2	44.708000000000006	164.88799999999992
95	11	2	84.944	5.036000000000003
95	12	2	84.99999999999997	45.00000000000002
95	13	2	85.36625514403288	85.38683127572016
95	14	2	85.36051502145926	125.70386266094418
95	15	2	85.23999999999994	165.04399999999987
95	16	2	125.58333333333334	6.666666666666667
95	17	2	124.89200000000001	45.011999999999986
95	18	2	125.10800000000002	85.01999999999997
95	19	2	124.99600000000004	125.09999999999997
95	20	2	125.64400000000002	164.62800000000001
95	21	2	165.33600000000004	5.108
95	22	2	164.99999999999994	45.00000000000002
95	23	2	164.99999999999994	84.99999999999997
95	24	2	164.86799999999997	125.09599999999999
95	25	2	164.3235294117647	164.5882352941177
95	26	1	50.17729083665338	27.649402390438265
95	27	1	79.36272545090178	109.59519038076161
95	28	1	72.8742514970058	70.32135728542917
95	29	1	91.38599999999997	63.45999999999998
95	30	1	178.3353293413175	137.4351297405189
95	31	1	135.14200000000005	147.50400000000002
95	32	1	15.84	109.016
95	33	1	115.4431137724551	174.67265469061874
95	34	1	191.13572854291417	154.68463073852308
95	35	1	144.20119521912355	167.61553784860556
95	36	1	152.72654690618756	190.82634730538922
95	37	1	126.06187624750505	190.4011976047906
95	38	1	57.71800000000006	193.34199999999984
95	39	1	169.70600000000005	182.062
95	40	1	14.910179640718551	18.94211576846309
95	41	1	112.51799999999994	148.53800000000007
95	42	1	38.644000000000034	180.64999999999992
95	43	1	29.13572854291418	88.62075848303388
95	44	1	64.98003992015974	173.11177644710568
95	45	1	35.261477045908165	111.08782435129747
96	1	2	4.927999999999999	4.604000000000001
96	2	2	4.9999999999999964	45
96	3	2	5.103999999999996	85.01200000000003
96	4	2	4.9999999999999964	125.00000000000003
96	5	2	4.9999999999999964	165.00000000000009
96	6	2	45.00000000000003	5.000000000000002
96	7	2	45.00000000000002	45.29999999999999
96	8	2	45.86799999999999	85.59599999999999
96	9	2	45.00000000000003	124.99999999999997
96	10	2	44.708000000000006	164.88799999999992
96	11	2	84.944	5.036000000000003
96	12	2	84.99999999999997	45.00000000000002
96	13	2	85.36625514403288	85.38683127572016
96	14	2	85.36051502145926	125.70386266094418
96	15	2	85.23999999999994	165.04399999999987
96	16	2	125.58333333333334	6.666666666666667
96	17	2	124.89200000000001	45.011999999999986
96	18	2	125.10800000000002	85.01999999999997
96	19	2	124.99600000000004	125.09999999999997
96	20	2	125.64400000000002	164.62800000000001
96	21	2	165.33600000000004	5.108
96	22	2	164.99999999999994	45.00000000000002
96	23	2	164.99999999999994	84.99999999999997
96	24	2	164.86799999999997	125.09599999999999
96	25	2	164.3235294117647	164.5882352941177
96	26	1	50.18562874251497	27.78642714570856
96	27	1	79.53199999999997	109.562
96	28	1	72.76399999999987	70.23199999999999
96	29	1	91.28087649402389	63.44621513944227
96	30	1	178.3493013972057	137.13373253493018
96	31	1	135.0139720558884	147.41716566866268
96	32	1	15.844000000000008	109.08800000000001
96	33	1	115.51600000000003	174.8940000000001
96	34	1	190.996015936255	154.6573705179283
96	35	1	144.2709163346615	167.46015936254966
96	36	1	152.80999999999995	190.8700000000001
96	37	1	126.17000000000006	190.37599999999998
96	38	1	57.636726546906175	193.32534930139698
96	39	1	169.68662674650685	182.0538922155689
96	40	1	14.999999999999995	18.731462925851698
96	41	1	112.62475049900192	148.64870259481032
96	42	1	38.58882235528943	180.59281437125753
96	43	1	29.15400000000001	88.62599999999989
96	44	1	65.034	173.07199999999992
96	45	1	35.33599999999999	110.93400000000004
97	1	2	4.927999999999999	4.604000000000001
97	2	2	4.9999999999999964	45
97	3	2	5.103999999999996	85.01200000000003
97	4	2	4.9999999999999964	125.00000000000003
97	5	2	4.9999999999999964	165.00000000000009
97	6	2	45.00000000000003	5.000000000000002
97	7	2	45.00000000000002	45.29999999999999
97	8	2	45.86799999999999	85.59599999999999
97	9	2	45.00000000000003	124.99999999999997
97	10	2	44.708000000000006	164.88799999999992
97	11	2	84.944	5.036000000000003
97	12	2	84.99999999999997	45.00000000000002
97	13	2	85.36625514403288	85.38683127572016
97	14	2	85.36051502145926	125.70386266094418
97	15	2	85.23999999999994	165.04399999999987
97	16	2	125.58333333333334	6.666666666666667
97	17	2	124.89200000000001	45.011999999999986
97	18	2	125.10800000000002	85.01999999999997
97	19	2	124.99600000000004	125.09999999999997
97	20	2	125.64400000000002	164.62800000000001
97	21	2	165.33600000000004	5.108
97	22	2	164.99999999999994	45.00000000000002
97	23	2	164.99999999999994	84.99999999999997
97	24	2	164.86799999999997	125.09599999999999
97	25	2	164.3235294117647	164.5882352941177
97	26	1	50.17564870259479	27.82035928143713
97	27	1	79.4970059880239	109.45309381237527
97	28	1	72.72654690618768	70.18163672654687
97	29	1	91.17400000000015	63.43599999999999
97	30	1	178.32799999999986	136.9200000000001
97	31	1	134.82800000000012	147.35799999999998
97	32	1	15.761999999999995	109.22800000000004
97	33	1	115.62324649298607	174.9158316633266
97	34	1	190.892	154.70799999999997
97	35	1	144.36	167.31400000000002
97	36	1	152.77199999999996	190.86999999999998
97	37	1	126.32934131736513	190.2894211576845
97	38	1	57.532934131736575	193.3792415169662
97	39	1	169.75799999999998	182.12999999999994
97	40	1	15.07	18.564000000000007
97	41	1	112.64200000000001	148.67599999999993
97	42	1	38.53999999999997	180.63200000000003
97	43	1	29.247504990019955	88.56487025948113
97	44	1	65.1294820717132	173.09960159362555
97	45	1	35.325349301397196	110.85229540918158
98	1	2	4.927999999999999	4.604000000000001
98	2	2	4.9999999999999964	45
98	3	2	5.103999999999996	85.01200000000003
98	4	2	4.9999999999999964	125.00000000000003
98	5	2	4.9999999999999964	165.00000000000009
98	6	2	45.00000000000003	5.000000000000002
98	7	2	45.00000000000002	45.29999999999999
98	8	2	45.86799999999999	85.59599999999999
98	9	2	45.00000000000003	124.99999999999997
98	10	2	44.708000000000006	164.88799999999992
98	11	2	84.944	5.036000000000003
98	12	2	84.99999999999997	45.00000000000002
98	13	2	85.36625514403288	85.38683127572016
98	14	2	85.36051502145926	125.70386266094418
98	15	2	85.23999999999994	165.04399999999987
98	16	2	125.58333333333334	6.666666666666667
98	17	2	124.89200000000001	45.011999999999986
98	18	2	125.10800000000002	85.01999999999997
98	19	2	124.99600000000004	125.09999999999997
98	20	2	125.64400000000002	164.62800000000001
98	21	2	165.33600000000004	5.108
98	22	2	164.99999999999994	45.00000000000002
98	23	2	164.99999999999994	84.99999999999997
98	24	2	164.86799999999997	125.09599999999999
98	25	2	164.3235294117647	164.5882352941177
98	26	1	50.22399999999999	27.809999999999985
98	27	1	79.60600000000001	109.61400000000006
98	28	1	72.72455089820355	70.22554890219565
98	29	1	91.15568862275451	63.37125748502994
98	30	1	178.26494023904377	136.60358565737056
98	31	1	134.83466135458173	147.15537848605578
98	32	1	15.749999999999996	109.39000000000011
98	33	1	115.66932270916335	174.9621513944223
98	34	1	190.7445109780439	154.61477045908165
98	35	1	144.40399999999997	167.0219999999998
98	36	1	152.71399999999994	190.81400000000002
98	37	1	126.34799999999997	190.28600000000006
98	38	1	57.52800000000002	193.2839999999999
98	39	1	169.64	182.134
98	40	1	15.132000000000001	18.55
98	41	1	112.54200000000006	148.82999999999993
98	42	1	38.47400000000003	180.60600000000002
98	43	1	29.38123752495009	88.60878243512977
98	44	1	65.12999999999998	172.98799999999991
98	45	1	35.439121756487005	110.82035928143705
99	1	2	4.927999999999999	4.604000000000001
99	2	2	4.9999999999999964	45
99	3	2	5.103999999999996	85.01200000000003
99	4	2	4.9999999999999964	125.00000000000003
99	5	2	4.9999999999999964	165.00000000000009
99	6	2	45.00000000000003	5.000000000000002
99	7	2	45.00000000000002	45.29999999999999
99	8	2	45.86799999999999	85.59599999999999
99	9	2	45.00000000000003	124.99999999999997
99	10	2	44.708000000000006	164.88799999999992
99	11	2	84.944	5.036000000000003
99	12	2	84.99999999999997	45.00000000000002
99	13	2	85.36625514403288	85.38683127572016
99	14	2	85.36051502145926	125.70386266094418
99	15	2	85.23999999999994	165.04399999999987
99	16	2	125.58333333333334	6.666666666666667
99	17	2	124.89200000000001	45.011999999999986
99	18	2	125.10800000000002	85.01999999999997
99	19	2	124.99600000000004	125.09999999999997
99	20	2	125.64400000000002	164.62800000000001
99	21	2	165.33600000000004	5.108
99	22	2	164.99999999999994	45.00000000000002
99	23	2	164.99999999999994	84.99999999999997
99	24	2	164.86799999999997	125.09599999999999
99	25	2	164.3235294117647	164.5882352941177
99	26	1	50.285429141716534	27.88423153692613
99	27	1	79.5568862275449	109.63872255489026
99	28	1	72.54890219560873	70.04790419161682
99	29	1	91.05988023952092	63.407185628742525
99	30	1	178.21357285429156	136.40518962075848
99	31	1	134.81437125748508	147.05189620758475
99	32	1	15.701999999999996	109.47999999999988
99	33	1	115.64071856287421	175.01996007984033
99	34	1	190.6202783300199	154.58449304174954
99	35	1	144.38599999999994	166.88599999999994
99	36	1	152.8160000000001	190.70200000000003
99	37	1	126.302	190.2799999999999
99	38	1	57.57999999999999	193.33400000000015
99	39	1	169.5660000000001	182.02800000000013
99	40	1	14.988000000000005	18.492000000000008
99	41	1	112.57768924302772	148.8486055776892
99	42	1	38.56686626746511	180.48502994011974
99	43	1	29.3572854291417	88.69660678642718
99	44	1	65.13572854291422	172.88423153692617
99	45	1	35.58682634730539	110.59281437125743
100	1	2	4.927999999999999	4.604000000000001
100	2	2	4.9999999999999964	45
100	3	2	5.103999999999996	85.01200000000003
100	4	2	4.9999999999999964	125.00000000000003
100	5	2	4.9999999999999964	165.00000000000009
100	6	2	45.00000000000003	5.000000000000002
100	7	2	45.00000000000002	45.29999999999999
100	8	2	45.86799999999999	85.59599999999999
100	9	2	45.00000000000003	124.99999999999997
100	10	2	44.708000000000006	164.88799999999992
100	11	2	84.944	5.036000000000003
100	12	2	84.99999999999997	45.00000000000002
100	13	2	85.36625514403288	85.38683127572016
100	14	2	85.36051502145926	125.70386266094418
100	15	2	85.23999999999994	165.04399999999987
100	16	2	125.58333333333334	6.666666666666667
100	17	2	124.89200000000001	45.011999999999986
100	18	2	125.10800000000002	85.01999999999997
100	19	2	124.99600000000004	125.09999999999997
100	20	2	125.64400000000002	164.62800000000001
100	21	2	165.33600000000004	5.108
100	22	2	164.99999999999994	45.00000000000002
100	23	2	164.99999999999994	84.99999999999997
100	24	2	164.86799999999997	125.09599999999999
100	25	2	164.3235294117647	164.5882352941177
100	26	1	50.29200000000005	27.965999999999987
100	27	1	79.78087649402399	109.62151394422318
100	28	1	72.42999999999991	70.04799999999997
100	29	1	90.86199999999995	63.45200000000003
100	30	1	178.13572854291417	136.1257485029939
100	31	1	134.63399999999984	146.95200000000006
100	32	1	15.688000000000002	109.54399999999991
100	33	1	115.69	175.14399999999998
100	34	1	190.53	154.44800000000006
100	35	1	144.45708582834337	166.70059880239526
100	36	1	152.85229540918166	190.69461077844312
100	37	1	126.43199999999997	190.18799999999987
100	38	1	57.56399999999997	193.32199999999997
100	39	1	169.5851703406814	182.0260521042085
100	40	1	14.992015968063866	18.373253493013966
100	41	1	112.66067864271453	148.9221556886228
100	42	1	38.52095808383232	180.45908183632716
100	43	1	29.34530938123753	88.73852295409186
100	44	1	65.0878243512974	172.76646706586823
100	45	1	35.60878243512976	110.5089820359282
101	1	2	4.927999999999999	4.604000000000001
101	2	2	4.9999999999999964	45
101	3	2	5.103999999999996	85.01200000000003
101	4	2	4.9999999999999964	125.00000000000003
101	5	2	4.9999999999999964	165.00000000000009
101	6	2	45.00000000000003	5.000000000000002
101	7	2	45.00000000000002	45.29999999999999
101	8	2	45.86799999999999	85.59599999999999
101	9	2	45.00000000000003	124.99999999999997
101	10	2	44.708000000000006	164.88799999999992
101	11	2	84.944	5.036000000000003
101	12	2	84.99999999999997	45.00000000000002
101	13	2	85.36625514403288	85.38683127572016
101	14	2	85.36051502145926	125.70386266094418
101	15	2	85.23999999999994	165.04399999999987
101	16	2	125.58333333333334	6.666666666666667
101	17	2	124.89200000000001	45.011999999999986
101	18	2	125.10800000000002	85.01999999999997
101	19	2	124.99600000000004	125.09999999999997
101	20	2	125.64400000000002	164.62800000000001
101	21	2	165.33600000000004	5.108
101	22	2	164.99999999999994	45.00000000000002
101	23	2	164.99999999999994	84.99999999999997
101	24	2	164.86799999999997	125.09599999999999
101	25	2	164.3235294117647	164.5882352941177
101	26	1	50.21599999999995	28.02399999999999
101	27	1	79.75249500998004	109.56087824351299
101	28	1	72.38323353293417	70.13972055888223
101	29	1	90.788	63.531999999999954
101	30	1	178.1097804391218	135.82235528942115
101	31	1	134.50597609561748	146.79880478087648
101	32	1	15.716566866267456	109.49101796407187
101	33	1	115.7445109780438	175.25548902195607
101	34	1	190.30339321357286	154.43113772455092
101	35	1	144.49400000000026	166.51000000000002
101	36	1	152.7111553784862	190.6274900398405
101	37	1	126.33400000000006	190.12000000000003
101	38	1	57.35799999999996	193.31400000000008
101	39	1	169.6179999999999	182.21200000000002
101	40	1	14.894211576846315	18.30538922155688
101	41	1	112.596	149.01799999999992
101	42	1	38.49899799599199	180.37074148296594
101	43	1	29.390000000000015	88.68599999999991
101	44	1	65.162	172.76600000000016
101	45	1	35.64271457085825	110.4131736526946
102	1	2	4.927999999999999	4.604000000000001
102	2	2	4.9999999999999964	45
102	3	2	5.103999999999996	85.01200000000003
102	4	2	4.9999999999999964	125.00000000000003
102	5	2	4.9999999999999964	165.00000000000009
102	6	2	45.00000000000003	5.000000000000002
102	7	2	45.00000000000002	45.29999999999999
102	8	2	45.86799999999999	85.59599999999999
102	9	2	45.00000000000003	124.99999999999997
102	10	2	44.708000000000006	164.88799999999992
102	11	2	84.944	5.036000000000003
102	12	2	84.99999999999997	45.00000000000002
102	13	2	85.36625514403288	85.38683127572016
102	14	2	85.36051502145926	125.70386266094418
102	15	2	85.23999999999994	165.04399999999987
102	16	2	125.58333333333334	6.666666666666667
102	17	2	124.89200000000001	45.011999999999986
102	18	2	125.10800000000002	85.01999999999997
102	19	2	124.99600000000004	125.09999999999997
102	20	2	125.64400000000002	164.62800000000001
102	21	2	165.33600000000004	5.108
102	22	2	164.99999999999994	45.00000000000002
102	23	2	164.99999999999994	84.99999999999997
102	24	2	164.86799999999997	125.09599999999999
102	25	2	164.3235294117647	164.5882352941177
102	26	1	50.27744510978042	27.968063872255488
102	27	1	79.87848605577688	109.63745019920327
102	28	1	72.27999999999999	70.23399999999997
102	29	1	90.6919999999999	63.53000000000008
102	30	1	178.06799999999996	135.694
102	31	1	134.31	146.6360000000001
102	32	1	15.802000000000005	109.5660000000001
102	33	1	115.91017964071858	175.3752495009981
102	34	1	190.1195219123506	154.50398406374512
102	35	1	144.59400000000008	166.20399999999995
102	36	1	152.66999999999996	190.5780000000001
102	37	1	126.42914171656687	190.05788423153686
102	38	1	57.39599999999999	193.26400000000018
102	39	1	169.58600000000007	182.13600000000005
102	40	1	14.858283433133732	18.307385229540923
102	41	1	112.40319361277449	149.22155688622752
102	42	1	38.480000000000004	180.3720000000001
102	43	1	29.337325349301395	88.63672654690616
102	44	1	65.20000000000002	172.7099999999999
102	45	1	35.70858283433137	110.29540918163678
103	1	2	4.927999999999999	4.604000000000001
103	2	2	4.9999999999999964	45
103	3	2	5.103999999999996	85.01200000000003
103	4	2	4.9999999999999964	125.00000000000003
103	5	2	4.9999999999999964	165.00000000000009
103	6	2	45.00000000000003	5.000000000000002
103	7	2	45.00000000000002	45.29999999999999
103	8	2	45.86799999999999	85.59599999999999
103	9	2	45.00000000000003	124.99999999999997
103	10	2	44.708000000000006	164.88799999999992
103	11	2	84.944	5.036000000000003
103	12	2	84.99999999999997	45.00000000000002
103	13	2	85.36625514403288	85.38683127572016
103	14	2	85.36051502145926	125.70386266094418
103	15	2	85.23999999999994	165.04399999999987
103	16	2	125.58333333333334	6.666666666666667
103	17	2	124.89200000000001	45.011999999999986
103	18	2	125.10800000000002	85.01999999999997
103	19	2	124.99600000000004	125.09999999999997
103	20	2	125.64400000000002	164.62800000000001
103	21	2	165.33600000000004	5.108
103	22	2	164.99999999999994	45.00000000000002
103	23	2	164.99999999999994	84.99999999999997
103	24	2	164.86799999999997	125.09599999999999
103	25	2	164.3235294117647	164.5882352941177
103	26	1	50.28799999999997	27.916000000000007
103	27	1	79.8522954091817	109.5828343313373
103	28	1	72.24151696606783	70.17964071856284
103	29	1	90.55400000000012	63.59199999999998
103	30	1	178.03393213572855	135.74650698602798
103	31	1	133.98396793587176	146.4849699398796
103	32	1	15.796000000000012	109.736
103	33	1	116.00399999999993	175.42200000000003
103	34	1	190.03393213572855	154.58283433133715
103	35	1	144.712	165.98399999999995
103	36	1	152.58283433133727	190.57684630738535
103	37	1	126.47105788423164	189.98203592814372
103	38	1	57.33599999999998	193.28799999999995
103	39	1	169.52800000000008	182.16200000000003
103	40	1	14.846307385229538	18.327345309381247
103	41	1	112.212	149.38999999999987
103	42	1	38.36600000000001	180.35799999999998
103	43	1	29.359999999999978	88.62400000000004
103	44	1	65.21756487025952	172.7664670658683
103	45	1	35.7325349301397	110.1976047904192
104	1	2	4.927999999999999	4.604000000000001
104	2	2	4.9999999999999964	45
104	3	2	5.103999999999996	85.01200000000003
104	4	2	4.9999999999999964	125.00000000000003
104	5	2	4.9999999999999964	165.00000000000009
104	6	2	45.00000000000003	5.000000000000002
104	7	2	45.00000000000002	45.29999999999999
104	8	2	45.86799999999999	85.59599999999999
104	9	2	45.00000000000003	124.99999999999997
104	10	2	44.708000000000006	164.88799999999992
104	11	2	84.944	5.036000000000003
104	12	2	84.99999999999997	45.00000000000002
104	13	2	85.36625514403288	85.38683127572016
104	14	2	85.36051502145926	125.70386266094418
104	15	2	85.23999999999994	165.04399999999987
104	16	2	125.58333333333334	6.666666666666667
104	17	2	124.89200000000001	45.011999999999986
104	18	2	125.10800000000002	85.01999999999997
104	19	2	124.99600000000004	125.09999999999997
104	20	2	125.64400000000002	164.62800000000001
104	21	2	165.33600000000004	5.108
104	22	2	164.99999999999994	45.00000000000002
104	23	2	164.99999999999994	84.99999999999997
104	24	2	164.86799999999997	125.09599999999999
104	25	2	164.3235294117647	164.5882352941177
104	26	1	50.32064128256516	27.849699398797586
104	27	1	79.89021956087828	109.61277445109775
104	28	1	72.06	70.16800000000008
104	29	1	90.40200000000009	63.634
104	30	1	178.03592814371268	135.62275449101804
104	31	1	133.82235528942135	146.33333333333331
104	32	1	15.798000000000007	109.81199999999998
104	33	1	116.21599999999994	175.58000000000013
104	34	1	189.95209580838323	154.7065868263473
104	35	1	144.81799999999996	165.7700000000001
104	36	1	152.5109780439121	190.59680638722546
104	37	1	126.49000000000002	189.94999999999996
104	38	1	57.35399999999995	193.3359999999998
104	39	1	169.4659999999998	182.14999999999992
104	40	1	14.836327345309389	18.293413173652688
104	41	1	112.14800000000001	149.52399999999994
104	42	1	38.3992015968064	180.41916167664667
104	43	1	29.41035856573705	88.53585657370513
104	44	1	65.21000000000001	172.69000000000014
104	45	1	35.80799999999999	110.04199999999996
105	1	2	4.927999999999999	4.604000000000001
105	2	2	4.9999999999999964	45
105	3	2	5.103999999999996	85.01200000000003
105	4	2	4.9999999999999964	125.00000000000003
105	5	2	4.9999999999999964	165.00000000000009
105	6	2	45.00000000000003	5.000000000000002
105	7	2	45.00000000000002	45.29999999999999
105	8	2	45.86799999999999	85.59599999999999
105	9	2	45.00000000000003	124.99999999999997
105	10	2	44.708000000000006	164.88799999999992
105	11	2	84.944	5.036000000000003
105	12	2	84.99999999999997	45.00000000000002
105	13	2	85.36625514403288	85.38683127572016
105	14	2	85.36051502145926	125.70386266094418
105	15	2	85.23999999999994	165.04399999999987
105	16	2	125.58333333333334	6.666666666666667
105	17	2	124.89200000000001	45.011999999999986
105	18	2	125.10800000000002	85.01999999999997
105	19	2	124.99600000000004	125.09999999999997
105	20	2	125.64400000000002	164.62800000000001
105	21	2	165.33600000000004	5.108
105	22	2	164.99999999999994	45.00000000000002
105	23	2	164.99999999999994	84.99999999999997
105	24	2	164.86799999999997	125.09599999999999
105	25	2	164.3235294117647	164.5882352941177
105	26	1	50.27145708582835	27.88622754491018
105	27	1	79.74051896207583	109.5768463073852
105	28	1	72.13173652694617	70.27744510978049
105	29	1	90.44510978043913	63.672654690618735
105	30	1	178.00398406374498	135.51792828685257
105	31	1	133.8063872255489	146.1357285429144
105	32	1	15.70858283433134	109.90219560878243
105	33	1	116.19161676646705	175.59281437125742
105	34	1	189.862	154.54399999999987
105	35	1	144.8027888446214	165.57171314741032
105	36	1	152.43799999999987	190.64599999999996
105	37	1	126.56600000000005	189.79599999999996
105	38	1	57.33999999999995	193.27999999999994
105	39	1	169.34930139720555	182.16367265469069
105	40	1	14.738	18.159999999999965
105	41	1	112.07584830339317	149.65868263473055
105	42	1	38.43600000000001	180.39999999999995
105	43	1	29.39199999999999	88.55800000000002
105	44	1	65.35799999999993	172.61599999999981
105	45	1	35.79041916167671	109.95009980039914
106	1	2	4.927999999999999	4.604000000000001
106	2	2	4.9999999999999964	45
106	3	2	5.103999999999996	85.01200000000003
106	4	2	4.9999999999999964	125.00000000000003
106	5	2	4.9999999999999964	165.00000000000009
106	6	2	45.00000000000003	5.000000000000002
106	7	2	45.00000000000002	45.29999999999999
106	8	2	45.86799999999999	85.59599999999999
106	9	2	45.00000000000003	124.99999999999997
106	10	2	44.708000000000006	164.88799999999992
106	11	2	84.944	5.036000000000003
106	12	2	84.99999999999997	45.00000000000002
106	13	2	85.36625514403288	85.38683127572016
106	14	2	85.36051502145926	125.70386266094418
106	15	2	85.23999999999994	165.04399999999987
106	16	2	125.58333333333334	6.666666666666667
106	17	2	124.89200000000001	45.011999999999986
106	18	2	125.10800000000002	85.01999999999997
106	19	2	124.99600000000004	125.09999999999997
106	20	2	125.64400000000002	164.62800000000001
106	21	2	165.33600000000004	5.108
106	22	2	164.99999999999994	45.00000000000002
106	23	2	164.99999999999994	84.99999999999997
106	24	2	164.86799999999997	125.09599999999999
106	25	2	164.3235294117647	164.5882352941177
106	26	1	50.290000000000006	27.826
106	27	1	79.7884231536926	109.58083832335336
106	28	1	72.10600000000002	70.412
106	29	1	90.34730538922156	63.630738522954104
106	30	1	177.96606786427145	135.4091816367265
106	31	1	133.65069860279434	146.00598802395197
106	32	1	15.770000000000003	110.18000000000002
106	33	1	116.43313373253491	175.72255489021939
106	34	1	189.78199999999998	154.62000000000003
106	35	1	144.95608782435147	165.32934131736522
106	36	1	152.31736526946108	190.71257485029938
106	37	1	126.55399999999999	189.7339999999999
106	38	1	57.27744510978044	193.22754491017974
106	39	1	169.27944111776443	182.1616766467066
106	40	1	14.732	17.937999999999967
106	41	1	111.98199999999994	149.81200000000004
106	42	1	38.40399999999998	180.4899999999998
106	43	1	29.41716566866266	88.53293413173657
106	44	1	65.44111776447099	172.60878243512983
106	45	1	35.85458167330676	109.7151394422311
107	1	2	4.927999999999999	4.604000000000001
107	2	2	4.9999999999999964	45
107	3	2	5.103999999999996	85.01200000000003
107	4	2	4.9999999999999964	125.00000000000003
107	5	2	4.9999999999999964	165.00000000000009
107	6	2	45.00000000000003	5.000000000000002
107	7	2	45.00000000000002	45.29999999999999
107	8	2	45.86799999999999	85.59599999999999
107	9	2	45.00000000000003	124.99999999999997
107	10	2	44.708000000000006	164.88799999999992
107	11	2	84.944	5.036000000000003
107	12	2	84.99999999999997	45.00000000000002
107	13	2	85.36625514403288	85.38683127572016
107	14	2	85.36051502145926	125.70386266094418
107	15	2	85.23999999999994	165.04399999999987
107	16	2	125.58333333333334	6.666666666666667
107	17	2	124.89200000000001	45.011999999999986
107	18	2	125.10800000000002	85.01999999999997
107	19	2	124.99600000000004	125.09999999999997
107	20	2	125.64400000000002	164.62800000000001
107	21	2	165.33600000000004	5.108
107	22	2	164.99999999999994	45.00000000000002
107	23	2	164.99999999999994	84.99999999999997
107	24	2	164.86799999999997	125.09599999999999
107	25	2	164.3235294117647	164.5882352941177
107	26	1	50.26946107784437	27.702594810379235
107	27	1	79.70916334661352	109.55577689243033
107	28	1	72.02195608782438	70.23752495009987
107	29	1	90.20799999999998	63.60800000000002
107	30	1	177.8582834331337	135.38123752495022
107	31	1	133.61477045908183	145.90019960079826
107	32	1	15.78043912175649	110.30938123752492
107	33	1	116.54291417165666	175.8023952095809
107	34	1	189.676	154.61199999999997
107	35	1	145.03585657370505	165.2031872509962
107	36	1	152.2255489021956	190.77245508982043
107	37	1	126.63600000000001	189.7060000000002
107	38	1	57.22645290581159	193.11623246493002
107	39	1	169.25948103792425	182.14171656686622
107	40	1	14.800399201596804	17.88223552894209
107	41	1	111.95816733067736	149.88446215139453
107	42	1	38.42714570858282	180.50499001996013
107	43	1	29.378000000000007	88.59599999999998
107	44	1	65.50999999999999	172.57600000000002
107	45	1	35.858283433133764	109.69061876247505
108	1	2	4.927999999999999	4.604000000000001
108	2	2	4.9999999999999964	45
108	3	2	5.103999999999996	85.01200000000003
108	4	2	4.9999999999999964	125.00000000000003
108	5	2	4.9999999999999964	165.00000000000009
108	6	2	45.00000000000003	5.000000000000002
108	7	2	45.00000000000002	45.29999999999999
108	8	2	45.86799999999999	85.59599999999999
108	9	2	45.00000000000003	124.99999999999997
108	10	2	44.708000000000006	164.88799999999992
108	11	2	84.944	5.036000000000003
108	12	2	84.99999999999997	45.00000000000002
108	13	2	85.36625514403288	85.38683127572016
108	14	2	85.36051502145926	125.70386266094418
108	15	2	85.23999999999994	165.04399999999987
108	16	2	125.58333333333334	6.666666666666667
108	17	2	124.89200000000001	45.011999999999986
108	18	2	125.10800000000002	85.01999999999997
108	19	2	124.99600000000004	125.09999999999997
108	20	2	125.64400000000002	164.62800000000001
108	21	2	165.33600000000004	5.108
108	22	2	164.99999999999994	45.00000000000002
108	23	2	164.99999999999994	84.99999999999997
108	24	2	164.86799999999997	125.09599999999999
108	25	2	164.3235294117647	164.5882352941177
108	26	1	50.280000000000015	27.680000000000003
108	27	1	79.66467065868265	109.64271457085822
108	28	1	71.97405189620764	70.16367265469063
108	29	1	90.1477045908184	63.618762475049905
108	30	1	177.88023952095804	135.2095808383234
108	31	1	133.55399999999992	145.76599999999988
108	32	1	15.822000000000003	110.43599999999998
108	33	1	116.62749003984055	175.82470119521892
108	34	1	189.56513026052104	154.57715430861725
108	35	1	145.10358565737062	165.05776892430285
108	36	1	152.0658682634731	190.7764471057884
108	37	1	126.61999999999995	189.56800000000013
108	38	1	57.268	193.092
108	39	1	169.202	182.27200000000013
108	40	1	14.778000000000004	17.747999999999994
108	41	1	111.93799999999999	149.95199999999994
108	42	1	38.465069860279485	180.57884231536923
108	43	1	29.246000000000006	88.57600000000006
108	44	1	65.54690618762476	172.47504990019948
108	45	1	35.82834331337325	109.60079840319356
109	1	2	4.927999999999999	4.604000000000001
109	2	2	4.9999999999999964	45
109	3	2	5.103999999999996	85.01200000000003
109	4	2	4.9999999999999964	125.00000000000003
109	5	2	4.9999999999999964	165.00000000000009
109	6	2	45.00000000000003	5.000000000000002
109	7	2	45.00000000000002	45.29999999999999
109	8	2	45.86799999999999	85.59599999999999
109	9	2	45.00000000000003	124.99999999999997
109	10	2	44.708000000000006	164.88799999999992
109	11	2	84.944	5.036000000000003
109	12	2	84.99999999999997	45.00000000000002
109	13	2	85.36625514403288	85.38683127572016
109	14	2	85.36051502145926	125.70386266094418
109	15	2	85.23999999999994	165.04399999999987
109	16	2	125.58333333333334	6.666666666666667
109	17	2	124.89200000000001	45.011999999999986
109	18	2	125.10800000000002	85.01999999999997
109	19	2	124.99600000000004	125.09999999999997
109	20	2	125.64400000000002	164.62800000000001
109	21	2	165.33600000000004	5.108
109	22	2	164.99999999999994	45.00000000000002
109	23	2	164.99999999999994	84.99999999999997
109	24	2	164.86799999999997	125.09599999999999
109	25	2	164.3235294117647	164.5882352941177
109	26	1	50.28600000000001	27.651999999999994
109	27	1	79.66599999999997	109.648
109	28	1	71.91999999999994	70.2000000000001
109	29	1	90.01996007984033	63.604790419161716
109	30	1	177.9580838323353	134.95209580838332
109	31	1	133.489021956088	145.69261477045907
109	32	1	15.94011976047904	110.60479041916166
109	33	1	116.65599999999989	175.816
109	34	1	189.4251497005988	154.53493013972056
109	35	1	145.0959999999999	164.97800000000012
109	36	1	152.00199203187225	190.82071713147414
109	37	1	126.69461077844313	189.46706586826352
109	38	1	57.30200000000002	193.1120000000001
109	39	1	169.14999999999995	182.26400000000004
109	40	1	14.876247504990019	17.465069860279446
109	41	1	111.83000000000001	150.078
109	42	1	38.500998003992045	180.61876247504992
109	43	1	29.162000000000003	88.60000000000008
109	44	1	65.56199999999998	172.57000000000002
109	45	1	35.876247504990026	109.47504990019962
110	1	2	4.927999999999999	4.604000000000001
110	2	2	4.9999999999999964	45
110	3	2	5.103999999999996	85.01200000000003
110	4	2	4.9999999999999964	125.00000000000003
110	5	2	4.9999999999999964	165.00000000000009
110	6	2	45.00000000000003	5.000000000000002
110	7	2	45.00000000000002	45.29999999999999
110	8	2	45.86799999999999	85.59599999999999
110	9	2	45.00000000000003	124.99999999999997
110	10	2	44.708000000000006	164.88799999999992
110	11	2	84.944	5.036000000000003
110	12	2	84.99999999999997	45.00000000000002
110	13	2	85.36625514403288	85.38683127572016
110	14	2	85.36051502145926	125.70386266094418
110	15	2	85.23999999999994	165.04399999999987
110	16	2	125.58333333333334	6.666666666666667
110	17	2	124.89200000000001	45.011999999999986
110	18	2	125.10800000000002	85.01999999999997
110	19	2	124.99600000000004	125.09999999999997
110	20	2	125.64400000000002	164.62800000000001
110	21	2	165.33600000000004	5.108
110	22	2	164.99999999999994	45.00000000000002
110	23	2	164.99999999999994	84.99999999999997
110	24	2	164.86799999999997	125.09599999999999
110	25	2	164.3235294117647	164.5882352941177
110	26	1	50.362	27.54999999999999
110	27	1	79.60878243512968	109.67265469061876
110	28	1	71.89021956087825	70.23153692614767
110	29	1	89.95	63.65800000000002
110	30	1	178.02204408817647	134.78156312625254
110	31	1	133.39478957915819	145.5190380761525
110	32	1	16.002	110.69199999999995
110	33	1	116.70741482965933	175.89779559118233
110	34	1	189.27345309381238	154.43313373253497
110	35	1	145.03592814371257	164.91417165668665
110	36	1	152.01600000000008	190.86400000000003
110	37	1	126.71257485029943	189.44910179640726
110	38	1	57.295409181636735	193.00000000000006
110	39	1	169.04191616766482	182.2155688622756
110	40	1	14.888223552894221	17.243512974051875
110	41	1	111.78400000000006	150.20999999999987
110	42	1	38.47999999999997	180.62999999999988
110	43	1	29.08800000000001	88.61400000000005
110	44	1	65.68662674650695	172.50898203592808
110	45	1	35.922155688622766	109.377245508982
111	1	2	4.927999999999999	4.604000000000001
111	2	2	4.9999999999999964	45
111	3	2	5.103999999999996	85.01200000000003
111	4	2	4.9999999999999964	125.00000000000003
111	5	2	4.9999999999999964	165.00000000000009
111	6	2	45.00000000000003	5.000000000000002
111	7	2	45.00000000000002	45.29999999999999
111	8	2	45.86799999999999	85.59599999999999
111	9	2	45.00000000000003	124.99999999999997
111	10	2	44.708000000000006	164.88799999999992
111	11	2	84.944	5.036000000000003
111	12	2	84.99999999999997	45.00000000000002
111	13	2	85.36625514403288	85.38683127572016
111	14	2	85.36051502145926	125.70386266094418
111	15	2	85.23999999999994	165.04399999999987
111	16	2	125.58333333333334	6.666666666666667
111	17	2	124.89200000000001	45.011999999999986
111	18	2	125.10800000000002	85.01999999999997
111	19	2	124.99600000000004	125.09999999999997
111	20	2	125.64400000000002	164.62800000000001
111	21	2	165.33600000000004	5.108
111	22	2	164.99999999999994	45.00000000000002
111	23	2	164.99999999999994	84.99999999999997
111	24	2	164.86799999999997	125.09599999999999
111	25	2	164.3235294117647	164.5882352941177
111	26	1	50.39400000000001	27.496000000000027
111	27	1	79.48303393213571	109.68263473053894
111	28	1	71.89800000000002	70.19600000000005
111	29	1	89.8899999999999	63.64600000000002
111	30	1	178.0159999999999	134.75
111	31	1	133.35600000000005	145.356
111	32	1	15.968063872255494	110.70259481037927
111	33	1	116.74999999999997	175.99200000000013
111	34	1	189.294	154.4160000000002
111	35	1	144.98602794411178	164.84830339321348
111	36	1	151.96806387225547	190.8962075848303
111	37	1	126.68063872255485	189.437125748503
111	38	1	57.278000000000006	193.006
111	39	1	168.97604790419155	182.1976047904192
111	40	1	14.806387225548892	17.1516966067864
111	41	1	111.73852295409176	150.22954091816348
111	42	1	38.58083832335325	180.67864271457103
111	43	1	29.03992015968066	88.690618762475
111	44	1	65.87999999999994	172.52000000000004
111	45	1	35.9001996007984	109.40718562874252
112	1	2	4.927999999999999	4.604000000000001
112	2	2	4.9999999999999964	45
112	3	2	5.103999999999996	85.01200000000003
112	4	2	4.9999999999999964	125.00000000000003
112	5	2	4.9999999999999964	165.00000000000009
112	6	2	45.00000000000003	5.000000000000002
112	7	2	45.00000000000002	45.29999999999999
112	8	2	45.86799999999999	85.59599999999999
112	9	2	45.00000000000003	124.99999999999997
112	10	2	44.708000000000006	164.88799999999992
112	11	2	84.944	5.036000000000003
112	12	2	84.99999999999997	45.00000000000002
112	13	2	85.36625514403288	85.38683127572016
112	14	2	85.36051502145926	125.70386266094418
112	15	2	85.23999999999994	165.04399999999987
112	16	2	125.58333333333334	6.666666666666667
112	17	2	124.89200000000001	45.011999999999986
112	18	2	125.10800000000002	85.01999999999997
112	19	2	124.99600000000004	125.09999999999997
112	20	2	125.64400000000002	164.62800000000001
112	21	2	165.33600000000004	5.108
112	22	2	164.99999999999994	45.00000000000002
112	23	2	164.99999999999994	84.99999999999997
112	24	2	164.86799999999997	125.09599999999999
112	25	2	164.3235294117647	164.5882352941177
112	26	1	50.424000000000035	27.476000000000013
112	27	1	79.38323353293413	109.7105788423153
112	28	1	71.89200000000001	70.22999999999999
112	29	1	89.87400000000004	63.69000000000002
112	30	1	178.2255489021957	134.56087824351303
112	31	1	133.36926147704588	145.2554890219559
112	32	1	15.962075848303401	110.7804391217565
112	33	1	116.83399999999986	175.99600000000012
112	34	1	189.11	154.52000000000007
112	35	1	145.02589641434284	164.75697211155372
112	36	1	151.9158316633267	190.86372745490974
112	37	1	126.63399999999999	189.40800000000007
112	38	1	57.2435129740519	192.84630738522935
112	39	1	168.93413173652706	182.17764471057885
112	40	1	14.894422310756962	17.119521912350596
112	41	1	111.80638722554892	150.11377245508996
112	42	1	38.54491017964073	180.69261477045924
112	43	1	29.01000000000001	88.65800000000003
112	44	1	65.95808383233542	172.3852295409183
112	45	1	35.83832335329342	109.27345309381242
113	1	2	4.927999999999999	4.604000000000001
113	2	2	4.9999999999999964	45
113	3	2	5.103999999999996	85.01200000000003
113	4	2	4.9999999999999964	125.00000000000003
113	5	2	4.9999999999999964	165.00000000000009
113	6	2	45.00000000000003	5.000000000000002
113	7	2	45.00000000000002	45.29999999999999
113	8	2	45.86799999999999	85.59599999999999
113	9	2	45.00000000000003	124.99999999999997
113	10	2	44.708000000000006	164.88799999999992
113	11	2	84.944	5.036000000000003
113	12	2	84.99999999999997	45.00000000000002
113	13	2	85.36625514403288	85.38683127572016
113	14	2	85.36051502145926	125.70386266094418
113	15	2	85.23999999999994	165.04399999999987
113	16	2	125.58333333333334	6.666666666666667
113	17	2	124.89200000000001	45.011999999999986
113	18	2	125.10800000000002	85.01999999999997
113	19	2	124.99600000000004	125.09999999999997
113	20	2	125.64400000000002	164.62800000000001
113	21	2	165.33600000000004	5.108
113	22	2	164.99999999999994	45.00000000000002
113	23	2	164.99999999999994	84.99999999999997
113	24	2	164.86799999999997	125.09599999999999
113	25	2	164.3235294117647	164.5882352941177
113	26	1	50.39800000000003	27.433999999999997
113	27	1	79.43113772455087	109.68862275449098
113	28	1	71.89999999999993	70.19000000000001
113	29	1	89.87025948103793	63.68263473053892
113	30	1	178.16167664670652	134.3692614770458
113	31	1	133.31337325349318	145.23752495009984
113	32	1	16.023952095808387	110.84231536926139
113	33	1	116.9419999999999	175.9580000000001
113	34	1	189.04	154.4639999999999
113	35	1	145.0639999999998	164.64599999999993
113	36	1	151.86372745490968	190.8436873747495
113	37	1	126.59800000000003	189.35200000000012
113	38	1	57.18562874251499	192.86027944111774
113	39	1	168.8902195608782	182.1257485029939
113	40	1	14.922155688622755	16.902195608782453
113	41	1	111.72000000000003	150.15399999999997
113	42	1	38.63400000000002	180.6680000000001
113	43	1	28.914171656686616	88.68263473053891
113	44	1	65.95400000000008	172.33599999999996
113	45	1	35.91999999999999	109.11599999999993
114	1	2	4.927999999999999	4.604000000000001
114	2	2	4.9999999999999964	45
114	3	2	5.103999999999996	85.01200000000003
114	4	2	4.9999999999999964	125.00000000000003
114	5	2	4.9999999999999964	165.00000000000009
114	6	2	45.00000000000003	5.000000000000002
114	7	2	45.00000000000002	45.29999999999999
114	8	2	45.86799999999999	85.59599999999999
114	9	2	45.00000000000003	124.99999999999997
114	10	2	44.708000000000006	164.88799999999992
114	11	2	84.944	5.036000000000003
114	12	2	84.99999999999997	45.00000000000002
114	13	2	85.36625514403288	85.38683127572016
114	14	2	85.36051502145926	125.70386266094418
114	15	2	85.23999999999994	165.04399999999987
114	16	2	125.58333333333334	6.666666666666667
114	17	2	124.89200000000001	45.011999999999986
114	18	2	125.10800000000002	85.01999999999997
114	19	2	124.99600000000004	125.09999999999997
114	20	2	125.64400000000002	164.62800000000001
114	21	2	165.33600000000004	5.108
114	22	2	164.99999999999994	45.00000000000002
114	23	2	164.99999999999994	84.99999999999997
114	24	2	164.86799999999997	125.09599999999999
114	25	2	164.3235294117647	164.5882352941177
114	26	1	50.39800000000003	27.41000000000001
114	27	1	79.41599999999994	109.75999999999996
114	28	1	71.8519999999999	70.16800000000008
114	29	1	89.84031936127742	63.6806387225549
114	30	1	178.23000000000005	134.25200000000007
114	31	1	133.2570281124499	145.04016064257024
114	32	1	16.06200000000001	110.80799999999995
114	33	1	117.10800000000006	175.9959999999998
114	34	1	188.848	154.36400000000003
114	35	1	145.05988023952062	164.49900199600808
114	36	1	151.7480000000001	190.86799999999982
114	37	1	126.53000000000003	189.37199999999982
114	38	1	57.197604790419206	192.83632734530931
114	39	1	168.8483033932136	182.09381237524946
114	40	1	14.887999999999995	16.708
114	41	1	111.74302788844628	150.2330677290837
114	42	1	38.62075848303394	180.69461077844318
114	43	1	28.772455089820365	88.67265469061881
114	44	1	65.9920000000001	172.36800000000014
114	45	1	35.936254980079674	109.00597609561743
115	1	2	4.927999999999999	4.604000000000001
115	2	2	4.9999999999999964	45
115	3	2	5.103999999999996	85.01200000000003
115	4	2	4.9999999999999964	125.00000000000003
115	5	2	4.9999999999999964	165.00000000000009
115	6	2	45.00000000000003	5.000000000000002
115	7	2	45.00000000000002	45.29999999999999
115	8	2	45.86799999999999	85.59599999999999
115	9	2	45.00000000000003	124.99999999999997
115	10	2	44.708000000000006	164.88799999999992
115	11	2	84.944	5.036000000000003
115	12	2	84.99999999999997	45.00000000000002
115	13	2	85.36625514403288	85.38683127572016
115	14	2	85.36051502145926	125.70386266094418
115	15	2	85.23999999999994	165.04399999999987
115	16	2	125.58333333333334	6.666666666666667
115	17	2	124.89200000000001	45.011999999999986
115	18	2	125.10800000000002	85.01999999999997
115	19	2	124.99600000000004	125.09999999999997
115	20	2	125.64400000000002	164.62800000000001
115	21	2	165.33600000000004	5.108
115	22	2	164.99999999999994	45.00000000000002
115	23	2	164.99999999999994	84.99999999999997
115	24	2	164.86799999999997	125.09599999999999
115	25	2	164.3235294117647	164.5882352941177
115	26	1	50.394000000000005	27.396000000000004
115	27	1	79.29940119760481	109.79840319361281
115	28	1	71.84769539078145	70.1563126252505
115	29	1	89.77200000000002	63.75800000000001
115	30	1	178.38722554890228	134.0139720558884
115	31	1	133.17564870259488	144.85429141716565
115	32	1	16.13799999999999	110.86
115	33	1	117.25149700598809	175.9061876247505
115	34	1	188.6207584830339	154.4530938123752
115	35	1	145.0639999999999	164.3380000000002
115	36	1	151.63073852295412	190.9021956087824
115	37	1	126.492	189.32399999999996
115	38	1	57.107784431137716	192.76047904191608
115	39	1	168.73400000000004	182.11999999999995
115	40	1	14.783999999999992	16.667999999999978
115	41	1	111.63599999999995	150.34199999999996
115	42	1	38.67065868263474	180.64071856287427
115	43	1	28.735999999999986	88.67600000000003
115	44	1	66.00399201596808	172.18762475049908
115	45	1	35.96812749003986	108.94820717131473
116	1	2	4.927999999999999	4.604000000000001
116	2	2	4.9999999999999964	45
116	3	2	5.103999999999996	85.01200000000003
116	4	2	4.9999999999999964	125.00000000000003
116	5	2	4.9999999999999964	165.00000000000009
116	6	2	45.00000000000003	5.000000000000002
116	7	2	45.00000000000002	45.29999999999999
116	8	2	45.86799999999999	85.59599999999999
116	9	2	45.00000000000003	124.99999999999997
116	10	2	44.708000000000006	164.88799999999992
116	11	2	84.944	5.036000000000003
116	12	2	84.99999999999997	45.00000000000002
116	13	2	85.36625514403288	85.38683127572016
116	14	2	85.36051502145926	125.70386266094418
116	15	2	85.23999999999994	165.04399999999987
116	16	2	125.58333333333334	6.666666666666667
116	17	2	124.89200000000001	45.011999999999986
116	18	2	125.10800000000002	85.01999999999997
116	19	2	124.99600000000004	125.09999999999997
116	20	2	125.64400000000002	164.62800000000001
116	21	2	165.33600000000004	5.108
116	22	2	164.99999999999994	45.00000000000002
116	23	2	164.99999999999994	84.99999999999997
116	24	2	164.86799999999997	125.09599999999999
116	25	2	164.3235294117647	164.5882352941177
116	26	1	50.452	27.27399999999999
116	27	1	79.26347305389221	109.8223552894211
116	28	1	71.8682634730538	70.0459081836327
116	29	1	89.78800000000001	63.73999999999997
116	30	1	178.40918163672652	134.0059880239521
116	31	1	133.1060000000002	144.59999999999988
116	32	1	16.141716566866272	110.82035928143719
116	33	1	117.32400000000004	175.93599999999998
116	34	1	188.532	154.44199999999995
116	35	1	144.9839999999999	164.10399999999998
116	36	1	151.52104208416833	190.90380761523053
116	37	1	126.52200000000003	189.2400000000001
116	38	1	57.015968063872236	192.7105788423155
116	39	1	168.56886227544908	182.10778443113742
116	40	1	14.834331337325349	16.483033932135687
116	41	1	111.61599999999994	150.53599999999986
116	42	1	38.69400000000003	180.584
116	43	1	28.804000000000016	88.54400000000005
116	44	1	66.04590818363268	172.1776447105791
116	45	1	35.92015968063869	108.91017964071854
117	1	2	4.927999999999999	4.604000000000001
117	2	2	4.9999999999999964	45
117	3	2	5.103999999999996	85.01200000000003
117	4	2	4.9999999999999964	125.00000000000003
117	5	2	4.9999999999999964	165.00000000000009
117	6	2	45.00000000000003	5.000000000000002
117	7	2	45.00000000000002	45.29999999999999
117	8	2	45.86799999999999	85.59599999999999
117	9	2	45.00000000000003	124.99999999999997
117	10	2	44.708000000000006	164.88799999999992
117	11	2	84.944	5.036000000000003
117	12	2	84.99999999999997	45.00000000000002
117	13	2	85.36625514403288	85.38683127572016
117	14	2	85.36051502145926	125.70386266094418
117	15	2	85.23999999999994	165.04399999999987
117	16	2	125.58333333333334	6.666666666666667
117	17	2	124.89200000000001	45.011999999999986
117	18	2	125.10800000000002	85.01999999999997
117	19	2	124.99600000000004	125.09999999999997
117	20	2	125.64400000000002	164.62800000000001
117	21	2	165.33600000000004	5.108
117	22	2	164.99999999999994	45.00000000000002
117	23	2	164.99999999999994	84.99999999999997
117	24	2	164.86799999999997	125.09599999999999
117	25	2	164.3235294117647	164.5882352941177
117	26	1	50.46307385229542	27.131736526946096
117	27	1	79.34000000000007	109.86000000000003
117	28	1	71.80799999999998	69.96800000000005
117	29	1	89.78642714570854	63.7864271457086
117	30	1	178.51599999999988	133.92200000000003
117	31	1	132.99400000000003	144.41799999999998
117	32	1	16.28599999999999	111.00999999999992
117	33	1	117.32534930139728	175.94810379241517
117	34	1	188.25948103792416	154.38922155688624
117	35	1	144.98199999999989	163.92800000000008
117	36	1	151.51896207584826	190.85429141716574
117	37	1	126.44910179640713	189.21956087824356
117	38	1	57.06600000000003	192.65999999999988
117	39	1	168.47399999999988	182.08599999999998
117	40	1	14.960079840319368	16.277445109780412
117	41	1	111.53093812375248	150.67864271457088
117	42	1	38.75000000000002	180.62999999999982
117	43	1	28.716566866267453	88.53293413173661
117	44	1	66.09181636726547	172.12375249500994
117	45	1	35.95591182364727	108.73747494989982
118	1	2	4.927999999999999	4.604000000000001
118	2	2	4.9999999999999964	45
118	3	2	5.103999999999996	85.01200000000003
118	4	2	4.9999999999999964	125.00000000000003
118	5	2	4.9999999999999964	165.00000000000009
118	6	2	45.00000000000003	5.000000000000002
118	7	2	45.00000000000002	45.29999999999999
118	8	2	45.86799999999999	85.59599999999999
118	9	2	45.00000000000003	124.99999999999997
118	10	2	44.708000000000006	164.88799999999992
118	11	2	84.944	5.036000000000003
118	12	2	84.99999999999997	45.00000000000002
118	13	2	85.36625514403288	85.38683127572016
118	14	2	85.36051502145926	125.70386266094418
118	15	2	85.23999999999994	165.04399999999987
118	16	2	125.58333333333334	6.666666666666667
118	17	2	124.89200000000001	45.011999999999986
118	18	2	125.10800000000002	85.01999999999997
118	19	2	124.99600000000004	125.09999999999997
118	20	2	125.64400000000002	164.62800000000001
118	21	2	165.33600000000004	5.108
118	22	2	164.99999999999994	45.00000000000002
118	23	2	164.99999999999994	84.99999999999997
118	24	2	164.86799999999997	125.09599999999999
118	25	2	164.3235294117647	164.5882352941177
118	26	1	50.49000000000004	27.00800000000002
118	27	1	79.46693386773539	109.96593186372749
118	28	1	71.704	69.80600000000003
118	29	1	89.8303393213573	63.91417165668661
118	30	1	178.54890219560875	133.90818363273442
118	31	1	133.0958083832334	144.2395209580838
118	32	1	16.367265469061874	111.08782435129737
118	33	1	117.39920159680644	175.92814371257484
118	34	1	188.27544910179643	154.46706586826323
118	35	1	144.89820359281433	163.78043912175653
118	36	1	151.45708582834322	190.94211576846305
118	37	1	126.47011952191245	189.1693227091635
118	38	1	57.014000000000024	192.55200000000016
118	39	1	168.39043824701184	182.02390438247028
118	40	1	15.009980039920158	16.221556886227532
118	41	1	111.52495009980045	150.81237524950103
118	42	1	38.80399999999998	180.71599999999992
118	43	1	28.592814371257486	88.5189620758483
118	44	1	66.17928286852592	172.06772908366528
118	45	1	36.00996015936255	108.60159362549801
119	1	2	4.927999999999999	4.604000000000001
119	2	2	4.9999999999999964	45
119	3	2	5.103999999999996	85.01200000000003
119	4	2	4.9999999999999964	125.00000000000003
119	5	2	4.9999999999999964	165.00000000000009
119	6	2	45.00000000000003	5.000000000000002
119	7	2	45.00000000000002	45.29999999999999
119	8	2	45.86799999999999	85.59599999999999
119	9	2	45.00000000000003	124.99999999999997
119	10	2	44.708000000000006	164.88799999999992
119	11	2	84.944	5.036000000000003
119	12	2	84.99999999999997	45.00000000000002
119	13	2	85.36625514403288	85.38683127572016
119	14	2	85.36051502145926	125.70386266094418
119	15	2	85.23999999999994	165.04399999999987
119	16	2	125.58333333333334	6.666666666666667
119	17	2	124.89200000000001	45.011999999999986
119	18	2	125.10800000000002	85.01999999999997
119	19	2	124.99600000000004	125.09999999999997
119	20	2	125.64400000000002	164.62800000000001
119	21	2	165.33600000000004	5.108
119	22	2	164.99999999999994	45.00000000000002
119	23	2	164.99999999999994	84.99999999999997
119	24	2	164.86799999999997	125.09599999999999
119	25	2	164.3235294117647	164.5882352941177
119	26	1	50.50499001996012	26.94011976047905
119	27	1	79.46799999999999	109.98199999999997
119	28	1	71.66400000000007	69.66199999999992
119	29	1	89.83599999999994	63.96400000000003
119	30	1	178.5908183632735	134.02794411177646
119	31	1	133.11823647294614	144.08216432865723
119	32	1	16.42514970059879	111.12175648702595
119	33	1	117.43999999999991	175.86800000000005
119	34	1	188.15200000000002	154.45400000000012
119	35	1	144.75049900199593	163.63672654690623
119	36	1	151.4739999999999	190.90800000000004
119	37	1	126.41683366733466	189.15430861723448
119	38	1	57.004000000000005	192.41999999999982
119	39	1	168.17599999999982	181.94799999999998
119	40	1	14.989999999999991	16.159999999999982
119	41	1	111.44600000000003	150.95799999999997
119	42	1	38.838000000000015	180.7159999999998
119	43	1	28.50499001996006	88.52095808383237
119	44	1	66.18163672654694	172.00598802395234
119	45	1	36.05588822355287	108.44710578842312
120	1	2	4.927999999999999	4.604000000000001
120	2	2	4.9999999999999964	45
120	3	2	5.103999999999996	85.01200000000003
120	4	2	4.9999999999999964	125.00000000000003
120	5	2	4.9999999999999964	165.00000000000009
120	6	2	45.00000000000003	5.000000000000002
120	7	2	45.00000000000002	45.29999999999999
120	8	2	45.86799999999999	85.59599999999999
120	9	2	45.00000000000003	124.99999999999997
120	10	2	44.708000000000006	164.88799999999992
120	11	2	84.944	5.036000000000003
120	12	2	84.99999999999997	45.00000000000002
120	13	2	85.36625514403288	85.38683127572016
120	14	2	85.36051502145926	125.70386266094418
120	15	2	85.23999999999994	165.04399999999987
120	16	2	125.58333333333334	6.666666666666667
120	17	2	124.89200000000001	45.011999999999986
120	18	2	125.10800000000002	85.01999999999997
120	19	2	124.99600000000004	125.09999999999997
120	20	2	125.64400000000002	164.62800000000001
120	21	2	165.33600000000004	5.108
120	22	2	164.99999999999994	45.00000000000002
120	23	2	164.99999999999994	84.99999999999997
120	24	2	164.86799999999997	125.09599999999999
120	25	2	164.3235294117647	164.5882352941177
120	26	1	50.48200000000005	26.862000000000016
120	27	1	79.40399999999991	109.93599999999998
120	28	1	71.60200000000007	69.58600000000006
120	29	1	89.92199999999997	64.05600000000004
120	30	1	178.63672654690626	134.0738522954092
120	31	1	133.14999999999995	143.93399999999997
120	32	1	16.478000000000005	111.19999999999997
120	33	1	117.52495009980039	175.79840319361284
120	34	1	187.99800000000002	154.45800000000006
120	35	1	144.75400000000008	163.51200000000023
120	36	1	151.37999999999988	191.00600000000003
120	37	1	126.3687374749499	189.1563126252505
120	38	1	56.96207584830337	192.40918163672654
120	39	1	167.92000000000004	181.83799999999985
120	40	1	14.911999999999995	16.106
120	41	1	111.4451097804392	151.01796407185637
120	42	1	38.86199999999998	180.60399999999993
120	43	1	28.397999999999996	88.52799999999993
120	44	1	66.36526946107783	172.0099800399201
120	45	1	36.081673306772906	108.2788844621513
121	1	2	4.927999999999999	4.604000000000001
121	2	2	4.9999999999999964	45
121	3	2	5.103999999999996	85.01200000000003
121	4	2	4.9999999999999964	125.00000000000003
121	5	2	4.9999999999999964	165.00000000000009
121	6	2	45.00000000000003	5.000000000000002
121	7	2	45.00000000000002	45.29999999999999
121	8	2	45.86799999999999	85.59599999999999
121	9	2	45.00000000000003	124.99999999999997
121	10	2	44.708000000000006	164.88799999999992
121	11	2	84.944	5.036000000000003
121	12	2	84.99999999999997	45.00000000000002
121	13	2	85.36625514403288	85.38683127572016
121	14	2	85.36051502145926	125.70386266094418
121	15	2	85.23999999999994	165.04399999999987
121	16	2	125.58333333333334	6.666666666666667
121	17	2	124.89200000000001	45.011999999999986
121	18	2	125.10800000000002	85.01999999999997
121	19	2	124.99600000000004	125.09999999999997
121	20	2	125.64400000000002	164.62800000000001
121	21	2	165.33600000000004	5.108
121	22	2	164.99999999999994	45.00000000000002
121	23	2	164.99999999999994	84.99999999999997
121	24	2	164.86799999999997	125.09599999999999
121	25	2	164.3235294117647	164.5882352941177
121	26	1	50.5209580838324	26.81037924151696
121	27	1	79.31337325349301	109.91417165668663
121	28	1	71.59281437125745	69.61477045908187
121	29	1	89.87399999999995	64.034
121	30	1	178.58283433133732	134.17964071856275
121	31	1	133.1536926147705	143.91616766467058
121	32	1	16.526000000000007	111.242
121	33	1	117.65999999999987	175.776
121	34	1	187.94610778443115	154.43912175648688
121	35	1	144.82999999999987	163.38400000000007
121	36	1	151.316	191.03400000000016
121	37	1	126.32000000000008	189.10399999999998
121	38	1	56.98800000000001	192.43200000000024
121	39	1	167.842	181.83399999999997
121	40	1	14.979959919839684	15.985971943887762
121	41	1	111.40400000000004	151.1419999999999
121	42	1	38.90419161676645	180.64870259481003
121	43	1	28.26746506986029	88.51297405189625
121	44	1	66.41199999999998	172.01400000000015
121	45	1	36.025948103792416	108.19560878243509
122	1	2	4.927999999999999	4.604000000000001
122	2	2	4.9999999999999964	45
122	3	2	5.103999999999996	85.01200000000003
122	4	2	4.9999999999999964	125.00000000000003
122	5	2	4.9999999999999964	165.00000000000009
122	6	2	45.00000000000003	5.000000000000002
122	7	2	45.00000000000002	45.29999999999999
122	8	2	45.86799999999999	85.59599999999999
122	9	2	45.00000000000003	124.99999999999997
122	10	2	44.708000000000006	164.88799999999992
122	11	2	84.944	5.036000000000003
122	12	2	84.99999999999997	45.00000000000002
122	13	2	85.36625514403288	85.38683127572016
122	14	2	85.36051502145926	125.70386266094418
122	15	2	85.23999999999994	165.04399999999987
122	16	2	125.58333333333334	6.666666666666667
122	17	2	124.89200000000001	45.011999999999986
122	18	2	125.10800000000002	85.01999999999997
122	19	2	124.99600000000004	125.09999999999997
122	20	2	125.64400000000002	164.62800000000001
122	21	2	165.33600000000004	5.108
122	22	2	164.99999999999994	45.00000000000002
122	23	2	164.99999999999994	84.99999999999997
122	24	2	164.86799999999997	125.09599999999999
122	25	2	164.3235294117647	164.5882352941177
122	26	1	50.51200000000002	26.70999999999999
122	27	1	79.29740518962068	109.92814371257482
122	28	1	71.56200000000003	69.548
122	29	1	89.91616766467067	64.02994011976045
122	30	1	178.63600000000017	134.24200000000008
122	31	1	133.14570858283432	143.79241516966061
122	32	1	16.60279441117765	111.24151696606789
122	33	1	117.6840000000001	175.69599999999969
122	34	1	187.912	154.3799999999998
122	35	1	144.82235528942115	163.35528942115758
122	36	1	151.278	191.1260000000002
122	37	1	126.20958083832332	189.05988023952088
122	38	1	56.97211155378485	192.37250996015948
122	39	1	167.7365269461078	181.8203592814372
122	40	1	14.944000000000004	15.857999999999983
122	41	1	111.33665338645417	151.21912350597628
122	42	1	38.930139720558856	180.62075848303397
122	43	1	28.1816367265469	88.44311377245512
122	44	1	66.39600000000004	171.93400000000003
122	45	1	36.038076152304626	108.0661322645291
123	1	2	4.927999999999999	4.604000000000001
123	2	2	4.9999999999999964	45
123	3	2	5.103999999999996	85.01200000000003
123	4	2	4.9999999999999964	125.00000000000003
123	5	2	4.9999999999999964	165.00000000000009
123	6	2	45.00000000000003	5.000000000000002
123	7	2	45.00000000000002	45.29999999999999
123	8	2	45.86799999999999	85.59599999999999
123	9	2	45.00000000000003	124.99999999999997
123	10	2	44.708000000000006	164.88799999999992
123	11	2	84.944	5.036000000000003
123	12	2	84.99999999999997	45.00000000000002
123	13	2	85.36625514403288	85.38683127572016
123	14	2	85.36051502145926	125.70386266094418
123	15	2	85.23999999999994	165.04399999999987
123	16	2	125.58333333333334	6.666666666666667
123	17	2	124.89200000000001	45.011999999999986
123	18	2	125.10800000000002	85.01999999999997
123	19	2	124.99600000000004	125.09999999999997
123	20	2	125.64400000000002	164.62800000000001
123	21	2	165.33600000000004	5.108
123	22	2	164.99999999999994	45.00000000000002
123	23	2	164.99999999999994	84.99999999999997
123	24	2	164.86799999999997	125.09599999999999
123	25	2	164.3235294117647	164.5882352941177
123	26	1	50.59599999999996	26.633999999999993
123	27	1	79.162	109.94999999999999
123	28	1	71.53999999999996	69.46800000000002
123	29	1	89.82999999999997	64.06599999999999
123	30	1	178.62475049900212	134.2774451097804
123	31	1	133.1763527054109	143.7595190380761
123	32	1	16.592000000000002	111.21000000000005
123	33	1	117.7105788423153	175.71257485029952
123	34	1	187.84769539078155	154.36472945891796
123	35	1	144.77045908183638	163.25149700598797
123	36	1	151.22000000000003	191.15000000000015
123	37	1	126.13772455089818	189.0119760479042
123	38	1	56.989979959919815	192.3446893787574
123	39	1	167.58483033932137	181.75449101796434
123	40	1	14.96007984031936	15.726546906187606
123	41	1	111.26746506986031	151.40518962075856
123	42	1	39.028000000000006	180.66200000000006
123	43	1	28.174	88.28199999999997
123	44	1	66.46906187624744	172.00399201596818
123	45	1	35.94810379241517	107.98802395209584
124	1	2	4.927999999999999	4.604000000000001
124	2	2	4.9999999999999964	45
124	3	2	5.103999999999996	85.01200000000003
124	4	2	4.9999999999999964	125.00000000000003
124	5	2	4.9999999999999964	165.00000000000009
124	6	2	45.00000000000003	5.000000000000002
124	7	2	45.00000000000002	45.29999999999999
124	8	2	45.86799999999999	85.59599999999999
124	9	2	45.00000000000003	124.99999999999997
124	10	2	44.708000000000006	164.88799999999992
124	11	2	84.944	5.036000000000003
124	12	2	84.99999999999997	45.00000000000002
124	13	2	85.36625514403288	85.38683127572016
124	14	2	85.36051502145926	125.70386266094418
124	15	2	85.23999999999994	165.04399999999987
124	16	2	125.58333333333334	6.666666666666667
124	17	2	124.89200000000001	45.011999999999986
124	18	2	125.10800000000002	85.01999999999997
124	19	2	124.99600000000004	125.09999999999997
124	20	2	125.64400000000002	164.62800000000001
124	21	2	165.33600000000004	5.108
124	22	2	164.99999999999994	45.00000000000002
124	23	2	164.99999999999994	84.99999999999997
124	24	2	164.86799999999997	125.09599999999999
124	25	2	164.3235294117647	164.5882352941177
124	26	1	50.61199999999996	26.508000000000006
124	27	1	79.18600000000004	109.976
124	28	1	71.40199999999996	69.37600000000003
124	29	1	89.80079681274896	64.15737051792829
124	30	1	178.68200000000007	134.28800000000007
124	31	1	133.22044088176358	143.48496993987982
124	32	1	16.614	111.27
124	33	1	117.89442231075698	175.70119521912346
124	34	1	187.696	154.192
124	35	1	144.70059880239532	163.12375249500997
124	36	1	151.20999999999984	191.23400000000018
124	37	1	126.22800000000004	188.94399999999987
124	38	1	57.02195608782435	192.26946107784437
124	39	1	167.53493013972064	181.6087824351298
124	40	1	14.932135728542907	15.59081836327345
124	41	1	111.3692614770459	151.44710578842313
124	42	1	39.080000000000005	180.68400000000005
124	43	1	28.039840637450187	88.38047808764944
124	44	1	66.46800000000005	171.95000000000002
124	45	1	36.025999999999996	107.99199999999995
125	1	2	4.927999999999999	4.604000000000001
125	2	2	4.9999999999999964	45
125	3	2	5.103999999999996	85.01200000000003
125	4	2	4.9999999999999964	125.00000000000003
125	5	2	4.9999999999999964	165.00000000000009
125	6	2	45.00000000000003	5.000000000000002
125	7	2	45.00000000000002	45.29999999999999
125	8	2	45.86799999999999	85.59599999999999
125	9	2	45.00000000000003	124.99999999999997
125	10	2	44.708000000000006	164.88799999999992
125	11	2	84.944	5.036000000000003
125	12	2	84.99999999999997	45.00000000000002
125	13	2	85.36625514403288	85.38683127572016
125	14	2	85.36051502145926	125.70386266094418
125	15	2	85.23999999999994	165.04399999999987
125	16	2	125.58333333333334	6.666666666666667
125	17	2	124.89200000000001	45.011999999999986
125	18	2	125.10800000000002	85.01999999999997
125	19	2	124.99600000000004	125.09999999999997
125	20	2	125.64400000000002	164.62800000000001
125	21	2	165.33600000000004	5.108
125	22	2	164.99999999999994	45.00000000000002
125	23	2	164.99999999999994	84.99999999999997
125	24	2	164.86799999999997	125.09599999999999
125	25	2	164.3235294117647	164.5882352941177
125	26	1	50.6746506986028	26.405189620758478
125	27	1	79.07185628742509	109.97405189620754
125	28	1	71.32600000000006	69.30000000000001
125	29	1	89.82399999999991	64.24399999999997
125	30	1	178.66067864271466	134.35928143712593
125	31	1	133.17764471057896	143.37524950099805
125	32	1	16.590818363273442	111.27944111776448
125	33	1	118.01603206412827	175.7174348697394
125	34	1	187.6007984031936	154.26147704590818
125	35	1	144.67265469061883	163.08383233532925
125	36	1	151.05189620758466	191.30339321357312
125	37	1	126.07399999999997	188.94200000000006
125	38	1	56.998003992015974	192.25748502994009
125	39	1	167.40399999999988	181.49200000000013
125	40	1	15.01394422310757	15.549800796812745
125	41	1	111.38247011952191	151.42031872509926
125	42	1	39.145708582834324	180.75049900199596
125	43	1	27.97604790419161	88.3832335329341
125	44	1	66.51800000000004	171.95600000000007
125	45	1	35.99400000000002	107.834
126	1	2	4.927999999999999	4.604000000000001
126	2	2	4.9999999999999964	45
126	3	2	5.103999999999996	85.01200000000003
126	4	2	4.9999999999999964	125.00000000000003
126	5	2	4.9999999999999964	165.00000000000009
126	6	2	45.00000000000003	5.000000000000002
126	7	2	45.00000000000002	45.29999999999999
126	8	2	45.86799999999999	85.59599999999999
126	9	2	45.00000000000003	124.99999999999997
126	10	2	44.708000000000006	164.88799999999992
126	11	2	84.944	5.036000000000003
126	12	2	84.99999999999997	45.00000000000002
126	13	2	85.36625514403288	85.38683127572016
126	14	2	85.36051502145926	125.70386266094418
126	15	2	85.23999999999994	165.04399999999987
126	16	2	125.58333333333334	6.666666666666667
126	17	2	124.89200000000001	45.011999999999986
126	18	2	125.10800000000002	85.01999999999997
126	19	2	124.99600000000004	125.09999999999997
126	20	2	125.64400000000002	164.62800000000001
126	21	2	165.33600000000004	5.108
126	22	2	164.99999999999994	45.00000000000002
126	23	2	164.99999999999994	84.99999999999997
126	24	2	164.86799999999997	125.09599999999999
126	25	2	164.3235294117647	164.5882352941177
126	26	1	50.66866267465068	26.21157684630739
126	27	1	78.97205588822355	110.0099800399202
126	28	1	71.242	69.21400000000003
126	29	1	89.86600000000007	64.366
126	30	1	178.66467065868264	134.40918163672666
126	31	1	133.2594810379244	143.25748502994009
126	32	1	16.656000000000006	111.29399999999997
126	33	1	118.06199999999991	175.74199999999988
126	34	1	187.59	154.31800000000027
126	35	1	144.54091816367264	162.98602794411164
126	36	1	151.01000000000016	191.372
126	37	1	126.07399999999997	188.94200000000006
126	38	1	56.97005988023953	192.14970059880233
126	39	1	167.2160000000001	181.39799999999983
126	40	1	14.842	15.447999999999997
126	41	1	111.37524950099808	151.44910179640715
126	42	1	39.177644710578846	180.74850299401191
126	43	1	27.798000000000016	88.38200000000002
126	44	1	66.58083832335333	171.9461077844311
126	45	1	36.07599999999998	107.702
127	1	2	4.927999999999999	4.604000000000001
127	2	2	4.9999999999999964	45
127	3	2	5.103999999999996	85.01200000000003
127	4	2	4.9999999999999964	125.00000000000003
127	5	2	4.9999999999999964	165.00000000000009
127	6	2	45.00000000000003	5.000000000000002
127	7	2	45.00000000000002	45.29999999999999
127	8	2	45.86799999999999	85.59599999999999
127	9	2	45.00000000000003	124.99999999999997
127	10	2	44.708000000000006	164.88799999999992
127	11	2	84.944	5.036000000000003
127	12	2	84.99999999999997	45.00000000000002
127	13	2	85.36625514403288	85.38683127572016
127	14	2	85.36051502145926	125.70386266094418
127	15	2	85.23999999999994	165.04399999999987
127	16	2	125.58333333333334	6.666666666666667
127	17	2	124.89200000000001	45.011999999999986
127	18	2	125.10800000000002	85.01999999999997
127	19	2	124.99600000000004	125.09999999999997
127	20	2	125.64400000000002	164.62800000000001
127	21	2	165.33600000000004	5.108
127	22	2	164.99999999999994	45.00000000000002
127	23	2	164.99999999999994	84.99999999999997
127	24	2	164.86799999999997	125.09599999999999
127	25	2	164.3235294117647	164.5882352941177
127	26	1	50.83067729083666	26.091633466135473
127	27	1	78.778	110.05799999999992
127	28	1	71.17165668662673	69.067864271457
127	29	1	89.86	64.39600000000011
127	30	1	178.73652694610772	134.3313373253493
127	31	1	133.27091633466128	143.21115537848598
127	32	1	16.638722554890215	111.19960079840328
127	33	1	118.05600000000005	175.644
127	34	1	187.47904191616766	154.28742514970054
127	35	1	144.568	162.96
127	36	1	150.9600000000001	191.3960000000001
127	37	1	126.0758483033932	188.94411177644702
127	38	1	57.01796407185628	192.04391217564876
127	39	1	167.1756487025947	181.3692614770459
127	40	1	14.808383233532933	15.405189620758494
127	41	1	111.39121756487036	151.47504990019956
127	42	1	39.217999999999975	180.84400000000005
127	43	1	27.624000000000017	88.45800000000008
127	44	1	66.658	171.9239999999997
127	45	1	36.214000000000034	107.6180000000001
128	1	2	4.927999999999999	4.604000000000001
128	2	2	4.9999999999999964	45
128	3	2	5.103999999999996	85.01200000000003
128	4	2	4.9999999999999964	125.00000000000003
128	5	2	4.9999999999999964	165.00000000000009
128	6	2	45.00000000000003	5.000000000000002
128	7	2	45.00000000000002	45.29999999999999
128	8	2	45.86799999999999	85.59599999999999
128	9	2	45.00000000000003	124.99999999999997
128	10	2	44.708000000000006	164.88799999999992
128	11	2	84.944	5.036000000000003
128	12	2	84.99999999999997	45.00000000000002
128	13	2	85.36625514403288	85.38683127572016
128	14	2	85.36051502145926	125.70386266094418
128	15	2	85.23999999999994	165.04399999999987
128	16	2	125.58333333333334	6.666666666666667
128	17	2	124.89200000000001	45.011999999999986
128	18	2	125.10800000000002	85.01999999999997
128	19	2	124.99600000000004	125.09999999999997
128	20	2	125.64400000000002	164.62800000000001
128	21	2	165.33600000000004	5.108
128	22	2	164.99999999999994	45.00000000000002
128	23	2	164.99999999999994	84.99999999999997
128	24	2	164.86799999999997	125.09599999999999
128	25	2	164.3235294117647	164.5882352941177
128	26	1	50.80799999999998	26.026000000000007
128	27	1	78.78400000000005	110.07200000000007
128	28	1	71.04399999999997	68.86000000000008
128	29	1	89.81799999999997	64.52800000000002
128	30	1	178.84000000000015	134.33799999999994
128	31	1	133.2894211576847	143.08982035928145
128	32	1	16.708582834331335	111.33732534930142
128	33	1	118.18400000000007	175.57200000000003
128	34	1	187.31936127744513	154.2055888223553
128	35	1	144.50800000000018	162.93599999999998
128	36	1	150.91616766467064	191.47305389221557
128	37	1	125.93413173652695	188.97804391217562
128	38	1	56.95591182364729	192.08016032064126
128	39	1	167.03592814371265	181.27544910179645
128	40	1	14.778443113772454	15.449101796407202
128	41	1	111.42799999999997	151.56799999999996
128	42	1	39.299401197604766	180.9361277445109
128	43	1	27.568000000000023	88.45600000000006
128	44	1	66.70459081836324	171.87425149700601
128	45	1	36.23	107.57000000000004
129	1	2	4.927999999999999	4.604000000000001
129	2	2	4.9999999999999964	45
129	3	2	5.103999999999996	85.01200000000003
129	4	2	4.9999999999999964	125.00000000000003
129	5	2	4.9999999999999964	165.00000000000009
129	6	2	45.00000000000003	5.000000000000002
129	7	2	45.00000000000002	45.29999999999999
129	8	2	45.86799999999999	85.59599999999999
129	9	2	45.00000000000003	124.99999999999997
129	10	2	44.708000000000006	164.88799999999992
129	11	2	84.944	5.036000000000003
129	12	2	84.99999999999997	45.00000000000002
129	13	2	85.36625514403288	85.38683127572016
129	14	2	85.36051502145926	125.70386266094418
129	15	2	85.23999999999994	165.04399999999987
129	16	2	125.58333333333334	6.666666666666667
129	17	2	124.89200000000001	45.011999999999986
129	18	2	125.10800000000002	85.01999999999997
129	19	2	124.99600000000004	125.09999999999997
129	20	2	125.64400000000002	164.62800000000001
129	21	2	165.33600000000004	5.108
129	22	2	164.99999999999994	45.00000000000002
129	23	2	164.99999999999994	84.99999999999997
129	24	2	164.86799999999997	125.09599999999999
129	25	2	164.3235294117647	164.5882352941177
129	26	1	50.93000000000003	25.776000000000014
129	27	1	78.79600000000005	110.09399999999994
129	28	1	71.02800000000002	68.77999999999997
129	29	1	89.77800000000006	64.48400000000004
129	30	1	178.89378757515013	134.30260521042084
129	31	1	133.30938123752503	143.1017964071856
129	32	1	16.633999999999997	111.39200000000008
129	33	1	118.24999999999999	175.5520000000001
129	34	1	187.13147410358565	154.12948207171328
129	35	1	144.496015936255	162.95816733067738
129	36	1	150.84031936127752	191.48702594810382
129	37	1	125.91000000000007	188.98800000000023
129	38	1	56.854291417165626	191.90818363273448
129	39	1	167.125748502994	181.3433133732535
129	40	1	14.68662674650698	15.46107784431137
129	41	1	111.36800000000014	151.65599999999978
129	42	1	39.396	181.01199999999992
129	43	1	27.325349301397207	88.69860279441123
129	44	1	66.79200000000002	171.78599999999963
129	45	1	36.35600000000001	107.50399999999992
130	1	2	4.927999999999999	4.604000000000001
130	2	2	4.9999999999999964	45
130	3	2	5.103999999999996	85.01200000000003
130	4	2	4.9999999999999964	125.00000000000003
130	5	2	4.9999999999999964	165.00000000000009
130	6	2	45.00000000000003	5.000000000000002
130	7	2	45.00000000000002	45.29999999999999
130	8	2	45.86799999999999	85.59599999999999
130	9	2	45.00000000000003	124.99999999999997
130	10	2	44.708000000000006	164.88799999999992
130	11	2	84.944	5.036000000000003
130	12	2	84.99999999999997	45.00000000000002
130	13	2	85.36625514403288	85.38683127572016
130	14	2	85.36051502145926	125.70386266094418
130	15	2	85.23999999999994	165.04399999999987
130	16	2	125.58333333333334	6.666666666666667
130	17	2	124.89200000000001	45.011999999999986
130	18	2	125.10800000000002	85.01999999999997
130	19	2	124.99600000000004	125.09999999999997
130	20	2	125.64400000000002	164.62800000000001
130	21	2	165.33600000000004	5.108
130	22	2	164.99999999999994	45.00000000000002
130	23	2	164.99999999999994	84.99999999999997
130	24	2	164.86799999999997	125.09599999999999
130	25	2	164.3235294117647	164.5882352941177
130	26	1	51.03592814371254	25.6986027944112
130	27	1	78.5908183632735	110.03992015968058
130	28	1	70.95399999999998	68.686
130	29	1	89.71856287425139	64.50099800399197
130	30	1	178.9920159680636	134.27145708582833
130	31	1	133.27399999999997	142.97199999999984
130	32	1	16.640718562874266	111.47904191616779
130	33	1	118.23647294589183	175.38877755511015
130	34	1	186.97804391217565	154.08383233532933
130	35	1	144.44111776447087	162.92614770459085
130	36	1	150.7884231536926	191.5169660678644
130	37	1	125.80999999999993	188.956
130	38	1	56.84830339321358	191.76846307385222
130	39	1	166.9720000000001	181.20400000000018
130	40	1	14.770000000000003	15.290000000000004
130	41	1	111.36926147704582	151.7085828343313
130	42	1	39.377999999999965	181.04799999999975
130	43	1	27.192	88.77599999999998
130	44	1	66.89599999999996	171.83399999999983
130	45	1	36.38123752495007	107.42514970059877
131	1	2	4.927999999999999	4.604000000000001
131	2	2	4.9999999999999964	45
131	3	2	5.103999999999996	85.01200000000003
131	4	2	4.9999999999999964	125.00000000000003
131	5	2	4.9999999999999964	165.00000000000009
131	6	2	45.00000000000003	5.000000000000002
131	7	2	45.00000000000002	45.29999999999999
131	8	2	45.86799999999999	85.59599999999999
131	9	2	45.00000000000003	124.99999999999997
131	10	2	44.708000000000006	164.88799999999992
131	11	2	84.944	5.036000000000003
131	12	2	84.99999999999997	45.00000000000002
131	13	2	85.36625514403288	85.38683127572016
131	14	2	85.36051502145926	125.70386266094418
131	15	2	85.23999999999994	165.04399999999987
131	16	2	125.58333333333334	6.666666666666667
131	17	2	124.89200000000001	45.011999999999986
131	18	2	125.10800000000002	85.01999999999997
131	19	2	124.99600000000004	125.09999999999997
131	20	2	125.64400000000002	164.62800000000001
131	21	2	165.33600000000004	5.108
131	22	2	164.99999999999994	45.00000000000002
131	23	2	164.99999999999994	84.99999999999997
131	24	2	164.86799999999997	125.09599999999999
131	25	2	164.3235294117647	164.5882352941177
131	26	1	51.069860279441116	25.592814371257482
131	27	1	78.6300000000001	110.00999999999986
131	28	1	70.95608782435131	68.70858283433131
131	29	1	89.68599999999996	64.48000000000003
131	30	1	179.06399999999996	134.318
131	31	1	133.1539999999999	142.85399999999998
131	32	1	16.762475049900193	111.562874251497
131	33	1	118.43600000000009	175.36200000000005
131	34	1	186.70858283433134	153.91816367265466
131	35	1	144.42315369261482	162.8542914171659
131	36	1	150.7420000000002	191.5520000000001
131	37	1	125.654	189.01000000000002
131	38	1	56.78486055776892	191.68127490039828
131	39	1	166.86799999999997	181.14600000000024
131	40	1	14.684000000000006	15.283999999999994
131	41	1	111.30938123752492	151.87025948103798
131	42	1	39.333999999999996	181.06399999999996
131	43	1	27.075999999999997	88.70999999999991
131	44	1	66.95399999999998	171.8580000000001
131	45	1	36.38922155688627	107.24950099800402
132	1	2	4.927999999999999	4.604000000000001
132	2	2	4.9999999999999964	45
132	3	2	5.103999999999996	85.01200000000003
132	4	2	4.9999999999999964	125.00000000000003
132	5	2	4.9999999999999964	165.00000000000009
132	6	2	45.00000000000003	5.000000000000002
132	7	2	45.00000000000002	45.29999999999999
132	8	2	45.86799999999999	85.59599999999999
132	9	2	45.00000000000003	124.99999999999997
132	10	2	44.708000000000006	164.88799999999992
132	11	2	84.944	5.036000000000003
132	12	2	84.99999999999997	45.00000000000002
132	13	2	85.36625514403288	85.38683127572016
132	14	2	85.36051502145926	125.70386266094418
132	15	2	85.23999999999994	165.04399999999987
132	16	2	125.58333333333334	6.666666666666667
132	17	2	124.89200000000001	45.011999999999986
132	18	2	125.10800000000002	85.01999999999997
132	19	2	124.99600000000004	125.09999999999997
132	20	2	125.64400000000002	164.62800000000001
132	21	2	165.33600000000004	5.108
132	22	2	164.99999999999994	45.00000000000002
132	23	2	164.99999999999994	84.99999999999997
132	24	2	164.86799999999997	125.09599999999999
132	25	2	164.3235294117647	164.5882352941177
132	26	1	51.11	25.434
132	27	1	78.54690618762471	110.00399201596815
132	28	1	70.88247011952193	68.70517928286854
132	29	1	89.65269461077841	64.46906187624758
132	30	1	179.05799999999994	134.276
132	31	1	132.93999999999986	142.8059999999999
132	32	1	16.7684630738523	111.49301397205593
132	33	1	118.6152304609218	175.28857715430868
132	34	1	186.5668662674651	153.8123752495009
132	35	1	144.4351297405192	162.87624750498998
132	36	1	150.71856287425152	191.6506986027944
132	37	1	125.45109780439124	189.00399201596807
132	38	1	56.736	191.62399999999997
132	39	1	166.75249500998007	181.15568862275458
132	40	1	14.762000000000008	15.220000000000002
132	41	1	111.23353293413176	151.98003992015964
132	42	1	39.343313373253515	181.03992015968046
132	43	1	26.99799999999999	88.712
132	44	1	66.9880239520957	171.81836327345295
132	45	1	36.450000000000045	107.03800000000001
133	1	2	4.927999999999999	4.604000000000001
133	2	2	4.9999999999999964	45
133	3	2	5.103999999999996	85.01200000000003
133	4	2	4.9999999999999964	125.00000000000003
133	5	2	4.9999999999999964	165.00000000000009
133	6	2	45.00000000000003	5.000000000000002
133	7	2	45.00000000000002	45.29999999999999
133	8	2	45.86799999999999	85.59599999999999
133	9	2	45.00000000000003	124.99999999999997
133	10	2	44.708000000000006	164.88799999999992
133	11	2	84.944	5.036000000000003
133	12	2	84.99999999999997	45.00000000000002
133	13	2	85.36625514403288	85.38683127572016
133	14	2	85.36051502145926	125.70386266094418
133	15	2	85.23999999999994	165.04399999999987
133	16	2	125.58333333333334	6.666666666666667
133	17	2	124.89200000000001	45.011999999999986
133	18	2	125.10800000000002	85.01999999999997
133	19	2	124.99600000000004	125.09999999999997
133	20	2	125.64400000000002	164.62800000000001
133	21	2	165.33600000000004	5.108
133	22	2	164.99999999999994	45.00000000000002
133	23	2	164.99999999999994	84.99999999999997
133	24	2	164.86799999999997	125.09599999999999
133	25	2	164.3235294117647	164.5882352941177
133	26	1	51.11400000000002	25.158000000000012
133	27	1	78.63346613545811	110.11952191235062
133	28	1	70.79640718562882	68.62075848303391
133	29	1	89.606	64.44600000000005
133	30	1	179.03984063745028	134.37051792828674
133	31	1	132.95200000000017	142.82799999999992
133	32	1	16.794411177644715	111.56886227544919
133	33	1	118.62600000000006	175.25999999999988
133	34	1	186.426	153.80999999999995
133	35	1	144.43400000000005	162.92399999999986
133	36	1	150.60479041916176	191.68263473053895
133	37	1	125.37999999999997	188.98399999999978
133	38	1	56.66399999999995	191.53999999999982
133	39	1	166.70200000000025	181.16000000000003
133	40	1	14.712	15.183999999999978
133	41	1	111.25800000000002	152.112
133	42	1	39.516	181.0259999999999
133	43	1	26.92614770459083	88.7964071856287
133	44	1	67.15000000000005	171.8400000000001
133	45	1	36.532000000000025	106.9540000000001
134	1	2	4.927999999999999	4.604000000000001
134	2	2	4.9999999999999964	45
134	3	2	5.103999999999996	85.01200000000003
134	4	2	4.9999999999999964	125.00000000000003
134	5	2	4.9999999999999964	165.00000000000009
134	6	2	45.00000000000003	5.000000000000002
134	7	2	45.00000000000002	45.29999999999999
134	8	2	45.86799999999999	85.59599999999999
134	9	2	45.00000000000003	124.99999999999997
134	10	2	44.708000000000006	164.88799999999992
134	11	2	84.944	5.036000000000003
134	12	2	84.99999999999997	45.00000000000002
134	13	2	85.36625514403288	85.38683127572016
134	14	2	85.36051502145926	125.70386266094418
134	15	2	85.23999999999994	165.04399999999987
134	16	2	125.58333333333334	6.666666666666667
134	17	2	124.89200000000001	45.011999999999986
134	18	2	125.10800000000002	85.01999999999997
134	19	2	124.99600000000004	125.09999999999997
134	20	2	125.64400000000002	164.62800000000001
134	21	2	165.33600000000004	5.108
134	22	2	164.99999999999994	45.00000000000002
134	23	2	164.99999999999994	84.99999999999997
134	24	2	164.86799999999997	125.09599999999999
134	25	2	164.3235294117647	164.5882352941177
134	26	1	51.15568862275449	24.988023952095787
134	27	1	78.50200000000001	110.05200000000004
134	28	1	70.70658682634725	68.55489021956086
134	29	1	89.634	64.41799999999998
134	30	1	179.09218436873738	134.35871743486982
134	31	1	132.81999999999988	142.73399999999987
134	32	1	16.890438247011964	111.65537848605572
134	33	1	118.69199999999992	175.294
134	34	1	186.23552894211576	153.7804391217565
134	35	1	144.40918163672657	162.80039920159683
134	36	1	150.42315369261476	191.7804391217566
134	37	1	125.28657314629253	189.01603206412824
134	38	1	56.68263473053892	191.42514970059904
134	39	1	166.44111776447093	181.06586826347308
134	40	1	14.786	14.991999999999997
134	41	1	111.188	152.26400000000007
134	42	1	39.54291417165667	181.06387225548886
134	43	1	26.858283433133746	88.82834331337331
134	44	1	67.206	171.86799999999997
134	45	1	36.56399999999999	106.8200000000001
135	1	2	4.927999999999999	4.604000000000001
135	2	2	4.9999999999999964	45
135	3	2	5.103999999999996	85.01200000000003
135	4	2	4.9999999999999964	125.00000000000003
135	5	2	4.9999999999999964	165.00000000000009
135	6	2	45.00000000000003	5.000000000000002
135	7	2	45.00000000000002	45.29999999999999
135	8	2	45.86799999999999	85.59599999999999
135	9	2	45.00000000000003	124.99999999999997
135	10	2	44.708000000000006	164.88799999999992
135	11	2	84.944	5.036000000000003
135	12	2	84.99999999999997	45.00000000000002
135	13	2	85.36625514403288	85.38683127572016
135	14	2	85.36051502145926	125.70386266094418
135	15	2	85.23999999999994	165.04399999999987
135	16	2	125.58333333333334	6.666666666666667
135	17	2	124.89200000000001	45.011999999999986
135	18	2	125.10800000000002	85.01999999999997
135	19	2	124.99600000000004	125.09999999999997
135	20	2	125.64400000000002	164.62800000000001
135	21	2	165.33600000000004	5.108
135	22	2	164.99999999999994	45.00000000000002
135	23	2	164.99999999999994	84.99999999999997
135	24	2	164.86799999999997	125.09599999999999
135	25	2	164.3235294117647	164.5882352941177
135	26	1	51.23353293413174	24.824351297405176
135	27	1	78.42315369261476	110.02794411177646
135	28	1	70.63800000000002	68.38000000000001
135	29	1	89.61399999999998	64.48399999999997
135	30	1	179.18962075848307	134.42714570858274
135	31	1	132.75400000000016	142.6380000000001
135	32	1	17.019960079840317	111.69860279441123
135	33	1	118.73200000000006	175.21799999999996
135	34	1	186.0561122244489	153.7555110220441
135	35	1	144.36454183266937	162.72509960159374
135	36	1	150.3512974051895	191.78842315369266
135	37	1	125.19800000000002	189.02999999999986
135	38	1	56.58682634730537	191.30139720558878
135	39	1	166.3540000000001	181.00799999999995
135	40	1	14.96600000000001	14.969999999999994
135	41	1	111.10179640718557	152.38522954091817
135	42	1	39.56600000000002	181.07799999999986
135	43	1	26.718000000000007	88.87199999999991
135	44	1	67.27655310621252	171.7414829659318
135	45	1	36.6746506986028	106.62674650698601
136	1	2	4.927999999999999	4.604000000000001
136	2	2	4.9999999999999964	45
136	3	2	5.103999999999996	85.01200000000003
136	4	2	4.9999999999999964	125.00000000000003
136	5	2	4.9999999999999964	165.00000000000009
136	6	2	45.00000000000003	5.000000000000002
136	7	2	45.00000000000002	45.29999999999999
136	8	2	45.86799999999999	85.59599999999999
136	9	2	45.00000000000003	124.99999999999997
136	10	2	44.708000000000006	164.88799999999992
136	11	2	84.944	5.036000000000003
136	12	2	84.99999999999997	45.00000000000002
136	13	2	85.36625514403288	85.38683127572016
136	14	2	85.36051502145926	125.70386266094418
136	15	2	85.23999999999994	165.04399999999987
136	16	2	125.58333333333334	6.666666666666667
136	17	2	124.89200000000001	45.011999999999986
136	18	2	125.10800000000002	85.01999999999997
136	19	2	124.99600000000004	125.09999999999997
136	20	2	125.64400000000002	164.62800000000001
136	21	2	165.33600000000004	5.108
136	22	2	164.99999999999994	45.00000000000002
136	23	2	164.99999999999994	84.99999999999997
136	24	2	164.86799999999997	125.09599999999999
136	25	2	164.3235294117647	164.5882352941177
136	26	1	51.3466135458167	24.61155378486056
136	27	1	78.30199999999995	110.09399999999997
136	28	1	70.59199999999998	68.178
136	29	1	89.662	64.4699999999999
136	30	1	179.16766467065875	134.46506986027939
136	31	1	132.73852295409188	142.57485029940116
136	32	1	17.115768463073852	111.74051896207583
136	33	1	118.76400000000011	175.17599999999996
136	34	1	185.88800000000003	153.58799999999997
136	35	1	144.26746506986044	162.73652694610772
136	36	1	150.25948103792416	191.81437125748496
136	37	1	125.09400000000002	189.01000000000002
136	38	1	56.5708582834331	191.25149700598803
136	39	1	166.2625250501002	180.94989979959914
136	40	1	15.021999999999998	14.978000000000005
136	41	1	110.93399999999998	152.58000000000027
136	42	1	39.574000000000034	181.072
136	43	1	26.578842315369272	88.96207584830341
136	44	1	67.34930139720565	171.8562874251498
136	45	1	36.742514970059894	106.44510978043917
137	1	2	4.927999999999999	4.604000000000001
137	2	2	4.9999999999999964	45
137	3	2	5.103999999999996	85.01200000000003
137	4	2	4.9999999999999964	125.00000000000003
137	5	2	4.9999999999999964	165.00000000000009
137	6	2	45.00000000000003	5.000000000000002
137	7	2	45.00000000000002	45.29999999999999
137	8	2	45.86799999999999	85.59599999999999
137	9	2	45.00000000000003	124.99999999999997
137	10	2	44.708000000000006	164.88799999999992
137	11	2	84.944	5.036000000000003
137	12	2	84.99999999999997	45.00000000000002
137	13	2	85.36625514403288	85.38683127572016
137	14	2	85.36051502145926	125.70386266094418
137	15	2	85.23999999999994	165.04399999999987
137	16	2	125.58333333333334	6.666666666666667
137	17	2	124.89200000000001	45.011999999999986
137	18	2	125.10800000000002	85.01999999999997
137	19	2	124.99600000000004	125.09999999999997
137	20	2	125.64400000000002	164.62800000000001
137	21	2	165.33600000000004	5.108
137	22	2	164.99999999999994	45.00000000000002
137	23	2	164.99999999999994	84.99999999999997
137	24	2	164.86799999999997	125.09599999999999
137	25	2	164.3235294117647	164.5882352941177
137	26	1	51.492	24.481999999999985
137	27	1	78.33133732534928	110.11576846307386
137	28	1	70.54800000000004	68.09199999999997
137	29	1	89.63800000000005	64.50400000000008
137	30	1	179.32000000000002	134.51200000000003
137	31	1	132.7524950099802	142.50099800399212
137	32	1	17.16932270916335	111.70318725099598
137	33	1	118.7684630738523	175.09181636726564
137	34	1	185.76047904191614	153.57884231536906
137	35	1	144.2175648702594	162.72854291417164
137	36	1	150.1139999999999	192.00800000000007
137	37	1	125.18599999999994	188.97600000000023
137	38	1	56.556886227544865	191.06387225548892
137	39	1	166.1812749003983	180.89641434262955
137	40	1	14.866000000000005	14.956000000000003
137	41	1	110.8962075848304	152.62275449101793
137	42	1	39.557999999999986	181.026
137	43	1	26.415999999999986	89.05200000000009
137	44	1	67.53493013972049	171.87225548902182
137	45	1	36.85200000000001	106.16999999999997
138	1	2	4.927999999999999	4.604000000000001
138	2	2	4.9999999999999964	45
138	3	2	5.103999999999996	85.01200000000003
138	4	2	4.9999999999999964	125.00000000000003
138	5	2	4.9999999999999964	165.00000000000009
138	6	2	45.00000000000003	5.000000000000002
138	7	2	45.00000000000002	45.29999999999999
138	8	2	45.86799999999999	85.59599999999999
138	9	2	45.00000000000003	124.99999999999997
138	10	2	44.708000000000006	164.88799999999992
138	11	2	84.944	5.036000000000003
138	12	2	84.99999999999997	45.00000000000002
138	13	2	85.36625514403288	85.38683127572016
138	14	2	85.36051502145926	125.70386266094418
138	15	2	85.23999999999994	165.04399999999987
138	16	2	125.58333333333334	6.666666666666667
138	17	2	124.89200000000001	45.011999999999986
138	18	2	125.10800000000002	85.01999999999997
138	19	2	124.99600000000004	125.09999999999997
138	20	2	125.64400000000002	164.62800000000001
138	21	2	165.33600000000004	5.108
138	22	2	164.99999999999994	45.00000000000002
138	23	2	164.99999999999994	84.99999999999997
138	24	2	164.86799999999997	125.09599999999999
138	25	2	164.3235294117647	164.5882352941177
138	26	1	51.65599999999994	24.305999999999987
138	27	1	78.28742514970064	110.05988023952092
138	28	1	70.5159999999999	67.93799999999995
138	29	1	89.674	64.588
138	30	1	179.3952095808384	134.54291417165643
138	31	1	132.7839999999999	142.42000000000007
138	32	1	17.23952095808384	111.79041916167664
138	33	1	118.83433133732527	175.03393213572852
138	34	1	185.55911823647293	153.5791583166332
138	35	1	144.22709163346616	162.68525896414354
138	36	1	150.04	192.06399999999996
138	37	1	125.27345309381231	188.9021956087824
138	38	1	56.49800000000002	190.922
138	39	1	166.17800000000003	180.91199999999995
138	40	1	14.789999999999992	14.890000000000017
138	41	1	110.86626746506984	152.8502994011977
138	42	1	39.58199999999997	181.04599999999988
138	43	1	26.295409181636714	89.1636726546906
138	44	1	67.65400000000002	171.87199999999993
138	45	1	36.908	106.072
139	1	2	4.927999999999999	4.604000000000001
139	2	2	4.9999999999999964	45
139	3	2	5.103999999999996	85.01200000000003
139	4	2	4.9999999999999964	125.00000000000003
139	5	2	4.9999999999999964	165.00000000000009
139	6	2	45.00000000000003	5.000000000000002
139	7	2	45.00000000000002	45.29999999999999
139	8	2	45.86799999999999	85.59599999999999
139	9	2	45.00000000000003	124.99999999999997
139	10	2	44.708000000000006	164.88799999999992
139	11	2	84.944	5.036000000000003
139	12	2	84.99999999999997	45.00000000000002
139	13	2	85.36625514403288	85.38683127572016
139	14	2	85.36051502145926	125.70386266094418
139	15	2	85.23999999999994	165.04399999999987
139	16	2	125.58333333333334	6.666666666666667
139	17	2	124.89200000000001	45.011999999999986
139	18	2	125.10800000000002	85.01999999999997
139	19	2	124.99600000000004	125.09999999999997
139	20	2	125.64400000000002	164.62800000000001
139	21	2	165.33600000000004	5.108
139	22	2	164.99999999999994	45.00000000000002
139	23	2	164.99999999999994	84.99999999999997
139	24	2	164.86799999999997	125.09599999999999
139	25	2	164.3235294117647	164.5882352941177
139	26	1	51.792828685258925	24.141434262948202
139	27	1	78.25999999999996	110.10000000000011
139	28	1	70.44999999999996	67.89999999999999
139	29	1	89.59999999999994	64.58400000000005
139	30	1	179.38799999999992	134.622
139	31	1	132.76999999999992	142.39999999999998
139	32	1	17.31872509960158	111.8346613545815
139	33	1	118.8403193612775	174.9840319361277
139	34	1	185.498	153.61999999999986
139	35	1	144.18200000000002	162.68599999999998
139	36	1	149.91600000000014	192.1180000000002
139	37	1	125.29399999999995	188.84399999999994
139	38	1	56.457085828343324	190.73852295409165
139	39	1	166.06199999999978	180.8060000000001
139	40	1	14.778443113772463	14.864271457085815
139	41	1	110.87999999999995	152.844
139	42	1	39.47305389221558	181.069860279441
139	43	1	26.264940239043828	89.207171314741
139	44	1	67.6860000000001	171.84599999999995
139	45	1	36.969999999999956	105.96400000000006
140	1	2	4.927999999999999	4.604000000000001
140	2	2	4.9999999999999964	45
140	3	2	5.103999999999996	85.01200000000003
140	4	2	4.9999999999999964	125.00000000000003
140	5	2	4.9999999999999964	165.00000000000009
140	6	2	45.00000000000003	5.000000000000002
140	7	2	45.00000000000002	45.29999999999999
140	8	2	45.86799999999999	85.59599999999999
140	9	2	45.00000000000003	124.99999999999997
140	10	2	44.708000000000006	164.88799999999992
140	11	2	84.944	5.036000000000003
140	12	2	84.99999999999997	45.00000000000002
140	13	2	85.36625514403288	85.38683127572016
140	14	2	85.36051502145926	125.70386266094418
140	15	2	85.23999999999994	165.04399999999987
140	16	2	125.58333333333334	6.666666666666667
140	17	2	124.89200000000001	45.011999999999986
140	18	2	125.10800000000002	85.01999999999997
140	19	2	124.99600000000004	125.09999999999997
140	20	2	125.64400000000002	164.62800000000001
140	21	2	165.33600000000004	5.108
140	22	2	164.99999999999994	45.00000000000002
140	23	2	164.99999999999994	84.99999999999997
140	24	2	164.86799999999997	125.09599999999999
140	25	2	164.3235294117647	164.5882352941177
140	26	1	51.880239520958064	23.990019960079845
140	27	1	78.0918163672655	110.05788423153682
140	28	1	70.39400000000009	67.84400000000007
140	29	1	89.51599999999995	64.50000000000001
140	30	1	179.4850299401197	134.6526946107783
140	31	1	132.80360721442895	142.2665330661322
140	32	1	17.38200000000001	111.84399999999994
140	33	1	118.96400000000008	174.824
140	34	1	185.32734530938123	153.60479041916167
140	35	1	144.19199999999998	162.58199999999997
140	36	1	149.7704590818364	192.1576846307385
140	37	1	125.38600000000007	188.74599999999998
140	38	1	56.410000000000004	190.70000000000007
140	39	1	166.07984031936144	180.7365269461076
140	40	1	14.753507014028067	14.805611222444904
140	41	1	110.86826347305391	152.89221556886244
140	42	1	39.45109780439124	181.10379241516952
140	43	1	26.181999999999995	89.26000000000003
140	44	1	67.776	171.89399999999986
140	45	1	36.99200000000004	105.836
141	1	2	4.927999999999999	4.604000000000001
141	2	2	4.9999999999999964	45
141	3	2	5.103999999999996	85.01200000000003
141	4	2	4.9999999999999964	125.00000000000003
141	5	2	4.9999999999999964	165.00000000000009
141	6	2	45.00000000000003	5.000000000000002
141	7	2	45.00000000000002	45.29999999999999
141	8	2	45.86799999999999	85.59599999999999
141	9	2	45.00000000000003	124.99999999999997
141	10	2	44.708000000000006	164.88799999999992
141	11	2	84.944	5.036000000000003
141	12	2	84.99999999999997	45.00000000000002
141	13	2	85.36625514403288	85.38683127572016
141	14	2	85.36051502145926	125.70386266094418
141	15	2	85.23999999999994	165.04399999999987
141	16	2	125.58333333333334	6.666666666666667
141	17	2	124.89200000000001	45.011999999999986
141	18	2	125.10800000000002	85.01999999999997
141	19	2	124.99600000000004	125.09999999999997
141	20	2	125.64400000000002	164.62800000000001
141	21	2	165.33600000000004	5.108
141	22	2	164.99999999999994	45.00000000000002
141	23	2	164.99999999999994	84.99999999999997
141	24	2	164.86799999999997	125.09599999999999
141	25	2	164.3235294117647	164.5882352941177
141	26	1	52.01197604790414	23.9421157684631
141	27	1	78.1177644710578	110.07984031936124
141	28	1	70.288	67.80600000000008
141	29	1	89.34063745019922	64.43824701195219
141	30	1	179.56199999999998	134.6719999999998
141	31	1	132.7445109780438	142.23353293413186
141	32	1	17.422000000000004	111.96000000000005
141	33	1	119.02594810379239	174.83233532934142
141	34	1	185.226	153.5240000000001
141	35	1	144.28542914171632	162.49900199600793
141	36	1	149.57684630738518	192.2095808383233
141	37	1	125.43313373253496	188.68263473053875
141	38	1	56.38600000000004	190.64000000000016
141	39	1	166.0559999999999	180.81000000000006
141	40	1	14.761999999999997	14.750000000000009
141	41	1	110.85800000000006	153.01600000000005
141	42	1	39.42600000000003	181.11399999999992
141	43	1	25.9481037924152	89.52295409181646
141	44	1	67.87225548902197	172.02994011976045
141	45	1	37.08982035928147	105.71656686626741
142	1	2	4.927999999999999	4.604000000000001
142	2	2	4.9999999999999964	45
142	3	2	5.103999999999996	85.01200000000003
142	4	2	4.9999999999999964	125.00000000000003
142	5	2	4.9999999999999964	165.00000000000009
142	6	2	45.00000000000003	5.000000000000002
142	7	2	45.00000000000002	45.29999999999999
142	8	2	45.86799999999999	85.59599999999999
142	9	2	45.00000000000003	124.99999999999997
142	10	2	44.708000000000006	164.88799999999992
142	11	2	84.944	5.036000000000003
142	12	2	84.99999999999997	45.00000000000002
142	13	2	85.36625514403288	85.38683127572016
142	14	2	85.36051502145926	125.70386266094418
142	15	2	85.23999999999994	165.04399999999987
142	16	2	125.58333333333334	6.666666666666667
142	17	2	124.89200000000001	45.011999999999986
142	18	2	125.10800000000002	85.01999999999997
142	19	2	124.99600000000004	125.09999999999997
142	20	2	125.64400000000002	164.62800000000001
142	21	2	165.33600000000004	5.108
142	22	2	164.99999999999994	45.00000000000002
142	23	2	164.99999999999994	84.99999999999997
142	24	2	164.86799999999997	125.09599999999999
142	25	2	164.3235294117647	164.5882352941177
142	26	1	52.05	23.741999999999994
142	27	1	78.0918163672655	110.04990019960083
142	28	1	70.2934131736527	67.75648702594808
142	29	1	89.31137724550895	64.47305389221553
142	30	1	179.69261477045907	134.74650698602784
142	31	1	132.72400000000007	142.2659999999999
142	32	1	17.513999999999992	112.044
142	33	1	118.93999999999994	174.68200000000007
142	34	1	185.02994011976048	153.4670658682635
142	35	1	144.25149700598797	162.45309381237533
142	36	1	149.4079999999999	192.25199999999992
142	37	1	125.55199999999996	188.59200000000004
142	38	1	56.32599999999996	190.54999999999987
142	39	1	166.0039920159681	180.7265469061877
142	40	1	14.822355289421159	14.664670658682622
142	41	1	110.77400000000009	153.03599999999997
142	42	1	39.33932135728546	181.15768463073866
142	43	1	25.836000000000002	89.62599999999992
142	44	1	67.94400000000007	172.05800000000005
142	45	1	37.147999999999946	105.61800000000004
143	1	2	4.927999999999999	4.604000000000001
143	2	2	4.9999999999999964	45
143	3	2	5.103999999999996	85.01200000000003
143	4	2	4.9999999999999964	125.00000000000003
143	5	2	4.9999999999999964	165.00000000000009
143	6	2	45.00000000000003	5.000000000000002
143	7	2	45.00000000000002	45.29999999999999
143	8	2	45.86799999999999	85.59599999999999
143	9	2	45.00000000000003	124.99999999999997
143	10	2	44.708000000000006	164.88799999999992
143	11	2	84.944	5.036000000000003
143	12	2	84.99999999999997	45.00000000000002
143	13	2	85.36625514403288	85.38683127572016
143	14	2	85.36051502145926	125.70386266094418
143	15	2	85.23999999999994	165.04399999999987
143	16	2	125.58333333333334	6.666666666666667
143	17	2	124.89200000000001	45.011999999999986
143	18	2	125.10800000000002	85.01999999999997
143	19	2	124.99600000000004	125.09999999999997
143	20	2	125.64400000000002	164.62800000000001
143	21	2	165.33600000000004	5.108
143	22	2	164.99999999999994	45.00000000000002
143	23	2	164.99999999999994	84.99999999999997
143	24	2	164.86799999999997	125.09599999999999
143	25	2	164.3235294117647	164.5882352941177
143	26	1	52.15999999999998	23.530000000000005
143	27	1	78.21756487025947	110.06187624750508
143	28	1	70.19560878243517	67.48303393213573
143	29	1	89.31936127744517	64.54291417165668
143	30	1	179.72000000000003	134.81199999999984
143	31	1	132.7179999999999	142.21400000000008
143	32	1	17.597999999999985	112.09600000000009
143	33	1	119.04008016032064	174.5991983967936
143	34	1	184.986	153.50599999999983
143	35	1	144.22155688622755	162.47105788423158
143	36	1	149.20758483033913	192.3173652694611
143	37	1	125.31399999999998	188.61599999999999
143	38	1	56.30399999999999	190.44799999999987
143	39	1	165.8479999999998	180.72599999999994
143	40	1	14.899999999999995	14.632000000000005
143	41	1	110.81	153.03999999999994
143	42	1	39.308000000000035	181.17400000000012
143	43	1	25.68862275449102	89.66866267465068
143	44	1	68.004	172.10799999999995
143	45	1	37.17800000000006	105.50999999999998
144	1	2	4.927999999999999	4.604000000000001
144	2	2	4.9999999999999964	45
144	3	2	5.103999999999996	85.01200000000003
144	4	2	4.9999999999999964	125.00000000000003
144	5	2	4.9999999999999964	165.00000000000009
144	6	2	45.00000000000003	5.000000000000002
144	7	2	45.00000000000002	45.29999999999999
144	8	2	45.86799999999999	85.59599999999999
144	9	2	45.00000000000003	124.99999999999997
144	10	2	44.708000000000006	164.88799999999992
144	11	2	84.944	5.036000000000003
144	12	2	84.99999999999997	45.00000000000002
144	13	2	85.36625514403288	85.38683127572016
144	14	2	85.36051502145926	125.70386266094418
144	15	2	85.23999999999994	165.04399999999987
144	16	2	125.58333333333334	6.666666666666667
144	17	2	124.89200000000001	45.011999999999986
144	18	2	125.10800000000002	85.01999999999997
144	19	2	124.99600000000004	125.09999999999997
144	20	2	125.64400000000002	164.62800000000001
144	21	2	165.33600000000004	5.108
144	22	2	164.99999999999994	45.00000000000002
144	23	2	164.99999999999994	84.99999999999997
144	24	2	164.86799999999997	125.09599999999999
144	25	2	164.3235294117647	164.5882352941177
144	26	1	52.138000000000005	23.48000000000001
144	27	1	78.44621513944227	110.11952191235054
144	28	1	70.16400000000002	67.37799999999991
144	29	1	89.36799999999995	64.55199999999995
144	30	1	179.67065868263487	134.83832335329345
144	31	1	132.67200000000005	142.1100000000002
144	32	1	17.860557768924295	112.17729083665334
144	33	1	119.13600000000004	174.54199999999997
144	34	1	184.87225548902194	153.50299401197614
144	35	1	144.2609561752987	162.29282868525894
144	36	1	149.18000000000012	192.31000000000003
144	37	1	125.37599999999998	188.57600000000014
144	38	1	56.281437125748475	190.3992015968064
144	39	1	165.804	180.69199999999992
144	40	1	14.862000000000002	14.652000000000006
144	41	1	110.80039920159679	153.08982035928142
144	42	1	39.23952095808385	181.21157684630748
144	43	1	25.556886227544908	89.73253493013969
144	44	1	68.05788423153693	172.19560878243504
144	45	1	37.34331337325348	105.13972055888232
145	1	2	4.927999999999999	4.604000000000001
145	2	2	4.9999999999999964	45
145	3	2	5.103999999999996	85.01200000000003
145	4	2	4.9999999999999964	125.00000000000003
145	5	2	4.9999999999999964	165.00000000000009
145	6	2	45.00000000000003	5.000000000000002
145	7	2	45.00000000000002	45.29999999999999
145	8	2	45.86799999999999	85.59599999999999
145	9	2	45.00000000000003	124.99999999999997
145	10	2	44.708000000000006	164.88799999999992
145	11	2	84.944	5.036000000000003
145	12	2	84.99999999999997	45.00000000000002
145	13	2	85.36625514403288	85.38683127572016
145	14	2	85.36051502145926	125.70386266094418
145	15	2	85.23999999999994	165.04399999999987
145	16	2	125.58333333333334	6.666666666666667
145	17	2	124.89200000000001	45.011999999999986
145	18	2	125.10800000000002	85.01999999999997
145	19	2	124.99600000000004	125.09999999999997
145	20	2	125.64400000000002	164.62800000000001
145	21	2	165.33600000000004	5.108
145	22	2	164.99999999999994	45.00000000000002
145	23	2	164.99999999999994	84.99999999999997
145	24	2	164.86799999999997	125.09599999999999
145	25	2	164.3235294117647	164.5882352941177
145	26	1	52.22155688622754	23.277445109780444
145	27	1	78.56886227544904	110.1636726546906
145	28	1	70.11200000000008	67.26
145	29	1	89.28600000000004	64.46999999999996
145	30	1	179.91400000000024	134.8659999999999
145	31	1	132.58517034068126	142.0460921843687
145	32	1	18.11400000000002	112.36200000000002
145	33	1	119.16700201207229	174.47082494969817
145	34	1	184.906	153.556
145	35	1	144.22155688622783	162.23752495009984
145	36	1	148.94011976047898	192.39121756487032
145	37	1	125.342	188.51199999999992
145	38	1	56.28599999999998	190.35400000000007
145	39	1	165.62599999999983	180.67399999999998
145	40	1	14.898203592814362	14.584830339321362
145	41	1	110.76247504990016	153.15768463073866
145	42	1	39.254	181.23000000000002
145	43	1	25.449999999999992	89.77
145	44	1	68.08565737051792	172.2231075697212
145	45	1	37.366	105.04799999999994
146	1	2	4.927999999999999	4.604000000000001
146	2	2	4.9999999999999964	45
146	3	2	5.103999999999996	85.01200000000003
146	4	2	4.9999999999999964	125.00000000000003
146	5	2	4.9999999999999964	165.00000000000009
146	6	2	45.00000000000003	5.000000000000002
146	7	2	45.00000000000002	45.29999999999999
146	8	2	45.86799999999999	85.59599999999999
146	9	2	45.00000000000003	124.99999999999997
146	10	2	44.708000000000006	164.88799999999992
146	11	2	84.944	5.036000000000003
146	12	2	84.99999999999997	45.00000000000002
146	13	2	85.36625514403288	85.38683127572016
146	14	2	85.36051502145926	125.70386266094418
146	15	2	85.23999999999994	165.04399999999987
146	16	2	125.58333333333334	6.666666666666667
146	17	2	124.89200000000001	45.011999999999986
146	18	2	125.10800000000002	85.01999999999997
146	19	2	124.99600000000004	125.09999999999997
146	20	2	125.64400000000002	164.62800000000001
146	21	2	165.33600000000004	5.108
146	22	2	164.99999999999994	45.00000000000002
146	23	2	164.99999999999994	84.99999999999997
146	24	2	164.86799999999997	125.09599999999999
146	25	2	164.3235294117647	164.5882352941177
146	26	1	52.31872509960159	23.091633466135487
146	27	1	78.51497005988026	110.2015968063872
146	28	1	69.9481037924151	67.13972055888219
146	29	1	89.19399999999989	64.49199999999998
146	30	1	179.99800399201598	134.88023952095807
146	31	1	132.60079840319355	141.99800399201592
146	32	1	18.083832335329344	112.32734530938127
146	33	1	119.27399999999997	174.43800000000007
146	34	1	184.922	153.60400000000004
146	35	1	144.255489021956	162.14171656686614
146	36	1	148.83567134268563	192.43086172344712
146	37	1	125.314	188.48199999999997
146	38	1	56.200000000000024	190.202
146	39	1	165.52399999999986	180.62799999999982
146	40	1	14.913999999999996	14.586000000000013
146	41	1	110.73053892215583	153.30339321357286
146	42	1	39.14028056112226	181.23647294589188
146	43	1	25.399201596806382	89.81237524950099
146	44	1	68.09	172.24199999999996
146	45	1	37.40119760479043	104.94610778443116
147	1	2	4.927999999999999	4.604000000000001
147	2	2	4.9999999999999964	45
147	3	2	5.103999999999996	85.01200000000003
147	4	2	4.9999999999999964	125.00000000000003
147	5	2	4.9999999999999964	165.00000000000009
147	6	2	45.00000000000003	5.000000000000002
147	7	2	45.00000000000002	45.29999999999999
147	8	2	45.86799999999999	85.59599999999999
147	9	2	45.00000000000003	124.99999999999997
147	10	2	44.708000000000006	164.88799999999992
147	11	2	84.944	5.036000000000003
147	12	2	84.99999999999997	45.00000000000002
147	13	2	85.36625514403288	85.38683127572016
147	14	2	85.36051502145926	125.70386266094418
147	15	2	85.23999999999994	165.04399999999987
147	16	2	125.58333333333334	6.666666666666667
147	17	2	124.89200000000001	45.011999999999986
147	18	2	125.10800000000002	85.01999999999997
147	19	2	124.99600000000004	125.09999999999997
147	20	2	125.64400000000002	164.62800000000001
147	21	2	165.33600000000004	5.108
147	22	2	164.99999999999994	45.00000000000002
147	23	2	164.99999999999994	84.99999999999997
147	24	2	164.86799999999997	125.09599999999999
147	25	2	164.3235294117647	164.5882352941177
147	26	1	52.4131736526946	23.013972055888257
147	27	1	78.50000000000001	110.18799999999992
147	28	1	69.83233532934128	66.94810379241515
147	29	1	89.17200000000004	64.516
147	30	1	180.22355289421174	134.9181636726546
147	31	1	132.478	141.95999999999978
147	32	1	18.020000000000014	112.30599999999998
147	33	1	119.36472945891788	174.37074148296614
147	34	1	184.82199999999997	153.54199999999986
147	35	1	144.20359281437115	162.10978043912178
147	36	1	148.69199999999995	192.432
147	37	1	125.22200000000002	188.41600000000014
147	38	1	56.22954091816372	190.19560878243496
147	39	1	165.55688622754477	180.64870259481035
147	40	1	15.022044088176349	14.531062124248502
147	41	1	110.67400000000004	153.3459999999998
147	42	1	39.106000000000016	181.20600000000016
147	43	1	25.235528942115796	90.00000000000006
147	44	1	68.09799999999997	172.31200000000007
147	45	1	37.427145708582856	104.80039920159683
148	1	2	4.927999999999999	4.604000000000001
148	2	2	4.9999999999999964	45
148	3	2	5.103999999999996	85.01200000000003
148	4	2	4.9999999999999964	125.00000000000003
148	5	2	4.9999999999999964	165.00000000000009
148	6	2	45.00000000000003	5.000000000000002
148	7	2	45.00000000000002	45.29999999999999
148	8	2	45.86799999999999	85.59599999999999
148	9	2	45.00000000000003	124.99999999999997
148	10	2	44.708000000000006	164.88799999999992
148	11	2	84.944	5.036000000000003
148	12	2	84.99999999999997	45.00000000000002
148	13	2	85.36625514403288	85.38683127572016
148	14	2	85.36051502145926	125.70386266094418
148	15	2	85.23999999999994	165.04399999999987
148	16	2	125.58333333333334	6.666666666666667
148	17	2	124.89200000000001	45.011999999999986
148	18	2	125.10800000000002	85.01999999999997
148	19	2	124.99600000000004	125.09999999999997
148	20	2	125.64400000000002	164.62800000000001
148	21	2	165.33600000000004	5.108
148	22	2	164.99999999999994	45.00000000000002
148	23	2	164.99999999999994	84.99999999999997
148	24	2	164.86799999999997	125.09599999999999
148	25	2	164.3235294117647	164.5882352941177
148	26	1	52.53493013972057	22.96207584830341
148	27	1	78.70000000000006	110.27399999999996
148	28	1	69.70259481037934	66.88223552894213
148	29	1	88.95209580838326	64.54091816367267
148	30	1	180.3480000000001	134.88200000000006
148	31	1	132.48200000000003	141.96600000000024
148	32	1	18.227999999999994	112.44799999999998
148	33	1	119.382	174.284
148	34	1	184.828	153.57000000000008
148	35	1	144.31736526946113	162.16966067864266
148	36	1	148.47904191616755	192.5748502994011
148	37	1	125.30738522954094	188.34530938123754
148	38	1	56.26199999999998	190.0859999999999
148	39	1	165.60400000000004	180.77199999999976
148	40	1	15.03792415169659	14.514970059880229
148	41	1	110.7250996015936	153.33864541832676
148	42	1	39.10379241516962	181.1576846307385
148	43	1	25.119760479041943	90.04990019960091
148	44	1	68.19760479041922	172.3652694610778
148	45	1	37.41716566866268	104.56686626746516
149	1	2	4.927999999999999	4.604000000000001
149	2	2	4.9999999999999964	45
149	3	2	5.103999999999996	85.01200000000003
149	4	2	4.9999999999999964	125.00000000000003
149	5	2	4.9999999999999964	165.00000000000009
149	6	2	45.00000000000003	5.000000000000002
149	7	2	45.00000000000002	45.29999999999999
149	8	2	45.86799999999999	85.59599999999999
149	9	2	45.00000000000003	124.99999999999997
149	10	2	44.708000000000006	164.88799999999992
149	11	2	84.944	5.036000000000003
149	12	2	84.99999999999997	45.00000000000002
149	13	2	85.36625514403288	85.38683127572016
149	14	2	85.36051502145926	125.70386266094418
149	15	2	85.23999999999994	165.04399999999987
149	16	2	125.58333333333334	6.666666666666667
149	17	2	124.89200000000001	45.011999999999986
149	18	2	125.10800000000002	85.01999999999997
149	19	2	124.99600000000004	125.09999999999997
149	20	2	125.64400000000002	164.62800000000001
149	21	2	165.33600000000004	5.108
149	22	2	164.99999999999994	45.00000000000002
149	23	2	164.99999999999994	84.99999999999997
149	24	2	164.86799999999997	125.09599999999999
149	25	2	164.3235294117647	164.5882352941177
149	26	1	52.59199999999998	22.857999999999993
149	27	1	78.83799999999994	110.34599999999998
149	28	1	69.52799999999999	66.77999999999994
149	29	1	88.7051792828686	64.47011952191228
149	30	1	180.26600000000002	135.00800000000004
149	31	1	132.39200000000008	141.86799999999994
149	32	1	18.359999999999992	112.57800000000002
149	33	1	119.47999999999993	174.28999999999996
149	34	1	184.776	153.69399999999996
149	35	1	144.2700000000001	162.05999999999992
149	36	1	148.39600000000002	192.63
149	37	1	125.40480961923848	188.3006012024049
149	38	1	56.229540918163686	190.00798403193605
149	39	1	165.49101796407177	180.75648702594813
149	40	1	15.141999999999994	14.568000000000005
149	41	1	110.65330661322658	153.61723446893785
149	42	1	39.01796407185632	181.13173652694616
149	43	1	25.001996007984033	90.29540918163678
149	44	1	68.21357285429144	172.30938123752478
149	45	1	37.56999999999999	104.53600000000004
150	1	2	4.927999999999999	4.604000000000001
150	2	2	4.9999999999999964	45
150	3	2	5.103999999999996	85.01200000000003
150	4	2	4.9999999999999964	125.00000000000003
150	5	2	4.9999999999999964	165.00000000000009
150	6	2	45.00000000000003	5.000000000000002
150	7	2	45.00000000000002	45.29999999999999
150	8	2	45.86799999999999	85.59599999999999
150	9	2	45.00000000000003	124.99999999999997
150	10	2	44.708000000000006	164.88799999999992
150	11	2	84.944	5.036000000000003
150	12	2	84.99999999999997	45.00000000000002
150	13	2	85.36625514403288	85.38683127572016
150	14	2	85.36051502145926	125.70386266094418
150	15	2	85.23999999999994	165.04399999999987
150	16	2	125.58333333333334	6.666666666666667
150	17	2	124.89200000000001	45.011999999999986
150	18	2	125.10800000000002	85.01999999999997
150	19	2	124.99600000000004	125.09999999999997
150	20	2	125.64400000000002	164.62800000000001
150	21	2	165.33600000000004	5.108
150	22	2	164.99999999999994	45.00000000000002
150	23	2	164.99999999999994	84.99999999999997
150	24	2	164.86799999999997	125.09599999999999
150	25	2	164.3235294117647	164.5882352941177
150	26	1	52.622	22.802
150	27	1	79.1796407185629	110.43512974051886
150	28	1	69.53093812375249	66.71457085828342
150	29	1	88.69800000000001	64.498
150	30	1	180.27600000000012	134.96199999999985
150	31	1	132.31736526946116	141.84630738522964
150	32	1	18.40400000000001	112.46000000000005
150	33	1	119.65668662674642	174.24950099800395
150	34	1	184.64200000000002	153.59800000000007
150	35	1	144.35059760956162	161.87649402390429
150	36	1	148.31799999999978	192.69599999999994
150	37	1	125.4039999999999	188.2540000000001
150	38	1	56.238	190.04199999999986
150	39	1	165.318	180.75399999999982
150	40	1	15.250996015936245	14.468127490039825
150	41	1	110.53600000000006	153.66600000000008
150	42	1	39.10199999999999	181.15600000000018
150	43	1	24.930139720558902	90.27544910179647
150	44	1	68.19161676646709	172.29540918163656
150	45	1	37.59399999999999	104.39200000000001
151	1	2	4.927999999999999	4.604000000000001
151	2	2	4.9999999999999964	45
151	3	2	5.103999999999996	85.01200000000003
151	4	2	4.9999999999999964	125.00000000000003
151	5	2	4.9999999999999964	165.00000000000009
151	6	2	45.00000000000003	5.000000000000002
151	7	2	45.00000000000002	45.29999999999999
151	8	2	45.86799999999999	85.59599999999999
151	9	2	45.00000000000003	124.99999999999997
151	10	2	44.708000000000006	164.88799999999992
151	11	2	84.944	5.036000000000003
151	12	2	84.99999999999997	45.00000000000002
151	13	2	85.36625514403288	85.38683127572016
151	14	2	85.36051502145926	125.70386266094418
151	15	2	85.23999999999994	165.04399999999987
151	16	2	125.58333333333334	6.666666666666667
151	17	2	124.89200000000001	45.011999999999986
151	18	2	125.10800000000002	85.01999999999997
151	19	2	124.99600000000004	125.09999999999997
151	20	2	125.64400000000002	164.62800000000001
151	21	2	165.33600000000004	5.108
151	22	2	164.99999999999994	45.00000000000002
151	23	2	164.99999999999994	84.99999999999997
151	24	2	164.86799999999997	125.09599999999999
151	25	2	164.3235294117647	164.5882352941177
151	26	1	52.79640718562879	22.632734530938116
151	27	1	79.2839999999999	110.4159999999999
151	28	1	69.356	66.60400000000004
151	29	1	88.44	64.48399999999998
151	30	1	180.33000000000013	135.08000000000004
151	31	1	132.2554890219561	141.8323353293414
151	32	1	18.47504990019959	112.52894211576846
151	33	1	119.61277445109774	174.17764471057885
151	34	1	184.5	153.62000000000015
151	35	1	144.38922155688633	161.81037924151687
151	36	1	148.13400000000019	192.77200000000008
151	37	1	125.52495009980035	188.14770459081853
151	38	1	56.128000000000036	189.97799999999992
151	39	1	165.253493013972	180.87624750498998
151	40	1	15.404000000000009	14.299999999999999
151	41	1	110.45090180360717	153.74749498998003
151	42	1	39.007999999999996	181.12200000000004
151	43	1	24.81799999999999	90.47200000000012
151	44	1	68.311377245509	172.3592814371258
151	45	1	37.650698602794385	104.23752495009973
152	1	2	4.927999999999999	4.604000000000001
152	2	2	4.9999999999999964	45
152	3	2	5.103999999999996	85.01200000000003
152	4	2	4.9999999999999964	125.00000000000003
152	5	2	4.9999999999999964	165.00000000000009
152	6	2	45.00000000000003	5.000000000000002
152	7	2	45.00000000000002	45.29999999999999
152	8	2	45.86799999999999	85.59599999999999
152	9	2	45.00000000000003	124.99999999999997
152	10	2	44.708000000000006	164.88799999999992
152	11	2	84.944	5.036000000000003
152	12	2	84.99999999999997	45.00000000000002
152	13	2	85.36625514403288	85.38683127572016
152	14	2	85.36051502145926	125.70386266094418
152	15	2	85.23999999999994	165.04399999999987
152	16	2	125.58333333333334	6.666666666666667
152	17	2	124.89200000000001	45.011999999999986
152	18	2	125.10800000000002	85.01999999999997
152	19	2	124.99600000000004	125.09999999999997
152	20	2	125.64400000000002	164.62800000000001
152	21	2	165.33600000000004	5.108
152	22	2	164.99999999999994	45.00000000000002
152	23	2	164.99999999999994	84.99999999999997
152	24	2	164.86799999999997	125.09599999999999
152	25	2	164.3235294117647	164.5882352941177
152	26	1	52.906187624750494	22.608782435129747
152	27	1	79.29141716566862	110.40319361277452
152	28	1	69.18924302788845	66.55577689243033
152	29	1	88.21599999999992	64.42200000000007
152	30	1	180.41516966067869	135.25748502994014
152	31	1	132.15968063872262	141.82834331337318
152	32	1	18.436000000000003	112.55199999999994
152	33	1	119.74850299401204	174.19760479041904
152	34	1	184.30079681274904	153.63745019920336
152	35	1	144.42399999999995	161.70800000000008
152	36	1	148.11177644710583	192.82834331337338
152	37	1	125.58	188.14999999999992
152	38	1	56.003992015968045	189.97205588822334
152	39	1	165.09381237524946	180.81437125748508
152	40	1	15.522954091816372	14.19960079840319
152	41	1	110.35528942115775	153.82035928143705
152	42	1	38.93199999999999	181.20000000000016
152	43	1	24.510978043912196	90.66866267465075
152	44	1	68.33333333333333	172.41716566866273
152	45	1	37.582834331337345	104.12175648702602
153	1	2	4.927999999999999	4.604000000000001
153	2	2	4.9999999999999964	45
153	3	2	5.103999999999996	85.01200000000003
153	4	2	4.9999999999999964	125.00000000000003
153	5	2	4.9999999999999964	165.00000000000009
153	6	2	45.00000000000003	5.000000000000002
153	7	2	45.00000000000002	45.29999999999999
153	8	2	45.86799999999999	85.59599999999999
153	9	2	45.00000000000003	124.99999999999997
153	10	2	44.708000000000006	164.88799999999992
153	11	2	84.944	5.036000000000003
153	12	2	84.99999999999997	45.00000000000002
153	13	2	85.36625514403288	85.38683127572016
153	14	2	85.36051502145926	125.70386266094418
153	15	2	85.23999999999994	165.04399999999987
153	16	2	125.58333333333334	6.666666666666667
153	17	2	124.89200000000001	45.011999999999986
153	18	2	125.10800000000002	85.01999999999997
153	19	2	124.99600000000004	125.09999999999997
153	20	2	125.64400000000002	164.62800000000001
153	21	2	165.33600000000004	5.108
153	22	2	164.99999999999994	45.00000000000002
153	23	2	164.99999999999994	84.99999999999997
153	24	2	164.86799999999997	125.09599999999999
153	25	2	164.3235294117647	164.5882352941177
153	26	1	52.992031872509976	22.66533864541832
153	27	1	79.38844621513938	110.39043824701183
153	28	1	69.09980039920157	66.48103792415174
153	29	1	88.05389221556898	64.38722554890214
153	30	1	180.428	135.30600000000013
153	31	1	132.11177644710588	141.85229540918166
153	32	1	18.55399999999999	112.64400000000003
153	33	1	119.85599999999997	174.17000000000013
153	34	1	184.18525896414343	153.64143426294828
153	35	1	144.4850299401197	161.77445109780462
153	36	1	147.9700000000001	192.9019999999999
153	37	1	125.61676646706597	188.1556886227545
153	38	1	55.962000000000046	189.95999999999995
153	39	1	165.1613545816732	180.9342629482073
153	40	1	15.738522954091808	14.071856287425154
153	41	1	110.31399999999996	153.93199999999996
153	42	1	38.91017964071854	181.2095808383233
153	43	1	24.415169660678618	90.78642714570856
153	44	1	68.40600000000002	172.48200000000026
153	45	1	37.642714570858296	104.04990019960076
154	1	2	4.927999999999999	4.604000000000001
154	2	2	4.9999999999999964	45
154	3	2	5.103999999999996	85.01200000000003
154	4	2	4.9999999999999964	125.00000000000003
154	5	2	4.9999999999999964	165.00000000000009
154	6	2	45.00000000000003	5.000000000000002
154	7	2	45.00000000000002	45.29999999999999
154	8	2	45.86799999999999	85.59599999999999
154	9	2	45.00000000000003	124.99999999999997
154	10	2	44.708000000000006	164.88799999999992
154	11	2	84.944	5.036000000000003
154	12	2	84.99999999999997	45.00000000000002
154	13	2	85.36625514403288	85.38683127572016
154	14	2	85.36051502145926	125.70386266094418
154	15	2	85.23999999999994	165.04399999999987
154	16	2	125.58333333333334	6.666666666666667
154	17	2	124.89200000000001	45.011999999999986
154	18	2	125.10800000000002	85.01999999999997
154	19	2	124.99600000000004	125.09999999999997
154	20	2	125.64400000000002	164.62800000000001
154	21	2	165.33600000000004	5.108
154	22	2	164.99999999999994	45.00000000000002
154	23	2	164.99999999999994	84.99999999999997
154	24	2	164.86799999999997	125.09599999999999
154	25	2	164.3235294117647	164.5882352941177
154	26	1	53.02594810379242	22.634730538922184
154	27	1	79.48702594810376	110.39520958083837
154	28	1	69.0718562874251	66.441117764471
154	29	1	88.0139720558882	64.43113772455087
154	30	1	180.442	135.36600000000004
154	31	1	131.91633466135448	141.80278884462155
154	32	1	18.767999999999994	112.82600000000004
154	33	1	119.9139999999999	174.09200000000004
154	34	1	184.07385229540918	153.71856287425155
154	35	1	144.5219999999998	161.78199999999995
154	36	1	147.88223552894215	192.95808383233532
154	37	1	125.68862275449099	188.08383233532925
154	38	1	55.88622754491019	189.91616766467075
154	39	1	165.11000000000004	180.95199999999977
154	40	1	15.880239520958071	14.049900199600804
154	41	1	110.24800000000002	153.97799999999995
154	42	1	38.84200000000001	181.22999999999988
154	43	1	24.262948207171313	91.01992031872504
154	44	1	68.43800000000002	172.556
154	45	1	37.882235528942154	103.89820359281427
155	1	2	4.927999999999999	4.604000000000001
155	2	2	4.9999999999999964	45
155	3	2	5.103999999999996	85.01200000000003
155	4	2	4.9999999999999964	125.00000000000003
155	5	2	4.9999999999999964	165.00000000000009
155	6	2	45.00000000000003	5.000000000000002
155	7	2	45.00000000000002	45.29999999999999
155	8	2	45.86799999999999	85.59599999999999
155	9	2	45.00000000000003	124.99999999999997
155	10	2	44.708000000000006	164.88799999999992
155	11	2	84.944	5.036000000000003
155	12	2	84.99999999999997	45.00000000000002
155	13	2	85.36625514403288	85.38683127572016
155	14	2	85.36051502145926	125.70386266094418
155	15	2	85.23999999999994	165.04399999999987
155	16	2	125.58333333333334	6.666666666666667
155	17	2	124.89200000000001	45.011999999999986
155	18	2	125.10800000000002	85.01999999999997
155	19	2	124.99600000000004	125.09999999999997
155	20	2	125.64400000000002	164.62800000000001
155	21	2	165.33600000000004	5.108
155	22	2	164.99999999999994	45.00000000000002
155	23	2	164.99999999999994	84.99999999999997
155	24	2	164.86799999999997	125.09599999999999
155	25	2	164.3235294117647	164.5882352941177
155	26	1	53.121756487025934	22.564870259481054
155	27	1	79.6052104208416	110.44088176352716
155	28	1	68.95400000000012	66.39399999999996
155	29	1	87.84630738522952	64.42115768463084
155	30	1	180.49101796407174	135.39321357285417
155	31	1	131.87225548902205	141.70658682634735
155	32	1	18.86227544910179	112.87225548902195
155	33	1	119.96793587174355	174.09218436873726
155	34	1	183.94400000000002	153.76600000000013
155	35	1	144.51896207584838	161.87225548902197
155	36	1	147.78043912175656	193.03193612774444
155	37	1	125.75200000000002	188.06599999999983
155	38	1	55.79158316633267	189.91983967935872
155	39	1	165.17400000000015	180.99999999999994
155	40	1	15.950099800399213	13.992015968063876
155	41	1	110.31337325349295	154.04790419161694
155	42	1	38.776447105788435	181.2235528942116
155	43	1	24.186000000000014	91.23399999999992
155	44	1	68.32999999999991	172.51399999999984
155	45	1	37.95599999999995	103.83000000000001
156	1	2	4.927999999999999	4.604000000000001
156	2	2	4.9999999999999964	45
156	3	2	5.103999999999996	85.01200000000003
156	4	2	4.9999999999999964	125.00000000000003
156	5	2	4.9999999999999964	165.00000000000009
156	6	2	45.00000000000003	5.000000000000002
156	7	2	45.00000000000002	45.29999999999999
156	8	2	45.86799999999999	85.59599999999999
156	9	2	45.00000000000003	124.99999999999997
156	10	2	44.708000000000006	164.88799999999992
156	11	2	84.944	5.036000000000003
156	12	2	84.99999999999997	45.00000000000002
156	13	2	85.36625514403288	85.38683127572016
156	14	2	85.36051502145926	125.70386266094418
156	15	2	85.23999999999994	165.04399999999987
156	16	2	125.58333333333334	6.666666666666667
156	17	2	124.89200000000001	45.011999999999986
156	18	2	125.10800000000002	85.01999999999997
156	19	2	124.99600000000004	125.09999999999997
156	20	2	125.64400000000002	164.62800000000001
156	21	2	165.33600000000004	5.108
156	22	2	164.99999999999994	45.00000000000002
156	23	2	164.99999999999994	84.99999999999997
156	24	2	164.86799999999997	125.09599999999999
156	25	2	164.3235294117647	164.5882352941177
156	26	1	53.09000000000004	22.59199999999999
156	27	1	79.82000000000001	110.48999999999998
156	28	1	68.99001996007982	66.35728542914171
156	29	1	87.84600000000002	64.47200000000024
156	30	1	180.53200000000015	135.43999999999988
156	31	1	131.752	141.66200000000003
156	32	1	19.07400000000001	112.99999999999994
156	33	1	120.12024048096195	174.0320641282565
156	34	1	183.8622754491018	153.78842315369263
156	35	1	144.59362549800827	161.82669322709174
156	36	1	147.65000000000018	193.09199999999998
156	37	1	125.71257485029933	188.0299401197604
156	38	1	55.71057884231538	189.8802395209583
156	39	1	165.11599999999999	181.06200000000015
156	40	1	15.84830339321357	13.940119760479039
156	41	1	110.26095617529884	154.15537848605572
156	42	1	38.708000000000006	181.30000000000015
156	43	1	24.043824701195227	91.30876494023907
156	44	1	68.24103585657363	172.48406374502008
156	45	1	38.05988023952103	103.68063872255503
157	1	2	4.927999999999999	4.604000000000001
157	2	2	4.9999999999999964	45
157	3	2	5.103999999999996	85.01200000000003
157	4	2	4.9999999999999964	125.00000000000003
157	5	2	4.9999999999999964	165.00000000000009
157	6	2	45.00000000000003	5.000000000000002
157	7	2	45.00000000000002	45.29999999999999
157	8	2	45.86799999999999	85.59599999999999
157	9	2	45.00000000000003	124.99999999999997
157	10	2	44.708000000000006	164.88799999999992
157	11	2	84.944	5.036000000000003
157	12	2	84.99999999999997	45.00000000000002
157	13	2	85.36625514403288	85.38683127572016
157	14	2	85.36051502145926	125.70386266094418
157	15	2	85.23999999999994	165.04399999999987
157	16	2	125.58333333333334	6.666666666666667
157	17	2	124.89200000000001	45.011999999999986
157	18	2	125.10800000000002	85.01999999999997
157	19	2	124.99600000000004	125.09999999999997
157	20	2	125.64400000000002	164.62800000000001
157	21	2	165.33600000000004	5.108
157	22	2	164.99999999999994	45.00000000000002
157	23	2	164.99999999999994	84.99999999999997
157	24	2	164.86799999999997	125.09599999999999
157	25	2	164.3235294117647	164.5882352941177
157	26	1	53.187624750498976	22.475049900199604
157	27	1	79.87200000000009	110.49200000000006
157	28	1	68.97804391217574	66.26946107784424
157	29	1	87.73799999999999	64.444
157	30	1	180.49500998003967	135.4690618762476
157	31	1	131.57085828343315	141.55089820359277
157	32	1	19.138000000000005	112.94600000000001
157	33	1	120.19560878243509	173.96007984031928
157	34	1	183.83233532934133	153.83832335329373
157	35	1	144.61599999999984	161.73800000000006
157	36	1	147.6080000000001	193.0999999999999
157	37	1	125.7984031936127	188.00199600798382
157	38	1	55.64670658682637	189.80838323353277
157	39	1	165.08582834331324	180.99800399201578
157	40	1	15.963999999999993	14.052000000000014
157	41	1	110.22199999999994	154.21000000000004
157	42	1	38.651302605210404	181.322645290581
157	43	1	23.978000000000012	91.48999999999992
157	44	1	68.202	172.4299999999999
157	45	1	38.17234468937873	103.55310621242481
158	1	2	4.927999999999999	4.604000000000001
158	2	2	4.9999999999999964	45
158	3	2	5.103999999999996	85.01200000000003
158	4	2	4.9999999999999964	125.00000000000003
158	5	2	4.9999999999999964	165.00000000000009
158	6	2	45.00000000000003	5.000000000000002
158	7	2	45.00000000000002	45.29999999999999
158	8	2	45.86799999999999	85.59599999999999
158	9	2	45.00000000000003	124.99999999999997
158	10	2	44.708000000000006	164.88799999999992
158	11	2	84.944	5.036000000000003
158	12	2	84.99999999999997	45.00000000000002
158	13	2	85.36625514403288	85.38683127572016
158	14	2	85.36051502145926	125.70386266094418
158	15	2	85.23999999999994	165.04399999999987
158	16	2	125.58333333333334	6.666666666666667
158	17	2	124.89200000000001	45.011999999999986
158	18	2	125.10800000000002	85.01999999999997
158	19	2	124.99600000000004	125.09999999999997
158	20	2	125.64400000000002	164.62800000000001
158	21	2	165.33600000000004	5.108
158	22	2	164.99999999999994	45.00000000000002
158	23	2	164.99999999999994	84.99999999999997
158	24	2	164.86799999999997	125.09599999999999
158	25	2	164.3235294117647	164.5882352941177
158	26	1	53.288000000000004	22.30600000000002
158	27	1	80.05189620758482	110.54091816367266
158	28	1	68.92828685258961	66.20517928286847
158	29	1	87.624	64.49400000000001
158	30	1	180.55489021956086	135.51097804391213
158	31	1	131.44111776447107	141.48303393213558
158	32	1	19.21800000000001	112.98799999999999
158	33	1	120.10400000000003	173.93599999999986
158	34	1	183.78443113772454	153.86826347305373
158	35	1	144.63672654690615	161.72854291417164
158	36	1	147.5389221556884	193.11576846307364
158	37	1	125.94999999999997	187.89399999999992
158	38	1	55.622	189.76199999999992
158	39	1	165.0999999999999	181.0160000000001
158	40	1	16.08183632734531	14.037924151696616
158	41	1	110.20999999999992	154.29400000000018
158	42	1	38.60878243512976	181.33932135728566
158	43	1	23.83033932135729	91.59481037924147
158	44	1	68.16766467065868	172.5129740518962
158	45	1	38.18762475049899	103.43313373253493
159	1	2	4.927999999999999	4.604000000000001
159	2	2	4.9999999999999964	45
159	3	2	5.103999999999996	85.01200000000003
159	4	2	4.9999999999999964	125.00000000000003
159	5	2	4.9999999999999964	165.00000000000009
159	6	2	45.00000000000003	5.000000000000002
159	7	2	45.00000000000002	45.29999999999999
159	8	2	45.86799999999999	85.59599999999999
159	9	2	45.00000000000003	124.99999999999997
159	10	2	44.708000000000006	164.88799999999992
159	11	2	84.944	5.036000000000003
159	12	2	84.99999999999997	45.00000000000002
159	13	2	85.36625514403288	85.38683127572016
159	14	2	85.36051502145926	125.70386266094418
159	15	2	85.23999999999994	165.04399999999987
159	16	2	125.58333333333334	6.666666666666667
159	17	2	124.89200000000001	45.011999999999986
159	18	2	125.10800000000002	85.01999999999997
159	19	2	124.99600000000004	125.09999999999997
159	20	2	125.64400000000002	164.62800000000001
159	21	2	165.33600000000004	5.108
159	22	2	164.99999999999994	45.00000000000002
159	23	2	164.99999999999994	84.99999999999997
159	24	2	164.86799999999997	125.09599999999999
159	25	2	164.3235294117647	164.5882352941177
159	26	1	53.31536926147707	22.277445109780437
159	27	1	80.0419161676646	110.53892215568862
159	28	1	68.83166332665324	66.17434869739473
159	29	1	87.5189620758482	64.49500998003998
159	30	1	180.68063872255496	135.64870259481046
159	31	1	131.30139720558873	141.42115768463083
159	32	1	19.204	113.04000000000008
159	33	1	120.14171656686624	173.91816367265457
159	34	1	183.62350597609563	153.96215139442216
159	35	1	144.66067864271443	161.69860279441116
159	36	1	147.42315369261473	193.19161676646718
159	37	1	125.99799999999996	187.82999999999998
159	38	1	55.63999999999999	189.66999999999987
159	39	1	165.06000000000012	181.00800000000015
159	40	1	15.980039920159676	14.04191616766467
159	41	1	110.17764471057885	154.41317365269455
159	42	1	38.49101796407185	181.46706586826352
159	43	1	23.712574850299397	91.71457085828351
159	44	1	68.144	172.54600000000002
159	45	1	38.205588822355274	103.39720558882235
160	1	2	4.927999999999999	4.604000000000001
160	2	2	4.9999999999999964	45
160	3	2	5.103999999999996	85.01200000000003
160	4	2	4.9999999999999964	125.00000000000003
160	5	2	4.9999999999999964	165.00000000000009
160	6	2	45.00000000000003	5.000000000000002
160	7	2	45.00000000000002	45.29999999999999
160	8	2	45.86799999999999	85.59599999999999
160	9	2	45.00000000000003	124.99999999999997
160	10	2	44.708000000000006	164.88799999999992
160	11	2	84.944	5.036000000000003
160	12	2	84.99999999999997	45.00000000000002
160	13	2	85.36625514403288	85.38683127572016
160	14	2	85.36051502145926	125.70386266094418
160	15	2	85.23999999999994	165.04399999999987
160	16	2	125.58333333333334	6.666666666666667
160	17	2	124.89200000000001	45.011999999999986
160	18	2	125.10800000000002	85.01999999999997
160	19	2	124.99600000000004	125.09999999999997
160	20	2	125.64400000000002	164.62800000000001
160	21	2	165.33600000000004	5.108
160	22	2	164.99999999999994	45.00000000000002
160	23	2	164.99999999999994	84.99999999999997
160	24	2	164.86799999999997	125.09599999999999
160	25	2	164.3235294117647	164.5882352941177
160	26	1	53.43399999999995	22.174
160	27	1	80.16167664670661	110.57285429141724
160	28	1	68.6620000000001	66.0599999999999
160	29	1	87.46599999999991	64.48400000000002
160	30	1	180.6579999999999	135.78799999999995
160	31	1	131.2164328657315	141.3647294589179
160	32	1	19.281437125748496	113.01596806387215
160	33	1	120.36127744510976	173.85229540918175
160	34	1	183.46506986027944	153.95009980039913
160	35	1	144.74650698602807	161.6407185628741
160	36	1	147.32400000000013	193.31
160	37	1	125.96007984031935	187.86427145708575
160	38	1	55.64128256513027	189.60320641282547
160	39	1	164.96999999999997	180.9680000000003
160	40	1	16.057884231536914	14.033932135728532
160	41	1	110.2395209580839	154.3972055888224
160	42	1	38.47400000000005	181.59999999999997
160	43	1	23.646000000000004	91.81399999999995
160	44	1	68.01197604790427	172.52295409181664
160	45	1	38.338645418326706	103.32669322709151
161	1	2	4.927999999999999	4.604000000000001
161	2	2	4.9999999999999964	45
161	3	2	5.103999999999996	85.01200000000003
161	4	2	4.9999999999999964	125.00000000000003
161	5	2	4.9999999999999964	165.00000000000009
161	6	2	45.00000000000003	5.000000000000002
161	7	2	45.00000000000002	45.29999999999999
161	8	2	45.86799999999999	85.59599999999999
161	9	2	45.00000000000003	124.99999999999997
161	10	2	44.708000000000006	164.88799999999992
161	11	2	84.944	5.036000000000003
161	12	2	84.99999999999997	45.00000000000002
161	13	2	85.36625514403288	85.38683127572016
161	14	2	85.36051502145926	125.70386266094418
161	15	2	85.23999999999994	165.04399999999987
161	16	2	125.58333333333334	6.666666666666667
161	17	2	124.89200000000001	45.011999999999986
161	18	2	125.10800000000002	85.01999999999997
161	19	2	124.99600000000004	125.09999999999997
161	20	2	125.64400000000002	164.62800000000001
161	21	2	165.33600000000004	5.108
161	22	2	164.99999999999994	45.00000000000002
161	23	2	164.99999999999994	84.99999999999997
161	24	2	164.86799999999997	125.09599999999999
161	25	2	164.3235294117647	164.5882352941177
161	26	1	53.411177644710584	22.13373253493015
161	27	1	80.29740518962072	110.55089820359278
161	28	1	68.65668662674656	66.12974051896211
161	29	1	87.4051896207585	64.46506986027944
161	30	1	180.71399999999994	135.91
161	31	1	131.25200000000007	141.2479999999999
161	32	1	19.524950099800392	113.09780439121755
161	33	1	120.34399999999997	173.8360000000001
161	34	1	183.5109780439122	154.02794411177652
161	35	1	144.71513944223113	161.56972111553793
161	36	1	147.1939999999999	193.39799999999983
161	37	1	126.10000000000008	187.826
161	38	1	55.616000000000014	189.60800000000006
161	39	1	164.90399999999997	181.04200000000006
161	40	1	16.171656686626743	14.049900199600788
161	41	1	110.36399999999995	154.4020000000002
161	42	1	38.41799999999995	181.68200000000002
161	43	1	23.558000000000007	92.02000000000008
161	44	1	68.03393213572859	172.6746506986027
161	45	1	38.51903807615224	103.13627254509018
162	1	2	4.927999999999999	4.604000000000001
162	2	2	4.9999999999999964	45
162	3	2	5.103999999999996	85.01200000000003
162	4	2	4.9999999999999964	125.00000000000003
162	5	2	4.9999999999999964	165.00000000000009
162	6	2	45.00000000000003	5.000000000000002
162	7	2	45.00000000000002	45.29999999999999
162	8	2	45.86799999999999	85.59599999999999
162	9	2	45.00000000000003	124.99999999999997
162	10	2	44.708000000000006	164.88799999999992
162	11	2	84.944	5.036000000000003
162	12	2	84.99999999999997	45.00000000000002
162	13	2	85.36625514403288	85.38683127572016
162	14	2	85.36051502145926	125.70386266094418
162	15	2	85.23999999999994	165.04399999999987
162	16	2	125.58333333333334	6.666666666666667
162	17	2	124.89200000000001	45.011999999999986
162	18	2	125.10800000000002	85.01999999999997
162	19	2	124.99600000000004	125.09999999999997
162	20	2	125.64400000000002	164.62800000000001
162	21	2	165.33600000000004	5.108
162	22	2	164.99999999999994	45.00000000000002
162	23	2	164.99999999999994	84.99999999999997
162	24	2	164.86799999999997	125.09599999999999
162	25	2	164.3235294117647	164.5882352941177
162	26	1	53.510978043912196	22.22155688622752
162	27	1	80.3493013972056	110.61077844311379
162	28	1	68.58283433133742	66.10778443113779
162	29	1	87.3226452905812	64.43486973947897
162	30	1	180.782	135.94799999999998
162	31	1	131.08799999999997	141.1519999999997
162	32	1	19.65668662674652	113.09181636726547
162	33	1	120.39599999999993	173.85400000000004
162	34	1	183.50698602794412	154.1397205588822
162	35	1	144.67799999999988	161.4399999999998
162	36	1	147.14600000000019	193.43200000000004
162	37	1	126.2934131736527	187.74650698602792
162	38	1	55.58999999999995	189.62
162	39	1	164.89820359281433	181.06187624750493
162	40	1	16.191999999999986	14.046000000000017
162	41	1	110.31936127744511	154.51297405189615
162	42	1	38.41516966067862	181.7045908183633
162	43	1	23.50099800399201	92.19960079840318
162	44	1	67.95999999999992	172.61799999999985
162	45	1	38.792000000000016	103.06799999999996
163	1	2	4.927999999999999	4.604000000000001
163	2	2	4.9999999999999964	45
163	3	2	5.103999999999996	85.01200000000003
163	4	2	4.9999999999999964	125.00000000000003
163	5	2	4.9999999999999964	165.00000000000009
163	6	2	45.00000000000003	5.000000000000002
163	7	2	45.00000000000002	45.29999999999999
163	8	2	45.86799999999999	85.59599999999999
163	9	2	45.00000000000003	124.99999999999997
163	10	2	44.708000000000006	164.88799999999992
163	11	2	84.944	5.036000000000003
163	12	2	84.99999999999997	45.00000000000002
163	13	2	85.36625514403288	85.38683127572016
163	14	2	85.36051502145926	125.70386266094418
163	15	2	85.23999999999994	165.04399999999987
163	16	2	125.58333333333334	6.666666666666667
163	17	2	124.89200000000001	45.011999999999986
163	18	2	125.10800000000002	85.01999999999997
163	19	2	124.99600000000004	125.09999999999997
163	20	2	125.64400000000002	164.62800000000001
163	21	2	165.33600000000004	5.108
163	22	2	164.99999999999994	45.00000000000002
163	23	2	164.99999999999994	84.99999999999997
163	24	2	164.86799999999997	125.09599999999999
163	25	2	164.3235294117647	164.5882352941177
163	26	1	53.67399999999999	22.08599999999997
163	27	1	80.59400000000007	110.63600000000008
163	28	1	68.5069860279441	66.04590818363278
163	29	1	87.282	64.38200000000005
163	30	1	180.81075697211162	136.05577689243006
163	31	1	131.1079999999999	141.15400000000008
163	32	1	19.804391217564874	113.12774451097806
163	33	1	120.42514970059892	173.82834331337332
163	34	1	183.544	154.31800000000007
163	35	1	144.72255489021956	161.45708582834308
163	36	1	146.994	193.48400000000015
163	37	1	126.29000000000012	187.73400000000007
163	38	1	55.532000000000046	189.598
163	39	1	164.88023952095816	181.01996007984047
163	40	1	16.31663326653305	14.128256513026043
163	41	1	110.29341317365275	154.54091816367247
163	42	1	38.31137724550903	181.7764471057883
163	43	1	23.39399999999998	92.36800000000004
163	44	1	67.87025948103792	172.6087824351298
163	45	1	38.91583166332668	103.0040080160321
164	1	2	4.927999999999999	4.604000000000001
164	2	2	4.9999999999999964	45
164	3	2	5.103999999999996	85.01200000000003
164	4	2	4.9999999999999964	125.00000000000003
164	5	2	4.9999999999999964	165.00000000000009
164	6	2	45.00000000000003	5.000000000000002
164	7	2	45.00000000000002	45.29999999999999
164	8	2	45.86799999999999	85.59599999999999
164	9	2	45.00000000000003	124.99999999999997
164	10	2	44.708000000000006	164.88799999999992
164	11	2	84.944	5.036000000000003
164	12	2	84.99999999999997	45.00000000000002
164	13	2	85.36625514403288	85.38683127572016
164	14	2	85.36051502145926	125.70386266094418
164	15	2	85.23999999999994	165.04399999999987
164	16	2	125.58333333333334	6.666666666666667
164	17	2	124.89200000000001	45.011999999999986
164	18	2	125.10800000000002	85.01999999999997
164	19	2	124.99600000000004	125.09999999999997
164	20	2	125.64400000000002	164.62800000000001
164	21	2	165.33600000000004	5.108
164	22	2	164.99999999999994	45.00000000000002
164	23	2	164.99999999999994	84.99999999999997
164	24	2	164.86799999999997	125.09599999999999
164	25	2	164.3235294117647	164.5882352941177
164	26	1	53.788000000000075	21.881999999999998
164	27	1	80.71057884231531	110.59481037924154
164	28	1	68.52095808383233	66.12974051896205
164	29	1	87.232	64.31799999999997
164	30	1	180.83832335329328	136.0998003992017
164	31	1	130.97000000000008	141.1560000000001
164	32	1	19.87200000000001	113.23600000000002
164	33	1	120.46400000000003	173.84000000000032
164	34	1	183.56287425149702	154.38722554890225
164	35	1	144.7724550898204	161.40718562874258
164	36	1	146.74199999999996	193.5240000000001
164	37	1	126.31200000000001	187.7419999999999
164	38	1	55.424000000000014	189.58399999999978
164	39	1	164.84799999999984	181.136
164	40	1	16.26347305389222	14.147704590818366
164	41	1	110.25099601593618	154.61952191235068
164	42	1	38.20399999999997	181.70400000000004
164	43	1	23.23600000000003	92.56400000000005
164	44	1	67.908	172.67400000000006
164	45	1	39.00399201596808	102.99800399201597
165	1	2	4.927999999999999	4.604000000000001
165	2	2	4.9999999999999964	45
165	3	2	5.103999999999996	85.01200000000003
165	4	2	4.9999999999999964	125.00000000000003
165	5	2	4.9999999999999964	165.00000000000009
165	6	2	45.00000000000003	5.000000000000002
165	7	2	45.00000000000002	45.29999999999999
165	8	2	45.86799999999999	85.59599999999999
165	9	2	45.00000000000003	124.99999999999997
165	10	2	44.708000000000006	164.88799999999992
165	11	2	84.944	5.036000000000003
165	12	2	84.99999999999997	45.00000000000002
165	13	2	85.36625514403288	85.38683127572016
165	14	2	85.36051502145926	125.70386266094418
165	15	2	85.23999999999994	165.04399999999987
165	16	2	125.58333333333334	6.666666666666667
165	17	2	124.89200000000001	45.011999999999986
165	18	2	125.10800000000002	85.01999999999997
165	19	2	124.99600000000004	125.09999999999997
165	20	2	125.64400000000002	164.62800000000001
165	21	2	165.33600000000004	5.108
165	22	2	164.99999999999994	45.00000000000002
165	23	2	164.99999999999994	84.99999999999997
165	24	2	164.86799999999997	125.09599999999999
165	25	2	164.3235294117647	164.5882352941177
165	26	1	53.954000000000015	21.763999999999996
165	27	1	81.05000000000001	110.644
165	28	1	68.4271457085828	66.1676646706587
165	29	1	87.13599999999994	64.33400000000003
165	30	1	180.78842315369258	136.195608782435
165	31	1	130.90200000000002	141.1300000000001
165	32	1	19.905811623246496	113.2705410821644
165	33	1	120.48199999999989	173.8759999999999
165	34	1	183.47	154.39400000000003
165	35	1	144.80239520958068	161.3552894211577
165	36	1	146.60800000000003	193.60600000000005
165	37	1	126.31400000000005	187.77400000000026
165	38	1	55.383233532934106	189.62874251497027
165	39	1	164.79083665338638	181.1334661354581
165	40	1	16.293999999999993	14.159999999999991
165	41	1	110.37000000000002	154.6699999999999
165	42	1	38.202	181.71600000000007
165	43	1	23.065868263473064	92.63473053892214
165	44	1	67.88800000000012	172.76800000000006
165	45	1	39.01197604790415	102.99001996007986
166	1	2	4.927999999999999	4.604000000000001
166	2	2	4.9999999999999964	45
166	3	2	5.103999999999996	85.01200000000003
166	4	2	4.9999999999999964	125.00000000000003
166	5	2	4.9999999999999964	165.00000000000009
166	6	2	45.00000000000003	5.000000000000002
166	7	2	45.00000000000002	45.29999999999999
166	8	2	45.86799999999999	85.59599999999999
166	9	2	45.00000000000003	124.99999999999997
166	10	2	44.708000000000006	164.88799999999992
166	11	2	84.944	5.036000000000003
166	12	2	84.99999999999997	45.00000000000002
166	13	2	85.36625514403288	85.38683127572016
166	14	2	85.36051502145926	125.70386266094418
166	15	2	85.23999999999994	165.04399999999987
166	16	2	125.58333333333334	6.666666666666667
166	17	2	124.89200000000001	45.011999999999986
166	18	2	125.10800000000002	85.01999999999997
166	19	2	124.99600000000004	125.09999999999997
166	20	2	125.64400000000002	164.62800000000001
166	21	2	165.33600000000004	5.108
166	22	2	164.99999999999994	45.00000000000002
166	23	2	164.99999999999994	84.99999999999997
166	24	2	164.86799999999997	125.09599999999999
166	25	2	164.3235294117647	164.5882352941177
166	26	1	54.01399999999997	21.67400000000001
166	27	1	81.11576846307382	110.62874251497004
166	28	1	68.47504990019955	66.1616766467066
166	29	1	87.06000000000007	64.34399999999997
166	30	1	180.72455089820357	136.28742514970048
166	31	1	130.76599999999985	141.12799999999993
166	32	1	19.974051896207584	113.22754491017959
166	33	1	120.57799999999989	173.84000000000032
166	34	1	183.3393213572855	154.435129740519
166	35	1	144.89421157684646	161.38123752495014
166	36	1	146.42200000000005	193.68000000000004
166	37	1	126.38199999999999	187.72599999999994
166	38	1	55.40599999999998	189.63199999999998
166	39	1	164.83632734530914	181.18562874251498
166	40	1	16.40000000000001	14.114000000000013
166	41	1	110.40800000000002	154.67800000000014
166	42	1	38.101796407185624	181.7485029940119
166	43	1	23.017999999999997	92.70599999999996
166	44	1	67.81274900398404	172.70119521912338
166	45	1	39.102	102.95000000000007
167	1	2	4.927999999999999	4.604000000000001
167	2	2	4.9999999999999964	45
167	3	2	5.103999999999996	85.01200000000003
167	4	2	4.9999999999999964	125.00000000000003
167	5	2	4.9999999999999964	165.00000000000009
167	6	2	45.00000000000003	5.000000000000002
167	7	2	45.00000000000002	45.29999999999999
167	8	2	45.86799999999999	85.59599999999999
167	9	2	45.00000000000003	124.99999999999997
167	10	2	44.708000000000006	164.88799999999992
167	11	2	84.944	5.036000000000003
167	12	2	84.99999999999997	45.00000000000002
167	13	2	85.36625514403288	85.38683127572016
167	14	2	85.36051502145926	125.70386266094418
167	15	2	85.23999999999994	165.04399999999987
167	16	2	125.58333333333334	6.666666666666667
167	17	2	124.89200000000001	45.011999999999986
167	18	2	125.10800000000002	85.01999999999997
167	19	2	124.99600000000004	125.09999999999997
167	20	2	125.64400000000002	164.62800000000001
167	21	2	165.33600000000004	5.108
167	22	2	164.99999999999994	45.00000000000002
167	23	2	164.99999999999994	84.99999999999997
167	24	2	164.86799999999997	125.09599999999999
167	25	2	164.3235294117647	164.5882352941177
167	26	1	54.164328657314606	21.545090180360717
167	27	1	81.05799999999998	110.58400000000005
167	28	1	68.33600000000007	66.12000000000002
167	29	1	87.04200000000007	64.35999999999997
167	30	1	180.54291417165663	136.40518962075856
167	31	1	130.47704590818367	141.08782435129746
167	32	1	20.153999999999993	113.27599999999995
167	33	1	120.64870259481042	173.84431137724553
167	34	1	183.3560000000001	154.55799999999968
167	35	1	144.92200000000003	161.34600000000017
167	36	1	146.24151696606785	193.85429141716568
167	37	1	126.52495009980038	187.78043912175653
167	38	1	55.37325349301397	189.6047904191619
167	39	1	164.7964071856287	181.17365269461075
167	40	1	16.3313373253493	14.035928143712571
167	41	1	110.408	154.7240000000001
167	42	1	38.06586826347305	181.72654690618756
167	43	1	22.952095808383245	92.77844311377244
167	44	1	67.79441117764466	172.6546906187624
167	45	1	39.27145708582838	102.91816367265469
168	1	2	4.927999999999999	4.604000000000001
168	2	2	4.9999999999999964	45
168	3	2	5.103999999999996	85.01200000000003
168	4	2	4.9999999999999964	125.00000000000003
168	5	2	4.9999999999999964	165.00000000000009
168	6	2	45.00000000000003	5.000000000000002
168	7	2	45.00000000000002	45.29999999999999
168	8	2	45.86799999999999	85.59599999999999
168	9	2	45.00000000000003	124.99999999999997
168	10	2	44.708000000000006	164.88799999999992
168	11	2	84.944	5.036000000000003
168	12	2	84.99999999999997	45.00000000000002
168	13	2	85.36625514403288	85.38683127572016
168	14	2	85.36051502145926	125.70386266094418
168	15	2	85.23999999999994	165.04399999999987
168	16	2	125.58333333333334	6.666666666666667
168	17	2	124.89200000000001	45.011999999999986
168	18	2	125.10800000000002	85.01999999999997
168	19	2	124.99600000000004	125.09999999999997
168	20	2	125.64400000000002	164.62800000000001
168	21	2	165.33600000000004	5.108
168	22	2	164.99999999999994	45.00000000000002
168	23	2	164.99999999999994	84.99999999999997
168	24	2	164.86799999999997	125.09599999999999
168	25	2	164.3235294117647	164.5882352941177
168	26	1	54.32470119521917	21.38645418326694
168	27	1	81.06199999999997	110.54599999999999
168	28	1	68.24351297405187	66.14171656686628
168	29	1	87.01599999999999	64.39800000000001
168	30	1	180.63073852295398	136.49101796407183
168	31	1	130.20958083832332	141.02195608782424
168	32	1	20.286000000000012	113.26400000000002
168	33	1	120.64471057884228	173.88423153692622
168	34	1	183.30139720558884	154.57485029940116
168	35	1	144.89620758483048	161.3413173652696
168	36	1	146.09399999999997	193.98599999999985
168	37	1	126.64529058116229	187.72945891783567
168	38	1	55.24550898203595	189.6367265469063
168	39	1	164.67131474103581	181.10956175298801
168	40	1	16.24550898203594	13.906187624750494
168	41	1	110.322	154.82000000000002
168	42	1	38.06800000000001	181.60400000000013
168	43	1	22.96007984031935	92.84830339321368
168	44	1	67.73253493013968	172.6107784431137
168	45	1	39.345999999999975	102.85599999999997
169	1	2	4.927999999999999	4.604000000000001
169	2	2	4.9999999999999964	45
169	3	2	5.103999999999996	85.01200000000003
169	4	2	4.9999999999999964	125.00000000000003
169	5	2	4.9999999999999964	165.00000000000009
169	6	2	45.00000000000003	5.000000000000002
169	7	2	45.00000000000002	45.29999999999999
169	8	2	45.86799999999999	85.59599999999999
169	9	2	45.00000000000003	124.99999999999997
169	10	2	44.708000000000006	164.88799999999992
169	11	2	84.944	5.036000000000003
169	12	2	84.99999999999997	45.00000000000002
169	13	2	85.36625514403288	85.38683127572016
169	14	2	85.36051502145926	125.70386266094418
169	15	2	85.23999999999994	165.04399999999987
169	16	2	125.58333333333334	6.666666666666667
169	17	2	124.89200000000001	45.011999999999986
169	18	2	125.10800000000002	85.01999999999997
169	19	2	124.99600000000004	125.09999999999997
169	20	2	125.64400000000002	164.62800000000001
169	21	2	165.33600000000004	5.108
169	22	2	164.99999999999994	45.00000000000002
169	23	2	164.99999999999994	84.99999999999997
169	24	2	164.86799999999997	125.09599999999999
169	25	2	164.3235294117647	164.5882352941177
169	26	1	54.44600000000002	21.340000000000003
169	27	1	81.21800000000002	110.55000000000007
169	28	1	68.212	66.13600000000004
169	29	1	86.884	64.38800000000003
169	30	1	180.75648702594808	136.55688622754474
169	31	1	130.14171656686622	140.98802395209586
169	32	1	20.37724550898203	113.31936127744514
169	33	1	120.5560000000001	173.94600000000008
169	34	1	183.17564870259474	154.5988023952094
169	35	1	144.93399999999988	161.3599999999999
169	36	1	146.0059880239522	194.03992015968058
169	37	1	126.80200000000008	187.72599999999989
169	38	1	55.24199999999996	189.67
169	39	1	164.71057884231544	181.12574850299399
169	40	1	16.011976047904216	13.946107784431137
169	41	1	110.43512974051903	154.78642714570864
169	42	1	38.05799999999999	181.71600000000004
169	43	1	22.87425149700598	92.91217564870261
169	44	1	67.63473053892211	172.5169660678643
169	45	1	39.444223107569705	102.80876494023904
170	1	2	4.927999999999999	4.604000000000001
170	2	2	4.9999999999999964	45
170	3	2	5.103999999999996	85.01200000000003
170	4	2	4.9999999999999964	125.00000000000003
170	5	2	4.9999999999999964	165.00000000000009
170	6	2	45.00000000000003	5.000000000000002
170	7	2	45.00000000000002	45.29999999999999
170	8	2	45.86799999999999	85.59599999999999
170	9	2	45.00000000000003	124.99999999999997
170	10	2	44.708000000000006	164.88799999999992
170	11	2	84.944	5.036000000000003
170	12	2	84.99999999999997	45.00000000000002
170	13	2	85.36625514403288	85.38683127572016
170	14	2	85.36051502145926	125.70386266094418
170	15	2	85.23999999999994	165.04399999999987
170	16	2	125.58333333333334	6.666666666666667
170	17	2	124.89200000000001	45.011999999999986
170	18	2	125.10800000000002	85.01999999999997
170	19	2	124.99600000000004	125.09999999999997
170	20	2	125.64400000000002	164.62800000000001
170	21	2	165.33600000000004	5.108
170	22	2	164.99999999999994	45.00000000000002
170	23	2	164.99999999999994	84.99999999999997
170	24	2	164.86799999999997	125.09599999999999
170	25	2	164.3235294117647	164.5882352941177
170	26	1	54.550000000000026	21.24000000000001
170	27	1	81.25149700598799	110.57884231536916
170	28	1	68.11400000000006	66.03600000000006
170	29	1	86.82599999999995	64.38
170	30	1	180.76447105788432	136.60279441117763
170	31	1	129.98802395209583	140.94411177644716
170	32	1	20.587999999999997	113.37400000000001
170	33	1	120.58200000000004	173.90800000000007
170	34	1	183.01400000000012	154.53999999999988
170	35	1	144.99001996007985	161.3592814371258
170	36	1	145.95808383233523	194.10978043912166
170	37	1	126.86626746506984	187.70658682634732
170	38	1	55.19760479041917	189.66267465069873
170	39	1	164.7139999999999	181.16200000000006
170	40	1	15.938123752495008	13.866267465069859
170	41	1	110.43313373253491	154.8103792415169
170	42	1	38.01799999999999	181.74199999999996
170	43	1	22.80638722554891	92.93413173652705
170	44	1	67.51696606786433	172.38323353293418
170	45	1	39.42200000000001	102.66399999999999
171	1	2	4.927999999999999	4.604000000000001
171	2	2	4.9999999999999964	45
171	3	2	5.103999999999996	85.01200000000003
171	4	2	4.9999999999999964	125.00000000000003
171	5	2	4.9999999999999964	165.00000000000009
171	6	2	45.00000000000003	5.000000000000002
171	7	2	45.00000000000002	45.29999999999999
171	8	2	45.86799999999999	85.59599999999999
171	9	2	45.00000000000003	124.99999999999997
171	10	2	44.708000000000006	164.88799999999992
171	11	2	84.944	5.036000000000003
171	12	2	84.99999999999997	45.00000000000002
171	13	2	85.36625514403288	85.38683127572016
171	14	2	85.36051502145926	125.70386266094418
171	15	2	85.23999999999994	165.04399999999987
171	16	2	125.58333333333334	6.666666666666667
171	17	2	124.89200000000001	45.011999999999986
171	18	2	125.10800000000002	85.01999999999997
171	19	2	124.99600000000004	125.09999999999997
171	20	2	125.64400000000002	164.62800000000001
171	21	2	165.33600000000004	5.108
171	22	2	164.99999999999994	45.00000000000002
171	23	2	164.99999999999994	84.99999999999997
171	24	2	164.86799999999997	125.09599999999999
171	25	2	164.3235294117647	164.5882352941177
171	26	1	54.79241516966076	21.067864271457072
171	27	1	81.28799999999998	110.60199999999999
171	28	1	68.14371257485033	66.05189620758483
171	29	1	86.84630738522952	64.40718562874244
171	30	1	180.80838323353308	136.6666666666665
171	31	1	129.77200000000013	140.994
171	32	1	20.770000000000017	113.54400000000005
171	33	1	120.70000000000006	173.88599999999997
171	34	1	182.8502994011975	154.49301397205568
171	35	1	145.07984031936127	161.23353293413174
171	36	1	145.89221556886238	194.1676646706588
171	37	1	126.90200000000006	187.67400000000006
171	38	1	55.180000000000014	189.644
171	39	1	164.6019999999999	181.12999999999977
171	40	1	15.961999999999996	13.770000000000005
171	41	1	110.36526946107784	154.90618762475046
171	42	1	38.05799999999999	181.8679999999999
171	43	1	22.65069860279441	93.08982035928142
171	44	1	67.4428857715431	172.33867735470972
171	45	1	39.48599999999999	102.69799999999992
172	1	2	4.927999999999999	4.604000000000001
172	2	2	4.9999999999999964	45
172	3	2	5.103999999999996	85.01200000000003
172	4	2	4.9999999999999964	125.00000000000003
172	5	2	4.9999999999999964	165.00000000000009
172	6	2	45.00000000000003	5.000000000000002
172	7	2	45.00000000000002	45.29999999999999
172	8	2	45.86799999999999	85.59599999999999
172	9	2	45.00000000000003	124.99999999999997
172	10	2	44.708000000000006	164.88799999999992
172	11	2	84.944	5.036000000000003
172	12	2	84.99999999999997	45.00000000000002
172	13	2	85.36625514403288	85.38683127572016
172	14	2	85.36051502145926	125.70386266094418
172	15	2	85.23999999999994	165.04399999999987
172	16	2	125.58333333333334	6.666666666666667
172	17	2	124.89200000000001	45.011999999999986
172	18	2	125.10800000000002	85.01999999999997
172	19	2	124.99600000000004	125.09999999999997
172	20	2	125.64400000000002	164.62800000000001
172	21	2	165.33600000000004	5.108
172	22	2	164.99999999999994	45.00000000000002
172	23	2	164.99999999999994	84.99999999999997
172	24	2	164.86799999999997	125.09599999999999
172	25	2	164.3235294117647	164.5882352941177
172	26	1	54.99599999999999	20.948
172	27	1	81.39078156312624	110.59719438877757
172	28	1	68.14000000000006	66.10600000000001
172	29	1	86.846	64.36599999999999
172	30	1	180.84262948207171	136.7430278884461
172	31	1	129.6706586826347	140.98003992015958
172	32	1	20.86	113.48000000000003
172	33	1	120.68400000000001	173.8919999999998
172	34	1	182.75400000000013	154.46999999999986
172	35	1	145.10000000000016	161.10399999999984
172	36	1	145.87599999999992	194.18199999999996
172	37	1	127.11999999999993	187.64200000000005
172	38	1	55.12175648702597	189.6746506986026
172	39	1	164.614	181.1220000000002
172	40	1	16.028	13.713999999999999
172	41	1	110.39600000000013	154.88999999999987
172	42	1	37.96800000000002	181.91000000000003
172	43	1	22.558882235528912	93.1177644710579
172	44	1	67.434	172.25399999999973
172	45	1	39.606786427145714	102.63672654690622
173	1	2	4.927999999999999	4.604000000000001
173	2	2	4.9999999999999964	45
173	3	2	5.103999999999996	85.01200000000003
173	4	2	4.9999999999999964	125.00000000000003
173	5	2	4.9999999999999964	165.00000000000009
173	6	2	45.00000000000003	5.000000000000002
173	7	2	45.00000000000002	45.29999999999999
173	8	2	45.86799999999999	85.59599999999999
173	9	2	45.00000000000003	124.99999999999997
173	10	2	44.708000000000006	164.88799999999992
173	11	2	84.944	5.036000000000003
173	12	2	84.99999999999997	45.00000000000002
173	13	2	85.36625514403288	85.38683127572016
173	14	2	85.36051502145926	125.70386266094418
173	15	2	85.23999999999994	165.04399999999987
173	16	2	125.58333333333334	6.666666666666667
173	17	2	124.89200000000001	45.011999999999986
173	18	2	125.10800000000002	85.01999999999997
173	19	2	124.99600000000004	125.09999999999997
173	20	2	125.64400000000002	164.62800000000001
173	21	2	165.33600000000004	5.108
173	22	2	164.99999999999994	45.00000000000002
173	23	2	164.99999999999994	84.99999999999997
173	24	2	164.86799999999997	125.09599999999999
173	25	2	164.3235294117647	164.5882352941177
173	26	1	55.04990019960084	20.92614770459081
173	27	1	81.5109780439122	110.56287425149694
173	28	1	68.0698602794411	66.0958083832336
173	29	1	86.80600000000005	64.30999999999997
173	30	1	180.8622754491019	136.768463073852
173	31	1	129.38799999999998	140.9360000000001
173	32	1	20.964000000000002	113.54399999999993
173	33	1	120.65069860279444	173.90219560878256
173	34	1	182.55999999999992	154.394
173	35	1	145.04790419161702	160.95409181636717
173	36	1	145.76247504990042	194.28742514970068
173	37	1	127.17399999999998	187.57399999999996
173	38	1	55.073852295409246	189.71856287425132
173	39	1	164.47305389221543	181.05788423153686
173	40	1	16.175648702594806	13.708582834331324
173	41	1	110.33600000000008	154.91799999999995
173	42	1	37.959999999999994	181.93399999999983
173	43	1	22.52400000000002	93.15399999999995
173	44	1	67.456	172.21000000000012
173	45	1	39.594810379241494	102.60079840319366
174	1	2	4.927999999999999	4.604000000000001
174	2	2	4.9999999999999964	45
174	3	2	5.103999999999996	85.01200000000003
174	4	2	4.9999999999999964	125.00000000000003
174	5	2	4.9999999999999964	165.00000000000009
174	6	2	45.00000000000003	5.000000000000002
174	7	2	45.00000000000002	45.29999999999999
174	8	2	45.86799999999999	85.59599999999999
174	9	2	45.00000000000003	124.99999999999997
174	10	2	44.708000000000006	164.88799999999992
174	11	2	84.944	5.036000000000003
174	12	2	84.99999999999997	45.00000000000002
174	13	2	85.36625514403288	85.38683127572016
174	14	2	85.36051502145926	125.70386266094418
174	15	2	85.23999999999994	165.04399999999987
174	16	2	125.58333333333334	6.666666666666667
174	17	2	124.89200000000001	45.011999999999986
174	18	2	125.10800000000002	85.01999999999997
174	19	2	124.99600000000004	125.09999999999997
174	20	2	125.64400000000002	164.62800000000001
174	21	2	165.33600000000004	5.108
174	22	2	164.99999999999994	45.00000000000002
174	23	2	164.99999999999994	84.99999999999997
174	24	2	164.86799999999997	125.09599999999999
174	25	2	164.3235294117647	164.5882352941177
174	26	1	55.05788423153695	20.916167664670663
174	27	1	81.50299401197601	110.50299401197613
174	28	1	68.03599999999999	66.15799999999994
174	29	1	86.834	64.32000000000004
174	30	1	180.90019960079866	136.77644710578844
174	31	1	129.28599999999994	140.96399999999994
174	32	1	21.121999999999996	113.52999999999999
174	33	1	120.652	173.89999999999998
174	34	1	182.4621513944222	154.4123505976095
174	35	1	145.14371257485024	160.9241516966066
174	36	1	145.67065868263487	194.4151696606785
174	37	1	127.27000000000002	187.5360000000001
174	38	1	55.168000000000006	189.778
174	39	1	164.32135728542906	180.9640718562874
174	40	1	16.27944111776447	13.754491017964073
174	41	1	110.34730538922155	154.87624750498998
174	42	1	38.019920318725106	182.04581673306774
174	43	1	22.39799999999999	93.09200000000008
174	44	1	67.4223107569722	172.18525896414351
174	45	1	39.586826347305355	102.4870259481038
175	1	2	4.927999999999999	4.604000000000001
175	2	2	4.9999999999999964	45
175	3	2	5.103999999999996	85.01200000000003
175	4	2	4.9999999999999964	125.00000000000003
175	5	2	4.9999999999999964	165.00000000000009
175	6	2	45.00000000000003	5.000000000000002
175	7	2	45.00000000000002	45.29999999999999
175	8	2	45.86799999999999	85.59599999999999
175	9	2	45.00000000000003	124.99999999999997
175	10	2	44.708000000000006	164.88799999999992
175	11	2	84.944	5.036000000000003
175	12	2	84.99999999999997	45.00000000000002
175	13	2	85.36625514403288	85.38683127572016
175	14	2	85.36051502145926	125.70386266094418
175	15	2	85.23999999999994	165.04399999999987
175	16	2	125.58333333333334	6.666666666666667
175	17	2	124.89200000000001	45.011999999999986
175	18	2	125.10800000000002	85.01999999999997
175	19	2	124.99600000000004	125.09999999999997
175	20	2	125.64400000000002	164.62800000000001
175	21	2	165.33600000000004	5.108
175	22	2	164.99999999999994	45.00000000000002
175	23	2	164.99999999999994	84.99999999999997
175	24	2	164.86799999999997	125.09599999999999
175	25	2	164.3235294117647	164.5882352941177
175	26	1	55.111999999999995	20.976
175	27	1	81.5369261477046	110.47305389221563
175	28	1	67.96806387225556	66.13972055888226
175	29	1	86.86	64.33400000000002
175	30	1	180.8620000000001	136.79600000000008
175	31	1	129.09580838323353	140.936127744511
175	32	1	21.19600000000001	113.48400000000004
175	33	1	120.66600000000001	173.91000000000008
175	34	1	182.39000000000001	154.36599999999981
175	35	1	145.19560878243513	160.77445109780422
175	36	1	145.57399999999993	194.50199999999987
175	37	1	127.43227091633464	187.44820717131446
175	38	1	55.23600000000001	189.71399999999986
175	39	1	164.23199999999994	180.93600000000012
175	40	1	16.375249500998002	13.788423153692621
175	41	1	110.3360000000001	154.84799999999987
175	42	1	38.11177644710574	182.09980039920154
175	43	1	22.319361277445115	93.07584830339333
175	44	1	67.47400000000002	172.14599999999987
175	45	1	39.63273453093816	102.40718562874251
176	1	2	4.927999999999999	4.604000000000001
176	2	2	4.9999999999999964	45
176	3	2	5.103999999999996	85.01200000000003
176	4	2	4.9999999999999964	125.00000000000003
176	5	2	4.9999999999999964	165.00000000000009
176	6	2	45.00000000000003	5.000000000000002
176	7	2	45.00000000000002	45.29999999999999
176	8	2	45.86799999999999	85.59599999999999
176	9	2	45.00000000000003	124.99999999999997
176	10	2	44.708000000000006	164.88799999999992
176	11	2	84.944	5.036000000000003
176	12	2	84.99999999999997	45.00000000000002
176	13	2	85.36625514403288	85.38683127572016
176	14	2	85.36051502145926	125.70386266094418
176	15	2	85.23999999999994	165.04399999999987
176	16	2	125.58333333333334	6.666666666666667
176	17	2	124.89200000000001	45.011999999999986
176	18	2	125.10800000000002	85.01999999999997
176	19	2	124.99600000000004	125.09999999999997
176	20	2	125.64400000000002	164.62800000000001
176	21	2	165.33600000000004	5.108
176	22	2	164.99999999999994	45.00000000000002
176	23	2	164.99999999999994	84.99999999999997
176	24	2	164.86799999999997	125.09599999999999
176	25	2	164.3235294117647	164.5882352941177
176	26	1	55.22400000000002	20.906000000000002
176	27	1	81.77445109780435	110.47904191616757
176	28	1	67.97005988023952	66.1137724550898
176	29	1	86.86199999999998	64.376
176	30	1	180.886	136.93200000000016
176	31	1	128.874	140.87599999999995
176	32	1	21.34730538922155	113.52295409181637
176	33	1	120.63599999999991	173.97
176	34	1	182.32734530938131	154.39520958083844
176	35	1	145.207171314741	160.6852589641435
176	36	1	145.4919999999997	194.54999999999987
176	37	1	127.57085828343318	187.3912175648704
176	38	1	55.231999999999964	189.76599999999993
176	39	1	164.2275449101797	180.97205588822357
176	40	1	16.442000000000014	13.817999999999987
176	41	1	110.38276553106209	154.8997995991985
176	42	1	38.09199999999999	182.15200000000002
176	43	1	22.253493013972058	93.10379241516972
176	44	1	67.45617529880482	172.02191235059783
176	45	1	39.70200000000002	102.40999999999995
177	1	2	4.927999999999999	4.604000000000001
177	2	2	4.9999999999999964	45
177	3	2	5.103999999999996	85.01200000000003
177	4	2	4.9999999999999964	125.00000000000003
177	5	2	4.9999999999999964	165.00000000000009
177	6	2	45.00000000000003	5.000000000000002
177	7	2	45.00000000000002	45.29999999999999
177	8	2	45.86799999999999	85.59599999999999
177	9	2	45.00000000000003	124.99999999999997
177	10	2	44.708000000000006	164.88799999999992
177	11	2	84.944	5.036000000000003
177	12	2	84.99999999999997	45.00000000000002
177	13	2	85.36625514403288	85.38683127572016
177	14	2	85.36051502145926	125.70386266094418
177	15	2	85.23999999999994	165.04399999999987
177	16	2	125.58333333333334	6.666666666666667
177	17	2	124.89200000000001	45.011999999999986
177	18	2	125.10800000000002	85.01999999999997
177	19	2	124.99600000000004	125.09999999999997
177	20	2	125.64400000000002	164.62800000000001
177	21	2	165.33600000000004	5.108
177	22	2	164.99999999999994	45.00000000000002
177	23	2	164.99999999999994	84.99999999999997
177	24	2	164.86799999999997	125.09599999999999
177	25	2	164.3235294117647	164.5882352941177
177	26	1	55.24701195219125	20.844621513944237
177	27	1	81.84199999999998	110.46800000000009
177	28	1	67.88600000000007	66.18799999999993
177	29	1	86.84799999999994	64.45400000000004
177	30	1	180.72654690618768	137.00399201596818
177	31	1	128.5577689243027	140.82470119521906
177	32	1	21.578842315369247	113.61676646706586
177	33	1	120.6220000000001	173.96599999999998
177	34	1	182.27999999999997	154.44000000000005
177	35	1	145.22554890219556	160.5209580838323
177	36	1	145.38522954091812	194.58682634730536
177	37	1	127.74400000000011	187.27600000000004
177	38	1	55.20159680638726	189.68662674650702
177	39	1	164.1820000000001	180.9880000000001
177	40	1	16.462000000000014	13.811999999999996
177	41	1	110.31262525050099	154.92184368737495
177	42	1	38.08582834331336	182.1976047904192
177	43	1	22.225999999999996	93.20399999999998
177	44	1	67.46906187624758	172.0279441117764
177	45	1	39.73399999999999	102.32600000000005
178	1	2	4.927999999999999	4.604000000000001
178	2	2	4.9999999999999964	45
178	3	2	5.103999999999996	85.01200000000003
178	4	2	4.9999999999999964	125.00000000000003
178	5	2	4.9999999999999964	165.00000000000009
178	6	2	45.00000000000003	5.000000000000002
178	7	2	45.00000000000002	45.29999999999999
178	8	2	45.86799999999999	85.59599999999999
178	9	2	45.00000000000003	124.99999999999997
178	10	2	44.708000000000006	164.88799999999992
178	11	2	84.944	5.036000000000003
178	12	2	84.99999999999997	45.00000000000002
178	13	2	85.36625514403288	85.38683127572016
178	14	2	85.36051502145926	125.70386266094418
178	15	2	85.23999999999994	165.04399999999987
178	16	2	125.58333333333334	6.666666666666667
178	17	2	124.89200000000001	45.011999999999986
178	18	2	125.10800000000002	85.01999999999997
178	19	2	124.99600000000004	125.09999999999997
178	20	2	125.64400000000002	164.62800000000001
178	21	2	165.33600000000004	5.108
178	22	2	164.99999999999994	45.00000000000002
178	23	2	164.99999999999994	84.99999999999997
178	24	2	164.86799999999997	125.09599999999999
178	25	2	164.3235294117647	164.5882352941177
178	26	1	55.27345309381234	20.790419161676635
178	27	1	81.87199999999994	110.37800000000001
178	28	1	67.81237524950097	66.05788423153695
178	29	1	86.82999999999993	64.46399999999996
178	30	1	180.66267465069862	137.04590818363278
178	31	1	128.42999999999998	140.7559999999998
178	32	1	21.858000000000025	113.71600000000005
178	33	1	120.54200000000002	173.95600000000016
178	34	1	182.09181636726547	154.3512974051896
178	35	1	145.19721115537845	160.43027888446215
178	36	1	145.25800000000012	194.64000000000004
178	37	1	127.84031936127747	187.19760479041912
178	38	1	55.232000000000006	189.67199999999994
178	39	1	164.11200000000022	181.06399999999996
178	40	1	16.50600000000001	13.790000000000017
178	41	1	110.35129740518964	154.79840319361273
178	42	1	38.12599999999998	182.23800000000014
178	43	1	22.164000000000026	93.24799999999995
178	44	1	67.5089820359281	171.92415169660657
178	45	1	39.91616766467064	102.27345309381236
179	1	2	4.927999999999999	4.604000000000001
179	2	2	4.9999999999999964	45
179	3	2	5.103999999999996	85.01200000000003
179	4	2	4.9999999999999964	125.00000000000003
179	5	2	4.9999999999999964	165.00000000000009
179	6	2	45.00000000000003	5.000000000000002
179	7	2	45.00000000000002	45.29999999999999
179	8	2	45.86799999999999	85.59599999999999
179	9	2	45.00000000000003	124.99999999999997
179	10	2	44.708000000000006	164.88799999999992
179	11	2	84.944	5.036000000000003
179	12	2	84.99999999999997	45.00000000000002
179	13	2	85.36625514403288	85.38683127572016
179	14	2	85.36051502145926	125.70386266094418
179	15	2	85.23999999999994	165.04399999999987
179	16	2	125.58333333333334	6.666666666666667
179	17	2	124.89200000000001	45.011999999999986
179	18	2	125.10800000000002	85.01999999999997
179	19	2	124.99600000000004	125.09999999999997
179	20	2	125.64400000000002	164.62800000000001
179	21	2	165.33600000000004	5.108
179	22	2	164.99999999999994	45.00000000000002
179	23	2	164.99999999999994	84.99999999999997
179	24	2	164.86799999999997	125.09599999999999
179	25	2	164.3235294117647	164.5882352941177
179	26	1	55.37800000000005	20.72600000000001
179	27	1	82.03599999999996	110.416
179	28	1	67.80399999999993	66.11000000000004
179	29	1	86.85399999999998	64.452
179	30	1	180.5399999999999	137.22199999999984
179	31	1	128.3493013972056	140.84630738522955
179	32	1	21.970059880239525	113.60079840319358
179	33	1	120.50799999999992	173.97200000000007
179	34	1	181.9520958083832	154.44111776447116
179	35	1	145.27544910179645	160.37325349301398
179	36	1	145.19161676646718	194.76646706586834
179	37	1	127.96400000000006	187.17800000000014
179	38	1	55.231536926147704	189.68862275449112
179	39	1	164.02794411177638	181.06986027944106
179	40	1	16.469061876247505	13.806387225548898
179	41	1	110.3373253493015	154.7864271457085
179	42	1	38.12599999999996	182.36400000000003
179	43	1	22.09980039920157	93.22155688622756
179	44	1	67.56686626746506	171.81437125748496
179	45	1	40.004008016032046	102.19438877755509
180	1	2	4.927999999999999	4.604000000000001
180	2	2	4.9999999999999964	45
180	3	2	5.103999999999996	85.01200000000003
180	4	2	4.9999999999999964	125.00000000000003
180	5	2	4.9999999999999964	165.00000000000009
180	6	2	45.00000000000003	5.000000000000002
180	7	2	45.00000000000002	45.29999999999999
180	8	2	45.86799999999999	85.59599999999999
180	9	2	45.00000000000003	124.99999999999997
180	10	2	44.708000000000006	164.88799999999992
180	11	2	84.944	5.036000000000003
180	12	2	84.99999999999997	45.00000000000002
180	13	2	85.36625514403288	85.38683127572016
180	14	2	85.36051502145926	125.70386266094418
180	15	2	85.23999999999994	165.04399999999987
180	16	2	125.58333333333334	6.666666666666667
180	17	2	124.89200000000001	45.011999999999986
180	18	2	125.10800000000002	85.01999999999997
180	19	2	124.99600000000004	125.09999999999997
180	20	2	125.64400000000002	164.62800000000001
180	21	2	165.33600000000004	5.108
180	22	2	164.99999999999994	45.00000000000002
180	23	2	164.99999999999994	84.99999999999997
180	24	2	164.86799999999997	125.09599999999999
180	25	2	164.3235294117647	164.5882352941177
180	26	1	55.614770459081846	20.481037924151707
180	27	1	82.22155688622753	110.33133732534931
180	28	1	67.74749498997997	66.13627254509015
180	29	1	86.81200000000003	64.42800000000001
180	30	1	180.4000000000001	137.2720000000001
180	31	1	128.26546906187625	140.83433133732524
180	32	1	21.973999999999997	113.54999999999997
180	33	1	120.49301397205586	173.96207584830339
180	34	1	181.93399999999997	154.5079999999998
180	35	1	145.25498007968116	160.34462151394428
180	36	1	145.01999999999984	194.818
180	37	1	127.98400000000005	187.1400000000003
180	38	1	55.191616766467114	189.72055888223545
180	39	1	163.98802395209563	181.127744510978
180	40	1	16.426000000000027	13.846000000000007
180	41	1	110.31736526946115	154.72255489021956
180	42	1	38.107784431137716	182.40918163672652
180	43	1	22.129999999999995	93.21399999999993
180	44	1	67.54199999999996	171.7860000000001
180	45	1	40.06200000000002	102.21199999999989
181	1	2	4.927999999999999	4.604000000000001
181	2	2	4.9999999999999964	45
181	3	2	5.103999999999996	85.01200000000003
181	4	2	4.9999999999999964	125.00000000000003
181	5	2	4.9999999999999964	165.00000000000009
181	6	2	45.00000000000003	5.000000000000002
181	7	2	45.00000000000002	45.29999999999999
181	8	2	45.86799999999999	85.59599999999999
181	9	2	45.00000000000003	124.99999999999997
181	10	2	44.708000000000006	164.88799999999992
181	11	2	84.944	5.036000000000003
181	12	2	84.99999999999997	45.00000000000002
181	13	2	85.36625514403288	85.38683127572016
181	14	2	85.36051502145926	125.70386266094418
181	15	2	85.23999999999994	165.04399999999987
181	16	2	125.58333333333334	6.666666666666667
181	17	2	124.89200000000001	45.011999999999986
181	18	2	125.10800000000002	85.01999999999997
181	19	2	124.99600000000004	125.09999999999997
181	20	2	125.64400000000002	164.62800000000001
181	21	2	165.33600000000004	5.108
181	22	2	164.99999999999994	45.00000000000002
181	23	2	164.99999999999994	84.99999999999997
181	24	2	164.86799999999997	125.09599999999999
181	25	2	164.3235294117647	164.5882352941177
181	26	1	55.660678642714544	20.351297405189623
181	27	1	82.16766467065865	110.33932135728539
181	28	1	67.6586826347306	66.16367265469061
181	29	1	86.81200000000003	64.42800000000001
181	30	1	180.30339321357283	137.3373253493014
181	31	1	128.108	140.78799999999995
181	32	1	21.98799999999999	113.48999999999997
181	33	1	120.47105788423146	173.96007984031917
181	34	1	181.966	154.49400000000009
181	35	1	145.23505976095618	160.2131474103587
181	36	1	144.94810379241522	194.97205588822357
181	37	1	128.1716566866268	187.0858283433136
181	38	1	55.16367265469059	189.75449101796423
181	39	1	163.95600000000005	181.10599999999977
181	40	1	16.4670658682635	13.888223552894212
181	41	1	110.30400000000006	154.75599999999994
181	42	1	38.10999999999998	182.41000000000008
181	43	1	22.077999999999996	93.256
181	44	1	67.46706586826349	171.7425149700598
181	45	1	40.192384769539075	102.2985971943887
182	1	2	4.927999999999999	4.604000000000001
182	2	2	4.9999999999999964	45
182	3	2	5.103999999999996	85.01200000000003
182	4	2	4.9999999999999964	125.00000000000003
182	5	2	4.9999999999999964	165.00000000000009
182	6	2	45.00000000000003	5.000000000000002
182	7	2	45.00000000000002	45.29999999999999
182	8	2	45.86799999999999	85.59599999999999
182	9	2	45.00000000000003	124.99999999999997
182	10	2	44.708000000000006	164.88799999999992
182	11	2	84.944	5.036000000000003
182	12	2	84.99999999999997	45.00000000000002
182	13	2	85.36625514403288	85.38683127572016
182	14	2	85.36051502145926	125.70386266094418
182	15	2	85.23999999999994	165.04399999999987
182	16	2	125.58333333333334	6.666666666666667
182	17	2	124.89200000000001	45.011999999999986
182	18	2	125.10800000000002	85.01999999999997
182	19	2	124.99600000000004	125.09999999999997
182	20	2	125.64400000000002	164.62800000000001
182	21	2	165.33600000000004	5.108
182	22	2	164.99999999999994	45.00000000000002
182	23	2	164.99999999999994	84.99999999999997
182	24	2	164.86799999999997	125.09599999999999
182	25	2	164.3235294117647	164.5882352941177
182	26	1	55.90419161676652	20.01796407185628
182	27	1	82.3353293413174	110.33133732534937
182	28	1	67.55289421157687	66.19960079840314
182	29	1	86.77799999999992	64.45199999999993
182	30	1	180.31736526946105	137.45309381237553
182	31	1	127.95608782435131	140.71257485029946
182	32	1	22.103999999999978	113.48200000000003
182	33	1	120.48799999999999	174.00600000000003
182	34	1	181.8480000000003	154.51999999999992
182	35	1	145.1219999999999	160.01199999999997
182	36	1	144.8682634730541	195.08183632734526
182	37	1	128.47904191616766	186.93612774451083
182	38	1	55.04	189.73999999999992
182	39	1	163.88376753507	181.15631262525065
182	40	1	16.439121756487015	13.982035928143697
182	41	1	110.25748502994013	154.8363273453094
182	42	1	38.19399999999995	182.53799999999993
182	43	1	22.119999999999994	93.20799999999997
182	44	1	67.49700598802393	171.70858283433145
182	45	1	40.30278884462149	102.28087649402389
183	1	2	4.927999999999999	4.604000000000001
183	2	2	4.9999999999999964	45
183	3	2	5.103999999999996	85.01200000000003
183	4	2	4.9999999999999964	125.00000000000003
183	5	2	4.9999999999999964	165.00000000000009
183	6	2	45.00000000000003	5.000000000000002
183	7	2	45.00000000000002	45.29999999999999
183	8	2	45.86799999999999	85.59599999999999
183	9	2	45.00000000000003	124.99999999999997
183	10	2	44.708000000000006	164.88799999999992
183	11	2	84.944	5.036000000000003
183	12	2	84.99999999999997	45.00000000000002
183	13	2	85.36625514403288	85.38683127572016
183	14	2	85.36051502145926	125.70386266094418
183	15	2	85.23999999999994	165.04399999999987
183	16	2	125.58333333333334	6.666666666666667
183	17	2	124.89200000000001	45.011999999999986
183	18	2	125.10800000000002	85.01999999999997
183	19	2	124.99600000000004	125.09999999999997
183	20	2	125.64400000000002	164.62800000000001
183	21	2	165.33600000000004	5.108
183	22	2	164.99999999999994	45.00000000000002
183	23	2	164.99999999999994	84.99999999999997
183	24	2	164.86799999999997	125.09599999999999
183	25	2	164.3235294117647	164.5882352941177
183	26	1	56.023904382470114	19.9402390438247
183	27	1	82.5788423153693	110.25149700598809
183	28	1	67.46799999999993	66.23200000000006
183	29	1	86.74799999999992	64.46000000000005
183	30	1	180.28742514970062	137.42514970059867
183	31	1	127.784	140.702
183	32	1	22.29799999999998	113.46999999999998
183	33	1	120.49900199600802	174.0459081836327
183	34	1	181.76599999999985	154.48600000000002
183	35	1	145.11952191235056	159.87848605577673
183	36	1	144.826	195.17799999999997
183	37	1	128.69799999999984	186.878
183	38	1	55.039920159680634	189.69860279441124
183	39	1	163.88999999999987	181.20800000000006
183	40	1	16.435129740518956	14.015968063872238
183	41	1	110.27199999999992	154.8079999999999
183	42	1	38.18000000000004	182.6180000000001
183	43	1	22.099800399201598	93.12175648702596
183	44	1	67.45508982035936	171.62674650698594
183	45	1	40.532000000000004	102.25000000000007
184	1	2	4.927999999999999	4.604000000000001
184	2	2	4.9999999999999964	45
184	3	2	5.103999999999996	85.01200000000003
184	4	2	4.9999999999999964	125.00000000000003
184	5	2	4.9999999999999964	165.00000000000009
184	6	2	45.00000000000003	5.000000000000002
184	7	2	45.00000000000002	45.29999999999999
184	8	2	45.86799999999999	85.59599999999999
184	9	2	45.00000000000003	124.99999999999997
184	10	2	44.708000000000006	164.88799999999992
184	11	2	84.944	5.036000000000003
184	12	2	84.99999999999997	45.00000000000002
184	13	2	85.36625514403288	85.38683127572016
184	14	2	85.36051502145926	125.70386266094418
184	15	2	85.23999999999994	165.04399999999987
184	16	2	125.58333333333334	6.666666666666667
184	17	2	124.89200000000001	45.011999999999986
184	18	2	125.10800000000002	85.01999999999997
184	19	2	124.99600000000004	125.09999999999997
184	20	2	125.64400000000002	164.62800000000001
184	21	2	165.33600000000004	5.108
184	22	2	164.99999999999994	45.00000000000002
184	23	2	164.99999999999994	84.99999999999997
184	24	2	164.86799999999997	125.09599999999999
184	25	2	164.3235294117647	164.5882352941177
184	26	1	56.03800000000001	19.775999999999993
184	27	1	82.76399999999991	110.16000000000005
184	28	1	67.31736526946104	66.26347305389221
184	29	1	86.77955911823652	64.47695390781581
184	30	1	180.2814371257486	137.47704590818353
184	31	1	127.69660678642715	140.64071856287447
184	32	1	22.420841683366746	113.5490981963928
184	33	1	120.48799999999997	174.0559999999999
184	34	1	181.72455089820338	154.52694610778425
184	35	1	145.12175648702603	159.77644710578844
184	36	1	144.81000000000012	195.31800000000013
184	37	1	128.89221556886224	186.81237524950112
184	38	1	55.06986027944118	189.65868263473047
184	39	1	163.80838323353308	181.1636726546909
184	40	1	16.431137724550897	14.125748502994005
184	41	1	110.28942115768457	154.82834331337327
184	42	1	38.19599999999999	182.67600000000004
184	43	1	22.135728542914176	93.10379241516968
184	44	1	67.40399999999998	171.38999999999996
184	45	1	40.636726546906225	102.35728542914153
185	1	2	4.927999999999999	4.604000000000001
185	2	2	4.9999999999999964	45
185	3	2	5.103999999999996	85.01200000000003
185	4	2	4.9999999999999964	125.00000000000003
185	5	2	4.9999999999999964	165.00000000000009
185	6	2	45.00000000000003	5.000000000000002
185	7	2	45.00000000000002	45.29999999999999
185	8	2	45.86799999999999	85.59599999999999
185	9	2	45.00000000000003	124.99999999999997
185	10	2	44.708000000000006	164.88799999999992
185	11	2	84.944	5.036000000000003
185	12	2	84.99999999999997	45.00000000000002
185	13	2	85.36625514403288	85.38683127572016
185	14	2	85.36051502145926	125.70386266094418
185	15	2	85.23999999999994	165.04399999999987
185	16	2	125.58333333333334	6.666666666666667
185	17	2	124.89200000000001	45.011999999999986
185	18	2	125.10800000000002	85.01999999999997
185	19	2	124.99600000000004	125.09999999999997
185	20	2	125.64400000000002	164.62800000000001
185	21	2	165.33600000000004	5.108
185	22	2	164.99999999999994	45.00000000000002
185	23	2	164.99999999999994	84.99999999999997
185	24	2	164.86799999999997	125.09599999999999
185	25	2	164.3235294117647	164.5882352941177
185	26	1	56.07584830339323	19.654690618762498
185	27	1	82.71400000000003	110.10599999999994
185	28	1	67.07984031936132	66.27944111776446
185	29	1	86.736	64.49400000000003
185	30	1	180.26746506986038	137.61077844311382
185	31	1	127.5976095617531	140.59760956175285
185	32	1	22.577999999999996	113.52199999999999
185	33	1	120.46506986027951	174.07584830339326
185	34	1	181.72055888223554	154.57684630738535
185	35	1	145.10600000000005	159.74199999999996
185	36	1	144.77045908183646	195.37125748502996
185	37	1	128.99001996007976	186.7744510978044
185	38	1	55.071856287425135	189.56087824351292
185	39	1	163.78400000000013	181.1560000000003
185	40	1	16.314741035856606	14.203187250996008
185	41	1	110.2395209580838	154.83233532934142
185	42	1	38.175648702594806	182.75848303393195
185	43	1	22.071856287425142	93.05588822355284
185	44	1	67.46506986027948	171.30738522954096
185	45	1	40.71999999999999	102.29199999999993
186	1	2	4.927999999999999	4.604000000000001
186	2	2	4.9999999999999964	45
186	3	2	5.103999999999996	85.01200000000003
186	4	2	4.9999999999999964	125.00000000000003
186	5	2	4.9999999999999964	165.00000000000009
186	6	2	45.00000000000003	5.000000000000002
186	7	2	45.00000000000002	45.29999999999999
186	8	2	45.86799999999999	85.59599999999999
186	9	2	45.00000000000003	124.99999999999997
186	10	2	44.708000000000006	164.88799999999992
186	11	2	84.944	5.036000000000003
186	12	2	84.99999999999997	45.00000000000002
186	13	2	85.36625514403288	85.38683127572016
186	14	2	85.36051502145926	125.70386266094418
186	15	2	85.23999999999994	165.04399999999987
186	16	2	125.58333333333334	6.666666666666667
186	17	2	124.89200000000001	45.011999999999986
186	18	2	125.10800000000002	85.01999999999997
186	19	2	124.99600000000004	125.09999999999997
186	20	2	125.64400000000002	164.62800000000001
186	21	2	165.33600000000004	5.108
186	22	2	164.99999999999994	45.00000000000002
186	23	2	164.99999999999994	84.99999999999997
186	24	2	164.86799999999997	125.09599999999999
186	25	2	164.3235294117647	164.5882352941177
186	26	1	56.10599999999998	19.514000000000028
186	27	1	82.75599999999994	109.99399999999999
186	28	1	66.91217564870257	66.26347305389218
186	29	1	86.64271457085827	64.57085828343314
186	30	1	180.28884462151382	137.59960159362566
186	31	1	127.50600000000004	140.56999999999982
186	32	1	22.57684630738523	113.4750499001996
186	33	1	120.51199999999994	174.09400000000008
186	34	1	181.69	154.518
186	35	1	145.104	159.562
186	36	1	144.68063872255487	195.42714570858288
186	37	1	129.1940000000001	186.65400000000005
186	38	1	55.08599999999998	189.51199999999983
186	39	1	163.74800000000025	181.16399999999993
186	40	1	16.30339321357285	14.335329341317355
186	41	1	110.24599999999998	154.74800000000016
186	42	1	38.207999999999934	182.87400000000002
186	43	1	22.06200000000001	93.046
186	44	1	67.43199999999997	171.22000000000003
186	45	1	40.82400000000002	102.28400000000009
187	1	2	4.927999999999999	4.604000000000001
187	2	2	4.9999999999999964	45
187	3	2	5.103999999999996	85.01200000000003
187	4	2	4.9999999999999964	125.00000000000003
187	5	2	4.9999999999999964	165.00000000000009
187	6	2	45.00000000000003	5.000000000000002
187	7	2	45.00000000000002	45.29999999999999
187	8	2	45.86799999999999	85.59599999999999
187	9	2	45.00000000000003	124.99999999999997
187	10	2	44.708000000000006	164.88799999999992
187	11	2	84.944	5.036000000000003
187	12	2	84.99999999999997	45.00000000000002
187	13	2	85.36625514403288	85.38683127572016
187	14	2	85.36051502145926	125.70386266094418
187	15	2	85.23999999999994	165.04399999999987
187	16	2	125.58333333333334	6.666666666666667
187	17	2	124.89200000000001	45.011999999999986
187	18	2	125.10800000000002	85.01999999999997
187	19	2	124.99600000000004	125.09999999999997
187	20	2	125.64400000000002	164.62800000000001
187	21	2	165.33600000000004	5.108
187	22	2	164.99999999999994	45.00000000000002
187	23	2	164.99999999999994	84.99999999999997
187	24	2	164.86799999999997	125.09599999999999
187	25	2	164.3235294117647	164.5882352941177
187	26	1	56.10800000000002	19.503999999999998
187	27	1	82.99203187250997	109.97609561752988
187	28	1	66.94188376753497	66.45490981963927
187	29	1	86.56199999999998	64.52600000000011
187	30	1	180.16566866267462	137.6766467065868
187	31	1	127.45400000000016	140.5339999999998
187	32	1	22.855999999999984	113.49199999999992
187	33	1	120.5049900199601	174.12375249500997
187	34	1	181.618	154.39600000000013
187	35	1	145.08399999999983	159.47400000000016
187	36	1	144.58483033932157	195.57884231536923
187	37	1	129.41317365269444	186.57684630738527
187	38	1	55.12799999999997	189.50199999999998
187	39	1	163.74200000000005	181.2199999999998
187	40	1	16.351297405189634	14.441117764471054
187	41	1	110.22754491017966	154.74650698602804
187	42	1	38.251999999999995	182.99199999999988
187	43	1	22.032000000000007	93.10199999999989
187	44	1	67.49000000000004	171.16999999999985
187	45	1	41.07200000000001	102.21799999999992
188	1	2	4.927999999999999	4.604000000000001
188	2	2	4.9999999999999964	45
188	3	2	5.103999999999996	85.01200000000003
188	4	2	4.9999999999999964	125.00000000000003
188	5	2	4.9999999999999964	165.00000000000009
188	6	2	45.00000000000003	5.000000000000002
188	7	2	45.00000000000002	45.29999999999999
188	8	2	45.86799999999999	85.59599999999999
188	9	2	45.00000000000003	124.99999999999997
188	10	2	44.708000000000006	164.88799999999992
188	11	2	84.944	5.036000000000003
188	12	2	84.99999999999997	45.00000000000002
188	13	2	85.36625514403288	85.38683127572016
188	14	2	85.36051502145926	125.70386266094418
188	15	2	85.23999999999994	165.04399999999987
188	16	2	125.58333333333334	6.666666666666667
188	17	2	124.89200000000001	45.011999999999986
188	18	2	125.10800000000002	85.01999999999997
188	19	2	124.99600000000004	125.09999999999997
188	20	2	125.64400000000002	164.62800000000001
188	21	2	165.33600000000004	5.108
188	22	2	164.99999999999994	45.00000000000002
188	23	2	164.99999999999994	84.99999999999997
188	24	2	164.86799999999997	125.09599999999999
188	25	2	164.3235294117647	164.5882352941177
188	26	1	56.1596806387225	19.331337325349303
188	27	1	83.10379241516965	109.91217564870259
188	28	1	66.74900398406379	66.45219123505979
188	29	1	86.46215139442229	64.55179282868532
188	30	1	180.2295409181636	137.9021956087825
188	31	1	127.39000000000004	140.48600000000005
188	32	1	22.92799999999999	113.454
188	33	1	120.50000000000003	174.14600000000013
188	34	1	181.3386773547094	154.424849699399
188	35	1	145.03599999999992	159.35800000000012
188	36	1	144.38	195.684
188	37	1	129.52694610778445	186.5588822355288
188	38	1	55.133732534930104	189.51297405189618
188	39	1	163.67664670658678	181.2115768463074
188	40	1	16.555999999999994	14.439999999999994
188	41	1	110.268	154.6820000000002
188	42	1	38.23353293413173	183.06586826347305
188	43	1	22.071856287425163	93.04990019960073
188	44	1	67.48902195608783	171.06586826347325
188	45	1	41.26400000000001	102.26999999999994
189	1	2	4.927999999999999	4.604000000000001
189	2	2	4.9999999999999964	45
189	3	2	5.103999999999996	85.01200000000003
189	4	2	4.9999999999999964	125.00000000000003
189	5	2	4.9999999999999964	165.00000000000009
189	6	2	45.00000000000003	5.000000000000002
189	7	2	45.00000000000002	45.29999999999999
189	8	2	45.86799999999999	85.59599999999999
189	9	2	45.00000000000003	124.99999999999997
189	10	2	44.708000000000006	164.88799999999992
189	11	2	84.944	5.036000000000003
189	12	2	84.99999999999997	45.00000000000002
189	13	2	85.36625514403288	85.38683127572016
189	14	2	85.36051502145926	125.70386266094418
189	15	2	85.23999999999994	165.04399999999987
189	16	2	125.58333333333334	6.666666666666667
189	17	2	124.89200000000001	45.011999999999986
189	18	2	125.10800000000002	85.01999999999997
189	19	2	124.99600000000004	125.09999999999997
189	20	2	125.64400000000002	164.62800000000001
189	21	2	165.33600000000004	5.108
189	22	2	164.99999999999994	45.00000000000002
189	23	2	164.99999999999994	84.99999999999997
189	24	2	164.86799999999997	125.09599999999999
189	25	2	164.3235294117647	164.5882352941177
189	26	1	56.12200000000003	19.270000000000014
189	27	1	83.32934131736529	109.8163672654691
189	28	1	66.75000000000003	66.53800000000001
189	29	1	86.49000000000001	64.66399999999997
189	30	1	180.34400000000016	137.98000000000008
189	31	1	127.36999999999996	140.47200000000012
189	32	1	22.970000000000002	113.45800000000007
189	33	1	120.40400000000001	174.2039999999999
189	34	1	181.33999999999997	154.5080000000001
189	35	1	145.02395209580834	159.3233532934133
189	36	1	144.34530938123757	195.7744510978043
189	37	1	129.68799999999993	186.50000000000009
189	38	1	55.05988023952092	189.46906187624757
189	39	1	163.61800000000008	181.21399999999988
189	40	1	16.752000000000002	14.493999999999986
189	41	1	110.25149700598801	154.59680638722546
189	42	1	38.177644710578825	183.07984031936135
189	43	1	22.081836327345307	93.00998003992012
189	44	1	67.45908183632744	170.97604790419157
189	45	1	41.35800000000005	102.30000000000001
190	1	2	4.927999999999999	4.604000000000001
190	2	2	4.9999999999999964	45
190	3	2	5.103999999999996	85.01200000000003
190	4	2	4.9999999999999964	125.00000000000003
190	5	2	4.9999999999999964	165.00000000000009
190	6	2	45.00000000000003	5.000000000000002
190	7	2	45.00000000000002	45.29999999999999
190	8	2	45.86799999999999	85.59599999999999
190	9	2	45.00000000000003	124.99999999999997
190	10	2	44.708000000000006	164.88799999999992
190	11	2	84.944	5.036000000000003
190	12	2	84.99999999999997	45.00000000000002
190	13	2	85.36625514403288	85.38683127572016
190	14	2	85.36051502145926	125.70386266094418
190	15	2	85.23999999999994	165.04399999999987
190	16	2	125.58333333333334	6.666666666666667
190	17	2	124.89200000000001	45.011999999999986
190	18	2	125.10800000000002	85.01999999999997
190	19	2	124.99600000000004	125.09999999999997
190	20	2	125.64400000000002	164.62800000000001
190	21	2	165.33600000000004	5.108
190	22	2	164.99999999999994	45.00000000000002
190	23	2	164.99999999999994	84.99999999999997
190	24	2	164.86799999999997	125.09599999999999
190	25	2	164.3235294117647	164.5882352941177
190	26	1	56.122000000000014	19.198000000000004
190	27	1	83.46199999999997	109.736
190	28	1	66.53000000000002	66.57
190	29	1	86.5329341317365	64.71257485029939
190	30	1	180.43113772455087	138.02395209580834
190	31	1	127.23199999999996	140.40400000000005
190	32	1	23.059880239520975	113.46706586826346
190	33	1	120.3980000000001	174.20800000000003
190	34	1	181.2	154.43200000000007
190	35	1	144.99999999999991	159.20758483033936
190	36	1	144.3066132264528	195.79959919839678
190	37	1	129.72654690618768	186.48902195608775
190	38	1	55.04000000000001	189.38599999999994
190	39	1	163.5340000000001	181.13000000000008
190	40	1	16.782435129740513	14.542914171656689
190	41	1	110.26200000000006	154.60799999999995
190	42	1	38.1297405189621	183.09980039920154
190	43	1	22.072000000000013	92.98799999999994
190	44	1	67.44910179640722	170.88822355289415
190	45	1	41.46399999999997	102.3
191	1	2	4.927999999999999	4.604000000000001
191	2	2	4.9999999999999964	45
191	3	2	5.103999999999996	85.01200000000003
191	4	2	4.9999999999999964	125.00000000000003
191	5	2	4.9999999999999964	165.00000000000009
191	6	2	45.00000000000003	5.000000000000002
191	7	2	45.00000000000002	45.29999999999999
191	8	2	45.86799999999999	85.59599999999999
191	9	2	45.00000000000003	124.99999999999997
191	10	2	44.708000000000006	164.88799999999992
191	11	2	84.944	5.036000000000003
191	12	2	84.99999999999997	45.00000000000002
191	13	2	85.36625514403288	85.38683127572016
191	14	2	85.36051502145926	125.70386266094418
191	15	2	85.23999999999994	165.04399999999987
191	16	2	125.58333333333334	6.666666666666667
191	17	2	124.89200000000001	45.011999999999986
191	18	2	125.10800000000002	85.01999999999997
191	19	2	124.99600000000004	125.09999999999997
191	20	2	125.64400000000002	164.62800000000001
191	21	2	165.33600000000004	5.108
191	22	2	164.99999999999994	45.00000000000002
191	23	2	164.99999999999994	84.99999999999997
191	24	2	164.86799999999997	125.09599999999999
191	25	2	164.3235294117647	164.5882352941177
191	26	1	56.17564870259482	19.089820359281443
191	27	1	83.44422310756978	109.58565737051796
191	28	1	66.23552894211572	66.66666666666669
191	29	1	86.31400000000002	64.77400000000011
191	30	1	180.56087824351323	138.0918163672655
191	31	1	127.13199999999999	140.29000000000013
191	32	1	23.150000000000013	113.496
191	33	1	120.3980000000001	174.20800000000003
191	34	1	180.98600000000002	154.36399999999998
191	35	1	144.9860279441118	159.1536926147705
191	36	1	144.19760479041915	195.88223552894215
191	37	1	129.79799999999994	186.44399999999976
191	38	1	55.13	189.31000000000003
191	39	1	163.48000000000002	181.16400000000016
191	40	1	16.916000000000004	14.610000000000012
191	41	1	110.35528942115769	154.55089820359296
191	42	1	38.17764471057885	183.15968063872276
191	43	1	22.075999999999993	93.03199999999987
191	44	1	67.43600000000006	170.7399999999999
191	45	1	41.64940239043823	102.34262948207169
192	1	2	4.927999999999999	4.604000000000001
192	2	2	4.9999999999999964	45
192	3	2	5.103999999999996	85.01200000000003
192	4	2	4.9999999999999964	125.00000000000003
192	5	2	4.9999999999999964	165.00000000000009
192	6	2	45.00000000000003	5.000000000000002
192	7	2	45.00000000000002	45.29999999999999
192	8	2	45.86799999999999	85.59599999999999
192	9	2	45.00000000000003	124.99999999999997
192	10	2	44.708000000000006	164.88799999999992
192	11	2	84.944	5.036000000000003
192	12	2	84.99999999999997	45.00000000000002
192	13	2	85.36625514403288	85.38683127572016
192	14	2	85.36051502145926	125.70386266094418
192	15	2	85.23999999999994	165.04399999999987
192	16	2	125.58333333333334	6.666666666666667
192	17	2	124.89200000000001	45.011999999999986
192	18	2	125.10800000000002	85.01999999999997
192	19	2	124.99600000000004	125.09999999999997
192	20	2	125.64400000000002	164.62800000000001
192	21	2	165.33600000000004	5.108
192	22	2	164.99999999999994	45.00000000000002
192	23	2	164.99999999999994	84.99999999999997
192	24	2	164.86799999999997	125.09599999999999
192	25	2	164.3235294117647	164.5882352941177
192	26	1	56.204	18.833999999999996
192	27	1	83.64600000000006	109.47399999999999
192	28	1	66.05999999999995	66.69799999999995
192	29	1	86.12799999999994	64.76200000000001
192	30	1	180.5339999999999	138.2019999999999
192	31	1	127.0418326693227	140.26494023904397
192	32	1	23.182000000000013	113.42200000000008
192	33	1	120.27855711422852	174.260521042084
192	34	1	180.84830339321357	154.35329341317356
192	35	1	144.94411177644713	159.17964071856278
192	36	1	144.111776447106	195.9800399201596
192	37	1	129.91799999999998	186.40200000000004
192	38	1	55.131999999999984	189.1679999999998
192	39	1	163.4320000000002	181.16399999999996
192	40	1	17.061999999999994	14.768000000000006
192	41	1	110.2654690618763	154.60678642714578
192	42	1	38.20999999999997	183.13199999999995
192	43	1	22.12399999999999	92.98000000000003
192	44	1	67.49500998003991	170.5988023952095
192	45	1	41.770459081836336	102.3592814371257
193	1	2	4.927999999999999	4.604000000000001
193	2	2	4.9999999999999964	45
193	3	2	5.103999999999996	85.01200000000003
193	4	2	4.9999999999999964	125.00000000000003
193	5	2	4.9999999999999964	165.00000000000009
193	6	2	45.00000000000003	5.000000000000002
193	7	2	45.00000000000002	45.29999999999999
193	8	2	45.86799999999999	85.59599999999999
193	9	2	45.00000000000003	124.99999999999997
193	10	2	44.708000000000006	164.88799999999992
193	11	2	84.944	5.036000000000003
193	12	2	84.99999999999997	45.00000000000002
193	13	2	85.36625514403288	85.38683127572016
193	14	2	85.36051502145926	125.70386266094418
193	15	2	85.23999999999994	165.04399999999987
193	16	2	125.58333333333334	6.666666666666667
193	17	2	124.89200000000001	45.011999999999986
193	18	2	125.10800000000002	85.01999999999997
193	19	2	124.99600000000004	125.09999999999997
193	20	2	125.64400000000002	164.62800000000001
193	21	2	165.33600000000004	5.108
193	22	2	164.99999999999994	45.00000000000002
193	23	2	164.99999999999994	84.99999999999997
193	24	2	164.86799999999997	125.09599999999999
193	25	2	164.3235294117647	164.5882352941177
193	26	1	56.18600000000003	18.754
193	27	1	83.73053892215566	109.38323353293407
193	28	1	65.90200000000002	66.7560000000001
193	29	1	86.07800000000005	64.82999999999997
193	30	1	180.49599999999998	138.27
193	31	1	126.91417165668663	140.17564870259474
193	32	1	23.401197604790415	113.42315369261473
193	33	1	120.25800000000002	174.3380000000001
193	34	1	180.84231536926148	154.4171656686625
193	35	1	144.9281437125747	159.04391217564864
193	36	1	144.09799999999993	195.97399999999993
193	37	1	130.078	186.33599999999993
193	38	1	55.166000000000004	189.14200000000017
193	39	1	163.42999999999992	181.1599999999999
193	40	1	17.214000000000006	14.865999999999994
193	41	1	110.40600000000009	154.538
193	42	1	38.181274900398385	183.21713147410358
193	43	1	22.167664670658663	92.96007984031941
193	44	1	67.52495009980042	170.49500998003998
193	45	1	41.957915831663286	102.28256513026047
194	1	2	4.927999999999999	4.604000000000001
194	2	2	4.9999999999999964	45
194	3	2	5.103999999999996	85.01200000000003
194	4	2	4.9999999999999964	125.00000000000003
194	5	2	4.9999999999999964	165.00000000000009
194	6	2	45.00000000000003	5.000000000000002
194	7	2	45.00000000000002	45.29999999999999
194	8	2	45.86799999999999	85.59599999999999
194	9	2	45.00000000000003	124.99999999999997
194	10	2	44.708000000000006	164.88799999999992
194	11	2	84.944	5.036000000000003
194	12	2	84.99999999999997	45.00000000000002
194	13	2	85.36625514403288	85.38683127572016
194	14	2	85.36051502145926	125.70386266094418
194	15	2	85.23999999999994	165.04399999999987
194	16	2	125.58333333333334	6.666666666666667
194	17	2	124.89200000000001	45.011999999999986
194	18	2	125.10800000000002	85.01999999999997
194	19	2	124.99600000000004	125.09999999999997
194	20	2	125.64400000000002	164.62800000000001
194	21	2	165.33600000000004	5.108
194	22	2	164.99999999999994	45.00000000000002
194	23	2	164.99999999999994	84.99999999999997
194	24	2	164.86799999999997	125.09599999999999
194	25	2	164.3235294117647	164.5882352941177
194	26	1	56.303999999999995	18.57400000000001
194	27	1	83.78243512974052	109.21357285429141
194	28	1	65.7629482071714	66.8824701195219
194	29	1	86.02999999999997	64.85399999999997
194	30	1	180.55089820359285	138.39720558882223
194	31	1	126.77644710578835	140.14570858283423
194	32	1	23.449101796407177	113.41716566866266
194	33	1	120.22600000000011	174.35399999999998
194	34	1	180.78243512974052	154.3752495009979
194	35	1	144.91599999999988	158.88799999999983
194	36	1	144.11576846307378	196.02395209580848
194	37	1	130.27744510978042	186.25349301397208
194	38	1	55.101593625498026	189.1414342629482
194	39	1	163.3880000000001	181.1639999999999
194	40	1	17.261477045908173	14.92614770459082
194	41	1	110.41800000000008	154.558
194	42	1	38.181999999999995	183.24199999999996
194	43	1	22.128000000000004	92.89599999999992
194	44	1	67.52495009980042	170.31736526946122
194	45	1	42.01796407185628	102.30938123752493
195	1	2	4.927999999999999	4.604000000000001
195	2	2	4.9999999999999964	45
195	3	2	5.103999999999996	85.01200000000003
195	4	2	4.9999999999999964	125.00000000000003
195	5	2	4.9999999999999964	165.00000000000009
195	6	2	45.00000000000003	5.000000000000002
195	7	2	45.00000000000002	45.29999999999999
195	8	2	45.86799999999999	85.59599999999999
195	9	2	45.00000000000003	124.99999999999997
195	10	2	44.708000000000006	164.88799999999992
195	11	2	84.944	5.036000000000003
195	12	2	84.99999999999997	45.00000000000002
195	13	2	85.36625514403288	85.38683127572016
195	14	2	85.36051502145926	125.70386266094418
195	15	2	85.23999999999994	165.04399999999987
195	16	2	125.58333333333334	6.666666666666667
195	17	2	124.89200000000001	45.011999999999986
195	18	2	125.10800000000002	85.01999999999997
195	19	2	124.99600000000004	125.09999999999997
195	20	2	125.64400000000002	164.62800000000001
195	21	2	165.33600000000004	5.108
195	22	2	164.99999999999994	45.00000000000002
195	23	2	164.99999999999994	84.99999999999997
195	24	2	164.86799999999997	125.09599999999999
195	25	2	164.3235294117647	164.5882352941177
195	26	1	56.300796812749034	18.370517928286844
195	27	1	83.97999999999993	109.15999999999991
195	28	1	65.5528942115768	66.92614770459076
195	29	1	85.97808764940238	64.88446215139433
195	30	1	180.55089820359308	138.45109780439103
195	31	1	126.67864271457088	140.14171656686614
195	32	1	23.45908183632733	113.42714570858283
195	33	1	120.20600000000005	174.38400000000004
195	34	1	180.69400000000002	154.34600000000006
195	35	1	144.8760000000001	158.80400000000003
195	36	1	144.11799999999994	196.02799999999993
195	37	1	130.38722554890225	186.2115768463075
195	38	1	55.103792415169636	189.00798403193593
195	39	1	163.3259999999999	181.1980000000001
195	40	1	17.30199999999999	14.911999999999983
195	41	1	110.33932135728534	154.55888223552896
195	42	1	38.153692614770385	183.30938123752514
195	43	1	22.26347305389222	92.8183632734531
195	44	1	67.51	170.17000000000004
195	45	1	42.08200000000001	102.336
196	1	2	4.927999999999999	4.604000000000001
196	2	2	4.9999999999999964	45
196	3	2	5.103999999999996	85.01200000000003
196	4	2	4.9999999999999964	125.00000000000003
196	5	2	4.9999999999999964	165.00000000000009
196	6	2	45.00000000000003	5.000000000000002
196	7	2	45.00000000000002	45.29999999999999
196	8	2	45.86799999999999	85.59599999999999
196	9	2	45.00000000000003	124.99999999999997
196	10	2	44.708000000000006	164.88799999999992
196	11	2	84.944	5.036000000000003
196	12	2	84.99999999999997	45.00000000000002
196	13	2	85.36625514403288	85.38683127572016
196	14	2	85.36051502145926	125.70386266094418
196	15	2	85.23999999999994	165.04399999999987
196	16	2	125.58333333333334	6.666666666666667
196	17	2	124.89200000000001	45.011999999999986
196	18	2	125.10800000000002	85.01999999999997
196	19	2	124.99600000000004	125.09999999999997
196	20	2	125.64400000000002	164.62800000000001
196	21	2	165.33600000000004	5.108
196	22	2	164.99999999999994	45.00000000000002
196	23	2	164.99999999999994	84.99999999999997
196	24	2	164.86799999999997	125.09599999999999
196	25	2	164.3235294117647	164.5882352941177
196	26	1	56.33800000000003	18.283999999999992
196	27	1	84.255489021956	109.03592814371254
196	28	1	65.47000000000001	67.01800000000004
196	29	1	85.808	64.82600000000002
196	30	1	180.71057884231553	138.55688622754485
196	31	1	126.59481037924147	140.03393213572855
196	32	1	23.530938123752478	113.39321357285431
196	33	1	120.17000000000003	174.35600000000005
196	34	1	180.72854291417164	154.3333333333332
196	35	1	144.814371257485	158.7325349301399
196	36	1	144.02395209580857	196.10578842315377
196	37	1	130.514	186.12800000000001
196	38	1	55.157999999999994	188.96600000000012
196	39	1	163.2749003984064	181.23904382470116
196	40	1	17.542	14.93000000000001
196	41	1	110.35999999999993	154.52999999999992
196	42	1	38.203592814371234	183.36926147704588
196	43	1	22.262000000000004	92.72999999999998
196	44	1	67.46600000000004	169.97
196	45	1	42.142000000000046	102.30799999999994
197	1	2	4.927999999999999	4.604000000000001
197	2	2	4.9999999999999964	45
197	3	2	5.103999999999996	85.01200000000003
197	4	2	4.9999999999999964	125.00000000000003
197	5	2	4.9999999999999964	165.00000000000009
197	6	2	45.00000000000003	5.000000000000002
197	7	2	45.00000000000002	45.29999999999999
197	8	2	45.86799999999999	85.59599999999999
197	9	2	45.00000000000003	124.99999999999997
197	10	2	44.708000000000006	164.88799999999992
197	11	2	84.944	5.036000000000003
197	12	2	84.99999999999997	45.00000000000002
197	13	2	85.36625514403288	85.38683127572016
197	14	2	85.36051502145926	125.70386266094418
197	15	2	85.23999999999994	165.04399999999987
197	16	2	125.58333333333334	6.666666666666667
197	17	2	124.89200000000001	45.011999999999986
197	18	2	125.10800000000002	85.01999999999997
197	19	2	124.99600000000004	125.09999999999997
197	20	2	125.64400000000002	164.62800000000001
197	21	2	165.33600000000004	5.108
197	22	2	164.99999999999994	45.00000000000002
197	23	2	164.99999999999994	84.99999999999997
197	24	2	164.86799999999997	125.09599999999999
197	25	2	164.3235294117647	164.5882352941177
197	26	1	56.342000000000034	18.24800000000001
197	27	1	84.3466933867735	109.02404809619239
197	28	1	65.34599999999999	67.02000000000001
197	29	1	85.65999999999998	64.744
197	30	1	180.73852295409185	138.7045908183634
197	31	1	126.37800000000007	139.98599999999993
197	32	1	23.56573705179282	113.27888446215137
197	33	1	120.17000000000003	174.35600000000005
197	34	1	180.75049900199602	154.3393213572854
197	35	1	144.75799999999995	158.6400000000001
197	36	1	143.96199999999988	196.17600000000004
197	37	1	130.64071856287424	186.07584830339343
197	38	1	55.1457085828343	188.88622754491024
197	39	1	163.28286852589662	181.3047808764941
197	40	1	17.628000000000007	14.889999999999999
197	41	1	110.32600000000002	154.538
197	42	1	38.125748502994064	183.36726546906183
197	43	1	22.279441117764495	92.65469061876263
197	44	1	67.41199999999999	169.86599999999996
197	45	1	42.31936127744508	102.27544910179635
198	1	2	4.927999999999999	4.604000000000001
198	2	2	4.9999999999999964	45
198	3	2	5.103999999999996	85.01200000000003
198	4	2	4.9999999999999964	125.00000000000003
198	5	2	4.9999999999999964	165.00000000000009
198	6	2	45.00000000000003	5.000000000000002
198	7	2	45.00000000000002	45.29999999999999
198	8	2	45.86799999999999	85.59599999999999
198	9	2	45.00000000000003	124.99999999999997
198	10	2	44.708000000000006	164.88799999999992
198	11	2	84.944	5.036000000000003
198	12	2	84.99999999999997	45.00000000000002
198	13	2	85.36625514403288	85.38683127572016
198	14	2	85.36051502145926	125.70386266094418
198	15	2	85.23999999999994	165.04399999999987
198	16	2	125.58333333333334	6.666666666666667
198	17	2	124.89200000000001	45.011999999999986
198	18	2	125.10800000000002	85.01999999999997
198	19	2	124.99600000000004	125.09999999999997
198	20	2	125.64400000000002	164.62800000000001
198	21	2	165.33600000000004	5.108
198	22	2	164.99999999999994	45.00000000000002
198	23	2	164.99999999999994	84.99999999999997
198	24	2	164.86799999999997	125.09599999999999
198	25	2	164.3235294117647	164.5882352941177
198	26	1	56.33999999999996	18.219999999999995
198	27	1	84.342	109.00999999999998
198	28	1	65.318	66.96800000000005
198	29	1	85.39920159680635	64.68862275449095
198	30	1	180.76247504990033	138.7744510978045
198	31	1	126.28143712574854	139.9520958083832
198	32	1	23.76	113.36200000000005
198	33	1	120.07600000000006	174.4219999999999
198	34	1	180.66332665330663	154.32865731462917
198	35	1	144.7125748502992	158.5169660678643
198	36	1	143.96606786427137	196.16367265469057
198	37	1	130.88799999999992	185.99200000000022
198	38	1	55.177644710578804	188.83233532934128
198	39	1	163.27855711422845	181.2484969939881
198	40	1	17.689999999999998	14.911999999999999
198	41	1	110.294	154.61199999999997
198	42	1	38.07784431137726	183.55888223552904
198	43	1	22.28685258964142	92.60756972111558
198	44	1	67.35129740518963	169.82834331337327
198	45	1	42.367265469061934	102.25548902195611
199	1	2	4.927999999999999	4.604000000000001
199	2	2	4.9999999999999964	45
199	3	2	5.103999999999996	85.01200000000003
199	4	2	4.9999999999999964	125.00000000000003
199	5	2	4.9999999999999964	165.00000000000009
199	6	2	45.00000000000003	5.000000000000002
199	7	2	45.00000000000002	45.29999999999999
199	8	2	45.86799999999999	85.59599999999999
199	9	2	45.00000000000003	124.99999999999997
199	10	2	44.708000000000006	164.88799999999992
199	11	2	84.944	5.036000000000003
199	12	2	84.99999999999997	45.00000000000002
199	13	2	85.36625514403288	85.38683127572016
199	14	2	85.36051502145926	125.70386266094418
199	15	2	85.23999999999994	165.04399999999987
199	16	2	125.58333333333334	6.666666666666667
199	17	2	124.89200000000001	45.011999999999986
199	18	2	125.10800000000002	85.01999999999997
199	19	2	124.99600000000004	125.09999999999997
199	20	2	125.64400000000002	164.62800000000001
199	21	2	165.33600000000004	5.108
199	22	2	164.99999999999994	45.00000000000002
199	23	2	164.99999999999994	84.99999999999997
199	24	2	164.86799999999997	125.09599999999999
199	25	2	164.3235294117647	164.5882352941177
199	26	1	56.36127744510978	18.139720558882225
199	27	1	84.49999999999999	108.95199999999998
199	28	1	65.3013972055888	66.95808383233535
199	29	1	85.34530938123751	64.73253493013966
199	30	1	180.8119999999998	138.80599999999995
199	31	1	126.16167664670658	139.87225548902205
199	32	1	23.91599999999999	113.32400000000004
199	33	1	120.07600000000006	174.4219999999999
199	34	1	180.716	154.31600000000012
199	35	1	144.74850299401197	158.4890219560878
199	36	1	143.93599999999986	196.15800000000013
199	37	1	130.89200000000008	185.98600000000008
199	38	1	55.221556886227525	188.77644710578838
199	39	1	163.28343313373264	181.33133732534924
199	40	1	17.811999999999998	14.958000000000007
199	41	1	110.41516966067869	154.55489021956097
199	42	1	38.0678642714571	183.59081836327354
199	43	1	22.218	92.62600000000008
199	44	1	67.3213572854291	169.72255489021978
199	45	1	42.473053892215574	102.21157684630732
200	1	2	4.927999999999999	4.604000000000001
200	2	2	4.9999999999999964	45
200	3	2	5.103999999999996	85.01200000000003
200	4	2	4.9999999999999964	125.00000000000003
200	5	2	4.9999999999999964	165.00000000000009
200	6	2	45.00000000000003	5.000000000000002
200	7	2	45.00000000000002	45.29999999999999
200	8	2	45.86799999999999	85.59599999999999
200	9	2	45.00000000000003	124.99999999999997
200	10	2	44.708000000000006	164.88799999999992
200	11	2	84.944	5.036000000000003
200	12	2	84.99999999999997	45.00000000000002
200	13	2	85.36625514403288	85.38683127572016
200	14	2	85.36051502145926	125.70386266094418
200	15	2	85.23999999999994	165.04399999999987
200	16	2	125.58333333333334	6.666666666666667
200	17	2	124.89200000000001	45.011999999999986
200	18	2	125.10800000000002	85.01999999999997
200	19	2	124.99600000000004	125.09999999999997
200	20	2	125.64400000000002	164.62800000000001
200	21	2	165.33600000000004	5.108
200	22	2	164.99999999999994	45.00000000000002
200	23	2	164.99999999999994	84.99999999999997
200	24	2	164.86799999999997	125.09599999999999
200	25	2	164.3235294117647	164.5882352941177
200	26	1	56.378000000000014	18.105999999999998
200	27	1	84.626	108.99200000000005
200	28	1	65.35728542914171	67.0059880239521
200	29	1	85.05200000000004	64.52400000000006
200	30	1	180.85400000000007	138.87799999999987
200	31	1	126.09619238476952	139.8737474949898
200	32	1	23.992031872509948	113.19920318725096
200	33	1	120.04790419161671	174.46906187624754
200	34	1	180.752	154.38200000000003
200	35	1	144.71000000000018	158.36799999999988
200	36	1	143.99400000000006	196.13200000000006
200	37	1	131.06986027944117	185.91417165668665
200	38	1	55.26399999999997	188.754
200	39	1	163.2565130260519	181.34669338677338
200	40	1	17.993999999999996	14.893999999999998
200	41	1	110.4491017964072	154.5489021956088
200	42	1	38.13772455089818	183.59281437125748
200	43	1	22.22554890219561	92.64271457085833
200	44	1	67.29600000000003	169.62600000000003
200	45	1	42.78557114228455	102.14028056112224
201	1	2	4.927999999999999	4.604000000000001
201	2	2	4.9999999999999964	45
201	3	2	5.103999999999996	85.01200000000003
201	4	2	4.9999999999999964	125.00000000000003
201	5	2	4.9999999999999964	165.00000000000009
201	6	2	45.00000000000003	5.000000000000002
201	7	2	45.00000000000002	45.29999999999999
201	8	2	45.86799999999999	85.59599999999999
201	9	2	45.00000000000003	124.99999999999997
201	10	2	44.708000000000006	164.88799999999992
201	11	2	84.944	5.036000000000003
201	12	2	84.99999999999997	45.00000000000002
201	13	2	85.36625514403288	85.38683127572016
201	14	2	85.36051502145926	125.70386266094418
201	15	2	85.23999999999994	165.04399999999987
201	16	2	125.58333333333334	6.666666666666667
201	17	2	124.89200000000001	45.011999999999986
201	18	2	125.10800000000002	85.01999999999997
201	19	2	124.99600000000004	125.09999999999997
201	20	2	125.64400000000002	164.62800000000001
201	21	2	165.33600000000004	5.108
201	22	2	164.99999999999994	45.00000000000002
201	23	2	164.99999999999994	84.99999999999997
201	24	2	164.86799999999997	125.09599999999999
201	25	2	164.3235294117647	164.5882352941177
201	26	1	56.37400000000001	18.02599999999999
201	27	1	85.05588822355294	109.00798403193608
201	28	1	65.36327345309385	67.03792415169664
201	29	1	84.96015936254975	64.44422310756975
201	30	1	180.92215568862272	138.94011976047912
201	31	1	125.99600000000004	139.81599999999992
201	32	1	23.958167330677313	113.19920318725096
201	33	1	120.02399999999993	174.54399999999993
201	34	1	180.768	154.4459999999998
201	35	1	144.56799999999984	158.22800000000015
201	36	1	144.08982035928128	196.15768463073857
201	37	1	131.30000000000004	185.8079999999999
201	38	1	55.28399999999998	188.70399999999995
201	39	1	163.24399999999994	181.3259999999999
201	40	1	17.90219560878241	15.005988023952092
201	41	1	110.43400000000004	154.57600000000005
201	42	1	38.17964071856289	183.62075848303382
201	43	1	22.228000000000012	92.62400000000004
201	44	1	67.26347305389226	169.4990019960079
201	45	1	42.87800000000002	102.23399999999992
202	1	2	4.927999999999999	4.604000000000001
202	2	2	4.9999999999999964	45
202	3	2	5.103999999999996	85.01200000000003
202	4	2	4.9999999999999964	125.00000000000003
202	5	2	4.9999999999999964	165.00000000000009
202	6	2	45.00000000000003	5.000000000000002
202	7	2	45.00000000000002	45.29999999999999
202	8	2	45.86799999999999	85.59599999999999
202	9	2	45.00000000000003	124.99999999999997
202	10	2	44.708000000000006	164.88799999999992
202	11	2	84.944	5.036000000000003
202	12	2	84.99999999999997	45.00000000000002
202	13	2	85.36625514403288	85.38683127572016
202	14	2	85.36051502145926	125.70386266094418
202	15	2	85.23999999999994	165.04399999999987
202	16	2	125.58333333333334	6.666666666666667
202	17	2	124.89200000000001	45.011999999999986
202	18	2	125.10800000000002	85.01999999999997
202	19	2	124.99600000000004	125.09999999999997
202	20	2	125.64400000000002	164.62800000000001
202	21	2	165.33600000000004	5.108
202	22	2	164.99999999999994	45.00000000000002
202	23	2	164.99999999999994	84.99999999999997
202	24	2	164.86799999999997	125.09599999999999
202	25	2	164.3235294117647	164.5882352941177
202	26	1	56.40119760479042	17.966067864271448
202	27	1	85.17365269461074	108.99201596806394
202	28	1	65.36000000000004	67.10200000000012
202	29	1	84.92199999999997	64.41200000000008
202	30	1	180.85799999999998	138.976
202	31	1	125.90200000000002	139.77200000000002
202	32	1	24.039920159680634	113.23153692614778
202	33	1	119.96199999999993	174.55199999999994
202	34	1	180.85	154.47200000000004
202	35	1	144.5948103792415	158.26746506986035
202	36	1	144.11976047904213	196.26347305389226
202	37	1	131.35785288270364	185.80715705765408
202	38	1	55.32335329341314	188.6806387225549
202	39	1	163.26799999999992	181.35799999999995
202	40	1	17.83000000000001	15.107999999999988
202	41	1	110.5279999999999	154.52200000000025
202	42	1	38.1137724550898	183.65868263473047
202	43	1	22.309381237524956	92.61077844311374
202	44	1	67.18562874251501	169.36726546906183
202	45	1	42.9680638722555	102.22754491017959
203	1	2	4.927999999999999	4.604000000000001
203	2	2	4.9999999999999964	45
203	3	2	5.103999999999996	85.01200000000003
203	4	2	4.9999999999999964	125.00000000000003
203	5	2	4.9999999999999964	165.00000000000009
203	6	2	45.00000000000003	5.000000000000002
203	7	2	45.00000000000002	45.29999999999999
203	8	2	45.86799999999999	85.59599999999999
203	9	2	45.00000000000003	124.99999999999997
203	10	2	44.708000000000006	164.88799999999992
203	11	2	84.944	5.036000000000003
203	12	2	84.99999999999997	45.00000000000002
203	13	2	85.36625514403288	85.38683127572016
203	14	2	85.36051502145926	125.70386266094418
203	15	2	85.23999999999994	165.04399999999987
203	16	2	125.58333333333334	6.666666666666667
203	17	2	124.89200000000001	45.011999999999986
203	18	2	125.10800000000002	85.01999999999997
203	19	2	124.99600000000004	125.09999999999997
203	20	2	125.64400000000002	164.62800000000001
203	21	2	165.33600000000004	5.108
203	22	2	164.99999999999994	45.00000000000002
203	23	2	164.99999999999994	84.99999999999997
203	24	2	164.86799999999997	125.09599999999999
203	25	2	164.3235294117647	164.5882352941177
203	26	1	56.37799999999997	17.927999999999983
203	27	1	85.33932135728541	108.9381237524951
203	28	1	65.35329341317365	67.08383233532923
203	29	1	84.9301397205588	64.32135728542917
203	30	1	180.93386773547078	139.09619238476958
203	31	1	125.72399999999993	139.7099999999999
203	32	1	24.111776447105782	113.14770459081845
203	33	1	120.00399999999995	174.54
203	34	1	180.86027944111777	154.4730538922156
203	35	1	144.61876247504986	158.21756487025945
203	36	1	143.99600798403188	196.4091816367266
203	37	1	131.51195219123514	185.7290836653387
203	38	1	55.428000000000004	188.56199999999973
203	39	1	163.26746506986032	181.59281437125742
203	40	1	17.830000000000013	15.158000000000005
203	41	1	110.57085828343303	154.4850299401197
203	42	1	38.09780439121757	183.74850299401203
203	43	1	22.338	92.47400000000003
203	44	1	67.17000000000003	169.374
203	45	1	43.01199999999997	102.22400000000005
204	1	2	4.927999999999999	4.604000000000001
204	2	2	4.9999999999999964	45
204	3	2	5.103999999999996	85.01200000000003
204	4	2	4.9999999999999964	125.00000000000003
204	5	2	4.9999999999999964	165.00000000000009
204	6	2	45.00000000000003	5.000000000000002
204	7	2	45.00000000000002	45.29999999999999
204	8	2	45.86799999999999	85.59599999999999
204	9	2	45.00000000000003	124.99999999999997
204	10	2	44.708000000000006	164.88799999999992
204	11	2	84.944	5.036000000000003
204	12	2	84.99999999999997	45.00000000000002
204	13	2	85.36625514403288	85.38683127572016
204	14	2	85.36051502145926	125.70386266094418
204	15	2	85.23999999999994	165.04399999999987
204	16	2	125.58333333333334	6.666666666666667
204	17	2	124.89200000000001	45.011999999999986
204	18	2	125.10800000000002	85.01999999999997
204	19	2	124.99600000000004	125.09999999999997
204	20	2	125.64400000000002	164.62800000000001
204	21	2	165.33600000000004	5.108
204	22	2	164.99999999999994	45.00000000000002
204	23	2	164.99999999999994	84.99999999999997
204	24	2	164.86799999999997	125.09599999999999
204	25	2	164.3235294117647	164.5882352941177
204	26	1	56.331999999999965	17.839999999999993
204	27	1	85.61923847695394	108.90581162324638
204	28	1	65.32934131736528	67.05988023952087
204	29	1	84.81	64.27999999999997
204	30	1	181.0479041916168	139.13972055888226
204	31	1	125.70941883767539	139.65931863727457
204	32	1	24.172000000000004	113.06800000000003
204	33	1	119.97599999999996	174.526
204	34	1	180.68800000000002	154.37600000000006
204	35	1	144.62075848303377	158.16966067864274
204	36	1	144.0019960079842	196.4510978043911
204	37	1	131.7445109780439	185.60279441117763
204	38	1	55.429141716566846	188.43113772455095
204	39	1	163.26000000000005	181.63600000000008
204	40	1	17.780439121756476	15.205588822355272
204	41	1	110.62275449101787	154.52295409181622
204	42	1	37.919999999999945	183.8960000000001
204	43	1	22.347999999999985	92.40399999999995
204	44	1	67.11399999999988	169.34000000000006
204	45	1	43.06799999999999	102.21400000000004
205	1	2	4.927999999999999	4.604000000000001
205	2	2	4.9999999999999964	45
205	3	2	5.103999999999996	85.01200000000003
205	4	2	4.9999999999999964	125.00000000000003
205	5	2	4.9999999999999964	165.00000000000009
205	6	2	45.00000000000003	5.000000000000002
205	7	2	45.00000000000002	45.29999999999999
205	8	2	45.86799999999999	85.59599999999999
205	9	2	45.00000000000003	124.99999999999997
205	10	2	44.708000000000006	164.88799999999992
205	11	2	84.944	5.036000000000003
205	12	2	84.99999999999997	45.00000000000002
205	13	2	85.36625514403288	85.38683127572016
205	14	2	85.36051502145926	125.70386266094418
205	15	2	85.23999999999994	165.04399999999987
205	16	2	125.58333333333334	6.666666666666667
205	17	2	124.89200000000001	45.011999999999986
205	18	2	125.10800000000002	85.01999999999997
205	19	2	124.99600000000004	125.09999999999997
205	20	2	125.64400000000002	164.62800000000001
205	21	2	165.33600000000004	5.108
205	22	2	164.99999999999994	45.00000000000002
205	23	2	164.99999999999994	84.99999999999997
205	24	2	164.86799999999997	125.09599999999999
205	25	2	164.3235294117647	164.5882352941177
205	26	1	56.36526946107786	17.664670658682635
205	27	1	85.68000000000012	108.93999999999997
205	28	1	65.31872509960158	67.09561752988043
205	29	1	84.81399999999991	64.26799999999999
205	30	1	181.03592814371268	139.25548902195632
205	31	1	125.61799999999994	139.65599999999986
205	32	1	24.263999999999992	113.03000000000004
205	33	1	119.8882235528942	174.55489021956092
205	34	1	180.572	154.31399999999996
205	35	1	144.7280000000002	158.2700000000001
205	36	1	144.00199600798402	196.5089820359282
205	37	1	131.86227544910182	185.59481037924138
205	38	1	55.38247011952191	188.3844621513944
205	39	1	163.3113772455091	181.67065868263478
205	40	1	17.950000000000003	15.253999999999998
205	41	1	110.73852295409176	154.52295409181636
205	42	1	37.82565130260524	184.02204408817636
205	43	1	22.36055776892431	92.29880478087657
205	44	1	66.98600000000006	169.2340000000001
205	45	1	43.14799999999993	102.2339999999999
206	1	2	4.927999999999999	4.604000000000001
206	2	2	4.9999999999999964	45
206	3	2	5.103999999999996	85.01200000000003
206	4	2	4.9999999999999964	125.00000000000003
206	5	2	4.9999999999999964	165.00000000000009
206	6	2	45.00000000000003	5.000000000000002
206	7	2	45.00000000000002	45.29999999999999
206	8	2	45.86799999999999	85.59599999999999
206	9	2	45.00000000000003	124.99999999999997
206	10	2	44.708000000000006	164.88799999999992
206	11	2	84.944	5.036000000000003
206	12	2	84.99999999999997	45.00000000000002
206	13	2	85.36625514403288	85.38683127572016
206	14	2	85.36051502145926	125.70386266094418
206	15	2	85.23999999999994	165.04399999999987
206	16	2	125.58333333333334	6.666666666666667
206	17	2	124.89200000000001	45.011999999999986
206	18	2	125.10800000000002	85.01999999999997
206	19	2	124.99600000000004	125.09999999999997
206	20	2	125.64400000000002	164.62800000000001
206	21	2	165.33600000000004	5.108
206	22	2	164.99999999999994	45.00000000000002
206	23	2	164.99999999999994	84.99999999999997
206	24	2	164.86799999999997	125.09599999999999
206	25	2	164.3235294117647	164.5882352941177
206	26	1	56.41317365269461	17.594810379241522
206	27	1	85.8562874251498	108.8942115768463
206	28	1	65.35999999999999	67.20600000000005
206	29	1	84.73547094188372	64.1863727454911
206	30	1	181.02999999999994	139.29800000000006
206	31	1	125.5189620758483	139.53892215568865
206	32	1	24.361277445109796	112.95209580838322
206	33	1	119.86227544910179	174.58083832335336
206	34	1	180.73453093812375	154.2874251497007
206	35	1	144.69461077844312	158.16766467065872
206	36	1	144.05399999999983	196.58999999999992
206	37	1	132.09181636726544	185.5389221556887
206	38	1	55.38522954091816	188.31736526946108
206	39	1	163.28143712574848	181.63672654690626
206	40	1	18.06000000000001	15.291999999999998
206	41	1	110.78443113772468	154.55688622754494
206	42	1	37.74650698602792	184.12974051896214
206	43	1	22.312749003984063	92.26294820717133
206	44	1	66.92015968063868	169.11377245508996
206	45	1	43.21799999999999	102.204
207	1	2	4.927999999999999	4.604000000000001
207	2	2	4.9999999999999964	45
207	3	2	5.103999999999996	85.01200000000003
207	4	2	4.9999999999999964	125.00000000000003
207	5	2	4.9999999999999964	165.00000000000009
207	6	2	45.00000000000003	5.000000000000002
207	7	2	45.00000000000002	45.29999999999999
207	8	2	45.86799999999999	85.59599999999999
207	9	2	45.00000000000003	124.99999999999997
207	10	2	44.708000000000006	164.88799999999992
207	11	2	84.944	5.036000000000003
207	12	2	84.99999999999997	45.00000000000002
207	13	2	85.36625514403288	85.38683127572016
207	14	2	85.36051502145926	125.70386266094418
207	15	2	85.23999999999994	165.04399999999987
207	16	2	125.58333333333334	6.666666666666667
207	17	2	124.89200000000001	45.011999999999986
207	18	2	125.10800000000002	85.01999999999997
207	19	2	124.99600000000004	125.09999999999997
207	20	2	125.64400000000002	164.62800000000001
207	21	2	165.33600000000004	5.108
207	22	2	164.99999999999994	45.00000000000002
207	23	2	164.99999999999994	84.99999999999997
207	24	2	164.86799999999997	125.09599999999999
207	25	2	164.3235294117647	164.5882352941177
207	26	1	56.38123752495011	17.604790419161688
207	27	1	85.93213572854282	109.00199600798399
207	28	1	65.38722554890215	67.31936127744513
207	29	1	84.62199999999997	64.16200000000003
207	30	1	181.02999999999986	139.3440000000001
207	31	1	125.48303393213564	139.49301397205593
207	32	1	24.39600000000001	112.87800000000009
207	33	1	119.87999999999995	174.55600000000013
207	34	1	180.85628742514967	154.33532934131736
207	35	1	144.6773547094189	158.12625250501014
207	36	1	144.06175298804794	196.65139442231086
207	37	1	132.24849699398806	185.45891783567123
207	38	1	55.365269461077844	188.2814371257486
207	39	1	163.23000000000002	181.664
207	40	1	18.00798403193612	15.303393213572864
207	41	1	110.8139999999999	154.59199999999998
207	42	1	37.76846307385235	184.13972055888215
207	43	1	22.30938123752497	92.19960079840313
207	44	1	66.8460000000001	169.0020000000001
207	45	1	43.20641282565127	102.20240480961927
208	1	2	4.927999999999999	4.604000000000001
208	2	2	4.9999999999999964	45
208	3	2	5.103999999999996	85.01200000000003
208	4	2	4.9999999999999964	125.00000000000003
208	5	2	4.9999999999999964	165.00000000000009
208	6	2	45.00000000000003	5.000000000000002
208	7	2	45.00000000000002	45.29999999999999
208	8	2	45.86799999999999	85.59599999999999
208	9	2	45.00000000000003	124.99999999999997
208	10	2	44.708000000000006	164.88799999999992
208	11	2	84.944	5.036000000000003
208	12	2	84.99999999999997	45.00000000000002
208	13	2	85.36625514403288	85.38683127572016
208	14	2	85.36051502145926	125.70386266094418
208	15	2	85.23999999999994	165.04399999999987
208	16	2	125.58333333333334	6.666666666666667
208	17	2	124.89200000000001	45.011999999999986
208	18	2	125.10800000000002	85.01999999999997
208	19	2	124.99600000000004	125.09999999999997
208	20	2	125.64400000000002	164.62800000000001
208	21	2	165.33600000000004	5.108
208	22	2	164.99999999999994	45.00000000000002
208	23	2	164.99999999999994	84.99999999999997
208	24	2	164.86799999999997	125.09599999999999
208	25	2	164.3235294117647	164.5882352941177
208	26	1	56.39720558882236	17.528942115768476
208	27	1	85.91217564870252	109.03592814371258
208	28	1	65.41235059760956	67.28286852589639
208	29	1	84.54399999999997	64.05999999999999
208	30	1	181.052	139.4419999999999
208	31	1	125.42315369261462	139.443113772455
208	32	1	24.375999999999998	112.77000000000002
208	33	1	119.89399999999995	174.564
208	34	1	180.89820359281435	154.36926147704588
208	35	1	144.65599999999995	157.9399999999999
208	36	1	143.98403193612788	196.65269461077838
208	37	1	132.45000000000007	185.3220000000001
208	38	1	55.32071713147413	188.29482071713144
208	39	1	163.23000000000002	181.7440000000001
208	40	1	17.951999999999995	15.353999999999996
208	41	1	110.84000000000003	154.544
208	42	1	37.62674650698604	184.26946107784434
208	43	1	22.29800000000001	92.17199999999995
208	44	1	66.7764471057884	169.00998003992012
208	45	1	43.29681274900397	102.13346613545826
209	1	2	4.927999999999999	4.604000000000001
209	2	2	4.9999999999999964	45
209	3	2	5.103999999999996	85.01200000000003
209	4	2	4.9999999999999964	125.00000000000003
209	5	2	4.9999999999999964	165.00000000000009
209	6	2	45.00000000000003	5.000000000000002
209	7	2	45.00000000000002	45.29999999999999
209	8	2	45.86799999999999	85.59599999999999
209	9	2	45.00000000000003	124.99999999999997
209	10	2	44.708000000000006	164.88799999999992
209	11	2	84.944	5.036000000000003
209	12	2	84.99999999999997	45.00000000000002
209	13	2	85.36625514403288	85.38683127572016
209	14	2	85.36051502145926	125.70386266094418
209	15	2	85.23999999999994	165.04399999999987
209	16	2	125.58333333333334	6.666666666666667
209	17	2	124.89200000000001	45.011999999999986
209	18	2	125.10800000000002	85.01999999999997
209	19	2	124.99600000000004	125.09999999999997
209	20	2	125.64400000000002	164.62800000000001
209	21	2	165.33600000000004	5.108
209	22	2	164.99999999999994	45.00000000000002
209	23	2	164.99999999999994	84.99999999999997
209	24	2	164.86799999999997	125.09599999999999
209	25	2	164.3235294117647	164.5882352941177
209	26	1	56.36399999999999	17.51399999999999
209	27	1	85.90039840637449	109.10756972111554
209	28	1	65.47600000000003	67.25999999999992
209	29	1	84.57400000000007	64.086
209	30	1	180.98799999999983	139.49600000000012
209	31	1	125.36599999999991	139.454
209	32	1	24.5449101796407	112.64870259481033
209	33	1	119.904	174.64400000000003
209	34	1	181.0079840319361	154.35329341317367
209	35	1	144.59600000000006	157.78799999999987
209	36	1	144.03400000000008	196.64400000000003
209	37	1	132.77644710578838	185.22554890219558
209	38	1	55.36999999999999	188.2980000000001
209	39	1	163.31400000000014	181.81600000000012
209	40	1	17.88423153692614	15.395209580838324
209	41	1	110.88600000000005	154.54199999999992
209	42	1	37.6175298804781	184.38047808764944
209	43	1	22.340000000000007	92.02400000000006
209	44	1	66.77689243027885	169.06573705179284
209	45	1	43.382000000000005	102.05399999999993
210	1	2	4.927999999999999	4.604000000000001
210	2	2	4.9999999999999964	45
210	3	2	5.103999999999996	85.01200000000003
210	4	2	4.9999999999999964	125.00000000000003
210	5	2	4.9999999999999964	165.00000000000009
210	6	2	45.00000000000003	5.000000000000002
210	7	2	45.00000000000002	45.29999999999999
210	8	2	45.86799999999999	85.59599999999999
210	9	2	45.00000000000003	124.99999999999997
210	10	2	44.708000000000006	164.88799999999992
210	11	2	84.944	5.036000000000003
210	12	2	84.99999999999997	45.00000000000002
210	13	2	85.36625514403288	85.38683127572016
210	14	2	85.36051502145926	125.70386266094418
210	15	2	85.23999999999994	165.04399999999987
210	16	2	125.58333333333334	6.666666666666667
210	17	2	124.89200000000001	45.011999999999986
210	18	2	125.10800000000002	85.01999999999997
210	19	2	124.99600000000004	125.09999999999997
210	20	2	125.64400000000002	164.62800000000001
210	21	2	165.33600000000004	5.108
210	22	2	164.99999999999994	45.00000000000002
210	23	2	164.99999999999994	84.99999999999997
210	24	2	164.86799999999997	125.09599999999999
210	25	2	164.3235294117647	164.5882352941177
210	26	1	56.33532934131739	17.495009980039942
210	27	1	86.27544910179634	109.1337325349302
210	28	1	65.4590818363274	67.27145708582833
210	29	1	84.49999999999999	63.99599999999997
210	30	1	180.95999999999995	139.47199999999998
210	31	1	125.45891783567131	139.42484969939872
210	32	1	24.532934131736532	112.55888223552896
210	33	1	119.79400000000004	174.70399999999992
210	34	1	181.13	154.33599999999993
210	35	1	144.59199999999993	157.7680000000001
210	36	1	144.12175648702603	196.61676646706582
210	37	1	133.0479041916167	185.08582834331324
210	38	1	55.37724550898201	188.22155688622752
210	39	1	163.3333333333334	181.9121756487025
210	40	1	17.970000000000013	15.475999999999999
210	41	1	110.91616766467068	154.48502994011977
210	42	1	37.53093812375248	184.56886227544902
210	43	1	22.372000000000003	91.92000000000002
210	44	1	66.70318725099604	169.02589641434264
210	45	1	43.48605577689243	101.98406374501987
211	1	2	4.927999999999999	4.604000000000001
211	2	2	4.9999999999999964	45
211	3	2	5.103999999999996	85.01200000000003
211	4	2	4.9999999999999964	125.00000000000003
211	5	2	4.9999999999999964	165.00000000000009
211	6	2	45.00000000000003	5.000000000000002
211	7	2	45.00000000000002	45.29999999999999
211	8	2	45.86799999999999	85.59599999999999
211	9	2	45.00000000000003	124.99999999999997
211	10	2	44.708000000000006	164.88799999999992
211	11	2	84.944	5.036000000000003
211	12	2	84.99999999999997	45.00000000000002
211	13	2	85.36625514403288	85.38683127572016
211	14	2	85.36051502145926	125.70386266094418
211	15	2	85.23999999999994	165.04399999999987
211	16	2	125.58333333333334	6.666666666666667
211	17	2	124.89200000000001	45.011999999999986
211	18	2	125.10800000000002	85.01999999999997
211	19	2	124.99600000000004	125.09999999999997
211	20	2	125.64400000000002	164.62800000000001
211	21	2	165.33600000000004	5.108
211	22	2	164.99999999999994	45.00000000000002
211	23	2	164.99999999999994	84.99999999999997
211	24	2	164.86799999999997	125.09599999999999
211	25	2	164.3235294117647	164.5882352941177
211	26	1	56.33800000000001	17.426
211	27	1	86.386	109.08000000000003
211	28	1	65.38599999999997	67.21199999999995
211	29	1	84.47504990019964	64.02594810379237
211	30	1	180.95599999999988	139.46200000000027
211	31	1	125.48800000000001	139.396
211	32	1	24.520958083832358	112.4510978043912
211	33	1	119.68799999999999	174.81400000000002
211	34	1	181.142	154.318
211	35	1	144.52800000000008	157.688
211	36	1	144.1357285429143	196.6946107784432
211	37	1	133.33600000000007	184.97799999999998
211	38	1	55.53293413173656	188.10379241516975
211	39	1	163.21556886227557	181.92015968063865
211	40	1	17.912000000000006	15.508000000000008
211	41	1	110.94799999999992	154.462
211	42	1	37.622754491017986	184.66267465069862
211	43	1	22.39	91.88000000000001
211	44	1	66.61000000000001	168.77400000000003
211	45	1	43.51999999999997	101.97200000000004
212	1	2	4.927999999999999	4.604000000000001
212	2	2	4.9999999999999964	45
212	3	2	5.103999999999996	85.01200000000003
212	4	2	4.9999999999999964	125.00000000000003
212	5	2	4.9999999999999964	165.00000000000009
212	6	2	45.00000000000003	5.000000000000002
212	7	2	45.00000000000002	45.29999999999999
212	8	2	45.86799999999999	85.59599999999999
212	9	2	45.00000000000003	124.99999999999997
212	10	2	44.708000000000006	164.88799999999992
212	11	2	84.944	5.036000000000003
212	12	2	84.99999999999997	45.00000000000002
212	13	2	85.36625514403288	85.38683127572016
212	14	2	85.36051502145926	125.70386266094418
212	15	2	85.23999999999994	165.04399999999987
212	16	2	125.58333333333334	6.666666666666667
212	17	2	124.89200000000001	45.011999999999986
212	18	2	125.10800000000002	85.01999999999997
212	19	2	124.99600000000004	125.09999999999997
212	20	2	125.64400000000002	164.62800000000001
212	21	2	165.33600000000004	5.108
212	22	2	164.99999999999994	45.00000000000002
212	23	2	164.99999999999994	84.99999999999997
212	24	2	164.86799999999997	125.09599999999999
212	25	2	164.3235294117647	164.5882352941177
212	26	1	56.32599999999999	17.35599999999998
212	27	1	86.38722554890228	109.20958083832338
212	28	1	65.37924151696613	67.1996007984032
212	29	1	84.36127744510969	63.924151696606735
212	30	1	180.96599999999998	139.45799999999986
212	31	1	125.46799999999998	139.40400000000008
212	32	1	24.54200000000003	112.30799999999994
212	33	1	119.562	174.87800000000004
212	34	1	181.09780439121758	154.2495009980042
212	35	1	144.54491017964088	157.6247504990019
212	36	1	144.16566866267476	196.67864271457088
212	37	1	133.40239043824687	184.94223107569707
212	38	1	55.75	187.87400000000025
212	39	1	163.22355289421156	182.07584830339326
212	40	1	18.081836327345318	15.576846307385225
212	41	1	110.99000000000012	154.43
212	42	1	37.57256461232609	184.86083499005974
212	43	1	22.417165668662683	91.88822355289426
212	44	1	66.5908183632734	168.55289421157687
212	45	1	43.655999999999985	102.03999999999995
213	1	2	4.927999999999999	4.604000000000001
213	2	2	4.9999999999999964	45
213	3	2	5.103999999999996	85.01200000000003
213	4	2	4.9999999999999964	125.00000000000003
213	5	2	4.9999999999999964	165.00000000000009
213	6	2	45.00000000000003	5.000000000000002
213	7	2	45.00000000000002	45.29999999999999
213	8	2	45.86799999999999	85.59599999999999
213	9	2	45.00000000000003	124.99999999999997
213	10	2	44.708000000000006	164.88799999999992
213	11	2	84.944	5.036000000000003
213	12	2	84.99999999999997	45.00000000000002
213	13	2	85.36625514403288	85.38683127572016
213	14	2	85.36051502145926	125.70386266094418
213	15	2	85.23999999999994	165.04399999999987
213	16	2	125.58333333333334	6.666666666666667
213	17	2	124.89200000000001	45.011999999999986
213	18	2	125.10800000000002	85.01999999999997
213	19	2	124.99600000000004	125.09999999999997
213	20	2	125.64400000000002	164.62800000000001
213	21	2	165.33600000000004	5.108
213	22	2	164.99999999999994	45.00000000000002
213	23	2	164.99999999999994	84.99999999999997
213	24	2	164.86799999999997	125.09599999999999
213	25	2	164.3235294117647	164.5882352941177
213	26	1	56.28000000000002	17.329999999999984
213	27	1	86.39920159680639	109.25149700598809
213	28	1	65.36000000000001	67.14600000000006
213	29	1	84.35599999999991	63.98000000000002
213	30	1	180.91999999999996	139.50999999999993
213	31	1	125.36799999999998	139.41000000000003
213	32	1	24.546906187624753	112.24750499001993
213	33	1	119.48599999999999	174.9879999999999
213	34	1	181.0978043912176	154.30339321357312
213	35	1	144.52999999999986	157.65799999999993
213	36	1	144.118	196.6799999999999
213	37	1	133.56799999999987	184.8600000000001
213	38	1	55.87200000000004	187.792
213	39	1	163.23552894211565	182.2155688622754
213	40	1	18.016	15.596000000000002
213	41	1	111.0399201596806	154.4810379241517
213	42	1	37.55089820359281	184.9720558882236
213	43	1	22.371257485029957	91.86427145708582
213	44	1	66.6127744510978	168.50698602794398
213	45	1	43.74400000000003	101.95199999999997
214	1	2	4.927999999999999	4.604000000000001
214	2	2	4.9999999999999964	45
214	3	2	5.103999999999996	85.01200000000003
214	4	2	4.9999999999999964	125.00000000000003
214	5	2	4.9999999999999964	165.00000000000009
214	6	2	45.00000000000003	5.000000000000002
214	7	2	45.00000000000002	45.29999999999999
214	8	2	45.86799999999999	85.59599999999999
214	9	2	45.00000000000003	124.99999999999997
214	10	2	44.708000000000006	164.88799999999992
214	11	2	84.944	5.036000000000003
214	12	2	84.99999999999997	45.00000000000002
214	13	2	85.36625514403288	85.38683127572016
214	14	2	85.36051502145926	125.70386266094418
214	15	2	85.23999999999994	165.04399999999987
214	16	2	125.58333333333334	6.666666666666667
214	17	2	124.89200000000001	45.011999999999986
214	18	2	125.10800000000002	85.01999999999997
214	19	2	124.99600000000004	125.09999999999997
214	20	2	125.64400000000002	164.62800000000001
214	21	2	165.33600000000004	5.108
214	22	2	164.99999999999994	45.00000000000002
214	23	2	164.99999999999994	84.99999999999997
214	24	2	164.86799999999997	125.09599999999999
214	25	2	164.3235294117647	164.5882352941177
214	26	1	56.30199999999999	17.25
214	27	1	86.44600000000005	109.22200000000007
214	28	1	65.38522954091812	67.22355289421158
214	29	1	84.30799999999998	63.95800000000003
214	30	1	181.0059999999998	139.55999999999997
214	31	1	125.42514970059888	139.49301397205588
214	32	1	24.615999999999993	112.20000000000003
214	33	1	119.34000000000009	175.04599999999985
214	34	1	181.04990019960078	154.24550898203586
214	35	1	144.54491017964065	157.61277445109772
214	36	1	144.29482071713133	196.67131474103584
214	37	1	133.65599999999978	184.82799999999983
214	38	1	55.91816367265469	187.78443113772437
214	39	1	163.20119521912366	182.32868525896419
214	40	1	18.201999999999988	15.574000000000009
214	41	1	111.0558882235528	154.47904191616766
214	42	1	37.56772908366536	185.19920318725093
214	43	1	22.225548902195598	91.812375249501
214	44	1	66.50599999999996	168.4359999999999
214	45	1	43.60199999999999	101.85999999999999
215	1	2	4.927999999999999	4.604000000000001
215	2	2	4.9999999999999964	45
215	3	2	5.103999999999996	85.01200000000003
215	4	2	4.9999999999999964	125.00000000000003
215	5	2	4.9999999999999964	165.00000000000009
215	6	2	45.00000000000003	5.000000000000002
215	7	2	45.00000000000002	45.29999999999999
215	8	2	45.86799999999999	85.59599999999999
215	9	2	45.00000000000003	124.99999999999997
215	10	2	44.708000000000006	164.88799999999992
215	11	2	84.944	5.036000000000003
215	12	2	84.99999999999997	45.00000000000002
215	13	2	85.36625514403288	85.38683127572016
215	14	2	85.36051502145926	125.70386266094418
215	15	2	85.23999999999994	165.04399999999987
215	16	2	125.58333333333334	6.666666666666667
215	17	2	124.89200000000001	45.011999999999986
215	18	2	125.10800000000002	85.01999999999997
215	19	2	124.99600000000004	125.09999999999997
215	20	2	125.64400000000002	164.62800000000001
215	21	2	165.33600000000004	5.108
215	22	2	164.99999999999994	45.00000000000002
215	23	2	164.99999999999994	84.99999999999997
215	24	2	164.86799999999997	125.09599999999999
215	25	2	164.3235294117647	164.5882352941177
215	26	1	56.29	17.13599999999999
215	27	1	86.84262948207177	109.22509960159363
215	28	1	65.3992015968064	67.33333333333327
215	29	1	84.3286573146292	63.93386773547089
215	30	1	181.01400000000007	139.62000000000003
215	31	1	125.44710578842316	139.53892215568885
215	32	1	24.49700598802393	112.11776447105792
215	33	1	119.36873747494994	175.12424849699389
215	34	1	181.04000000000002	154.26399999999992
215	35	1	144.6100000000002	157.55000000000004
215	36	1	144.311377245509	196.67465069860265
215	37	1	133.69199999999995	184.81599999999978
215	38	1	56.086000000000006	187.64800000000002
215	39	1	163.11576846307375	182.3313373253493
215	40	1	18.223552894211565	15.53692614770459
215	41	1	111.14399999999988	154.51399999999995
215	42	1	37.56087824351296	185.28343313373236
215	43	1	22.278000000000006	91.71800000000009
215	44	1	66.47105788423148	168.38522954091826
215	45	1	43.64399999999998	101.80399999999995
216	1	2	4.927999999999999	4.604000000000001
216	2	2	4.9999999999999964	45
216	3	2	5.103999999999996	85.01200000000003
216	4	2	4.9999999999999964	125.00000000000003
216	5	2	4.9999999999999964	165.00000000000009
216	6	2	45.00000000000003	5.000000000000002
216	7	2	45.00000000000002	45.29999999999999
216	8	2	45.86799999999999	85.59599999999999
216	9	2	45.00000000000003	124.99999999999997
216	10	2	44.708000000000006	164.88799999999992
216	11	2	84.944	5.036000000000003
216	12	2	84.99999999999997	45.00000000000002
216	13	2	85.36625514403288	85.38683127572016
216	14	2	85.36051502145926	125.70386266094418
216	15	2	85.23999999999994	165.04399999999987
216	16	2	125.58333333333334	6.666666666666667
216	17	2	124.89200000000001	45.011999999999986
216	18	2	125.10800000000002	85.01999999999997
216	19	2	124.99600000000004	125.09999999999997
216	20	2	125.64400000000002	164.62800000000001
216	21	2	165.33600000000004	5.108
216	22	2	164.99999999999994	45.00000000000002
216	23	2	164.99999999999994	84.99999999999997
216	24	2	164.86799999999997	125.09599999999999
216	25	2	164.3235294117647	164.5882352941177
216	26	1	56.258	17.106000000000016
216	27	1	86.96007984031945	109.27744510978042
216	28	1	65.43912175648705	67.36327345309384
216	29	1	84.3386773547095	63.93386773547089
216	30	1	181.04790419161674	139.69261477045904
216	31	1	125.46906187624757	139.5788423153692
216	32	1	24.57370517928286	112.07768924302792
216	33	1	119.35799999999992	175.1599999999999
216	34	1	180.96606786427145	154.187624750499
216	35	1	144.62399999999997	157.45999999999992
216	36	1	144.2235528942115	196.78842315369266
216	37	1	133.8283433133733	184.73652694610774
216	38	1	56.26746506986031	187.61676646706587
216	39	1	163.04	182.43599999999995
216	40	1	18.15968063872256	15.594810379241517
216	41	1	111.22199999999994	154.41800000000006
216	42	1	37.58882235528942	185.3373253493013
216	43	1	22.295999999999985	91.63799999999998
216	44	1	66.34869739478958	168.2284569138276
216	45	1	43.70399999999997	101.78199999999998
217	1	2	4.927999999999999	4.604000000000001
217	2	2	4.9999999999999964	45
217	3	2	5.103999999999996	85.01200000000003
217	4	2	4.9999999999999964	125.00000000000003
217	5	2	4.9999999999999964	165.00000000000009
217	6	2	45.00000000000003	5.000000000000002
217	7	2	45.00000000000002	45.29999999999999
217	8	2	45.86799999999999	85.59599999999999
217	9	2	45.00000000000003	124.99999999999997
217	10	2	44.708000000000006	164.88799999999992
217	11	2	84.944	5.036000000000003
217	12	2	84.99999999999997	45.00000000000002
217	13	2	85.36625514403288	85.38683127572016
217	14	2	85.36051502145926	125.70386266094418
217	15	2	85.23999999999994	165.04399999999987
217	16	2	125.58333333333334	6.666666666666667
217	17	2	124.89200000000001	45.011999999999986
217	18	2	125.10800000000002	85.01999999999997
217	19	2	124.99600000000004	125.09999999999997
217	20	2	125.64400000000002	164.62800000000001
217	21	2	165.33600000000004	5.108
217	22	2	164.99999999999994	45.00000000000002
217	23	2	164.99999999999994	84.99999999999997
217	24	2	164.86799999999997	125.09599999999999
217	25	2	164.3235294117647	164.5882352941177
217	26	1	56.28999999999999	17.056000000000015
217	27	1	87.05010020040086	109.34068136272546
217	28	1	65.55600000000004	67.378
217	29	1	84.36800000000004	63.84800000000005
217	30	1	181.10578842315368	139.82035928143716
217	31	1	125.33732534930134	139.5449101796408
217	32	1	24.594810379241522	111.96407185628733
217	33	1	119.33600000000003	175.24999999999972
217	34	1	180.7824351297405	154.08383233532936
217	35	1	144.59561752988026	157.27290836653387
217	36	1	144.1736526946108	196.94610778443126
217	37	1	134.072	184.63999999999996
217	38	1	56.282565130260515	187.67134268537083
217	39	1	162.9780439121758	182.49900199600796
217	40	1	18.165668662674644	15.646706586826333
217	41	1	111.36399999999993	154.39999999999978
217	42	1	37.546906187624764	185.47904191616763
217	43	1	22.25200000000001	91.57399999999997
217	44	1	66.22754491017962	168.21157684630737
217	45	1	43.744510978043905	101.71257485029942
218	1	2	4.927999999999999	4.604000000000001
218	2	2	4.9999999999999964	45
218	3	2	5.103999999999996	85.01200000000003
218	4	2	4.9999999999999964	125.00000000000003
218	5	2	4.9999999999999964	165.00000000000009
218	6	2	45.00000000000003	5.000000000000002
218	7	2	45.00000000000002	45.29999999999999
218	8	2	45.86799999999999	85.59599999999999
218	9	2	45.00000000000003	124.99999999999997
218	10	2	44.708000000000006	164.88799999999992
218	11	2	84.944	5.036000000000003
218	12	2	84.99999999999997	45.00000000000002
218	13	2	85.36625514403288	85.38683127572016
218	14	2	85.36051502145926	125.70386266094418
218	15	2	85.23999999999994	165.04399999999987
218	16	2	125.58333333333334	6.666666666666667
218	17	2	124.89200000000001	45.011999999999986
218	18	2	125.10800000000002	85.01999999999997
218	19	2	124.99600000000004	125.09999999999997
218	20	2	125.64400000000002	164.62800000000001
218	21	2	165.33600000000004	5.108
218	22	2	164.99999999999994	45.00000000000002
218	23	2	164.99999999999994	84.99999999999997
218	24	2	164.86799999999997	125.09599999999999
218	25	2	164.3235294117647	164.5882352941177
218	26	1	56.27799999999994	16.99200000000001
218	27	1	87.2075848303393	109.39520958083824
218	28	1	65.56200000000004	67.26799999999997
218	29	1	84.25851703406812	63.92585170340688
218	30	1	181.172	139.8319999999999
218	31	1	125.30339321357285	139.56487025948104
218	32	1	24.559999999999974	111.91800000000003
218	33	1	119.31936127744515	175.3293413173652
218	34	1	180.768	154.06599999999995
218	35	1	144.58000000000015	157.3239999999999
218	36	1	144.1000000000001	197.05999999999995
218	37	1	134.12400000000008	184.61800000000008
218	38	1	56.32135728542915	187.58483033932131
218	39	1	162.94211576846317	182.64870259481023
218	40	1	18.141716566866283	15.688622754491027
218	41	1	111.37399999999997	154.45599999999996
218	42	1	37.44311377245509	185.63672654690632
218	43	1	22.40119760479041	91.41117764471059
218	44	1	66.23153692614771	168.10179640718545
218	45	1	43.76599999999996	101.642
219	1	2	4.927999999999999	4.604000000000001
219	2	2	4.9999999999999964	45
219	3	2	5.103999999999996	85.01200000000003
219	4	2	4.9999999999999964	125.00000000000003
219	5	2	4.9999999999999964	165.00000000000009
219	6	2	45.00000000000003	5.000000000000002
219	7	2	45.00000000000002	45.29999999999999
219	8	2	45.86799999999999	85.59599999999999
219	9	2	45.00000000000003	124.99999999999997
219	10	2	44.708000000000006	164.88799999999992
219	11	2	84.944	5.036000000000003
219	12	2	84.99999999999997	45.00000000000002
219	13	2	85.36625514403288	85.38683127572016
219	14	2	85.36051502145926	125.70386266094418
219	15	2	85.23999999999994	165.04399999999987
219	16	2	125.58333333333334	6.666666666666667
219	17	2	124.89200000000001	45.011999999999986
219	18	2	125.10800000000002	85.01999999999997
219	19	2	124.99600000000004	125.09999999999997
219	20	2	125.64400000000002	164.62800000000001
219	21	2	165.33600000000004	5.108
219	22	2	164.99999999999994	45.00000000000002
219	23	2	164.99999999999994	84.99999999999997
219	24	2	164.86799999999997	125.09599999999999
219	25	2	164.3235294117647	164.5882352941177
219	26	1	56.239999999999995	16.956000000000003
219	27	1	87.23353293413174	109.45708582834332
219	28	1	65.58882235528942	67.33932135728546
219	29	1	84.24750499001993	63.88023952095811
219	30	1	181.18199999999993	139.84600000000006
219	31	1	125.182	139.50600000000014
219	32	1	24.60400000000001	111.8140000000001
219	33	1	119.2529880478088	175.38047808764918
219	34	1	180.76000000000002	154.076
219	35	1	144.55800000000002	157.134
219	36	1	144.0838323353294	197.07784431137728
219	37	1	134.24399999999994	184.50399999999993
219	38	1	56.34530938123754	187.564870259481
219	39	1	162.9039999999999	182.75400000000016
219	40	1	18.081836327345304	15.774451097804395
219	41	1	111.49098196392791	154.49899799599177
219	42	1	37.44111776447108	185.80039920159666
219	43	1	22.267465069860293	91.44510978043917
219	44	1	66.17330677290829	167.9621513944224
219	45	1	43.858283433133764	101.67864271457087
220	1	2	4.927999999999999	4.604000000000001
220	2	2	4.9999999999999964	45
220	3	2	5.103999999999996	85.01200000000003
220	4	2	4.9999999999999964	125.00000000000003
220	5	2	4.9999999999999964	165.00000000000009
220	6	2	45.00000000000003	5.000000000000002
220	7	2	45.00000000000002	45.29999999999999
220	8	2	45.86799999999999	85.59599999999999
220	9	2	45.00000000000003	124.99999999999997
220	10	2	44.708000000000006	164.88799999999992
220	11	2	84.944	5.036000000000003
220	12	2	84.99999999999997	45.00000000000002
220	13	2	85.36625514403288	85.38683127572016
220	14	2	85.36051502145926	125.70386266094418
220	15	2	85.23999999999994	165.04399999999987
220	16	2	125.58333333333334	6.666666666666667
220	17	2	124.89200000000001	45.011999999999986
220	18	2	125.10800000000002	85.01999999999997
220	19	2	124.99600000000004	125.09999999999997
220	20	2	125.64400000000002	164.62800000000001
220	21	2	165.33600000000004	5.108
220	22	2	164.99999999999994	45.00000000000002
220	23	2	164.99999999999994	84.99999999999997
220	24	2	164.86799999999997	125.09599999999999
220	25	2	164.3235294117647	164.5882352941177
220	26	1	56.254000000000026	16.935999999999993
220	27	1	87.34063745019918	109.55577689243026
220	28	1	65.68063872255487	67.29141716566856
220	29	1	84.21157684630741	63.890219560878236
220	30	1	181.14970059880244	139.84830339321363
220	31	1	125.20359281437118	139.5608782435129
220	32	1	24.552000000000014	111.69799999999998
220	33	1	119.2015968063873	175.46307385229534
220	34	1	180.75400000000002	154.0859999999998
220	35	1	144.54999999999995	157.04200000000006
220	36	1	144.10199999999992	197.03800000000004
220	37	1	134.38799999999983	184.424
220	38	1	56.3393213572854	187.53892215568868
220	39	1	162.8782435129742	182.74451097804402
220	40	1	17.940119760479035	15.85828343313374
220	41	1	111.38722554890217	154.6027944111776
220	42	1	37.43199999999998	185.84199999999993
220	43	1	22.157684630738547	91.4910179640719
220	44	1	66.16	167.9720000000001
220	45	1	43.90818363273456	101.65868263473054
221	1	2	4.927999999999999	4.604000000000001
221	2	2	4.9999999999999964	45
221	3	2	5.103999999999996	85.01200000000003
221	4	2	4.9999999999999964	125.00000000000003
221	5	2	4.9999999999999964	165.00000000000009
221	6	2	45.00000000000003	5.000000000000002
221	7	2	45.00000000000002	45.29999999999999
221	8	2	45.86799999999999	85.59599999999999
221	9	2	45.00000000000003	124.99999999999997
221	10	2	44.708000000000006	164.88799999999992
221	11	2	84.944	5.036000000000003
221	12	2	84.99999999999997	45.00000000000002
221	13	2	85.36625514403288	85.38683127572016
221	14	2	85.36051502145926	125.70386266094418
221	15	2	85.23999999999994	165.04399999999987
221	16	2	125.58333333333334	6.666666666666667
221	17	2	124.89200000000001	45.011999999999986
221	18	2	125.10800000000002	85.01999999999997
221	19	2	124.99600000000004	125.09999999999997
221	20	2	125.64400000000002	164.62800000000001
221	21	2	165.33600000000004	5.108
221	22	2	164.99999999999994	45.00000000000002
221	23	2	164.99999999999994	84.99999999999997
221	24	2	164.86799999999997	125.09599999999999
221	25	2	164.3235294117647	164.5882352941177
221	26	1	56.3373253493014	16.77445109780439
221	27	1	87.55089820359285	109.63872255489017
221	28	1	65.77600000000001	67.37400000000012
221	29	1	84.21442885771546	63.889779559118345
221	30	1	181.16367265469074	139.9341317365269
221	31	1	125.16600000000005	139.59599999999983
221	32	1	24.459081836327336	111.66467065868264
221	33	1	119.06599999999997	175.53199999999993
221	34	1	180.62674650698602	154.05389221556888
221	35	1	144.47599999999997	156.94000000000003
221	36	1	143.96806387225564	197.0558882235529
221	37	1	134.59760956175302	184.25896414342628
221	38	1	56.44400000000004	187.4839999999999
221	39	1	162.89021956087808	182.96606786427157
221	40	1	17.90419161676646	15.938123752495011
221	41	1	111.40119760479034	154.67864271457094
221	42	1	37.51097804391218	185.86826347305393
221	43	1	22.13800000000001	91.372
221	44	1	66.15338645418326	167.86055776892445
221	45	1	43.868263473053915	101.65069860279438
222	1	2	4.927999999999999	4.604000000000001
222	2	2	4.9999999999999964	45
222	3	2	5.103999999999996	85.01200000000003
222	4	2	4.9999999999999964	125.00000000000003
222	5	2	4.9999999999999964	165.00000000000009
222	6	2	45.00000000000003	5.000000000000002
222	7	2	45.00000000000002	45.29999999999999
222	8	2	45.86799999999999	85.59599999999999
222	9	2	45.00000000000003	124.99999999999997
222	10	2	44.708000000000006	164.88799999999992
222	11	2	84.944	5.036000000000003
222	12	2	84.99999999999997	45.00000000000002
222	13	2	85.36625514403288	85.38683127572016
222	14	2	85.36051502145926	125.70386266094418
222	15	2	85.23999999999994	165.04399999999987
222	16	2	125.58333333333334	6.666666666666667
222	17	2	124.89200000000001	45.011999999999986
222	18	2	125.10800000000002	85.01999999999997
222	19	2	124.99600000000004	125.09999999999997
222	20	2	125.64400000000002	164.62800000000001
222	21	2	165.33600000000004	5.108
222	22	2	164.99999999999994	45.00000000000002
222	23	2	164.99999999999994	84.99999999999997
222	24	2	164.86799999999997	125.09599999999999
222	25	2	164.3235294117647	164.5882352941177
222	26	1	56.44400000000001	16.581999999999983
222	27	1	87.6327345309382	109.71257485029949
222	28	1	65.69061876247505	67.46906187624748
222	29	1	84.14199999999997	63.88400000000005
222	30	1	181.15600000000012	139.99599999999984
222	31	1	125.18600000000002	139.69200000000006
222	32	1	24.450000000000024	111.64199999999995
222	33	1	119.07784431137726	175.58083832335322
222	34	1	180.58	154.086
222	35	1	144.49203187250998	156.88446215139433
222	36	1	143.96599999999998	197.0179999999999
222	37	1	134.85029940119756	184.1736526946108
222	38	1	56.348000000000006	187.33800000000002
222	39	1	162.99199999999996	183.03199999999998
222	40	1	17.842315369261485	16.03592814371258
222	41	1	111.39278557114228	154.7154308617232
222	42	1	37.54200000000003	185.8239999999999
222	43	1	22.069860279441116	91.39321357285432
222	44	1	66.23999999999995	167.7559999999999
222	45	1	43.90019960079841	101.60079840319366
223	1	2	4.927999999999999	4.604000000000001
223	2	2	4.9999999999999964	45
223	3	2	5.103999999999996	85.01200000000003
223	4	2	4.9999999999999964	125.00000000000003
223	5	2	4.9999999999999964	165.00000000000009
223	6	2	45.00000000000003	5.000000000000002
223	7	2	45.00000000000002	45.29999999999999
223	8	2	45.86799999999999	85.59599999999999
223	9	2	45.00000000000003	124.99999999999997
223	10	2	44.708000000000006	164.88799999999992
223	11	2	84.944	5.036000000000003
223	12	2	84.99999999999997	45.00000000000002
223	13	2	85.36625514403288	85.38683127572016
223	14	2	85.36051502145926	125.70386266094418
223	15	2	85.23999999999994	165.04399999999987
223	16	2	125.58333333333334	6.666666666666667
223	17	2	124.89200000000001	45.011999999999986
223	18	2	125.10800000000002	85.01999999999997
223	19	2	124.99600000000004	125.09999999999997
223	20	2	125.64400000000002	164.62800000000001
223	21	2	165.33600000000004	5.108
223	22	2	164.99999999999994	45.00000000000002
223	23	2	164.99999999999994	84.99999999999997
223	24	2	164.86799999999997	125.09599999999999
223	25	2	164.3235294117647	164.5882352941177
223	26	1	56.530000000000015	16.40400000000001
223	27	1	87.75848303393212	109.64870259481052
223	28	1	65.61000000000001	67.39400000000016
223	29	1	84.1357285429142	63.87025948103792
223	30	1	181.13400000000016	140.072
223	31	1	125.21556886227548	139.75449101796397
223	32	1	24.471999999999984	111.58600000000001
223	33	1	119.16966067864279	175.68263473053884
223	34	1	180.46200000000002	154.03400000000002
223	35	1	144.57884231536931	156.92015968063873
223	36	1	143.87999999999988	197.12600000000003
223	37	1	135.0260521042084	184.13226452905818
223	38	1	56.39800000000008	187.36200000000002
223	39	1	163.00000000000003	183.08999999999995
223	40	1	17.610000000000014	16.181999999999995
223	41	1	111.50996015936254	154.68326693227093
223	42	1	37.45800000000003	185.93599999999998
223	43	1	22.043912175648675	91.38522954091815
223	44	1	66.1294820717131	167.6673306772909
223	45	1	43.96806387225546	101.52295409181635
224	1	2	4.927999999999999	4.604000000000001
224	2	2	4.9999999999999964	45
224	3	2	5.103999999999996	85.01200000000003
224	4	2	4.9999999999999964	125.00000000000003
224	5	2	4.9999999999999964	165.00000000000009
224	6	2	45.00000000000003	5.000000000000002
224	7	2	45.00000000000002	45.29999999999999
224	8	2	45.86799999999999	85.59599999999999
224	9	2	45.00000000000003	124.99999999999997
224	10	2	44.708000000000006	164.88799999999992
224	11	2	84.944	5.036000000000003
224	12	2	84.99999999999997	45.00000000000002
224	13	2	85.36625514403288	85.38683127572016
224	14	2	85.36051502145926	125.70386266094418
224	15	2	85.23999999999994	165.04399999999987
224	16	2	125.58333333333334	6.666666666666667
224	17	2	124.89200000000001	45.011999999999986
224	18	2	125.10800000000002	85.01999999999997
224	19	2	124.99600000000004	125.09999999999997
224	20	2	125.64400000000002	164.62800000000001
224	21	2	165.33600000000004	5.108
224	22	2	164.99999999999994	45.00000000000002
224	23	2	164.99999999999994	84.99999999999997
224	24	2	164.86799999999997	125.09599999999999
224	25	2	164.3235294117647	164.5882352941177
224	26	1	56.51599999999996	16.266
224	27	1	87.94411177644699	109.5748502994012
224	28	1	65.57285429141722	67.44311377245509
224	29	1	84.03800000000003	63.85400000000001
224	30	1	181.11222444889793	140.08617234468915
224	31	1	125.13572854291428	139.79241516966079
224	32	1	24.564000000000014	111.56599999999996
224	33	1	119.17199999999995	175.74200000000008
224	34	1	180.38323353293413	153.95808383233532
224	35	1	144.57684630738513	156.8483033932135
224	36	1	143.95608782435124	197.00598802395217
224	37	1	135.2335329341317	184.00399201596812
224	38	1	56.38446215139441	187.23505976095606
224	39	1	163.2375249500999	183.21756487025948
224	40	1	17.532	16.183999999999983
224	41	1	111.50499001996005	154.7445109780437
224	42	1	37.38922155688621	185.97005988023972
224	43	1	22.024000000000008	91.37400000000001
224	44	1	66.17165668662668	167.62475049900198
224	45	1	44.04199999999997	101.358
225	1	2	4.927999999999999	4.604000000000001
225	2	2	4.9999999999999964	45
225	3	2	5.103999999999996	85.01200000000003
225	4	2	4.9999999999999964	125.00000000000003
225	5	2	4.9999999999999964	165.00000000000009
225	6	2	45.00000000000003	5.000000000000002
225	7	2	45.00000000000002	45.29999999999999
225	8	2	45.86799999999999	85.59599999999999
225	9	2	45.00000000000003	124.99999999999997
225	10	2	44.708000000000006	164.88799999999992
225	11	2	84.944	5.036000000000003
225	12	2	84.99999999999997	45.00000000000002
225	13	2	85.36625514403288	85.38683127572016
225	14	2	85.36051502145926	125.70386266094418
225	15	2	85.23999999999994	165.04399999999987
225	16	2	125.58333333333334	6.666666666666667
225	17	2	124.89200000000001	45.011999999999986
225	18	2	125.10800000000002	85.01999999999997
225	19	2	124.99600000000004	125.09999999999997
225	20	2	125.64400000000002	164.62800000000001
225	21	2	165.33600000000004	5.108
225	22	2	164.99999999999994	45.00000000000002
225	23	2	164.99999999999994	84.99999999999997
225	24	2	164.86799999999997	125.09599999999999
225	25	2	164.3235294117647	164.5882352941177
225	26	1	56.48296593186374	16.226452905811627
225	27	1	87.97405189620758	109.55289421157684
225	28	1	65.54200000000004	67.55200000000002
225	29	1	84.03599999999999	63.89599999999999
225	30	1	181.11576846307378	140.13373253493006
225	31	1	125.19920318725104	139.9382470119523
225	32	1	24.66666666666668	111.4750499001996
225	33	1	119.19960079840313	175.804391217565
225	34	1	180.25799999999998	153.96999999999994
225	35	1	144.76200000000023	156.97200000000012
225	36	1	143.89620758483048	196.94411177644713
225	37	1	135.43912175648708	183.88423153692605
225	38	1	56.35728542914168	187.28542914171663
225	39	1	163.38999999999996	183.55799999999996
225	40	1	17.445999999999998	16.248
225	41	1	111.57200000000005	154.80599999999984
225	42	1	37.40718562874253	185.98003992015964
225	43	1	22.027944111776446	91.25748502994017
225	44	1	66.10179640718547	167.5508982035929
225	45	1	44.183266932270904	101.28685258964144
226	1	2	4.927999999999999	4.604000000000001
226	2	2	4.9999999999999964	45
226	3	2	5.103999999999996	85.01200000000003
226	4	2	4.9999999999999964	125.00000000000003
226	5	2	4.9999999999999964	165.00000000000009
226	6	2	45.00000000000003	5.000000000000002
226	7	2	45.00000000000002	45.29999999999999
226	8	2	45.86799999999999	85.59599999999999
226	9	2	45.00000000000003	124.99999999999997
226	10	2	44.708000000000006	164.88799999999992
226	11	2	84.944	5.036000000000003
226	12	2	84.99999999999997	45.00000000000002
226	13	2	85.36625514403288	85.38683127572016
226	14	2	85.36051502145926	125.70386266094418
226	15	2	85.23999999999994	165.04399999999987
226	16	2	125.58333333333334	6.666666666666667
226	17	2	124.89200000000001	45.011999999999986
226	18	2	125.10800000000002	85.01999999999997
226	19	2	124.99600000000004	125.09999999999997
226	20	2	125.64400000000002	164.62800000000001
226	21	2	165.33600000000004	5.108
226	22	2	164.99999999999994	45.00000000000002
226	23	2	164.99999999999994	84.99999999999997
226	24	2	164.86799999999997	125.09599999999999
226	25	2	164.3235294117647	164.5882352941177
226	26	1	56.49500998003996	16.071856287425167
226	27	1	88.11377245508986	109.54890219560878
226	28	1	65.59399999999998	67.65599999999995
226	29	1	84.00799999999998	63.91199999999999
226	30	1	181.08982035928153	140.18962075848302
226	31	1	125.25599999999991	140.01800000000003
226	32	1	24.850299401197606	111.34930139720555
226	33	1	119.17000000000002	175.83000000000015
226	34	1	180.24151696606785	153.96407185628726
226	35	1	144.8023952095809	157.0259481037926
226	36	1	143.78243512974066	196.90818363273453
226	37	1	135.5380000000001	183.8060000000001
226	38	1	56.35999999999998	187.16800000000012
226	39	1	163.45400000000004	183.68200000000016
226	40	1	17.40039840637448	16.288844621513952
226	41	1	111.614	154.81400000000014
226	42	1	37.434000000000026	186.00200000000012
226	43	1	22.142	91.134
226	44	1	66.16800000000002	167.45600000000002
226	45	1	44.37524950099796	101.18962075848304
227	1	2	4.927999999999999	4.604000000000001
227	2	2	4.9999999999999964	45
227	3	2	5.103999999999996	85.01200000000003
227	4	2	4.9999999999999964	125.00000000000003
227	5	2	4.9999999999999964	165.00000000000009
227	6	2	45.00000000000003	5.000000000000002
227	7	2	45.00000000000002	45.29999999999999
227	8	2	45.86799999999999	85.59599999999999
227	9	2	45.00000000000003	124.99999999999997
227	10	2	44.708000000000006	164.88799999999992
227	11	2	84.944	5.036000000000003
227	12	2	84.99999999999997	45.00000000000002
227	13	2	85.36625514403288	85.38683127572016
227	14	2	85.36051502145926	125.70386266094418
227	15	2	85.23999999999994	165.04399999999987
227	16	2	125.58333333333334	6.666666666666667
227	17	2	124.89200000000001	45.011999999999986
227	18	2	125.10800000000002	85.01999999999997
227	19	2	124.99600000000004	125.09999999999997
227	20	2	125.64400000000002	164.62800000000001
227	21	2	165.33600000000004	5.108
227	22	2	164.99999999999994	45.00000000000002
227	23	2	164.99999999999994	84.99999999999997
227	24	2	164.86799999999997	125.09599999999999
227	25	2	164.3235294117647	164.5882352941177
227	26	1	56.544000000000025	15.948000000000002
227	27	1	88.12800000000001	109.55000000000004
227	28	1	65.71057884231537	67.75648702594808
227	29	1	83.95591182364728	63.92585170340679
227	30	1	181.0540000000001	140.27200000000008
227	31	1	125.23799999999991	140.05800000000002
227	32	1	24.810379241516944	111.30339321357283
227	33	1	119.10600000000001	175.87200000000004
227	34	1	180.19600000000003	153.9380000000001
227	35	1	144.86400000000006	157.174
227	36	1	143.83200000000002	196.97200000000007
227	37	1	135.57884231536917	183.80838323353285
227	38	1	56.400398406374514	187.12350597609557
227	39	1	163.50698602794415	183.70059880239538
227	40	1	17.351999999999986	16.31599999999999
227	41	1	111.73600000000006	154.8120000000001
227	42	1	37.39799999999999	186.07400000000007
227	43	1	22.047999999999995	91.108
227	44	1	66.19000000000001	167.414
227	45	1	44.412350597609546	101.17529880478091
228	1	2	4.927999999999999	4.604000000000001
228	2	2	4.9999999999999964	45
228	3	2	5.103999999999996	85.01200000000003
228	4	2	4.9999999999999964	125.00000000000003
228	5	2	4.9999999999999964	165.00000000000009
228	6	2	45.00000000000003	5.000000000000002
228	7	2	45.00000000000002	45.29999999999999
228	8	2	45.86799999999999	85.59599999999999
228	9	2	45.00000000000003	124.99999999999997
228	10	2	44.708000000000006	164.88799999999992
228	11	2	84.944	5.036000000000003
228	12	2	84.99999999999997	45.00000000000002
228	13	2	85.36625514403288	85.38683127572016
228	14	2	85.36051502145926	125.70386266094418
228	15	2	85.23999999999994	165.04399999999987
228	16	2	125.58333333333334	6.666666666666667
228	17	2	124.89200000000001	45.011999999999986
228	18	2	125.10800000000002	85.01999999999997
228	19	2	124.99600000000004	125.09999999999997
228	20	2	125.64400000000002	164.62800000000001
228	21	2	165.33600000000004	5.108
228	22	2	164.99999999999994	45.00000000000002
228	23	2	164.99999999999994	84.99999999999997
228	24	2	164.86799999999997	125.09599999999999
228	25	2	164.3235294117647	164.5882352941177
228	26	1	56.48303393213577	15.96407185628744
228	27	1	88.12200000000006	109.55800000000005
228	28	1	65.60878243512975	67.74051896207577
228	29	1	83.88423153692612	63.98602794411179
228	30	1	181.06600000000003	140.35199999999986
228	31	1	125.32335329341312	140.17964071856292
228	32	1	24.82235528942117	111.23952095808377
228	33	1	119.03006012024049	175.96392785571143
228	34	1	180.108	153.82200000000006
228	35	1	144.99201596806378	157.1616766467066
228	36	1	143.74051896207584	196.92814371257498
228	37	1	135.81237524950103	183.6706586826348
228	38	1	56.44111776447104	187.05788423153695
228	39	1	163.56400000000016	183.7599999999999
228	40	1	17.311999999999994	16.34199999999999
228	41	1	111.73999999999995	154.85399999999996
228	42	1	37.378000000000014	186.16600000000005
228	43	1	21.9820359281437	91.13572854291415
228	44	1	66.1397205588823	167.24550898203586
228	45	1	44.4749498997996	101.12224448897798
229	1	2	4.927999999999999	4.604000000000001
229	2	2	4.9999999999999964	45
229	3	2	5.103999999999996	85.01200000000003
229	4	2	4.9999999999999964	125.00000000000003
229	5	2	4.9999999999999964	165.00000000000009
229	6	2	45.00000000000003	5.000000000000002
229	7	2	45.00000000000002	45.29999999999999
229	8	2	45.86799999999999	85.59599999999999
229	9	2	45.00000000000003	124.99999999999997
229	10	2	44.708000000000006	164.88799999999992
229	11	2	84.944	5.036000000000003
229	12	2	84.99999999999997	45.00000000000002
229	13	2	85.36625514403288	85.38683127572016
229	14	2	85.36051502145926	125.70386266094418
229	15	2	85.23999999999994	165.04399999999987
229	16	2	125.58333333333334	6.666666666666667
229	17	2	124.89200000000001	45.011999999999986
229	18	2	125.10800000000002	85.01999999999997
229	19	2	124.99600000000004	125.09999999999997
229	20	2	125.64400000000002	164.62800000000001
229	21	2	165.33600000000004	5.108
229	22	2	164.99999999999994	45.00000000000002
229	23	2	164.99999999999994	84.99999999999997
229	24	2	164.86799999999997	125.09599999999999
229	25	2	164.3235294117647	164.5882352941177
229	26	1	56.55000000000002	15.910000000000009
229	27	1	88.24151696606776	109.58682634730546
229	28	1	65.6227544910179	67.93612774451096
229	29	1	83.9740518962076	64.03193612774454
229	30	1	181.18163672654697	140.40319361277452
229	31	1	125.33800000000008	140.26800000000003
229	32	1	24.78156312625249	111.16633266533061
229	33	1	118.99800000000003	176.02999999999997
229	34	1	180.01800000000003	153.77800000000008
229	35	1	145.0039999999999	157.12800000000004
229	36	1	143.70717131474098	196.85258964143424
229	37	1	135.89	183.60799999999998
229	38	1	56.48702594810376	186.90618762475054
229	39	1	163.65936254980073	183.73505976095618
229	40	1	17.085999999999974	16.448000000000004
229	41	1	111.74200000000009	154.90000000000003
229	42	1	37.34131736526952	186.26147704590818
229	43	1	21.953999999999997	91.16799999999998
229	44	1	66.13147410358567	167.04581673306762
229	45	1	44.570858283433125	101.05788423153696
230	1	2	4.927999999999999	4.604000000000001
230	2	2	4.9999999999999964	45
230	3	2	5.103999999999996	85.01200000000003
230	4	2	4.9999999999999964	125.00000000000003
230	5	2	4.9999999999999964	165.00000000000009
230	6	2	45.00000000000003	5.000000000000002
230	7	2	45.00000000000002	45.29999999999999
230	8	2	45.86799999999999	85.59599999999999
230	9	2	45.00000000000003	124.99999999999997
230	10	2	44.708000000000006	164.88799999999992
230	11	2	84.944	5.036000000000003
230	12	2	84.99999999999997	45.00000000000002
230	13	2	85.36625514403288	85.38683127572016
230	14	2	85.36051502145926	125.70386266094418
230	15	2	85.23999999999994	165.04399999999987
230	16	2	125.58333333333334	6.666666666666667
230	17	2	124.89200000000001	45.011999999999986
230	18	2	125.10800000000002	85.01999999999997
230	19	2	124.99600000000004	125.09999999999997
230	20	2	125.64400000000002	164.62800000000001
230	21	2	165.33600000000004	5.108
230	22	2	164.99999999999994	45.00000000000002
230	23	2	164.99999999999994	84.99999999999997
230	24	2	164.86799999999997	125.09599999999999
230	25	2	164.3235294117647	164.5882352941177
230	26	1	56.497999999999976	15.833999999999993
230	27	1	88.30139720558886	109.65269461077851
230	28	1	65.45800000000004	67.91999999999997
230	29	1	84.00799999999998	64.13000000000001
230	30	1	181.17165668662665	140.4131736526946
230	31	1	125.29740518962082	140.265469061876
230	32	1	24.648702594810377	111.16566866267472
230	33	1	119.04000000000006	176.0379999999999
230	34	1	179.78443113772457	153.68263473053887
230	35	1	145.01000000000002	157.17199999999994
230	36	1	143.68999999999997	196.80999999999997
230	37	1	135.97005988023943	183.58483033932154
230	38	1	56.5329341317365	186.8902195608784
230	39	1	163.7205588822356	183.82035928143702
230	40	1	16.946	16.580000000000005
230	41	1	111.69461077844315	154.90618762475052
230	42	1	37.363273453093775	186.31536926147703
230	43	1	22.083999999999993	91.07799999999997
230	44	1	66.16167664670665	166.96806387225556
230	45	1	44.598000000000006	100.97800000000005
231	1	2	4.927999999999999	4.604000000000001
231	2	2	4.9999999999999964	45
231	3	2	5.103999999999996	85.01200000000003
231	4	2	4.9999999999999964	125.00000000000003
231	5	2	4.9999999999999964	165.00000000000009
231	6	2	45.00000000000003	5.000000000000002
231	7	2	45.00000000000002	45.29999999999999
231	8	2	45.86799999999999	85.59599999999999
231	9	2	45.00000000000003	124.99999999999997
231	10	2	44.708000000000006	164.88799999999992
231	11	2	84.944	5.036000000000003
231	12	2	84.99999999999997	45.00000000000002
231	13	2	85.36625514403288	85.38683127572016
231	14	2	85.36051502145926	125.70386266094418
231	15	2	85.23999999999994	165.04399999999987
231	16	2	125.58333333333334	6.666666666666667
231	17	2	124.89200000000001	45.011999999999986
231	18	2	125.10800000000002	85.01999999999997
231	19	2	124.99600000000004	125.09999999999997
231	20	2	125.64400000000002	164.62800000000001
231	21	2	165.33600000000004	5.108
231	22	2	164.99999999999994	45.00000000000002
231	23	2	164.99999999999994	84.99999999999997
231	24	2	164.86799999999997	125.09599999999999
231	25	2	164.3235294117647	164.5882352941177
231	26	1	56.51497005988022	15.736526946107759
231	27	1	88.45908183632729	109.67864271457093
231	28	1	65.42714570858286	67.99001996007995
231	29	1	83.93612774451086	64.2215568862275
231	30	1	181.4091816367263	140.6067864271457
231	31	1	125.3692614770459	140.39520958083807
231	32	1	24.65799999999998	111.11200000000005
231	33	1	119.07784431137725	176.14371257485033
231	34	1	179.658	153.66999999999993
231	35	1	145.04590818363272	157.11576846307378
231	36	1	143.73852295409182	196.72455089820352
231	37	1	136.0958083832335	183.52694610778445
231	38	1	56.606786427145735	186.8443113772456
231	39	1	163.7915831663326	183.71543086172338
231	40	1	16.788423153692612	16.68862275449102
231	41	1	111.61277445109776	154.9500998003993
231	42	1	37.39200000000001	186.35200000000006
231	43	1	22.155688622754507	91.05189620758482
231	44	1	66.12000000000012	166.8280000000001
231	45	1	44.68263473053891	100.98403193612768
232	1	2	4.927999999999999	4.604000000000001
232	2	2	4.9999999999999964	45
232	3	2	5.103999999999996	85.01200000000003
232	4	2	4.9999999999999964	125.00000000000003
232	5	2	4.9999999999999964	165.00000000000009
232	6	2	45.00000000000003	5.000000000000002
232	7	2	45.00000000000002	45.29999999999999
232	8	2	45.86799999999999	85.59599999999999
232	9	2	45.00000000000003	124.99999999999997
232	10	2	44.708000000000006	164.88799999999992
232	11	2	84.944	5.036000000000003
232	12	2	84.99999999999997	45.00000000000002
232	13	2	85.36625514403288	85.38683127572016
232	14	2	85.36051502145926	125.70386266094418
232	15	2	85.23999999999994	165.04399999999987
232	16	2	125.58333333333334	6.666666666666667
232	17	2	124.89200000000001	45.011999999999986
232	18	2	125.10800000000002	85.01999999999997
232	19	2	124.99600000000004	125.09999999999997
232	20	2	125.64400000000002	164.62800000000001
232	21	2	165.33600000000004	5.108
232	22	2	164.99999999999994	45.00000000000002
232	23	2	164.99999999999994	84.99999999999997
232	24	2	164.86799999999997	125.09599999999999
232	25	2	164.3235294117647	164.5882352941177
232	26	1	56.479041916167674	15.512974051896203
232	27	1	88.48702594810378	109.79640718562877
232	28	1	65.36272545090178	68.08416833667341
232	29	1	83.77445109780435	64.14171656686628
232	30	1	181.65868263473067	140.71257485029938
232	31	1	125.32734530938124	140.45708582834345
232	32	1	24.66	111.028
232	33	1	119.06600000000003	176.20600000000016
232	34	1	179.55599999999998	153.66600000000005
232	35	1	145.04191616766468	157.1497005988024
232	36	1	143.7365269461078	196.7564870259482
232	37	1	136.1417165668663	183.51696606786427
232	38	1	56.68662674650693	186.80838323353282
232	39	1	163.86826347305387	183.70059880239526
232	40	1	16.586000000000002	16.777999999999995
232	41	1	111.56399999999996	155.0040000000002
232	42	1	37.42714570858281	186.43512974051893
232	43	1	22.13000000000001	91.10199999999995
232	44	1	66.13972055888225	166.78842315369258
232	45	1	44.82435129740514	100.84231536926136
233	1	2	4.927999999999999	4.604000000000001
233	2	2	4.9999999999999964	45
233	3	2	5.103999999999996	85.01200000000003
233	4	2	4.9999999999999964	125.00000000000003
233	5	2	4.9999999999999964	165.00000000000009
233	6	2	45.00000000000003	5.000000000000002
233	7	2	45.00000000000002	45.29999999999999
233	8	2	45.86799999999999	85.59599999999999
233	9	2	45.00000000000003	124.99999999999997
233	10	2	44.708000000000006	164.88799999999992
233	11	2	84.944	5.036000000000003
233	12	2	84.99999999999997	45.00000000000002
233	13	2	85.36625514403288	85.38683127572016
233	14	2	85.36051502145926	125.70386266094418
233	15	2	85.23999999999994	165.04399999999987
233	16	2	125.58333333333334	6.666666666666667
233	17	2	124.89200000000001	45.011999999999986
233	18	2	125.10800000000002	85.01999999999997
233	19	2	124.99600000000004	125.09999999999997
233	20	2	125.64400000000002	164.62800000000001
233	21	2	165.33600000000004	5.108
233	22	2	164.99999999999994	45.00000000000002
233	23	2	164.99999999999994	84.99999999999997
233	24	2	164.86799999999997	125.09599999999999
233	25	2	164.3235294117647	164.5882352941177
233	26	1	56.38722554890221	15.481037924151677
233	27	1	88.46307385229535	109.81237524950093
233	28	1	65.36127744510978	67.94610778443119
233	29	1	83.78957915831663	64.14829659318633
233	30	1	181.79800000000012	140.76200000000014
233	31	1	125.40200000000006	140.56599999999997
233	32	1	24.744510978043913	111.04990019960087
233	33	1	119.05000000000005	176.20199999999994
233	34	1	179.60200000000003	153.62600000000012
233	35	1	145.18000000000006	157.16400000000004
233	36	1	143.61077844311387	196.71057884231539
233	37	1	136.354	183.36400000000012
233	38	1	56.692000000000064	186.70999999999984
233	39	1	163.92430278884444	183.81474103585668
233	40	1	16.38123752495011	16.82435129740518
233	41	1	111.57285429141716	154.9840319361277
233	42	1	37.46400000000002	186.43599999999984
233	43	1	22.145708582834327	91.14770459081846
233	44	1	66.17400000000004	166.66000000000017
233	45	1	45.038000000000046	100.73799999999994
234	1	2	4.927999999999999	4.604000000000001
234	2	2	4.9999999999999964	45
234	3	2	5.103999999999996	85.01200000000003
234	4	2	4.9999999999999964	125.00000000000003
234	5	2	4.9999999999999964	165.00000000000009
234	6	2	45.00000000000003	5.000000000000002
234	7	2	45.00000000000002	45.29999999999999
234	8	2	45.86799999999999	85.59599999999999
234	9	2	45.00000000000003	124.99999999999997
234	10	2	44.708000000000006	164.88799999999992
234	11	2	84.944	5.036000000000003
234	12	2	84.99999999999997	45.00000000000002
234	13	2	85.36625514403288	85.38683127572016
234	14	2	85.36051502145926	125.70386266094418
234	15	2	85.23999999999994	165.04399999999987
234	16	2	125.58333333333334	6.666666666666667
234	17	2	124.89200000000001	45.011999999999986
234	18	2	125.10800000000002	85.01999999999997
234	19	2	124.99600000000004	125.09999999999997
234	20	2	125.64400000000002	164.62800000000001
234	21	2	165.33600000000004	5.108
234	22	2	164.99999999999994	45.00000000000002
234	23	2	164.99999999999994	84.99999999999997
234	24	2	164.86799999999997	125.09599999999999
234	25	2	164.3235294117647	164.5882352941177
234	26	1	56.43912175648701	15.399201596806387
234	27	1	88.46906187624755	109.7884231536926
234	28	1	65.36200000000007	67.95199999999998
234	29	1	83.75999999999999	64.16600000000004
234	30	1	181.87824351297388	140.75449101796428
234	31	1	125.47704590818365	140.69261477045904
234	32	1	24.726546906187636	110.92614770459075
234	33	1	119.01996007984042	176.30139720558884
234	34	1	179.60200000000003	153.62600000000012
234	35	1	145.32264529058116	157.23647294589185
234	36	1	143.6039999999998	196.75400000000005
234	37	1	136.3433133732534	183.39321357285422
234	38	1	56.746	186.6619999999999
234	39	1	163.90800000000002	183.87000000000006
234	40	1	16.16599999999999	16.892000000000017
234	41	1	111.62874251496996	154.9720558882235
234	42	1	37.43200000000003	186.4639999999998
234	43	1	22.175999999999995	91.1180000000001
234	44	1	66.11200000000004	166.59799999999987
234	45	1	45.225999999999935	100.66400000000002
235	1	2	4.927999999999999	4.604000000000001
235	2	2	4.9999999999999964	45
235	3	2	5.103999999999996	85.01200000000003
235	4	2	4.9999999999999964	125.00000000000003
235	5	2	4.9999999999999964	165.00000000000009
235	6	2	45.00000000000003	5.000000000000002
235	7	2	45.00000000000002	45.29999999999999
235	8	2	45.86799999999999	85.59599999999999
235	9	2	45.00000000000003	124.99999999999997
235	10	2	44.708000000000006	164.88799999999992
235	11	2	84.944	5.036000000000003
235	12	2	84.99999999999997	45.00000000000002
235	13	2	85.36625514403288	85.38683127572016
235	14	2	85.36051502145926	125.70386266094418
235	15	2	85.23999999999994	165.04399999999987
235	16	2	125.58333333333334	6.666666666666667
235	17	2	124.89200000000001	45.011999999999986
235	18	2	125.10800000000002	85.01999999999997
235	19	2	124.99600000000004	125.09999999999997
235	20	2	125.64400000000002	164.62800000000001
235	21	2	165.33600000000004	5.108
235	22	2	164.99999999999994	45.00000000000002
235	23	2	164.99999999999994	84.99999999999997
235	24	2	164.86799999999997	125.09599999999999
235	25	2	164.3235294117647	164.5882352941177
235	26	1	56.45309381237526	15.275449101796404
235	27	1	88.50599999999997	109.73600000000002
235	28	1	65.38399999999996	67.956
235	29	1	83.82834331337331	64.10578842315364
235	30	1	182.13000000000008	140.86599999999993
235	31	1	125.602	140.86199999999997
235	32	1	24.654	110.92600000000007
235	33	1	119.00000000000004	176.38123752495005
235	34	1	179.4690618762475	153.57085828343307
235	35	1	145.37800000000024	157.18800000000002
235	36	1	143.5209580838323	196.75049900199588
235	37	1	136.50499001996016	183.31736526946102
235	38	1	56.94211576846311	186.56087824351295
235	39	1	164.02200000000013	183.91400000000002
235	40	1	16.096000000000004	16.964000000000016
235	41	1	111.56686626746513	155.00598802395203
235	42	1	37.47200000000002	186.53799999999984
235	43	1	22.22155688622756	91.14171656686634
235	44	1	66.15568862275451	166.54291417165672
235	45	1	45.313373253493005	100.60878243512978
236	1	2	4.927999999999999	4.604000000000001
236	2	2	4.9999999999999964	45
236	3	2	5.103999999999996	85.01200000000003
236	4	2	4.9999999999999964	125.00000000000003
236	5	2	4.9999999999999964	165.00000000000009
236	6	2	45.00000000000003	5.000000000000002
236	7	2	45.00000000000002	45.29999999999999
236	8	2	45.86799999999999	85.59599999999999
236	9	2	45.00000000000003	124.99999999999997
236	10	2	44.708000000000006	164.88799999999992
236	11	2	84.944	5.036000000000003
236	12	2	84.99999999999997	45.00000000000002
236	13	2	85.36625514403288	85.38683127572016
236	14	2	85.36051502145926	125.70386266094418
236	15	2	85.23999999999994	165.04399999999987
236	16	2	125.58333333333334	6.666666666666667
236	17	2	124.89200000000001	45.011999999999986
236	18	2	125.10800000000002	85.01999999999997
236	19	2	124.99600000000004	125.09999999999997
236	20	2	125.64400000000002	164.62800000000001
236	21	2	165.33600000000004	5.108
236	22	2	164.99999999999994	45.00000000000002
236	23	2	164.99999999999994	84.99999999999997
236	24	2	164.86799999999997	125.09599999999999
236	25	2	164.3235294117647	164.5882352941177
236	26	1	56.46506986027943	15.083832335329326
236	27	1	88.64670658682633	109.77844311377254
236	28	1	65.31936127744513	67.9461077844311
236	29	1	83.8579999999999	64.17200000000003
236	30	1	182.28542914171658	140.9121756487027
236	31	1	125.52799999999998	140.94199999999992
236	32	1	24.456175298804794	110.81075697211158
236	33	1	118.88600000000004	176.4639999999999
236	34	1	179.398	153.568
236	35	1	145.37524950099788	157.16966067864266
236	36	1	143.48103792415174	196.87824351297394
236	37	1	136.56772908366528	183.26095617529884
236	38	1	57.01599999999998	186.45000000000016
236	39	1	163.92215568862272	183.97005988023966
236	40	1	16.093812375249495	17.11576846307385
236	41	1	111.49799999999993	155.0579999999999
236	42	1	37.499999999999964	186.64000000000007
236	43	1	22.131736526946113	91.17964071856285
236	44	1	66.10799999999999	166.39400000000012
236	45	1	45.334000000000024	100.65400000000005
237	1	2	4.927999999999999	4.604000000000001
237	2	2	4.9999999999999964	45
237	3	2	5.103999999999996	85.01200000000003
237	4	2	4.9999999999999964	125.00000000000003
237	5	2	4.9999999999999964	165.00000000000009
237	6	2	45.00000000000003	5.000000000000002
237	7	2	45.00000000000002	45.29999999999999
237	8	2	45.86799999999999	85.59599999999999
237	9	2	45.00000000000003	124.99999999999997
237	10	2	44.708000000000006	164.88799999999992
237	11	2	84.944	5.036000000000003
237	12	2	84.99999999999997	45.00000000000002
237	13	2	85.36625514403288	85.38683127572016
237	14	2	85.36051502145926	125.70386266094418
237	15	2	85.23999999999994	165.04399999999987
237	16	2	125.58333333333334	6.666666666666667
237	17	2	124.89200000000001	45.011999999999986
237	18	2	125.10800000000002	85.01999999999997
237	19	2	124.99600000000004	125.09999999999997
237	20	2	125.64400000000002	164.62800000000001
237	21	2	165.33600000000004	5.108
237	22	2	164.99999999999994	45.00000000000002
237	23	2	164.99999999999994	84.99999999999997
237	24	2	164.86799999999997	125.09599999999999
237	25	2	164.3235294117647	164.5882352941177
237	26	1	56.409181636726515	15.025948103792421
237	27	1	88.67864271457088	109.83433133732535
237	28	1	65.41999999999997	67.98799999999994
237	29	1	83.906	64.20999999999998
237	30	1	182.35928143712573	140.96007984031954
237	31	1	125.61077844311376	141.06586826347305
237	32	1	24.35329341317365	110.7824351297405
237	33	1	118.95200000000006	176.53400000000008
237	34	1	179.2574850299401	153.4970059880242
237	35	1	145.4311377245509	157.1477045908184
237	36	1	143.44399999999982	196.84799999999981
237	37	1	136.69061876247505	183.16566866267465
237	38	1	57.26147704590819	186.3572854291416
237	39	1	163.95608782435133	183.9960079840319
237	40	1	16.027888446215133	17.215139442231102
237	41	1	111.36799999999995	155.06400000000014
237	42	1	37.657370517928264	186.7908366533864
237	43	1	22.151696606786416	91.22554890219564
237	44	1	66.15369261477052	166.2415169660679
237	45	1	45.394	100.58999999999995
238	1	2	4.927999999999999	4.604000000000001
238	2	2	4.9999999999999964	45
238	3	2	5.103999999999996	85.01200000000003
238	4	2	4.9999999999999964	125.00000000000003
238	5	2	4.9999999999999964	165.00000000000009
238	6	2	45.00000000000003	5.000000000000002
238	7	2	45.00000000000002	45.29999999999999
238	8	2	45.86799999999999	85.59599999999999
238	9	2	45.00000000000003	124.99999999999997
238	10	2	44.708000000000006	164.88799999999992
238	11	2	84.944	5.036000000000003
238	12	2	84.99999999999997	45.00000000000002
238	13	2	85.36625514403288	85.38683127572016
238	14	2	85.36051502145926	125.70386266094418
238	15	2	85.23999999999994	165.04399999999987
238	16	2	125.58333333333334	6.666666666666667
238	17	2	124.89200000000001	45.011999999999986
238	18	2	125.10800000000002	85.01999999999997
238	19	2	124.99600000000004	125.09999999999997
238	20	2	125.64400000000002	164.62800000000001
238	21	2	165.33600000000004	5.108
238	22	2	164.99999999999994	45.00000000000002
238	23	2	164.99999999999994	84.99999999999997
238	24	2	164.86799999999997	125.09599999999999
238	25	2	164.3235294117647	164.5882352941177
238	26	1	56.45199999999999	14.946
238	27	1	88.86973947895794	109.80761523046084
238	28	1	65.47105788423156	67.98802395209579
238	29	1	83.96599999999994	64.26799999999996
238	30	1	182.51	141.0139999999999
238	31	1	125.61000000000007	141.12399999999988
238	32	1	24.272000000000023	110.72600000000008
238	33	1	118.96207584830336	176.5948103792415
238	34	1	179.12974051896208	153.39520958083838
238	35	1	145.4340000000002	157.06999999999985
238	36	1	143.41199999999995	196.896
238	37	1	136.78799999999993	183.08999999999997
238	38	1	57.29199999999999	186.34799999999993
238	39	1	163.8622754491018	184.08582834331355
238	40	1	16.119760479041926	17.355289421157693
238	41	1	111.35728542914177	155.07584830339314
238	42	1	37.64071856287426	186.84830339321348
238	43	1	22.137724550898213	91.29540918163676
238	44	1	66.09780439121755	166.1037924151698
238	45	1	45.57768924302792	100.52988047808772
239	1	2	4.927999999999999	4.604000000000001
239	2	2	4.9999999999999964	45
239	3	2	5.103999999999996	85.01200000000003
239	4	2	4.9999999999999964	125.00000000000003
239	5	2	4.9999999999999964	165.00000000000009
239	6	2	45.00000000000003	5.000000000000002
239	7	2	45.00000000000002	45.29999999999999
239	8	2	45.86799999999999	85.59599999999999
239	9	2	45.00000000000003	124.99999999999997
239	10	2	44.708000000000006	164.88799999999992
239	11	2	84.944	5.036000000000003
239	12	2	84.99999999999997	45.00000000000002
239	13	2	85.36625514403288	85.38683127572016
239	14	2	85.36051502145926	125.70386266094418
239	15	2	85.23999999999994	165.04399999999987
239	16	2	125.58333333333334	6.666666666666667
239	17	2	124.89200000000001	45.011999999999986
239	18	2	125.10800000000002	85.01999999999997
239	19	2	124.99600000000004	125.09999999999997
239	20	2	125.64400000000002	164.62800000000001
239	21	2	165.33600000000004	5.108
239	22	2	164.99999999999994	45.00000000000002
239	23	2	164.99999999999994	84.99999999999997
239	24	2	164.86799999999997	125.09599999999999
239	25	2	164.3235294117647	164.5882352941177
239	26	1	56.39199999999999	14.926000000000009
239	27	1	88.82634730538929	109.86227544910182
239	28	1	65.43400000000005	68.01000000000006
239	29	1	84	64.40836653386457
239	30	1	182.67664670658684	141.09181636726558
239	31	1	125.75399999999999	141.22600000000006
239	32	1	24.384000000000015	110.62599999999998
239	33	1	118.98196392785569	176.6893787575151
239	34	1	178.98399999999998	153.27399999999994
239	35	1	145.43800000000005	156.99200000000008
239	36	1	143.43000000000015	196.93000000000015
239	37	1	136.7540000000002	183.08999999999986
239	38	1	57.48406374501992	186.34462151394416
239	39	1	163.74251497005997	184.14570858283437
239	40	1	15.892215568862277	17.506986027944112
239	41	1	111.27145708582837	155.14570858283446
239	42	1	37.60479041916167	186.9161676646708
239	43	1	22.18962075848302	91.23952095808382
239	44	1	65.93999999999991	166.00599999999997
239	45	1	45.696000000000026	100.41999999999997
240	1	2	4.927999999999999	4.604000000000001
240	2	2	4.9999999999999964	45
240	3	2	5.103999999999996	85.01200000000003
240	4	2	4.9999999999999964	125.00000000000003
240	5	2	4.9999999999999964	165.00000000000009
240	6	2	45.00000000000003	5.000000000000002
240	7	2	45.00000000000002	45.29999999999999
240	8	2	45.86799999999999	85.59599999999999
240	9	2	45.00000000000003	124.99999999999997
240	10	2	44.708000000000006	164.88799999999992
240	11	2	84.944	5.036000000000003
240	12	2	84.99999999999997	45.00000000000002
240	13	2	85.36625514403288	85.38683127572016
240	14	2	85.36051502145926	125.70386266094418
240	15	2	85.23999999999994	165.04399999999987
240	16	2	125.58333333333334	6.666666666666667
240	17	2	124.89200000000001	45.011999999999986
240	18	2	125.10800000000002	85.01999999999997
240	19	2	124.99600000000004	125.09999999999997
240	20	2	125.64400000000002	164.62800000000001
240	21	2	165.33600000000004	5.108
240	22	2	164.99999999999994	45.00000000000002
240	23	2	164.99999999999994	84.99999999999997
240	24	2	164.86799999999997	125.09599999999999
240	25	2	164.3235294117647	164.5882352941177
240	26	1	56.317365269461064	14.936127744510967
240	27	1	88.87599999999993	109.85800000000009
240	28	1	65.52095808383238	68.10578842315378
240	29	1	84.016	64.41799999999999
240	30	1	182.75249500998004	141.03393213572858
240	31	1	125.83067729083662	141.30278884462138
240	32	1	24.289421157684632	110.58682634730538
240	33	1	118.8263473053892	176.83832335329336
240	34	1	178.92614770459082	153.1756487025947
240	35	1	145.50400000000013	157.0900000000001
240	36	1	143.34000000000006	197.05599999999998
240	37	1	136.86599999999999	183.03600000000003
240	38	1	57.576000000000015	186.26200000000003
240	39	1	163.67265469061874	184.17964071856287
240	40	1	15.850299401197585	17.574850299401167
240	41	1	111.198	155.18800000000013
240	42	1	37.67664670658686	186.9920159680639
240	43	1	22.211576846307405	91.21756487025955
240	44	1	65.90399999999997	165.9200000000001
240	45	1	45.800399201596825	100.3592814371257
241	1	2	4.927999999999999	4.604000000000001
241	2	2	4.9999999999999964	45
241	3	2	5.103999999999996	85.01200000000003
241	4	2	4.9999999999999964	125.00000000000003
241	5	2	4.9999999999999964	165.00000000000009
241	6	2	45.00000000000003	5.000000000000002
241	7	2	45.00000000000002	45.29999999999999
241	8	2	45.86799999999999	85.59599999999999
241	9	2	45.00000000000003	124.99999999999997
241	10	2	44.708000000000006	164.88799999999992
241	11	2	84.944	5.036000000000003
241	12	2	84.99999999999997	45.00000000000002
241	13	2	85.36625514403288	85.38683127572016
241	14	2	85.36051502145926	125.70386266094418
241	15	2	85.23999999999994	165.04399999999987
241	16	2	125.58333333333334	6.666666666666667
241	17	2	124.89200000000001	45.011999999999986
241	18	2	125.10800000000002	85.01999999999997
241	19	2	124.99600000000004	125.09999999999997
241	20	2	125.64400000000002	164.62800000000001
241	21	2	165.33600000000004	5.108
241	22	2	164.99999999999994	45.00000000000002
241	23	2	164.99999999999994	84.99999999999997
241	24	2	164.86799999999997	125.09599999999999
241	25	2	164.3235294117647	164.5882352941177
241	26	1	56.31536926147704	14.862275449101798
241	27	1	88.9019999999999	110.01000000000002
241	28	1	65.52495009980044	68.18163672654686
241	29	1	83.98597194388773	64.35671342685369
241	30	1	182.91	141.06599999999983
241	31	1	125.95399999999997	141.41599999999994
241	32	1	24.27800000000001	110.56800000000001
241	33	1	118.77199999999999	176.936
241	34	1	178.8962075848303	153.14770459081834
241	35	1	145.51896207584838	157.00598802395197
241	36	1	143.33200000000005	197.12799999999987
241	37	1	136.94411177644702	182.94211576846308
241	38	1	57.67999999999999	186.17000000000002
241	39	1	163.57600000000005	184.2119999999998
241	40	1	15.826347305389225	17.736526946107762
241	41	1	111.11000000000006	155.24400000000014
241	42	1	37.696000000000005	187.01600000000022
241	43	1	22.207999999999984	91.29200000000007
241	44	1	65.86227544910184	165.77644710578824
241	45	1	45.89221556886234	100.30938123752503
242	1	2	4.927999999999999	4.604000000000001
242	2	2	4.9999999999999964	45
242	3	2	5.103999999999996	85.01200000000003
242	4	2	4.9999999999999964	125.00000000000003
242	5	2	4.9999999999999964	165.00000000000009
242	6	2	45.00000000000003	5.000000000000002
242	7	2	45.00000000000002	45.29999999999999
242	8	2	45.86799999999999	85.59599999999999
242	9	2	45.00000000000003	124.99999999999997
242	10	2	44.708000000000006	164.88799999999992
242	11	2	84.944	5.036000000000003
242	12	2	84.99999999999997	45.00000000000002
242	13	2	85.36625514403288	85.38683127572016
242	14	2	85.36051502145926	125.70386266094418
242	15	2	85.23999999999994	165.04399999999987
242	16	2	125.58333333333334	6.666666666666667
242	17	2	124.89200000000001	45.011999999999986
242	18	2	125.10800000000002	85.01999999999997
242	19	2	124.99600000000004	125.09999999999997
242	20	2	125.64400000000002	164.62800000000001
242	21	2	165.33600000000004	5.108
242	22	2	164.99999999999994	45.00000000000002
242	23	2	164.99999999999994	84.99999999999997
242	24	2	164.86799999999997	125.09599999999999
242	25	2	164.3235294117647	164.5882352941177
242	26	1	56.29200000000001	14.803999999999988
242	27	1	88.99800399201598	110.07385229540917
242	28	1	65.49600000000007	68.27799999999996
242	29	1	83.94820717131466	64.33266932270917
242	30	1	183.05599999999998	141.10599999999997
242	31	1	126.01596806387226	141.5449101796406
242	32	1	24.30399999999999	110.51800000000003
242	33	1	118.68263473053884	177.13972055888203
242	34	1	178.78200000000004	153.05800000000022
242	35	1	145.65338645418353	156.99402390438237
242	36	1	143.32135728542914	197.1197604790418
242	37	1	137.03600000000006	182.81199999999976
242	38	1	57.69799999999999	186.11800000000017
242	39	1	163.60600000000008	184.232
242	40	1	15.788423153692612	17.82834331337325
242	41	1	111.11399999999995	155.20599999999982
242	42	1	37.682634730538894	187.01796407185623
242	43	1	22.177999999999997	91.32800000000005
242	44	1	65.88423153692621	165.65868263473055
242	45	1	46.028	100.24600000000002
243	1	2	4.927999999999999	4.604000000000001
243	2	2	4.9999999999999964	45
243	3	2	5.103999999999996	85.01200000000003
243	4	2	4.9999999999999964	125.00000000000003
243	5	2	4.9999999999999964	165.00000000000009
243	6	2	45.00000000000003	5.000000000000002
243	7	2	45.00000000000002	45.29999999999999
243	8	2	45.86799999999999	85.59599999999999
243	9	2	45.00000000000003	124.99999999999997
243	10	2	44.708000000000006	164.88799999999992
243	11	2	84.944	5.036000000000003
243	12	2	84.99999999999997	45.00000000000002
243	13	2	85.36625514403288	85.38683127572016
243	14	2	85.36051502145926	125.70386266094418
243	15	2	85.23999999999994	165.04399999999987
243	16	2	125.58333333333334	6.666666666666667
243	17	2	124.89200000000001	45.011999999999986
243	18	2	125.10800000000002	85.01999999999997
243	19	2	124.99600000000004	125.09999999999997
243	20	2	125.64400000000002	164.62800000000001
243	21	2	165.33600000000004	5.108
243	22	2	164.99999999999994	45.00000000000002
243	23	2	164.99999999999994	84.99999999999997
243	24	2	164.86799999999997	125.09599999999999
243	25	2	164.3235294117647	164.5882352941177
243	26	1	56.209999999999994	14.838000000000019
243	27	1	88.93013972055887	110.12375249500998
243	28	1	65.63073852295406	68.31736526946106
243	29	1	84.02599999999994	64.25600000000003
243	30	1	183.14770459081834	141.0399201596806
243	31	1	126.096	141.62599999999992
243	32	1	24.219560878243506	110.50698602794407
243	33	1	118.57684630738527	177.29540918163684
243	34	1	178.732	152.96599999999995
243	35	1	145.69000000000017	157.08599999999998
243	36	1	143.2645290581164	197.16232464929868
243	37	1	137.0219123505977	182.77290836653387
243	38	1	57.86427145708581	186.02195608782455
243	39	1	163.55688622754477	184.21556886227557
243	40	1	15.737999999999998	17.954000000000004
243	41	1	111.01800000000014	155.23200000000017
243	42	1	37.778443113772454	187.18163672654694
243	43	1	22.18562874251495	91.3852295409181
243	44	1	65.89600000000003	165.6339999999999
243	45	1	46.211576846307366	100.13173652694603
244	1	2	4.927999999999999	4.604000000000001
244	2	2	4.9999999999999964	45
244	3	2	5.103999999999996	85.01200000000003
244	4	2	4.9999999999999964	125.00000000000003
244	5	2	4.9999999999999964	165.00000000000009
244	6	2	45.00000000000003	5.000000000000002
244	7	2	45.00000000000002	45.29999999999999
244	8	2	45.86799999999999	85.59599999999999
244	9	2	45.00000000000003	124.99999999999997
244	10	2	44.708000000000006	164.88799999999992
244	11	2	84.944	5.036000000000003
244	12	2	84.99999999999997	45.00000000000002
244	13	2	85.36625514403288	85.38683127572016
244	14	2	85.36051502145926	125.70386266094418
244	15	2	85.23999999999994	165.04399999999987
244	16	2	125.58333333333334	6.666666666666667
244	17	2	124.89200000000001	45.011999999999986
244	18	2	125.10800000000002	85.01999999999997
244	19	2	124.99600000000004	125.09999999999997
244	20	2	125.64400000000002	164.62800000000001
244	21	2	165.33600000000004	5.108
244	22	2	164.99999999999994	45.00000000000002
244	23	2	164.99999999999994	84.99999999999997
244	24	2	164.86799999999997	125.09599999999999
244	25	2	164.3235294117647	164.5882352941177
244	26	1	56.21000000000003	14.810000000000024
244	27	1	88.94211576846308	110.16167664670662
244	28	1	65.698	68.31199999999998
244	29	1	84.01596806387225	64.19760479041925
244	30	1	183.29341317365268	141.05788423153697
244	31	1	126.08183632734536	141.63273453093817
244	32	1	24.17330677290835	110.45019920318718
244	33	1	118.4930139720559	177.31137724550908
244	34	1	178.70459081836327	152.95608782435136
244	35	1	145.70658682634738	157.03592814371257
244	36	1	143.25149700598817	197.1077844311378
244	37	1	137.0500000000001	182.69599999999994
244	38	1	57.9041916167665	185.9740518962075
244	39	1	163.57684630738513	184.20159680638722
244	40	1	15.643426294820724	18.061752988047818
244	41	1	110.96606786427142	155.2075848303392
244	42	1	37.734	187.23200000000006
244	43	1	22.165999999999986	91.50000000000006
244	44	1	65.8722554890219	165.63073852295412
244	45	1	46.32799999999998	100.09799999999991
245	1	2	4.927999999999999	4.604000000000001
245	2	2	4.9999999999999964	45
245	3	2	5.103999999999996	85.01200000000003
245	4	2	4.9999999999999964	125.00000000000003
245	5	2	4.9999999999999964	165.00000000000009
245	6	2	45.00000000000003	5.000000000000002
245	7	2	45.00000000000002	45.29999999999999
245	8	2	45.86799999999999	85.59599999999999
245	9	2	45.00000000000003	124.99999999999997
245	10	2	44.708000000000006	164.88799999999992
245	11	2	84.944	5.036000000000003
245	12	2	84.99999999999997	45.00000000000002
245	13	2	85.36625514403288	85.38683127572016
245	14	2	85.36051502145926	125.70386266094418
245	15	2	85.23999999999994	165.04399999999987
245	16	2	125.58333333333334	6.666666666666667
245	17	2	124.89200000000001	45.011999999999986
245	18	2	125.10800000000002	85.01999999999997
245	19	2	124.99600000000004	125.09999999999997
245	20	2	125.64400000000002	164.62800000000001
245	21	2	165.33600000000004	5.108
245	22	2	164.99999999999994	45.00000000000002
245	23	2	164.99999999999994	84.99999999999997
245	24	2	164.86799999999997	125.09599999999999
245	25	2	164.3235294117647	164.5882352941177
245	26	1	56.17000000000001	14.806
245	27	1	89.10778443113772	110.17564870259484
245	28	1	65.61122244488976	68.2204408817635
245	29	1	84.00798403193608	64.19361277445105
245	30	1	183.40918163672654	141.11377245508976
245	31	1	126.17365269461072	141.68662674650696
245	32	1	24.16600000000003	110.51600000000006
245	33	1	118.54600000000003	177.41199999999998
245	34	1	178.65537848605578	152.89840637450206
245	35	1	145.72000000000003	157.01200000000006
245	36	1	143.26746506986038	197.1397205588822
245	37	1	137.05200000000002	182.67000000000013
245	38	1	58.131474103585674	185.9541832669323
245	39	1	163.48103792415176	184.20758483033936
245	40	1	15.479041916167661	18.15768463073853
245	41	1	110.95000000000002	155.21800000000005
245	42	1	37.848303393213634	187.27744510978033
245	43	1	22.150000000000006	91.68799999999999
245	44	1	65.74199999999999	165.538
245	45	1	46.48200000000002	99.93400000000004
246	1	2	4.927999999999999	4.604000000000001
246	2	2	4.9999999999999964	45
246	3	2	5.103999999999996	85.01200000000003
246	4	2	4.9999999999999964	125.00000000000003
246	5	2	4.9999999999999964	165.00000000000009
246	6	2	45.00000000000003	5.000000000000002
246	7	2	45.00000000000002	45.29999999999999
246	8	2	45.86799999999999	85.59599999999999
246	9	2	45.00000000000003	124.99999999999997
246	10	2	44.708000000000006	164.88799999999992
246	11	2	84.944	5.036000000000003
246	12	2	84.99999999999997	45.00000000000002
246	13	2	85.36625514403288	85.38683127572016
246	14	2	85.36051502145926	125.70386266094418
246	15	2	85.23999999999994	165.04399999999987
246	16	2	125.58333333333334	6.666666666666667
246	17	2	124.89200000000001	45.011999999999986
246	18	2	125.10800000000002	85.01999999999997
246	19	2	124.99600000000004	125.09999999999997
246	20	2	125.64400000000002	164.62800000000001
246	21	2	165.33600000000004	5.108
246	22	2	164.99999999999994	45.00000000000002
246	23	2	164.99999999999994	84.99999999999997
246	24	2	164.86799999999997	125.09599999999999
246	25	2	164.3235294117647	164.5882352941177
246	26	1	56.17365269461075	14.718562874251507
246	27	1	89.18962075848303	110.24151696606792
246	28	1	65.63	68.07400000000007
246	29	1	84.03592814371261	64.27544910179645
246	30	1	183.494	141.0619999999999
246	31	1	126.35199999999999	141.76200000000017
246	32	1	24.15200000000001	110.50599999999996
246	33	1	118.45200000000001	177.50199999999992
246	34	1	178.79600000000002	152.8999999999999
246	35	1	145.78000000000006	157.02199999999993
246	36	1	143.23752495009973	197.20159680638727
246	37	1	137.10200000000012	182.5919999999999
246	38	1	58.274000000000015	185.8380000000001
246	39	1	163.44311377245523	184.22754491017966
246	40	1	15.385999999999994	18.288000000000004
246	41	1	110.95209580838322	155.22155688622755
246	42	1	37.986000000000026	187.31799999999987
246	43	1	22.249999999999996	91.70399999999995
246	44	1	65.77399999999994	165.41800000000012
246	45	1	46.69123505976092	99.79482071713143
247	1	2	4.927999999999999	4.604000000000001
247	2	2	4.9999999999999964	45
247	3	2	5.103999999999996	85.01200000000003
247	4	2	4.9999999999999964	125.00000000000003
247	5	2	4.9999999999999964	165.00000000000009
247	6	2	45.00000000000003	5.000000000000002
247	7	2	45.00000000000002	45.29999999999999
247	8	2	45.86799999999999	85.59599999999999
247	9	2	45.00000000000003	124.99999999999997
247	10	2	44.708000000000006	164.88799999999992
247	11	2	84.944	5.036000000000003
247	12	2	84.99999999999997	45.00000000000002
247	13	2	85.36625514403288	85.38683127572016
247	14	2	85.36051502145926	125.70386266094418
247	15	2	85.23999999999994	165.04399999999987
247	16	2	125.58333333333334	6.666666666666667
247	17	2	124.89200000000001	45.011999999999986
247	18	2	125.10800000000002	85.01999999999997
247	19	2	124.99600000000004	125.09999999999997
247	20	2	125.64400000000002	164.62800000000001
247	21	2	165.33600000000004	5.108
247	22	2	164.99999999999994	45.00000000000002
247	23	2	164.99999999999994	84.99999999999997
247	24	2	164.86799999999997	125.09599999999999
247	25	2	164.3235294117647	164.5882352941177
247	26	1	56.13972055888224	14.664670658682631
247	27	1	89.19960079840313	110.32734530938126
247	28	1	65.61354581673304	68.03984063745027
247	29	1	84.10599999999998	64.27799999999998
247	30	1	183.626	141.0319999999999
247	31	1	126.3353293413174	141.80039920159678
247	32	1	24.120000000000015	110.50400000000008
247	33	1	118.32734530938122	177.6007984031935
247	34	1	178.76447105788424	152.82035928143702
247	35	1	145.78243512974046	156.95209580838315
247	36	1	143.24000000000004	197.212
247	37	1	137.16032064128254	182.49699398797586
247	38	1	58.32934131736526	185.73453093812378
247	39	1	163.34600000000017	184.17400000000006
247	40	1	15.417999999999994	18.312
247	41	1	110.83600000000004	155.22000000000003
247	42	1	37.989999999999995	187.36399999999983
247	43	1	22.253493013972037	91.79640718562877
247	44	1	65.77045908183632	165.26347305389223
247	45	1	46.82634730538923	99.75249500998007
248	1	2	4.927999999999999	4.604000000000001
248	2	2	4.9999999999999964	45
248	3	2	5.103999999999996	85.01200000000003
248	4	2	4.9999999999999964	125.00000000000003
248	5	2	4.9999999999999964	165.00000000000009
248	6	2	45.00000000000003	5.000000000000002
248	7	2	45.00000000000002	45.29999999999999
248	8	2	45.86799999999999	85.59599999999999
248	9	2	45.00000000000003	124.99999999999997
248	10	2	44.708000000000006	164.88799999999992
248	11	2	84.944	5.036000000000003
248	12	2	84.99999999999997	45.00000000000002
248	13	2	85.36625514403288	85.38683127572016
248	14	2	85.36051502145926	125.70386266094418
248	15	2	85.23999999999994	165.04399999999987
248	16	2	125.58333333333334	6.666666666666667
248	17	2	124.89200000000001	45.011999999999986
248	18	2	125.10800000000002	85.01999999999997
248	19	2	124.99600000000004	125.09999999999997
248	20	2	125.64400000000002	164.62800000000001
248	21	2	165.33600000000004	5.108
248	22	2	164.99999999999994	45.00000000000002
248	23	2	164.99999999999994	84.99999999999997
248	24	2	164.86799999999997	125.09599999999999
248	25	2	164.3235294117647	164.5882352941177
248	26	1	56.11199999999999	14.696000000000009
248	27	1	89.308	110.29000000000008
248	28	1	65.66399999999999	67.96399999999998
248	29	1	84.12375249500998	64.311377245509
248	30	1	183.72255489021956	141.03792415169653
248	31	1	126.35928143712573	141.822355289421
248	32	1	24.091816367265448	110.53293413173647
248	33	1	118.24550898203593	177.62475049900195
248	34	1	178.624750499002	152.65868263473035
248	35	1	145.80399999999986	156.91200000000012
248	36	1	143.30876494023892	197.0916334661354
248	37	1	137.12800000000001	182.41800000000015
248	38	1	58.520958083832326	185.62874251497018
248	39	1	163.41600000000003	184.26800000000011
248	40	1	15.363999999999995	18.44399999999997
248	41	1	110.8557114228457	155.2144288577152
248	42	1	38.127999999999986	187.44
248	43	1	22.125999999999994	91.98399999999987
248	44	1	65.80800000000005	165.14400000000006
248	45	1	46.936254980079696	99.70119521912366
249	1	2	4.927999999999999	4.604000000000001
249	2	2	4.9999999999999964	45
249	3	2	5.103999999999996	85.01200000000003
249	4	2	4.9999999999999964	125.00000000000003
249	5	2	4.9999999999999964	165.00000000000009
249	6	2	45.00000000000003	5.000000000000002
249	7	2	45.00000000000002	45.29999999999999
249	8	2	45.86799999999999	85.59599999999999
249	9	2	45.00000000000003	124.99999999999997
249	10	2	44.708000000000006	164.88799999999992
249	11	2	84.944	5.036000000000003
249	12	2	84.99999999999997	45.00000000000002
249	13	2	85.36625514403288	85.38683127572016
249	14	2	85.36051502145926	125.70386266094418
249	15	2	85.23999999999994	165.04399999999987
249	16	2	125.58333333333334	6.666666666666667
249	17	2	124.89200000000001	45.011999999999986
249	18	2	125.10800000000002	85.01999999999997
249	19	2	124.99600000000004	125.09999999999997
249	20	2	125.64400000000002	164.62800000000001
249	21	2	165.33600000000004	5.108
249	22	2	164.99999999999994	45.00000000000002
249	23	2	164.99999999999994	84.99999999999997
249	24	2	164.86799999999997	125.09599999999999
249	25	2	164.3235294117647	164.5882352941177
249	26	1	56.09418837675351	14.697394789579167
249	27	1	89.39321357285432	110.29540918163677
249	28	1	65.64800000000002	68.07200000000002
249	29	1	84.06187624750493	64.29341317365271
249	30	1	183.98003992015967	141.07185628742525
249	31	1	126.37000000000002	141.83399999999997
249	32	1	24.109780439121753	110.50299401197604
249	33	1	118.16000000000004	177.56000000000003
249	34	1	178.55089820359282	152.5409181636727
249	35	1	145.85200000000006	156.87400000000005
249	36	1	143.25399999999988	197.058
249	37	1	137.0597609561754	182.38247011952194
249	38	1	58.56513026052105	185.60721442885773
249	39	1	163.38400000000013	184.2560000000001
249	40	1	15.387225548902192	18.68662674650698
249	41	1	110.8303393213573	155.19361277445105
249	42	1	38.14770459081834	187.5069860279442
249	43	1	22.04799999999999	92.08600000000001
249	44	1	65.78243512974056	165.15568862275464
249	45	1	47.02400000000003	99.57
250	1	2	4.927999999999999	4.604000000000001
250	2	2	4.9999999999999964	45
250	3	2	5.103999999999996	85.01200000000003
250	4	2	4.9999999999999964	125.00000000000003
250	5	2	4.9999999999999964	165.00000000000009
250	6	2	45.00000000000003	5.000000000000002
250	7	2	45.00000000000002	45.29999999999999
250	8	2	45.86799999999999	85.59599999999999
250	9	2	45.00000000000003	124.99999999999997
250	10	2	44.708000000000006	164.88799999999992
250	11	2	84.944	5.036000000000003
250	12	2	84.99999999999997	45.00000000000002
250	13	2	85.36625514403288	85.38683127572016
250	14	2	85.36051502145926	125.70386266094418
250	15	2	85.23999999999994	165.04399999999987
250	16	2	125.58333333333334	6.666666666666667
250	17	2	124.89200000000001	45.011999999999986
250	18	2	125.10800000000002	85.01999999999997
250	19	2	124.99600000000004	125.09999999999997
250	20	2	125.64400000000002	164.62800000000001
250	21	2	165.33600000000004	5.108
250	22	2	164.99999999999994	45.00000000000002
250	23	2	164.99999999999994	84.99999999999997
250	24	2	164.86799999999997	125.09599999999999
250	25	2	164.3235294117647	164.5882352941177
250	26	1	56	14.778443113772445
250	27	1	89.53692614770456	110.33932135728539
250	28	1	65.64599999999997	67.99999999999993
250	29	1	84.12175648702585	64.36127744510975
250	30	1	184.063872255489	141.0718562874251
250	31	1	126.40480961923848	141.92184368737475
250	32	1	24.126000000000023	110.46600000000002
250	33	1	118.25250501002002	177.69338677354705
250	34	1	178.63600000000002	152.538
250	35	1	145.80199999999996	156.81400000000014
250	36	1	143.2739999999999	197.046
250	37	1	137.07800000000006	182.38999999999996
250	38	1	58.628742514970064	185.45908183632747
250	39	1	163.4031936127746	184.2974051896208
250	40	1	15.164328657314622	18.829659318637272
250	41	1	110.75449101796409	155.20558882235528
250	42	1	38.18326693227086	187.5697211155378
250	43	1	21.884231536926155	92.21756487025954
250	44	1	65.81400000000004	165.03200000000004
250	45	1	47.116	99.55999999999997
251	1	2	4.927999999999999	4.604000000000001
251	2	2	4.9999999999999964	45
251	3	2	5.103999999999996	85.01200000000003
251	4	2	4.9999999999999964	125.00000000000003
251	5	2	4.9999999999999964	165.00000000000009
251	6	2	45.00000000000003	5.000000000000002
251	7	2	45.00000000000002	45.29999999999999
251	8	2	45.86799999999999	85.59599999999999
251	9	2	45.00000000000003	124.99999999999997
251	10	2	44.708000000000006	164.88799999999992
251	11	2	84.944	5.036000000000003
251	12	2	84.99999999999997	45.00000000000002
251	13	2	85.36625514403288	85.38683127572016
251	14	2	85.36051502145926	125.70386266094418
251	15	2	85.23999999999994	165.04399999999987
251	16	2	125.58333333333334	6.666666666666667
251	17	2	124.89200000000001	45.011999999999986
251	18	2	125.10800000000002	85.01999999999997
251	19	2	124.99600000000004	125.09999999999997
251	20	2	125.64400000000002	164.62800000000001
251	21	2	165.33600000000004	5.108
251	22	2	164.99999999999994	45.00000000000002
251	23	2	164.99999999999994	84.99999999999997
251	24	2	164.86799999999997	125.09599999999999
251	25	2	164.3235294117647	164.5882352941177
251	26	1	55.921999999999976	14.785999999999982
251	27	1	89.52295409181633	110.3153692614771
251	28	1	65.62350597609557	68.00398406374507
251	29	1	84.1317365269461	64.48702594810382
251	30	1	184.27399999999997	141.09400000000005
251	31	1	126.33732534930137	142.01397205588827
251	32	1	24.138000000000027	110.44600000000004
251	33	1	118.25349301397202	177.80439121756459
251	34	1	178.55	152.4540000000001
251	35	1	145.7684630738522	156.7704590818363
251	36	1	143.309381237525	197.09780439121772
251	37	1	137.17399999999995	182.3380000000001
251	38	1	58.712574850299355	185.41117764471056
251	39	1	163.44910179640738	184.32534930139715
251	40	1	15.115999999999998	19.026
251	41	1	110.61799999999997	155.2779999999999
251	42	1	38.32934131736535	187.60079840319375
251	43	1	21.896414342629456	92.27689243027878
251	44	1	65.78243512974055	164.95808383233543
251	45	1	47.20440881763529	99.53707414829664
252	1	2	4.927999999999999	4.604000000000001
252	2	2	4.9999999999999964	45
252	3	2	5.103999999999996	85.01200000000003
252	4	2	4.9999999999999964	125.00000000000003
252	5	2	4.9999999999999964	165.00000000000009
252	6	2	45.00000000000003	5.000000000000002
252	7	2	45.00000000000002	45.29999999999999
252	8	2	45.86799999999999	85.59599999999999
252	9	2	45.00000000000003	124.99999999999997
252	10	2	44.708000000000006	164.88799999999992
252	11	2	84.944	5.036000000000003
252	12	2	84.99999999999997	45.00000000000002
252	13	2	85.36625514403288	85.38683127572016
252	14	2	85.36051502145926	125.70386266094418
252	15	2	85.23999999999994	165.04399999999987
252	16	2	125.58333333333334	6.666666666666667
252	17	2	124.89200000000001	45.011999999999986
252	18	2	125.10800000000002	85.01999999999997
252	19	2	124.99600000000004	125.09999999999997
252	20	2	125.64400000000002	164.62800000000001
252	21	2	165.33600000000004	5.108
252	22	2	164.99999999999994	45.00000000000002
252	23	2	164.99999999999994	84.99999999999997
252	24	2	164.86799999999997	125.09599999999999
252	25	2	164.3235294117647	164.5882352941177
252	26	1	55.89799999999998	14.760000000000016
252	27	1	89.49700598802393	110.3433133732535
252	28	1	65.65139442231079	67.92828685258966
252	29	1	84.24399999999993	64.54400000000003
252	30	1	184.45109780439122	141.07984031936124
252	31	1	126.35	142.0979999999999
252	32	1	24.162324649298597	110.50100200400811
252	33	1	118.32734530938119	177.90419161676678
252	34	1	178.64071856287427	152.42115768463074
252	35	1	145.78557114228448	156.76152304609215
252	36	1	143.35329341317362	197.193612774451
252	37	1	137.1960000000001	182.332
252	38	1	58.87025948103795	185.38323353293413
252	39	1	163.37524950099817	184.35728542914183
252	40	1	14.995991983967933	19.162324649298586
252	41	1	110.60756972111557	155.2888446215139
252	42	1	38.407185628742525	187.6147704590817
252	43	1	21.834331337325338	92.36926147704584
252	44	1	65.81237524950106	164.86626746506977
252	45	1	47.23552894211583	99.49301397205585
253	1	2	4.927999999999999	4.604000000000001
253	2	2	4.9999999999999964	45
253	3	2	5.103999999999996	85.01200000000003
253	4	2	4.9999999999999964	125.00000000000003
253	5	2	4.9999999999999964	165.00000000000009
253	6	2	45.00000000000003	5.000000000000002
253	7	2	45.00000000000002	45.29999999999999
253	8	2	45.86799999999999	85.59599999999999
253	9	2	45.00000000000003	124.99999999999997
253	10	2	44.708000000000006	164.88799999999992
253	11	2	84.944	5.036000000000003
253	12	2	84.99999999999997	45.00000000000002
253	13	2	85.36625514403288	85.38683127572016
253	14	2	85.36051502145926	125.70386266094418
253	15	2	85.23999999999994	165.04399999999987
253	16	2	125.58333333333334	6.666666666666667
253	17	2	124.89200000000001	45.011999999999986
253	18	2	125.10800000000002	85.01999999999997
253	19	2	124.99600000000004	125.09999999999997
253	20	2	125.64400000000002	164.62800000000001
253	21	2	165.33600000000004	5.108
253	22	2	164.99999999999994	45.00000000000002
253	23	2	164.99999999999994	84.99999999999997
253	24	2	164.86799999999997	125.09599999999999
253	25	2	164.3235294117647	164.5882352941177
253	26	1	55.91417165668666	14.62075848303394
253	27	1	89.59281437125746	110.34331337325342
253	28	1	65.80677290836653	67.9721115537848
253	29	1	84.35199999999989	64.508
253	30	1	184.58199999999997	141.06800000000007
253	31	1	126.35	142.1020000000001
253	32	1	24.11000000000001	110.49400000000006
253	33	1	118.3253493013972	177.98403193612768
253	34	1	178.61277445109778	152.377245508982
253	35	1	145.77800000000002	156.7220000000001
253	36	1	143.4000000000001	197.21200000000007
253	37	1	137.35000000000014	182.254
253	38	1	59.057884231536924	185.195608782435
253	39	1	163.41716566866268	184.39720558882237
253	40	1	15.00400000000001	19.279999999999973
253	41	1	110.62800000000001	155.3160000000002
253	42	1	38.56287425149701	187.56087824351306
253	43	1	21.986000000000015	92.28999999999995
253	44	1	65.83767535070146	164.57515030060125
253	45	1	47.313373253493005	99.5209580838323
254	1	2	4.927999999999999	4.604000000000001
254	2	2	4.9999999999999964	45
254	3	2	5.103999999999996	85.01200000000003
254	4	2	4.9999999999999964	125.00000000000003
254	5	2	4.9999999999999964	165.00000000000009
254	6	2	45.00000000000003	5.000000000000002
254	7	2	45.00000000000002	45.29999999999999
254	8	2	45.86799999999999	85.59599999999999
254	9	2	45.00000000000003	124.99999999999997
254	10	2	44.708000000000006	164.88799999999992
254	11	2	84.944	5.036000000000003
254	12	2	84.99999999999997	45.00000000000002
254	13	2	85.36625514403288	85.38683127572016
254	14	2	85.36051502145926	125.70386266094418
254	15	2	85.23999999999994	165.04399999999987
254	16	2	125.58333333333334	6.666666666666667
254	17	2	124.89200000000001	45.011999999999986
254	18	2	125.10800000000002	85.01999999999997
254	19	2	124.99600000000004	125.09999999999997
254	20	2	125.64400000000002	164.62800000000001
254	21	2	165.33600000000004	5.108
254	22	2	164.99999999999994	45.00000000000002
254	23	2	164.99999999999994	84.99999999999997
254	24	2	164.86799999999997	125.09599999999999
254	25	2	164.3235294117647	164.5882352941177
254	26	1	55.90019960079836	14.68263473053893
254	27	1	89.6247504990019	110.43113772455078
254	28	1	65.89	67.92199999999998
254	29	1	84.42914171656693	64.59481037924151
254	30	1	184.83800000000002	141.09399999999997
254	31	1	126.44599999999993	142.20200000000003
254	32	1	24.081836327345307	110.51097804391208
254	33	1	118.28343313373252	178.0299401197605
254	34	1	178.7125748502994	152.40918163672666
254	35	1	145.74799999999993	156.77599999999998
254	36	1	143.39679358717416	197.25651302605195
254	37	1	137.46400000000006	182.166
254	38	1	59.081999999999994	185.2319999999999
254	39	1	163.39200000000008	184.5519999999997
254	40	1	14.969999999999999	19.422000000000015
254	41	1	110.51097804391215	155.3652694610779
254	42	1	38.574850299401255	187.64071856287427
254	43	1	21.96407185628742	92.39720558882233
254	44	1	65.79	164.50200000000012
254	45	1	47.44311377245511	99.49700598802386
255	1	2	4.927999999999999	4.604000000000001
255	2	2	4.9999999999999964	45
255	3	2	5.103999999999996	85.01200000000003
255	4	2	4.9999999999999964	125.00000000000003
255	5	2	4.9999999999999964	165.00000000000009
255	6	2	45.00000000000003	5.000000000000002
255	7	2	45.00000000000002	45.29999999999999
255	8	2	45.86799999999999	85.59599999999999
255	9	2	45.00000000000003	124.99999999999997
255	10	2	44.708000000000006	164.88799999999992
255	11	2	84.944	5.036000000000003
255	12	2	84.99999999999997	45.00000000000002
255	13	2	85.36625514403288	85.38683127572016
255	14	2	85.36051502145926	125.70386266094418
255	15	2	85.23999999999994	165.04399999999987
255	16	2	125.58333333333334	6.666666666666667
255	17	2	124.89200000000001	45.011999999999986
255	18	2	125.10800000000002	85.01999999999997
255	19	2	124.99600000000004	125.09999999999997
255	20	2	125.64400000000002	164.62800000000001
255	21	2	165.33600000000004	5.108
255	22	2	164.99999999999994	45.00000000000002
255	23	2	164.99999999999994	84.99999999999997
255	24	2	164.86799999999997	125.09599999999999
255	25	2	164.3235294117647	164.5882352941177
255	26	1	55.896207584830385	14.696606786427157
255	27	1	89.66467065868261	110.46506986027948
255	28	1	65.89021956087826	67.83233532934135
255	29	1	84.53199999999995	64.67999999999998
255	30	1	185.21513944223108	141.1235059760955
255	31	1	126.45508982035928	142.22754491017966
255	32	1	23.985999999999997	110.44999999999995
255	33	1	118.26400000000004	178.11000000000007
255	34	1	178.82634730538922	152.41716566866268
255	35	1	145.80039920159695	156.7325349301397
255	36	1	143.338	197.29599999999994
255	37	1	137.57884231536931	182.0319361277443
255	38	1	59.15768463073849	185.1676646706588
255	39	1	163.34131736526936	184.7185628742517
255	40	1	14.808383233532927	19.522954091816366
255	41	1	110.44311377245506	155.42115768463086
255	42	1	38.618762475049884	187.70459081836324
255	43	1	21.830339321357293	92.46906187624752
255	44	1	65.74	164.28400000000002
255	45	1	47.453999999999986	99.46600000000008
256	1	2	4.927999999999999	4.604000000000001
256	2	2	4.9999999999999964	45
256	3	2	5.103999999999996	85.01200000000003
256	4	2	4.9999999999999964	125.00000000000003
256	5	2	4.9999999999999964	165.00000000000009
256	6	2	45.00000000000003	5.000000000000002
256	7	2	45.00000000000002	45.29999999999999
256	8	2	45.86799999999999	85.59599999999999
256	9	2	45.00000000000003	124.99999999999997
256	10	2	44.708000000000006	164.88799999999992
256	11	2	84.944	5.036000000000003
256	12	2	84.99999999999997	45.00000000000002
256	13	2	85.36625514403288	85.38683127572016
256	14	2	85.36051502145926	125.70386266094418
256	15	2	85.23999999999994	165.04399999999987
256	16	2	125.58333333333334	6.666666666666667
256	17	2	124.89200000000001	45.011999999999986
256	18	2	125.10800000000002	85.01999999999997
256	19	2	124.99600000000004	125.09999999999997
256	20	2	125.64400000000002	164.62800000000001
256	21	2	165.33600000000004	5.108
256	22	2	164.99999999999994	45.00000000000002
256	23	2	164.99999999999994	84.99999999999997
256	24	2	164.86799999999997	125.09599999999999
256	25	2	164.3235294117647	164.5882352941177
256	26	1	55.882000000000005	14.705999999999994
256	27	1	89.9539999999999	110.50999999999999
256	28	1	65.98602794411181	67.76247504990017
256	29	1	84.64400000000002	64.86799999999995
256	30	1	185.70318725099602	141.25697211155378
256	31	1	126.49498997995998	142.26252505010018
256	32	1	23.993999999999982	110.45400000000001
256	33	1	118.1736526946108	178.1696606786426
256	34	1	178.84031936127747	152.3473053892217
256	35	1	145.78443113772434	156.7744510978043
256	36	1	143.26200000000006	197.34800000000016
256	37	1	137.64000000000001	181.90200000000002
256	38	1	59.207999999999956	185.08999999999992
256	39	1	163.30938123752517	184.76447105788432
256	40	1	14.804391217564868	19.62874251497005
256	41	1	110.28343313373243	155.47105788423164
256	42	1	38.693999999999996	187.744
256	43	1	21.782435129740527	92.53892215568858
256	44	1	65.71457085828342	164.17365269461075
256	45	1	47.511999999999986	99.39399999999998
257	1	2	4.927999999999999	4.604000000000001
257	2	2	4.9999999999999964	45
257	3	2	5.103999999999996	85.01200000000003
257	4	2	4.9999999999999964	125.00000000000003
257	5	2	4.9999999999999964	165.00000000000009
257	6	2	45.00000000000003	5.000000000000002
257	7	2	45.00000000000002	45.29999999999999
257	8	2	45.86799999999999	85.59599999999999
257	9	2	45.00000000000003	124.99999999999997
257	10	2	44.708000000000006	164.88799999999992
257	11	2	84.944	5.036000000000003
257	12	2	84.99999999999997	45.00000000000002
257	13	2	85.36625514403288	85.38683127572016
257	14	2	85.36051502145926	125.70386266094418
257	15	2	85.23999999999994	165.04399999999987
257	16	2	125.58333333333334	6.666666666666667
257	17	2	124.89200000000001	45.011999999999986
257	18	2	125.10800000000002	85.01999999999997
257	19	2	124.99600000000004	125.09999999999997
257	20	2	125.64400000000002	164.62800000000001
257	21	2	165.33600000000004	5.108
257	22	2	164.99999999999994	45.00000000000002
257	23	2	164.99999999999994	84.99999999999997
257	24	2	164.86799999999997	125.09599999999999
257	25	2	164.3235294117647	164.5882352941177
257	26	1	55.885999999999974	14.695999999999994
257	27	1	90.25548902195608	110.48502994011972
257	28	1	66.13972055888227	67.65668662674656
257	29	1	84.80599999999997	64.83200000000002
257	30	1	185.908	141.272
257	31	1	126.58964143426293	142.4143426294822
257	32	1	23.982035928143723	110.49900199600802
257	33	1	118.17399999999999	178.28000000000011
257	34	1	178.94610778443112	152.3013972055888
257	35	1	145.88822355289435	156.80638722554878
257	36	1	143.3140000000001	197.3299999999999
257	37	1	137.62599999999992	181.87800000000001
257	38	1	59.29940119760478	185.01796407185634
257	39	1	163.3572854291417	184.78243512974063
257	40	1	14.580838323353289	19.7944111776447
257	41	1	110.14600000000006	155.49599999999998
257	42	1	38.78200000000001	187.71399999999997
257	43	1	21.750499001996005	92.67065868263461
257	44	1	65.77999999999994	164.01400000000015
257	45	1	47.550898203592816	99.45109780439137
258	1	2	4.927999999999999	4.604000000000001
258	2	2	4.9999999999999964	45
258	3	2	5.103999999999996	85.01200000000003
258	4	2	4.9999999999999964	125.00000000000003
258	5	2	4.9999999999999964	165.00000000000009
258	6	2	45.00000000000003	5.000000000000002
258	7	2	45.00000000000002	45.29999999999999
258	8	2	45.86799999999999	85.59599999999999
258	9	2	45.00000000000003	124.99999999999997
258	10	2	44.708000000000006	164.88799999999992
258	11	2	84.944	5.036000000000003
258	12	2	84.99999999999997	45.00000000000002
258	13	2	85.36625514403288	85.38683127572016
258	14	2	85.36051502145926	125.70386266094418
258	15	2	85.23999999999994	165.04399999999987
258	16	2	125.58333333333334	6.666666666666667
258	17	2	124.89200000000001	45.011999999999986
258	18	2	125.10800000000002	85.01999999999997
258	19	2	124.99600000000004	125.09999999999997
258	20	2	125.64400000000002	164.62800000000001
258	21	2	165.33600000000004	5.108
258	22	2	164.99999999999994	45.00000000000002
258	23	2	164.99999999999994	84.99999999999997
258	24	2	164.86799999999997	125.09599999999999
258	25	2	164.3235294117647	164.5882352941177
258	26	1	55.81799999999994	14.794000000000004
258	27	1	90.32135728542914	110.54890219560885
258	28	1	66.19199999999998	67.676
258	29	1	84.84000000000003	64.87000000000002
258	30	1	186.10199999999998	141.28599999999997
258	31	1	126.63872255489032	142.54890219560875
258	32	1	24.043999999999983	110.59400000000001
258	33	1	118.16200000000003	178.33799999999988
258	34	1	178.94411177644707	152.2495009980041
258	35	1	145.85599999999997	156.80600000000007
258	36	1	143.2879999999999	197.33599999999996
258	37	1	137.64999999999995	181.84400000000008
258	38	1	59.469999999999985	184.93000000000023
258	39	1	163.3493013972055	184.7784431137723
258	40	1	14.446000000000007	19.83999999999999
258	41	1	109.97199999999992	155.53399999999988
258	42	1	38.96200000000002	187.65600000000006
258	43	1	21.716566866267453	92.85029940119752
258	44	1	65.76047904191617	163.77045908183644
258	45	1	47.52495009980042	99.49900199600802
259	1	2	4.927999999999999	4.604000000000001
259	2	2	4.9999999999999964	45
259	3	2	5.103999999999996	85.01200000000003
259	4	2	4.9999999999999964	125.00000000000003
259	5	2	4.9999999999999964	165.00000000000009
259	6	2	45.00000000000003	5.000000000000002
259	7	2	45.00000000000002	45.29999999999999
259	8	2	45.86799999999999	85.59599999999999
259	9	2	45.00000000000003	124.99999999999997
259	10	2	44.708000000000006	164.88799999999992
259	11	2	84.944	5.036000000000003
259	12	2	84.99999999999997	45.00000000000002
259	13	2	85.36625514403288	85.38683127572016
259	14	2	85.36051502145926	125.70386266094418
259	15	2	85.23999999999994	165.04399999999987
259	16	2	125.58333333333334	6.666666666666667
259	17	2	124.89200000000001	45.011999999999986
259	18	2	125.10800000000002	85.01999999999997
259	19	2	124.99600000000004	125.09999999999997
259	20	2	125.64400000000002	164.62800000000001
259	21	2	165.33600000000004	5.108
259	22	2	164.99999999999994	45.00000000000002
259	23	2	164.99999999999994	84.99999999999997
259	24	2	164.86799999999997	125.09599999999999
259	25	2	164.3235294117647	164.5882352941177
259	26	1	55.81799999999999	14.682000000000004
259	27	1	90.55089820359274	110.51097804391217
259	28	1	66.1936127744511	67.75848303393214
259	29	1	84.7684630738524	64.82435129740516
259	30	1	186.3013972055888	141.40518962075845
259	31	1	126.6826347305389	142.64471057884225
259	32	1	24.03393213572855	110.65469061876254
259	33	1	118.16199999999999	178.35600000000008
259	34	1	178.984	152.1999999999998
259	35	1	145.86027944111777	156.78443113772465
259	36	1	143.27544910179645	197.39121756487035
259	37	1	137.666	181.82600000000005
259	38	1	59.54200000000005	184.82199999999995
259	39	1	163.37325349301383	184.67465069860268
259	40	1	14.367999999999999	19.917999999999996
259	41	1	109.838	155.53999999999982
259	42	1	38.914171656686676	187.73453093812387
259	43	1	21.648000000000007	92.96199999999999
259	44	1	65.72200000000005	163.6919999999999
259	45	1	47.475049900199586	99.54091816367267
260	1	2	4.927999999999999	4.604000000000001
260	2	2	4.9999999999999964	45
260	3	2	5.103999999999996	85.01200000000003
260	4	2	4.9999999999999964	125.00000000000003
260	5	2	4.9999999999999964	165.00000000000009
260	6	2	45.00000000000003	5.000000000000002
260	7	2	45.00000000000002	45.29999999999999
260	8	2	45.86799999999999	85.59599999999999
260	9	2	45.00000000000003	124.99999999999997
260	10	2	44.708000000000006	164.88799999999992
260	11	2	84.944	5.036000000000003
260	12	2	84.99999999999997	45.00000000000002
260	13	2	85.36625514403288	85.38683127572016
260	14	2	85.36051502145926	125.70386266094418
260	15	2	85.23999999999994	165.04399999999987
260	16	2	125.58333333333334	6.666666666666667
260	17	2	124.89200000000001	45.011999999999986
260	18	2	125.10800000000002	85.01999999999997
260	19	2	124.99600000000004	125.09999999999997
260	20	2	125.64400000000002	164.62800000000001
260	21	2	165.33600000000004	5.108
260	22	2	164.99999999999994	45.00000000000002
260	23	2	164.99999999999994	84.99999999999997
260	24	2	164.86799999999997	125.09599999999999
260	25	2	164.3235294117647	164.5882352941177
260	26	1	55.79599999999999	14.731999999999982
260	27	1	90.85999999999999	110.43799999999996
260	28	1	66.33532934131746	67.7644710578842
260	29	1	84.756	64.83000000000007
260	30	1	186.412	141.58600000000018
260	31	1	126.72	142.83399999999978
260	32	1	24.073999999999998	110.60200000000002
260	33	1	118.16833667334672	178.39078156312615
260	34	1	178.93800000000005	152.1120000000001
260	35	1	145.87199999999996	156.78399999999985
260	36	1	143.30339321357292	197.3532934131736
260	37	1	137.70259481037917	181.7824351297405
260	38	1	59.52400000000002	184.6639999999999
260	39	1	163.44910179640726	184.70059880239532
260	40	1	14.233532934131741	19.97405189620759
260	41	1	109.72800000000011	155.54400000000015
260	42	1	39.017999999999994	187.7319999999999
260	43	1	21.584000000000007	93.05799999999996
260	44	1	65.7285429141717	163.44710578842327
260	45	1	47.53999999999998	99.56199999999995
261	1	2	4.927999999999999	4.604000000000001
261	2	2	4.9999999999999964	45
261	3	2	5.103999999999996	85.01200000000003
261	4	2	4.9999999999999964	125.00000000000003
261	5	2	4.9999999999999964	165.00000000000009
261	6	2	45.00000000000003	5.000000000000002
261	7	2	45.00000000000002	45.29999999999999
261	8	2	45.86799999999999	85.59599999999999
261	9	2	45.00000000000003	124.99999999999997
261	10	2	44.708000000000006	164.88799999999992
261	11	2	84.944	5.036000000000003
261	12	2	84.99999999999997	45.00000000000002
261	13	2	85.36625514403288	85.38683127572016
261	14	2	85.36051502145926	125.70386266094418
261	15	2	85.23999999999994	165.04399999999987
261	16	2	125.58333333333334	6.666666666666667
261	17	2	124.89200000000001	45.011999999999986
261	18	2	125.10800000000002	85.01999999999997
261	19	2	124.99600000000004	125.09999999999997
261	20	2	125.64400000000002	164.62800000000001
261	21	2	165.33600000000004	5.108
261	22	2	164.99999999999994	45.00000000000002
261	23	2	164.99999999999994	84.99999999999997
261	24	2	164.86799999999997	125.09599999999999
261	25	2	164.3235294117647	164.5882352941177
261	26	1	55.78399999999999	14.725999999999999
261	27	1	91.11000000000001	110.53999999999982
261	28	1	66.4151696606786	67.74251497005986
261	29	1	84.794	64.82799999999999
261	30	1	186.7125748502994	141.64271457085823
261	31	1	126.70858283433138	142.82235528942113
261	32	1	24.010020040080157	110.62124248497004
261	33	1	118.09780439121758	178.45508982035938
261	34	1	178.89421157684632	152.0479041916167
261	35	1	145.84800000000004	156.77000000000007
261	36	1	143.28400000000013	197.3360000000001
261	37	1	137.83632734530957	181.6487025948102
261	38	1	59.74400000000003	184.5019999999999
261	39	1	163.46200000000005	184.72199999999995
261	40	1	14.151696606786423	19.97604790419162
261	41	1	109.65199999999996	155.62199999999982
261	42	1	39.20558882235528	187.83033932135726
261	43	1	21.371257485029936	93.26746506986021
261	44	1	65.73053892215572	163.1936127744512
261	45	1	47.48103792415171	99.57285429141706
262	1	2	4.927999999999999	4.604000000000001
262	2	2	4.9999999999999964	45
262	3	2	5.103999999999996	85.01200000000003
262	4	2	4.9999999999999964	125.00000000000003
262	5	2	4.9999999999999964	165.00000000000009
262	6	2	45.00000000000003	5.000000000000002
262	7	2	45.00000000000002	45.29999999999999
262	8	2	45.86799999999999	85.59599999999999
262	9	2	45.00000000000003	124.99999999999997
262	10	2	44.708000000000006	164.88799999999992
262	11	2	84.944	5.036000000000003
262	12	2	84.99999999999997	45.00000000000002
262	13	2	85.36625514403288	85.38683127572016
262	14	2	85.36051502145926	125.70386266094418
262	15	2	85.23999999999994	165.04399999999987
262	16	2	125.58333333333334	6.666666666666667
262	17	2	124.89200000000001	45.011999999999986
262	18	2	125.10800000000002	85.01999999999997
262	19	2	124.99600000000004	125.09999999999997
262	20	2	125.64400000000002	164.62800000000001
262	21	2	165.33600000000004	5.108
262	22	2	164.99999999999994	45.00000000000002
262	23	2	164.99999999999994	84.99999999999997
262	24	2	164.86799999999997	125.09599999999999
262	25	2	164.3235294117647	164.5882352941177
262	26	1	55.76800000000002	14.779999999999994
262	27	1	91.19799999999998	110.66599999999993
262	28	1	66.4960159362549	67.80876494023906
262	29	1	84.80799999999996	64.864
262	30	1	186.76000000000002	141.59800000000013
262	31	1	126.79999999999997	142.85999999999999
262	32	1	24.055999999999983	110.61799999999995
262	33	1	118.08016032064123	178.57314629258505
262	34	1	178.8842315369261	151.9780439121755
262	35	1	145.85229540918183	156.82235528942124
262	36	1	143.26400000000007	197.31800000000004
262	37	1	137.86399999999986	181.57799999999997
262	38	1	59.74302788844621	184.39641434262953
262	39	1	163.4351297405188	184.7325349301397
262	40	1	13.96993987975952	20.084168336673343
262	41	1	109.48502994011982	155.65469061876234
262	42	1	39.22754491017972	187.87425149700593
262	43	1	21.282000000000004	93.35800000000002
262	44	1	65.70399999999991	163.0159999999999
262	45	1	47.50999999999999	99.562
263	1	2	4.927999999999999	4.604000000000001
263	2	2	4.9999999999999964	45
263	3	2	5.103999999999996	85.01200000000003
263	4	2	4.9999999999999964	125.00000000000003
263	5	2	4.9999999999999964	165.00000000000009
263	6	2	45.00000000000003	5.000000000000002
263	7	2	45.00000000000002	45.29999999999999
263	8	2	45.86799999999999	85.59599999999999
263	9	2	45.00000000000003	124.99999999999997
263	10	2	44.708000000000006	164.88799999999992
263	11	2	84.944	5.036000000000003
263	12	2	84.99999999999997	45.00000000000002
263	13	2	85.36625514403288	85.38683127572016
263	14	2	85.36051502145926	125.70386266094418
263	15	2	85.23999999999994	165.04399999999987
263	16	2	125.58333333333334	6.666666666666667
263	17	2	124.89200000000001	45.011999999999986
263	18	2	125.10800000000002	85.01999999999997
263	19	2	124.99600000000004	125.09999999999997
263	20	2	125.64400000000002	164.62800000000001
263	21	2	165.33600000000004	5.108
263	22	2	164.99999999999994	45.00000000000002
263	23	2	164.99999999999994	84.99999999999997
263	24	2	164.86799999999997	125.09599999999999
263	25	2	164.3235294117647	164.5882352941177
263	26	1	55.727999999999994	14.808
263	27	1	91.32800000000005	110.53199999999994
263	28	1	66.50299401197606	67.72255489021958
263	29	1	84.69261477045904	64.85229540918158
263	30	1	186.89221556886224	141.65469061876243
263	31	1	126.84630738522951	142.87225548902205
263	32	1	24.09018036072145	110.69138276553106
263	33	1	118.05200000000002	178.598
263	34	1	178.80200000000005	151.88400000000024
263	35	1	145.92015968063865	156.8143712574849
263	36	1	143.27399999999997	197.27599999999998
263	37	1	137.95400000000004	181.4460000000002
263	38	1	59.878486055776854	184.29482071713142
263	39	1	163.50200000000012	184.72999999999996
263	40	1	13.854000000000003	20.169999999999998
263	41	1	109.45109780439124	155.67664670658698
263	42	1	39.324000000000005	187.87000000000003
263	43	1	21.25748502994013	93.45708582834337
263	44	1	65.61277445109779	162.91616766467064
263	45	1	47.50499001996009	99.5728542914172
264	1	2	4.927999999999999	4.604000000000001
264	2	2	4.9999999999999964	45
264	3	2	5.103999999999996	85.01200000000003
264	4	2	4.9999999999999964	125.00000000000003
264	5	2	4.9999999999999964	165.00000000000009
264	6	2	45.00000000000003	5.000000000000002
264	7	2	45.00000000000002	45.29999999999999
264	8	2	45.86799999999999	85.59599999999999
264	9	2	45.00000000000003	124.99999999999997
264	10	2	44.708000000000006	164.88799999999992
264	11	2	84.944	5.036000000000003
264	12	2	84.99999999999997	45.00000000000002
264	13	2	85.36625514403288	85.38683127572016
264	14	2	85.36051502145926	125.70386266094418
264	15	2	85.23999999999994	165.04399999999987
264	16	2	125.58333333333334	6.666666666666667
264	17	2	124.89200000000001	45.011999999999986
264	18	2	125.10800000000002	85.01999999999997
264	19	2	124.99600000000004	125.09999999999997
264	20	2	125.64400000000002	164.62800000000001
264	21	2	165.33600000000004	5.108
264	22	2	164.99999999999994	45.00000000000002
264	23	2	164.99999999999994	84.99999999999997
264	24	2	164.86799999999997	125.09599999999999
264	25	2	164.3235294117647	164.5882352941177
264	26	1	55.72000000000003	14.768000000000004
264	27	1	91.60120240480951	110.45490981963928
264	28	1	66.53493013972061	67.59081836327343
264	29	1	84.74451097804395	64.90818363273452
264	30	1	186.984	141.72000000000008
264	31	1	126.81999999999996	142.8500000000001
264	32	1	24.170000000000005	110.67800000000005
264	33	1	118.03599999999997	178.53799999999993
264	34	1	178.84599999999983	151.87399999999982
264	35	1	145.95608782435116	156.88023952095807
264	36	1	143.19	197.3380000000002
264	37	1	137.97000000000006	181.42400000000004
264	38	1	59.93600000000007	184.2660000000001
264	39	1	163.50499001996008	184.69261477045907
264	40	1	13.614	20.290000000000013
264	41	1	109.38600000000005	155.67800000000005
264	42	1	39.380000000000024	187.8919999999999
264	43	1	21.130000000000024	93.564
264	44	1	65.49101796407187	162.71257485029955
264	45	1	47.523046092184394	99.61322645290589
265	1	2	4.927999999999999	4.604000000000001
265	2	2	4.9999999999999964	45
265	3	2	5.103999999999996	85.01200000000003
265	4	2	4.9999999999999964	125.00000000000003
265	5	2	4.9999999999999964	165.00000000000009
265	6	2	45.00000000000003	5.000000000000002
265	7	2	45.00000000000002	45.29999999999999
265	8	2	45.86799999999999	85.59599999999999
265	9	2	45.00000000000003	124.99999999999997
265	10	2	44.708000000000006	164.88799999999992
265	11	2	84.944	5.036000000000003
265	12	2	84.99999999999997	45.00000000000002
265	13	2	85.36625514403288	85.38683127572016
265	14	2	85.36051502145926	125.70386266094418
265	15	2	85.23999999999994	165.04399999999987
265	16	2	125.58333333333334	6.666666666666667
265	17	2	124.89200000000001	45.011999999999986
265	18	2	125.10800000000002	85.01999999999997
265	19	2	124.99600000000004	125.09999999999997
265	20	2	125.64400000000002	164.62800000000001
265	21	2	165.33600000000004	5.108
265	22	2	164.99999999999994	45.00000000000002
265	23	2	164.99999999999994	84.99999999999997
265	24	2	164.86799999999997	125.09599999999999
265	25	2	164.3235294117647	164.5882352941177
265	26	1	55.755999999999986	14.726
265	27	1	91.66600000000003	110.43999999999998
265	28	1	66.61077844311377	67.5249500998003
265	29	1	84.68400000000003	64.89800000000001
265	30	1	187.23752495009978	141.78243512974032
265	31	1	126.89400000000006	142.92199999999988
265	32	1	24.155999999999995	110.70399999999998
265	33	1	118.02794411177648	178.558882235529
265	34	1	178.69000000000008	151.6720000000001
265	35	1	146.00000000000003	156.8799999999999
265	36	1	143.18400000000005	197.33600000000007
265	37	1	138.058	181.3600000000002
265	38	1	60.01796407185629	184.1716566866269
265	39	1	163.50600000000009	184.74999999999983
265	40	1	13.551792828685263	20.358565737051787
265	41	1	109.29540918163673	155.76247504990025
265	42	1	39.42115768463074	187.9401197604789
265	43	1	20.92828685258965	93.72509960159364
265	44	1	65.42599999999999	162.51799999999997
265	45	1	47.495999999999974	99.59600000000005
266	1	2	4.927999999999999	4.604000000000001
266	2	2	4.9999999999999964	45
266	3	2	5.103999999999996	85.01200000000003
266	4	2	4.9999999999999964	125.00000000000003
266	5	2	4.9999999999999964	165.00000000000009
266	6	2	45.00000000000003	5.000000000000002
266	7	2	45.00000000000002	45.29999999999999
266	8	2	45.86799999999999	85.59599999999999
266	9	2	45.00000000000003	124.99999999999997
266	10	2	44.708000000000006	164.88799999999992
266	11	2	84.944	5.036000000000003
266	12	2	84.99999999999997	45.00000000000002
266	13	2	85.36625514403288	85.38683127572016
266	14	2	85.36051502145926	125.70386266094418
266	15	2	85.23999999999994	165.04399999999987
266	16	2	125.58333333333334	6.666666666666667
266	17	2	124.89200000000001	45.011999999999986
266	18	2	125.10800000000002	85.01999999999997
266	19	2	124.99600000000004	125.09999999999997
266	20	2	125.64400000000002	164.62800000000001
266	21	2	165.33600000000004	5.108
266	22	2	164.99999999999994	45.00000000000002
266	23	2	164.99999999999994	84.99999999999997
266	24	2	164.86799999999997	125.09599999999999
266	25	2	164.3235294117647	164.5882352941177
266	26	1	55.79	14.585999999999995
266	27	1	91.80200000000006	110.50399999999996
266	28	1	66.66000000000003	67.632
266	29	1	84.68999999999998	64.96999999999996
266	30	1	187.50299401197606	141.89221556886213
266	31	1	126.8842315369262	143.007984031936
266	32	1	24.103792415169675	110.77045908183638
266	33	1	118.02999999999993	178.59800000000004
266	34	1	178.70599999999985	151.66200000000003
266	35	1	146.02599999999998	156.79199999999994
266	36	1	143.18400000000005	197.33600000000007
266	37	1	138.12399999999982	181.27600000000024
266	38	1	60.04599999999998	184.006
266	39	1	163.53093812375258	184.71856287425132
266	40	1	13.316	20.53800000000002
266	41	1	109.25548902195601	155.750499001996
266	42	1	39.461077844311404	187.98602794411187
266	43	1	20.79441117764471	93.89620758483035
266	44	1	65.45109780439121	162.39520958083835
266	45	1	47.41516966067866	99.62075848303402
267	1	2	4.927999999999999	4.604000000000001
267	2	2	4.9999999999999964	45
267	3	2	5.103999999999996	85.01200000000003
267	4	2	4.9999999999999964	125.00000000000003
267	5	2	4.9999999999999964	165.00000000000009
267	6	2	45.00000000000003	5.000000000000002
267	7	2	45.00000000000002	45.29999999999999
267	8	2	45.86799999999999	85.59599999999999
267	9	2	45.00000000000003	124.99999999999997
267	10	2	44.708000000000006	164.88799999999992
267	11	2	84.944	5.036000000000003
267	12	2	84.99999999999997	45.00000000000002
267	13	2	85.36625514403288	85.38683127572016
267	14	2	85.36051502145926	125.70386266094418
267	15	2	85.23999999999994	165.04399999999987
267	16	2	125.58333333333334	6.666666666666667
267	17	2	124.89200000000001	45.011999999999986
267	18	2	125.10800000000002	85.01999999999997
267	19	2	124.99600000000004	125.09999999999997
267	20	2	125.64400000000002	164.62800000000001
267	21	2	165.33600000000004	5.108
267	22	2	164.99999999999994	45.00000000000002
267	23	2	164.99999999999994	84.99999999999997
267	24	2	164.86799999999997	125.09599999999999
267	25	2	164.3235294117647	164.5882352941177
267	26	1	55.89021956087821	14.455089820359259
267	27	1	91.81	110.536
267	28	1	66.71257485029943	67.64271457085829
267	29	1	84.67000000000007	64.95199999999994
267	30	1	187.62199999999999	141.94200000000018
267	31	1	126.848	143.0320000000001
267	32	1	24.114000000000022	110.79
267	33	1	117.96007984031928	178.5429141716566
267	34	1	178.57684630738518	151.53692614770466
267	35	1	146.03406813627245	156.88777555110227
267	36	1	143.126	197.37000000000006
267	37	1	138.26052104208424	181.14428857715436
267	38	1	60.189620758483024	183.83233532934156
267	39	1	163.4849699398796	184.6573146292586
267	40	1	13.035928143712574	20.650698602794403
267	41	1	109.19639278557119	155.78757515030065
267	42	1	39.59481037924149	187.9421157684632
267	43	1	20.700000000000003	94.04200000000006
267	44	1	65.38722554890222	162.15968063872253
267	45	1	47.44200000000003	99.60800000000005
268	1	2	4.927999999999999	4.604000000000001
268	2	2	4.9999999999999964	45
268	3	2	5.103999999999996	85.01200000000003
268	4	2	4.9999999999999964	125.00000000000003
268	5	2	4.9999999999999964	165.00000000000009
268	6	2	45.00000000000003	5.000000000000002
268	7	2	45.00000000000002	45.29999999999999
268	8	2	45.86799999999999	85.59599999999999
268	9	2	45.00000000000003	124.99999999999997
268	10	2	44.708000000000006	164.88799999999992
268	11	2	84.944	5.036000000000003
268	12	2	84.99999999999997	45.00000000000002
268	13	2	85.36625514403288	85.38683127572016
268	14	2	85.36051502145926	125.70386266094418
268	15	2	85.23999999999994	165.04399999999987
268	16	2	125.58333333333334	6.666666666666667
268	17	2	124.89200000000001	45.011999999999986
268	18	2	125.10800000000002	85.01999999999997
268	19	2	124.99600000000004	125.09999999999997
268	20	2	125.64400000000002	164.62800000000001
268	21	2	165.33600000000004	5.108
268	22	2	164.99999999999994	45.00000000000002
268	23	2	164.99999999999994	84.99999999999997
268	24	2	164.86799999999997	125.09599999999999
268	25	2	164.3235294117647	164.5882352941177
268	26	1	55.86400000000001	14.488000000000017
268	27	1	91.91217564870253	110.5189620758482
268	28	1	66.77045908183638	67.61477045908185
268	29	1	84.6327345309382	64.9880239520958
268	30	1	187.792	142.07000000000002
268	31	1	126.80439121756487	143.0399201596807
268	32	1	24.105788423153687	110.82634730538925
268	33	1	117.82435129740529	178.5169660678643
268	34	1	178.51497005988014	151.46506986027936
268	35	1	146.03799999999995	156.82599999999982
268	36	1	143.06	197.4140000000002
268	37	1	138.2660000000002	181.00599999999986
268	38	1	60.30060120240485	183.62525050100177
268	39	1	163.4491017964074	184.69261477045922
268	40	1	12.820359281437122	20.744510978043923
268	41	1	109.09799999999993	155.7760000000002
268	42	1	39.697999999999965	188.0080000000001
268	43	1	20.65269461077846	94.08982035928143
268	44	1	65.3187250996016	162.01593625498026
268	45	1	47.39400000000005	99.61799999999992
269	1	2	4.927999999999999	4.604000000000001
269	2	2	4.9999999999999964	45
269	3	2	5.103999999999996	85.01200000000003
269	4	2	4.9999999999999964	125.00000000000003
269	5	2	4.9999999999999964	165.00000000000009
269	6	2	45.00000000000003	5.000000000000002
269	7	2	45.00000000000002	45.29999999999999
269	8	2	45.86799999999999	85.59599999999999
269	9	2	45.00000000000003	124.99999999999997
269	10	2	44.708000000000006	164.88799999999992
269	11	2	84.944	5.036000000000003
269	12	2	84.99999999999997	45.00000000000002
269	13	2	85.36625514403288	85.38683127572016
269	14	2	85.36051502145926	125.70386266094418
269	15	2	85.23999999999994	165.04399999999987
269	16	2	125.58333333333334	6.666666666666667
269	17	2	124.89200000000001	45.011999999999986
269	18	2	125.10800000000002	85.01999999999997
269	19	2	124.99600000000004	125.09999999999997
269	20	2	125.64400000000002	164.62800000000001
269	21	2	165.33600000000004	5.108
269	22	2	164.99999999999994	45.00000000000002
269	23	2	164.99999999999994	84.99999999999997
269	24	2	164.86799999999997	125.09599999999999
269	25	2	164.3235294117647	164.5882352941177
269	26	1	55.87799999999998	14.532
269	27	1	92.05577689243019	110.51195219123511
269	28	1	66.79241516966073	67.66467065868272
269	29	1	84.5	64.82800000000003
269	30	1	187.9241516966068	142.00399201596804
269	31	1	126.7904191616766	143.03193612774422
269	32	1	24.027999999999995	110.89399999999998
269	33	1	117.79041916167675	178.35329341317384
269	34	1	178.6740000000001	151.48200000000006
269	35	1	146.12600000000006	156.79600000000005
269	36	1	143.0419161676647	197.44311377245512
269	37	1	138.2808764940239	180.866533864542
269	38	1	60.48799999999997	183.41399999999993
269	39	1	163.40319361277434	184.72055888223534
269	40	1	12.698000000000008	20.81600000000003
269	41	1	108.92800000000001	155.79200000000006
269	42	1	39.87824351297405	188.04990019960067
269	43	1	20.608000000000008	94.15799999999996
269	44	1	65.21756487025948	161.7524950099801
269	45	1	47.21843687374751	99.69939879759521
270	1	2	4.927999999999999	4.604000000000001
270	2	2	4.9999999999999964	45
270	3	2	5.103999999999996	85.01200000000003
270	4	2	4.9999999999999964	125.00000000000003
270	5	2	4.9999999999999964	165.00000000000009
270	6	2	45.00000000000003	5.000000000000002
270	7	2	45.00000000000002	45.29999999999999
270	8	2	45.86799999999999	85.59599999999999
270	9	2	45.00000000000003	124.99999999999997
270	10	2	44.708000000000006	164.88799999999992
270	11	2	84.944	5.036000000000003
270	12	2	84.99999999999997	45.00000000000002
270	13	2	85.36625514403288	85.38683127572016
270	14	2	85.36051502145926	125.70386266094418
270	15	2	85.23999999999994	165.04399999999987
270	16	2	125.58333333333334	6.666666666666667
270	17	2	124.89200000000001	45.011999999999986
270	18	2	125.10800000000002	85.01999999999997
270	19	2	124.99600000000004	125.09999999999997
270	20	2	125.64400000000002	164.62800000000001
270	21	2	165.33600000000004	5.108
270	22	2	164.99999999999994	45.00000000000002
270	23	2	164.99999999999994	84.99999999999997
270	24	2	164.86799999999997	125.09599999999999
270	25	2	164.3235294117647	164.5882352941177
270	26	1	55.837999999999965	14.565999999999983
270	27	1	92.13772455089823	110.35528942115766
270	28	1	66.84031936127742	67.61077844311383
270	29	1	84.45799999999994	64.81399999999998
270	30	1	187.998	142.03599999999997
270	31	1	126.836	143.11999999999998
270	32	1	24.075999999999993	110.91599999999998
270	33	1	117.83632734530936	178.38922155688633
270	34	1	178.57000000000022	151.40399999999994
270	35	1	146.10000000000005	156.77800000000002
270	36	1	143.01200000000003	197.44000000000003
270	37	1	138.4139999999999	180.78000000000003
270	38	1	60.65000000000004	183.20599999999996
270	39	1	163.41317365269475	184.82035928143736
270	40	1	12.626746506986025	20.89620758483033
270	41	1	108.80799999999998	155.83799999999997
270	42	1	40.025896414342604	188.15338645418313
270	43	1	20.530938123752474	94.24950099800395
270	44	1	65.19560878243516	161.55289421157673
270	45	1	47.29399999999997	99.64599999999993
271	1	2	4.927999999999999	4.604000000000001
271	2	2	4.9999999999999964	45
271	3	2	5.103999999999996	85.01200000000003
271	4	2	4.9999999999999964	125.00000000000003
271	5	2	4.9999999999999964	165.00000000000009
271	6	2	45.00000000000003	5.000000000000002
271	7	2	45.00000000000002	45.29999999999999
271	8	2	45.86799999999999	85.59599999999999
271	9	2	45.00000000000003	124.99999999999997
271	10	2	44.708000000000006	164.88799999999992
271	11	2	84.944	5.036000000000003
271	12	2	84.99999999999997	45.00000000000002
271	13	2	85.36625514403288	85.38683127572016
271	14	2	85.36051502145926	125.70386266094418
271	15	2	85.23999999999994	165.04399999999987
271	16	2	125.58333333333334	6.666666666666667
271	17	2	124.89200000000001	45.011999999999986
271	18	2	125.10800000000002	85.01999999999997
271	19	2	124.99600000000004	125.09999999999997
271	20	2	125.64400000000002	164.62800000000001
271	21	2	165.33600000000004	5.108
271	22	2	164.99999999999994	45.00000000000002
271	23	2	164.99999999999994	84.99999999999997
271	24	2	164.86799999999997	125.09599999999999
271	25	2	164.3235294117647	164.5882352941177
271	26	1	55.81400000000002	14.609999999999983
271	27	1	92.14770459081839	110.31536926147702
271	28	1	66.80838323353294	67.6526946107785
271	29	1	84.45109780439124	64.81237524950103
271	30	1	188.028	142.01800000000011
271	31	1	126.87400000000001	143.232
271	32	1	24.049900199600767	110.932135728543
271	33	1	117.79399999999997	178.32400000000004
271	34	1	178.566866267465	151.3872255489021
271	35	1	146.11200000000005	156.74599999999992
271	36	1	143.02199999999982	197.47200000000012
271	37	1	138.4530938123754	180.68662674650702
271	38	1	60.74103585657369	182.96613545816746
271	39	1	163.41516966067863	184.8622754491018
271	40	1	12.422000000000013	20.985999999999986
271	41	1	108.64799999999997	155.906
271	42	1	40.07569721115537	188.11155378486058
271	43	1	20.433133732534927	94.28942115768461
271	44	1	65.17564870259487	161.29740518962092
271	45	1	47.21999999999999	99.606
272	1	2	4.927999999999999	4.604000000000001
272	2	2	4.9999999999999964	45
272	3	2	5.103999999999996	85.01200000000003
272	4	2	4.9999999999999964	125.00000000000003
272	5	2	4.9999999999999964	165.00000000000009
272	6	2	45.00000000000003	5.000000000000002
272	7	2	45.00000000000002	45.29999999999999
272	8	2	45.86799999999999	85.59599999999999
272	9	2	45.00000000000003	124.99999999999997
272	10	2	44.708000000000006	164.88799999999992
272	11	2	84.944	5.036000000000003
272	12	2	84.99999999999997	45.00000000000002
272	13	2	85.36625514403288	85.38683127572016
272	14	2	85.36051502145926	125.70386266094418
272	15	2	85.23999999999994	165.04399999999987
272	16	2	125.58333333333334	6.666666666666667
272	17	2	124.89200000000001	45.011999999999986
272	18	2	125.10800000000002	85.01999999999997
272	19	2	124.99600000000004	125.09999999999997
272	20	2	125.64400000000002	164.62800000000001
272	21	2	165.33600000000004	5.108
272	22	2	164.99999999999994	45.00000000000002
272	23	2	164.99999999999994	84.99999999999997
272	24	2	164.86799999999997	125.09599999999999
272	25	2	164.3235294117647	164.5882352941177
272	26	1	55.746000000000016	14.663999999999996
272	27	1	92.31600000000002	110.23600000000005
272	28	1	66.92400000000005	67.70999999999994
272	29	1	84.38123752495004	64.71656686626744
272	30	1	188.35	142.19400000000002
272	31	1	126.81237524950085	143.33333333333337
272	32	1	24.023952095808372	110.99201596806385
272	33	1	117.72199999999998	178.39800000000005
272	34	1	178.53093812375243	151.34730538922165
272	35	1	146.1417165668663	156.76846307385216
272	36	1	143.07584830339346	197.46506986027927
272	37	1	138.3592814371256	180.6786427145709
272	38	1	60.774000000000015	182.852
272	39	1	163.42714570858308	184.80838323353285
272	40	1	12.288	21.204000000000015
272	41	1	108.47200000000011	156.02999999999992
272	42	1	40.2415169660679	188.02794411177643
272	43	1	20.391217564870256	94.30538922155692
272	44	1	65.1596806387225	161.25948103792405
272	45	1	47.191616766467085	99.61676646706589
273	1	2	4.927999999999999	4.604000000000001
273	2	2	4.9999999999999964	45
273	3	2	5.103999999999996	85.01200000000003
273	4	2	4.9999999999999964	125.00000000000003
273	5	2	4.9999999999999964	165.00000000000009
273	6	2	45.00000000000003	5.000000000000002
273	7	2	45.00000000000002	45.29999999999999
273	8	2	45.86799999999999	85.59599999999999
273	9	2	45.00000000000003	124.99999999999997
273	10	2	44.708000000000006	164.88799999999992
273	11	2	84.944	5.036000000000003
273	12	2	84.99999999999997	45.00000000000002
273	13	2	85.36625514403288	85.38683127572016
273	14	2	85.36051502145926	125.70386266094418
273	15	2	85.23999999999994	165.04399999999987
273	16	2	125.58333333333334	6.666666666666667
273	17	2	124.89200000000001	45.011999999999986
273	18	2	125.10800000000002	85.01999999999997
273	19	2	124.99600000000004	125.09999999999997
273	20	2	125.64400000000002	164.62800000000001
273	21	2	165.33600000000004	5.108
273	22	2	164.99999999999994	45.00000000000002
273	23	2	164.99999999999994	84.99999999999997
273	24	2	164.86799999999997	125.09599999999999
273	25	2	164.3235294117647	164.5882352941177
273	26	1	55.72999999999998	14.693999999999994
273	27	1	92.31536926147712	110.19161676646706
273	28	1	66.994	67.71799999999993
273	29	1	84.46706586826357	64.7125748502994
273	30	1	188.40319361277446	142.26147704590807
273	31	1	126.86599999999994	143.39999999999995
273	32	1	23.99199999999999	111.03599999999996
273	33	1	117.73453093812365	178.38722554890217
273	34	1	178.5369261477047	151.36327345309383
273	35	1	146.16599999999994	156.72199999999998
273	36	1	143.03992015968052	197.48702594810385
273	37	1	138.3339999999999	180.59800000000007
273	38	1	60.79759519038079	182.70340681362723
273	39	1	163.32534930139727	184.89421157684643
273	40	1	12.079681274900395	21.40836653386455
273	41	1	108.34131736526948	156.10778443113762
273	42	1	40.30139720558882	188.11576846307378
273	43	1	20.20558882235528	94.46906187624755
273	44	1	65.13972055888222	161.10578842315363
273	45	1	47.085828343313345	99.59281437125748
274	1	2	4.927999999999999	4.604000000000001
274	2	2	4.9999999999999964	45
274	3	2	5.103999999999996	85.01200000000003
274	4	2	4.9999999999999964	125.00000000000003
274	5	2	4.9999999999999964	165.00000000000009
274	6	2	45.00000000000003	5.000000000000002
274	7	2	45.00000000000002	45.29999999999999
274	8	2	45.86799999999999	85.59599999999999
274	9	2	45.00000000000003	124.99999999999997
274	10	2	44.708000000000006	164.88799999999992
274	11	2	84.944	5.036000000000003
274	12	2	84.99999999999997	45.00000000000002
274	13	2	85.36625514403288	85.38683127572016
274	14	2	85.36051502145926	125.70386266094418
274	15	2	85.23999999999994	165.04399999999987
274	16	2	125.58333333333334	6.666666666666667
274	17	2	124.89200000000001	45.011999999999986
274	18	2	125.10800000000002	85.01999999999997
274	19	2	124.99600000000004	125.09999999999997
274	20	2	125.64400000000002	164.62800000000001
274	21	2	165.33600000000004	5.108
274	22	2	164.99999999999994	45.00000000000002
274	23	2	164.99999999999994	84.99999999999997
274	24	2	164.86799999999997	125.09599999999999
274	25	2	164.3235294117647	164.5882352941177
274	26	1	55.73400000000001	14.702
274	27	1	92.37325349301393	110.12175648702609
274	28	1	67.01400000000004	67.64800000000008
274	29	1	84.39	64.67800000000001
274	30	1	188.56799999999998	142.35200000000012
274	31	1	126.91235059760953	143.50996015936246
274	32	1	24.009980039920148	111.10978043912175
274	33	1	117.68799999999999	178.3539999999999
274	34	1	178.5740000000002	151.352
274	35	1	146.34131736526945	156.83433133732538
274	36	1	143.05988023952094	197.5089820359283
274	37	1	138.23153692614758	180.62674650698605
274	38	1	60.892215568862284	182.57285429141717
274	39	1	163.29600000000002	185.09400000000005
274	40	1	12.001992031872511	21.466135458167326
274	41	1	108.24950099800401	156.19361277445103
274	42	1	40.375249500998	188.16566866267473
274	43	1	20.137724550898202	94.60079840319358
274	44	1	65.05588822355291	161.0459081836328
274	45	1	47.114000000000054	99.59200000000004
275	1	2	4.927999999999999	4.604000000000001
275	2	2	4.9999999999999964	45
275	3	2	5.103999999999996	85.01200000000003
275	4	2	4.9999999999999964	125.00000000000003
275	5	2	4.9999999999999964	165.00000000000009
275	6	2	45.00000000000003	5.000000000000002
275	7	2	45.00000000000002	45.29999999999999
275	8	2	45.86799999999999	85.59599999999999
275	9	2	45.00000000000003	124.99999999999997
275	10	2	44.708000000000006	164.88799999999992
275	11	2	84.944	5.036000000000003
275	12	2	84.99999999999997	45.00000000000002
275	13	2	85.36625514403288	85.38683127572016
275	14	2	85.36051502145926	125.70386266094418
275	15	2	85.23999999999994	165.04399999999987
275	16	2	125.58333333333334	6.666666666666667
275	17	2	124.89200000000001	45.011999999999986
275	18	2	125.10800000000002	85.01999999999997
275	19	2	124.99600000000004	125.09999999999997
275	20	2	125.64400000000002	164.62800000000001
275	21	2	165.33600000000004	5.108
275	22	2	164.99999999999994	45.00000000000002
275	23	2	164.99999999999994	84.99999999999997
275	24	2	164.86799999999997	125.09599999999999
275	25	2	164.3235294117647	164.5882352941177
275	26	1	55.696	14.728000000000016
275	27	1	92.48902195608787	110.12175648702588
275	28	1	66.93599999999999	67.65600000000002
275	29	1	84.33665338645409	64.65139442231074
275	30	1	188.668	142.36599999999984
275	31	1	126.86055776892438	143.49601593625482
275	32	1	23.987999999999992	111.17399999999991
275	33	1	117.66132264529051	178.42284569138266
275	34	1	178.5800000000003	151.32
275	35	1	146.3406813627256	156.78156312625242
275	36	1	142.97000000000006	197.4340000000001
275	37	1	138.21599999999995	180.49200000000016
275	38	1	61.09760956175296	182.29482071713147
275	39	1	163.22954091816354	185.1996007984031
275	40	1	12.040000000000013	21.465999999999994
275	41	1	108.30200000000009	156.35799999999986
275	42	1	40.57199999999999	188.20199999999994
275	43	1	20.089999999999996	94.70800000000003
275	44	1	65.01399999999998	160.89800000000008
275	45	1	47.114000000000054	99.598
276	1	2	4.927999999999999	4.604000000000001
276	2	2	4.9999999999999964	45
276	3	2	5.103999999999996	85.01200000000003
276	4	2	4.9999999999999964	125.00000000000003
276	5	2	4.9999999999999964	165.00000000000009
276	6	2	45.00000000000003	5.000000000000002
276	7	2	45.00000000000002	45.29999999999999
276	8	2	45.86799999999999	85.59599999999999
276	9	2	45.00000000000003	124.99999999999997
276	10	2	44.708000000000006	164.88799999999992
276	11	2	84.944	5.036000000000003
276	12	2	84.99999999999997	45.00000000000002
276	13	2	85.36625514403288	85.38683127572016
276	14	2	85.36051502145926	125.70386266094418
276	15	2	85.23999999999994	165.04399999999987
276	16	2	125.58333333333334	6.666666666666667
276	17	2	124.89200000000001	45.011999999999986
276	18	2	125.10800000000002	85.01999999999997
276	19	2	124.99600000000004	125.09999999999997
276	20	2	125.64400000000002	164.62800000000001
276	21	2	165.33600000000004	5.108
276	22	2	164.99999999999994	45.00000000000002
276	23	2	164.99999999999994	84.99999999999997
276	24	2	164.86799999999997	125.09599999999999
276	25	2	164.3235294117647	164.5882352941177
276	26	1	55.670000000000016	14.811999999999996
276	27	1	92.65600000000006	110.21000000000005
276	28	1	67.00799999999997	67.73200000000003
276	29	1	84.23200000000006	64.58799999999998
276	30	1	188.822	142.42400000000015
276	31	1	126.92215568862275	143.5409181636727
276	32	1	24.021999999999974	111.18599999999994
276	33	1	117.60999999999996	178.3399999999999
276	34	1	178.69860279441122	151.37125748502984
276	35	1	146.35528942115758	156.77844311377243
276	36	1	143.02994011976054	197.373253493014
276	37	1	138.16399999999993	180.50600000000003
276	38	1	61.25349301397206	182.10379241516966
276	39	1	163.30600000000013	185.18199999999996
276	40	1	12.003984063745023	21.43227091633467
276	41	1	108.14770459081834	156.46506986027944
276	42	1	40.71800000000002	188.22199999999995
276	43	1	19.90400000000001	94.79600000000008
276	44	1	65.02799999999996	160.83999999999992
276	45	1	47.04600000000003	99.51199999999994
277	1	2	4.927999999999999	4.604000000000001
277	2	2	4.9999999999999964	45
277	3	2	5.103999999999996	85.01200000000003
277	4	2	4.9999999999999964	125.00000000000003
277	5	2	4.9999999999999964	165.00000000000009
277	6	2	45.00000000000003	5.000000000000002
277	7	2	45.00000000000002	45.29999999999999
277	8	2	45.86799999999999	85.59599999999999
277	9	2	45.00000000000003	124.99999999999997
277	10	2	44.708000000000006	164.88799999999992
277	11	2	84.944	5.036000000000003
277	12	2	84.99999999999997	45.00000000000002
277	13	2	85.36625514403288	85.38683127572016
277	14	2	85.36051502145926	125.70386266094418
277	15	2	85.23999999999994	165.04399999999987
277	16	2	125.58333333333334	6.666666666666667
277	17	2	124.89200000000001	45.011999999999986
277	18	2	125.10800000000002	85.01999999999997
277	19	2	124.99600000000004	125.09999999999997
277	20	2	125.64400000000002	164.62800000000001
277	21	2	165.33600000000004	5.108
277	22	2	164.99999999999994	45.00000000000002
277	23	2	164.99999999999994	84.99999999999997
277	24	2	164.86799999999997	125.09599999999999
277	25	2	164.3235294117647	164.5882352941177
277	26	1	55.602794411177655	14.910179640718551
277	27	1	92.70999999999992	110.23400000000001
277	28	1	66.98802395209584	67.75449101796411
277	29	1	84.174	64.54199999999997
277	30	1	188.85429141716565	142.41117764471053
277	31	1	126.92614770459073	143.56686626746512
277	32	1	24.03187250996015	111.27091633466135
277	33	1	117.58799999999997	178.3660000000001
277	34	1	178.74799999999996	151.33800000000005
277	35	1	146.36055776892434	156.79681274900406
277	36	1	142.99999999999997	197.35400000000007
277	37	1	138.10420841683379	180.52705410821633
277	38	1	61.31936127744511	181.882235528942
277	39	1	163.24103585657372	185.23904382470116
277	40	1	11.986055776892432	21.50199203187251
277	41	1	108.06387225548902	156.5429141716568
277	42	1	40.72455089820363	188.24351297405192
277	43	1	19.846307385229533	94.84630738522957
277	44	1	64.99000000000002	160.66399999999993
277	45	1	47.072000000000024	99.46799999999999
278	1	2	4.927999999999999	4.604000000000001
278	2	2	4.9999999999999964	45
278	3	2	5.103999999999996	85.01200000000003
278	4	2	4.9999999999999964	125.00000000000003
278	5	2	4.9999999999999964	165.00000000000009
278	6	2	45.00000000000003	5.000000000000002
278	7	2	45.00000000000002	45.29999999999999
278	8	2	45.86799999999999	85.59599999999999
278	9	2	45.00000000000003	124.99999999999997
278	10	2	44.708000000000006	164.88799999999992
278	11	2	84.944	5.036000000000003
278	12	2	84.99999999999997	45.00000000000002
278	13	2	85.36625514403288	85.38683127572016
278	14	2	85.36051502145926	125.70386266094418
278	15	2	85.23999999999994	165.04399999999987
278	16	2	125.58333333333334	6.666666666666667
278	17	2	124.89200000000001	45.011999999999986
278	18	2	125.10800000000002	85.01999999999997
278	19	2	124.99600000000004	125.09999999999997
278	20	2	125.64400000000002	164.62800000000001
278	21	2	165.33600000000004	5.108
278	22	2	164.99999999999994	45.00000000000002
278	23	2	164.99999999999994	84.99999999999997
278	24	2	164.86799999999997	125.09599999999999
278	25	2	164.3235294117647	164.5882352941177
278	26	1	55.58999999999999	14.866000000000007
278	27	1	92.74251497005987	110.19361277445114
278	28	1	67.03800000000004	67.75199999999997
278	29	1	84.21157684630742	64.52694610778444
278	30	1	188.97795591182364	142.4068136272546
278	31	1	126.958	143.55799999999988
278	32	1	24.15631262525049	111.29859719438882
278	33	1	117.5170340681362	178.3266533066133
278	34	1	178.79241516966076	151.3033932135728
278	35	1	146.38568588469187	156.8091451292249
278	36	1	143.0638722554889	197.38323353293393
278	37	1	138.00998003992026	180.53293413173657
278	38	1	61.32464929859719	181.7494989979962
278	39	1	163.1317365269463	185.24151696606788
278	40	1	11.815999999999994	21.58400000000001
278	41	1	108.03393213572846	156.61477045908188
278	42	1	40.83200000000003	188.064
278	43	1	19.81037924151698	94.89620758483028
278	44	1	65.01796407185628	160.48902195608784
278	45	1	47.06599999999998	99.45800000000007
279	1	2	4.927999999999999	4.604000000000001
279	2	2	4.9999999999999964	45
279	3	2	5.103999999999996	85.01200000000003
279	4	2	4.9999999999999964	125.00000000000003
279	5	2	4.9999999999999964	165.00000000000009
279	6	2	45.00000000000003	5.000000000000002
279	7	2	45.00000000000002	45.29999999999999
279	8	2	45.86799999999999	85.59599999999999
279	9	2	45.00000000000003	124.99999999999997
279	10	2	44.708000000000006	164.88799999999992
279	11	2	84.944	5.036000000000003
279	12	2	84.99999999999997	45.00000000000002
279	13	2	85.36625514403288	85.38683127572016
279	14	2	85.36051502145926	125.70386266094418
279	15	2	85.23999999999994	165.04399999999987
279	16	2	125.58333333333334	6.666666666666667
279	17	2	124.89200000000001	45.011999999999986
279	18	2	125.10800000000002	85.01999999999997
279	19	2	124.99600000000004	125.09999999999997
279	20	2	125.64400000000002	164.62800000000001
279	21	2	165.33600000000004	5.108
279	22	2	164.99999999999994	45.00000000000002
279	23	2	164.99999999999994	84.99999999999997
279	24	2	164.86799999999997	125.09599999999999
279	25	2	164.3235294117647	164.5882352941177
279	26	1	55.56599999999998	14.955999999999982
279	27	1	92.95608782435123	110.06586826347309
279	28	1	67.05600000000003	67.79199999999997
279	29	1	84.16334661354574	64.4860557768925
279	30	1	189.05988023952096	142.38922155688616
279	31	1	127.02605210420839	143.65130260521042
279	32	1	24.163999999999973	111.33199999999997
279	33	1	117.50800000000001	178.35000000000014
279	34	1	178.8802395209582	151.37325349301403
279	35	1	146.46906187624754	156.87025948103792
279	36	1	143.04790419161677	197.40319361277454
279	37	1	138.03199999999995	180.50400000000008
279	38	1	61.47504990019955	181.67864271457086
279	39	1	163.0921843687376	185.31462925851716
279	40	1	11.770459081836337	21.70259481037926
279	41	1	108.12600000000003	156.61800000000005
279	42	1	40.99800399201601	187.92015968063862
279	43	1	19.762000000000015	94.96999999999997
279	44	1	65.02199999999999	160.4040000000002
279	45	1	47.06599999999995	99.46600000000002
280	1	2	4.927999999999999	4.604000000000001
280	2	2	4.9999999999999964	45
280	3	2	5.103999999999996	85.01200000000003
280	4	2	4.9999999999999964	125.00000000000003
280	5	2	4.9999999999999964	165.00000000000009
280	6	2	45.00000000000003	5.000000000000002
280	7	2	45.00000000000002	45.29999999999999
280	8	2	45.86799999999999	85.59599999999999
280	9	2	45.00000000000003	124.99999999999997
280	10	2	44.708000000000006	164.88799999999992
280	11	2	84.944	5.036000000000003
280	12	2	84.99999999999997	45.00000000000002
280	13	2	85.36625514403288	85.38683127572016
280	14	2	85.36051502145926	125.70386266094418
280	15	2	85.23999999999994	165.04399999999987
280	16	2	125.58333333333334	6.666666666666667
280	17	2	124.89200000000001	45.011999999999986
280	18	2	125.10800000000002	85.01999999999997
280	19	2	124.99600000000004	125.09999999999997
280	20	2	125.64400000000002	164.62800000000001
280	21	2	165.33600000000004	5.108
280	22	2	164.99999999999994	45.00000000000002
280	23	2	164.99999999999994	84.99999999999997
280	24	2	164.86799999999997	125.09599999999999
280	25	2	164.3235294117647	164.5882352941177
280	26	1	55.504000000000005	15.065999999999997
280	27	1	93.00199600798412	110.0558882235529
280	28	1	67.1556886227545	67.84031936127747
280	29	1	84.07799999999995	64.352
280	30	1	189.27091633466136	142.43227091633446
280	31	1	127.06800000000001	143.88200000000018
280	32	1	24.127744510978033	111.3992015968064
280	33	1	117.42115768463077	178.30538922155688
280	34	1	178.90019960079852	151.34730538922153
280	35	1	146.57171314741055	156.7490039840637
280	36	1	143.0279441117764	197.34930139720558
280	37	1	138.03406813627257	180.42685370741475
280	38	1	61.665999999999976	181.5999999999999
280	39	1	163.0779999999999	185.246
280	40	1	11.632734530938121	21.75449101796405
280	41	1	107.90618762475054	156.77844311377262
280	42	1	41.1457085828343	187.91417165668656
280	43	1	19.726546906187625	94.99600798403186
280	44	1	64.93399999999998	160.39399999999998
280	45	1	47.06599999999995	99.46600000000002
281	1	2	4.927999999999999	4.604000000000001
281	2	2	4.9999999999999964	45
281	3	2	5.103999999999996	85.01200000000003
281	4	2	4.9999999999999964	125.00000000000003
281	5	2	4.9999999999999964	165.00000000000009
281	6	2	45.00000000000003	5.000000000000002
281	7	2	45.00000000000002	45.29999999999999
281	8	2	45.86799999999999	85.59599999999999
281	9	2	45.00000000000003	124.99999999999997
281	10	2	44.708000000000006	164.88799999999992
281	11	2	84.944	5.036000000000003
281	12	2	84.99999999999997	45.00000000000002
281	13	2	85.36625514403288	85.38683127572016
281	14	2	85.36051502145926	125.70386266094418
281	15	2	85.23999999999994	165.04399999999987
281	16	2	125.58333333333334	6.666666666666667
281	17	2	124.89200000000001	45.011999999999986
281	18	2	125.10800000000002	85.01999999999997
281	19	2	124.99600000000004	125.09999999999997
281	20	2	125.64400000000002	164.62800000000001
281	21	2	165.33600000000004	5.108
281	22	2	164.99999999999994	45.00000000000002
281	23	2	164.99999999999994	84.99999999999997
281	24	2	164.86799999999997	125.09599999999999
281	25	2	164.3235294117647	164.5882352941177
281	26	1	55.47704590818363	15.071856287425152
281	27	1	93.10200000000002	110.04000000000002
281	28	1	67.2155688622755	67.8203592814371
281	29	1	84.08400000000005	64.32199999999997
281	30	1	189.3233532934132	142.43313373253503
281	31	1	127.07228915662652	143.88353413654625
281	32	1	24.065999999999985	111.41999999999993
281	33	1	117.32135728542914	178.24351297405192
281	34	1	178.98599999999996	151.33599999999996
281	35	1	146.57285429141723	156.804391217565
281	36	1	143.04600000000005	197.36200000000008
281	37	1	137.98003992015973	180.4231536926147
281	38	1	61.76399999999998	181.42600000000002
281	39	1	163.04391217564847	185.25149700598814
281	40	1	11.572000000000001	21.77999999999999
281	41	1	107.90419161676641	156.8083832335328
281	42	1	41.25298804780878	187.87450199203184
281	43	1	19.658000000000015	95.04200000000002
281	44	1	64.87199999999997	160.38000000000008
281	45	1	46.9800399201597	99.4590818363273
282	1	2	4.927999999999999	4.604000000000001
282	2	2	4.9999999999999964	45
282	3	2	5.103999999999996	85.01200000000003
282	4	2	4.9999999999999964	125.00000000000003
282	5	2	4.9999999999999964	165.00000000000009
282	6	2	45.00000000000003	5.000000000000002
282	7	2	45.00000000000002	45.29999999999999
282	8	2	45.86799999999999	85.59599999999999
282	9	2	45.00000000000003	124.99999999999997
282	10	2	44.708000000000006	164.88799999999992
282	11	2	84.944	5.036000000000003
282	12	2	84.99999999999997	45.00000000000002
282	13	2	85.36625514403288	85.38683127572016
282	14	2	85.36051502145926	125.70386266094418
282	15	2	85.23999999999994	165.04399999999987
282	16	2	125.58333333333334	6.666666666666667
282	17	2	124.89200000000001	45.011999999999986
282	18	2	125.10800000000002	85.01999999999997
282	19	2	124.99600000000004	125.09999999999997
282	20	2	125.64400000000002	164.62800000000001
282	21	2	165.33600000000004	5.108
282	22	2	164.99999999999994	45.00000000000002
282	23	2	164.99999999999994	84.99999999999997
282	24	2	164.86799999999997	125.09599999999999
282	25	2	164.3235294117647	164.5882352941177
282	26	1	55.40319361277447	15.233532934131738
282	27	1	93.09780439121758	109.98003992015964
282	28	1	67.27199999999993	67.86799999999992
282	29	1	84.11576846307385	64.32934131736525
282	30	1	189.32934131736528	142.42514970059884
282	31	1	127.046	143.93199999999996
282	32	1	24.07385229540917	111.44510978043908
282	33	1	117.32999999999996	178.15600000000003
282	34	1	178.96400000000017	151.318
282	35	1	146.6407185628743	156.79840319361264
282	36	1	143.07399999999993	197.28399999999993
282	37	1	137.9741035856575	180.38645418326684
282	38	1	61.928143712574894	181.32734530938131
282	39	1	163.07584830339326	185.3173652694612
282	40	1	11.500998003992024	21.858283433133725
282	41	1	107.812	156.80599999999998
282	42	1	41.357285429141726	187.90419161676633
282	43	1	19.61	95.066
282	44	1	64.89399999999998	160.356
282	45	1	46.982000000000006	99.504
283	1	2	4.927999999999999	4.604000000000001
283	2	2	4.9999999999999964	45
283	3	2	5.103999999999996	85.01200000000003
283	4	2	4.9999999999999964	125.00000000000003
283	5	2	4.9999999999999964	165.00000000000009
283	6	2	45.00000000000003	5.000000000000002
283	7	2	45.00000000000002	45.29999999999999
283	8	2	45.86799999999999	85.59599999999999
283	9	2	45.00000000000003	124.99999999999997
283	10	2	44.708000000000006	164.88799999999992
283	11	2	84.944	5.036000000000003
283	12	2	84.99999999999997	45.00000000000002
283	13	2	85.36625514403288	85.38683127572016
283	14	2	85.36051502145926	125.70386266094418
283	15	2	85.23999999999994	165.04399999999987
283	16	2	125.58333333333334	6.666666666666667
283	17	2	124.89200000000001	45.011999999999986
283	18	2	125.10800000000002	85.01999999999997
283	19	2	124.99600000000004	125.09999999999997
283	20	2	125.64400000000002	164.62800000000001
283	21	2	165.33600000000004	5.108
283	22	2	164.99999999999994	45.00000000000002
283	23	2	164.99999999999994	84.99999999999997
283	24	2	164.86799999999997	125.09599999999999
283	25	2	164.3235294117647	164.5882352941177
283	26	1	55.44200000000001	15.331999999999992
283	27	1	93.061876247505	109.97804391217568
283	28	1	67.30139720558883	67.88023952095811
283	29	1	84.11200000000004	64.28799999999995
283	30	1	189.32335329341316	142.36726546906175
283	31	1	127.0678642714571	143.97205588822325
283	32	1	24.052000000000003	111.52600000000004
283	33	1	117.34400000000001	178.17199999999994
283	34	1	179.01200000000017	151.29399999999978
283	35	1	146.70799999999994	156.932
283	36	1	143.03607214428834	197.26853707414838
283	37	1	137.94600000000025	180.3440000000001
283	38	1	62.070000000000014	181.20800000000028
283	39	1	162.98403193612776	185.35728542914168
283	40	1	11.458	21.85
283	41	1	107.74399999999993	156.92400000000012
283	42	1	41.48303393213573	187.8802395209581
283	43	1	19.608000000000004	95.05600000000003
283	44	1	64.81800000000003	160.37999999999988
283	45	1	46.963999999999984	99.562
284	1	2	4.927999999999999	4.604000000000001
284	2	2	4.9999999999999964	45
284	3	2	5.103999999999996	85.01200000000003
284	4	2	4.9999999999999964	125.00000000000003
284	5	2	4.9999999999999964	165.00000000000009
284	6	2	45.00000000000003	5.000000000000002
284	7	2	45.00000000000002	45.29999999999999
284	8	2	45.86799999999999	85.59599999999999
284	9	2	45.00000000000003	124.99999999999997
284	10	2	44.708000000000006	164.88799999999992
284	11	2	84.944	5.036000000000003
284	12	2	84.99999999999997	45.00000000000002
284	13	2	85.36625514403288	85.38683127572016
284	14	2	85.36051502145926	125.70386266094418
284	15	2	85.23999999999994	165.04399999999987
284	16	2	125.58333333333334	6.666666666666667
284	17	2	124.89200000000001	45.011999999999986
284	18	2	125.10800000000002	85.01999999999997
284	19	2	124.99600000000004	125.09999999999997
284	20	2	125.64400000000002	164.62800000000001
284	21	2	165.33600000000004	5.108
284	22	2	164.99999999999994	45.00000000000002
284	23	2	164.99999999999994	84.99999999999997
284	24	2	164.86799999999997	125.09599999999999
284	25	2	164.3235294117647	164.5882352941177
284	26	1	55.417999999999964	15.380000000000011
284	27	1	93.16000000000001	109.95000000000002
284	28	1	67.37	67.80200000000006
284	29	1	84.16999999999992	64.21600000000001
284	30	1	189.39	142.318
284	31	1	127.03199999999997	144.05000000000007
284	32	1	24.016000000000012	111.68999999999996
284	33	1	117.38999999999999	178.196
284	34	1	179.09000000000003	151.30800000000005
284	35	1	146.76892430278897	156.96414342629478
284	36	1	143.0938123752495	197.28742514970065
284	37	1	138.01199999999977	180.276
284	38	1	62.139720558882225	181.19361277445108
284	39	1	163.061876247505	185.44710578842304
284	40	1	11.470000000000008	21.869999999999997
284	41	1	107.55378486055768	157.1274900398407
284	42	1	41.60000000000002	187.74800000000005
284	43	1	19.478087649402394	95.14940239043834
284	44	1	64.85029940119763	160.2355289421158
284	45	1	46.947999999999965	99.5760000000001
285	1	2	4.927999999999999	4.604000000000001
285	2	2	4.9999999999999964	45
285	3	2	5.103999999999996	85.01200000000003
285	4	2	4.9999999999999964	125.00000000000003
285	5	2	4.9999999999999964	165.00000000000009
285	6	2	45.00000000000003	5.000000000000002
285	7	2	45.00000000000002	45.29999999999999
285	8	2	45.86799999999999	85.59599999999999
285	9	2	45.00000000000003	124.99999999999997
285	10	2	44.708000000000006	164.88799999999992
285	11	2	84.944	5.036000000000003
285	12	2	84.99999999999997	45.00000000000002
285	13	2	85.36625514403288	85.38683127572016
285	14	2	85.36051502145926	125.70386266094418
285	15	2	85.23999999999994	165.04399999999987
285	16	2	125.58333333333334	6.666666666666667
285	17	2	124.89200000000001	45.011999999999986
285	18	2	125.10800000000002	85.01999999999997
285	19	2	124.99600000000004	125.09999999999997
285	20	2	125.64400000000002	164.62800000000001
285	21	2	165.33600000000004	5.108
285	22	2	164.99999999999994	45.00000000000002
285	23	2	164.99999999999994	84.99999999999997
285	24	2	164.86799999999997	125.09599999999999
285	25	2	164.3235294117647	164.5882352941177
285	26	1	55.36200000000002	15.338000000000019
285	27	1	93.17764471057892	109.98003992015971
285	28	1	67.48599999999999	67.87000000000002
285	29	1	84.29681274900399	64.20916334661352
285	30	1	189.3872255489022	142.31337325349293
285	31	1	127.0299401197605	144.15369261477048
285	32	1	24.016000000000012	111.68999999999996
285	33	1	117.45000000000006	178.16600000000008
285	34	1	179.0579999999999	151.312
285	35	1	146.82435129740526	157.1357285429141
285	36	1	143.23153692614764	197.2455089820358
285	37	1	137.94188376753524	180.32665330661305
285	38	1	62.22599999999998	181.07399999999996
285	39	1	163.131736526946	185.4750499001995
285	40	1	11.307385229540904	21.882235528942118
285	41	1	107.33466135458174	157.36653386454182
285	42	1	41.66800000000001	187.63600000000025
285	43	1	19.548	95.14000000000001
285	44	1	64.88023952095809	160.1636726546906
285	45	1	46.947999999999965	99.5760000000001
286	1	2	4.927999999999999	4.604000000000001
286	2	2	4.9999999999999964	45
286	3	2	5.103999999999996	85.01200000000003
286	4	2	4.9999999999999964	125.00000000000003
286	5	2	4.9999999999999964	165.00000000000009
286	6	2	45.00000000000003	5.000000000000002
286	7	2	45.00000000000002	45.29999999999999
286	8	2	45.86799999999999	85.59599999999999
286	9	2	45.00000000000003	124.99999999999997
286	10	2	44.708000000000006	164.88799999999992
286	11	2	84.944	5.036000000000003
286	12	2	84.99999999999997	45.00000000000002
286	13	2	85.36625514403288	85.38683127572016
286	14	2	85.36051502145926	125.70386266094418
286	15	2	85.23999999999994	165.04399999999987
286	16	2	125.58333333333334	6.666666666666667
286	17	2	124.89200000000001	45.011999999999986
286	18	2	125.10800000000002	85.01999999999997
286	19	2	124.99600000000004	125.09999999999997
286	20	2	125.64400000000002	164.62800000000001
286	21	2	165.33600000000004	5.108
286	22	2	164.99999999999994	45.00000000000002
286	23	2	164.99999999999994	84.99999999999997
286	24	2	164.86799999999997	125.09599999999999
286	25	2	164.3235294117647	164.5882352941177
286	26	1	55.385999999999996	15.45000000000001
286	27	1	93.317365269461	110.02594810379242
286	28	1	67.52400000000003	67.80399999999993
286	29	1	84.32199999999997	64.16400000000003
286	30	1	189.52	142.362
286	31	1	126.93013972055874	144.20958083832343
286	32	1	23.962000000000018	111.71000000000004
286	33	1	117.46400000000007	178.18999999999983
286	34	1	179.06200000000007	151.27199999999996
286	35	1	146.78443113772468	157.0738522954091
286	36	1	143.33333333333314	197.22355289421156
286	37	1	137.99600798403202	180.31337325349298
286	38	1	62.28600000000003	181.01600000000008
286	39	1	163.189620758483	185.51297405189615
286	40	1	11.307999999999996	21.948000000000008
286	41	1	107.22800000000008	157.36999999999998
286	42	1	41.68662674650702	187.56487025948113
286	43	1	19.55489021956088	95.12774451097803
286	44	1	64.89421157684632	160.10778443113782
286	45	1	46.940119760479064	99.5988023952096
287	1	2	4.927999999999999	4.604000000000001
287	2	2	4.9999999999999964	45
287	3	2	5.103999999999996	85.01200000000003
287	4	2	4.9999999999999964	125.00000000000003
287	5	2	4.9999999999999964	165.00000000000009
287	6	2	45.00000000000003	5.000000000000002
287	7	2	45.00000000000002	45.29999999999999
287	8	2	45.86799999999999	85.59599999999999
287	9	2	45.00000000000003	124.99999999999997
287	10	2	44.708000000000006	164.88799999999992
287	11	2	84.944	5.036000000000003
287	12	2	84.99999999999997	45.00000000000002
287	13	2	85.36625514403288	85.38683127572016
287	14	2	85.36051502145926	125.70386266094418
287	15	2	85.23999999999994	165.04399999999987
287	16	2	125.58333333333334	6.666666666666667
287	17	2	124.89200000000001	45.011999999999986
287	18	2	125.10800000000002	85.01999999999997
287	19	2	124.99600000000004	125.09999999999997
287	20	2	125.64400000000002	164.62800000000001
287	21	2	165.33600000000004	5.108
287	22	2	164.99999999999994	45.00000000000002
287	23	2	164.99999999999994	84.99999999999997
287	24	2	164.86799999999997	125.09599999999999
287	25	2	164.3235294117647	164.5882352941177
287	26	1	55.38200000000004	15.507999999999992
287	27	1	93.40718562874248	109.98403193612782
287	28	1	67.41117764471055	67.872255489022
287	29	1	84.4291417165668	64.19760479041913
287	30	1	189.602	142.40800000000007
287	31	1	126.91800000000003	144.24600000000012
287	32	1	23.968000000000007	111.74000000000001
287	33	1	117.4311377245509	178.1397205588823
287	34	1	179.0379999999999	151.2120000000001
287	35	1	146.8279999999999	157.14199999999994
287	36	1	143.42231075697222	197.18326693227093
287	37	1	137.92614770459087	180.32135728542906
287	38	1	62.278000000000056	180.9820000000001
287	39	1	163.20000000000005	185.51200000000014
287	40	1	11.229083665338644	21.968127490039848
287	41	1	107.14599999999994	157.40799999999993
287	42	1	41.70259481037928	187.49900199600796
287	43	1	19.540918163672647	95.13772455089821
287	44	1	64.88023952095809	160.1097804391219
287	45	1	46.92399999999999	99.55800000000006
288	1	2	4.927999999999999	4.604000000000001
288	2	2	4.9999999999999964	45
288	3	2	5.103999999999996	85.01200000000003
288	4	2	4.9999999999999964	125.00000000000003
288	5	2	4.9999999999999964	165.00000000000009
288	6	2	45.00000000000003	5.000000000000002
288	7	2	45.00000000000002	45.29999999999999
288	8	2	45.86799999999999	85.59599999999999
288	9	2	45.00000000000003	124.99999999999997
288	10	2	44.708000000000006	164.88799999999992
288	11	2	84.944	5.036000000000003
288	12	2	84.99999999999997	45.00000000000002
288	13	2	85.36625514403288	85.38683127572016
288	14	2	85.36051502145926	125.70386266094418
288	15	2	85.23999999999994	165.04399999999987
288	16	2	125.58333333333334	6.666666666666667
288	17	2	124.89200000000001	45.011999999999986
288	18	2	125.10800000000002	85.01999999999997
288	19	2	124.99600000000004	125.09999999999997
288	20	2	125.64400000000002	164.62800000000001
288	21	2	165.33600000000004	5.108
288	22	2	164.99999999999994	45.00000000000002
288	23	2	164.99999999999994	84.99999999999997
288	24	2	164.86799999999997	125.09599999999999
288	25	2	164.3235294117647	164.5882352941177
288	26	1	55.32135728542914	15.530938123752495
288	27	1	93.4243027888446	109.94422310756973
288	28	1	67.40599999999998	67.974
288	29	1	84.442	64.11799999999997
288	30	1	189.538	142.3459999999999
288	31	1	126.79041916167664	144.32335329341308
288	32	1	23.93413173652694	111.85628742514966
288	33	1	117.46107784431135	178.2255489021956
288	34	1	179.12574850299407	151.2614770459082
288	35	1	146.8942115768463	157.12375249501005
288	36	1	143.4590818363273	197.245508982036
288	37	1	138.09600000000026	180.10999999999993
288	38	1	62.39442231075699	180.89840637450183
288	39	1	163.22200000000007	185.51600000000005
288	40	1	11.186000000000003	21.997999999999987
288	41	1	106.97200000000001	157.70599999999988
288	42	1	41.74051896207587	187.41716566866248
288	43	1	19.47999999999999	95.21600000000002
288	44	1	64.9241516966068	160.09580838323356
288	45	1	46.88200000000002	99.52199999999995
289	1	2	4.927999999999999	4.604000000000001
289	2	2	4.9999999999999964	45
289	3	2	5.103999999999996	85.01200000000003
289	4	2	4.9999999999999964	125.00000000000003
289	5	2	4.9999999999999964	165.00000000000009
289	6	2	45.00000000000003	5.000000000000002
289	7	2	45.00000000000002	45.29999999999999
289	8	2	45.86799999999999	85.59599999999999
289	9	2	45.00000000000003	124.99999999999997
289	10	2	44.708000000000006	164.88799999999992
289	11	2	84.944	5.036000000000003
289	12	2	84.99999999999997	45.00000000000002
289	13	2	85.36625514403288	85.38683127572016
289	14	2	85.36051502145926	125.70386266094418
289	15	2	85.23999999999994	165.04399999999987
289	16	2	125.58333333333334	6.666666666666667
289	17	2	124.89200000000001	45.011999999999986
289	18	2	125.10800000000002	85.01999999999997
289	19	2	124.99600000000004	125.09999999999997
289	20	2	125.64400000000002	164.62800000000001
289	21	2	165.33600000000004	5.108
289	22	2	164.99999999999994	45.00000000000002
289	23	2	164.99999999999994	84.99999999999997
289	24	2	164.86799999999997	125.09599999999999
289	25	2	164.3235294117647	164.5882352941177
289	26	1	55.29800000000005	15.571999999999981
289	27	1	93.54491017964074	109.9021956087824
289	28	1	67.49500998003994	68.07584830339314
289	29	1	84.6107784431138	64.05588822355294
289	30	1	189.72654690618762	142.40918163672654
289	31	1	126.75449101796407	144.38522954091806
289	32	1	23.854291417165687	111.8183632734531
289	33	1	117.50399999999992	178.39600000000013
289	34	1	179.13400000000001	151.23599999999988
289	35	1	146.93413173652687	157.16566866267468
289	36	1	143.47999999999993	197.26399999999984
289	37	1	138.16367265469054	180.01796407185637
289	38	1	62.431137724550865	180.76247504990016
289	39	1	163.28742514970074	185.46906187624765
289	40	1	11.225548902195603	22.067864271457097
289	41	1	106.90618762475053	157.84431137724553
289	42	1	41.79241516966069	187.39720558882243
289	43	1	19.46307385229541	95.12175648702596
289	44	1	64.84399999999997	160.03999999999982
289	45	1	46.77600000000001	99.56400000000001
290	1	2	4.927999999999999	4.604000000000001
290	2	2	4.9999999999999964	45
290	3	2	5.103999999999996	85.01200000000003
290	4	2	4.9999999999999964	125.00000000000003
290	5	2	4.9999999999999964	165.00000000000009
290	6	2	45.00000000000003	5.000000000000002
290	7	2	45.00000000000002	45.29999999999999
290	8	2	45.86799999999999	85.59599999999999
290	9	2	45.00000000000003	124.99999999999997
290	10	2	44.708000000000006	164.88799999999992
290	11	2	84.944	5.036000000000003
290	12	2	84.99999999999997	45.00000000000002
290	13	2	85.36625514403288	85.38683127572016
290	14	2	85.36051502145926	125.70386266094418
290	15	2	85.23999999999994	165.04399999999987
290	16	2	125.58333333333334	6.666666666666667
290	17	2	124.89200000000001	45.011999999999986
290	18	2	125.10800000000002	85.01999999999997
290	19	2	124.99600000000004	125.09999999999997
290	20	2	125.64400000000002	164.62800000000001
290	21	2	165.33600000000004	5.108
290	22	2	164.99999999999994	45.00000000000002
290	23	2	164.99999999999994	84.99999999999997
290	24	2	164.86799999999997	125.09599999999999
290	25	2	164.3235294117647	164.5882352941177
290	26	1	55.268000000000015	15.598000000000019
290	27	1	93.6566866267465	109.81836327345304
290	28	1	67.62	68.08000000000008
290	29	1	84.75049900199605	64.0758483033932
290	30	1	189.85828343313375	142.5269461077844
290	31	1	126.77844311377251	144.5349301397205
290	32	1	23.84231536926148	111.90019960079844
290	33	1	117.50999999999992	178.34200000000016
290	34	1	179.10399999999998	151.22999999999982
290	35	1	146.8940000000002	157.23000000000002
290	36	1	143.64128256513038	197.20641282565134
290	37	1	138.08782435129743	180.12574850299416
290	38	1	62.47200000000004	180.68200000000007
290	39	1	163.30199999999996	185.40600000000006
290	40	1	11.329999999999995	22.21400000000001
290	41	1	106.61077844311383	157.98203592814372
290	42	1	41.89200000000003	187.28
290	43	1	19.500000000000007	95.11
290	44	1	64.88200000000008	159.97399999999982
290	45	1	46.71543086172345	99.5290581162325
291	1	2	4.927999999999999	4.604000000000001
291	2	2	4.9999999999999964	45
291	3	2	5.103999999999996	85.01200000000003
291	4	2	4.9999999999999964	125.00000000000003
291	5	2	4.9999999999999964	165.00000000000009
291	6	2	45.00000000000003	5.000000000000002
291	7	2	45.00000000000002	45.29999999999999
291	8	2	45.86799999999999	85.59599999999999
291	9	2	45.00000000000003	124.99999999999997
291	10	2	44.708000000000006	164.88799999999992
291	11	2	84.944	5.036000000000003
291	12	2	84.99999999999997	45.00000000000002
291	13	2	85.36625514403288	85.38683127572016
291	14	2	85.36051502145926	125.70386266094418
291	15	2	85.23999999999994	165.04399999999987
291	16	2	125.58333333333334	6.666666666666667
291	17	2	124.89200000000001	45.011999999999986
291	18	2	125.10800000000002	85.01999999999997
291	19	2	124.99600000000004	125.09999999999997
291	20	2	125.64400000000002	164.62800000000001
291	21	2	165.33600000000004	5.108
291	22	2	164.99999999999994	45.00000000000002
291	23	2	164.99999999999994	84.99999999999997
291	24	2	164.86799999999997	125.09599999999999
291	25	2	164.3235294117647	164.5882352941177
291	26	1	55.19200000000003	15.742000000000003
291	27	1	93.79199999999992	109.80999999999997
291	28	1	67.65200000000003	67.96200000000005
291	29	1	84.87800000000006	64.15200000000003
291	30	1	189.92814371257487	142.52095808383243
291	31	1	126.77199999999993	144.60200000000003
291	32	1	23.67065868263473	111.94610778443108
291	33	1	117.53400000000008	178.23200000000014
291	34	1	179.13399999999996	151.26199999999983
291	35	1	146.94810379241514	157.35329341317367
291	36	1	143.66866267465073	197.24550898203583
291	37	1	138.11823647294585	180.1042084168337
291	38	1	62.58083832335328	180.64870259481037
291	39	1	163.2774451097806	185.42914171656702
291	40	1	11.264000000000003	22.349999999999984
291	41	1	106.35928143712574	158.15768463073852
291	42	1	41.976095617529886	187.24103585657372
291	43	1	19.564870259481026	95.04990019960074
291	44	1	64.87025948103796	159.92614770459093
291	45	1	46.648	99.58400000000007
292	1	2	4.927999999999999	4.604000000000001
292	2	2	4.9999999999999964	45
292	3	2	5.103999999999996	85.01200000000003
292	4	2	4.9999999999999964	125.00000000000003
292	5	2	4.9999999999999964	165.00000000000009
292	6	2	45.00000000000003	5.000000000000002
292	7	2	45.00000000000002	45.29999999999999
292	8	2	45.86799999999999	85.59599999999999
292	9	2	45.00000000000003	124.99999999999997
292	10	2	44.708000000000006	164.88799999999992
292	11	2	84.944	5.036000000000003
292	12	2	84.99999999999997	45.00000000000002
292	13	2	85.36625514403288	85.38683127572016
292	14	2	85.36051502145926	125.70386266094418
292	15	2	85.23999999999994	165.04399999999987
292	16	2	125.58333333333334	6.666666666666667
292	17	2	124.89200000000001	45.011999999999986
292	18	2	125.10800000000002	85.01999999999997
292	19	2	124.99600000000004	125.09999999999997
292	20	2	125.64400000000002	164.62800000000001
292	21	2	165.33600000000004	5.108
292	22	2	164.99999999999994	45.00000000000002
292	23	2	164.99999999999994	84.99999999999997
292	24	2	164.86799999999997	125.09599999999999
292	25	2	164.3235294117647	164.5882352941177
292	26	1	55.127744510978005	15.69261477045907
292	27	1	93.91000000000005	109.92799999999988
292	28	1	67.64000000000001	67.91400000000004
292	29	1	84.90600000000002	64.11600000000001
292	30	1	189.96407185628743	142.6127744510978
292	31	1	126.6474103585657	144.6772908366533
292	32	1	23.602794411177634	112.01596806387228
292	33	1	117.54890219560873	178.24750499002005
292	34	1	179.07815631262503	151.28456913827642
292	35	1	146.94211576846314	157.18962075848302
292	36	1	143.7609561752988	197.2131474103586
292	37	1	138.17365269461092	179.97005988023963
292	38	1	62.606	180.562
292	39	1	163.24351297405207	185.39121756487017
292	40	1	11.259999999999987	22.441999999999997
292	41	1	106.09600000000006	158.46400000000014
292	42	1	42.08999999999996	187.27399999999997
292	43	1	19.655999999999995	95.01599999999993
292	44	1	64.90219560878243	159.83832335329336
292	45	1	46.527054108216404	99.63527054108216
293	1	2	4.927999999999999	4.604000000000001
293	2	2	4.9999999999999964	45
293	3	2	5.103999999999996	85.01200000000003
293	4	2	4.9999999999999964	125.00000000000003
293	5	2	4.9999999999999964	165.00000000000009
293	6	2	45.00000000000003	5.000000000000002
293	7	2	45.00000000000002	45.29999999999999
293	8	2	45.86799999999999	85.59599999999999
293	9	2	45.00000000000003	124.99999999999997
293	10	2	44.708000000000006	164.88799999999992
293	11	2	84.944	5.036000000000003
293	12	2	84.99999999999997	45.00000000000002
293	13	2	85.36625514403288	85.38683127572016
293	14	2	85.36051502145926	125.70386266094418
293	15	2	85.23999999999994	165.04399999999987
293	16	2	125.58333333333334	6.666666666666667
293	17	2	124.89200000000001	45.011999999999986
293	18	2	125.10800000000002	85.01999999999997
293	19	2	124.99600000000004	125.09999999999997
293	20	2	125.64400000000002	164.62800000000001
293	21	2	165.33600000000004	5.108
293	22	2	164.99999999999994	45.00000000000002
293	23	2	164.99999999999994	84.99999999999997
293	24	2	164.86799999999997	125.09599999999999
293	25	2	164.3235294117647	164.5882352941177
293	26	1	55.13799999999999	15.746000000000004
293	27	1	93.94211576846314	109.93013972055888
293	28	1	67.66199999999998	67.93200000000003
293	29	1	84.94411177644709	64.02195608782434
293	30	1	190.03592814371257	142.7265469061876
293	31	1	126.54291417165678	144.82834331337315
293	32	1	23.546906187624764	112.13572854291414
293	33	1	117.63872255489032	178.35129740518954
293	34	1	178.95600000000002	151.2719999999999
293	35	1	146.91816367265474	157.06387225548897
293	36	1	143.7719999999999	197.19000000000008
293	37	1	138.25000000000014	179.85200000000012
293	38	1	62.60079840319365	180.52495009980044
293	39	1	163.15369261477062	185.34530938123748
293	40	1	11.115999999999998	22.522000000000013
293	41	1	105.82599999999996	158.74400000000023
293	42	1	42.086	187.28399999999996
293	43	1	19.484969939879747	95.06613226452909
293	44	1	64.93399999999994	159.79399999999995
293	45	1	46.32135728542913	99.6427145708583
294	1	2	4.927999999999999	4.604000000000001
294	2	2	4.9999999999999964	45
294	3	2	5.103999999999996	85.01200000000003
294	4	2	4.9999999999999964	125.00000000000003
294	5	2	4.9999999999999964	165.00000000000009
294	6	2	45.00000000000003	5.000000000000002
294	7	2	45.00000000000002	45.29999999999999
294	8	2	45.86799999999999	85.59599999999999
294	9	2	45.00000000000003	124.99999999999997
294	10	2	44.708000000000006	164.88799999999992
294	11	2	84.944	5.036000000000003
294	12	2	84.99999999999997	45.00000000000002
294	13	2	85.36625514403288	85.38683127572016
294	14	2	85.36051502145926	125.70386266094418
294	15	2	85.23999999999994	165.04399999999987
294	16	2	125.58333333333334	6.666666666666667
294	17	2	124.89200000000001	45.011999999999986
294	18	2	125.10800000000002	85.01999999999997
294	19	2	124.99600000000004	125.09999999999997
294	20	2	125.64400000000002	164.62800000000001
294	21	2	165.33600000000004	5.108
294	22	2	164.99999999999994	45.00000000000002
294	23	2	164.99999999999994	84.99999999999997
294	24	2	164.86799999999997	125.09599999999999
294	25	2	164.3235294117647	164.5882352941177
294	26	1	55.081999999999965	15.778000000000025
294	27	1	94.12574850299401	109.98203592814367
294	28	1	67.67465069860272	67.9321357285429
294	29	1	85.06573705179281	64.00796812749003
294	30	1	190.0319361277445	142.74251497006009
294	31	1	126.56000000000006	144.93799999999996
294	32	1	23.461999999999993	112.27600000000002
294	33	1	117.56886227544905	178.40119760479035
294	34	1	178.82035928143725	151.1976047904193
294	35	1	146.88223552894212	156.97205588822365
294	36	1	143.68999999999983	197.21399999999986
294	37	1	138.28742514970065	179.7964071856288
294	38	1	62.61800000000002	180.48999999999992
294	39	1	163.0319361277443	185.34730538922156
294	40	1	11.131736526946113	22.50898203592813
294	41	1	105.73947895791582	158.8617234468937
294	42	1	42.10379241516966	187.25548902195607
294	43	1	19.562874251496996	95.08383233532925
294	44	1	64.96199999999997	159.7500000000001
294	45	1	46.24400000000003	99.69000000000005
295	1	2	4.927999999999999	4.604000000000001
295	2	2	4.9999999999999964	45
295	3	2	5.103999999999996	85.01200000000003
295	4	2	4.9999999999999964	125.00000000000003
295	5	2	4.9999999999999964	165.00000000000009
295	6	2	45.00000000000003	5.000000000000002
295	7	2	45.00000000000002	45.29999999999999
295	8	2	45.86799999999999	85.59599999999999
295	9	2	45.00000000000003	124.99999999999997
295	10	2	44.708000000000006	164.88799999999992
295	11	2	84.944	5.036000000000003
295	12	2	84.99999999999997	45.00000000000002
295	13	2	85.36625514403288	85.38683127572016
295	14	2	85.36051502145926	125.70386266094418
295	15	2	85.23999999999994	165.04399999999987
295	16	2	125.58333333333334	6.666666666666667
295	17	2	124.89200000000001	45.011999999999986
295	18	2	125.10800000000002	85.01999999999997
295	19	2	124.99600000000004	125.09999999999997
295	20	2	125.64400000000002	164.62800000000001
295	21	2	165.33600000000004	5.108
295	22	2	164.99999999999994	45.00000000000002
295	23	2	164.99999999999994	84.99999999999997
295	24	2	164.86799999999997	125.09599999999999
295	25	2	164.3235294117647	164.5882352941177
295	26	1	55.024	15.842000000000008
295	27	1	94.28486055776901	110.02589641434267
295	28	1	67.81400000000001	67.93800000000002
295	29	1	85.22754491017963	64.06986027944117
295	30	1	190.07	142.80800000000008
295	31	1	126.55	145.02999999999994
295	32	1	23.479999999999997	112.34199999999994
295	33	1	117.50399999999999	178.35999999999996
295	34	1	178.75049900199602	151.12175648702592
295	35	1	146.9081836327347	156.93612774451105
295	36	1	143.71400000000003	197.17799999999986
295	37	1	138.2729083665337	179.7410358565736
295	38	1	62.65199999999997	180.43800000000002
295	39	1	162.96600000000004	185.33200000000008
295	40	1	11.087824351297396	22.574850299401195
295	41	1	105.55089820359277	158.9121756487026
295	42	1	42.15968063872256	187.2355289421158
295	43	1	19.524950099800392	95.0978043912176
295	44	1	64.9101796407186	159.74051896207575
295	45	1	46.12399999999997	99.72200000000016
296	1	2	4.927999999999999	4.604000000000001
296	2	2	4.9999999999999964	45
296	3	2	5.103999999999996	85.01200000000003
296	4	2	4.9999999999999964	125.00000000000003
296	5	2	4.9999999999999964	165.00000000000009
296	6	2	45.00000000000003	5.000000000000002
296	7	2	45.00000000000002	45.29999999999999
296	8	2	45.86799999999999	85.59599999999999
296	9	2	45.00000000000003	124.99999999999997
296	10	2	44.708000000000006	164.88799999999992
296	11	2	84.944	5.036000000000003
296	12	2	84.99999999999997	45.00000000000002
296	13	2	85.36625514403288	85.38683127572016
296	14	2	85.36051502145926	125.70386266094418
296	15	2	85.23999999999994	165.04399999999987
296	16	2	125.58333333333334	6.666666666666667
296	17	2	124.89200000000001	45.011999999999986
296	18	2	125.10800000000002	85.01999999999997
296	19	2	124.99600000000004	125.09999999999997
296	20	2	125.64400000000002	164.62800000000001
296	21	2	165.33600000000004	5.108
296	22	2	164.99999999999994	45.00000000000002
296	23	2	164.99999999999994	84.99999999999997
296	24	2	164.86799999999997	125.09599999999999
296	25	2	164.3235294117647	164.5882352941177
296	26	1	54.966000000000015	15.983999999999998
296	27	1	94.33133732534921	110.02994011976048
296	28	1	67.82199999999996	67.93999999999996
296	29	1	85.28143712574847	64.06986027944107
296	30	1	190.02794411177646	142.79041916167662
296	31	1	126.51399999999988	145.1319999999999
296	32	1	23.490000000000002	112.51199999999994
296	33	1	117.50499001996008	178.4670658682634
296	34	1	178.68263473053884	151.1756487025949
296	35	1	146.88399999999993	156.89999999999984
296	36	1	143.76846307385244	197.0978043912175
296	37	1	138.2979999999999	179.65400000000008
296	38	1	62.67065868263475	180.33932135728526
296	39	1	162.95999999999987	185.34400000000008
296	40	1	11.21756487025948	22.63872255489024
296	41	1	105.3326693227091	159.1494023904382
296	42	1	42.272000000000006	187.26600000000005
296	43	1	19.610000000000007	95.10800000000006
296	44	1	64.90800000000003	159.64600000000016
296	45	1	46.09381237524948	99.66467065868261
297	1	2	4.927999999999999	4.604000000000001
297	2	2	4.9999999999999964	45
297	3	2	5.103999999999996	85.01200000000003
297	4	2	4.9999999999999964	125.00000000000003
297	5	2	4.9999999999999964	165.00000000000009
297	6	2	45.00000000000003	5.000000000000002
297	7	2	45.00000000000002	45.29999999999999
297	8	2	45.86799999999999	85.59599999999999
297	9	2	45.00000000000003	124.99999999999997
297	10	2	44.708000000000006	164.88799999999992
297	11	2	84.944	5.036000000000003
297	12	2	84.99999999999997	45.00000000000002
297	13	2	85.36625514403288	85.38683127572016
297	14	2	85.36051502145926	125.70386266094418
297	15	2	85.23999999999994	165.04399999999987
297	16	2	125.58333333333334	6.666666666666667
297	17	2	124.89200000000001	45.011999999999986
297	18	2	125.10800000000002	85.01999999999997
297	19	2	124.99600000000004	125.09999999999997
297	20	2	125.64400000000002	164.62800000000001
297	21	2	165.33600000000004	5.108
297	22	2	164.99999999999994	45.00000000000002
297	23	2	164.99999999999994	84.99999999999997
297	24	2	164.86799999999997	125.09599999999999
297	25	2	164.3235294117647	164.5882352941177
297	26	1	54.94610778443117	15.952095808383243
297	27	1	94.3293413173652	110.02395209580837
297	28	1	67.84199999999998	67.92799999999994
297	29	1	85.4079999999999	64.14200000000004
297	30	1	190.14570858283432	142.90818363273462
297	31	1	126.4820000000001	145.20200000000006
297	32	1	23.422	112.54399999999995
297	33	1	117.452	178.49800000000027
297	34	1	178.48000000000005	151.02399999999992
297	35	1	146.88999999999987	156.96599999999992
297	36	1	143.85800000000006	197.01399999999995
297	37	1	138.1816367265469	179.68463073852288
297	38	1	62.69000000000002	180.17600000000004
297	39	1	162.94400000000005	185.3599999999999
297	40	1	11.186	22.592000000000002
297	41	1	105.28857715430857	159.18436873747487
297	42	1	42.34599999999999	187.28600000000014
297	43	1	19.68063872255489	95.01996007984033
297	44	1	64.91600000000003	159.556
297	45	1	45.98999999999999	99.66599999999995
298	1	2	4.927999999999999	4.604000000000001
298	2	2	4.9999999999999964	45
298	3	2	5.103999999999996	85.01200000000003
298	4	2	4.9999999999999964	125.00000000000003
298	5	2	4.9999999999999964	165.00000000000009
298	6	2	45.00000000000003	5.000000000000002
298	7	2	45.00000000000002	45.29999999999999
298	8	2	45.86799999999999	85.59599999999999
298	9	2	45.00000000000003	124.99999999999997
298	10	2	44.708000000000006	164.88799999999992
298	11	2	84.944	5.036000000000003
298	12	2	84.99999999999997	45.00000000000002
298	13	2	85.36625514403288	85.38683127572016
298	14	2	85.36051502145926	125.70386266094418
298	15	2	85.23999999999994	165.04399999999987
298	16	2	125.58333333333334	6.666666666666667
298	17	2	124.89200000000001	45.011999999999986
298	18	2	125.10800000000002	85.01999999999997
298	19	2	124.99600000000004	125.09999999999997
298	20	2	125.64400000000002	164.62800000000001
298	21	2	165.33600000000004	5.108
298	22	2	164.99999999999994	45.00000000000002
298	23	2	164.99999999999994	84.99999999999997
298	24	2	164.86799999999997	125.09599999999999
298	25	2	164.3235294117647	164.5882352941177
298	26	1	54.91999999999999	15.898000000000007
298	27	1	94.42714570858288	109.91616766467068
298	28	1	67.86826347305389	67.87624750499002
298	29	1	85.440881763527	64.15030060120243
298	30	1	190.15	142.96799999999985
298	31	1	126.33532934131739	145.2614770459083
298	32	1	23.345999999999993	112.54399999999988
298	33	1	117.4820000000001	178.61400000000015
298	34	1	178.43999999999988	151.0139999999999
298	35	1	146.8460000000001	156.888
298	36	1	143.9520958083835	196.91017964071864
298	37	1	138.14371257485033	179.6147704590818
298	38	1	62.61200000000001	180.1400000000001
298	39	1	162.9780876494025	185.36653386454168
298	40	1	11.431137724550902	22.682634730538915
298	41	1	105.0778443113772	159.39520958083858
298	42	1	42.34400000000001	187.21799999999993
298	43	1	19.80800000000001	94.89800000000007
298	44	1	64.912	159.466
298	45	1	45.86027944111777	99.622754491018
299	1	2	4.927999999999999	4.604000000000001
299	2	2	4.9999999999999964	45
299	3	2	5.103999999999996	85.01200000000003
299	4	2	4.9999999999999964	125.00000000000003
299	5	2	4.9999999999999964	165.00000000000009
299	6	2	45.00000000000003	5.000000000000002
299	7	2	45.00000000000002	45.29999999999999
299	8	2	45.86799999999999	85.59599999999999
299	9	2	45.00000000000003	124.99999999999997
299	10	2	44.708000000000006	164.88799999999992
299	11	2	84.944	5.036000000000003
299	12	2	84.99999999999997	45.00000000000002
299	13	2	85.36625514403288	85.38683127572016
299	14	2	85.36051502145926	125.70386266094418
299	15	2	85.23999999999994	165.04399999999987
299	16	2	125.58333333333334	6.666666666666667
299	17	2	124.89200000000001	45.011999999999986
299	18	2	125.10800000000002	85.01999999999997
299	19	2	124.99600000000004	125.09999999999997
299	20	2	125.64400000000002	164.62800000000001
299	21	2	165.33600000000004	5.108
299	22	2	164.99999999999994	45.00000000000002
299	23	2	164.99999999999994	84.99999999999997
299	24	2	164.86799999999997	125.09599999999999
299	25	2	164.3235294117647	164.5882352941177
299	26	1	54.91	15.88399999999998
299	27	1	94.52295409181649	109.92814371257478
299	28	1	67.92814371257488	68.07984031936131
299	29	1	85.462	64.15800000000003
299	30	1	190.25349301397205	143.067864271457
299	31	1	126.25548902195614	145.31936127744513
299	32	1	23.353293413173667	112.5209580838324
299	33	1	117.52799999999998	178.69999999999993
299	34	1	178.25948103792425	150.96007984031945
299	35	1	146.8403193612774	156.87425149700584
299	36	1	144.03400000000005	196.70799999999997
299	37	1	137.96000000000006	179.67200000000014
299	38	1	62.577999999999975	179.95400000000004
299	39	1	162.87425149700576	185.41716566866262
299	40	1	11.225548902195609	22.688622754491043
299	41	1	104.97799999999997	159.50799999999992
299	42	1	42.24399999999999	187.22199999999992
299	43	1	19.886227544910206	94.70658682634729
299	44	1	64.87425149700603	159.34131736526936
299	45	1	45.77799999999999	99.50200000000005
300	1	2	4.927999999999999	4.604000000000001
300	2	2	4.9999999999999964	45
300	3	2	5.103999999999996	85.01200000000003
300	4	2	4.9999999999999964	125.00000000000003
300	5	2	4.9999999999999964	165.00000000000009
300	6	2	45.00000000000003	5.000000000000002
300	7	2	45.00000000000002	45.29999999999999
300	8	2	45.86799999999999	85.59599999999999
300	9	2	45.00000000000003	124.99999999999997
300	10	2	44.708000000000006	164.88799999999992
300	11	2	84.944	5.036000000000003
300	12	2	84.99999999999997	45.00000000000002
300	13	2	85.36625514403288	85.38683127572016
300	14	2	85.36051502145926	125.70386266094418
300	15	2	85.23999999999994	165.04399999999987
300	16	2	125.58333333333334	6.666666666666667
300	17	2	124.89200000000001	45.011999999999986
300	18	2	125.10800000000002	85.01999999999997
300	19	2	124.99600000000004	125.09999999999997
300	20	2	125.64400000000002	164.62800000000001
300	21	2	165.33600000000004	5.108
300	22	2	164.99999999999994	45.00000000000002
300	23	2	164.99999999999994	84.99999999999997
300	24	2	164.86799999999997	125.09599999999999
300	25	2	164.3235294117647	164.5882352941177
300	26	1	54.92799999999999	15.915999999999977
300	27	1	94.63872255489026	109.96806387225556
300	28	1	68.01197604790414	68.20159680638723
300	29	1	85.57200000000007	64.15600000000003
300	30	1	190.38	143.08800000000016
300	31	1	126.14371257485028	145.36726546906203
300	32	1	23.295409181636728	112.50499001996009
300	33	1	117.53400000000002	178.62399999999994
300	34	1	178.239520958084	150.90618762475032
300	35	1	146.7539999999999	156.804
300	36	1	144.04790419161668	196.70459081836327
300	37	1	137.9699999999999	179.60800000000015
300	38	1	62.49101796407187	179.91616766467055
300	39	1	162.77200000000002	185.43800000000002
300	40	1	11.251497005988012	22.614770459081836
300	41	1	104.80039920159675	159.57085828343313
300	42	1	42.28999999999998	187.2300000000002
300	43	1	19.86852589641433	94.64143426294818
300	44	1	64.90000000000008	159.23800000000006
300	45	1	45.74650698602797	99.52295409181636
301	1	2	4.927999999999999	4.604000000000001
301	2	2	4.9999999999999964	45
301	3	2	5.103999999999996	85.01200000000003
301	4	2	4.9999999999999964	125.00000000000003
301	5	2	4.9999999999999964	165.00000000000009
301	6	2	45.00000000000003	5.000000000000002
301	7	2	45.00000000000002	45.29999999999999
301	8	2	45.86799999999999	85.59599999999999
301	9	2	45.00000000000003	124.99999999999997
301	10	2	44.708000000000006	164.88799999999992
301	11	2	84.944	5.036000000000003
301	12	2	84.99999999999997	45.00000000000002
301	13	2	85.36625514403288	85.38683127572016
301	14	2	85.36051502145926	125.70386266094418
301	15	2	85.23999999999994	165.04399999999987
301	16	2	125.58333333333334	6.666666666666667
301	17	2	124.89200000000001	45.011999999999986
301	18	2	125.10800000000002	85.01999999999997
301	19	2	124.99600000000004	125.09999999999997
301	20	2	125.64400000000002	164.62800000000001
301	21	2	165.33600000000004	5.108
301	22	2	164.99999999999994	45.00000000000002
301	23	2	164.99999999999994	84.99999999999997
301	24	2	164.86799999999997	125.09599999999999
301	25	2	164.3235294117647	164.5882352941177
301	26	1	54.89399999999995	15.87799999999998
301	27	1	94.72599999999996	109.908
301	28	1	68.032	68.21600000000004
301	29	1	85.66866267465075	64.22155688622755
301	30	1	190.324	143.086
301	31	1	126.09199999999998	145.4179999999999
301	32	1	23.201999999999998	112.6519999999999
301	33	1	117.582	178.684
301	34	1	178.30139720558887	150.9700598802397
301	35	1	146.7034068136272	156.75951903807626
301	36	1	144.03400000000016	196.73000000000005
301	37	1	138.00199600798393	179.6127744510978
301	38	1	62.51200000000003	179.87800000000013
301	39	1	162.67935871743506	185.45490981963937
301	40	1	11.267999999999997	22.667999999999985
301	41	1	104.746506986028	159.61876247504975
301	42	1	42.361277445109806	187.27744510978047
301	43	1	19.99999999999999	94.54400000000001
301	44	1	64.94011976047902	159.20558882235534
301	45	1	45.59081836327344	99.5129740518962
302	1	2	4.927999999999999	4.604000000000001
302	2	2	4.9999999999999964	45
302	3	2	5.103999999999996	85.01200000000003
302	4	2	4.9999999999999964	125.00000000000003
302	5	2	4.9999999999999964	165.00000000000009
302	6	2	45.00000000000003	5.000000000000002
302	7	2	45.00000000000002	45.29999999999999
302	8	2	45.86799999999999	85.59599999999999
302	9	2	45.00000000000003	124.99999999999997
302	10	2	44.708000000000006	164.88799999999992
302	11	2	84.944	5.036000000000003
302	12	2	84.99999999999997	45.00000000000002
302	13	2	85.36625514403288	85.38683127572016
302	14	2	85.36051502145926	125.70386266094418
302	15	2	85.23999999999994	165.04399999999987
302	16	2	125.58333333333334	6.666666666666667
302	17	2	124.89200000000001	45.011999999999986
302	18	2	125.10800000000002	85.01999999999997
302	19	2	124.99600000000004	125.09999999999997
302	20	2	125.64400000000002	164.62800000000001
302	21	2	165.33600000000004	5.108
302	22	2	164.99999999999994	45.00000000000002
302	23	2	164.99999999999994	84.99999999999997
302	24	2	164.86799999999997	125.09599999999999
302	25	2	164.3235294117647	164.5882352941177
302	26	1	54.88999999999997	15.899999999999999
302	27	1	94.73652694610783	109.89421157684623
302	28	1	68.09580838323355	68.26347305389226
302	29	1	85.72400000000003	64.20400000000002
302	30	1	190.368	143.04000000000016
302	31	1	126.01000000000013	145.47000000000003
302	32	1	23.071713147410374	112.72709163346622
302	33	1	117.58764940239037	178.69721115537837
302	34	1	178.3672654690619	151.00798403193616
302	35	1	146.66000000000014	156.698
302	36	1	144.06400000000014	196.7480000000001
302	37	1	138.08183632734543	179.53293413173645
302	38	1	62.401197604790426	179.73852295409176
302	39	1	162.66200000000006	185.45399999999987
302	40	1	11.135458167330663	22.651394422310766
302	41	1	104.638	159.69000000000008
302	42	1	42.37000000000005	187.12199999999999
302	43	1	19.982035928143702	94.50099800399204
302	44	1	64.96007984031937	159.1297405189621
302	45	1	45.562874251497014	99.49700598802394
303	1	2	4.927999999999999	4.604000000000001
303	2	2	4.9999999999999964	45
303	3	2	5.103999999999996	85.01200000000003
303	4	2	4.9999999999999964	125.00000000000003
303	5	2	4.9999999999999964	165.00000000000009
303	6	2	45.00000000000003	5.000000000000002
303	7	2	45.00000000000002	45.29999999999999
303	8	2	45.86799999999999	85.59599999999999
303	9	2	45.00000000000003	124.99999999999997
303	10	2	44.708000000000006	164.88799999999992
303	11	2	84.944	5.036000000000003
303	12	2	84.99999999999997	45.00000000000002
303	13	2	85.36625514403288	85.38683127572016
303	14	2	85.36051502145926	125.70386266094418
303	15	2	85.23999999999994	165.04399999999987
303	16	2	125.58333333333334	6.666666666666667
303	17	2	124.89200000000001	45.011999999999986
303	18	2	125.10800000000002	85.01999999999997
303	19	2	124.99600000000004	125.09999999999997
303	20	2	125.64400000000002	164.62800000000001
303	21	2	165.33600000000004	5.108
303	22	2	164.99999999999994	45.00000000000002
303	23	2	164.99999999999994	84.99999999999997
303	24	2	164.86799999999997	125.09599999999999
303	25	2	164.3235294117647	164.5882352941177
303	26	1	54.88599999999997	15.948000000000004
303	27	1	94.7704590818362	109.92415169660686
303	28	1	68.10578842315367	68.24550898203604
303	29	1	85.72400000000007	64.17600000000002
303	30	1	190.482	143.18599999999998
303	31	1	125.88423153692617	145.53892215568874
303	32	1	22.89400000000001	112.78600000000002
303	33	1	117.58999999999997	178.68599999999995
303	34	1	178.1656686626745	150.86027944111774
303	35	1	146.6160000000001	156.662
303	36	1	144.09600000000015	196.64000000000001
303	37	1	138.12000000000003	179.45599999999996
303	38	1	62.27145708582841	179.73253493013974
303	39	1	162.72854291417184	185.37125748503001
303	40	1	11.022000000000004	22.64
303	41	1	104.53093812375248	159.89620758483042
303	42	1	42.31800000000004	187.13999999999996
303	43	1	20.051999999999996	94.42200000000001
303	44	1	64.93800000000002	159.0479999999999
303	45	1	45.45399999999997	99.52399999999997
304	1	2	4.927999999999999	4.604000000000001
304	2	2	4.9999999999999964	45
304	3	2	5.103999999999996	85.01200000000003
304	4	2	4.9999999999999964	125.00000000000003
304	5	2	4.9999999999999964	165.00000000000009
304	6	2	45.00000000000003	5.000000000000002
304	7	2	45.00000000000002	45.29999999999999
304	8	2	45.86799999999999	85.59599999999999
304	9	2	45.00000000000003	124.99999999999997
304	10	2	44.708000000000006	164.88799999999992
304	11	2	84.944	5.036000000000003
304	12	2	84.99999999999997	45.00000000000002
304	13	2	85.36625514403288	85.38683127572016
304	14	2	85.36051502145926	125.70386266094418
304	15	2	85.23999999999994	165.04399999999987
304	16	2	125.58333333333334	6.666666666666667
304	17	2	124.89200000000001	45.011999999999986
304	18	2	125.10800000000002	85.01999999999997
304	19	2	124.99600000000004	125.09999999999997
304	20	2	125.64400000000002	164.62800000000001
304	21	2	165.33600000000004	5.108
304	22	2	164.99999999999994	45.00000000000002
304	23	2	164.99999999999994	84.99999999999997
304	24	2	164.86799999999997	125.09599999999999
304	25	2	164.3235294117647	164.5882352941177
304	26	1	54.77445109780435	15.942115768463061
304	27	1	94.84600000000003	109.88399999999996
304	28	1	68.16367265469059	68.27744510978042
304	29	1	85.808383233533	64.13772455089818
304	30	1	190.4810379241517	143.1856287425149
304	31	1	125.86799999999997	145.59000000000003
304	32	1	22.784	112.84
304	33	1	117.58800000000002	178.60400000000004
304	34	1	178.05389221556888	150.8642714570858
304	35	1	146.61676646706593	156.53892215568868
304	36	1	144.13373253493003	196.6826347305391
304	37	1	138.1536926147705	179.39720558882232
304	38	1	62.192000000000036	179.6760000000002
304	39	1	162.6207584830339	185.3113772455091
304	40	1	11.101999999999995	22.559999999999988
304	41	1	104.46307385229547	159.82035928143708
304	42	1	42.275449101796426	187.11177644710568
304	43	1	20.014028056112224	94.37675350701399
304	44	1	64.94388777555109	158.9719438877755
304	45	1	45.25748502994018	99.60678642714576
305	1	2	4.927999999999999	4.604000000000001
305	2	2	4.9999999999999964	45
305	3	2	5.103999999999996	85.01200000000003
305	4	2	4.9999999999999964	125.00000000000003
305	5	2	4.9999999999999964	165.00000000000009
305	6	2	45.00000000000003	5.000000000000002
305	7	2	45.00000000000002	45.29999999999999
305	8	2	45.86799999999999	85.59599999999999
305	9	2	45.00000000000003	124.99999999999997
305	10	2	44.708000000000006	164.88799999999992
305	11	2	84.944	5.036000000000003
305	12	2	84.99999999999997	45.00000000000002
305	13	2	85.36625514403288	85.38683127572016
305	14	2	85.36051502145926	125.70386266094418
305	15	2	85.23999999999994	165.04399999999987
305	16	2	125.58333333333334	6.666666666666667
305	17	2	124.89200000000001	45.011999999999986
305	18	2	125.10800000000002	85.01999999999997
305	19	2	124.99600000000004	125.09999999999997
305	20	2	125.64400000000002	164.62800000000001
305	21	2	165.33600000000004	5.108
305	22	2	164.99999999999994	45.00000000000002
305	23	2	164.99999999999994	84.99999999999997
305	24	2	164.86799999999997	125.09599999999999
305	25	2	164.3235294117647	164.5882352941177
305	26	1	54.786427145708565	15.950099800399206
305	27	1	94.90419161676651	109.96007984031942
305	28	1	68.20119521912352	68.25298804780887
305	29	1	85.84200000000007	64.14799999999995
305	30	1	190.64670658682633	143.33133732534952
305	31	1	125.82235528942113	145.57085828343335
305	32	1	22.659999999999986	112.98600000000009
305	33	1	117.58483033932127	178.63473053892227
305	34	1	177.94011976047926	150.7265469061877
305	35	1	146.614770459082	156.58682634730536
305	36	1	144.23952095808397	196.70059880239515
305	37	1	138.0159362549802	179.4741035856572
305	38	1	62.139720558882274	179.6447105788425
305	39	1	162.5449101796407	185.32135728542917
305	40	1	11.053892215568863	22.55688622754489
305	41	1	104.42115768463076	159.83233532934113
305	42	1	42.249500998004024	187.11377245508976
305	43	1	20.01000000000001	94.37400000000001
305	44	1	64.91800000000003	158.96999999999994
305	45	1	45.06199999999999	99.70200000000001
306	1	2	4.927999999999999	4.604000000000001
306	2	2	4.9999999999999964	45
306	3	2	5.103999999999996	85.01200000000003
306	4	2	4.9999999999999964	125.00000000000003
306	5	2	4.9999999999999964	165.00000000000009
306	6	2	45.00000000000003	5.000000000000002
306	7	2	45.00000000000002	45.29999999999999
306	8	2	45.86799999999999	85.59599999999999
306	9	2	45.00000000000003	124.99999999999997
306	10	2	44.708000000000006	164.88799999999992
306	11	2	84.944	5.036000000000003
306	12	2	84.99999999999997	45.00000000000002
306	13	2	85.36625514403288	85.38683127572016
306	14	2	85.36051502145926	125.70386266094418
306	15	2	85.23999999999994	165.04399999999987
306	16	2	125.58333333333334	6.666666666666667
306	17	2	124.89200000000001	45.011999999999986
306	18	2	125.10800000000002	85.01999999999997
306	19	2	124.99600000000004	125.09999999999997
306	20	2	125.64400000000002	164.62800000000001
306	21	2	165.33600000000004	5.108
306	22	2	164.99999999999994	45.00000000000002
306	23	2	164.99999999999994	84.99999999999997
306	24	2	164.86799999999997	125.09599999999999
306	25	2	164.3235294117647	164.5882352941177
306	26	1	54.710000000000015	16.043999999999986
306	27	1	94.93000000000002	110.05399999999993
306	28	1	68.27145708582835	68.26946107784424
306	29	1	85.78443113772451	64.10379241516965
306	30	1	190.62275449101796	143.27345309381238
306	31	1	125.83399999999999	145.63600000000014
306	32	1	22.576846307385228	113.06387225548904
306	33	1	117.56487025948095	178.6666666666666
306	34	1	177.93400000000008	150.69000000000005
306	35	1	146.63273453093808	156.62275449101801
306	36	1	144.22000000000008	196.65400000000005
306	37	1	138.09600000000006	179.36799999999997
306	38	1	62.056000000000004	179.47000000000003
306	39	1	162.53892215568865	185.38522954091806
306	40	1	11.075848303393215	22.67265469061877
306	41	1	104.35129740518967	159.88822355289415
306	42	1	42.242000000000004	187.13800000000012
306	43	1	20.025948103792405	94.33932135728541
306	44	1	64.92814371257485	158.7664670658681
306	45	1	44.943999999999996	99.762
307	1	2	4.927999999999999	4.604000000000001
307	2	2	4.9999999999999964	45
307	3	2	5.103999999999996	85.01200000000003
307	4	2	4.9999999999999964	125.00000000000003
307	5	2	4.9999999999999964	165.00000000000009
307	6	2	45.00000000000003	5.000000000000002
307	7	2	45.00000000000002	45.29999999999999
307	8	2	45.86799999999999	85.59599999999999
307	9	2	45.00000000000003	124.99999999999997
307	10	2	44.708000000000006	164.88799999999992
307	11	2	84.944	5.036000000000003
307	12	2	84.99999999999997	45.00000000000002
307	13	2	85.36625514403288	85.38683127572016
307	14	2	85.36051502145926	125.70386266094418
307	15	2	85.23999999999994	165.04399999999987
307	16	2	125.58333333333334	6.666666666666667
307	17	2	124.89200000000001	45.011999999999986
307	18	2	125.10800000000002	85.01999999999997
307	19	2	124.99600000000004	125.09999999999997
307	20	2	125.64400000000002	164.62800000000001
307	21	2	165.33600000000004	5.108
307	22	2	164.99999999999994	45.00000000000002
307	23	2	164.99999999999994	84.99999999999997
307	24	2	164.86799999999997	125.09599999999999
307	25	2	164.3235294117647	164.5882352941177
307	26	1	54.68000000000001	15.937999999999983
307	27	1	94.9780439121757	109.98403193612778
307	28	1	68.22954091816369	68.27944111776455
307	29	1	85.80600000000005	64.14200000000001
307	30	1	190.65	143.29600000000008
307	31	1	125.71399999999997	145.68999999999977
307	32	1	22.38522954091817	113.16566866267456
307	33	1	117.47199999999997	178.68400000000005
307	34	1	177.81600000000014	150.49199999999982
307	35	1	146.6120000000001	156.66200000000015
307	36	1	144.2979999999999	196.6140000000001
307	37	1	138.00399201596804	179.36327345309397
307	38	1	62.01399999999998	179.404
307	39	1	162.50499001996013	185.32734530938112
307	40	1	11.06387225548902	22.680638722554914
307	41	1	104.30999999999999	159.92600000000007
307	42	1	42.177644710578846	187.12574850299413
307	43	1	20.00798403193613	94.29341317365271
307	44	1	64.95009980039919	158.65469061876237
307	45	1	44.65799999999999	99.75399999999999
308	1	2	4.927999999999999	4.604000000000001
308	2	2	4.9999999999999964	45
308	3	2	5.103999999999996	85.01200000000003
308	4	2	4.9999999999999964	125.00000000000003
308	5	2	4.9999999999999964	165.00000000000009
308	6	2	45.00000000000003	5.000000000000002
308	7	2	45.00000000000002	45.29999999999999
308	8	2	45.86799999999999	85.59599999999999
308	9	2	45.00000000000003	124.99999999999997
308	10	2	44.708000000000006	164.88799999999992
308	11	2	84.944	5.036000000000003
308	12	2	84.99999999999997	45.00000000000002
308	13	2	85.36625514403288	85.38683127572016
308	14	2	85.36051502145926	125.70386266094418
308	15	2	85.23999999999994	165.04399999999987
308	16	2	125.58333333333334	6.666666666666667
308	17	2	124.89200000000001	45.011999999999986
308	18	2	125.10800000000002	85.01999999999997
308	19	2	124.99600000000004	125.09999999999997
308	20	2	125.64400000000002	164.62800000000001
308	21	2	165.33600000000004	5.108
308	22	2	164.99999999999994	45.00000000000002
308	23	2	164.99999999999994	84.99999999999997
308	24	2	164.86799999999997	125.09599999999999
308	25	2	164.3235294117647	164.5882352941177
308	26	1	54.67864271457084	15.94610778443113
308	27	1	95.06175298804784	110.01992031872511
308	28	1	68.26147704590818	68.313373253493
308	29	1	85.89421157684632	64.10978043912176
308	30	1	190.614	143.316
308	31	1	125.62874251497003	145.72654690618774
308	32	1	22.227091633466138	113.19920318725104
308	33	1	117.43712574850308	178.76646706586834
308	34	1	177.7079999999999	150.45800000000014
308	35	1	146.5916334661355	156.54581673306777
308	36	1	144.34399999999974	196.53800000000012
308	37	1	137.96806387225553	179.32734530938117
308	38	1	61.94799999999996	179.29599999999982
308	39	1	162.4980079681274	185.288844621514
308	40	1	11.13373253493014	22.626746506986056
308	41	1	104.3033932135728	159.95409181636737
308	42	1	42.199600798403175	187.20558882235525
308	43	1	19.968063872255495	94.19161676646716
308	44	1	65.00998003992017	158.5888223552896
308	45	1	44.53400000000004	99.766
309	1	2	4.927999999999999	4.604000000000001
309	2	2	4.9999999999999964	45
309	3	2	5.103999999999996	85.01200000000003
309	4	2	4.9999999999999964	125.00000000000003
309	5	2	4.9999999999999964	165.00000000000009
309	6	2	45.00000000000003	5.000000000000002
309	7	2	45.00000000000002	45.29999999999999
309	8	2	45.86799999999999	85.59599999999999
309	9	2	45.00000000000003	124.99999999999997
309	10	2	44.708000000000006	164.88799999999992
309	11	2	84.944	5.036000000000003
309	12	2	84.99999999999997	45.00000000000002
309	13	2	85.36625514403288	85.38683127572016
309	14	2	85.36051502145926	125.70386266094418
309	15	2	85.23999999999994	165.04399999999987
309	16	2	125.58333333333334	6.666666666666667
309	17	2	124.89200000000001	45.011999999999986
309	18	2	125.10800000000002	85.01999999999997
309	19	2	124.99600000000004	125.09999999999997
309	20	2	125.64400000000002	164.62800000000001
309	21	2	165.33600000000004	5.108
309	22	2	164.99999999999994	45.00000000000002
309	23	2	164.99999999999994	84.99999999999997
309	24	2	164.86799999999997	125.09599999999999
309	25	2	164.3235294117647	164.5882352941177
309	26	1	54.68600000000001	15.93199999999999
309	27	1	95.17199999999995	110.02
309	28	1	68.22355289421152	68.41516966067869
309	29	1	85.87800000000007	64.11399999999998
309	30	1	190.6626746506986	143.40319361277437
309	31	1	125.55600000000003	145.81199999999995
309	32	1	22.13599999999999	113.15600000000009
309	33	1	117.44111776447119	178.80039920159692
309	34	1	177.75551102204412	150.4088176352706
309	35	1	146.634	156.57199999999992
309	36	1	144.36526946107784	196.44710578842324
309	37	1	137.97005988023952	179.2075848303393
309	38	1	61.8702594810379	179.19760479041923
309	39	1	162.49900199600788	185.27145708582844
309	40	1	11.160000000000005	22.675999999999988
309	41	1	104.23999999999998	159.95600000000007
309	42	1	42.23000000000004	187.25799999999998
309	43	1	19.926147704590814	94.06387225548897
309	44	1	65.04399999999998	158.512
309	45	1	44.35528942115765	99.84231536926144
310	1	2	4.927999999999999	4.604000000000001
310	2	2	4.9999999999999964	45
310	3	2	5.103999999999996	85.01200000000003
310	4	2	4.9999999999999964	125.00000000000003
310	5	2	4.9999999999999964	165.00000000000009
310	6	2	45.00000000000003	5.000000000000002
310	7	2	45.00000000000002	45.29999999999999
310	8	2	45.86799999999999	85.59599999999999
310	9	2	45.00000000000003	124.99999999999997
310	10	2	44.708000000000006	164.88799999999992
310	11	2	84.944	5.036000000000003
310	12	2	84.99999999999997	45.00000000000002
310	13	2	85.36625514403288	85.38683127572016
310	14	2	85.36051502145926	125.70386266094418
310	15	2	85.23999999999994	165.04399999999987
310	16	2	125.58333333333334	6.666666666666667
310	17	2	124.89200000000001	45.011999999999986
310	18	2	125.10800000000002	85.01999999999997
310	19	2	124.99600000000004	125.09999999999997
310	20	2	125.64400000000002	164.62800000000001
310	21	2	165.33600000000004	5.108
310	22	2	164.99999999999994	45.00000000000002
310	23	2	164.99999999999994	84.99999999999997
310	24	2	164.86799999999997	125.09599999999999
310	25	2	164.3235294117647	164.5882352941177
310	26	1	54.608782435129754	16.1117764471058
310	27	1	95.18399999999995	110.04599999999995
310	28	1	68.16199999999999	68.346
310	29	1	85.8924302788844	64.10358565737052
310	30	1	190.60358565737053	143.41633466135437
310	31	1	125.45908183632737	145.8662674650698
310	32	1	22.005988023952106	113.17564870259474
310	33	1	117.48702594810379	178.88622754491007
310	34	1	177.63073852295426	150.39720558882235
310	35	1	146.58200000000008	156.53599999999992
310	36	1	144.4630738522955	196.37524950099774
310	37	1	137.89799999999997	179.21600000000007
310	38	1	61.606786427145686	179.15768463073843
310	39	1	162.46706586826355	185.29540918163673
310	40	1	11.077999999999992	22.646
310	41	1	104.19161676646704	159.90419161676672
310	42	1	42.15968063872256	187.45109780439134
310	43	1	19.897999999999996	94.04800000000009
310	44	1	64.996007984032	158.52894211576844
310	45	1	44.21956087824353	99.90618762475052
311	1	2	4.927999999999999	4.604000000000001
311	2	2	4.9999999999999964	45
311	3	2	5.103999999999996	85.01200000000003
311	4	2	4.9999999999999964	125.00000000000003
311	5	2	4.9999999999999964	165.00000000000009
311	6	2	45.00000000000003	5.000000000000002
311	7	2	45.00000000000002	45.29999999999999
311	8	2	45.86799999999999	85.59599999999999
311	9	2	45.00000000000003	124.99999999999997
311	10	2	44.708000000000006	164.88799999999992
311	11	2	84.944	5.036000000000003
311	12	2	84.99999999999997	45.00000000000002
311	13	2	85.36625514403288	85.38683127572016
311	14	2	85.36051502145926	125.70386266094418
311	15	2	85.23999999999994	165.04399999999987
311	16	2	125.58333333333334	6.666666666666667
311	17	2	124.89200000000001	45.011999999999986
311	18	2	125.10800000000002	85.01999999999997
311	19	2	124.99600000000004	125.09999999999997
311	20	2	125.64400000000002	164.62800000000001
311	21	2	165.33600000000004	5.108
311	22	2	164.99999999999994	45.00000000000002
311	23	2	164.99999999999994	84.99999999999997
311	24	2	164.86799999999997	125.09599999999999
311	25	2	164.3235294117647	164.5882352941177
311	26	1	54.627999999999965	16.009999999999984
311	27	1	95.12400000000015	110.03799999999995
311	28	1	68.10999999999989	68.442
311	29	1	85.82400000000001	64.11200000000002
311	30	1	190.662	143.5780000000001
311	31	1	125.33133732534931	145.84830339321357
311	32	1	21.858283433133728	113.22954091816364
311	33	1	117.4440000000001	178.84199999999996
311	34	1	177.54890219560875	150.3592814371259
311	35	1	146.4879999999999	156.54199999999983
311	36	1	144.51297405189635	196.30139720558918
311	37	1	137.81362725450904	179.19038076152304
311	38	1	61.49101796407188	179.10379241516964
311	39	1	162.39243027888443	185.328685258964
311	40	1	11.169660678642714	22.590818363273456
311	41	1	104.11399999999998	159.96800000000013
311	42	1	42.14800000000008	187.46000000000015
311	43	1	19.972000000000012	93.93199999999999
311	44	1	64.976	158.42799999999974
311	45	1	44.123999999999945	99.95799999999994
312	1	2	4.927999999999999	4.604000000000001
312	2	2	4.9999999999999964	45
312	3	2	5.103999999999996	85.01200000000003
312	4	2	4.9999999999999964	125.00000000000003
312	5	2	4.9999999999999964	165.00000000000009
312	6	2	45.00000000000003	5.000000000000002
312	7	2	45.00000000000002	45.29999999999999
312	8	2	45.86799999999999	85.59599999999999
312	9	2	45.00000000000003	124.99999999999997
312	10	2	44.708000000000006	164.88799999999992
312	11	2	84.944	5.036000000000003
312	12	2	84.99999999999997	45.00000000000002
312	13	2	85.36625514403288	85.38683127572016
312	14	2	85.36051502145926	125.70386266094418
312	15	2	85.23999999999994	165.04399999999987
312	16	2	125.58333333333334	6.666666666666667
312	17	2	124.89200000000001	45.011999999999986
312	18	2	125.10800000000002	85.01999999999997
312	19	2	124.99600000000004	125.09999999999997
312	20	2	125.64400000000002	164.62800000000001
312	21	2	165.33600000000004	5.108
312	22	2	164.99999999999994	45.00000000000002
312	23	2	164.99999999999994	84.99999999999997
312	24	2	164.86799999999997	125.09599999999999
312	25	2	164.3235294117647	164.5882352941177
312	26	1	54.51600000000001	16.15600000000002
312	27	1	95.13373253493016	109.97005988023945
312	28	1	68.07984031936128	68.46906187624755
312	29	1	85.86399999999993	64.13399999999997
312	30	1	190.7314629258517	143.63126252505035
312	31	1	125.17764471057875	145.81636726546915
312	32	1	21.714570858283437	113.25548902195615
312	33	1	117.42315369261483	178.9221556886227
312	34	1	177.55888223552887	150.38123752495
312	35	1	146.42115768463077	156.52894211576856
312	36	1	144.6467065868263	196.25948103792402
312	37	1	137.77888446215152	179.20517928286822
312	38	1	61.536926147704555	179.14770459081828
312	39	1	162.3920000000001	185.30800000000002
312	40	1	11.21115537848606	22.645418326693235
312	41	1	104.00600000000006	160.0080000000002
312	42	1	42.22355289421158	187.5069860279441
312	43	1	19.98003992015969	93.79840319361286
312	44	1	64.97205588822358	158.39720558882217
312	45	1	43.97600000000002	100.07000000000009
313	1	2	4.927999999999999	4.604000000000001
313	2	2	4.9999999999999964	45
313	3	2	5.103999999999996	85.01200000000003
313	4	2	4.9999999999999964	125.00000000000003
313	5	2	4.9999999999999964	165.00000000000009
313	6	2	45.00000000000003	5.000000000000002
313	7	2	45.00000000000002	45.29999999999999
313	8	2	45.86799999999999	85.59599999999999
313	9	2	45.00000000000003	124.99999999999997
313	10	2	44.708000000000006	164.88799999999992
313	11	2	84.944	5.036000000000003
313	12	2	84.99999999999997	45.00000000000002
313	13	2	85.36625514403288	85.38683127572016
313	14	2	85.36051502145926	125.70386266094418
313	15	2	85.23999999999994	165.04399999999987
313	16	2	125.58333333333334	6.666666666666667
313	17	2	124.89200000000001	45.011999999999986
313	18	2	125.10800000000002	85.01999999999997
313	19	2	124.99600000000004	125.09999999999997
313	20	2	125.64400000000002	164.62800000000001
313	21	2	165.33600000000004	5.108
313	22	2	164.99999999999994	45.00000000000002
313	23	2	164.99999999999994	84.99999999999997
313	24	2	164.86799999999997	125.09599999999999
313	25	2	164.3235294117647	164.5882352941177
313	26	1	54.499999999999986	16.217999999999982
313	27	1	95.11399999999999	110.02400000000003
313	28	1	68.02994011976044	68.5309381237525
313	29	1	85.90399999999994	64.19999999999999
313	30	1	190.62	143.57600000000002
313	31	1	125.026	145.94000000000005
313	32	1	21.480000000000008	113.24199999999999
313	33	1	117.45508982035939	178.9960079840319
313	34	1	177.6772908366536	150.50796812749013
313	35	1	146.33532934131733	156.48902195608784
313	36	1	144.66200000000006	196.23400000000015
313	37	1	137.74900398406382	179.1912350597608
313	38	1	61.55400000000002	179.10199999999983
313	39	1	162.37724550898193	185.29141716566858
313	40	1	11.318000000000001	22.719999999999988
313	41	1	103.87399999999997	160.19599999999994
313	42	1	42.26147704590817	187.49301397205593
313	43	1	20.065999999999992	93.69199999999994
313	44	1	64.9720558882235	158.38123752495005
313	45	1	43.91399999999998	100.08999999999989
314	1	2	4.927999999999999	4.604000000000001
314	2	2	4.9999999999999964	45
314	3	2	5.103999999999996	85.01200000000003
314	4	2	4.9999999999999964	125.00000000000003
314	5	2	4.9999999999999964	165.00000000000009
314	6	2	45.00000000000003	5.000000000000002
314	7	2	45.00000000000002	45.29999999999999
314	8	2	45.86799999999999	85.59599999999999
314	9	2	45.00000000000003	124.99999999999997
314	10	2	44.708000000000006	164.88799999999992
314	11	2	84.944	5.036000000000003
314	12	2	84.99999999999997	45.00000000000002
314	13	2	85.36625514403288	85.38683127572016
314	14	2	85.36051502145926	125.70386266094418
314	15	2	85.23999999999994	165.04399999999987
314	16	2	125.58333333333334	6.666666666666667
314	17	2	124.89200000000001	45.011999999999986
314	18	2	125.10800000000002	85.01999999999997
314	19	2	124.99600000000004	125.09999999999997
314	20	2	125.64400000000002	164.62800000000001
314	21	2	165.33600000000004	5.108
314	22	2	164.99999999999994	45.00000000000002
314	23	2	164.99999999999994	84.99999999999997
314	24	2	164.86799999999997	125.09599999999999
314	25	2	164.3235294117647	164.5882352941177
314	26	1	54.52095808383236	16.23552894211577
314	27	1	95.13173652694604	110.01596806387221
314	28	1	67.96007984031934	68.55489021956096
314	29	1	85.9520958083833	64.24550898203594
314	30	1	190.562	143.506
314	31	1	124.91616766467058	145.93413173652684
314	32	1	21.34930139720557	113.24151696606778
314	33	1	117.50599999999999	179.0999999999999
314	34	1	177.73453093812395	150.5429141716567
314	35	1	146.29199999999986	156.5120000000001
314	36	1	144.7219999999998	196.13399999999987
314	37	1	137.69000000000003	179.2499999999999
314	38	1	61.48502994011975	179.05389221556874
314	39	1	162.31600000000006	185.334
314	40	1	11.421999999999997	22.834000000000017
314	41	1	103.94800000000009	160.18400000000003
314	42	1	42.241999999999976	187.496
314	43	1	20.07600000000001	93.69400000000007
314	44	1	65.02195608782426	158.46307385229534
314	45	1	43.95600000000002	100.12599999999998
315	1	2	4.927999999999999	4.604000000000001
315	2	2	4.9999999999999964	45
315	3	2	5.103999999999996	85.01200000000003
315	4	2	4.9999999999999964	125.00000000000003
315	5	2	4.9999999999999964	165.00000000000009
315	6	2	45.00000000000003	5.000000000000002
315	7	2	45.00000000000002	45.29999999999999
315	8	2	45.86799999999999	85.59599999999999
315	9	2	45.00000000000003	124.99999999999997
315	10	2	44.708000000000006	164.88799999999992
315	11	2	84.944	5.036000000000003
315	12	2	84.99999999999997	45.00000000000002
315	13	2	85.36625514403288	85.38683127572016
315	14	2	85.36051502145926	125.70386266094418
315	15	2	85.23999999999994	165.04399999999987
315	16	2	125.58333333333334	6.666666666666667
315	17	2	124.89200000000001	45.011999999999986
315	18	2	125.10800000000002	85.01999999999997
315	19	2	124.99600000000004	125.09999999999997
315	20	2	125.64400000000002	164.62800000000001
315	21	2	165.33600000000004	5.108
315	22	2	164.99999999999994	45.00000000000002
315	23	2	164.99999999999994	84.99999999999997
315	24	2	164.86799999999997	125.09599999999999
315	25	2	164.3235294117647	164.5882352941177
315	26	1	54.462000000000025	16.219999999999988
315	27	1	95.08183632734539	110.01796407185627
315	28	1	68.06786427145714	68.61277445109779
315	29	1	86.02800000000008	64.31800000000001
315	30	1	190.52200000000002	143.54799999999994
315	31	1	124.85800000000005	145.8880000000002
315	32	1	21.193612774451093	113.3213572854292
315	33	1	117.50499001996	179.11776447105788
315	34	1	177.64271457085835	150.5309381237525
315	35	1	146.2020000000001	156.4239999999999
315	36	1	144.74399999999986	196.13600000000025
315	37	1	137.74999999999997	179.226
315	38	1	61.39	178.88199999999998
315	39	1	162.28599999999997	185.31000000000012
315	40	1	11.438	22.84600000000002
315	41	1	103.97005988023952	160.13373253493012
315	42	1	42.314	187.6219999999997
315	43	1	20.11576846307386	93.69261477045913
315	44	1	65.03999999999999	158.432
315	45	1	43.92000000000001	100.13000000000004
316	1	2	4.927999999999999	4.604000000000001
316	2	2	4.9999999999999964	45
316	3	2	5.103999999999996	85.01200000000003
316	4	2	4.9999999999999964	125.00000000000003
316	5	2	4.9999999999999964	165.00000000000009
316	6	2	45.00000000000003	5.000000000000002
316	7	2	45.00000000000002	45.29999999999999
316	8	2	45.86799999999999	85.59599999999999
316	9	2	45.00000000000003	124.99999999999997
316	10	2	44.708000000000006	164.88799999999992
316	11	2	84.944	5.036000000000003
316	12	2	84.99999999999997	45.00000000000002
316	13	2	85.36625514403288	85.38683127572016
316	14	2	85.36051502145926	125.70386266094418
316	15	2	85.23999999999994	165.04399999999987
316	16	2	125.58333333333334	6.666666666666667
316	17	2	124.89200000000001	45.011999999999986
316	18	2	125.10800000000002	85.01999999999997
316	19	2	124.99600000000004	125.09999999999997
316	20	2	125.64400000000002	164.62800000000001
316	21	2	165.33600000000004	5.108
316	22	2	164.99999999999994	45.00000000000002
316	23	2	164.99999999999994	84.99999999999997
316	24	2	164.86799999999997	125.09599999999999
316	25	2	164.3235294117647	164.5882352941177
316	26	1	54.47000000000001	16.281999999999993
316	27	1	95.0419161676647	109.8682634730539
316	28	1	67.96606786427135	68.68063872255483
316	29	1	86.056	64.39599999999997
316	30	1	190.56112224448898	143.53907815631268
316	31	1	124.61676646706609	145.83632734530963
316	32	1	21.15968063872255	113.36726546906183
316	33	1	117.53892215568867	179.14770459081828
316	34	1	177.67600000000016	150.41199999999995
316	35	1	146.14970059880235	156.39121756487035
316	36	1	144.73599999999988	196.156
316	37	1	137.79199999999992	179.16599999999997
316	38	1	61.38323353293415	178.61876247505006
316	39	1	162.27345309381238	185.30738522954093
316	40	1	11.39520958083833	22.91217564870261
316	41	1	103.93612774451101	160.1057884231536
316	42	1	42.54291417165673	187.7465069860277
316	43	1	20.188376753506994	93.57114228456918
316	44	1	65.05199999999999	158.25600000000003
316	45	1	43.74051896207583	100.19361277445105
317	1	2	4.927999999999999	4.604000000000001
317	2	2	4.9999999999999964	45
317	3	2	5.103999999999996	85.01200000000003
317	4	2	4.9999999999999964	125.00000000000003
317	5	2	4.9999999999999964	165.00000000000009
317	6	2	45.00000000000003	5.000000000000002
317	7	2	45.00000000000002	45.29999999999999
317	8	2	45.86799999999999	85.59599999999999
317	9	2	45.00000000000003	124.99999999999997
317	10	2	44.708000000000006	164.88799999999992
317	11	2	84.944	5.036000000000003
317	12	2	84.99999999999997	45.00000000000002
317	13	2	85.36625514403288	85.38683127572016
317	14	2	85.36051502145926	125.70386266094418
317	15	2	85.23999999999994	165.04399999999987
317	16	2	125.58333333333334	6.666666666666667
317	17	2	124.89200000000001	45.011999999999986
317	18	2	125.10800000000002	85.01999999999997
317	19	2	124.99600000000004	125.09999999999997
317	20	2	125.64400000000002	164.62800000000001
317	21	2	165.33600000000004	5.108
317	22	2	164.99999999999994	45.00000000000002
317	23	2	164.99999999999994	84.99999999999997
317	24	2	164.86799999999997	125.09599999999999
317	25	2	164.3235294117647	164.5882352941177
317	26	1	54.47904191616769	16.307385229540913
317	27	1	95.00598802395216	109.79840319361274
317	28	1	67.91816367265457	68.80638722554883
317	29	1	85.97600000000001	64.34399999999998
317	30	1	190.592	143.52399999999997
317	31	1	124.61399999999993	145.936
317	32	1	21.047904191616755	113.33732534930141
317	33	1	117.55000000000007	179.13600000000002
317	34	1	177.646	150.39999999999992
317	35	1	146.1560000000001	156.3799999999999
317	36	1	144.73800000000008	196.13799999999983
317	37	1	137.75951903807618	179.15030060120233
317	38	1	61.24151696606788	178.54491017964077
317	39	1	162.2115768463073	185.2614770459082
317	40	1	11.447105788423167	22.908183632734538
317	41	1	103.84830339321363	160.0598802395211
317	42	1	42.58400000000002	187.7920000000001
317	43	1	20.243999999999993	93.58799999999998
317	44	1	65.10799999999995	158.21600000000007
317	45	1	43.80838323353293	100.25948103792409
318	1	2	4.927999999999999	4.604000000000001
318	2	2	4.9999999999999964	45
318	3	2	5.103999999999996	85.01200000000003
318	4	2	4.9999999999999964	125.00000000000003
318	5	2	4.9999999999999964	165.00000000000009
318	6	2	45.00000000000003	5.000000000000002
318	7	2	45.00000000000002	45.29999999999999
318	8	2	45.86799999999999	85.59599999999999
318	9	2	45.00000000000003	124.99999999999997
318	10	2	44.708000000000006	164.88799999999992
318	11	2	84.944	5.036000000000003
318	12	2	84.99999999999997	45.00000000000002
318	13	2	85.36625514403288	85.38683127572016
318	14	2	85.36051502145926	125.70386266094418
318	15	2	85.23999999999994	165.04399999999987
318	16	2	125.58333333333334	6.666666666666667
318	17	2	124.89200000000001	45.011999999999986
318	18	2	125.10800000000002	85.01999999999997
318	19	2	124.99600000000004	125.09999999999997
318	20	2	125.64400000000002	164.62800000000001
318	21	2	165.33600000000004	5.108
318	22	2	164.99999999999994	45.00000000000002
318	23	2	164.99999999999994	84.99999999999997
318	24	2	164.86799999999997	125.09599999999999
318	25	2	164.3235294117647	164.5882352941177
318	26	1	54.423153692614726	16.381237524950095
318	27	1	94.996	109.68799999999999
318	28	1	67.83832335329345	68.814371257485
318	29	1	86.06800000000003	64.53199999999997
318	30	1	190.64870259481037	143.51696606786436
318	31	1	124.47904191616763	145.92215568862272
318	32	1	20.932000000000027	113.35999999999999
318	33	1	117.54581673306768	179.1474103585658
318	34	1	177.61799999999997	150.39399999999998
318	35	1	146.06387225548903	156.30938123752478
318	36	1	144.72745490981976	196.13226452905803
318	37	1	137.7579999999999	179.1439999999999
318	38	1	61.08800000000001	178.64599999999984
318	39	1	162.17799999999997	185.20600000000002
318	40	1	11.449101796407204	22.934131736526943
318	41	1	103.81399999999987	160.03999999999994
318	42	1	42.62000000000003	187.8399999999999
318	43	1	20.16600000000002	93.70399999999997
318	44	1	65.14570858283435	158.14570858283437
318	45	1	43.66200000000001	100.31800000000005
319	1	2	4.927999999999999	4.604000000000001
319	2	2	4.9999999999999964	45
319	3	2	5.103999999999996	85.01200000000003
319	4	2	4.9999999999999964	125.00000000000003
319	5	2	4.9999999999999964	165.00000000000009
319	6	2	45.00000000000003	5.000000000000002
319	7	2	45.00000000000002	45.29999999999999
319	8	2	45.86799999999999	85.59599999999999
319	9	2	45.00000000000003	124.99999999999997
319	10	2	44.708000000000006	164.88799999999992
319	11	2	84.944	5.036000000000003
319	12	2	84.99999999999997	45.00000000000002
319	13	2	85.36625514403288	85.38683127572016
319	14	2	85.36051502145926	125.70386266094418
319	15	2	85.23999999999994	165.04399999999987
319	16	2	125.58333333333334	6.666666666666667
319	17	2	124.89200000000001	45.011999999999986
319	18	2	125.10800000000002	85.01999999999997
319	19	2	124.99600000000004	125.09999999999997
319	20	2	125.64400000000002	164.62800000000001
319	21	2	165.33600000000004	5.108
319	22	2	164.99999999999994	45.00000000000002
319	23	2	164.99999999999994	84.99999999999997
319	24	2	164.86799999999997	125.09599999999999
319	25	2	164.3235294117647	164.5882352941177
319	26	1	54.39000000000002	16.46599999999999
319	27	1	94.89399999999992	109.67600000000007
319	28	1	67.7904191616766	68.95608782435129
319	29	1	85.99600000000001	64.534
319	30	1	190.678	143.5259999999999
319	31	1	124.30876494023916	146.0079681274902
319	32	1	20.862000000000013	113.2700000000001
319	33	1	117.59081836327347	179.27944111776435
319	34	1	177.63800000000006	150.3500000000001
319	35	1	145.96207584830344	156.16966067864288
319	36	1	144.82634730538916	196.0838323353293
319	37	1	137.72399999999985	179.176
319	38	1	61.055888223552934	178.6087824351297
319	39	1	162.15600000000003	185.14399999999995
319	40	1	11.537848605577697	22.94422310756972
319	41	1	103.74199999999998	160.10799999999998
319	42	1	42.746000000000045	187.88400000000007
319	43	1	20.280000000000005	93.69800000000006
319	44	1	65.12574850299403	158.05389221556882
319	45	1	43.722554890219584	100.44111776447112
320	1	2	4.927999999999999	4.604000000000001
320	2	2	4.9999999999999964	45
320	3	2	5.103999999999996	85.01200000000003
320	4	2	4.9999999999999964	125.00000000000003
320	5	2	4.9999999999999964	165.00000000000009
320	6	2	45.00000000000003	5.000000000000002
320	7	2	45.00000000000002	45.29999999999999
320	8	2	45.86799999999999	85.59599999999999
320	9	2	45.00000000000003	124.99999999999997
320	10	2	44.708000000000006	164.88799999999992
320	11	2	84.944	5.036000000000003
320	12	2	84.99999999999997	45.00000000000002
320	13	2	85.36625514403288	85.38683127572016
320	14	2	85.36051502145926	125.70386266094418
320	15	2	85.23999999999994	165.04399999999987
320	16	2	125.58333333333334	6.666666666666667
320	17	2	124.89200000000001	45.011999999999986
320	18	2	125.10800000000002	85.01999999999997
320	19	2	124.99600000000004	125.09999999999997
320	20	2	125.64400000000002	164.62800000000001
320	21	2	165.33600000000004	5.108
320	22	2	164.99999999999994	45.00000000000002
320	23	2	164.99999999999994	84.99999999999997
320	24	2	164.86799999999997	125.09599999999999
320	25	2	164.3235294117647	164.5882352941177
320	26	1	54.33799999999998	16.617999999999988
320	27	1	94.76846307385223	109.65469061876254
320	28	1	67.6932270916334	69.03585657370527
320	29	1	85.91999999999993	64.49600000000002
320	30	1	190.68263473053892	143.5169660678644
320	31	1	124.16566866267459	146.09381237524954
320	32	1	20.592814371257482	113.29940119760481
320	33	1	117.5831663326653	179.37875751503003
320	34	1	177.67265469061863	150.4211576846308
320	35	1	145.81599999999986	156.16400000000002
320	36	1	144.9660678642716	196.0518962075847
320	37	1	137.71200000000005	179.2439999999999
320	38	1	60.93000000000001	178.56200000000015
320	39	1	162.15369261477036	185.0998003992015
320	40	1	11.534	22.95599999999999
320	41	1	103.70199999999998	160.08600000000004
320	42	1	42.83433133732543	187.94211576846297
320	43	1	20.413173652694606	93.66866267465056
320	44	1	65.1696606786427	157.96007984031957
320	45	1	43.64870259481036	100.54491017964068
321	1	2	4.927999999999999	4.604000000000001
321	2	2	4.9999999999999964	45
321	3	2	5.103999999999996	85.01200000000003
321	4	2	4.9999999999999964	125.00000000000003
321	5	2	4.9999999999999964	165.00000000000009
321	6	2	45.00000000000003	5.000000000000002
321	7	2	45.00000000000002	45.29999999999999
321	8	2	45.86799999999999	85.59599999999999
321	9	2	45.00000000000003	124.99999999999997
321	10	2	44.708000000000006	164.88799999999992
321	11	2	84.944	5.036000000000003
321	12	2	84.99999999999997	45.00000000000002
321	13	2	85.36625514403288	85.38683127572016
321	14	2	85.36051502145926	125.70386266094418
321	15	2	85.23999999999994	165.04399999999987
321	16	2	125.58333333333334	6.666666666666667
321	17	2	124.89200000000001	45.011999999999986
321	18	2	125.10800000000002	85.01999999999997
321	19	2	124.99600000000004	125.09999999999997
321	20	2	125.64400000000002	164.62800000000001
321	21	2	165.33600000000004	5.108
321	22	2	164.99999999999994	45.00000000000002
321	23	2	164.99999999999994	84.99999999999997
321	24	2	164.86799999999997	125.09599999999999
321	25	2	164.3235294117647	164.5882352941177
321	26	1	54.24200000000001	16.747999999999998
321	27	1	94.70399999999994	109.726
321	28	1	67.71399999999998	69.08000000000006
321	29	1	85.92599999999995	64.52000000000001
321	30	1	190.672	143.52999999999983
321	31	1	123.97211155378484	146.09760956175296
321	32	1	20.53187250996017	113.30677290836657
321	33	1	117.57684630738511	179.4810379241517
321	34	1	177.72055888223568	150.40119760479033
321	35	1	145.7065868263473	156.12375249501014
321	36	1	145.01799999999994	196.05800000000013
321	37	1	137.75600000000006	179.22400000000027
321	38	1	60.819999999999986	178.54399999999998
321	39	1	162.10600000000008	185.13200000000015
321	40	1	11.610778443113777	23.041916167664667
321	41	1	103.66800000000009	160.10600000000017
321	42	1	42.90019960079845	188.00798403193588
321	43	1	20.51097804391217	93.64870259481044
321	44	1	65.19800000000001	157.99000000000024
321	45	1	43.58399999999998	100.65599999999998
322	1	2	4.927999999999999	4.604000000000001
322	2	2	4.9999999999999964	45
322	3	2	5.103999999999996	85.01200000000003
322	4	2	4.9999999999999964	125.00000000000003
322	5	2	4.9999999999999964	165.00000000000009
322	6	2	45.00000000000003	5.000000000000002
322	7	2	45.00000000000002	45.29999999999999
322	8	2	45.86799999999999	85.59599999999999
322	9	2	45.00000000000003	124.99999999999997
322	10	2	44.708000000000006	164.88799999999992
322	11	2	84.944	5.036000000000003
322	12	2	84.99999999999997	45.00000000000002
322	13	2	85.36625514403288	85.38683127572016
322	14	2	85.36051502145926	125.70386266094418
322	15	2	85.23999999999994	165.04399999999987
322	16	2	125.58333333333334	6.666666666666667
322	17	2	124.89200000000001	45.011999999999986
322	18	2	125.10800000000002	85.01999999999997
322	19	2	124.99600000000004	125.09999999999997
322	20	2	125.64400000000002	164.62800000000001
322	21	2	165.33600000000004	5.108
322	22	2	164.99999999999994	45.00000000000002
322	23	2	164.99999999999994	84.99999999999997
322	24	2	164.86799999999997	125.09599999999999
322	25	2	164.3235294117647	164.5882352941177
322	26	1	54.179640718562894	16.812375249501017
322	27	1	94.80399999999997	109.75000000000006
322	28	1	67.67265469061871	69.07984031936122
322	29	1	85.94000000000003	64.51999999999998
322	30	1	190.648	143.52399999999994
322	31	1	123.7684630738523	146.0998003992017
322	32	1	20.454909819639273	113.28456913827667
322	33	1	117.56199999999998	179.58800000000005
322	34	1	177.71400000000008	150.43799999999996
322	35	1	145.6560000000001	156.17
322	36	1	145.00801603206406	196.06813627254513
322	37	1	137.66800000000003	179.26400000000004
322	38	1	60.69123505976092	178.4322709163348
322	39	1	162.06573705179272	185.13346613545818
322	40	1	11.584830339321352	23.081836327345332
322	41	1	103.72000000000001	160.14399999999975
322	42	1	42.984000000000016	188.06599999999995
322	43	1	20.500998003992027	93.7185628742514
322	44	1	65.27600000000005	157.84199999999993
322	45	1	43.575999999999986	100.72000000000003
323	1	2	4.927999999999999	4.604000000000001
323	2	2	4.9999999999999964	45
323	3	2	5.103999999999996	85.01200000000003
323	4	2	4.9999999999999964	125.00000000000003
323	5	2	4.9999999999999964	165.00000000000009
323	6	2	45.00000000000003	5.000000000000002
323	7	2	45.00000000000002	45.29999999999999
323	8	2	45.86799999999999	85.59599999999999
323	9	2	45.00000000000003	124.99999999999997
323	10	2	44.708000000000006	164.88799999999992
323	11	2	84.944	5.036000000000003
323	12	2	84.99999999999997	45.00000000000002
323	13	2	85.36625514403288	85.38683127572016
323	14	2	85.36051502145926	125.70386266094418
323	15	2	85.23999999999994	165.04399999999987
323	16	2	125.58333333333334	6.666666666666667
323	17	2	124.89200000000001	45.011999999999986
323	18	2	125.10800000000002	85.01999999999997
323	19	2	124.99600000000004	125.09999999999997
323	20	2	125.64400000000002	164.62800000000001
323	21	2	165.33600000000004	5.108
323	22	2	164.99999999999994	45.00000000000002
323	23	2	164.99999999999994	84.99999999999997
323	24	2	164.86799999999997	125.09599999999999
323	25	2	164.3235294117647	164.5882352941177
323	26	1	54.114000000000004	16.85600000000001
323	27	1	94.748502994012	109.80638722554887
323	28	1	67.6966067864271	69.05788423153699
323	29	1	85.95400000000005	64.58999999999997
323	30	1	190.6007984031936	143.48902195608784
323	31	1	123.60799999999995	146.0560000000001
323	32	1	20.317365269461078	113.2994011976048
323	33	1	117.49600000000001	179.67200000000003
323	34	1	177.72200000000015	150.5300000000001
323	35	1	145.56686626746514	156.1397205588821
323	36	1	145.09999999999997	196.10199999999983
323	37	1	137.69461077844318	179.26147704590826
323	38	1	60.56287425149703	178.40119760479035
323	39	1	161.98599999999993	185.154
323	40	1	11.561999999999992	23.121999999999996
323	41	1	103.76646706586814	160.15169660678632
323	42	1	43.015968063872286	188.10379241516964
323	43	1	20.455089820359277	93.76846307385225
323	44	1	65.34730538922163	157.8582834331336
323	45	1	43.582834331337324	100.82634730538926
324	1	2	4.927999999999999	4.604000000000001
324	2	2	4.9999999999999964	45
324	3	2	5.103999999999996	85.01200000000003
324	4	2	4.9999999999999964	125.00000000000003
324	5	2	4.9999999999999964	165.00000000000009
324	6	2	45.00000000000003	5.000000000000002
324	7	2	45.00000000000002	45.29999999999999
324	8	2	45.86799999999999	85.59599999999999
324	9	2	45.00000000000003	124.99999999999997
324	10	2	44.708000000000006	164.88799999999992
324	11	2	84.944	5.036000000000003
324	12	2	84.99999999999997	45.00000000000002
324	13	2	85.36625514403288	85.38683127572016
324	14	2	85.36051502145926	125.70386266094418
324	15	2	85.23999999999994	165.04399999999987
324	16	2	125.58333333333334	6.666666666666667
324	17	2	124.89200000000001	45.011999999999986
324	18	2	125.10800000000002	85.01999999999997
324	19	2	124.99600000000004	125.09999999999997
324	20	2	125.64400000000002	164.62800000000001
324	21	2	165.33600000000004	5.108
324	22	2	164.99999999999994	45.00000000000002
324	23	2	164.99999999999994	84.99999999999997
324	24	2	164.86799999999997	125.09599999999999
324	25	2	164.3235294117647	164.5882352941177
324	26	1	54.043999999999976	16.98
324	27	1	94.72255489021953	109.74451097804389
324	28	1	67.61876247505	69.2015968063872
324	29	1	85.81600000000002	64.54
324	30	1	190.564	143.51199999999997
324	31	1	123.50199999999994	146.05599999999993
324	32	1	20.31337325349302	113.31936127744511
324	33	1	117.53692614770448	179.79441117764483
324	34	1	177.686626746507	150.53692614770446
324	35	1	145.50299401197623	156.14770459081822
324	36	1	145.13173652694599	196.23353293413192
324	37	1	137.73800000000003	179.24400000000014
324	38	1	60.372000000000014	178.41199999999986
324	39	1	161.96407185628746	185.20958083832335
324	40	1	11.528000000000008	23.19800000000001
324	41	1	103.77644710578844	160.1536926147704
324	42	1	42.96799999999999	188.15400000000022
324	43	1	20.46906187624751	93.78243512974048
324	44	1	65.42115768463081	157.84431137724548
324	45	1	43.643426294820706	100.8545816733067
325	1	2	4.927999999999999	4.604000000000001
325	2	2	4.9999999999999964	45
325	3	2	5.103999999999996	85.01200000000003
325	4	2	4.9999999999999964	125.00000000000003
325	5	2	4.9999999999999964	165.00000000000009
325	6	2	45.00000000000003	5.000000000000002
325	7	2	45.00000000000002	45.29999999999999
325	8	2	45.86799999999999	85.59599999999999
325	9	2	45.00000000000003	124.99999999999997
325	10	2	44.708000000000006	164.88799999999992
325	11	2	84.944	5.036000000000003
325	12	2	84.99999999999997	45.00000000000002
325	13	2	85.36625514403288	85.38683127572016
325	14	2	85.36051502145926	125.70386266094418
325	15	2	85.23999999999994	165.04399999999987
325	16	2	125.58333333333334	6.666666666666667
325	17	2	124.89200000000001	45.011999999999986
325	18	2	125.10800000000002	85.01999999999997
325	19	2	124.99600000000004	125.09999999999997
325	20	2	125.64400000000002	164.62800000000001
325	21	2	165.33600000000004	5.108
325	22	2	164.99999999999994	45.00000000000002
325	23	2	164.99999999999994	84.99999999999997
325	24	2	164.86799999999997	125.09599999999999
325	25	2	164.3235294117647	164.5882352941177
325	26	1	53.96007984031939	17.113772455089798
325	27	1	94.66267465069869	109.71457085828348
325	28	1	67.59481037924152	69.25149700598807
325	29	1	85.73199999999997	64.62000000000002
325	30	1	190.55	143.5100000000001
325	31	1	123.36999999999998	146.01999999999998
325	32	1	20.222	113.37399999999991
325	33	1	117.54581673306781	179.83665338645412
325	34	1	177.69600000000005	150.542
325	35	1	145.392	156.08399999999992
325	36	1	145.13799999999995	196.31200000000015
325	37	1	137.738522954092	179.21556886227543
325	38	1	60.199600798403154	178.31137724550896
325	39	1	161.8822355289421	185.2255489021956
325	40	1	11.494000000000002	23.287999999999986
325	41	1	103.76000000000003	160.21599999999998
325	42	1	43.06999999999999	188.23399999999995
325	43	1	20.568588469184874	93.84890656063611
325	44	1	65.57600000000001	157.62400000000005
325	45	1	43.64271457085832	100.98203592814367
326	1	2	4.927999999999999	4.604000000000001
326	2	2	4.9999999999999964	45
326	3	2	5.103999999999996	85.01200000000003
326	4	2	4.9999999999999964	125.00000000000003
326	5	2	4.9999999999999964	165.00000000000009
326	6	2	45.00000000000003	5.000000000000002
326	7	2	45.00000000000002	45.29999999999999
326	8	2	45.86799999999999	85.59599999999999
326	9	2	45.00000000000003	124.99999999999997
326	10	2	44.708000000000006	164.88799999999992
326	11	2	84.944	5.036000000000003
326	12	2	84.99999999999997	45.00000000000002
326	13	2	85.36625514403288	85.38683127572016
326	14	2	85.36051502145926	125.70386266094418
326	15	2	85.23999999999994	165.04399999999987
326	16	2	125.58333333333334	6.666666666666667
326	17	2	124.89200000000001	45.011999999999986
326	18	2	125.10800000000002	85.01999999999997
326	19	2	124.99600000000004	125.09999999999997
326	20	2	125.64400000000002	164.62800000000001
326	21	2	165.33600000000004	5.108
326	22	2	164.99999999999994	45.00000000000002
326	23	2	164.99999999999994	84.99999999999997
326	24	2	164.86799999999997	125.09599999999999
326	25	2	164.3235294117647	164.5882352941177
326	26	1	53.93800000000001	17.13000000000001
326	27	1	94.51896207584828	109.61077844311373
326	28	1	67.57285429141712	69.33133732534931
326	29	1	85.6347305389222	64.60479041916166
326	30	1	190.6107784431138	143.566866267465
326	31	1	123.2200000000001	146.02999999999997
326	32	1	20.03792415169663	113.323353293413
326	33	1	117.53493013972052	179.91217564870257
326	34	1	177.7085828343313	150.49900199600788
326	35	1	145.25697211155364	155.9760956175298
326	36	1	145.20440881763534	196.28056112224465
326	37	1	137.77445109780447	179.20359281437104
326	38	1	60.17764471057885	178.23952095808366
326	39	1	161.95999999999998	185.142
326	40	1	11.66	23.38400000000001
326	41	1	103.80838323353302	160.2095808383233
326	42	1	43.18163672654687	188.26347305389234
326	43	1	20.516966067864278	93.85029940119752
326	44	1	65.614	157.55400000000017
326	45	1	43.546000000000014	101.08000000000001
327	1	2	4.927999999999999	4.604000000000001
327	2	2	4.9999999999999964	45
327	3	2	5.103999999999996	85.01200000000003
327	4	2	4.9999999999999964	125.00000000000003
327	5	2	4.9999999999999964	165.00000000000009
327	6	2	45.00000000000003	5.000000000000002
327	7	2	45.00000000000002	45.29999999999999
327	8	2	45.86799999999999	85.59599999999999
327	9	2	45.00000000000003	124.99999999999997
327	10	2	44.708000000000006	164.88799999999992
327	11	2	84.944	5.036000000000003
327	12	2	84.99999999999997	45.00000000000002
327	13	2	85.36625514403288	85.38683127572016
327	14	2	85.36051502145926	125.70386266094418
327	15	2	85.23999999999994	165.04399999999987
327	16	2	125.58333333333334	6.666666666666667
327	17	2	124.89200000000001	45.011999999999986
327	18	2	125.10800000000002	85.01999999999997
327	19	2	124.99600000000004	125.09999999999997
327	20	2	125.64400000000002	164.62800000000001
327	21	2	165.33600000000004	5.108
327	22	2	164.99999999999994	45.00000000000002
327	23	2	164.99999999999994	84.99999999999997
327	24	2	164.86799999999997	125.09599999999999
327	25	2	164.3235294117647	164.5882352941177
327	26	1	53.883999999999986	17.153999999999986
327	27	1	94.4348697394789	109.53907815631274
327	28	1	67.52199999999988	69.45400000000006
327	29	1	85.58083832335333	64.69261477045904
327	30	1	190.622	143.5919999999999
327	31	1	123.17199999999995	146.15999999999994
327	32	1	19.94810379241518	113.24750499002003
327	33	1	117.41916167664678	180.0758483033932
327	34	1	177.7365269461078	150.5369261477045
327	35	1	145.2299999999999	155.92200000000003
327	36	1	145.24199999999985	196.294
327	37	1	137.7884231536925	179.15968063872253
327	38	1	60.03200000000001	178.25999999999985
327	39	1	161.98802395209574	185.02794411177643
327	40	1	11.81636726546906	23.512974051896208
327	41	1	103.8343313373253	160.29341317365294
327	42	1	43.24151696606788	188.33932135728546
327	43	1	20.521999999999995	93.84799999999994
327	44	1	65.64600000000006	157.64999999999998
327	45	1	43.506	101.17000000000004
328	1	2	4.927999999999999	4.604000000000001
328	2	2	4.9999999999999964	45
328	3	2	5.103999999999996	85.01200000000003
328	4	2	4.9999999999999964	125.00000000000003
328	5	2	4.9999999999999964	165.00000000000009
328	6	2	45.00000000000003	5.000000000000002
328	7	2	45.00000000000002	45.29999999999999
328	8	2	45.86799999999999	85.59599999999999
328	9	2	45.00000000000003	124.99999999999997
328	10	2	44.708000000000006	164.88799999999992
328	11	2	84.944	5.036000000000003
328	12	2	84.99999999999997	45.00000000000002
328	13	2	85.36625514403288	85.38683127572016
328	14	2	85.36051502145926	125.70386266094418
328	15	2	85.23999999999994	165.04399999999987
328	16	2	125.58333333333334	6.666666666666667
328	17	2	124.89200000000001	45.011999999999986
328	18	2	125.10800000000002	85.01999999999997
328	19	2	124.99600000000004	125.09999999999997
328	20	2	125.64400000000002	164.62800000000001
328	21	2	165.33600000000004	5.108
328	22	2	164.99999999999994	45.00000000000002
328	23	2	164.99999999999994	84.99999999999997
328	24	2	164.86799999999997	125.09599999999999
328	25	2	164.3235294117647	164.5882352941177
328	26	1	53.876000000000005	17.094000000000015
328	27	1	94.43912175648703	109.45309381237523
328	28	1	67.5099999999999	69.56599999999997
328	29	1	85.48902195608773	64.74451097804385
328	30	1	190.636	143.59800000000004
328	31	1	123.0019999999999	146.10800000000015
328	32	1	19.938000000000013	113.26400000000008
328	33	1	117.38199999999999	180.0899999999999
328	34	1	177.7679999999999	150.55399999999995
328	35	1	145.20159680638716	155.9780439121755
328	36	1	145.27544910179643	196.37724550898196
328	37	1	137.74799999999996	179.21999999999997
328	38	1	59.89000000000001	178.24599999999992
328	39	1	161.89421157684623	185.04790419161677
328	40	1	11.918	23.628
328	41	1	103.85400000000001	160.30199999999996
328	42	1	43.28800000000001	188.35800000000023
328	43	1	20.6067864271457	93.8203592814371
328	44	1	65.72600000000004	157.66400000000016
328	45	1	43.562874251497014	101.26946107784427
329	1	2	4.927999999999999	4.604000000000001
329	2	2	4.9999999999999964	45
329	3	2	5.103999999999996	85.01200000000003
329	4	2	4.9999999999999964	125.00000000000003
329	5	2	4.9999999999999964	165.00000000000009
329	6	2	45.00000000000003	5.000000000000002
329	7	2	45.00000000000002	45.29999999999999
329	8	2	45.86799999999999	85.59599999999999
329	9	2	45.00000000000003	124.99999999999997
329	10	2	44.708000000000006	164.88799999999992
329	11	2	84.944	5.036000000000003
329	12	2	84.99999999999997	45.00000000000002
329	13	2	85.36625514403288	85.38683127572016
329	14	2	85.36051502145926	125.70386266094418
329	15	2	85.23999999999994	165.04399999999987
329	16	2	125.58333333333334	6.666666666666667
329	17	2	124.89200000000001	45.011999999999986
329	18	2	125.10800000000002	85.01999999999997
329	19	2	124.99600000000004	125.09999999999997
329	20	2	125.64400000000002	164.62800000000001
329	21	2	165.33600000000004	5.108
329	22	2	164.99999999999994	45.00000000000002
329	23	2	164.99999999999994	84.99999999999997
329	24	2	164.86799999999997	125.09599999999999
329	25	2	164.3235294117647	164.5882352941177
329	26	1	53.835999999999984	17.18399999999998
329	27	1	94.27944111776443	109.33732534930131
329	28	1	67.39043824701194	69.66533864541829
329	29	1	85.39321357285421	64.79640718562874
329	30	1	190.572	143.55200000000016
329	31	1	122.96800000000003	146.09600000000015
329	32	1	19.772455089820347	113.14770459081834
329	33	1	117.43400000000007	180.2079999999999
329	34	1	177.73053892215563	150.47105788423147
329	35	1	145.20999999999992	155.93199999999987
329	36	1	145.31137724550905	196.38922155688616
329	37	1	137.84800000000018	179.08799999999997
329	38	1	59.72600000000001	178.28999999999996
329	39	1	161.91017964071855	185.04191616766468
329	40	1	11.903999999999998	23.61600000000002
329	41	1	103.93013972055876	160.30738522954115
329	42	1	43.33600000000002	188.3820000000002
329	43	1	20.63527054108218	93.80761523046097
329	44	1	65.91800000000003	157.63799999999995
329	45	1	43.520000000000046	101.39800000000002
330	1	2	4.927999999999999	4.604000000000001
330	2	2	4.9999999999999964	45
330	3	2	5.103999999999996	85.01200000000003
330	4	2	4.9999999999999964	125.00000000000003
330	5	2	4.9999999999999964	165.00000000000009
330	6	2	45.00000000000003	5.000000000000002
330	7	2	45.00000000000002	45.29999999999999
330	8	2	45.86799999999999	85.59599999999999
330	9	2	45.00000000000003	124.99999999999997
330	10	2	44.708000000000006	164.88799999999992
330	11	2	84.944	5.036000000000003
330	12	2	84.99999999999997	45.00000000000002
330	13	2	85.36625514403288	85.38683127572016
330	14	2	85.36051502145926	125.70386266094418
330	15	2	85.23999999999994	165.04399999999987
330	16	2	125.58333333333334	6.666666666666667
330	17	2	124.89200000000001	45.011999999999986
330	18	2	125.10800000000002	85.01999999999997
330	19	2	124.99600000000004	125.09999999999997
330	20	2	125.64400000000002	164.62800000000001
330	21	2	165.33600000000004	5.108
330	22	2	164.99999999999994	45.00000000000002
330	23	2	164.99999999999994	84.99999999999997
330	24	2	164.86799999999997	125.09599999999999
330	25	2	164.3235294117647	164.5882352941177
330	26	1	53.80399999999998	17.25599999999999
330	27	1	94.28200000000007	109.29199999999992
330	28	1	67.422	69.58800000000002
330	29	1	85.42315369261478	64.90419161676643
330	30	1	190.5189620758483	143.49700598802397
330	31	1	122.86826347305399	146.19560878243516
330	32	1	19.752495009980038	113.1636726546907
330	33	1	117.54800000000004	180.46599999999987
330	34	1	177.69199999999995	150.38399999999987
330	35	1	145.1983967935873	155.94589178356736
330	36	1	145.37125748503	196.4510978043913
330	37	1	137.88200000000006	179.08
330	38	1	59.63400000000003	178.328
330	39	1	161.93812375249513	185.01397205588822
330	40	1	11.864000000000006	23.637999999999998
330	41	1	103.95808383233523	160.26946107784437
330	42	1	43.429141716566846	188.37724550898207
330	43	1	20.662000000000013	93.84400000000008
330	44	1	66.09580838323357	157.65269461077847
330	45	1	43.52694610778442	101.41317365269465
331	1	2	4.927999999999999	4.604000000000001
331	2	2	4.9999999999999964	45
331	3	2	5.103999999999996	85.01200000000003
331	4	2	4.9999999999999964	125.00000000000003
331	5	2	4.9999999999999964	165.00000000000009
331	6	2	45.00000000000003	5.000000000000002
331	7	2	45.00000000000002	45.29999999999999
331	8	2	45.86799999999999	85.59599999999999
331	9	2	45.00000000000003	124.99999999999997
331	10	2	44.708000000000006	164.88799999999992
331	11	2	84.944	5.036000000000003
331	12	2	84.99999999999997	45.00000000000002
331	13	2	85.36625514403288	85.38683127572016
331	14	2	85.36051502145926	125.70386266094418
331	15	2	85.23999999999994	165.04399999999987
331	16	2	125.58333333333334	6.666666666666667
331	17	2	124.89200000000001	45.011999999999986
331	18	2	125.10800000000002	85.01999999999997
331	19	2	124.99600000000004	125.09999999999997
331	20	2	125.64400000000002	164.62800000000001
331	21	2	165.33600000000004	5.108
331	22	2	164.99999999999994	45.00000000000002
331	23	2	164.99999999999994	84.99999999999997
331	24	2	164.86799999999997	125.09599999999999
331	25	2	164.3235294117647	164.5882352941177
331	26	1	53.777999999999984	17.240000000000006
331	27	1	94.25399999999993	109.17000000000009
331	28	1	67.38645418326696	69.68924302788845
331	29	1	85.39199999999997	64.96199999999996
331	30	1	190.50898203592814	143.54491017964085
331	31	1	122.67334669338678	146.19238476953922
331	32	1	19.668000000000006	113.14799999999998
331	33	1	117.57200000000007	180.6660000000001
331	34	1	177.73652694610766	150.3592814371258
331	35	1	145.0878243512975	155.94610778443132
331	36	1	145.41800000000012	196.44599999999997
331	37	1	137.87575150300611	179.0681362725451
331	38	1	59.57285429141712	178.25748502994023
331	39	1	161.9300000000001	184.96
331	40	1	11.918163672654694	23.78842315369263
331	41	1	104.00597609561753	160.24302788844614
331	42	1	43.50300601202405	188.3507014028057
331	43	1	20.678000000000004	93.84800000000003
331	44	1	66.18236472945895	157.64328657314627
331	45	1	43.44800000000003	101.48999999999997
332	1	2	4.927999999999999	4.604000000000001
332	2	2	4.9999999999999964	45
332	3	2	5.103999999999996	85.01200000000003
332	4	2	4.9999999999999964	125.00000000000003
332	5	2	4.9999999999999964	165.00000000000009
332	6	2	45.00000000000003	5.000000000000002
332	7	2	45.00000000000002	45.29999999999999
332	8	2	45.86799999999999	85.59599999999999
332	9	2	45.00000000000003	124.99999999999997
332	10	2	44.708000000000006	164.88799999999992
332	11	2	84.944	5.036000000000003
332	12	2	84.99999999999997	45.00000000000002
332	13	2	85.36625514403288	85.38683127572016
332	14	2	85.36051502145926	125.70386266094418
332	15	2	85.23999999999994	165.04399999999987
332	16	2	125.58333333333334	6.666666666666667
332	17	2	124.89200000000001	45.011999999999986
332	18	2	125.10800000000002	85.01999999999997
332	19	2	124.99600000000004	125.09999999999997
332	20	2	125.64400000000002	164.62800000000001
332	21	2	165.33600000000004	5.108
332	22	2	164.99999999999994	45.00000000000002
332	23	2	164.99999999999994	84.99999999999997
332	24	2	164.86799999999997	125.09599999999999
332	25	2	164.3235294117647	164.5882352941177
332	26	1	53.72800000000004	17.251999999999985
332	27	1	94.14770459081844	109.10978043912166
332	28	1	67.42115768463076	69.79241516966069
332	29	1	85.32734530938113	64.9101796407186
332	30	1	190.434	143.55200000000002
332	31	1	122.58283433133731	146.27744510978042
332	32	1	19.646706586826333	113.11177644710585
332	33	1	117.49600000000008	180.766
332	34	1	177.70059880239532	150.32734530938123
332	35	1	145.12199999999987	155.9039999999998
332	36	1	145.48902195608787	196.54291417165663
332	37	1	137.90419161676638	179.0359281437123
332	38	1	59.494	178.24199999999996
332	39	1	161.96606786427125	184.91816367265474
332	40	1	11.712574850299402	23.91816367265469
332	41	1	104.04790419161678	160.33732534930144
332	42	1	43.535070140280546	188.3507014028057
332	43	1	20.72455089820358	93.80838323353291
332	44	1	66.31599999999999	157.58599999999987
332	45	1	43.44311377245507	101.55688622754484
333	1	2	4.927999999999999	4.604000000000001
333	2	2	4.9999999999999964	45
333	3	2	5.103999999999996	85.01200000000003
333	4	2	4.9999999999999964	125.00000000000003
333	5	2	4.9999999999999964	165.00000000000009
333	6	2	45.00000000000003	5.000000000000002
333	7	2	45.00000000000002	45.29999999999999
333	8	2	45.86799999999999	85.59599999999999
333	9	2	45.00000000000003	124.99999999999997
333	10	2	44.708000000000006	164.88799999999992
333	11	2	84.944	5.036000000000003
333	12	2	84.99999999999997	45.00000000000002
333	13	2	85.36625514403288	85.38683127572016
333	14	2	85.36051502145926	125.70386266094418
333	15	2	85.23999999999994	165.04399999999987
333	16	2	125.58333333333334	6.666666666666667
333	17	2	124.89200000000001	45.011999999999986
333	18	2	125.10800000000002	85.01999999999997
333	19	2	124.99600000000004	125.09999999999997
333	20	2	125.64400000000002	164.62800000000001
333	21	2	165.33600000000004	5.108
333	22	2	164.99999999999994	45.00000000000002
333	23	2	164.99999999999994	84.99999999999997
333	24	2	164.86799999999997	125.09599999999999
333	25	2	164.3235294117647	164.5882352941177
333	26	1	53.706000000000024	17.287999999999986
333	27	1	94.15999999999995	109.09800000000006
333	28	1	67.39000000000003	69.84999999999992
333	29	1	85.33532934131745	64.93612774451104
333	30	1	190.404	143.56200000000015
333	31	1	122.36926147704598	146.3113772455089
333	32	1	19.64399999999999	113.11599999999989
333	33	1	117.51696606786425	180.88423153692597
333	34	1	177.77955911823662	150.3006012024048
333	35	1	145.007984031936	155.8003992015969
333	36	1	145.62075848303377	196.63473053892233
333	37	1	137.98199999999997	178.95000000000002
333	38	1	59.407185628742525	178.33732534930138
333	39	1	161.9600798403194	184.79640718562874
333	40	1	11.592000000000002	24.03
333	41	1	104.09600000000007	160.36600000000018
333	42	1	43.483999999999995	188.3360000000001
333	43	1	20.774451097804388	93.82834331337325
333	44	1	66.41117764471058	157.57285429141717
333	45	1	43.39799999999995	101.68599999999992
334	1	2	4.927999999999999	4.604000000000001
334	2	2	4.9999999999999964	45
334	3	2	5.103999999999996	85.01200000000003
334	4	2	4.9999999999999964	125.00000000000003
334	5	2	4.9999999999999964	165.00000000000009
334	6	2	45.00000000000003	5.000000000000002
334	7	2	45.00000000000002	45.29999999999999
334	8	2	45.86799999999999	85.59599999999999
334	9	2	45.00000000000003	124.99999999999997
334	10	2	44.708000000000006	164.88799999999992
334	11	2	84.944	5.036000000000003
334	12	2	84.99999999999997	45.00000000000002
334	13	2	85.36625514403288	85.38683127572016
334	14	2	85.36051502145926	125.70386266094418
334	15	2	85.23999999999994	165.04399999999987
334	16	2	125.58333333333334	6.666666666666667
334	17	2	124.89200000000001	45.011999999999986
334	18	2	125.10800000000002	85.01999999999997
334	19	2	124.99600000000004	125.09999999999997
334	20	2	125.64400000000002	164.62800000000001
334	21	2	165.33600000000004	5.108
334	22	2	164.99999999999994	45.00000000000002
334	23	2	164.99999999999994	84.99999999999997
334	24	2	164.86799999999997	125.09599999999999
334	25	2	164.3235294117647	164.5882352941177
334	26	1	53.64600000000001	17.28000000000001
334	27	1	94.00998003992014	109.0259481037924
334	28	1	67.29940119760481	70.14371257485023
334	29	1	85.22754491017967	64.8822355289421
334	30	1	190.45908183632736	143.5788423153692
334	31	1	122.13199999999998	146.262
334	32	1	19.56686626746506	113.08982035928149
334	33	1	117.50299401197607	180.88822355289426
334	34	1	177.73999999999992	150.19200000000012
334	35	1	144.7580000000001	155.72400000000005
334	36	1	145.63799999999986	196.71800000000007
334	37	1	137.99200000000002	178.94399999999993
334	38	1	59.368525896414354	178.42629482071706
334	39	1	161.87025948103792	184.82035928143728
334	40	1	11.540000000000001	24.19600000000001
334	41	1	104.08399999999995	160.46399999999977
334	42	1	43.48600000000001	188.338
334	43	1	20.915999999999993	93.72800000000001
334	44	1	66.45800000000007	157.60200000000006
334	45	1	43.40518962075848	101.81037924151698
335	1	2	4.927999999999999	4.604000000000001
335	2	2	4.9999999999999964	45
335	3	2	5.103999999999996	85.01200000000003
335	4	2	4.9999999999999964	125.00000000000003
335	5	2	4.9999999999999964	165.00000000000009
335	6	2	45.00000000000003	5.000000000000002
335	7	2	45.00000000000002	45.29999999999999
335	8	2	45.86799999999999	85.59599999999999
335	9	2	45.00000000000003	124.99999999999997
335	10	2	44.708000000000006	164.88799999999992
335	11	2	84.944	5.036000000000003
335	12	2	84.99999999999997	45.00000000000002
335	13	2	85.36625514403288	85.38683127572016
335	14	2	85.36051502145926	125.70386266094418
335	15	2	85.23999999999994	165.04399999999987
335	16	2	125.58333333333334	6.666666666666667
335	17	2	124.89200000000001	45.011999999999986
335	18	2	125.10800000000002	85.01999999999997
335	19	2	124.99600000000004	125.09999999999997
335	20	2	125.64400000000002	164.62800000000001
335	21	2	165.33600000000004	5.108
335	22	2	164.99999999999994	45.00000000000002
335	23	2	164.99999999999994	84.99999999999997
335	24	2	164.86799999999997	125.09599999999999
335	25	2	164.3235294117647	164.5882352941177
335	26	1	53.57200000000002	17.338
335	27	1	93.99599999999994	109.02800000000006
335	28	1	67.22954091816365	70.38123752495015
335	29	1	85.1057884231537	64.90019960079842
335	30	1	190.51600000000002	143.60399999999984
335	31	1	121.92999999999998	146.26799999999994
335	32	1	19.474000000000004	113.08999999999995
335	33	1	117.6147704590818	180.9580838323352
335	34	1	177.70399999999992	150.15999999999994
335	35	1	144.63745019920336	155.7011952191234
335	36	1	145.72800000000004	196.78400000000002
335	37	1	138.04799999999986	178.9100000000001
335	38	1	59.34000000000003	178.48199999999986
335	39	1	161.86000000000007	184.7819999999999
335	40	1	11.324649298597185	24.35470941883769
335	41	1	103.97405189620763	160.54491017964068
335	42	1	43.60358565737052	188.32270916334664
335	43	1	20.936127744510983	93.81237524950099
335	44	1	66.49700598802393	157.79241516966067
335	45	1	43.32135728542918	101.98602794411181
336	1	2	4.927999999999999	4.604000000000001
336	2	2	4.9999999999999964	45
336	3	2	5.103999999999996	85.01200000000003
336	4	2	4.9999999999999964	125.00000000000003
336	5	2	4.9999999999999964	165.00000000000009
336	6	2	45.00000000000003	5.000000000000002
336	7	2	45.00000000000002	45.29999999999999
336	8	2	45.86799999999999	85.59599999999999
336	9	2	45.00000000000003	124.99999999999997
336	10	2	44.708000000000006	164.88799999999992
336	11	2	84.944	5.036000000000003
336	12	2	84.99999999999997	45.00000000000002
336	13	2	85.36625514403288	85.38683127572016
336	14	2	85.36051502145926	125.70386266094418
336	15	2	85.23999999999994	165.04399999999987
336	16	2	125.58333333333334	6.666666666666667
336	17	2	124.89200000000001	45.011999999999986
336	18	2	125.10800000000002	85.01999999999997
336	19	2	124.99600000000004	125.09999999999997
336	20	2	125.64400000000002	164.62800000000001
336	21	2	165.33600000000004	5.108
336	22	2	164.99999999999994	45.00000000000002
336	23	2	164.99999999999994	84.99999999999997
336	24	2	164.86799999999997	125.09599999999999
336	25	2	164.3235294117647	164.5882352941177
336	26	1	53.60120240480963	17.274549098196395
336	27	1	94.06986027944112	109.09780439121761
336	28	1	67.12399999999998	70.44999999999996
336	29	1	84.95799999999997	64.88199999999996
336	30	1	190.524	143.6099999999999
336	31	1	121.73053892215566	146.25548902195618
336	32	1	19.30999999999997	113.11999999999999
336	33	1	117.53093812375252	180.7944111776449
336	34	1	177.6487025948104	150.11177644710588
336	35	1	144.48902195608778	155.68862275449098
336	36	1	145.74302788844608	196.76892430278883
336	37	1	137.99601593625496	178.92430278884473
336	38	1	59.221999999999994	178.45399999999992
336	39	1	161.868	184.71800000000007
336	40	1	11.26800000000001	24.41800000000002
336	41	1	103.88577154308616	160.35070140280547
336	42	1	43.63200000000001	188.362
336	43	1	21.010000000000023	93.85399999999994
336	44	1	66.59400000000007	157.7759999999999
336	45	1	43.319361277445104	102.10778443113769
337	1	2	4.927999999999999	4.604000000000001
337	2	2	4.9999999999999964	45
337	3	2	5.103999999999996	85.01200000000003
337	4	2	4.9999999999999964	125.00000000000003
337	5	2	4.9999999999999964	165.00000000000009
337	6	2	45.00000000000003	5.000000000000002
337	7	2	45.00000000000002	45.29999999999999
337	8	2	45.86799999999999	85.59599999999999
337	9	2	45.00000000000003	124.99999999999997
337	10	2	44.708000000000006	164.88799999999992
337	11	2	84.944	5.036000000000003
337	12	2	84.99999999999997	45.00000000000002
337	13	2	85.36625514403288	85.38683127572016
337	14	2	85.36051502145926	125.70386266094418
337	15	2	85.23999999999994	165.04399999999987
337	16	2	125.58333333333334	6.666666666666667
337	17	2	124.89200000000001	45.011999999999986
337	18	2	125.10800000000002	85.01999999999997
337	19	2	124.99600000000004	125.09999999999997
337	20	2	125.64400000000002	164.62800000000001
337	21	2	165.33600000000004	5.108
337	22	2	164.99999999999994	45.00000000000002
337	23	2	164.99999999999994	84.99999999999997
337	24	2	164.86799999999997	125.09599999999999
337	25	2	164.3235294117647	164.5882352941177
337	26	1	53.459081836327286	17.46706586826348
337	27	1	93.99600798403195	109.08582834331338
337	28	1	67.04800000000002	70.51800000000001
337	29	1	84.85229540918166	64.87425149700603
337	30	1	190.494	143.60399999999987
337	31	1	121.65537848605584	146.31872509960166
337	32	1	19.199600798403186	113.03393213572853
337	33	1	117.59318637274555	180.78957915831668
337	34	1	177.88423153692617	150.08982035928148
337	35	1	144.59600000000015	155.69000000000008
337	36	1	145.73852295409176	196.75648702594805
337	37	1	138.08200000000008	178.7319999999999
337	38	1	59.11576846307388	178.6427145708581
337	39	1	161.86400000000012	184.722
337	40	1	11.289421157684634	24.556886227544926
337	41	1	103.83799999999992	160.45000000000016
337	42	1	43.69200000000001	188.4159999999999
337	43	1	21.001996007984026	93.7604790419163
337	44	1	66.72509960159368	157.93227091633472
337	45	1	43.16135458167334	102.27689243027898
338	1	2	4.927999999999999	4.604000000000001
338	2	2	4.9999999999999964	45
338	3	2	5.103999999999996	85.01200000000003
338	4	2	4.9999999999999964	125.00000000000003
338	5	2	4.9999999999999964	165.00000000000009
338	6	2	45.00000000000003	5.000000000000002
338	7	2	45.00000000000002	45.29999999999999
338	8	2	45.86799999999999	85.59599999999999
338	9	2	45.00000000000003	124.99999999999997
338	10	2	44.708000000000006	164.88799999999992
338	11	2	84.944	5.036000000000003
338	12	2	84.99999999999997	45.00000000000002
338	13	2	85.36625514403288	85.38683127572016
338	14	2	85.36051502145926	125.70386266094418
338	15	2	85.23999999999994	165.04399999999987
338	16	2	125.58333333333334	6.666666666666667
338	17	2	124.89200000000001	45.011999999999986
338	18	2	125.10800000000002	85.01999999999997
338	19	2	124.99600000000004	125.09999999999997
338	20	2	125.64400000000002	164.62800000000001
338	21	2	165.33600000000004	5.108
338	22	2	164.99999999999994	45.00000000000002
338	23	2	164.99999999999994	84.99999999999997
338	24	2	164.86799999999997	125.09599999999999
338	25	2	164.3235294117647	164.5882352941177
338	26	1	53.36726546906187	17.528942115768434
338	27	1	93.92399999999998	109.10200000000002
338	28	1	66.95999999999995	70.60400000000003
338	29	1	84.69860279441126	64.8083832335329
338	30	1	190.436	143.57999999999987
338	31	1	121.50799999999997	146.40200000000004
338	32	1	19.09999999999999	113.06600000000003
338	33	1	117.51297405189617	180.6746506986028
338	34	1	177.87399999999994	150.06799999999987
338	35	1	144.54690618762476	155.61876247504986
338	36	1	145.7305389221558	196.84231536926148
338	37	1	138.01399999999995	178.71199999999973
338	38	1	59.063999999999986	178.62799999999996
338	39	1	161.75799999999992	184.58800000000005
338	40	1	11.209580838323348	24.58682634730536
338	41	1	103.7125748502994	160.36127744510978
338	42	1	43.71000000000002	188.42000000000016
338	43	1	21.106000000000023	93.77800000000013
338	44	1	66.90199999999984	157.8959999999999
338	45	1	43.10400000000001	102.33200000000005
339	1	2	4.927999999999999	4.604000000000001
339	2	2	4.9999999999999964	45
339	3	2	5.103999999999996	85.01200000000003
339	4	2	4.9999999999999964	125.00000000000003
339	5	2	4.9999999999999964	165.00000000000009
339	6	2	45.00000000000003	5.000000000000002
339	7	2	45.00000000000002	45.29999999999999
339	8	2	45.86799999999999	85.59599999999999
339	9	2	45.00000000000003	124.99999999999997
339	10	2	44.708000000000006	164.88799999999992
339	11	2	84.944	5.036000000000003
339	12	2	84.99999999999997	45.00000000000002
339	13	2	85.36625514403288	85.38683127572016
339	14	2	85.36051502145926	125.70386266094418
339	15	2	85.23999999999994	165.04399999999987
339	16	2	125.58333333333334	6.666666666666667
339	17	2	124.89200000000001	45.011999999999986
339	18	2	125.10800000000002	85.01999999999997
339	19	2	124.99600000000004	125.09999999999997
339	20	2	125.64400000000002	164.62800000000001
339	21	2	165.33600000000004	5.108
339	22	2	164.99999999999994	45.00000000000002
339	23	2	164.99999999999994	84.99999999999997
339	24	2	164.86799999999997	125.09599999999999
339	25	2	164.3235294117647	164.5882352941177
339	26	1	53.101796407185624	17.57485029940121
339	27	1	93.98	109.15399999999987
339	28	1	66.80638722554886	70.5928143712575
339	29	1	84.64870259481037	64.84431137724553
339	30	1	190.448	143.56599999999986
339	31	1	121.25948103792413	146.35928143712576
339	32	1	19.035928143712574	112.97604790419156
339	33	1	117.47105788423151	180.65668662674645
339	34	1	178.00798403193608	150.06986027944117
339	35	1	144.39800000000014	155.46999999999997
339	36	1	145.74701195219112	196.84661354581672
339	37	1	138.01195219123514	178.5796812749004
339	38	1	59.03187250996013	178.66135458167332
339	39	1	161.70318725099617	184.50796812749007
339	40	1	11.283999999999992	24.599999999999998
339	41	1	103.67065868263474	160.21357285429136
339	42	1	43.757999999999974	188.39199999999997
339	43	1	21.111776447105797	93.6626746506986
339	44	1	67.05800000000002	157.8819999999999
339	45	1	42.98602794411179	102.4790419161677
340	1	2	4.927999999999999	4.604000000000001
340	2	2	4.9999999999999964	45
340	3	2	5.103999999999996	85.01200000000003
340	4	2	4.9999999999999964	125.00000000000003
340	5	2	4.9999999999999964	165.00000000000009
340	6	2	45.00000000000003	5.000000000000002
340	7	2	45.00000000000002	45.29999999999999
340	8	2	45.86799999999999	85.59599999999999
340	9	2	45.00000000000003	124.99999999999997
340	10	2	44.708000000000006	164.88799999999992
340	11	2	84.944	5.036000000000003
340	12	2	84.99999999999997	45.00000000000002
340	13	2	85.36625514403288	85.38683127572016
340	14	2	85.36051502145926	125.70386266094418
340	15	2	85.23999999999994	165.04399999999987
340	16	2	125.58333333333334	6.666666666666667
340	17	2	124.89200000000001	45.011999999999986
340	18	2	125.10800000000002	85.01999999999997
340	19	2	124.99600000000004	125.09999999999997
340	20	2	125.64400000000002	164.62800000000001
340	21	2	165.33600000000004	5.108
340	22	2	164.99999999999994	45.00000000000002
340	23	2	164.99999999999994	84.99999999999997
340	24	2	164.86799999999997	125.09599999999999
340	25	2	164.3235294117647	164.5882352941177
340	26	1	52.99199999999998	17.60800000000002
340	27	1	93.86600000000003	109.27599999999998
340	28	1	66.76646706586831	70.73852295409183
340	29	1	84.499001996008	64.74850299401199
340	30	1	190.41516966067866	143.5548902195608
340	31	1	121.044	146.28800000000015
340	32	1	18.832335329341298	112.97205588822355
340	33	1	117.53	180.6540000000001
340	34	1	178.0360000000001	150.12200000000016
340	35	1	144.22954091816365	155.46906187624742
340	36	1	145.7524950099802	196.8203592814374
340	37	1	138.04999999999995	178.57799999999997
340	38	1	58.93999999999999	178.69799999999992
340	39	1	161.63	184.452
340	40	1	11.291417165668662	24.71057884231538
340	41	1	103.63199999999993	160.28800000000012
340	42	1	43.81237524950102	188.42514970059898
340	43	1	21.272000000000013	93.54400000000001
340	44	1	67.26000000000005	158.0999999999999
340	45	1	42.83599999999999	102.57799999999992
341	1	2	4.927999999999999	4.604000000000001
341	2	2	4.9999999999999964	45
341	3	2	5.103999999999996	85.01200000000003
341	4	2	4.9999999999999964	125.00000000000003
341	5	2	4.9999999999999964	165.00000000000009
341	6	2	45.00000000000003	5.000000000000002
341	7	2	45.00000000000002	45.29999999999999
341	8	2	45.86799999999999	85.59599999999999
341	9	2	45.00000000000003	124.99999999999997
341	10	2	44.708000000000006	164.88799999999992
341	11	2	84.944	5.036000000000003
341	12	2	84.99999999999997	45.00000000000002
341	13	2	85.36625514403288	85.38683127572016
341	14	2	85.36051502145926	125.70386266094418
341	15	2	85.23999999999994	165.04399999999987
341	16	2	125.58333333333334	6.666666666666667
341	17	2	124.89200000000001	45.011999999999986
341	18	2	125.10800000000002	85.01999999999997
341	19	2	124.99600000000004	125.09999999999997
341	20	2	125.64400000000002	164.62800000000001
341	21	2	165.33600000000004	5.108
341	22	2	164.99999999999994	45.00000000000002
341	23	2	164.99999999999994	84.99999999999997
341	24	2	164.86799999999997	125.09599999999999
341	25	2	164.3235294117647	164.5882352941177
341	26	1	53.00000000000002	17.56087824351296
341	27	1	93.89400000000002	109.248
341	28	1	66.71399999999994	70.90200000000002
341	29	1	84.42799999999993	64.792
341	30	1	190.386	143.548
341	31	1	120.9101796407185	146.25149700598794
341	32	1	18.778000000000002	112.95399999999991
341	33	1	117.53199999999991	180.61199999999997
341	34	1	178.1262525050101	150.11422845691396
341	35	1	144.14171656686625	155.43113772455087
341	36	1	145.73652694610772	196.8662674650698
341	37	1	137.99600000000004	178.59
341	38	1	58.864000000000026	178.80999999999975
341	39	1	161.5439999999999	184.37199999999993
341	40	1	11.207584830339323	24.746506986027946
341	41	1	103.58882235528941	160.42914171656693
341	42	1	43.81636726546911	188.41317365269458
341	43	1	21.399999999999995	93.42599999999996
341	44	1	67.33665338645416	158.17330677290843
341	45	1	42.758000000000045	102.59600000000002
342	1	2	4.927999999999999	4.604000000000001
342	2	2	4.9999999999999964	45
342	3	2	5.103999999999996	85.01200000000003
342	4	2	4.9999999999999964	125.00000000000003
342	5	2	4.9999999999999964	165.00000000000009
342	6	2	45.00000000000003	5.000000000000002
342	7	2	45.00000000000002	45.29999999999999
342	8	2	45.86799999999999	85.59599999999999
342	9	2	45.00000000000003	124.99999999999997
342	10	2	44.708000000000006	164.88799999999992
342	11	2	84.944	5.036000000000003
342	12	2	84.99999999999997	45.00000000000002
342	13	2	85.36625514403288	85.38683127572016
342	14	2	85.36051502145926	125.70386266094418
342	15	2	85.23999999999994	165.04399999999987
342	16	2	125.58333333333334	6.666666666666667
342	17	2	124.89200000000001	45.011999999999986
342	18	2	125.10800000000002	85.01999999999997
342	19	2	124.99600000000004	125.09999999999997
342	20	2	125.64400000000002	164.62800000000001
342	21	2	165.33600000000004	5.108
342	22	2	164.99999999999994	45.00000000000002
342	23	2	164.99999999999994	84.99999999999997
342	24	2	164.86799999999997	125.09599999999999
342	25	2	164.3235294117647	164.5882352941177
342	26	1	52.916167664670674	17.690618762475033
342	27	1	93.89	109.26999999999994
342	28	1	66.59081836327348	71.01796407185621
342	29	1	84.3792415169661	64.81836327345304
342	30	1	190.32399999999998	143.48600000000005
342	31	1	120.71912350597609	146.2649402390436
342	32	1	18.711999999999993	112.95800000000008
342	33	1	117.546	180.60200000000003
342	34	1	178.22799999999992	150.2199999999998
342	35	1	144.08416833667343	155.39478957915844
342	36	1	145.73053892215572	196.89820359281418
342	37	1	138.00598802395206	178.4990019960082
342	38	1	58.82965931863729	178.86172344689373
342	39	1	161.47400000000005	184.42
342	40	1	11.1816367265469	24.816367265469047
342	41	1	103.52600000000001	160.53599999999997
342	42	1	43.8662674650699	188.43313373253483
342	43	1	21.486973947895784	93.28857715430863
342	44	1	67.448	158.3880000000001
342	45	1	42.64670658682635	102.66866267465069
343	1	2	4.927999999999999	4.604000000000001
343	2	2	4.9999999999999964	45
343	3	2	5.103999999999996	85.01200000000003
343	4	2	4.9999999999999964	125.00000000000003
343	5	2	4.9999999999999964	165.00000000000009
343	6	2	45.00000000000003	5.000000000000002
343	7	2	45.00000000000002	45.29999999999999
343	8	2	45.86799999999999	85.59599999999999
343	9	2	45.00000000000003	124.99999999999997
343	10	2	44.708000000000006	164.88799999999992
343	11	2	84.944	5.036000000000003
343	12	2	84.99999999999997	45.00000000000002
343	13	2	85.36625514403288	85.38683127572016
343	14	2	85.36051502145926	125.70386266094418
343	15	2	85.23999999999994	165.04399999999987
343	16	2	125.58333333333334	6.666666666666667
343	17	2	124.89200000000001	45.011999999999986
343	18	2	125.10800000000002	85.01999999999997
343	19	2	124.99600000000004	125.09999999999997
343	20	2	125.64400000000002	164.62800000000001
343	21	2	165.33600000000004	5.108
343	22	2	164.99999999999994	45.00000000000002
343	23	2	164.99999999999994	84.99999999999997
343	24	2	164.86799999999997	125.09599999999999
343	25	2	164.3235294117647	164.5882352941177
343	26	1	52.84031936127744	17.852295409181636
343	27	1	93.83632734530933	109.19960079840328
343	28	1	66.45508982035925	71.14171656686634
343	29	1	84.30339321357295	64.79840319361277
343	30	1	190.266	143.4360000000001
343	31	1	120.73852295409176	146.20159680638722
343	32	1	18.698602794411165	112.87824351297402
343	33	1	117.49101796407182	180.564870259481
343	34	1	178.19161676646706	150.17964071856295
343	35	1	144.18200000000004	155.4300000000002
343	36	1	145.76399999999998	196.8799999999999
343	37	1	138	178.50898203592837
343	38	1	58.82634730538923	178.90818363273468
343	39	1	161.45109780439145	184.40319361277443
343	40	1	11.037924151696597	24.920159680638726
343	41	1	103.5418326693227	160.5039840637451
343	42	1	43.88399999999997	188.43800000000005
343	43	1	21.605999999999987	93.11800000000007
343	44	1	67.55688622754485	158.56287425149713
343	45	1	42.29141716566869	102.89421157684623
344	1	2	4.927999999999999	4.604000000000001
344	2	2	4.9999999999999964	45
344	3	2	5.103999999999996	85.01200000000003
344	4	2	4.9999999999999964	125.00000000000003
344	5	2	4.9999999999999964	165.00000000000009
344	6	2	45.00000000000003	5.000000000000002
344	7	2	45.00000000000002	45.29999999999999
344	8	2	45.86799999999999	85.59599999999999
344	9	2	45.00000000000003	124.99999999999997
344	10	2	44.708000000000006	164.88799999999992
344	11	2	84.944	5.036000000000003
344	12	2	84.99999999999997	45.00000000000002
344	13	2	85.36625514403288	85.38683127572016
344	14	2	85.36051502145926	125.70386266094418
344	15	2	85.23999999999994	165.04399999999987
344	16	2	125.58333333333334	6.666666666666667
344	17	2	124.89200000000001	45.011999999999986
344	18	2	125.10800000000002	85.01999999999997
344	19	2	124.99600000000004	125.09999999999997
344	20	2	125.64400000000002	164.62800000000001
344	21	2	165.33600000000004	5.108
344	22	2	164.99999999999994	45.00000000000002
344	23	2	164.99999999999994	84.99999999999997
344	24	2	164.86799999999997	125.09599999999999
344	25	2	164.3235294117647	164.5882352941177
344	26	1	52.62075848303395	18.135728542914162
344	27	1	93.83433133732537	109.18363273453096
344	28	1	66.38522954091817	71.44311377245512
344	29	1	84.1257485029939	64.75049900199598
344	30	1	190.266	143.4360000000001
344	31	1	120.71799999999995	146.21399999999986
344	32	1	18.632734530938134	112.8223552894212
344	33	1	117.45199999999998	180.52000000000004
344	34	1	178.12600000000006	150.13799999999995
344	35	1	144.22044088176344	155.51903807615227
344	36	1	145.758	196.91599999999997
344	37	1	137.94621513944222	178.51792828685254
344	38	1	58.78243512974054	178.9141716566868
344	39	1	161.432	184.37599999999998
344	40	1	10.960079840319363	24.954091816367246
344	41	1	103.52295409181633	160.5409181636726
344	42	1	43.930139720558884	188.4211576846308
344	43	1	21.650698602794414	92.95009980039922
344	44	1	67.74051896207583	158.59281437125753
344	45	1	42.13346613545816	103.05577689243026
345	1	2	4.927999999999999	4.604000000000001
345	2	2	4.9999999999999964	45
345	3	2	5.103999999999996	85.01200000000003
345	4	2	4.9999999999999964	125.00000000000003
345	5	2	4.9999999999999964	165.00000000000009
345	6	2	45.00000000000003	5.000000000000002
345	7	2	45.00000000000002	45.29999999999999
345	8	2	45.86799999999999	85.59599999999999
345	9	2	45.00000000000003	124.99999999999997
345	10	2	44.708000000000006	164.88799999999992
345	11	2	84.944	5.036000000000003
345	12	2	84.99999999999997	45.00000000000002
345	13	2	85.36625514403288	85.38683127572016
345	14	2	85.36051502145926	125.70386266094418
345	15	2	85.23999999999994	165.04399999999987
345	16	2	125.58333333333334	6.666666666666667
345	17	2	124.89200000000001	45.011999999999986
345	18	2	125.10800000000002	85.01999999999997
345	19	2	124.99600000000004	125.09999999999997
345	20	2	125.64400000000002	164.62800000000001
345	21	2	165.33600000000004	5.108
345	22	2	164.99999999999994	45.00000000000002
345	23	2	164.99999999999994	84.99999999999997
345	24	2	164.86799999999997	125.09599999999999
345	25	2	164.3235294117647	164.5882352941177
345	26	1	52.556000000000026	18.230000000000004
345	27	1	93.80838323353302	109.20359281437125
345	28	1	66.43000000000004	71.53599999999994
345	29	1	84.04000000000002	64.71000000000002
345	30	1	190.266	143.4360000000001
345	31	1	120.55599999999995	146.1699999999999
345	32	1	18.47094188376752	112.7014028056112
345	33	1	117.46800000000003	180.57799999999995
345	34	1	178.14770459081845	150.14970059880238
345	35	1	144.14570858283452	155.49700598802386
345	36	1	145.76047904191626	196.91017964071835
345	37	1	137.88400000000016	178.48399999999987
345	38	1	58.894	178.9199999999999
345	39	1	161.3892215568863	184.31736526946108
345	40	1	10.838323353293413	24.86427145708583
345	41	1	103.52694610778445	160.67065868263464
345	42	1	43.999999999999986	188.38400000000004
345	43	1	21.656686626746513	92.7624750499002
345	44	1	67.89840637450199	158.62549800796816
345	45	1	41.98403193612776	103.13972055888226
346	1	2	4.927999999999999	4.604000000000001
346	2	2	4.9999999999999964	45
346	3	2	5.103999999999996	85.01200000000003
346	4	2	4.9999999999999964	125.00000000000003
346	5	2	4.9999999999999964	165.00000000000009
346	6	2	45.00000000000003	5.000000000000002
346	7	2	45.00000000000002	45.29999999999999
346	8	2	45.86799999999999	85.59599999999999
346	9	2	45.00000000000003	124.99999999999997
346	10	2	44.708000000000006	164.88799999999992
346	11	2	84.944	5.036000000000003
346	12	2	84.99999999999997	45.00000000000002
346	13	2	85.36625514403288	85.38683127572016
346	14	2	85.36051502145926	125.70386266094418
346	15	2	85.23999999999994	165.04399999999987
346	16	2	125.58333333333334	6.666666666666667
346	17	2	124.89200000000001	45.011999999999986
346	18	2	125.10800000000002	85.01999999999997
346	19	2	124.99600000000004	125.09999999999997
346	20	2	125.64400000000002	164.62800000000001
346	21	2	165.33600000000004	5.108
346	22	2	164.99999999999994	45.00000000000002
346	23	2	164.99999999999994	84.99999999999997
346	24	2	164.86799999999997	125.09599999999999
346	25	2	164.3235294117647	164.5882352941177
346	26	1	52.41716566866268	18.459081836327346
346	27	1	93.91999999999996	109.29400000000003
346	28	1	66.31736526946105	71.67664670658691
346	29	1	83.98403193612766	64.72654690618761
346	30	1	190.28	143.44000000000014
346	31	1	120.32934131736532	146.15169660678626
346	32	1	18.44510978043911	112.66866267465069
346	33	1	117.53493013972056	180.61477045908177
346	34	1	178.11354581673322	150.1673306772907
346	35	1	144.04199999999994	155.51399999999978
346	36	1	145.81237524950117	196.98403193612788
346	37	1	137.8479999999997	178.456
346	38	1	58.94400000000001	179.01399999999995
346	39	1	161.2908366533864	184.30876494023903
346	40	1	10.80638722554891	24.934131736526947
346	41	1	103.41716566866262	160.88023952095804
346	42	1	44.06999999999999	188.388
346	43	1	21.733999999999988	92.69800000000009
346	44	1	67.9221556886228	158.66666666666654
346	45	1	41.88599999999996	103.20799999999993
347	1	2	4.927999999999999	4.604000000000001
347	2	2	4.9999999999999964	45
347	3	2	5.103999999999996	85.01200000000003
347	4	2	4.9999999999999964	125.00000000000003
347	5	2	4.9999999999999964	165.00000000000009
347	6	2	45.00000000000003	5.000000000000002
347	7	2	45.00000000000002	45.29999999999999
347	8	2	45.86799999999999	85.59599999999999
347	9	2	45.00000000000003	124.99999999999997
347	10	2	44.708000000000006	164.88799999999992
347	11	2	84.944	5.036000000000003
347	12	2	84.99999999999997	45.00000000000002
347	13	2	85.36625514403288	85.38683127572016
347	14	2	85.36051502145926	125.70386266094418
347	15	2	85.23999999999994	165.04399999999987
347	16	2	125.58333333333334	6.666666666666667
347	17	2	124.89200000000001	45.011999999999986
347	18	2	125.10800000000002	85.01999999999997
347	19	2	124.99600000000004	125.09999999999997
347	20	2	125.64400000000002	164.62800000000001
347	21	2	165.33600000000004	5.108
347	22	2	164.99999999999994	45.00000000000002
347	23	2	164.99999999999994	84.99999999999997
347	24	2	164.86799999999997	125.09599999999999
347	25	2	164.3235294117647	164.5882352941177
347	26	1	52.24750499001996	18.618762475049895
347	27	1	93.8220000000001	109.19200000000012
347	28	1	66.22599999999998	71.8360000000001
347	29	1	83.8346613545817	64.6832669322709
347	30	1	190.28	143.44000000000014
347	31	1	120.12574850299407	146.14570858283432
347	32	1	18.31474103585657	112.5717131474103
347	33	1	117.5711422845692	180.70541082164323
347	34	1	178.10599999999994	150.15999999999968
347	35	1	143.90219560878245	155.52495009980052
347	36	1	145.79640718562868	197.05189620758483
347	37	1	137.85828343313372	178.43912175648694
347	38	1	58.95608782435131	179.04990019960073
347	39	1	161.2520000000001	184.21199999999985
347	40	1	10.772000000000002	24.975999999999996
347	41	1	103.43912175648703	161.05389221556896
347	42	1	44.009980039920116	188.34730538922167
347	43	1	21.804391217564866	92.61477045908183
347	44	1	67.99999999999999	158.774
347	45	1	41.778443113772454	103.25149700598797
348	1	2	4.927999999999999	4.604000000000001
348	2	2	4.9999999999999964	45
348	3	2	5.103999999999996	85.01200000000003
348	4	2	4.9999999999999964	125.00000000000003
348	5	2	4.9999999999999964	165.00000000000009
348	6	2	45.00000000000003	5.000000000000002
348	7	2	45.00000000000002	45.29999999999999
348	8	2	45.86799999999999	85.59599999999999
348	9	2	45.00000000000003	124.99999999999997
348	10	2	44.708000000000006	164.88799999999992
348	11	2	84.944	5.036000000000003
348	12	2	84.99999999999997	45.00000000000002
348	13	2	85.36625514403288	85.38683127572016
348	14	2	85.36051502145926	125.70386266094418
348	15	2	85.23999999999994	165.04399999999987
348	16	2	125.58333333333334	6.666666666666667
348	17	2	124.89200000000001	45.011999999999986
348	18	2	125.10800000000002	85.01999999999997
348	19	2	124.99600000000004	125.09999999999997
348	20	2	125.64400000000002	164.62800000000001
348	21	2	165.33600000000004	5.108
348	22	2	164.99999999999994	45.00000000000002
348	23	2	164.99999999999994	84.99999999999997
348	24	2	164.86799999999997	125.09599999999999
348	25	2	164.3235294117647	164.5882352941177
348	26	1	52.0678642714571	18.76646706586827
348	27	1	93.68263473053887	109.20359281437122
348	28	1	66.07214428857716	72.0641282565131
348	29	1	83.53907815631263	64.56312625250496
348	30	1	190.26147704590818	143.36926147704568
348	31	1	120.13944223107575	146.07370517928283
348	32	1	18.30339321357284	112.51696606786429
348	33	1	117.59000000000006	180.654
348	34	1	178.12774451097815	150.09980039920157
348	35	1	143.79441117764472	155.5409181636726
348	36	1	145.82000000000002	196.978
348	37	1	137.87600000000003	178.4560000000001
348	38	1	58.938	179.066
348	39	1	161.30139720558884	184.23552894211576
348	40	1	10.678642714570858	25.001996007984026
348	41	1	103.40319361277447	161.12974051896214
348	42	1	44.113999999999955	188.3260000000003
348	43	1	21.832335329341298	92.46906187624752
348	44	1	68.09200000000007	158.87199999999996
348	45	1	41.53599999999998	103.44400000000016
349	1	2	4.927999999999999	4.604000000000001
349	2	2	4.9999999999999964	45
349	3	2	5.103999999999996	85.01200000000003
349	4	2	4.9999999999999964	125.00000000000003
349	5	2	4.9999999999999964	165.00000000000009
349	6	2	45.00000000000003	5.000000000000002
349	7	2	45.00000000000002	45.29999999999999
349	8	2	45.86799999999999	85.59599999999999
349	9	2	45.00000000000003	124.99999999999997
349	10	2	44.708000000000006	164.88799999999992
349	11	2	84.944	5.036000000000003
349	12	2	84.99999999999997	45.00000000000002
349	13	2	85.36625514403288	85.38683127572016
349	14	2	85.36051502145926	125.70386266094418
349	15	2	85.23999999999994	165.04399999999987
349	16	2	125.58333333333334	6.666666666666667
349	17	2	124.89200000000001	45.011999999999986
349	18	2	125.10800000000002	85.01999999999997
349	19	2	124.99600000000004	125.09999999999997
349	20	2	125.64400000000002	164.62800000000001
349	21	2	165.33600000000004	5.108
349	22	2	164.99999999999994	45.00000000000002
349	23	2	164.99999999999994	84.99999999999997
349	24	2	164.86799999999997	125.09599999999999
349	25	2	164.3235294117647	164.5882352941177
349	26	1	51.960079840319366	18.922155688622762
349	27	1	93.76646706586818	109.19760479041918
349	28	1	66.00800000000004	72.0419999999999
349	29	1	83.51799999999993	64.57999999999998
349	30	1	190.2315369261477	143.38522954091806
349	31	1	120.17799999999991	146.04799999999994
349	32	1	18.221556886227553	112.37524950099797
349	33	1	117.55199999999998	180.62800000000004
349	34	1	178.119760479042	150.09980039920146
349	35	1	143.77644710578835	155.55089820359277
349	36	1	145.79640718562862	197.10978043912158
349	37	1	137.888	178.43400000000003
349	38	1	58.99800399201593	179.22554890219553
349	39	1	161.19960079840328	184.2574850299401
349	40	1	10.670658682634729	25.073852295409203
349	41	1	103.3852295409181	161.0998003992016
349	42	1	44.178	188.33
349	43	1	21.818363273453087	92.25349301397205
349	44	1	68.11576846307385	159.1057884231538
349	45	1	41.35799999999999	103.53999999999998
350	1	2	4.927999999999999	4.604000000000001
350	2	2	4.9999999999999964	45
350	3	2	5.103999999999996	85.01200000000003
350	4	2	4.9999999999999964	125.00000000000003
350	5	2	4.9999999999999964	165.00000000000009
350	6	2	45.00000000000003	5.000000000000002
350	7	2	45.00000000000002	45.29999999999999
350	8	2	45.86799999999999	85.59599999999999
350	9	2	45.00000000000003	124.99999999999997
350	10	2	44.708000000000006	164.88799999999992
350	11	2	84.944	5.036000000000003
350	12	2	84.99999999999997	45.00000000000002
350	13	2	85.36625514403288	85.38683127572016
350	14	2	85.36051502145926	125.70386266094418
350	15	2	85.23999999999994	165.04399999999987
350	16	2	125.58333333333334	6.666666666666667
350	17	2	124.89200000000001	45.011999999999986
350	18	2	125.10800000000002	85.01999999999997
350	19	2	124.99600000000004	125.09999999999997
350	20	2	125.64400000000002	164.62800000000001
350	21	2	165.33600000000004	5.108
350	22	2	164.99999999999994	45.00000000000002
350	23	2	164.99999999999994	84.99999999999997
350	24	2	164.86799999999997	125.09599999999999
350	25	2	164.3235294117647	164.5882352941177
350	26	1	51.852295409181664	19.075848303393208
350	27	1	93.71457085828337	109.23153692614774
350	28	1	65.90818363273453	72.36926147704585
350	29	1	83.43200000000006	64.56799999999997
350	30	1	190.1816367265469	143.36526946107782
350	31	1	120.07984031936134	145.97205588822354
350	32	1	18.022	112.29800000000002
350	33	1	117.53892215568864	180.68063872255496
350	34	1	178.09780439121772	150.057884231537
350	35	1	143.6946107784432	155.4311377245509
350	36	1	145.77399999999994	197.16999999999987
350	37	1	137.90219560878234	178.32534930139727
350	38	1	59.019960079840295	179.1457085828343
350	39	1	161.06986027944097	184.08582834331344
350	40	1	10.678642714570858	25.09181636726547
350	41	1	103.34000000000003	161.21799999999993
350	42	1	44.20958083832336	188.32734530938126
350	43	1	21.868525896414337	92.23107569721118
350	44	1	68.25349301397215	159.14371257485024
350	45	1	41.34131736526945	103.65069860279449
351	1	2	4.927999999999999	4.604000000000001
351	2	2	4.9999999999999964	45
351	3	2	5.103999999999996	85.01200000000003
351	4	2	4.9999999999999964	125.00000000000003
351	5	2	4.9999999999999964	165.00000000000009
351	6	2	45.00000000000003	5.000000000000002
351	7	2	45.00000000000002	45.29999999999999
351	8	2	45.86799999999999	85.59599999999999
351	9	2	45.00000000000003	124.99999999999997
351	10	2	44.708000000000006	164.88799999999992
351	11	2	84.944	5.036000000000003
351	12	2	84.99999999999997	45.00000000000002
351	13	2	85.36625514403288	85.38683127572016
351	14	2	85.36051502145926	125.70386266094418
351	15	2	85.23999999999994	165.04399999999987
351	16	2	125.58333333333334	6.666666666666667
351	17	2	124.89200000000001	45.011999999999986
351	18	2	125.10800000000002	85.01999999999997
351	19	2	124.99600000000004	125.09999999999997
351	20	2	125.64400000000002	164.62800000000001
351	21	2	165.33600000000004	5.108
351	22	2	164.99999999999994	45.00000000000002
351	23	2	164.99999999999994	84.99999999999997
351	24	2	164.86799999999997	125.09599999999999
351	25	2	164.3235294117647	164.5882352941177
351	26	1	51.88	19.084000000000007
351	27	1	93.58483033932141	109.18562874251495
351	28	1	65.82834331337328	72.54690618762478
351	29	1	83.39520958083826	64.6147704590818
351	30	1	190.226	143.37800000000007
351	31	1	120.03800000000001	145.96399999999988
351	32	1	17.908183632734524	112.1377245508982
351	33	1	117.56686626746504	180.7065868263474
351	34	1	178.13399999999993	150.02200000000016
351	35	1	143.65599999999998	155.39800000000025
351	36	1	145.78642714570861	197.11576846307392
351	37	1	137.996007984032	178.2035928143711
351	38	1	59.00199999999995	179.15400000000014
351	39	1	161.15200000000016	184.06199999999993
351	40	1	10.718562874251498	25.111776447105765
351	41	1	103.27145708582836	161.38323353293416
351	42	1	44.26147704590816	188.28542914171663
351	43	1	21.888223552894218	92.15768463073857
351	44	1	68.27744510978039	159.1816367265469
351	45	1	41.2885771543086	103.79559118236472
352	1	2	4.927999999999999	4.604000000000001
352	2	2	4.9999999999999964	45
352	3	2	5.103999999999996	85.01200000000003
352	4	2	4.9999999999999964	125.00000000000003
352	5	2	4.9999999999999964	165.00000000000009
352	6	2	45.00000000000003	5.000000000000002
352	7	2	45.00000000000002	45.29999999999999
352	8	2	45.86799999999999	85.59599999999999
352	9	2	45.00000000000003	124.99999999999997
352	10	2	44.708000000000006	164.88799999999992
352	11	2	84.944	5.036000000000003
352	12	2	84.99999999999997	45.00000000000002
352	13	2	85.36625514403288	85.38683127572016
352	14	2	85.36051502145926	125.70386266094418
352	15	2	85.23999999999994	165.04399999999987
352	16	2	125.58333333333334	6.666666666666667
352	17	2	124.89200000000001	45.011999999999986
352	18	2	125.10800000000002	85.01999999999997
352	19	2	124.99600000000004	125.09999999999997
352	20	2	125.64400000000002	164.62800000000001
352	21	2	165.33600000000004	5.108
352	22	2	164.99999999999994	45.00000000000002
352	23	2	164.99999999999994	84.99999999999997
352	24	2	164.86799999999997	125.09599999999999
352	25	2	164.3235294117647	164.5882352941177
352	26	1	51.821999999999996	19.316000000000034
352	27	1	93.39999999999998	109.1060000000001
352	28	1	65.64200000000001	72.99000000000005
352	29	1	83.36800000000008	64.64999999999998
352	30	1	190.186	143.3540000000001
352	31	1	119.93612774451097	145.93213572854305
352	32	1	17.82634730538921	112.07185628742515
352	33	1	117.59800000000006	180.69799999999995
352	34	1	178.06187624750518	150.00598802395206
352	35	1	143.65868263473044	155.37524950099817
352	36	1	145.7704590818364	197.18762475049908
352	37	1	138.04990019960093	178.187624750499
352	38	1	59.053892215568865	179.05389221556902
352	39	1	161.12574850299407	184.07385229540924
352	40	1	10.608782435129738	25.195608782435123
352	41	1	103.25149700598803	161.54291417165658
352	42	1	44.43600000000002	188.3019999999999
352	43	1	21.952095808383234	92.10778443113772
352	44	1	68.37199999999996	159.2820000000001
352	45	1	41.238000000000014	103.96000000000005
353	1	2	4.927999999999999	4.604000000000001
353	2	2	4.9999999999999964	45
353	3	2	5.103999999999996	85.01200000000003
353	4	2	4.9999999999999964	125.00000000000003
353	5	2	4.9999999999999964	165.00000000000009
353	6	2	45.00000000000003	5.000000000000002
353	7	2	45.00000000000002	45.29999999999999
353	8	2	45.86799999999999	85.59599999999999
353	9	2	45.00000000000003	124.99999999999997
353	10	2	44.708000000000006	164.88799999999992
353	11	2	84.944	5.036000000000003
353	12	2	84.99999999999997	45.00000000000002
353	13	2	85.36625514403288	85.38683127572016
353	14	2	85.36051502145926	125.70386266094418
353	15	2	85.23999999999994	165.04399999999987
353	16	2	125.58333333333334	6.666666666666667
353	17	2	124.89200000000001	45.011999999999986
353	18	2	125.10800000000002	85.01999999999997
353	19	2	124.99600000000004	125.09999999999997
353	20	2	125.64400000000002	164.62800000000001
353	21	2	165.33600000000004	5.108
353	22	2	164.99999999999994	45.00000000000002
353	23	2	164.99999999999994	84.99999999999997
353	24	2	164.86799999999997	125.09599999999999
353	25	2	164.3235294117647	164.5882352941177
353	26	1	51.74850299401197	19.516966067864274
353	27	1	93.32335329341309	109.0858283433133
353	28	1	65.59318637274549	73.25250501002007
353	29	1	83.28400000000003	64.62399999999997
353	30	1	190.13	143.3660000000001
353	31	1	119.79600000000002	145.8579999999999
353	32	1	17.82235528942116	112.02794411177643
353	33	1	117.58800000000011	180.69200000000015
353	34	1	178.0580000000001	150.0139999999999
353	35	1	143.554	155.36599999999996
353	36	1	145.83433133732527	197.18762475049897
353	37	1	138.0039920159681	178.21357285429133
353	38	1	59.04391217564873	178.99201596806392
353	39	1	161.06600000000012	183.97200000000015
353	40	1	10.52894211576846	25.289421157684625
353	41	1	103.22554890219556	161.58882235528952
353	42	1	44.53399999999999	188.38000000000005
353	43	1	21.907999999999983	92.02400000000002
353	44	1	68.57599999999998	159.4200000000001
353	45	1	41.02794411177649	104.11576846307385
354	1	2	4.927999999999999	4.604000000000001
354	2	2	4.9999999999999964	45
354	3	2	5.103999999999996	85.01200000000003
354	4	2	4.9999999999999964	125.00000000000003
354	5	2	4.9999999999999964	165.00000000000009
354	6	2	45.00000000000003	5.000000000000002
354	7	2	45.00000000000002	45.29999999999999
354	8	2	45.86799999999999	85.59599999999999
354	9	2	45.00000000000003	124.99999999999997
354	10	2	44.708000000000006	164.88799999999992
354	11	2	84.944	5.036000000000003
354	12	2	84.99999999999997	45.00000000000002
354	13	2	85.36625514403288	85.38683127572016
354	14	2	85.36051502145926	125.70386266094418
354	15	2	85.23999999999994	165.04399999999987
354	16	2	125.58333333333334	6.666666666666667
354	17	2	124.89200000000001	45.011999999999986
354	18	2	125.10800000000002	85.01999999999997
354	19	2	124.99600000000004	125.09999999999997
354	20	2	125.64400000000002	164.62800000000001
354	21	2	165.33600000000004	5.108
354	22	2	164.99999999999994	45.00000000000002
354	23	2	164.99999999999994	84.99999999999997
354	24	2	164.86799999999997	125.09599999999999
354	25	2	164.3235294117647	164.5882352941177
354	26	1	51.616000000000014	19.757999999999992
354	27	1	93.35059760956165	109.12948207171311
354	28	1	65.53999999999999	73.56200000000007
354	29	1	83.10800000000006	64.53599999999994
354	30	1	190.12	143.32399999999993
354	31	1	119.7828685258963	145.67729083665355
354	32	1	17.652694610778436	111.89820359281441
354	33	1	117.59400000000008	180.74000000000007
354	34	1	178.06800000000004	150.04000000000002
354	35	1	143.4311377245509	155.3293413173654
354	36	1	145.88023952095813	197.27145708582836
354	37	1	137.92000000000002	178.17999999999995
354	38	1	59.07400000000001	179.0079999999999
354	39	1	160.93600000000004	183.85400000000016
354	40	1	10.381999999999996	25.273999999999983
354	41	1	103.24750499001998	161.60079840319352
354	42	1	44.67134268537077	188.36072144288588
354	43	1	21.92785571142286	91.98396793587166
354	44	1	68.64071856287426	159.71257485029955
354	45	1	40.73652694610779	104.35129740518971
355	1	2	4.927999999999999	4.604000000000001
355	2	2	4.9999999999999964	45
355	3	2	5.103999999999996	85.01200000000003
355	4	2	4.9999999999999964	125.00000000000003
355	5	2	4.9999999999999964	165.00000000000009
355	6	2	45.00000000000003	5.000000000000002
355	7	2	45.00000000000002	45.29999999999999
355	8	2	45.86799999999999	85.59599999999999
355	9	2	45.00000000000003	124.99999999999997
355	10	2	44.708000000000006	164.88799999999992
355	11	2	84.944	5.036000000000003
355	12	2	84.99999999999997	45.00000000000002
355	13	2	85.36625514403288	85.38683127572016
355	14	2	85.36051502145926	125.70386266094418
355	15	2	85.23999999999994	165.04399999999987
355	16	2	125.58333333333334	6.666666666666667
355	17	2	124.89200000000001	45.011999999999986
355	18	2	125.10800000000002	85.01999999999997
355	19	2	124.99600000000004	125.09999999999997
355	20	2	125.64400000000002	164.62800000000001
355	21	2	165.33600000000004	5.108
355	22	2	164.99999999999994	45.00000000000002
355	23	2	164.99999999999994	84.99999999999997
355	24	2	164.86799999999997	125.09599999999999
355	25	2	164.3235294117647	164.5882352941177
355	26	1	51.58882235528941	19.80638722554888
355	27	1	93.18200000000002	109.06400000000006
355	28	1	65.432	73.73799999999993
355	29	1	83.08999999999996	64.622
355	30	1	190.116	143.32200000000017
355	31	1	119.7080000000001	145.63799999999992
355	32	1	17.592000000000013	111.81199999999997
355	33	1	117.66267465069866	180.80239520958088
355	34	1	178.10400000000004	150.04800000000012
355	35	1	143.33599999999996	155.302
355	36	1	145.87399999999997	197.34800000000004
355	37	1	137.9840319361278	178.10578842315363
355	38	1	59.12749003984065	179.02589641434272
355	39	1	160.86799999999997	183.88000000000002
355	40	1	10.401197604790413	25.273453093812382
355	41	1	103.24199999999992	161.62999999999988
355	42	1	44.66600000000005	188.3260000000001
355	43	1	22.10379241516966	91.86427145708582
355	44	1	68.72400000000009	159.78599999999983
355	45	1	40.523999999999944	104.55800000000002
356	1	2	4.927999999999999	4.604000000000001
356	2	2	4.9999999999999964	45
356	3	2	5.103999999999996	85.01200000000003
356	4	2	4.9999999999999964	125.00000000000003
356	5	2	4.9999999999999964	165.00000000000009
356	6	2	45.00000000000003	5.000000000000002
356	7	2	45.00000000000002	45.29999999999999
356	8	2	45.86799999999999	85.59599999999999
356	9	2	45.00000000000003	124.99999999999997
356	10	2	44.708000000000006	164.88799999999992
356	11	2	84.944	5.036000000000003
356	12	2	84.99999999999997	45.00000000000002
356	13	2	85.36625514403288	85.38683127572016
356	14	2	85.36051502145926	125.70386266094418
356	15	2	85.23999999999994	165.04399999999987
356	16	2	125.58333333333334	6.666666666666667
356	17	2	124.89200000000001	45.011999999999986
356	18	2	125.10800000000002	85.01999999999997
356	19	2	124.99600000000004	125.09999999999997
356	20	2	125.64400000000002	164.62800000000001
356	21	2	165.33600000000004	5.108
356	22	2	164.99999999999994	45.00000000000002
356	23	2	164.99999999999994	84.99999999999997
356	24	2	164.86799999999997	125.09599999999999
356	25	2	164.3235294117647	164.5882352941177
356	26	1	51.42000000000001	20.110000000000003
356	27	1	93.18600000000004	109.0700000000001
356	28	1	65.39121756487029	73.86427145708589
356	29	1	82.97999999999998	64.66199999999994
356	30	1	190.096	143.32800000000015
356	31	1	119.6027944111777	145.46506986027944
356	32	1	17.429141716566857	111.67664670658687
356	33	1	117.61477045908185	180.7824351297403
356	34	1	178.13000000000002	150.08399999999997
356	35	1	143.20558882235545	155.29540918163673
356	36	1	145.85799999999995	197.33999999999986
356	37	1	137.95608782435124	178.0499001996008
356	38	1	59.1417165668663	178.98403193612776
356	39	1	160.77445109780433	183.86826347305396
356	40	1	10.39520958083833	25.293413173652684
356	41	1	103.19839679358714	161.71943887775527
356	42	1	44.9	188.41600000000003
356	43	1	22.249500998004002	91.76846307385226
356	44	1	68.78399999999998	159.78
356	45	1	40.36200000000001	104.70000000000005
357	1	2	4.927999999999999	4.604000000000001
357	2	2	4.9999999999999964	45
357	3	2	5.103999999999996	85.01200000000003
357	4	2	4.9999999999999964	125.00000000000003
357	5	2	4.9999999999999964	165.00000000000009
357	6	2	45.00000000000003	5.000000000000002
357	7	2	45.00000000000002	45.29999999999999
357	8	2	45.86799999999999	85.59599999999999
357	9	2	45.00000000000003	124.99999999999997
357	10	2	44.708000000000006	164.88799999999992
357	11	2	84.944	5.036000000000003
357	12	2	84.99999999999997	45.00000000000002
357	13	2	85.36625514403288	85.38683127572016
357	14	2	85.36051502145926	125.70386266094418
357	15	2	85.23999999999994	165.04399999999987
357	16	2	125.58333333333334	6.666666666666667
357	17	2	124.89200000000001	45.011999999999986
357	18	2	125.10800000000002	85.01999999999997
357	19	2	124.99600000000004	125.09999999999997
357	20	2	125.64400000000002	164.62800000000001
357	21	2	165.33600000000004	5.108
357	22	2	164.99999999999994	45.00000000000002
357	23	2	164.99999999999994	84.99999999999997
357	24	2	164.86799999999997	125.09599999999999
357	25	2	164.3235294117647	164.5882352941177
357	26	1	51.24750499002001	20.283433133732526
357	27	1	93.25548902195612	109.11177644710578
357	28	1	65.35871743486975	73.98597194388775
357	29	1	82.93227091633462	64.69322709163349
357	30	1	190.15430861723448	143.3266533066131
357	31	1	119.44088176352709	145.4208416833667
357	32	1	17.303999999999995	111.55999999999999
357	33	1	117.7165668662675	180.90419161676675
357	34	1	178.1217564870259	150.04790419161677
357	35	1	143.08582834331347	155.20958083832355
357	36	1	145.93213572854293	197.34730538922165
357	37	1	137.96399999999994	178.00599999999991
357	38	1	59.245508982035965	178.89221556886224
357	39	1	160.69860279441102	183.82435129740543
357	40	1	10.382000000000007	25.30600000000001
357	41	1	103.13373253493015	161.90818363273434
357	42	1	45.17399999999999	188.48199999999997
357	43	1	22.421157684630725	91.70059880239506
357	44	1	68.97800000000004	159.7639999999998
357	45	1	40.24652087475147	104.78926441351888
358	1	2	4.927999999999999	4.604000000000001
358	2	2	4.9999999999999964	45
358	3	2	5.103999999999996	85.01200000000003
358	4	2	4.9999999999999964	125.00000000000003
358	5	2	4.9999999999999964	165.00000000000009
358	6	2	45.00000000000003	5.000000000000002
358	7	2	45.00000000000002	45.29999999999999
358	8	2	45.86799999999999	85.59599999999999
358	9	2	45.00000000000003	124.99999999999997
358	10	2	44.708000000000006	164.88799999999992
358	11	2	84.944	5.036000000000003
358	12	2	84.99999999999997	45.00000000000002
358	13	2	85.36625514403288	85.38683127572016
358	14	2	85.36051502145926	125.70386266094418
358	15	2	85.23999999999994	165.04399999999987
358	16	2	125.58333333333334	6.666666666666667
358	17	2	124.89200000000001	45.011999999999986
358	18	2	125.10800000000002	85.01999999999997
358	19	2	124.99600000000004	125.09999999999997
358	20	2	125.64400000000002	164.62800000000001
358	21	2	165.33600000000004	5.108
358	22	2	164.99999999999994	45.00000000000002
358	23	2	164.99999999999994	84.99999999999997
358	24	2	164.86799999999997	125.09599999999999
358	25	2	164.3235294117647	164.5882352941177
358	26	1	51.19960079840321	20.34530938123752
358	27	1	93.17199999999997	109.07600000000005
358	28	1	65.22554890219557	74.22754491017973
358	29	1	82.810379241517	64.67664670658682
358	30	1	190.132	143.32000000000016
358	31	1	119.26800000000003	145.4680000000002
358	32	1	17.244000000000007	111.56999999999992
358	33	1	117.77445109780444	181.07385229540913
358	34	1	178.09799999999998	150.09199999999993
358	35	1	142.92999999999995	155.1959999999999
358	36	1	145.9441117764472	197.3013972055888
358	37	1	137.93787575150296	178.00801603206423
358	38	1	59.316633266533074	178.84769539078158
358	39	1	160.63600000000008	183.8159999999998
358	40	1	10.232000000000001	25.34600000000002
358	41	1	103.09381237524953	162.1117764471058
358	42	1	45.30538922155688	188.49301397205582
358	43	1	22.59680638722557	91.63672654690619
358	44	1	69.08782435129731	159.9840319361278
358	45	1	40.08199999999996	104.84200000000004
359	1	2	4.927999999999999	4.604000000000001
359	2	2	4.9999999999999964	45
359	3	2	5.103999999999996	85.01200000000003
359	4	2	4.9999999999999964	125.00000000000003
359	5	2	4.9999999999999964	165.00000000000009
359	6	2	45.00000000000003	5.000000000000002
359	7	2	45.00000000000002	45.29999999999999
359	8	2	45.86799999999999	85.59599999999999
359	9	2	45.00000000000003	124.99999999999997
359	10	2	44.708000000000006	164.88799999999992
359	11	2	84.944	5.036000000000003
359	12	2	84.99999999999997	45.00000000000002
359	13	2	85.36625514403288	85.38683127572016
359	14	2	85.36051502145926	125.70386266094418
359	15	2	85.23999999999994	165.04399999999987
359	16	2	125.58333333333334	6.666666666666667
359	17	2	124.89200000000001	45.011999999999986
359	18	2	125.10800000000002	85.01999999999997
359	19	2	124.99600000000004	125.09999999999997
359	20	2	125.64400000000002	164.62800000000001
359	21	2	165.33600000000004	5.108
359	22	2	164.99999999999994	45.00000000000002
359	23	2	164.99999999999994	84.99999999999997
359	24	2	164.86799999999997	125.09599999999999
359	25	2	164.3235294117647	164.5882352941177
359	26	1	51.09000000000003	20.618000000000016
359	27	1	93.13772455089821	108.98802395209582
359	28	1	65.03592814371257	74.49500998003995
359	29	1	82.62075848303382	64.61876247504989
359	30	1	190.09780439121755	143.26746506986026
359	31	1	119.04990019960081	145.41516966067877
359	32	1	17.113545816733073	111.51792828685257
359	33	1	117.81037924151694	181.04191616766477
359	34	1	178.08982035928153	150.1177644710578
359	35	1	142.70459081836322	155.04590818363258
359	36	1	145.9960079840319	197.23153692614778
359	37	1	137.93999999999988	177.90400000000005
359	38	1	59.427145708582806	178.74051896207595
359	39	1	160.62948207171334	183.6195219123505
359	40	1	10.107784431137723	25.351297405189616
359	41	1	102.94399999999999	162.23800000000023
359	42	1	45.56487025948108	188.57285429141712
359	43	1	22.75049900199601	91.58083832335329
359	44	1	69.20399999999997	160.09400000000002
359	45	1	40.0179282868526	104.93625498007967
360	1	2	4.927999999999999	4.604000000000001
360	2	2	4.9999999999999964	45
360	3	2	5.103999999999996	85.01200000000003
360	4	2	4.9999999999999964	125.00000000000003
360	5	2	4.9999999999999964	165.00000000000009
360	6	2	45.00000000000003	5.000000000000002
360	7	2	45.00000000000002	45.29999999999999
360	8	2	45.86799999999999	85.59599999999999
360	9	2	45.00000000000003	124.99999999999997
360	10	2	44.708000000000006	164.88799999999992
360	11	2	84.944	5.036000000000003
360	12	2	84.99999999999997	45.00000000000002
360	13	2	85.36625514403288	85.38683127572016
360	14	2	85.36051502145926	125.70386266094418
360	15	2	85.23999999999994	165.04399999999987
360	16	2	125.58333333333334	6.666666666666667
360	17	2	124.89200000000001	45.011999999999986
360	18	2	125.10800000000002	85.01999999999997
360	19	2	124.99600000000004	125.09999999999997
360	20	2	125.64400000000002	164.62800000000001
360	21	2	165.33600000000004	5.108
360	22	2	164.99999999999994	45.00000000000002
360	23	2	164.99999999999994	84.99999999999997
360	24	2	164.86799999999997	125.09599999999999
360	25	2	164.3235294117647	164.5882352941177
360	26	1	50.999999999999986	20.865731462925847
360	27	1	92.99001996007982	108.94211576846307
360	28	1	64.87425149700603	74.61676646706594
360	29	1	82.47305389221557	64.62674650698604
360	30	1	190.08999999999997	143.25999999999996
360	31	1	118.95209580838316	145.36127744510972
360	32	1	17.119999999999994	111.54399999999993
360	33	1	117.86227544910167	181.1277445109779
360	34	1	178.10000000000014	150.14200000000005
360	35	1	142.53800000000007	155.02999999999997
360	36	1	146.05189620758478	197.25948103792408
360	37	1	137.89999999999998	177.89600000000007
360	38	1	59.410821643286575	178.70340681362723
360	39	1	160.4960000000002	183.552
360	40	1	10.048000000000007	25.28999999999999
360	41	1	102.82834331337322	162.33732534930135
360	42	1	45.69660678642714	188.58882235528927
360	43	1	22.84231536926146	91.61077844311372
360	44	1	69.27600000000001	160.10599999999997
360	45	1	39.960079840319366	104.96606786427145
361	1	2	4.927999999999999	4.604000000000001
361	2	2	4.9999999999999964	45
361	3	2	5.103999999999996	85.01200000000003
361	4	2	4.9999999999999964	125.00000000000003
361	5	2	4.9999999999999964	165.00000000000009
361	6	2	45.00000000000003	5.000000000000002
361	7	2	45.00000000000002	45.29999999999999
361	8	2	45.86799999999999	85.59599999999999
361	9	2	45.00000000000003	124.99999999999997
361	10	2	44.708000000000006	164.88799999999992
361	11	2	84.944	5.036000000000003
361	12	2	84.99999999999997	45.00000000000002
361	13	2	85.36625514403288	85.38683127572016
361	14	2	85.36051502145926	125.70386266094418
361	15	2	85.23999999999994	165.04399999999987
361	16	2	125.58333333333334	6.666666666666667
361	17	2	124.89200000000001	45.011999999999986
361	18	2	125.10800000000002	85.01999999999997
361	19	2	124.99600000000004	125.09999999999997
361	20	2	125.64400000000002	164.62800000000001
361	21	2	165.33600000000004	5.108
361	22	2	164.99999999999994	45.00000000000002
361	23	2	164.99999999999994	84.99999999999997
361	24	2	164.86799999999997	125.09599999999999
361	25	2	164.3235294117647	164.5882352941177
361	26	1	50.921999999999976	20.945999999999998
361	27	1	92.96207584830333	108.94810379241518
361	28	1	64.72055888223555	74.65269461077847
361	29	1	82.38722554890222	64.686626746507
361	30	1	190.11976047904193	143.27744510978044
361	31	1	118.75000000000011	145.4359999999998
361	32	1	16.89221556886227	111.45109780439125
361	33	1	117.868	181.1339999999999
361	34	1	178.11377245508976	150.11976047904187
361	35	1	142.4579999999997	154.94199999999995
361	36	1	146.00200000000007	197.082
361	37	1	137.86000000000004	177.79799999999997
361	38	1	59.401197604790404	178.66467065868272
361	39	1	160.406	183.60800000000003
361	40	1	9.835999999999997	25.30999999999998
361	41	1	102.73800000000001	162.4099999999999
361	42	1	45.81600000000001	188.67999999999998
361	43	1	22.88023952095806	91.58682634730545
361	44	1	69.38522954091825	160.17764471057885
361	45	1	39.77445109780437	105.08582834331335
362	1	2	4.927999999999999	4.604000000000001
362	2	2	4.9999999999999964	45
362	3	2	5.103999999999996	85.01200000000003
362	4	2	4.9999999999999964	125.00000000000003
362	5	2	4.9999999999999964	165.00000000000009
362	6	2	45.00000000000003	5.000000000000002
362	7	2	45.00000000000002	45.29999999999999
362	8	2	45.86799999999999	85.59599999999999
362	9	2	45.00000000000003	124.99999999999997
362	10	2	44.708000000000006	164.88799999999992
362	11	2	84.944	5.036000000000003
362	12	2	84.99999999999997	45.00000000000002
362	13	2	85.36625514403288	85.38683127572016
362	14	2	85.36051502145926	125.70386266094418
362	15	2	85.23999999999994	165.04399999999987
362	16	2	125.58333333333334	6.666666666666667
362	17	2	124.89200000000001	45.011999999999986
362	18	2	125.10800000000002	85.01999999999997
362	19	2	124.99600000000004	125.09999999999997
362	20	2	125.64400000000002	164.62800000000001
362	21	2	165.33600000000004	5.108
362	22	2	164.99999999999994	45.00000000000002
362	23	2	164.99999999999994	84.99999999999997
362	24	2	164.86799999999997	125.09599999999999
362	25	2	164.3235294117647	164.5882352941177
362	26	1	50.904000000000025	20.934000000000008
362	27	1	92.9979999999999	109.02200000000005
362	28	1	64.56399999999996	74.86399999999992
362	29	1	82.16799999999994	64.71600000000001
362	30	1	190.21556886227546	143.2994011976048
362	31	1	118.60557768924309	145.31274900398424
362	32	1	16.84630738522954	111.44510978043917
362	33	1	117.88023952095806	181.17165668662676
362	34	1	178.08216432865729	150.06412825651276
362	35	1	142.41599999999994	154.90000000000012
362	36	1	145.99999999999991	197.03399999999993
362	37	1	137.80239520958096	177.7824351297406
362	38	1	59.460000000000015	178.63
362	39	1	160.33867735470966	183.57314629258508
362	40	1	9.736000000000006	25.172000000000025
362	41	1	102.71199999999999	162.40199999999993
362	42	1	45.929859719438895	188.7374749498999
362	43	1	22.91	91.54799999999997
362	44	1	69.40918163672654	160.20558882235534
362	45	1	39.7174348697395	105.17234468937875
363	1	2	4.927999999999999	4.604000000000001
363	2	2	4.9999999999999964	45
363	3	2	5.103999999999996	85.01200000000003
363	4	2	4.9999999999999964	125.00000000000003
363	5	2	4.9999999999999964	165.00000000000009
363	6	2	45.00000000000003	5.000000000000002
363	7	2	45.00000000000002	45.29999999999999
363	8	2	45.86799999999999	85.59599999999999
363	9	2	45.00000000000003	124.99999999999997
363	10	2	44.708000000000006	164.88799999999992
363	11	2	84.944	5.036000000000003
363	12	2	84.99999999999997	45.00000000000002
363	13	2	85.36625514403288	85.38683127572016
363	14	2	85.36051502145926	125.70386266094418
363	15	2	85.23999999999994	165.04399999999987
363	16	2	125.58333333333334	6.666666666666667
363	17	2	124.89200000000001	45.011999999999986
363	18	2	125.10800000000002	85.01999999999997
363	19	2	124.99600000000004	125.09999999999997
363	20	2	125.64400000000002	164.62800000000001
363	21	2	165.33600000000004	5.108
363	22	2	164.99999999999994	45.00000000000002
363	23	2	164.99999999999994	84.99999999999997
363	24	2	164.86799999999997	125.09599999999999
363	25	2	164.3235294117647	164.5882352941177
363	26	1	50.99800399201596	20.956087824351282
363	27	1	92.96800000000005	109.06000000000003
363	28	1	64.518	74.92799999999998
363	29	1	82.11000000000001	64.786
363	30	1	190.172	143.164
363	31	1	118.59880239520955	145.21756487025965
363	32	1	16.764000000000006	111.39399999999998
363	33	1	118.01402805611227	181.21242484969946
363	34	1	178.1457085828344	150.10179640718553
363	35	1	142.17165668662676	154.9081836327345
363	36	1	146.09000000000026	197.10199999999998
363	37	1	137.7839999999999	177.8600000000001
363	38	1	59.52000000000002	178.6160000000001
363	39	1	160.34530938123757	183.4291417165668
363	40	1	9.610000000000008	25.176000000000005
363	41	1	102.66200000000002	162.45399999999995
363	42	1	45.981999999999985	188.68799999999993
363	43	1	23.063872255489034	91.48902195608784
363	44	1	69.43113772455084	160.29341317365265
363	45	1	39.636	105.26199999999997
364	1	2	4.927999999999999	4.604000000000001
364	2	2	4.9999999999999964	45
364	3	2	5.103999999999996	85.01200000000003
364	4	2	4.9999999999999964	125.00000000000003
364	5	2	4.9999999999999964	165.00000000000009
364	6	2	45.00000000000003	5.000000000000002
364	7	2	45.00000000000002	45.29999999999999
364	8	2	45.86799999999999	85.59599999999999
364	9	2	45.00000000000003	124.99999999999997
364	10	2	44.708000000000006	164.88799999999992
364	11	2	84.944	5.036000000000003
364	12	2	84.99999999999997	45.00000000000002
364	13	2	85.36625514403288	85.38683127572016
364	14	2	85.36051502145926	125.70386266094418
364	15	2	85.23999999999994	165.04399999999987
364	16	2	125.58333333333334	6.666666666666667
364	17	2	124.89200000000001	45.011999999999986
364	18	2	125.10800000000002	85.01999999999997
364	19	2	124.99600000000004	125.09999999999997
364	20	2	125.64400000000002	164.62800000000001
364	21	2	165.33600000000004	5.108
364	22	2	164.99999999999994	45.00000000000002
364	23	2	164.99999999999994	84.99999999999997
364	24	2	164.86799999999997	125.09599999999999
364	25	2	164.3235294117647	164.5882352941177
364	26	1	50.91017964071861	21.133732534930143
364	27	1	93.01996007984035	109.07185628742513
364	28	1	64.52495009980045	75.0279441117765
364	29	1	82.04590818363276	64.76646706586826
364	30	1	190.254	143.19399999999982
364	31	1	118.56999999999998	145.26400000000004
364	32	1	16.528942115768462	111.23353293413177
364	33	1	118.12400000000008	181.294
364	34	1	178.12400000000008	150.06200000000004
364	35	1	142.14770459081845	154.79840319361278
364	36	1	146.13000000000008	197.09600000000003
364	37	1	137.80638722554892	177.79640718562862
364	38	1	59.547999999999995	178.58800000000014
364	39	1	160.2985971943888	183.2064128256514
364	40	1	9.562000000000006	25.190000000000012
364	41	1	102.59281437125739	162.44510978043903
364	42	1	46.083832335329376	188.72654690618765
364	43	1	23.20958083832336	91.42914171656689
364	44	1	69.49301397205582	160.39920159680636
364	45	1	39.502994011976035	105.37325349301402
365	1	2	4.927999999999999	4.604000000000001
365	2	2	4.9999999999999964	45
365	3	2	5.103999999999996	85.01200000000003
365	4	2	4.9999999999999964	125.00000000000003
365	5	2	4.9999999999999964	165.00000000000009
365	6	2	45.00000000000003	5.000000000000002
365	7	2	45.00000000000002	45.29999999999999
365	8	2	45.86799999999999	85.59599999999999
365	9	2	45.00000000000003	124.99999999999997
365	10	2	44.708000000000006	164.88799999999992
365	11	2	84.944	5.036000000000003
365	12	2	84.99999999999997	45.00000000000002
365	13	2	85.36625514403288	85.38683127572016
365	14	2	85.36051502145926	125.70386266094418
365	15	2	85.23999999999994	165.04399999999987
365	16	2	125.58333333333334	6.666666666666667
365	17	2	124.89200000000001	45.011999999999986
365	18	2	125.10800000000002	85.01999999999997
365	19	2	124.99600000000004	125.09999999999997
365	20	2	125.64400000000002	164.62800000000001
365	21	2	165.33600000000004	5.108
365	22	2	164.99999999999994	45.00000000000002
365	23	2	164.99999999999994	84.99999999999997
365	24	2	164.86799999999997	125.09599999999999
365	25	2	164.3235294117647	164.5882352941177
365	26	1	50.89599999999999	21.22800000000001
365	27	1	92.90019960079839	109.14570858283437
365	28	1	64.57684630738518	75.1177644710579
365	29	1	82.07999999999991	64.81799999999998
365	30	1	190.254	143.19399999999982
365	31	1	118.40681362725452	145.24048096192382
365	32	1	16.55289421157684	111.25149700598801
365	33	1	118.148	181.3359999999998
365	34	1	178.05988023952085	149.99800399201598
365	35	1	141.934	154.79400000000015
365	36	1	146.11599999999996	197.05400000000023
365	37	1	137.75648702594793	177.80439121756498
365	38	1	59.60400000000002	178.52599999999984
365	39	1	160.22600000000008	183.1719999999999
365	40	1	9.431999999999999	25.222000000000005
365	41	1	102.54399999999998	162.51000000000005
365	42	1	46.15399999999998	188.73600000000016
365	43	1	23.291417165668673	91.41916167664671
365	44	1	69.65069860279438	160.54890219560872
365	45	1	39.327999999999975	105.54799999999999
366	1	2	4.927999999999999	4.604000000000001
366	2	2	4.9999999999999964	45
366	3	2	5.103999999999996	85.01200000000003
366	4	2	4.9999999999999964	125.00000000000003
366	5	2	4.9999999999999964	165.00000000000009
366	6	2	45.00000000000003	5.000000000000002
366	7	2	45.00000000000002	45.29999999999999
366	8	2	45.86799999999999	85.59599999999999
366	9	2	45.00000000000003	124.99999999999997
366	10	2	44.708000000000006	164.88799999999992
366	11	2	84.944	5.036000000000003
366	12	2	84.99999999999997	45.00000000000002
366	13	2	85.36625514403288	85.38683127572016
366	14	2	85.36051502145926	125.70386266094418
366	15	2	85.23999999999994	165.04399999999987
366	16	2	125.58333333333334	6.666666666666667
366	17	2	124.89200000000001	45.011999999999986
366	18	2	125.10800000000002	85.01999999999997
366	19	2	124.99600000000004	125.09999999999997
366	20	2	125.64400000000002	164.62800000000001
366	21	2	165.33600000000004	5.108
366	22	2	164.99999999999994	45.00000000000002
366	23	2	164.99999999999994	84.99999999999997
366	24	2	164.86799999999997	125.09599999999999
366	25	2	164.3235294117647	164.5882352941177
366	26	1	50.830000000000034	21.4
366	27	1	92.94810379241517	109.1796407185629
366	28	1	64.6027944111777	75.26546906187625
366	29	1	81.89221556886226	64.74650698602798
366	30	1	190.21	143.13399999999993
366	31	1	118.2649402390438	145.23107569721105
366	32	1	16.520958083832333	111.20558882235527
366	33	1	118.25948103792419	181.40518962075853
366	34	1	178.1516966067864	150.0998003992015
366	35	1	141.87600000000012	154.78800000000007
366	36	1	146.23752495009973	197.0219560878242
366	37	1	137.75800000000012	177.82399999999996
366	38	1	59.63672654690618	178.46107784431152
366	39	1	160.27599999999998	183.11400000000003
366	40	1	9.443113772455096	25.17165668662678
366	41	1	102.48599999999996	162.62000000000012
366	42	1	46.26347305389224	188.83033932135737
366	43	1	23.404	91.40600000000003
366	44	1	69.72255489021946	160.63473053892213
366	45	1	39.227544910179596	105.69261477045909
367	1	2	4.927999999999999	4.604000000000001
367	2	2	4.9999999999999964	45
367	3	2	5.103999999999996	85.01200000000003
367	4	2	4.9999999999999964	125.00000000000003
367	5	2	4.9999999999999964	165.00000000000009
367	6	2	45.00000000000003	5.000000000000002
367	7	2	45.00000000000002	45.29999999999999
367	8	2	45.86799999999999	85.59599999999999
367	9	2	45.00000000000003	124.99999999999997
367	10	2	44.708000000000006	164.88799999999992
367	11	2	84.944	5.036000000000003
367	12	2	84.99999999999997	45.00000000000002
367	13	2	85.36625514403288	85.38683127572016
367	14	2	85.36051502145926	125.70386266094418
367	15	2	85.23999999999994	165.04399999999987
367	16	2	125.58333333333334	6.666666666666667
367	17	2	124.89200000000001	45.011999999999986
367	18	2	125.10800000000002	85.01999999999997
367	19	2	124.99600000000004	125.09999999999997
367	20	2	125.64400000000002	164.62800000000001
367	21	2	165.33600000000004	5.108
367	22	2	164.99999999999994	45.00000000000002
367	23	2	164.99999999999994	84.99999999999997
367	24	2	164.86799999999997	125.09599999999999
367	25	2	164.3235294117647	164.5882352941177
367	26	1	50.76199999999998	21.590000000000007
367	27	1	92.98800000000001	109.25399999999998
367	28	1	64.61155378486049	75.39243027888449
367	29	1	81.68063872255482	64.64271457085832
367	30	1	190.156	143.11400000000003
367	31	1	118.25800000000005	145.2440000000002
367	32	1	16.610000000000003	111.22199999999991
367	33	1	118.35728542914171	181.41317365269455
367	34	1	178.13572854291425	150.10778443113765
367	35	1	141.76	154.74999999999986
367	36	1	146.25000000000006	196.90200000000002
367	37	1	137.75	177.85400000000004
367	38	1	59.726546906187615	178.36327345309385
367	39	1	160.33133732534952	183.1576846307385
367	40	1	9.4311377245509	25.14570858283431
367	41	1	102.45508982035935	162.68463073852305
367	42	1	46.45508982035927	188.9281437125747
367	43	1	23.465069860279424	91.43113772455095
367	44	1	69.87450199203181	160.73107569721117
367	45	1	39.28600000000004	105.808
368	1	2	4.927999999999999	4.604000000000001
368	2	2	4.9999999999999964	45
368	3	2	5.103999999999996	85.01200000000003
368	4	2	4.9999999999999964	125.00000000000003
368	5	2	4.9999999999999964	165.00000000000009
368	6	2	45.00000000000003	5.000000000000002
368	7	2	45.00000000000002	45.29999999999999
368	8	2	45.86799999999999	85.59599999999999
368	9	2	45.00000000000003	124.99999999999997
368	10	2	44.708000000000006	164.88799999999992
368	11	2	84.944	5.036000000000003
368	12	2	84.99999999999997	45.00000000000002
368	13	2	85.36625514403288	85.38683127572016
368	14	2	85.36051502145926	125.70386266094418
368	15	2	85.23999999999994	165.04399999999987
368	16	2	125.58333333333334	6.666666666666667
368	17	2	124.89200000000001	45.011999999999986
368	18	2	125.10800000000002	85.01999999999997
368	19	2	124.99600000000004	125.09999999999997
368	20	2	125.64400000000002	164.62800000000001
368	21	2	165.33600000000004	5.108
368	22	2	164.99999999999994	45.00000000000002
368	23	2	164.99999999999994	84.99999999999997
368	24	2	164.86799999999997	125.09599999999999
368	25	2	164.3235294117647	164.5882352941177
368	26	1	50.72799999999997	21.691999999999975
368	27	1	92.95799999999993	109.21400000000007
368	28	1	64.73253493013969	75.43712574850295
368	29	1	81.69061876247505	64.63672654690623
368	30	1	190.10578842315368	143.0379241516966
368	31	1	118.20359281437119	145.35528942115772
368	32	1	16.54291417165669	111.14970059880233
368	33	1	118.36653386454188	181.43824701195211
368	34	1	178.06586826347313	150.01996007984013
368	35	1	141.8176352705411	154.73947895791585
368	36	1	146.29540918163664	196.8622754491018
368	37	1	137.6539999999999	177.92400000000026
368	38	1	59.73253493013969	178.29940119760477
368	39	1	160.25948103792405	183.08582834331347
368	40	1	9.360557768924295	25.157370517928275
368	41	1	102.35928143712574	162.66067864271446
368	42	1	46.60678642714572	188.99201596806398
368	43	1	23.650000000000016	91.41600000000003
368	44	1	69.99001996007985	160.7864271457087
368	45	1	39.22600000000005	105.95199999999991
369	1	2	4.927999999999999	4.604000000000001
369	2	2	4.9999999999999964	45
369	3	2	5.103999999999996	85.01200000000003
369	4	2	4.9999999999999964	125.00000000000003
369	5	2	4.9999999999999964	165.00000000000009
369	6	2	45.00000000000003	5.000000000000002
369	7	2	45.00000000000002	45.29999999999999
369	8	2	45.86799999999999	85.59599999999999
369	9	2	45.00000000000003	124.99999999999997
369	10	2	44.708000000000006	164.88799999999992
369	11	2	84.944	5.036000000000003
369	12	2	84.99999999999997	45.00000000000002
369	13	2	85.36625514403288	85.38683127572016
369	14	2	85.36051502145926	125.70386266094418
369	15	2	85.23999999999994	165.04399999999987
369	16	2	125.58333333333334	6.666666666666667
369	17	2	124.89200000000001	45.011999999999986
369	18	2	125.10800000000002	85.01999999999997
369	19	2	124.99600000000004	125.09999999999997
369	20	2	125.64400000000002	164.62800000000001
369	21	2	165.33600000000004	5.108
369	22	2	164.99999999999994	45.00000000000002
369	23	2	164.99999999999994	84.99999999999997
369	24	2	164.86799999999997	125.09599999999999
369	25	2	164.3235294117647	164.5882352941177
369	26	1	50.64471057884232	21.81636726546908
369	27	1	93.096	109.26
369	28	1	64.85229540918165	75.56087824351293
369	29	1	81.54291417165669	64.6007984031937
369	30	1	190.02994011976048	143.00199600798427
369	31	1	118.13772455089813	145.39520958083835
369	32	1	16.56087824351298	111.10379241516947
369	33	1	118.55888223552884	181.4790419161676
369	34	1	178.05389221556874	150.06986027944117
369	35	1	141.8223552894213	154.65269461077847
369	36	1	146.3119999999998	196.91600000000003
369	37	1	137.70459081836322	177.93213572854293
369	38	1	59.682000000000016	178.2200000000001
369	39	1	160.1820000000002	183.14600000000013
369	40	1	9.381237524950095	25.151696606786427
369	41	1	102.29199999999996	162.762
369	42	1	46.868263473053844	189.10978043912164
369	43	1	23.786427145708583	91.2634730538922
369	44	1	70.09181636726545	160.88622754491016
369	45	1	39.117764471057846	106.00598802395211
370	1	2	4.927999999999999	4.604000000000001
370	2	2	4.9999999999999964	45
370	3	2	5.103999999999996	85.01200000000003
370	4	2	4.9999999999999964	125.00000000000003
370	5	2	4.9999999999999964	165.00000000000009
370	6	2	45.00000000000003	5.000000000000002
370	7	2	45.00000000000002	45.29999999999999
370	8	2	45.86799999999999	85.59599999999999
370	9	2	45.00000000000003	124.99999999999997
370	10	2	44.708000000000006	164.88799999999992
370	11	2	84.944	5.036000000000003
370	12	2	84.99999999999997	45.00000000000002
370	13	2	85.36625514403288	85.38683127572016
370	14	2	85.36051502145926	125.70386266094418
370	15	2	85.23999999999994	165.04399999999987
370	16	2	125.58333333333334	6.666666666666667
370	17	2	124.89200000000001	45.011999999999986
370	18	2	125.10800000000002	85.01999999999997
370	19	2	124.99600000000004	125.09999999999997
370	20	2	125.64400000000002	164.62800000000001
370	21	2	165.33600000000004	5.108
370	22	2	164.99999999999994	45.00000000000002
370	23	2	164.99999999999994	84.99999999999997
370	24	2	164.86799999999997	125.09599999999999
370	25	2	164.3235294117647	164.5882352941177
370	26	1	50.55688622754494	22.00598802395211
370	27	1	93.02799999999998	109.258
370	28	1	64.86	75.62799999999999
370	29	1	81.50999999999993	64.59799999999997
370	30	1	190.10999999999999	142.9839999999999
370	31	1	118.03200000000011	145.41199999999986
370	32	1	16.551102204408824	111.07014028056109
370	33	1	118.644	181.50999999999996
370	34	1	178.08383233532928	150.06786427145704
370	35	1	141.79400000000012	154.63400000000007
370	36	1	146.30200000000008	196.95600000000007
370	37	1	137.6806387225548	177.98403193612776
370	38	1	59.67399999999997	178.21400000000003
370	39	1	160.07199999999995	183.10399999999993
370	40	1	9.443999999999996	25.113999999999994
370	41	1	102.25599999999999	162.77200000000002
370	42	1	47.00199999999996	189.17
370	43	1	23.912000000000003	91.28400000000003
370	44	1	70.08399999999995	161.0180000000001
370	45	1	39.06187624750494	106.10778443113774
371	1	2	4.927999999999999	4.604000000000001
371	2	2	4.9999999999999964	45
371	3	2	5.103999999999996	85.01200000000003
371	4	2	4.9999999999999964	125.00000000000003
371	5	2	4.9999999999999964	165.00000000000009
371	6	2	45.00000000000003	5.000000000000002
371	7	2	45.00000000000002	45.29999999999999
371	8	2	45.86799999999999	85.59599999999999
371	9	2	45.00000000000003	124.99999999999997
371	10	2	44.708000000000006	164.88799999999992
371	11	2	84.944	5.036000000000003
371	12	2	84.99999999999997	45.00000000000002
371	13	2	85.36625514403288	85.38683127572016
371	14	2	85.36051502145926	125.70386266094418
371	15	2	85.23999999999994	165.04399999999987
371	16	2	125.58333333333334	6.666666666666667
371	17	2	124.89200000000001	45.011999999999986
371	18	2	125.10800000000002	85.01999999999997
371	19	2	124.99600000000004	125.09999999999997
371	20	2	125.64400000000002	164.62800000000001
371	21	2	165.33600000000004	5.108
371	22	2	164.99999999999994	45.00000000000002
371	23	2	164.99999999999994	84.99999999999997
371	24	2	164.86799999999997	125.09599999999999
371	25	2	164.3235294117647	164.5882352941177
371	26	1	50.60678642714573	21.986027944111775
371	27	1	92.89378757515034	109.27655310621243
371	28	1	64.90618762475052	75.64471057884236
371	29	1	81.38199999999999	64.54599999999995
371	30	1	190.08800000000002	142.93399999999997
371	31	1	117.90000000000006	145.45199999999983
371	32	1	16.482965931863724	110.95991983967932
371	33	1	118.71057884231526	181.6586826347305
371	34	1	178.0479041916168	150.00199600798408
371	35	1	141.7125748502995	154.61676646706587
371	36	1	146.21600000000004	196.94199999999995
371	37	1	137.60399999999987	178.01599999999996
371	38	1	59.73200000000001	178.09800000000018
371	39	1	159.9539999999999	183.10200000000006
371	40	1	9.401197604790424	25.08982035928144
371	41	1	102.19361277445103	162.77045908183638
371	42	1	47.20758483033936	189.14570858283423
371	43	1	24.027999999999995	91.23799999999991
371	44	1	70.07600000000001	161.16399999999996
371	45	1	39.009980039920144	106.23952095808383
372	1	2	4.927999999999999	4.604000000000001
372	2	2	4.9999999999999964	45
372	3	2	5.103999999999996	85.01200000000003
372	4	2	4.9999999999999964	125.00000000000003
372	5	2	4.9999999999999964	165.00000000000009
372	6	2	45.00000000000003	5.000000000000002
372	7	2	45.00000000000002	45.29999999999999
372	8	2	45.86799999999999	85.59599999999999
372	9	2	45.00000000000003	124.99999999999997
372	10	2	44.708000000000006	164.88799999999992
372	11	2	84.944	5.036000000000003
372	12	2	84.99999999999997	45.00000000000002
372	13	2	85.36625514403288	85.38683127572016
372	14	2	85.36051502145926	125.70386266094418
372	15	2	85.23999999999994	165.04399999999987
372	16	2	125.58333333333334	6.666666666666667
372	17	2	124.89200000000001	45.011999999999986
372	18	2	125.10800000000002	85.01999999999997
372	19	2	124.99600000000004	125.09999999999997
372	20	2	125.64400000000002	164.62800000000001
372	21	2	165.33600000000004	5.108
372	22	2	164.99999999999994	45.00000000000002
372	23	2	164.99999999999994	84.99999999999997
372	24	2	164.86799999999997	125.09599999999999
372	25	2	164.3235294117647	164.5882352941177
372	26	1	50.604790419161695	22.00000000000002
372	27	1	92.84769539078154	109.28056112224456
372	28	1	64.94600000000004	75.728
372	29	1	81.35129740518973	64.60279441117767
372	30	1	190.028	142.812
372	31	1	117.91616766467065	145.46506986027939
372	32	1	16.53892215568862	110.90419161676647
372	33	1	118.67799999999997	181.70999999999972
372	34	1	178.23400000000004	150.0479999999999
372	35	1	141.72999999999993	154.58399999999992
372	36	1	146.21799999999996	196.91199999999998
372	37	1	137.54690618762493	177.9920159680638
372	38	1	59.732000000000006	178.1180000000001
372	39	1	159.8942115768462	183.0958083832336
372	40	1	9.3433133732535	25.107784431137727
372	41	1	102.16766467065867	162.81836327345312
372	42	1	47.24151696606782	189.1756487025949
372	43	1	24.165668662674648	91.2155688622754
372	44	1	70.04990019960069	161.2195608782436
372	45	1	38.942000000000014	106.48200000000003
373	1	2	4.927999999999999	4.604000000000001
373	2	2	4.9999999999999964	45
373	3	2	5.103999999999996	85.01200000000003
373	4	2	4.9999999999999964	125.00000000000003
373	5	2	4.9999999999999964	165.00000000000009
373	6	2	45.00000000000003	5.000000000000002
373	7	2	45.00000000000002	45.29999999999999
373	8	2	45.86799999999999	85.59599999999999
373	9	2	45.00000000000003	124.99999999999997
373	10	2	44.708000000000006	164.88799999999992
373	11	2	84.944	5.036000000000003
373	12	2	84.99999999999997	45.00000000000002
373	13	2	85.36625514403288	85.38683127572016
373	14	2	85.36051502145926	125.70386266094418
373	15	2	85.23999999999994	165.04399999999987
373	16	2	125.58333333333334	6.666666666666667
373	17	2	124.89200000000001	45.011999999999986
373	18	2	125.10800000000002	85.01999999999997
373	19	2	124.99600000000004	125.09999999999997
373	20	2	125.64400000000002	164.62800000000001
373	21	2	165.33600000000004	5.108
373	22	2	164.99999999999994	45.00000000000002
373	23	2	164.99999999999994	84.99999999999997
373	24	2	164.86799999999997	125.09599999999999
373	25	2	164.3235294117647	164.5882352941177
373	26	1	50.44599999999997	22.275999999999968
373	27	1	92.8023952095808	109.27744510978043
373	28	1	64.93812375249493	75.878243512974
373	29	1	81.22155688622756	64.51297405189622
373	30	1	190.016	142.74799999999988
373	31	1	117.84399999999997	145.5680000000001
373	32	1	16.52894211576846	110.74251497005979
373	33	1	118.75848303393212	181.81037924151707
373	34	1	178.30400000000003	150.07000000000008
373	35	1	141.74650698602792	154.6167664670658
373	36	1	146.1876247504991	196.95409181636725
373	37	1	137.46000000000006	178.09400000000002
373	38	1	59.69599999999999	177.94000000000014
373	39	1	159.75648702594796	183.08782435129754
373	40	1	9.313999999999995	25.048000000000005
373	41	1	102.09580838323338	162.8882235528941
373	42	1	47.53306613226454	189.32064128256516
373	43	1	24.245508982035926	91.13173652694618
373	44	1	70.16566866267473	161.1656686626748
373	45	1	38.88800000000005	106.53399999999998
374	1	2	4.927999999999999	4.604000000000001
374	2	2	4.9999999999999964	45
374	3	2	5.103999999999996	85.01200000000003
374	4	2	4.9999999999999964	125.00000000000003
374	5	2	4.9999999999999964	165.00000000000009
374	6	2	45.00000000000003	5.000000000000002
374	7	2	45.00000000000002	45.29999999999999
374	8	2	45.86799999999999	85.59599999999999
374	9	2	45.00000000000003	124.99999999999997
374	10	2	44.708000000000006	164.88799999999992
374	11	2	84.944	5.036000000000003
374	12	2	84.99999999999997	45.00000000000002
374	13	2	85.36625514403288	85.38683127572016
374	14	2	85.36051502145926	125.70386266094418
374	15	2	85.23999999999994	165.04399999999987
374	16	2	125.58333333333334	6.666666666666667
374	17	2	124.89200000000001	45.011999999999986
374	18	2	125.10800000000002	85.01999999999997
374	19	2	124.99600000000004	125.09999999999997
374	20	2	125.64400000000002	164.62800000000001
374	21	2	165.33600000000004	5.108
374	22	2	164.99999999999994	45.00000000000002
374	23	2	164.99999999999994	84.99999999999997
374	24	2	164.86799999999997	125.09599999999999
374	25	2	164.3235294117647	164.5882352941177
374	26	1	50.375249500998024	22.491017964071865
374	27	1	92.7640000000001	109.34399999999991
374	28	1	65.05799999999999	75.97800000000005
374	29	1	81.18962075848309	64.47305389221555
374	30	1	190.07784431137725	142.7844311377245
374	31	1	117.8147410358566	145.5498007968127
374	32	1	16.60479041916168	110.76646706586828
374	33	1	118.81037924151704	181.8323353293413
374	34	1	178.31663326653313	150.0501002004009
374	35	1	141.7319999999998	154.60600000000005
374	36	1	146.2679999999999	196.9120000000001
374	37	1	137.40199999999984	178.11200000000002
374	38	1	59.69000000000001	177.9079999999999
374	39	1	159.71599999999998	183.08399999999992
374	40	1	9.316733067729086	24.922310756972102
374	41	1	102.03199999999994	162.88199999999998
374	42	1	47.51497005988021	189.38123752495
374	43	1	24.28143712574848	91.22954091816362
374	44	1	70.20958083832332	161.31736526946096
374	45	1	38.8857715430862	106.66933867735479
375	1	2	4.927999999999999	4.604000000000001
375	2	2	4.9999999999999964	45
375	3	2	5.103999999999996	85.01200000000003
375	4	2	4.9999999999999964	125.00000000000003
375	5	2	4.9999999999999964	165.00000000000009
375	6	2	45.00000000000003	5.000000000000002
375	7	2	45.00000000000002	45.29999999999999
375	8	2	45.86799999999999	85.59599999999999
375	9	2	45.00000000000003	124.99999999999997
375	10	2	44.708000000000006	164.88799999999992
375	11	2	84.944	5.036000000000003
375	12	2	84.99999999999997	45.00000000000002
375	13	2	85.36625514403288	85.38683127572016
375	14	2	85.36051502145926	125.70386266094418
375	15	2	85.23999999999994	165.04399999999987
375	16	2	125.58333333333334	6.666666666666667
375	17	2	124.89200000000001	45.011999999999986
375	18	2	125.10800000000002	85.01999999999997
375	19	2	124.99600000000004	125.09999999999997
375	20	2	125.64400000000002	164.62800000000001
375	21	2	165.33600000000004	5.108
375	22	2	164.99999999999994	45.00000000000002
375	23	2	164.99999999999994	84.99999999999997
375	24	2	164.86799999999997	125.09599999999999
375	25	2	164.3235294117647	164.5882352941177
375	26	1	50.391999999999996	22.477999999999994
375	27	1	92.71999999999998	109.38800000000006
375	28	1	65.07800000000002	76.15799999999999
375	29	1	81.13799999999998	64.48799999999999
375	30	1	190.03992015968063	142.72854291417158
375	31	1	117.72055888223555	145.58682634730548
375	32	1	16.568862275449106	110.71856287425156
375	33	1	118.90800000000006	181.896
375	34	1	178.3293413173653	150.03792415169647
375	35	1	141.76646706586823	154.5648702594812
375	36	1	146.30538922155694	196.88223552894237
375	37	1	137.39799999999997	178.06800000000013
375	38	1	59.77800000000004	177.85000000000002
375	39	1	159.7019999999999	183.1139999999999
375	40	1	9.262	24.815999999999995
375	41	1	102.06187624750486	162.97005988023946
375	42	1	47.66267465069859	189.29341317365274
375	43	1	24.328000000000007	91.30399999999989
375	44	1	70.332	161.54800000000003
375	45	1	38.91017964071854	106.79241516966067
376	1	2	4.927999999999999	4.604000000000001
376	2	2	4.9999999999999964	45
376	3	2	5.103999999999996	85.01200000000003
376	4	2	4.9999999999999964	125.00000000000003
376	5	2	4.9999999999999964	165.00000000000009
376	6	2	45.00000000000003	5.000000000000002
376	7	2	45.00000000000002	45.29999999999999
376	8	2	45.86799999999999	85.59599999999999
376	9	2	45.00000000000003	124.99999999999997
376	10	2	44.708000000000006	164.88799999999992
376	11	2	84.944	5.036000000000003
376	12	2	84.99999999999997	45.00000000000002
376	13	2	85.36625514403288	85.38683127572016
376	14	2	85.36051502145926	125.70386266094418
376	15	2	85.23999999999994	165.04399999999987
376	16	2	125.58333333333334	6.666666666666667
376	17	2	124.89200000000001	45.011999999999986
376	18	2	125.10800000000002	85.01999999999997
376	19	2	124.99600000000004	125.09999999999997
376	20	2	125.64400000000002	164.62800000000001
376	21	2	165.33600000000004	5.108
376	22	2	164.99999999999994	45.00000000000002
376	23	2	164.99999999999994	84.99999999999997
376	24	2	164.86799999999997	125.09599999999999
376	25	2	164.3235294117647	164.5882352941177
376	26	1	50.38600000000001	22.502000000000002
376	27	1	92.50499001996005	109.38722554890221
376	28	1	65.04999999999997	76.35399999999996
376	29	1	81.06573705179285	64.54382470119522
376	30	1	190.038	142.71199999999993
376	31	1	117.57485029940122	145.63872255489014
376	32	1	16.39399999999999	110.59800000000011
376	33	1	118.98999999999994	182.06000000000006
376	34	1	178.35329341317376	150.06986027944106
376	35	1	141.758	154.48400000000007
376	36	1	146.31736526946113	196.8403193612773
376	37	1	137.36000000000007	178.00600000000017
376	38	1	59.73199999999998	177.8480000000001
376	39	1	159.59281437125742	183.02794411177643
376	40	1	9.151394422310755	24.80478087649403
376	41	1	102.02195608782434	163.11177644710588
376	42	1	47.650698602794435	189.32934131736545
376	43	1	24.40600000000001	91.32200000000002
376	44	1	70.28799999999997	161.64199999999994
376	45	1	38.782435129740506	106.9680638722554
377	1	2	4.927999999999999	4.604000000000001
377	2	2	4.9999999999999964	45
377	3	2	5.103999999999996	85.01200000000003
377	4	2	4.9999999999999964	125.00000000000003
377	5	2	4.9999999999999964	165.00000000000009
377	6	2	45.00000000000003	5.000000000000002
377	7	2	45.00000000000002	45.29999999999999
377	8	2	45.86799999999999	85.59599999999999
377	9	2	45.00000000000003	124.99999999999997
377	10	2	44.708000000000006	164.88799999999992
377	11	2	84.944	5.036000000000003
377	12	2	84.99999999999997	45.00000000000002
377	13	2	85.36625514403288	85.38683127572016
377	14	2	85.36051502145926	125.70386266094418
377	15	2	85.23999999999994	165.04399999999987
377	16	2	125.58333333333334	6.666666666666667
377	17	2	124.89200000000001	45.011999999999986
377	18	2	125.10800000000002	85.01999999999997
377	19	2	124.99600000000004	125.09999999999997
377	20	2	125.64400000000002	164.62800000000001
377	21	2	165.33600000000004	5.108
377	22	2	164.99999999999994	45.00000000000002
377	23	2	164.99999999999994	84.99999999999997
377	24	2	164.86799999999997	125.09599999999999
377	25	2	164.3235294117647	164.5882352941177
377	26	1	50.18562874251497	22.608782435129744
377	27	1	92.44199999999996	109.43999999999998
377	28	1	65.12574850299404	76.40119760479043
377	29	1	80.96599999999997	64.52199999999998
377	30	1	189.97205588822354	142.62075848303397
377	31	1	117.50399999999989	145.57599999999996
377	32	1	16.316000000000003	110.46800000000002
377	33	1	119.0499001996008	181.9720558882235
377	34	1	178.39799999999997	150.09600000000003
377	35	1	141.71799999999993	154.42799999999988
377	36	1	146.3386773547096	196.73747494989976
377	37	1	137.29199999999997	178.0579999999999
377	38	1	59.70400000000004	177.782
377	39	1	159.51896207584832	183.00798403193605
377	40	1	8.988023952095821	24.660678642714576
377	41	1	101.99600000000004	163.112
377	42	1	47.86427145708579	189.46906187624757
377	43	1	24.498000000000008	91.34199999999996
377	44	1	70.46906187624757	161.77045908183638
377	45	1	38.64271457085825	107.1856287425151
378	1	2	4.927999999999999	4.604000000000001
378	2	2	4.9999999999999964	45
378	3	2	5.103999999999996	85.01200000000003
378	4	2	4.9999999999999964	125.00000000000003
378	5	2	4.9999999999999964	165.00000000000009
378	6	2	45.00000000000003	5.000000000000002
378	7	2	45.00000000000002	45.29999999999999
378	8	2	45.86799999999999	85.59599999999999
378	9	2	45.00000000000003	124.99999999999997
378	10	2	44.708000000000006	164.88799999999992
378	11	2	84.944	5.036000000000003
378	12	2	84.99999999999997	45.00000000000002
378	13	2	85.36625514403288	85.38683127572016
378	14	2	85.36051502145926	125.70386266094418
378	15	2	85.23999999999994	165.04399999999987
378	16	2	125.58333333333334	6.666666666666667
378	17	2	124.89200000000001	45.011999999999986
378	18	2	125.10800000000002	85.01999999999997
378	19	2	124.99600000000004	125.09999999999997
378	20	2	125.64400000000002	164.62800000000001
378	21	2	165.33600000000004	5.108
378	22	2	164.99999999999994	45.00000000000002
378	23	2	164.99999999999994	84.99999999999997
378	24	2	164.86799999999997	125.09599999999999
378	25	2	164.3235294117647	164.5882352941177
378	26	1	50.115768463073806	22.794411177644733
378	27	1	92.44910179640723	109.42714570858287
378	28	1	65.0878243512974	76.52495009980042
378	29	1	80.94400000000003	64.55400000000004
378	30	1	189.9321357285429	142.59481037924135
378	31	1	117.4148296593186	145.4689378757517
378	32	1	16.30079681274901	110.48804780876496
378	33	1	119.10399999999994	182.00399999999988
378	34	1	178.3899999999999	150.0600000000001
378	35	1	141.60999999999993	154.37200000000007
378	36	1	146.36926147704585	196.71257485029952
378	37	1	137.2594810379241	178.05988023952096
378	38	1	59.70119521912353	177.70119521912355
378	39	1	159.4910179640716	183.00598802395226
378	40	1	9.02794411177645	24.59481037924151
378	41	1	101.95599999999989	162.95400000000004
378	42	1	47.95209580838328	189.5908183632734
378	43	1	24.585999999999977	91.39599999999999
378	44	1	70.58600000000001	161.7900000000001
378	45	1	38.57599999999998	107.248
379	1	2	4.927999999999999	4.604000000000001
379	2	2	4.9999999999999964	45
379	3	2	5.103999999999996	85.01200000000003
379	4	2	4.9999999999999964	125.00000000000003
379	5	2	4.9999999999999964	165.00000000000009
379	6	2	45.00000000000003	5.000000000000002
379	7	2	45.00000000000002	45.29999999999999
379	8	2	45.86799999999999	85.59599999999999
379	9	2	45.00000000000003	124.99999999999997
379	10	2	44.708000000000006	164.88799999999992
379	11	2	84.944	5.036000000000003
379	12	2	84.99999999999997	45.00000000000002
379	13	2	85.36625514403288	85.38683127572016
379	14	2	85.36051502145926	125.70386266094418
379	15	2	85.23999999999994	165.04399999999987
379	16	2	125.58333333333334	6.666666666666667
379	17	2	124.89200000000001	45.011999999999986
379	18	2	125.10800000000002	85.01999999999997
379	19	2	124.99600000000004	125.09999999999997
379	20	2	125.64400000000002	164.62800000000001
379	21	2	165.33600000000004	5.108
379	22	2	164.99999999999994	45.00000000000002
379	23	2	164.99999999999994	84.99999999999997
379	24	2	164.86799999999997	125.09599999999999
379	25	2	164.3235294117647	164.5882352941177
379	26	1	49.97599999999999	22.89999999999999
379	27	1	92.3333333333334	109.46307385229527
379	28	1	65.26095617529889	76.66334661354581
379	29	1	80.88800000000003	64.51399999999997
379	30	1	189.97005988023952	142.5748502994013
379	31	1	117.34999999999995	145.4800000000001
379	32	1	16.21556886227546	110.39520958083835
379	33	1	119.17399999999992	182.0920000000002
379	34	1	178.44910179640715	150.04191616766465
379	35	1	141.61400000000006	154.34799999999998
379	36	1	146.32600000000008	196.592
379	37	1	137.1783567134269	178.04609218436877
379	38	1	59.67799999999996	177.724
379	39	1	159.41317365269464	182.9720558882236
379	40	1	8.984031936127751	24.65269461077845
379	41	1	101.9001996007984	163.08982035928162
379	42	1	47.98403193612778	189.6047904191616
379	43	1	24.634730538922142	91.42115768463077
379	44	1	70.604	162.0379999999998
379	45	1	38.45309381237531	107.43712574850292
380	1	2	4.927999999999999	4.604000000000001
380	2	2	4.9999999999999964	45
380	3	2	5.103999999999996	85.01200000000003
380	4	2	4.9999999999999964	125.00000000000003
380	5	2	4.9999999999999964	165.00000000000009
380	6	2	45.00000000000003	5.000000000000002
380	7	2	45.00000000000002	45.29999999999999
380	8	2	45.86799999999999	85.59599999999999
380	9	2	45.00000000000003	124.99999999999997
380	10	2	44.708000000000006	164.88799999999992
380	11	2	84.944	5.036000000000003
380	12	2	84.99999999999997	45.00000000000002
380	13	2	85.36625514403288	85.38683127572016
380	14	2	85.36051502145926	125.70386266094418
380	15	2	85.23999999999994	165.04399999999987
380	16	2	125.58333333333334	6.666666666666667
380	17	2	124.89200000000001	45.011999999999986
380	18	2	125.10800000000002	85.01999999999997
380	19	2	124.99600000000004	125.09999999999997
380	20	2	125.64400000000002	164.62800000000001
380	21	2	165.33600000000004	5.108
380	22	2	164.99999999999994	45.00000000000002
380	23	2	164.99999999999994	84.99999999999997
380	24	2	164.86799999999997	125.09599999999999
380	25	2	164.3235294117647	164.5882352941177
380	26	1	49.84800000000003	22.940000000000023
380	27	1	92.20159680638723	109.52495009980045
380	28	1	65.38123752495011	76.86626746506988
380	29	1	80.75199999999995	64.46200000000003
380	30	1	190.00400000000002	142.65200000000002
380	31	1	117.29341317365264	145.41317365269464
380	32	1	16.231536926147704	110.3592814371257
380	33	1	119.20717131474113	182.1553784860559
380	34	1	178.44311377245498	150.07584830339303
380	35	1	141.63200000000006	154.336
380	36	1	146.3527054108218	196.53507014028057
380	37	1	137.10800000000003	178.16799999999995
380	38	1	59.67999999999997	177.78599999999997
380	39	1	159.40319361277454	182.9181636726547
380	40	1	9.033999999999999	24.625999999999998
380	41	1	101.94599999999996	163.11800000000014
380	42	1	47.9780439121757	189.64071856287438
380	43	1	24.72854291417166	91.40918163672661
380	44	1	70.58400000000003	162.00600000000026
380	45	1	38.380478087649344	107.65338645418322
381	1	2	4.927999999999999	4.604000000000001
381	2	2	4.9999999999999964	45
381	3	2	5.103999999999996	85.01200000000003
381	4	2	4.9999999999999964	125.00000000000003
381	5	2	4.9999999999999964	165.00000000000009
381	6	2	45.00000000000003	5.000000000000002
381	7	2	45.00000000000002	45.29999999999999
381	8	2	45.86799999999999	85.59599999999999
381	9	2	45.00000000000003	124.99999999999997
381	10	2	44.708000000000006	164.88799999999992
381	11	2	84.944	5.036000000000003
381	12	2	84.99999999999997	45.00000000000002
381	13	2	85.36625514403288	85.38683127572016
381	14	2	85.36051502145926	125.70386266094418
381	15	2	85.23999999999994	165.04399999999987
381	16	2	125.58333333333334	6.666666666666667
381	17	2	124.89200000000001	45.011999999999986
381	18	2	125.10800000000002	85.01999999999997
381	19	2	124.99600000000004	125.09999999999997
381	20	2	125.64400000000002	164.62800000000001
381	21	2	165.33600000000004	5.108
381	22	2	164.99999999999994	45.00000000000002
381	23	2	164.99999999999994	84.99999999999997
381	24	2	164.86799999999997	125.09599999999999
381	25	2	164.3235294117647	164.5882352941177
381	26	1	49.737999999999964	22.927999999999997
381	27	1	92.02399999999999	109.59200000000007
381	28	1	65.40400000000005	76.91400000000003
381	29	1	80.7365269461078	64.4570858283433
381	30	1	190.01600000000002	142.63400000000004
381	31	1	117.1573705179282	145.56772908366537
381	32	1	16.108216432865724	110.2825651302605
381	33	1	119.24400000000007	182.0999999999999
381	34	1	178.2959999999999	150.01000000000005
381	35	1	141.59281437125742	154.24750499001988
381	36	1	146.39720558882232	196.47904191616766
381	37	1	137.0680000000001	178.12600000000012
381	38	1	59.69200000000002	177.62600000000003
381	39	1	159.3752495009979	182.84630738522958
381	40	1	9.031936127744515	24.660678642714554
381	41	1	101.87824351297412	163.1696606786425
381	42	1	47.99800796812748	189.61952191235054
381	43	1	24.814000000000004	91.51200000000004
381	44	1	70.65000000000002	162.03800000000015
381	45	1	38.2255489021956	107.87824351297404
382	1	2	4.927999999999999	4.604000000000001
382	2	2	4.9999999999999964	45
382	3	2	5.103999999999996	85.01200000000003
382	4	2	4.9999999999999964	125.00000000000003
382	5	2	4.9999999999999964	165.00000000000009
382	6	2	45.00000000000003	5.000000000000002
382	7	2	45.00000000000002	45.29999999999999
382	8	2	45.86799999999999	85.59599999999999
382	9	2	45.00000000000003	124.99999999999997
382	10	2	44.708000000000006	164.88799999999992
382	11	2	84.944	5.036000000000003
382	12	2	84.99999999999997	45.00000000000002
382	13	2	85.36625514403288	85.38683127572016
382	14	2	85.36051502145926	125.70386266094418
382	15	2	85.23999999999994	165.04399999999987
382	16	2	125.58333333333334	6.666666666666667
382	17	2	124.89200000000001	45.011999999999986
382	18	2	125.10800000000002	85.01999999999997
382	19	2	124.99600000000004	125.09999999999997
382	20	2	125.64400000000002	164.62800000000001
382	21	2	165.33600000000004	5.108
382	22	2	164.99999999999994	45.00000000000002
382	23	2	164.99999999999994	84.99999999999997
382	24	2	164.86799999999997	125.09599999999999
382	25	2	164.3235294117647	164.5882352941177
382	26	1	49.66399999999999	23.009999999999998
382	27	1	91.87000000000003	109.59399999999998
382	28	1	65.53493013972059	77.04990019960074
382	29	1	80.65999999999991	64.426
382	30	1	189.96606786427145	142.63473053892224
382	31	1	117.07815631262531	145.51302605210418
382	32	1	15.984	110.17800000000004
382	33	1	119.25400000000006	182.14399999999978
382	34	1	178.2180000000001	149.98199999999994
382	35	1	141.43399999999988	154.12399999999988
382	36	1	146.34530938123768	196.30938123752495
382	37	1	137.07185628742522	178.08383233532925
382	38	1	59.63473053892218	177.5748502994011
382	39	1	159.3532934131738	182.73053892215574
382	40	1	9.019960079840326	24.558882235528966
382	41	1	101.84462151394432	163.16135458167344
382	42	1	48.094	189.71200000000007
382	43	1	24.87425149700598	91.46307385229542
382	44	1	70.78642714570859	162.12774451097818
382	45	1	38.083832335329326	108.06586826347312
383	1	2	4.927999999999999	4.604000000000001
383	2	2	4.9999999999999964	45
383	3	2	5.103999999999996	85.01200000000003
383	4	2	4.9999999999999964	125.00000000000003
383	5	2	4.9999999999999964	165.00000000000009
383	6	2	45.00000000000003	5.000000000000002
383	7	2	45.00000000000002	45.29999999999999
383	8	2	45.86799999999999	85.59599999999999
383	9	2	45.00000000000003	124.99999999999997
383	10	2	44.708000000000006	164.88799999999992
383	11	2	84.944	5.036000000000003
383	12	2	84.99999999999997	45.00000000000002
383	13	2	85.36625514403288	85.38683127572016
383	14	2	85.36051502145926	125.70386266094418
383	15	2	85.23999999999994	165.04399999999987
383	16	2	125.58333333333334	6.666666666666667
383	17	2	124.89200000000001	45.011999999999986
383	18	2	125.10800000000002	85.01999999999997
383	19	2	124.99600000000004	125.09999999999997
383	20	2	125.64400000000002	164.62800000000001
383	21	2	165.33600000000004	5.108
383	22	2	164.99999999999994	45.00000000000002
383	23	2	164.99999999999994	84.99999999999997
383	24	2	164.86799999999997	125.09599999999999
383	25	2	164.3235294117647	164.5882352941177
383	26	1	49.614000000000004	23.157999999999983
383	27	1	91.82600000000004	109.61999999999999
383	28	1	65.642	77.07400000000005
383	29	1	80.52000000000002	64.42599999999997
383	30	1	189.8682634730539	142.5628742514971
383	31	1	117.02200000000005	145.48000000000002
383	32	1	15.920000000000003	110.14599999999993
383	33	1	119.21157684630745	182.16566866267468
383	34	1	178.24200000000002	150.09400000000008
383	35	1	141.2714570858283	154.09381237524934
383	36	1	146.396	196.262
383	37	1	136.9741035856573	178.2171314741035
383	38	1	59.613226452905856	177.4929859719438
383	39	1	159.316	182.68399999999977
383	40	1	9.069999999999999	24.501999999999992
383	41	1	101.76447105788424	163.13772455089827
383	42	1	48.25349301397202	189.814371257485
383	43	1	25.042000000000016	91.44199999999992
383	44	1	70.83400000000002	162.2300000000001
383	45	1	37.94211576846306	108.27345309381242
384	1	2	4.927999999999999	4.604000000000001
384	2	2	4.9999999999999964	45
384	3	2	5.103999999999996	85.01200000000003
384	4	2	4.9999999999999964	125.00000000000003
384	5	2	4.9999999999999964	165.00000000000009
384	6	2	45.00000000000003	5.000000000000002
384	7	2	45.00000000000002	45.29999999999999
384	8	2	45.86799999999999	85.59599999999999
384	9	2	45.00000000000003	124.99999999999997
384	10	2	44.708000000000006	164.88799999999992
384	11	2	84.944	5.036000000000003
384	12	2	84.99999999999997	45.00000000000002
384	13	2	85.36625514403288	85.38683127572016
384	14	2	85.36051502145926	125.70386266094418
384	15	2	85.23999999999994	165.04399999999987
384	16	2	125.58333333333334	6.666666666666667
384	17	2	124.89200000000001	45.011999999999986
384	18	2	125.10800000000002	85.01999999999997
384	19	2	124.99600000000004	125.09999999999997
384	20	2	125.64400000000002	164.62800000000001
384	21	2	165.33600000000004	5.108
384	22	2	164.99999999999994	45.00000000000002
384	23	2	164.99999999999994	84.99999999999997
384	24	2	164.86799999999997	125.09599999999999
384	25	2	164.3235294117647	164.5882352941177
384	26	1	49.55489021956089	23.17764471057885
384	27	1	91.46107784431129	109.65868263473052
384	28	1	65.84	77.26999999999995
384	29	1	80.45199999999996	64.42200000000003
384	30	1	189.87025948103792	142.5548902195609
384	31	1	116.99600798403195	145.49101796407186
384	32	1	15.858283433133733	110.01596806387225
384	33	1	119.1896207584831	182.1996007984031
384	34	1	178.2825651302607	150.13026052104223
384	35	1	141.17234468937875	154.07414829659305
384	36	1	146.34661354581664	196.39043824701196
384	37	1	136.89999999999998	178.24399999999983
384	38	1	59.64670658682642	177.5129740518962
384	39	1	159.1477045908183	182.6706586826347
384	40	1	9.124000000000004	24.496000000000013
384	41	1	101.77199999999998	163.03799999999993
384	42	1	48.239520958083816	189.82035928143716
384	43	1	25.23353293413172	91.37125748502994
384	44	1	70.82200000000002	162.2559999999999
384	45	1	37.86399999999996	108.3879999999999
385	1	2	4.927999999999999	4.604000000000001
385	2	2	4.9999999999999964	45
385	3	2	5.103999999999996	85.01200000000003
385	4	2	4.9999999999999964	125.00000000000003
385	5	2	4.9999999999999964	165.00000000000009
385	6	2	45.00000000000003	5.000000000000002
385	7	2	45.00000000000002	45.29999999999999
385	8	2	45.86799999999999	85.59599999999999
385	9	2	45.00000000000003	124.99999999999997
385	10	2	44.708000000000006	164.88799999999992
385	11	2	84.944	5.036000000000003
385	12	2	84.99999999999997	45.00000000000002
385	13	2	85.36625514403288	85.38683127572016
385	14	2	85.36051502145926	125.70386266094418
385	15	2	85.23999999999994	165.04399999999987
385	16	2	125.58333333333334	6.666666666666667
385	17	2	124.89200000000001	45.011999999999986
385	18	2	125.10800000000002	85.01999999999997
385	19	2	124.99600000000004	125.09999999999997
385	20	2	125.64400000000002	164.62800000000001
385	21	2	165.33600000000004	5.108
385	22	2	164.99999999999994	45.00000000000002
385	23	2	164.99999999999994	84.99999999999997
385	24	2	164.86799999999997	125.09599999999999
385	25	2	164.3235294117647	164.5882352941177
385	26	1	49.41916167664674	23.325349301397228
385	27	1	91.27200000000002	109.65
385	28	1	65.90019960079842	77.41516966067861
385	29	1	80.37599999999995	64.46199999999999
385	30	1	189.79000000000002	142.46800000000005
385	31	1	116.92215568862278	145.46906187624757
385	32	1	15.871999999999998	109.93399999999998
385	33	1	119.20000000000003	182.19399999999982
385	34	1	178.3053892215568	150.20359281437118
385	35	1	141.04800000000006	154.01000000000005
385	36	1	146.37649402390446	196.22310756972112
385	37	1	136.87624750499015	178.24351297405195
385	38	1	59.644710578842314	177.5489021956087
385	39	1	159.17199999999974	182.7100000000001
385	40	1	9.149700598802395	24.35528942115769
385	41	1	101.69461077844308	162.92015968063865
385	42	1	48.28199999999999	189.86399999999995
385	43	1	25.38323353293413	91.38323353293413
385	44	1	70.870259481038	162.29141716566866
385	45	1	37.868263473053894	108.53692614770465
386	1	2	4.927999999999999	4.604000000000001
386	2	2	4.9999999999999964	45
386	3	2	5.103999999999996	85.01200000000003
386	4	2	4.9999999999999964	125.00000000000003
386	5	2	4.9999999999999964	165.00000000000009
386	6	2	45.00000000000003	5.000000000000002
386	7	2	45.00000000000002	45.29999999999999
386	8	2	45.86799999999999	85.59599999999999
386	9	2	45.00000000000003	124.99999999999997
386	10	2	44.708000000000006	164.88799999999992
386	11	2	84.944	5.036000000000003
386	12	2	84.99999999999997	45.00000000000002
386	13	2	85.36625514403288	85.38683127572016
386	14	2	85.36051502145926	125.70386266094418
386	15	2	85.23999999999994	165.04399999999987
386	16	2	125.58333333333334	6.666666666666667
386	17	2	124.89200000000001	45.011999999999986
386	18	2	125.10800000000002	85.01999999999997
386	19	2	124.99600000000004	125.09999999999997
386	20	2	125.64400000000002	164.62800000000001
386	21	2	165.33600000000004	5.108
386	22	2	164.99999999999994	45.00000000000002
386	23	2	164.99999999999994	84.99999999999997
386	24	2	164.86799999999997	125.09599999999999
386	25	2	164.3235294117647	164.5882352941177
386	26	1	49.38600000000003	23.395999999999994
386	27	1	91.0818363273453	109.6846307385229
386	28	1	65.96000000000001	77.51199999999997
386	29	1	80.31199999999995	64.42599999999999
386	30	1	189.79000000000002	142.47200000000015
386	31	1	116.77199999999999	145.46600000000004
386	32	1	15.882235528942122	109.9041916167665
386	33	1	119.15999999999998	182.248
386	34	1	178.2954091816367	150.19760479041923
386	35	1	140.95409181636725	153.936127744511
386	36	1	146.34200000000018	196.228
386	37	1	136.78642714570856	178.22954091816362
386	38	1	59.694610778443085	177.56886227544896
386	39	1	158.9580838323353	182.57884231536917
386	40	1	9.251497005988025	24.193612774451097
386	41	1	101.62874251496997	162.99201596806392
386	42	1	48.372000000000035	189.902
386	43	1	25.421999999999986	91.36200000000002
386	44	1	70.87225548902202	162.45109780439137
386	45	1	37.79282868525898	108.63745019920312
387	1	2	4.927999999999999	4.604000000000001
387	2	2	4.9999999999999964	45
387	3	2	5.103999999999996	85.01200000000003
387	4	2	4.9999999999999964	125.00000000000003
387	5	2	4.9999999999999964	165.00000000000009
387	6	2	45.00000000000003	5.000000000000002
387	7	2	45.00000000000002	45.29999999999999
387	8	2	45.86799999999999	85.59599999999999
387	9	2	45.00000000000003	124.99999999999997
387	10	2	44.708000000000006	164.88799999999992
387	11	2	84.944	5.036000000000003
387	12	2	84.99999999999997	45.00000000000002
387	13	2	85.36625514403288	85.38683127572016
387	14	2	85.36051502145926	125.70386266094418
387	15	2	85.23999999999994	165.04399999999987
387	16	2	125.58333333333334	6.666666666666667
387	17	2	124.89200000000001	45.011999999999986
387	18	2	125.10800000000002	85.01999999999997
387	19	2	124.99600000000004	125.09999999999997
387	20	2	125.64400000000002	164.62800000000001
387	21	2	165.33600000000004	5.108
387	22	2	164.99999999999994	45.00000000000002
387	23	2	164.99999999999994	84.99999999999997
387	24	2	164.86799999999997	125.09599999999999
387	25	2	164.3235294117647	164.5882352941177
387	26	1	49.31800000000002	23.553999999999977
387	27	1	90.97804391217565	109.6706586826347
387	28	1	66.0878243512974	77.55489021956076
387	29	1	80.27944111776456	64.35129740518961
387	30	1	189.76047904191617	142.433133732535
387	31	1	116.60600000000001	145.46399999999994
387	32	1	15.929999999999987	109.90799999999999
387	33	1	119.23246492985973	182.29058116232457
387	34	1	178.28800000000012	150.17600000000016
387	35	1	140.70399999999998	153.90399999999985
387	36	1	146.30999999999995	196.21
387	37	1	136.76953907815636	178.13026052104223
387	38	1	59.710578842315336	177.45109780439134
387	39	1	158.84830339321337	182.61277445109775
387	40	1	9.285429141716557	24.1756487025948
387	41	1	101.56287425149702	163.00998003992007
387	42	1	48.51896207584828	189.99800399201598
387	43	1	25.524950099800403	91.28343313373257
387	44	1	70.92799999999994	162.62800000000004
387	45	1	37.77000000000002	108.60600000000002
388	1	2	4.927999999999999	4.604000000000001
388	2	2	4.9999999999999964	45
388	3	2	5.103999999999996	85.01200000000003
388	4	2	4.9999999999999964	125.00000000000003
388	5	2	4.9999999999999964	165.00000000000009
388	6	2	45.00000000000003	5.000000000000002
388	7	2	45.00000000000002	45.29999999999999
388	8	2	45.86799999999999	85.59599999999999
388	9	2	45.00000000000003	124.99999999999997
388	10	2	44.708000000000006	164.88799999999992
388	11	2	84.944	5.036000000000003
388	12	2	84.99999999999997	45.00000000000002
388	13	2	85.36625514403288	85.38683127572016
388	14	2	85.36051502145926	125.70386266094418
388	15	2	85.23999999999994	165.04399999999987
388	16	2	125.58333333333334	6.666666666666667
388	17	2	124.89200000000001	45.011999999999986
388	18	2	125.10800000000002	85.01999999999997
388	19	2	124.99600000000004	125.09999999999997
388	20	2	125.64400000000002	164.62800000000001
388	21	2	165.33600000000004	5.108
388	22	2	164.99999999999994	45.00000000000002
388	23	2	164.99999999999994	84.99999999999997
388	24	2	164.86799999999997	125.09599999999999
388	25	2	164.3235294117647	164.5882352941177
388	26	1	49.215999999999994	23.64600000000002
388	27	1	90.91200000000002	109.64800000000008
388	28	1	66.1057884231537	77.81636726546918
388	29	1	80.18799999999992	64.38199999999999
388	30	1	189.77200000000002	142.40399999999994
388	31	1	116.536	145.4240000000002
388	32	1	15.744510978043913	109.79640718562875
388	33	1	119.19361277445111	182.36327345309388
388	34	1	178.27254509018056	150.1663326653306
388	35	1	140.63399999999993	153.84399999999997
388	36	1	146.3266932270915	196.14541832669323
388	37	1	136.77091633466125	178.09760956175302
388	38	1	59.675999999999995	177.39600000000004
388	39	1	158.84600000000003	182.6059999999997
388	40	1	9.259999999999996	24.162000000000003
388	41	1	101.56400000000004	163.0239999999999
388	42	1	48.6347305389222	190.09181636726547
388	43	1	25.598000000000006	91.34399999999998
388	44	1	70.97000000000011	162.74999999999974
388	45	1	37.62749003984062	108.70318725099612
389	1	2	4.927999999999999	4.604000000000001
389	2	2	4.9999999999999964	45
389	3	2	5.103999999999996	85.01200000000003
389	4	2	4.9999999999999964	125.00000000000003
389	5	2	4.9999999999999964	165.00000000000009
389	6	2	45.00000000000003	5.000000000000002
389	7	2	45.00000000000002	45.29999999999999
389	8	2	45.86799999999999	85.59599999999999
389	9	2	45.00000000000003	124.99999999999997
389	10	2	44.708000000000006	164.88799999999992
389	11	2	84.944	5.036000000000003
389	12	2	84.99999999999997	45.00000000000002
389	13	2	85.36625514403288	85.38683127572016
389	14	2	85.36051502145926	125.70386266094418
389	15	2	85.23999999999994	165.04399999999987
389	16	2	125.58333333333334	6.666666666666667
389	17	2	124.89200000000001	45.011999999999986
389	18	2	125.10800000000002	85.01999999999997
389	19	2	124.99600000000004	125.09999999999997
389	20	2	125.64400000000002	164.62800000000001
389	21	2	165.33600000000004	5.108
389	22	2	164.99999999999994	45.00000000000002
389	23	2	164.99999999999994	84.99999999999997
389	24	2	164.86799999999997	125.09599999999999
389	25	2	164.3235294117647	164.5882352941177
389	26	1	49.065868263473035	23.720558882235537
389	27	1	90.64741035856575	109.62948207171316
389	28	1	66.11576846307389	77.98203592814374
389	29	1	80.16399999999994	64.48799999999997
389	30	1	189.73600000000002	142.4120000000001
389	31	1	116.43512974051895	145.2475049900202
389	32	1	15.69860279441118	109.71656686626748
389	33	1	119.23705179282864	182.4462151394422
389	34	1	178.28200000000004	150.23800000000014
389	35	1	140.46800000000005	153.81399999999985
389	36	1	146.32135728542903	196.1317365269461
389	37	1	136.73199999999994	178.154
389	38	1	59.63073852295412	177.39920159680622
389	39	1	158.7589641434263	182.53187250996004
389	40	1	9.078000000000008	24.113999999999994
389	41	1	101.60599999999997	163.0699999999999
389	42	1	48.718000000000025	190.16600000000003
389	43	1	25.674000000000003	91.30799999999992
389	44	1	71.00400000000003	162.77600000000018
389	45	1	37.65069860279442	108.66666666666661
390	1	2	4.927999999999999	4.604000000000001
390	2	2	4.9999999999999964	45
390	3	2	5.103999999999996	85.01200000000003
390	4	2	4.9999999999999964	125.00000000000003
390	5	2	4.9999999999999964	165.00000000000009
390	6	2	45.00000000000003	5.000000000000002
390	7	2	45.00000000000002	45.29999999999999
390	8	2	45.86799999999999	85.59599999999999
390	9	2	45.00000000000003	124.99999999999997
390	10	2	44.708000000000006	164.88799999999992
390	11	2	84.944	5.036000000000003
390	12	2	84.99999999999997	45.00000000000002
390	13	2	85.36625514403288	85.38683127572016
390	14	2	85.36051502145926	125.70386266094418
390	15	2	85.23999999999994	165.04399999999987
390	16	2	125.58333333333334	6.666666666666667
390	17	2	124.89200000000001	45.011999999999986
390	18	2	125.10800000000002	85.01999999999997
390	19	2	124.99600000000004	125.09999999999997
390	20	2	125.64400000000002	164.62800000000001
390	21	2	165.33600000000004	5.108
390	22	2	164.99999999999994	45.00000000000002
390	23	2	164.99999999999994	84.99999999999997
390	24	2	164.86799999999997	125.09599999999999
390	25	2	164.3235294117647	164.5882352941177
390	26	1	49.00399999999994	23.865999999999996
390	27	1	90.44111776447097	109.72854291417168
390	28	1	66.21799999999996	78.076
390	29	1	79.96200000000002	64.36
390	30	1	189.68800000000002	142.41600000000003
390	31	1	116.30738522954087	145.30139720558884
390	32	1	15.685258964143442	109.64342629482069
390	33	1	119.33667334669337	182.43086172344672
390	34	1	178.28742514970037	150.2954091816367
390	35	1	140.4240000000001	153.78200000000018
390	36	1	146.32934131736548	196.16766467065867
390	37	1	136.70340681362714	178.2484969939881
390	38	1	59.64000000000001	177.38599999999994
390	39	1	158.62075848303408	182.46506986027924
390	40	1	9.053784860557775	24.049800796812747
390	41	1	101.60557768924293	163.08565737051802
390	42	1	48.79	190.208
390	43	1	25.81800000000001	91.38399999999997
390	44	1	71.01397205588827	162.81636726546878
390	45	1	37.56399999999999	108.86600000000001
391	1	2	4.927999999999999	4.604000000000001
391	2	2	4.9999999999999964	45
391	3	2	5.103999999999996	85.01200000000003
391	4	2	4.9999999999999964	125.00000000000003
391	5	2	4.9999999999999964	165.00000000000009
391	6	2	45.00000000000003	5.000000000000002
391	7	2	45.00000000000002	45.29999999999999
391	8	2	45.86799999999999	85.59599999999999
391	9	2	45.00000000000003	124.99999999999997
391	10	2	44.708000000000006	164.88799999999992
391	11	2	84.944	5.036000000000003
391	12	2	84.99999999999997	45.00000000000002
391	13	2	85.36625514403288	85.38683127572016
391	14	2	85.36051502145926	125.70386266094418
391	15	2	85.23999999999994	165.04399999999987
391	16	2	125.58333333333334	6.666666666666667
391	17	2	124.89200000000001	45.011999999999986
391	18	2	125.10800000000002	85.01999999999997
391	19	2	124.99600000000004	125.09999999999997
391	20	2	125.64400000000002	164.62800000000001
391	21	2	165.33600000000004	5.108
391	22	2	164.99999999999994	45.00000000000002
391	23	2	164.99999999999994	84.99999999999997
391	24	2	164.86799999999997	125.09599999999999
391	25	2	164.3235294117647	164.5882352941177
391	26	1	48.93413173652694	24.00998003992017
391	27	1	90.24000000000007	109.70799999999996
391	28	1	66.42	78.13000000000005
391	29	1	79.79999999999997	64.29200000000007
391	30	1	189.65	142.37799999999996
391	31	1	116.18800000000005	145.24799999999996
391	32	1	15.642714570858283	109.6007984031936
391	33	1	119.34999999999997	182.50200000000007
391	34	1	178.31337325349295	150.35528942115772
391	35	1	140.28399999999988	153.7279999999999
391	36	1	146.3239999999998	196.234
391	37	1	136.64870259481052	178.3433133732535
391	38	1	59.670658682634745	177.30938123752483
391	39	1	158.54274353876752	182.4453280318092
391	40	1	9.067864271457086	24.09780439121754
391	41	1	101.60479041916167	163.1337325349302
391	42	1	49.027944111776506	190.309381237525
391	43	1	25.86826347305388	91.373253493014
391	44	1	71.05200000000002	162.92999999999984
391	45	1	37.40600000000007	108.99000000000005
392	1	2	4.927999999999999	4.604000000000001
392	2	2	4.9999999999999964	45
392	3	2	5.103999999999996	85.01200000000003
392	4	2	4.9999999999999964	125.00000000000003
392	5	2	4.9999999999999964	165.00000000000009
392	6	2	45.00000000000003	5.000000000000002
392	7	2	45.00000000000002	45.29999999999999
392	8	2	45.86799999999999	85.59599999999999
392	9	2	45.00000000000003	124.99999999999997
392	10	2	44.708000000000006	164.88799999999992
392	11	2	84.944	5.036000000000003
392	12	2	84.99999999999997	45.00000000000002
392	13	2	85.36625514403288	85.38683127572016
392	14	2	85.36051502145926	125.70386266094418
392	15	2	85.23999999999994	165.04399999999987
392	16	2	125.58333333333334	6.666666666666667
392	17	2	124.89200000000001	45.011999999999986
392	18	2	125.10800000000002	85.01999999999997
392	19	2	124.99600000000004	125.09999999999997
392	20	2	125.64400000000002	164.62800000000001
392	21	2	165.33600000000004	5.108
392	22	2	164.99999999999994	45.00000000000002
392	23	2	164.99999999999994	84.99999999999997
392	24	2	164.86799999999997	125.09599999999999
392	25	2	164.3235294117647	164.5882352941177
392	26	1	48.79799999999999	24.098000000000006
392	27	1	90.23952095808384	109.76447105788415
392	28	1	66.41916167664672	78.29940119760485
392	29	1	79.69138276553095	64.26452905811624
392	30	1	189.638	142.31799999999996
392	31	1	116.18800000000006	145.35800000000003
392	32	1	15.487025948103781	109.48902195608771
392	33	1	119.32734530938124	182.55089820359296
392	34	1	178.386	150.40200000000002
392	35	1	140.25400000000002	153.72599999999997
392	36	1	146.31137724550894	196.09780439121758
392	37	1	136.61599999999996	178.41800000000012
392	38	1	59.67200000000001	177.17999999999998
392	39	1	158.55089820359288	182.43712574850284
392	40	1	9.110000000000007	24.158000000000005
392	41	1	101.56399999999988	163.07199999999992
392	42	1	49.10999999999998	190.3420000000001
392	43	1	26.071856287425135	91.49301397205593
392	44	1	71.10600000000002	162.90000000000012
392	45	1	37.342	109.20399999999998
393	1	2	4.927999999999999	4.604000000000001
393	2	2	4.9999999999999964	45
393	3	2	5.103999999999996	85.01200000000003
393	4	2	4.9999999999999964	125.00000000000003
393	5	2	4.9999999999999964	165.00000000000009
393	6	2	45.00000000000003	5.000000000000002
393	7	2	45.00000000000002	45.29999999999999
393	8	2	45.86799999999999	85.59599999999999
393	9	2	45.00000000000003	124.99999999999997
393	10	2	44.708000000000006	164.88799999999992
393	11	2	84.944	5.036000000000003
393	12	2	84.99999999999997	45.00000000000002
393	13	2	85.36625514403288	85.38683127572016
393	14	2	85.36051502145926	125.70386266094418
393	15	2	85.23999999999994	165.04399999999987
393	16	2	125.58333333333334	6.666666666666667
393	17	2	124.89200000000001	45.011999999999986
393	18	2	125.10800000000002	85.01999999999997
393	19	2	124.99600000000004	125.09999999999997
393	20	2	125.64400000000002	164.62800000000001
393	21	2	165.33600000000004	5.108
393	22	2	164.99999999999994	45.00000000000002
393	23	2	164.99999999999994	84.99999999999997
393	24	2	164.86799999999997	125.09599999999999
393	25	2	164.3235294117647	164.5882352941177
393	26	1	48.67465069860281	24.209580838323355
393	27	1	89.92015968063872	109.74051896207584
393	28	1	66.56999999999998	78.39
393	29	1	79.53400000000002	64.31999999999998
393	30	1	189.59680638722554	142.27345309381244
393	31	1	116.08599999999998	145.33600000000015
393	32	1	15.44111776447105	109.33333333333334
393	33	1	119.37724550898206	182.60079840319344
393	34	1	178.36800000000014	150.38800000000006
393	35	1	140.16367265469077	153.67465069860285
393	36	1	146.3233532934132	196.05389221556885
393	37	1	136.65469061876254	178.31536926147714
393	38	1	59.709163346613536	177.1215139442231
393	39	1	158.5860000000001	182.45600000000013
393	40	1	9.11	24.106
393	41	1	101.56800000000003	163.116
393	42	1	49.195608782435094	190.36127744510955
393	43	1	26.240000000000002	91.53600000000007
393	44	1	71.1916167664671	162.8882235528945
393	45	1	37.325349301397225	109.23153692614781
394	1	2	4.927999999999999	4.604000000000001
394	2	2	4.9999999999999964	45
394	3	2	5.103999999999996	85.01200000000003
394	4	2	4.9999999999999964	125.00000000000003
394	5	2	4.9999999999999964	165.00000000000009
394	6	2	45.00000000000003	5.000000000000002
394	7	2	45.00000000000002	45.29999999999999
394	8	2	45.86799999999999	85.59599999999999
394	9	2	45.00000000000003	124.99999999999997
394	10	2	44.708000000000006	164.88799999999992
394	11	2	84.944	5.036000000000003
394	12	2	84.99999999999997	45.00000000000002
394	13	2	85.36625514403288	85.38683127572016
394	14	2	85.36051502145926	125.70386266094418
394	15	2	85.23999999999994	165.04399999999987
394	16	2	125.58333333333334	6.666666666666667
394	17	2	124.89200000000001	45.011999999999986
394	18	2	125.10800000000002	85.01999999999997
394	19	2	124.99600000000004	125.09999999999997
394	20	2	125.64400000000002	164.62800000000001
394	21	2	165.33600000000004	5.108
394	22	2	164.99999999999994	45.00000000000002
394	23	2	164.99999999999994	84.99999999999997
394	24	2	164.86799999999997	125.09599999999999
394	25	2	164.3235294117647	164.5882352941177
394	26	1	48.56800000000002	24.292000000000005
394	27	1	89.47000000000001	109.82000000000001
394	28	1	66.76447105788425	78.49301397205585
394	29	1	79.49599999999997	64.23799999999999
394	30	1	189.59680638722554	142.27345309381244
394	31	1	115.98797595190386	145.3386773547094
394	32	1	15.462151394422303	109.35059760956183
394	33	1	119.39920159680635	182.6347305389221
394	34	1	178.35329341317376	150.36526946107767
394	35	1	140.09181636726538	153.64071856287447
394	36	1	146.37724550898204	196.15169660678643
394	37	1	136.6300000000001	178.37799999999993
394	38	1	59.62674650698608	177.0059880239522
394	39	1	158.40400000000017	182.32799999999986
394	40	1	9.254000000000012	24.095999999999986
394	41	1	101.56399999999992	163.04600000000013
394	42	1	49.26746506986033	190.39920159680636
394	43	1	26.281999999999996	91.57
394	44	1	71.17564870259481	162.8363273453095
394	45	1	37.295409181636714	109.2694610778444
395	1	2	4.927999999999999	4.604000000000001
395	2	2	4.9999999999999964	45
395	3	2	5.103999999999996	85.01200000000003
395	4	2	4.9999999999999964	125.00000000000003
395	5	2	4.9999999999999964	165.00000000000009
395	6	2	45.00000000000003	5.000000000000002
395	7	2	45.00000000000002	45.29999999999999
395	8	2	45.86799999999999	85.59599999999999
395	9	2	45.00000000000003	124.99999999999997
395	10	2	44.708000000000006	164.88799999999992
395	11	2	84.944	5.036000000000003
395	12	2	84.99999999999997	45.00000000000002
395	13	2	85.36625514403288	85.38683127572016
395	14	2	85.36051502145926	125.70386266094418
395	15	2	85.23999999999994	165.04399999999987
395	16	2	125.58333333333334	6.666666666666667
395	17	2	124.89200000000001	45.011999999999986
395	18	2	125.10800000000002	85.01999999999997
395	19	2	124.99600000000004	125.09999999999997
395	20	2	125.64400000000002	164.62800000000001
395	21	2	165.33600000000004	5.108
395	22	2	164.99999999999994	45.00000000000002
395	23	2	164.99999999999994	84.99999999999997
395	24	2	164.86799999999997	125.09599999999999
395	25	2	164.3235294117647	164.5882352941177
395	26	1	48.57285429141715	24.4051896207585
395	27	1	89.41516966067861	109.94810379241514
395	28	1	66.67000000000003	78.78200000000002
395	29	1	79.24600000000001	64.19800000000001
395	30	1	189.62075848303394	142.29940119760465
395	31	1	115.93999999999998	145.24400000000017
395	32	1	15.360000000000007	109.32999999999993
395	33	1	119.39920159680635	182.6347305389221
395	34	1	178.30199999999988	150.35599999999994
395	35	1	139.90999999999985	153.65399999999988
395	36	1	146.34930139720583	196.33532934131736
395	37	1	136.64471057884242	178.439121756487
395	38	1	59.62874251497005	176.97405189620778
395	39	1	158.36127744510978	182.377245508982
395	40	1	9.32135728542915	23.97205588822356
395	41	1	101.56287425149691	163.04191616766465
395	42	1	49.39800000000002	190.51399999999987
395	43	1	26.348605577689224	91.65936254980076
395	44	1	71.13373253493002	162.83632734530946
395	45	1	37.26000000000003	109.29199999999999
396	1	2	4.927999999999999	4.604000000000001
396	2	2	4.9999999999999964	45
396	3	2	5.103999999999996	85.01200000000003
396	4	2	4.9999999999999964	125.00000000000003
396	5	2	4.9999999999999964	165.00000000000009
396	6	2	45.00000000000003	5.000000000000002
396	7	2	45.00000000000002	45.29999999999999
396	8	2	45.86799999999999	85.59599999999999
396	9	2	45.00000000000003	124.99999999999997
396	10	2	44.708000000000006	164.88799999999992
396	11	2	84.944	5.036000000000003
396	12	2	84.99999999999997	45.00000000000002
396	13	2	85.36625514403288	85.38683127572016
396	14	2	85.36051502145926	125.70386266094418
396	15	2	85.23999999999994	165.04399999999987
396	16	2	125.58333333333334	6.666666666666667
396	17	2	124.89200000000001	45.011999999999986
396	18	2	125.10800000000002	85.01999999999997
396	19	2	124.99600000000004	125.09999999999997
396	20	2	125.64400000000002	164.62800000000001
396	21	2	165.33600000000004	5.108
396	22	2	164.99999999999994	45.00000000000002
396	23	2	164.99999999999994	84.99999999999997
396	24	2	164.86799999999997	125.09599999999999
396	25	2	164.3235294117647	164.5882352941177
396	26	1	48.467065868263454	24.51696606786426
396	27	1	89.31137724550885	110.01596806387226
396	28	1	66.718	78.87400000000005
396	29	1	79.26999999999994	64.19600000000001
396	30	1	189.49	142.23799999999994
396	31	1	115.862	145.108
396	32	1	15.27054108216434	109.09418837675355
396	33	1	119.37924151696609	182.68463073852314
396	34	1	178.2629482071713	150.3745019920317
396	35	1	139.87450199203198	153.68924302788855
396	36	1	146.34730538922167	196.37125748502993
396	37	1	136.61400000000017	178.49999999999983
396	38	1	59.593999999999944	176.8660000000001
396	39	1	158.28742514970054	182.37524950099794
396	40	1	9.383233532934142	23.9321357285429
396	41	1	101.57399999999998	163.05599999999998
396	42	1	49.44311377245508	190.4970059880239
396	43	1	26.492031872509962	91.69322709163352
396	44	1	71.18000000000002	162.88400000000001
396	45	1	37.19639278557115	109.36072144288583
397	1	2	4.927999999999999	4.604000000000001
397	2	2	4.9999999999999964	45
397	3	2	5.103999999999996	85.01200000000003
397	4	2	4.9999999999999964	125.00000000000003
397	5	2	4.9999999999999964	165.00000000000009
397	6	2	45.00000000000003	5.000000000000002
397	7	2	45.00000000000002	45.29999999999999
397	8	2	45.86799999999999	85.59599999999999
397	9	2	45.00000000000003	124.99999999999997
397	10	2	44.708000000000006	164.88799999999992
397	11	2	84.944	5.036000000000003
397	12	2	84.99999999999997	45.00000000000002
397	13	2	85.36625514403288	85.38683127572016
397	14	2	85.36051502145926	125.70386266094418
397	15	2	85.23999999999994	165.04399999999987
397	16	2	125.58333333333334	6.666666666666667
397	17	2	124.89200000000001	45.011999999999986
397	18	2	125.10800000000002	85.01999999999997
397	19	2	124.99600000000004	125.09999999999997
397	20	2	125.64400000000002	164.62800000000001
397	21	2	165.33600000000004	5.108
397	22	2	164.99999999999994	45.00000000000002
397	23	2	164.99999999999994	84.99999999999997
397	24	2	164.86799999999997	125.09599999999999
397	25	2	164.3235294117647	164.5882352941177
397	26	1	48.419161676646716	24.704590818363272
397	27	1	88.95808383233538	110.00000000000013
397	28	1	66.7445109780439	78.92814371257484
397	29	1	79.251497005988	64.20758483033933
397	30	1	189.4	142.21400000000006
397	31	1	115.81836327345306	145.0838323353294
397	32	1	15.181636726546916	108.94411177644703
397	33	1	119.41035856573707	182.66533864541836
397	34	1	178.24999999999994	150.4040000000002
397	35	1	139.80239520958096	153.6766467065868
397	36	1	146.32000000000002	196.392
397	37	1	136.63527054108232	178.47895791583156
397	38	1	59.663326653306605	176.85571142284567
397	39	1	158.24750499002002	182.40718562874238
397	40	1	9.572854291417174	23.678642714570856
397	41	1	101.53293413173651	163.04391217564864
397	42	1	49.49700598802395	190.43512974051893
397	43	1	26.613999999999987	91.66399999999999
397	44	1	71.12974051896205	162.90818363273448
397	45	1	37.172	109.32000000000001
398	1	2	4.927999999999999	4.604000000000001
398	2	2	4.9999999999999964	45
398	3	2	5.103999999999996	85.01200000000003
398	4	2	4.9999999999999964	125.00000000000003
398	5	2	4.9999999999999964	165.00000000000009
398	6	2	45.00000000000003	5.000000000000002
398	7	2	45.00000000000002	45.29999999999999
398	8	2	45.86799999999999	85.59599999999999
398	9	2	45.00000000000003	124.99999999999997
398	10	2	44.708000000000006	164.88799999999992
398	11	2	84.944	5.036000000000003
398	12	2	84.99999999999997	45.00000000000002
398	13	2	85.36625514403288	85.38683127572016
398	14	2	85.36051502145926	125.70386266094418
398	15	2	85.23999999999994	165.04399999999987
398	16	2	125.58333333333334	6.666666666666667
398	17	2	124.89200000000001	45.011999999999986
398	18	2	125.10800000000002	85.01999999999997
398	19	2	124.99600000000004	125.09999999999997
398	20	2	125.64400000000002	164.62800000000001
398	21	2	165.33600000000004	5.108
398	22	2	164.99999999999994	45.00000000000002
398	23	2	164.99999999999994	84.99999999999997
398	24	2	164.86799999999997	125.09599999999999
398	25	2	164.3235294117647	164.5882352941177
398	26	1	48.35999999999996	24.803999999999995
398	27	1	88.73253493013975	110.07584830339313
398	28	1	66.68999999999998	79.16999999999999
398	29	1	79.22509960159363	64.27091633466135
398	30	1	189.292	142.12400000000005
398	31	1	115.82235528942113	145.10179640718562
398	32	1	15.15169660678642	109.1596806387225
398	33	1	119.43799999999997	182.638
398	34	1	178.31337325349295	150.47504990019956
398	35	1	139.80599999999998	153.69200000000006
398	36	1	146.35856573705166	196.25896414342628
398	37	1	136.6132264529059	178.49498997995985
398	38	1	59.79200000000002	176.88799999999998
398	39	1	158.29058116232457	182.42885771543092
398	40	1	9.557999999999987	23.591999999999988
398	41	1	101.5708582834331	163.10179640718553
398	42	1	49.54291417165667	190.40119760479035
398	43	1	26.622	91.80199999999996
398	44	1	71.14600000000003	162.86400000000003
398	45	1	37.139720558882246	109.34331337325347
399	1	2	4.927999999999999	4.604000000000001
399	2	2	4.9999999999999964	45
399	3	2	5.103999999999996	85.01200000000003
399	4	2	4.9999999999999964	125.00000000000003
399	5	2	4.9999999999999964	165.00000000000009
399	6	2	45.00000000000003	5.000000000000002
399	7	2	45.00000000000002	45.29999999999999
399	8	2	45.86799999999999	85.59599999999999
399	9	2	45.00000000000003	124.99999999999997
399	10	2	44.708000000000006	164.88799999999992
399	11	2	84.944	5.036000000000003
399	12	2	84.99999999999997	45.00000000000002
399	13	2	85.36625514403288	85.38683127572016
399	14	2	85.36051502145926	125.70386266094418
399	15	2	85.23999999999994	165.04399999999987
399	16	2	125.58333333333334	6.666666666666667
399	17	2	124.89200000000001	45.011999999999986
399	18	2	125.10800000000002	85.01999999999997
399	19	2	124.99600000000004	125.09999999999997
399	20	2	125.64400000000002	164.62800000000001
399	21	2	165.33600000000004	5.108
399	22	2	164.99999999999994	45.00000000000002
399	23	2	164.99999999999994	84.99999999999997
399	24	2	164.86799999999997	125.09599999999999
399	25	2	164.3235294117647	164.5882352941177
399	26	1	48.150000000000006	25.032000000000004
399	27	1	88.34930139720558	110.10379241516966
399	28	1	66.70858283433134	79.20359281437122
399	29	1	79.18199999999997	64.30799999999999
399	30	1	189.19400000000002	142.0220000000001
399	31	1	115.82634730538918	145.02594810379253
399	32	1	15.069999999999997	109.25399999999996
399	33	1	119.48199999999997	182.67999999999995
399	34	1	178.2435129740518	150.43712574850306
399	35	1	139.69999999999996	153.64999999999998
399	36	1	146.36926147704585	196.31736526946108
399	37	1	136.64800000000005	178.414
399	38	1	59.700598802395206	176.81237524950095
399	39	1	158.2415169660678	182.42115768463088
399	40	1	9.676646706586821	23.5109780439122
399	41	1	101.60400000000001	163.1240000000001
399	42	1	49.668000000000006	190.46399999999997
399	43	1	26.59880239520959	91.9700598802395
399	44	1	71.22800000000007	163.1919999999998
399	45	1	37.07400000000006	109.39199999999998
400	1	2	4.927999999999999	4.604000000000001
400	2	2	4.9999999999999964	45
400	3	2	5.103999999999996	85.01200000000003
400	4	2	4.9999999999999964	125.00000000000003
400	5	2	4.9999999999999964	165.00000000000009
400	6	2	45.00000000000003	5.000000000000002
400	7	2	45.00000000000002	45.29999999999999
400	8	2	45.86799999999999	85.59599999999999
400	9	2	45.00000000000003	124.99999999999997
400	10	2	44.708000000000006	164.88799999999992
400	11	2	84.944	5.036000000000003
400	12	2	84.99999999999997	45.00000000000002
400	13	2	85.36625514403288	85.38683127572016
400	14	2	85.36051502145926	125.70386266094418
400	15	2	85.23999999999994	165.04399999999987
400	16	2	125.58333333333334	6.666666666666667
400	17	2	124.89200000000001	45.011999999999986
400	18	2	125.10800000000002	85.01999999999997
400	19	2	124.99600000000004	125.09999999999997
400	20	2	125.64400000000002	164.62800000000001
400	21	2	165.33600000000004	5.108
400	22	2	164.99999999999994	45.00000000000002
400	23	2	164.99999999999994	84.99999999999997
400	24	2	164.86799999999997	125.09599999999999
400	25	2	164.3235294117647	164.5882352941177
400	26	1	47.903999999999996	25.236
400	27	1	88.23800000000007	110.18800000000002
400	28	1	66.78399999999999	79.33399999999993
400	29	1	79.13627254509021	64.38476953907818
400	30	1	189.064	141.96000000000004
400	31	1	115.75848303393207	144.85628742514953
400	32	1	15.065737051792823	109.19920318725093
400	33	1	119.42115768463074	182.7025948103793
400	34	1	178.30139720558898	150.5528942115769
400	35	1	139.6035856573706	153.63545816733048
400	36	1	146.3660000000001	196.35
400	37	1	136.66467065868278	178.4071856287425
400	38	1	59.693999999999996	176.88200000000012
400	39	1	158.19560878243513	182.40518962075842
400	40	1	9.715139442231076	23.328685258964168
400	41	1	101.58400000000003	163.19000000000008
400	42	1	49.711155378486005	190.49203187251013
400	43	1	26.655999999999995	91.98199999999997
400	44	1	71.20199999999996	163.37800000000013
400	45	1	37.090000000000025	109.39600000000002
401	1	2	4.927999999999999	4.604000000000001
401	2	2	4.9999999999999964	45
401	3	2	5.103999999999996	85.01200000000003
401	4	2	4.9999999999999964	125.00000000000003
401	5	2	4.9999999999999964	165.00000000000009
401	6	2	45.00000000000003	5.000000000000002
401	7	2	45.00000000000002	45.29999999999999
401	8	2	45.86799999999999	85.59599999999999
401	9	2	45.00000000000003	124.99999999999997
401	10	2	44.708000000000006	164.88799999999992
401	11	2	84.944	5.036000000000003
401	12	2	84.99999999999997	45.00000000000002
401	13	2	85.36625514403288	85.38683127572016
401	14	2	85.36051502145926	125.70386266094418
401	15	2	85.23999999999994	165.04399999999987
401	16	2	125.58333333333334	6.666666666666667
401	17	2	124.89200000000001	45.011999999999986
401	18	2	125.10800000000002	85.01999999999997
401	19	2	124.99600000000004	125.09999999999997
401	20	2	125.64400000000002	164.62800000000001
401	21	2	165.33600000000004	5.108
401	22	2	164.99999999999994	45.00000000000002
401	23	2	164.99999999999994	84.99999999999997
401	24	2	164.86799999999997	125.09599999999999
401	25	2	164.3235294117647	164.5882352941177
401	26	1	47.696606786427154	25.429141716566853
401	27	1	88.07171314741038	110.22509960159357
401	28	1	66.90419161676652	79.42914171656686
401	29	1	79.18363273453099	64.39520958083833
401	30	1	188.956	141.91000000000005
401	31	1	115.71656686626753	144.7804391217565
401	32	1	15.065868263473053	109.33133732534924
401	33	1	119.40518962075845	182.6387225548904
401	34	1	178.2834331337326	150.58882235528966
401	35	1	139.46706586826338	153.6307385229539
401	36	1	146.35928143712567	196.39121756487026
401	37	1	136.63000000000005	178.42999999999995
401	38	1	59.720558882235565	176.9001996007984
401	39	1	158.09580838323345	182.33133732534935
401	40	1	9.742000000000006	23.295999999999992
401	41	1	101.62000000000006	163.13800000000006
401	42	1	49.816367265469104	190.4890219560877
401	43	1	26.684630738522966	92.00798403193609
401	44	1	71.18036072144278	163.39278557114244
401	45	1	37.01596806387222	109.4331337325349
402	1	2	4.927999999999999	4.604000000000001
402	2	2	4.9999999999999964	45
402	3	2	5.103999999999996	85.01200000000003
402	4	2	4.9999999999999964	125.00000000000003
402	5	2	4.9999999999999964	165.00000000000009
402	6	2	45.00000000000003	5.000000000000002
402	7	2	45.00000000000002	45.29999999999999
402	8	2	45.86799999999999	85.59599999999999
402	9	2	45.00000000000003	124.99999999999997
402	10	2	44.708000000000006	164.88799999999992
402	11	2	84.944	5.036000000000003
402	12	2	84.99999999999997	45.00000000000002
402	13	2	85.36625514403288	85.38683127572016
402	14	2	85.36051502145926	125.70386266094418
402	15	2	85.23999999999994	165.04399999999987
402	16	2	125.58333333333334	6.666666666666667
402	17	2	124.89200000000001	45.011999999999986
402	18	2	125.10800000000002	85.01999999999997
402	19	2	124.99600000000004	125.09999999999997
402	20	2	125.64400000000002	164.62800000000001
402	21	2	165.33600000000004	5.108
402	22	2	164.99999999999994	45.00000000000002
402	23	2	164.99999999999994	84.99999999999997
402	24	2	164.86799999999997	125.09599999999999
402	25	2	164.3235294117647	164.5882352941177
402	26	1	47.67600000000005	25.522000000000006
402	27	1	87.73400000000001	110.26000000000003
402	28	1	67.00399999999999	79.56800000000007
402	29	1	79.16167664670657	64.39920159680634
402	30	1	188.988	141.93400000000008
402	31	1	115.70059880239518	144.82634730538928
402	32	1	14.997999999999982	109.33800000000001
402	33	1	119.37600000000005	182.59000000000026
402	34	1	178.2594810379243	150.5728542914173
402	35	1	139.41	153.59799999999996
402	36	1	146.3592814371256	196.34930139720558
402	37	1	136.62075848303397	178.47105788423144
402	38	1	59.84000000000004	177.00599999999986
402	39	1	158.04600000000008	182.3139999999998
402	40	1	9.782435129740529	23.24351297405189
402	41	1	101.61399999999995	163.17199999999983
402	42	1	49.91400000000002	190.51199999999994
402	43	1	26.684630738522937	92.1736526946108
402	44	1	71.1796407185629	163.35528942115778
402	45	1	37.05400000000001	109.44600000000004
403	1	2	4.927999999999999	4.604000000000001
403	2	2	4.9999999999999964	45
403	3	2	5.103999999999996	85.01200000000003
403	4	2	4.9999999999999964	125.00000000000003
403	5	2	4.9999999999999964	165.00000000000009
403	6	2	45.00000000000003	5.000000000000002
403	7	2	45.00000000000002	45.29999999999999
403	8	2	45.86799999999999	85.59599999999999
403	9	2	45.00000000000003	124.99999999999997
403	10	2	44.708000000000006	164.88799999999992
403	11	2	84.944	5.036000000000003
403	12	2	84.99999999999997	45.00000000000002
403	13	2	85.36625514403288	85.38683127572016
403	14	2	85.36051502145926	125.70386266094418
403	15	2	85.23999999999994	165.04399999999987
403	16	2	125.58333333333334	6.666666666666667
403	17	2	124.89200000000001	45.011999999999986
403	18	2	125.10800000000002	85.01999999999997
403	19	2	124.99600000000004	125.09999999999997
403	20	2	125.64400000000002	164.62800000000001
403	21	2	165.33600000000004	5.108
403	22	2	164.99999999999994	45.00000000000002
403	23	2	164.99999999999994	84.99999999999997
403	24	2	164.86799999999997	125.09599999999999
403	25	2	164.3235294117647	164.5882352941177
403	26	1	47.500998003992045	25.62075848303393
403	27	1	87.548	110.24200000000003
403	28	1	67.05389221556878	79.69061876247515
403	29	1	79.18363273453097	64.38123752495005
403	30	1	188.95	141.95599999999982
403	31	1	115.67265469061883	144.71257485029932
403	32	1	14.904000000000005	109.3639999999999
403	33	1	119.43086172344691	182.60721442885767
403	34	1	178.1499999999999	150.53199999999998
403	35	1	139.36800000000002	153.55199999999994
403	36	1	146.3992015968061	196.28942115768464
403	37	1	136.63799999999995	178.416
403	38	1	59.95999999999999	177.0320000000001
403	39	1	158.03393213572863	182.33133732534935
403	40	1	9.816733067729087	23.103585657370505
403	41	1	101.63200000000002	163.17999999999986
403	42	1	49.89620758483034	190.41916167664652
403	43	1	26.645999999999987	92.3
403	44	1	71.16833667334669	163.442885771543
403	45	1	37.042	109.42800000000003
404	1	2	4.927999999999999	4.604000000000001
404	2	2	4.9999999999999964	45
404	3	2	5.103999999999996	85.01200000000003
404	4	2	4.9999999999999964	125.00000000000003
404	5	2	4.9999999999999964	165.00000000000009
404	6	2	45.00000000000003	5.000000000000002
404	7	2	45.00000000000002	45.29999999999999
404	8	2	45.86799999999999	85.59599999999999
404	9	2	45.00000000000003	124.99999999999997
404	10	2	44.708000000000006	164.88799999999992
404	11	2	84.944	5.036000000000003
404	12	2	84.99999999999997	45.00000000000002
404	13	2	85.36625514403288	85.38683127572016
404	14	2	85.36051502145926	125.70386266094418
404	15	2	85.23999999999994	165.04399999999987
404	16	2	125.58333333333334	6.666666666666667
404	17	2	124.89200000000001	45.011999999999986
404	18	2	125.10800000000002	85.01999999999997
404	19	2	124.99600000000004	125.09999999999997
404	20	2	125.64400000000002	164.62800000000001
404	21	2	165.33600000000004	5.108
404	22	2	164.99999999999994	45.00000000000002
404	23	2	164.99999999999994	84.99999999999997
404	24	2	164.86799999999997	125.09599999999999
404	25	2	164.3235294117647	164.5882352941177
404	26	1	47.393213572854286	25.750499001996022
404	27	1	87.44599999999997	110.34400000000002
404	28	1	67.05189620758485	79.72455089820367
404	29	1	79.10379241516966	64.36127744510983
404	30	1	188.79041916167665	141.87025948103786
404	31	1	115.69199999999996	144.64800000000014
404	32	1	14.752988047808772	109.3824701195219
404	33	1	119.43000000000006	182.63200000000023
404	34	1	178.11600000000004	150.51199999999992
404	35	1	139.29800000000014	153.55000000000004
404	36	1	146.43512974051885	196.46706586826346
404	37	1	136.63999999999993	178.47999999999996
404	38	1	59.975999999999985	177.08399999999986
404	39	1	157.90999999999985	182.25999999999993
404	40	1	9.820359281437126	23.005988023952106
404	41	1	101.6546906187625	163.18962075848322
404	42	1	50.01400000000001	190.42400000000012
404	43	1	26.666000000000007	92.36399999999998
404	44	1	71.19123505976087	163.4800796812748
404	45	1	36.88400000000001	109.45600000000006
405	1	2	4.927999999999999	4.604000000000001
405	2	2	4.9999999999999964	45
405	3	2	5.103999999999996	85.01200000000003
405	4	2	4.9999999999999964	125.00000000000003
405	5	2	4.9999999999999964	165.00000000000009
405	6	2	45.00000000000003	5.000000000000002
405	7	2	45.00000000000002	45.29999999999999
405	8	2	45.86799999999999	85.59599999999999
405	9	2	45.00000000000003	124.99999999999997
405	10	2	44.708000000000006	164.88799999999992
405	11	2	84.944	5.036000000000003
405	12	2	84.99999999999997	45.00000000000002
405	13	2	85.36625514403288	85.38683127572016
405	14	2	85.36051502145926	125.70386266094418
405	15	2	85.23999999999994	165.04399999999987
405	16	2	125.58333333333334	6.666666666666667
405	17	2	124.89200000000001	45.011999999999986
405	18	2	125.10800000000002	85.01999999999997
405	19	2	124.99600000000004	125.09999999999997
405	20	2	125.64400000000002	164.62800000000001
405	21	2	165.33600000000004	5.108
405	22	2	164.99999999999994	45.00000000000002
405	23	2	164.99999999999994	84.99999999999997
405	24	2	164.86799999999997	125.09599999999999
405	25	2	164.3235294117647	164.5882352941177
405	26	1	47.24501992031877	25.914342629482068
405	27	1	87.25349301397205	110.41916167664667
405	28	1	67.09580838323348	79.86227544910187
405	29	1	79.14799999999998	64.37399999999997
405	30	1	188.68263473053892	141.72255489021958
405	31	1	115.63399999999999	144.456
405	32	1	14.701999999999995	109.39600000000006
405	33	1	119.4351297405189	182.67664670658678
405	34	1	178.1996007984032	150.5469061876248
405	35	1	139.146	153.55800000000002
405	36	1	146.48199999999997	196.574
405	37	1	136.63999999999993	178.48799999999997
405	38	1	59.97200000000003	177.0420000000001
405	39	1	157.81037924151707	182.19960079840322
405	40	1	9.890219560878233	22.890219560878233
405	41	1	101.70599999999992	163.17999999999995
405	42	1	50.01992031872513	190.4003984063745
405	43	1	26.684	92.48400000000002
405	44	1	71.23752495009984	163.53093812375258
405	45	1	36.84231536926146	109.48902195608777
406	1	2	4.927999999999999	4.604000000000001
406	2	2	4.9999999999999964	45
406	3	2	5.103999999999996	85.01200000000003
406	4	2	4.9999999999999964	125.00000000000003
406	5	2	4.9999999999999964	165.00000000000009
406	6	2	45.00000000000003	5.000000000000002
406	7	2	45.00000000000002	45.29999999999999
406	8	2	45.86799999999999	85.59599999999999
406	9	2	45.00000000000003	124.99999999999997
406	10	2	44.708000000000006	164.88799999999992
406	11	2	84.944	5.036000000000003
406	12	2	84.99999999999997	45.00000000000002
406	13	2	85.36625514403288	85.38683127572016
406	14	2	85.36051502145926	125.70386266094418
406	15	2	85.23999999999994	165.04399999999987
406	16	2	125.58333333333334	6.666666666666667
406	17	2	124.89200000000001	45.011999999999986
406	18	2	125.10800000000002	85.01999999999997
406	19	2	124.99600000000004	125.09999999999997
406	20	2	125.64400000000002	164.62800000000001
406	21	2	165.33600000000004	5.108
406	22	2	164.99999999999994	45.00000000000002
406	23	2	164.99999999999994	84.99999999999997
406	24	2	164.86799999999997	125.09599999999999
406	25	2	164.3235294117647	164.5882352941177
406	26	1	47.02988047808767	26.07768924302788
406	27	1	87.18962075848302	110.47904191616769
406	28	1	67.14600000000002	79.96600000000004
406	29	1	79.154	64.376
406	30	1	188.7005988023952	141.80638722554897
406	31	1	115.59281437125742	144.4031936127745
406	32	1	14.67529880478087	109.34860557768931
406	33	1	119.45200000000004	182.68599999999998
406	34	1	178.17234468937883	150.53306613226442
406	35	1	139.08999999999995	153.53
406	36	1	146.64071856287424	196.5129740518962
406	37	1	136.57799999999992	178.63599999999994
406	38	1	60.067729083665306	177.15936254980082
406	39	1	157.74549098196394	182.00000000000009
406	40	1	9.855999999999995	22.86000000000002
406	41	1	101.69999999999999	163.19599999999994
406	42	1	49.97599999999999	190.44599999999997
406	43	1	26.764000000000014	92.526
406	44	1	71.30199999999992	163.59199999999998
406	45	1	36.81200000000004	109.50800000000001
407	1	2	4.927999999999999	4.604000000000001
407	2	2	4.9999999999999964	45
407	3	2	5.103999999999996	85.01200000000003
407	4	2	4.9999999999999964	125.00000000000003
407	5	2	4.9999999999999964	165.00000000000009
407	6	2	45.00000000000003	5.000000000000002
407	7	2	45.00000000000002	45.29999999999999
407	8	2	45.86799999999999	85.59599999999999
407	9	2	45.00000000000003	124.99999999999997
407	10	2	44.708000000000006	164.88799999999992
407	11	2	84.944	5.036000000000003
407	12	2	84.99999999999997	45.00000000000002
407	13	2	85.36625514403288	85.38683127572016
407	14	2	85.36051502145926	125.70386266094418
407	15	2	85.23999999999994	165.04399999999987
407	16	2	125.58333333333334	6.666666666666667
407	17	2	124.89200000000001	45.011999999999986
407	18	2	125.10800000000002	85.01999999999997
407	19	2	124.99600000000004	125.09999999999997
407	20	2	125.64400000000002	164.62800000000001
407	21	2	165.33600000000004	5.108
407	22	2	164.99999999999994	45.00000000000002
407	23	2	164.99999999999994	84.99999999999997
407	24	2	164.86799999999997	125.09599999999999
407	25	2	164.3235294117647	164.5882352941177
407	26	1	46.92999999999998	26.154000000000018
407	27	1	87.07385229540922	110.50898203592814
407	28	1	67.13600000000008	80.05799999999999
407	29	1	79.17399999999996	64.39000000000001
407	30	1	188.644	141.78199999999995
407	31	1	115.52800000000003	144.3539999999999
407	32	1	14.652000000000006	109.43400000000004
407	33	1	119.41999999999997	182.67400000000015
407	34	1	178.16200000000006	150.5580000000001
407	35	1	138.93625498007958	153.37250996015936
407	36	1	146.6079999999999	196.558
407	37	1	136.5728542914171	178.5868263473054
407	38	1	60.07600000000003	177.20999999999998
407	39	1	157.66799999999986	181.88000000000002
407	40	1	9.888000000000003	22.78600000000003
407	41	1	101.7205588822355	163.21556886227532
407	42	1	50.01197604790422	190.50099800399227
407	43	1	26.719999999999978	92.65199999999989
407	44	1	71.3140000000001	163.65999999999997
407	45	1	36.78000000000003	109.46599999999998
408	1	2	4.927999999999999	4.604000000000001
408	2	2	4.9999999999999964	45
408	3	2	5.103999999999996	85.01200000000003
408	4	2	4.9999999999999964	125.00000000000003
408	5	2	4.9999999999999964	165.00000000000009
408	6	2	45.00000000000003	5.000000000000002
408	7	2	45.00000000000002	45.29999999999999
408	8	2	45.86799999999999	85.59599999999999
408	9	2	45.00000000000003	124.99999999999997
408	10	2	44.708000000000006	164.88799999999992
408	11	2	84.944	5.036000000000003
408	12	2	84.99999999999997	45.00000000000002
408	13	2	85.36625514403288	85.38683127572016
408	14	2	85.36051502145926	125.70386266094418
408	15	2	85.23999999999994	165.04399999999987
408	16	2	125.58333333333334	6.666666666666667
408	17	2	124.89200000000001	45.011999999999986
408	18	2	125.10800000000002	85.01999999999997
408	19	2	124.99600000000004	125.09999999999997
408	20	2	125.64400000000002	164.62800000000001
408	21	2	165.33600000000004	5.108
408	22	2	164.99999999999994	45.00000000000002
408	23	2	164.99999999999994	84.99999999999997
408	24	2	164.86799999999997	125.09599999999999
408	25	2	164.3235294117647	164.5882352941177
408	26	1	46.722554890219556	26.305389221556897
408	27	1	87.02	110.55400000000003
408	28	1	67.15568862275452	80.13173652694607
408	29	1	79.07569721115537	64.35458167330681
408	30	1	188.59281437125748	141.818363273453
408	31	1	115.50100200400799	144.37675350701417
408	32	1	14.575150300601202	109.42885771543094
408	33	1	119.402	182.68000000000004
408	34	1	178.03992015968058	150.50099800399187
408	35	1	138.91616766467058	153.36327345309383
408	36	1	146.61477045908174	196.62275449101796
408	37	1	136.5199999999998	178.64199999999988
408	38	1	60.059880239520965	177.1477045908184
408	39	1	157.5289421157685	181.79241516966073
408	40	1	9.836327345309392	22.81237524950097
408	41	1	101.70999999999998	163.17399999999995
408	42	1	50.04183266932273	190.54980079681275
408	43	1	26.60000000000001	92.83999999999997
408	44	1	71.3952095808383	163.81836327345312
408	45	1	36.71342685370742	109.41082164328657
409	1	2	4.927999999999999	4.604000000000001
409	2	2	4.9999999999999964	45
409	3	2	5.103999999999996	85.01200000000003
409	4	2	4.9999999999999964	125.00000000000003
409	5	2	4.9999999999999964	165.00000000000009
409	6	2	45.00000000000003	5.000000000000002
409	7	2	45.00000000000002	45.29999999999999
409	8	2	45.86799999999999	85.59599999999999
409	9	2	45.00000000000003	124.99999999999997
409	10	2	44.708000000000006	164.88799999999992
409	11	2	84.944	5.036000000000003
409	12	2	84.99999999999997	45.00000000000002
409	13	2	85.36625514403288	85.38683127572016
409	14	2	85.36051502145926	125.70386266094418
409	15	2	85.23999999999994	165.04399999999987
409	16	2	125.58333333333334	6.666666666666667
409	17	2	124.89200000000001	45.011999999999986
409	18	2	125.10800000000002	85.01999999999997
409	19	2	124.99600000000004	125.09999999999997
409	20	2	125.64400000000002	164.62800000000001
409	21	2	165.33600000000004	5.108
409	22	2	164.99999999999994	45.00000000000002
409	23	2	164.99999999999994	84.99999999999997
409	24	2	164.86799999999997	125.09599999999999
409	25	2	164.3235294117647	164.5882352941177
409	26	1	46.604790419161695	26.467065868263465
409	27	1	86.72800000000008	110.59800000000003
409	28	1	67.14770459081844	80.21157684630741
409	29	1	79.0480000000001	64.29199999999997
409	30	1	188.56087824351297	141.812375249501
409	31	1	115.46307385229547	144.3373253493014
409	32	1	14.685370741482956	109.6733466933868
409	33	1	119.40319361277446	182.72455089820363
409	34	1	177.93000000000012	150.46000000000018
409	35	1	138.80400000000003	153.28199999999998
409	36	1	146.67864271457094	196.72854291417167
409	37	1	136.52894211576844	178.64271457085812
409	38	1	60.04999999999996	177.19400000000007
409	39	1	157.45908183632739	181.71257485029935
409	40	1	9.878000000000013	22.786000000000012
409	41	1	101.70459081836331	163.1437125748503
409	42	1	49.99600000000003	190.596
409	43	1	26.4870259481038	92.97405189620756
409	44	1	71.42800000000003	163.97799999999995
409	45	1	36.73400000000001	109.28600000000007
410	1	2	4.927999999999999	4.604000000000001
410	2	2	4.9999999999999964	45
410	3	2	5.103999999999996	85.01200000000003
410	4	2	4.9999999999999964	125.00000000000003
410	5	2	4.9999999999999964	165.00000000000009
410	6	2	45.00000000000003	5.000000000000002
410	7	2	45.00000000000002	45.29999999999999
410	8	2	45.86799999999999	85.59599999999999
410	9	2	45.00000000000003	124.99999999999997
410	10	2	44.708000000000006	164.88799999999992
410	11	2	84.944	5.036000000000003
410	12	2	84.99999999999997	45.00000000000002
410	13	2	85.36625514403288	85.38683127572016
410	14	2	85.36051502145926	125.70386266094418
410	15	2	85.23999999999994	165.04399999999987
410	16	2	125.58333333333334	6.666666666666667
410	17	2	124.89200000000001	45.011999999999986
410	18	2	125.10800000000002	85.01999999999997
410	19	2	124.99600000000004	125.09999999999997
410	20	2	125.64400000000002	164.62800000000001
410	21	2	165.33600000000004	5.108
410	22	2	164.99999999999994	45.00000000000002
410	23	2	164.99999999999994	84.99999999999997
410	24	2	164.86799999999997	125.09599999999999
410	25	2	164.3235294117647	164.5882352941177
410	26	1	46.53000000000002	26.504000000000023
410	27	1	86.56200000000003	110.702
410	28	1	67.23999999999995	80.29600000000005
410	29	1	79.04000000000003	64.27800000000003
410	30	1	188.4749498997996	141.76953907815636
410	31	1	115.47294589178357	144.34669338677375
410	32	1	14.627490039840644	109.77091633466135
410	33	1	119.42199999999993	182.72399999999996
410	34	1	177.93000000000012	150.46000000000018
410	35	1	138.68662674650687	153.28742514970054
410	36	1	146.72400000000016	196.684
410	37	1	136.54399999999998	178.7039999999999
410	38	1	60.07199999999998	177.25600000000014
410	39	1	157.4779999999998	181.69599999999986
410	40	1	9.911999999999999	22.714000000000013
410	41	1	101.71656686626741	163.0698602794411
410	42	1	50.17635270541083	190.65731462925856
410	43	1	26.402000000000008	93.07400000000004
410	44	1	71.46307385229531	164.05588822355307
410	45	1	36.742	109.19199999999996
411	1	2	4.927999999999999	4.604000000000001
411	2	2	4.9999999999999964	45
411	3	2	5.103999999999996	85.01200000000003
411	4	2	4.9999999999999964	125.00000000000003
411	5	2	4.9999999999999964	165.00000000000009
411	6	2	45.00000000000003	5.000000000000002
411	7	2	45.00000000000002	45.29999999999999
411	8	2	45.86799999999999	85.59599999999999
411	9	2	45.00000000000003	124.99999999999997
411	10	2	44.708000000000006	164.88799999999992
411	11	2	84.944	5.036000000000003
411	12	2	84.99999999999997	45.00000000000002
411	13	2	85.36625514403288	85.38683127572016
411	14	2	85.36051502145926	125.70386266094418
411	15	2	85.23999999999994	165.04399999999987
411	16	2	125.58333333333334	6.666666666666667
411	17	2	124.89200000000001	45.011999999999986
411	18	2	125.10800000000002	85.01999999999997
411	19	2	124.99600000000004	125.09999999999997
411	20	2	125.64400000000002	164.62800000000001
411	21	2	165.33600000000004	5.108
411	22	2	164.99999999999994	45.00000000000002
411	23	2	164.99999999999994	84.99999999999997
411	24	2	164.86799999999997	125.09599999999999
411	25	2	164.3235294117647	164.5882352941177
411	26	1	46.405189620758456	26.55489021956088
411	27	1	86.52894211576843	110.73652694610773
411	28	1	67.18199999999993	80.404
411	29	1	79.05788423153697	64.27544910179638
411	30	1	188.43599999999998	141.726
411	31	1	115.32865731462923	144.29258517034086
411	32	1	14.743486973947903	109.94188376753507
411	33	1	119.40200000000009	182.78399999999996
411	34	1	177.84600000000015	150.46199999999988
411	35	1	138.44910179640726	153.1976047904191
411	36	1	146.71713147410347	196.75298804780877
411	37	1	136.56087824351303	178.59680638722548
411	38	1	60.18837675350703	177.4128256513025
411	39	1	157.4730538922156	181.74051896207587
411	40	1	9.936000000000003	22.660000000000007
411	41	1	101.71257485029945	163.1936127744511
411	42	1	50.20399999999996	190.644
411	43	1	26.245999999999977	93.24800000000003
411	44	1	71.43227091633466	164.13745019920322
411	45	1	36.78043912175648	109.1596806387225
412	1	2	4.927999999999999	4.604000000000001
412	2	2	4.9999999999999964	45
412	3	2	5.103999999999996	85.01200000000003
412	4	2	4.9999999999999964	125.00000000000003
412	5	2	4.9999999999999964	165.00000000000009
412	6	2	45.00000000000003	5.000000000000002
412	7	2	45.00000000000002	45.29999999999999
412	8	2	45.86799999999999	85.59599999999999
412	9	2	45.00000000000003	124.99999999999997
412	10	2	44.708000000000006	164.88799999999992
412	11	2	84.944	5.036000000000003
412	12	2	84.99999999999997	45.00000000000002
412	13	2	85.36625514403288	85.38683127572016
412	14	2	85.36051502145926	125.70386266094418
412	15	2	85.23999999999994	165.04399999999987
412	16	2	125.58333333333334	6.666666666666667
412	17	2	124.89200000000001	45.011999999999986
412	18	2	125.10800000000002	85.01999999999997
412	19	2	124.99600000000004	125.09999999999997
412	20	2	125.64400000000002	164.62800000000001
412	21	2	165.33600000000004	5.108
412	22	2	164.99999999999994	45.00000000000002
412	23	2	164.99999999999994	84.99999999999997
412	24	2	164.86799999999997	125.09599999999999
412	25	2	164.3235294117647	164.5882352941177
412	26	1	46.27599999999996	26.69599999999998
412	27	1	86.24701195219122	110.81075697211153
412	28	1	67.21556886227546	80.46107784431133
412	29	1	79.07400000000003	64.29399999999998
412	30	1	188.284	141.71999999999997
412	31	1	115.28143712574855	144.18363273453105
412	32	1	14.696000000000016	109.95199999999997
412	33	1	119.414	182.81400000000016
412	34	1	177.8520000000001	150.57200000000037
412	35	1	138.42315369261487	153.15568862275455
412	36	1	146.74650698602798	196.7864271457086
412	37	1	136.56087824351303	178.59680638722548
412	38	1	60.33799999999998	177.5320000000002
412	39	1	157.41799999999998	181.73399999999998
412	40	1	9.960079840319368	22.644710578842318
412	41	1	101.72654690618758	163.1556886227544
412	42	1	50.275999999999975	190.63599999999988
412	43	1	26.173999999999978	93.32200000000007
412	44	1	71.36999999999988	164.11399999999995
412	45	1	36.805999999999976	109.0839999999999
413	1	2	4.927999999999999	4.604000000000001
413	2	2	4.9999999999999964	45
413	3	2	5.103999999999996	85.01200000000003
413	4	2	4.9999999999999964	125.00000000000003
413	5	2	4.9999999999999964	165.00000000000009
413	6	2	45.00000000000003	5.000000000000002
413	7	2	45.00000000000002	45.29999999999999
413	8	2	45.86799999999999	85.59599999999999
413	9	2	45.00000000000003	124.99999999999997
413	10	2	44.708000000000006	164.88799999999992
413	11	2	84.944	5.036000000000003
413	12	2	84.99999999999997	45.00000000000002
413	13	2	85.36625514403288	85.38683127572016
413	14	2	85.36051502145926	125.70386266094418
413	15	2	85.23999999999994	165.04399999999987
413	16	2	125.58333333333334	6.666666666666667
413	17	2	124.89200000000001	45.011999999999986
413	18	2	125.10800000000002	85.01999999999997
413	19	2	124.99600000000004	125.09999999999997
413	20	2	125.64400000000002	164.62800000000001
413	21	2	165.33600000000004	5.108
413	22	2	164.99999999999994	45.00000000000002
413	23	2	164.99999999999994	84.99999999999997
413	24	2	164.86799999999997	125.09599999999999
413	25	2	164.3235294117647	164.5882352941177
413	26	1	46.08200000000001	26.861999999999995
413	27	1	86.04800000000004	110.81599999999992
413	28	1	67.31400000000002	80.60799999999996
413	29	1	79.05800000000008	64.30400000000003
413	30	1	188.196	141.69199999999992
413	31	1	115.292	144.16200000000006
413	32	1	14.576846307385228	109.85828343313376
413	33	1	119.4471057884231	182.76247504990027
413	34	1	177.85599999999997	150.616
413	35	1	138.3592814371257	153.1317365269461
413	36	1	146.73799999999994	196.88400000000001
413	37	1	136.5820000000002	178.59200000000004
413	38	1	60.368525896414326	177.63346613545835
413	39	1	157.41235059760947	181.74302788844622
413	40	1	10.040000000000012	22.598000000000003
413	41	1	101.69599999999993	163.22200000000007
413	42	1	50.33	190.73400000000007
413	43	1	26.109780439121753	93.4071856287425
413	44	1	71.33133732534934	164.0159680638723
413	45	1	36.792000000000016	108.99800000000002
414	1	2	4.927999999999999	4.604000000000001
414	2	2	4.9999999999999964	45
414	3	2	5.103999999999996	85.01200000000003
414	4	2	4.9999999999999964	125.00000000000003
414	5	2	4.9999999999999964	165.00000000000009
414	6	2	45.00000000000003	5.000000000000002
414	7	2	45.00000000000002	45.29999999999999
414	8	2	45.86799999999999	85.59599999999999
414	9	2	45.00000000000003	124.99999999999997
414	10	2	44.708000000000006	164.88799999999992
414	11	2	84.944	5.036000000000003
414	12	2	84.99999999999997	45.00000000000002
414	13	2	85.36625514403288	85.38683127572016
414	14	2	85.36051502145926	125.70386266094418
414	15	2	85.23999999999994	165.04399999999987
414	16	2	125.58333333333334	6.666666666666667
414	17	2	124.89200000000001	45.011999999999986
414	18	2	125.10800000000002	85.01999999999997
414	19	2	124.99600000000004	125.09999999999997
414	20	2	125.64400000000002	164.62800000000001
414	21	2	165.33600000000004	5.108
414	22	2	164.99999999999994	45.00000000000002
414	23	2	164.99999999999994	84.99999999999997
414	24	2	164.86799999999997	125.09599999999999
414	25	2	164.3235294117647	164.5882352941177
414	26	1	46.034	26.89800000000001
414	27	1	85.90419161676644	110.79640718562874
414	28	1	67.34730538922156	80.66067864271456
414	29	1	78.98400000000007	64.27600000000001
414	30	1	188.19361277445108	141.68662674650693
414	31	1	115.25000000000003	144.29999999999993
414	32	1	14.59680638722555	109.82035928143715
414	33	1	119.4291417165669	182.79640718562882
414	34	1	177.8399999999999	150.6
414	35	1	138.31999999999994	153.13200000000018
414	36	1	146.72999999999985	196.874
414	37	1	136.56686626746506	178.62275449101787
414	38	1	60.40999999999999	177.63199999999983
414	39	1	157.3559999999999	181.69199999999975
414	40	1	10.02400000000001	22.626000000000015
414	41	1	101.59800000000004	163.32600000000005
414	42	1	50.362	190.76600000000005
414	43	1	26.20758483033933	93.46906187624754
414	44	1	71.24999999999989	164.07399999999984
414	45	1	36.79800000000004	108.99999999999999
415	1	2	4.927999999999999	4.604000000000001
415	2	2	4.9999999999999964	45
415	3	2	5.103999999999996	85.01200000000003
415	4	2	4.9999999999999964	125.00000000000003
415	5	2	4.9999999999999964	165.00000000000009
415	6	2	45.00000000000003	5.000000000000002
415	7	2	45.00000000000002	45.29999999999999
415	8	2	45.86799999999999	85.59599999999999
415	9	2	45.00000000000003	124.99999999999997
415	10	2	44.708000000000006	164.88799999999992
415	11	2	84.944	5.036000000000003
415	12	2	84.99999999999997	45.00000000000002
415	13	2	85.36625514403288	85.38683127572016
415	14	2	85.36051502145926	125.70386266094418
415	15	2	85.23999999999994	165.04399999999987
415	16	2	125.58333333333334	6.666666666666667
415	17	2	124.89200000000001	45.011999999999986
415	18	2	125.10800000000002	85.01999999999997
415	19	2	124.99600000000004	125.09999999999997
415	20	2	125.64400000000002	164.62800000000001
415	21	2	165.33600000000004	5.108
415	22	2	164.99999999999994	45.00000000000002
415	23	2	164.99999999999994	84.99999999999997
415	24	2	164.86799999999997	125.09599999999999
415	25	2	164.3235294117647	164.5882352941177
415	26	1	45.992015968063896	26.938123752495
415	27	1	85.70399999999995	110.79199999999996
415	28	1	67.36127744510982	80.78243512974049
415	29	1	78.93799999999995	64.28000000000002
415	30	1	188.148	141.71599999999995
415	31	1	115.23599999999995	144.382
415	32	1	14.582000000000003	109.92000000000002
415	33	1	119.44	182.8159999999999
415	34	1	177.81200000000018	150.63399999999987
415	35	1	138.278	153.12999999999997
415	36	1	146.70000000000013	196.93
415	37	1	136.55000000000007	178.62599999999986
415	38	1	60.43313373253491	177.64271457085826
415	39	1	157.27400000000017	181.66200000000006
415	40	1	10.00798403193613	22.594810379241505
415	41	1	101.51200000000001	163.2899999999999
415	42	1	50.41516966067865	190.8203592814373
415	43	1	26.147704590818364	93.64870259481037
415	44	1	71.25548902195601	164.063872255489
415	45	1	36.768463073852296	109.00399201596802
416	1	2	4.927999999999999	4.604000000000001
416	2	2	4.9999999999999964	45
416	3	2	5.103999999999996	85.01200000000003
416	4	2	4.9999999999999964	125.00000000000003
416	5	2	4.9999999999999964	165.00000000000009
416	6	2	45.00000000000003	5.000000000000002
416	7	2	45.00000000000002	45.29999999999999
416	8	2	45.86799999999999	85.59599999999999
416	9	2	45.00000000000003	124.99999999999997
416	10	2	44.708000000000006	164.88799999999992
416	11	2	84.944	5.036000000000003
416	12	2	84.99999999999997	45.00000000000002
416	13	2	85.36625514403288	85.38683127572016
416	14	2	85.36051502145926	125.70386266094418
416	15	2	85.23999999999994	165.04399999999987
416	16	2	125.58333333333334	6.666666666666667
416	17	2	124.89200000000001	45.011999999999986
416	18	2	125.10800000000002	85.01999999999997
416	19	2	124.99600000000004	125.09999999999997
416	20	2	125.64400000000002	164.62800000000001
416	21	2	165.33600000000004	5.108
416	22	2	164.99999999999994	45.00000000000002
416	23	2	164.99999999999994	84.99999999999997
416	24	2	164.86799999999997	125.09599999999999
416	25	2	164.3235294117647	164.5882352941177
416	26	1	45.828	27.16799999999999
416	27	1	85.54400000000001	110.82200000000003
416	28	1	67.32934131736526	80.88023952095803
416	29	1	78.87800000000001	64.27399999999999
416	30	1	188.14171656686628	141.72654690618762
416	31	1	115.13799999999993	144.46
416	32	1	14.558000000000002	109.97600000000001
416	33	1	119.43000000000002	182.83999999999997
416	34	1	177.73799999999997	150.63799999999995
416	35	1	138.08982035928142	153.03393213572855
416	36	1	146.70459081836339	196.9760479041916
416	37	1	136.56799999999978	178.56999999999985
416	38	1	60.436873747495	177.64128256513013
416	39	1	157.24	181.61800000000008
416	40	1	9.976000000000004	22.564000000000004
416	41	1	101.48296593186379	163.244488977956
416	42	1	50.488000000000014	190.796
416	43	1	25.972000000000005	93.91999999999997
416	44	1	71.29141716566862	164.0818363273452
416	45	1	36.83233532934136	108.80039920159683
417	1	2	4.927999999999999	4.604000000000001
417	2	2	4.9999999999999964	45
417	3	2	5.103999999999996	85.01200000000003
417	4	2	4.9999999999999964	125.00000000000003
417	5	2	4.9999999999999964	165.00000000000009
417	6	2	45.00000000000003	5.000000000000002
417	7	2	45.00000000000002	45.29999999999999
417	8	2	45.86799999999999	85.59599999999999
417	9	2	45.00000000000003	124.99999999999997
417	10	2	44.708000000000006	164.88799999999992
417	11	2	84.944	5.036000000000003
417	12	2	84.99999999999997	45.00000000000002
417	13	2	85.36625514403288	85.38683127572016
417	14	2	85.36051502145926	125.70386266094418
417	15	2	85.23999999999994	165.04399999999987
417	16	2	125.58333333333334	6.666666666666667
417	17	2	124.89200000000001	45.011999999999986
417	18	2	125.10800000000002	85.01999999999997
417	19	2	124.99600000000004	125.09999999999997
417	20	2	125.64400000000002	164.62800000000001
417	21	2	165.33600000000004	5.108
417	22	2	164.99999999999994	45.00000000000002
417	23	2	164.99999999999994	84.99999999999997
417	24	2	164.86799999999997	125.09599999999999
417	25	2	164.3235294117647	164.5882352941177
417	26	1	45.68537074148297	27.292585170340683
417	27	1	85.37848605577683	110.91832669322707
417	28	1	67.24448897795585	80.99799599198393
417	29	1	78.78243512974049	64.29740518962073
417	30	1	188.148	141.75000000000014
417	31	1	115.07984031936125	144.44910179640712
417	32	1	14.490000000000002	109.93400000000004
417	33	1	119.45999999999995	182.80599999999995
417	34	1	177.73799999999997	150.63799999999995
417	35	1	138.00799999999998	152.96200000000013
417	36	1	146.72055888223545	197.00199600798402
417	37	1	136.58116232464928	178.54308617234466
417	38	1	60.514970059880255	177.63672654690615
417	39	1	157.1939999999999	181.57600000000005
417	40	1	9.9500998003992	22.608782435129758
417	41	1	101.45200000000001	163.1679999999999
417	42	1	50.59400000000004	190.9079999999999
417	43	1	25.90818363273453	93.99600798403202
417	44	1	71.40918163672661	164.02794411177655
417	45	1	36.78243512974056	108.82834331337332
418	1	2	4.927999999999999	4.604000000000001
418	2	2	4.9999999999999964	45
418	3	2	5.103999999999996	85.01200000000003
418	4	2	4.9999999999999964	125.00000000000003
418	5	2	4.9999999999999964	165.00000000000009
418	6	2	45.00000000000003	5.000000000000002
418	7	2	45.00000000000002	45.29999999999999
418	8	2	45.86799999999999	85.59599999999999
418	9	2	45.00000000000003	124.99999999999997
418	10	2	44.708000000000006	164.88799999999992
418	11	2	84.944	5.036000000000003
418	12	2	84.99999999999997	45.00000000000002
418	13	2	85.36625514403288	85.38683127572016
418	14	2	85.36051502145926	125.70386266094418
418	15	2	85.23999999999994	165.04399999999987
418	16	2	125.58333333333334	6.666666666666667
418	17	2	124.89200000000001	45.011999999999986
418	18	2	125.10800000000002	85.01999999999997
418	19	2	124.99600000000004	125.09999999999997
418	20	2	125.64400000000002	164.62800000000001
418	21	2	165.33600000000004	5.108
418	22	2	164.99999999999994	45.00000000000002
418	23	2	164.99999999999994	84.99999999999997
418	24	2	164.86799999999997	125.09599999999999
418	25	2	164.3235294117647	164.5882352941177
418	26	1	45.590818363273435	27.267465069860265
418	27	1	85.4031936127745	110.98203592814372
418	28	1	67.25200000000001	81.05399999999999
418	29	1	78.76646706586823	64.28343313373249
418	30	1	188.142	141.77200000000005
418	31	1	115.0961923847695	144.37474949899791
418	32	1	14.499001996007985	109.97804391217569
418	33	1	119.42200000000001	182.79200000000017
418	34	1	177.77399999999992	150.676
418	35	1	137.81437125748494	152.81037924151707
418	36	1	146.73799999999994	196.978
418	37	1	136.5919999999999	178.57000000000005
418	38	1	60.590818363273414	177.7405189620758
418	39	1	157.148	181.49799999999988
418	40	1	9.902000000000001	22.595999999999986
418	41	1	101.46200000000003	163.20599999999988
418	42	1	50.572	190.92599999999993
418	43	1	25.81437125748504	94.00399201596804
418	44	1	71.45200000000003	163.97799999999992
418	45	1	36.681274900398414	108.80478087649401
419	1	2	4.927999999999999	4.604000000000001
419	2	2	4.9999999999999964	45
419	3	2	5.103999999999996	85.01200000000003
419	4	2	4.9999999999999964	125.00000000000003
419	5	2	4.9999999999999964	165.00000000000009
419	6	2	45.00000000000003	5.000000000000002
419	7	2	45.00000000000002	45.29999999999999
419	8	2	45.86799999999999	85.59599999999999
419	9	2	45.00000000000003	124.99999999999997
419	10	2	44.708000000000006	164.88799999999992
419	11	2	84.944	5.036000000000003
419	12	2	84.99999999999997	45.00000000000002
419	13	2	85.36625514403288	85.38683127572016
419	14	2	85.36051502145926	125.70386266094418
419	15	2	85.23999999999994	165.04399999999987
419	16	2	125.58333333333334	6.666666666666667
419	17	2	124.89200000000001	45.011999999999986
419	18	2	125.10800000000002	85.01999999999997
419	19	2	124.99600000000004	125.09999999999997
419	20	2	125.64400000000002	164.62800000000001
419	21	2	165.33600000000004	5.108
419	22	2	164.99999999999994	45.00000000000002
419	23	2	164.99999999999994	84.99999999999997
419	24	2	164.86799999999997	125.09599999999999
419	25	2	164.3235294117647	164.5882352941177
419	26	1	45.437125748502964	27.231536926147715
419	27	1	85.282	110.97599999999998
419	28	1	67.13572854291421	81.19960079840317
419	29	1	78.69800000000005	64.30599999999998
419	30	1	188.0938123752495	141.76646706586823
419	31	1	115.05611222444888	144.372745490982
419	32	1	14.538922155688622	109.88622754491016
419	33	1	119.45400000000002	182.80199999999996
419	34	1	177.76646706586845	150.7684630738525
419	35	1	137.75600000000009	152.764
419	36	1	146.79799999999983	196.956
419	37	1	136.62199999999996	178.53400000000008
419	38	1	60.595999999999954	177.77600000000007
419	39	1	157.11200000000005	181.40799999999993
419	40	1	9.864000000000008	22.59399999999998
419	41	1	101.4219999999999	163.10799999999998
419	42	1	50.55000000000005	190.94799999999992
419	43	1	25.698602794411176	93.99999999999999
419	44	1	71.48400000000002	164.0400000000001
419	45	1	36.73799999999998	108.64999999999993
420	1	2	4.927999999999999	4.604000000000001
420	2	2	4.9999999999999964	45
420	3	2	5.103999999999996	85.01200000000003
420	4	2	4.9999999999999964	125.00000000000003
420	5	2	4.9999999999999964	165.00000000000009
420	6	2	45.00000000000003	5.000000000000002
420	7	2	45.00000000000002	45.29999999999999
420	8	2	45.86799999999999	85.59599999999999
420	9	2	45.00000000000003	124.99999999999997
420	10	2	44.708000000000006	164.88799999999992
420	11	2	84.944	5.036000000000003
420	12	2	84.99999999999997	45.00000000000002
420	13	2	85.36625514403288	85.38683127572016
420	14	2	85.36051502145926	125.70386266094418
420	15	2	85.23999999999994	165.04399999999987
420	16	2	125.58333333333334	6.666666666666667
420	17	2	124.89200000000001	45.011999999999986
420	18	2	125.10800000000002	85.01999999999997
420	19	2	124.99600000000004	125.09999999999997
420	20	2	125.64400000000002	164.62800000000001
420	21	2	165.33600000000004	5.108
420	22	2	164.99999999999994	45.00000000000002
420	23	2	164.99999999999994	84.99999999999997
420	24	2	164.86799999999997	125.09599999999999
420	25	2	164.3235294117647	164.5882352941177
420	26	1	45.480000000000025	27.21800000000003
420	27	1	85.24351297405188	110.96806387225546
420	28	1	67.09381237524953	81.29141716566869
420	29	1	78.83233532934125	64.40518962075849
420	30	1	187.95808383233532	141.66067864271454
420	31	1	115.02000000000002	144.29799999999983
420	32	1	14.564000000000007	109.88
420	33	1	119.39520958083824	182.76047904191606
420	34	1	177.75000000000003	150.78199999999998
420	35	1	137.7065868263473	152.6646706586827
420	36	1	146.78799999999998	196.924
420	37	1	136.6067864271457	178.4630738522955
420	38	1	60.63473053892216	177.7644710578844
420	39	1	157.08399999999995	181.38600000000002
420	40	1	9.895999999999995	22.504000000000005
420	41	1	101.36000000000008	163.0680000000001
420	42	1	50.64400000000005	190.97800000000015
420	43	1	25.610778443113794	94.0159680638722
420	44	1	71.47400000000005	164.0180000000001
420	45	1	36.72055888223552	108.56886227544918
421	1	2	4.927999999999999	4.604000000000001
421	2	2	4.9999999999999964	45
421	3	2	5.103999999999996	85.01200000000003
421	4	2	4.9999999999999964	125.00000000000003
421	5	2	4.9999999999999964	165.00000000000009
421	6	2	45.00000000000003	5.000000000000002
421	7	2	45.00000000000002	45.29999999999999
421	8	2	45.86799999999999	85.59599999999999
421	9	2	45.00000000000003	124.99999999999997
421	10	2	44.708000000000006	164.88799999999992
421	11	2	84.944	5.036000000000003
421	12	2	84.99999999999997	45.00000000000002
421	13	2	85.36625514403288	85.38683127572016
421	14	2	85.36051502145926	125.70386266094418
421	15	2	85.23999999999994	165.04399999999987
421	16	2	125.58333333333334	6.666666666666667
421	17	2	124.89200000000001	45.011999999999986
421	18	2	125.10800000000002	85.01999999999997
421	19	2	124.99600000000004	125.09999999999997
421	20	2	125.64400000000002	164.62800000000001
421	21	2	165.33600000000004	5.108
421	22	2	164.99999999999994	45.00000000000002
421	23	2	164.99999999999994	84.99999999999997
421	24	2	164.86799999999997	125.09599999999999
421	25	2	164.3235294117647	164.5882352941177
421	26	1	45.45309381237521	27.17764471057885
421	27	1	85.10000000000002	111.0240000000001
421	28	1	67.05199999999998	81.39400000000009
421	29	1	78.80799999999985	64.43200000000004
421	30	1	187.894	141.68999999999994
421	31	1	115.02000000000002	144.32799999999986
421	32	1	14.541999999999996	109.8559999999999
421	33	1	119.4271457085828	182.73253493013965
421	34	1	177.766	150.83399999999995
421	35	1	137.67600000000002	152.60400000000016
421	36	1	146.79000000000002	196.91
421	37	1	136.64271457085812	178.3932135728544
421	38	1	60.6606786427146	177.68662674650702
421	39	1	157.06813627254502	181.3366733466934
421	40	1	9.804391217564868	22.493013972055888
421	41	1	101.33599999999996	163.05400000000003
421	42	1	50.708000000000006	191.024
421	43	1	25.608	94.10399999999998
421	44	1	71.50698602794414	163.93812375249513
421	45	1	36.63273453093817	108.59281437125742
422	1	2	4.927999999999999	4.604000000000001
422	2	2	4.9999999999999964	45
422	3	2	5.103999999999996	85.01200000000003
422	4	2	4.9999999999999964	125.00000000000003
422	5	2	4.9999999999999964	165.00000000000009
422	6	2	45.00000000000003	5.000000000000002
422	7	2	45.00000000000002	45.29999999999999
422	8	2	45.86799999999999	85.59599999999999
422	9	2	45.00000000000003	124.99999999999997
422	10	2	44.708000000000006	164.88799999999992
422	11	2	84.944	5.036000000000003
422	12	2	84.99999999999997	45.00000000000002
422	13	2	85.36625514403288	85.38683127572016
422	14	2	85.36051502145926	125.70386266094418
422	15	2	85.23999999999994	165.04399999999987
422	16	2	125.58333333333334	6.666666666666667
422	17	2	124.89200000000001	45.011999999999986
422	18	2	125.10800000000002	85.01999999999997
422	19	2	124.99600000000004	125.09999999999997
422	20	2	125.64400000000002	164.62800000000001
422	21	2	165.33600000000004	5.108
422	22	2	164.99999999999994	45.00000000000002
422	23	2	164.99999999999994	84.99999999999997
422	24	2	164.86799999999997	125.09599999999999
422	25	2	164.3235294117647	164.5882352941177
422	26	1	45.39920159680643	27.09580838323353
422	27	1	84.88822355289419	110.94411177644706
422	28	1	67.02200000000005	81.47999999999999
422	29	1	78.80599999999998	64.49999999999997
422	30	1	187.858	141.6740000000001
422	31	1	115.02195608782435	144.29341317365262
422	32	1	14.55888223552894	109.89221556886235
422	33	1	119.41199999999999	182.70399999999987
422	34	1	177.79241516966067	150.8522954091815
422	35	1	137.58882235528938	152.56886227544916
422	36	1	146.7819999999999	196.98
422	37	1	136.64399999999995	178.402
422	38	1	60.73399999999999	177.69199999999998
422	39	1	157.0480000000001	181.334
422	40	1	9.704590818363277	22.481037924151707
422	41	1	101.32399999999997	162.95399999999998
422	42	1	50.751503006012044	190.991983967936
422	43	1	25.554890219560864	94.10379241516961
422	44	1	71.51400000000004	163.9260000000001
422	45	1	36.66399999999996	108.54800000000004
423	1	2	4.927999999999999	4.604000000000001
423	2	2	4.9999999999999964	45
423	3	2	5.103999999999996	85.01200000000003
423	4	2	4.9999999999999964	125.00000000000003
423	5	2	4.9999999999999964	165.00000000000009
423	6	2	45.00000000000003	5.000000000000002
423	7	2	45.00000000000002	45.29999999999999
423	8	2	45.86799999999999	85.59599999999999
423	9	2	45.00000000000003	124.99999999999997
423	10	2	44.708000000000006	164.88799999999992
423	11	2	84.944	5.036000000000003
423	12	2	84.99999999999997	45.00000000000002
423	13	2	85.36625514403288	85.38683127572016
423	14	2	85.36051502145926	125.70386266094418
423	15	2	85.23999999999994	165.04399999999987
423	16	2	125.58333333333334	6.666666666666667
423	17	2	124.89200000000001	45.011999999999986
423	18	2	125.10800000000002	85.01999999999997
423	19	2	124.99600000000004	125.09999999999997
423	20	2	125.64400000000002	164.62800000000001
423	21	2	165.33600000000004	5.108
423	22	2	164.99999999999994	45.00000000000002
423	23	2	164.99999999999994	84.99999999999997
423	24	2	164.86799999999997	125.09599999999999
423	25	2	164.3235294117647	164.5882352941177
423	26	1	45.28685258964144	27.069721115537867
423	27	1	84.64000000000007	110.99799999999999
423	28	1	66.98802395209577	81.67664670658682
423	29	1	78.74000000000002	64.544
423	30	1	187.838	141.63999999999993
423	31	1	114.98802395209579	144.28542914171672
423	32	1	14.637999999999993	109.9
423	33	1	119.39520958083837	182.68862275449112
423	34	1	177.82235528942132	150.89421157684635
423	35	1	137.52399999999997	152.4840000000001
423	36	1	146.77999999999992	197.152
423	37	1	136.66267465069876	178.4011976047903
423	38	1	60.72400000000001	177.69400000000005
423	39	1	156.94011976047904	181.21157684630742
423	40	1	9.752000000000008	22.413999999999987
423	41	1	101.26946107784424	162.91816367265494
423	42	1	50.77644710578842	191.07385229540907
423	43	1	25.50600000000003	94.19600000000003
423	44	1	71.59	163.97599999999997
423	45	1	36.70799999999999	108.51599999999993
424	1	2	4.927999999999999	4.604000000000001
424	2	2	4.9999999999999964	45
424	3	2	5.103999999999996	85.01200000000003
424	4	2	4.9999999999999964	125.00000000000003
424	5	2	4.9999999999999964	165.00000000000009
424	6	2	45.00000000000003	5.000000000000002
424	7	2	45.00000000000002	45.29999999999999
424	8	2	45.86799999999999	85.59599999999999
424	9	2	45.00000000000003	124.99999999999997
424	10	2	44.708000000000006	164.88799999999992
424	11	2	84.944	5.036000000000003
424	12	2	84.99999999999997	45.00000000000002
424	13	2	85.36625514403288	85.38683127572016
424	14	2	85.36051502145926	125.70386266094418
424	15	2	85.23999999999994	165.04399999999987
424	16	2	125.58333333333334	6.666666666666667
424	17	2	124.89200000000001	45.011999999999986
424	18	2	125.10800000000002	85.01999999999997
424	19	2	124.99600000000004	125.09999999999997
424	20	2	125.64400000000002	164.62800000000001
424	21	2	165.33600000000004	5.108
424	22	2	164.99999999999994	45.00000000000002
424	23	2	164.99999999999994	84.99999999999997
424	24	2	164.86799999999997	125.09599999999999
424	25	2	164.3235294117647	164.5882352941177
424	26	1	45.23200000000001	27.186000000000018
424	27	1	84.6387225548903	111.12375249500998
424	28	1	66.92999999999995	81.71199999999996
424	29	1	78.7820000000001	64.60400000000004
424	30	1	187.76999999999998	141.58400000000003
424	31	1	114.96007984031938	144.23153692614775
424	32	1	14.66666666666668	109.88023952095816
424	33	1	119.39800000000008	182.57
424	34	1	177.7520000000002	150.8979999999997
424	35	1	137.48303393213567	152.46906187624768
424	36	1	146.75449101796409	197.17165668662673
424	37	1	136.64000000000016	178.43599999999986
424	38	1	60.73947895791584	177.63727454909832
424	39	1	156.9441117764472	181.22554890219564
424	40	1	9.684000000000005	22.412
424	41	1	101.16399999999997	162.74600000000015
424	42	1	50.88600000000001	191.06199999999987
424	43	1	25.556886227544915	94.19960079840317
424	44	1	71.65668662674659	164.01796407185617
424	45	1	36.61200000000001	108.60799999999998
425	1	2	4.927999999999999	4.604000000000001
425	2	2	4.9999999999999964	45
425	3	2	5.103999999999996	85.01200000000003
425	4	2	4.9999999999999964	125.00000000000003
425	5	2	4.9999999999999964	165.00000000000009
425	6	2	45.00000000000003	5.000000000000002
425	7	2	45.00000000000002	45.29999999999999
425	8	2	45.86799999999999	85.59599999999999
425	9	2	45.00000000000003	124.99999999999997
425	10	2	44.708000000000006	164.88799999999992
425	11	2	84.944	5.036000000000003
425	12	2	84.99999999999997	45.00000000000002
425	13	2	85.36625514403288	85.38683127572016
425	14	2	85.36051502145926	125.70386266094418
425	15	2	85.23999999999994	165.04399999999987
425	16	2	125.58333333333334	6.666666666666667
425	17	2	124.89200000000001	45.011999999999986
425	18	2	125.10800000000002	85.01999999999997
425	19	2	124.99600000000004	125.09999999999997
425	20	2	125.64400000000002	164.62800000000001
425	21	2	165.33600000000004	5.108
425	22	2	164.99999999999994	45.00000000000002
425	23	2	164.99999999999994	84.99999999999997
425	24	2	164.86799999999997	125.09599999999999
425	25	2	164.3235294117647	164.5882352941177
425	26	1	45.23752495009979	27.25349301397206
425	27	1	84.39399999999998	111.18600000000002
425	28	1	66.81600000000002	81.93599999999995
425	29	1	78.7924151696606	64.78243512974045
425	30	1	187.77689243027888	141.5298804780876
425	31	1	114.94400000000002	144.26400000000004
425	32	1	14.69	109.92200000000008
425	33	1	119.38922155688621	182.5229540918165
425	34	1	177.752	150.98200000000003
425	35	1	137.39121756487032	152.4091816367265
425	36	1	146.754	197.224
425	37	1	136.67800000000022	178.4399999999999
425	38	1	60.74600000000005	177.63799999999998
425	39	1	156.940119760479	181.1756487025948
425	40	1	9.661999999999999	22.400000000000002
425	41	1	101.10200000000007	162.68599999999986
425	42	1	50.884	191.036
425	43	1	25.509018036072145	94.3026052104208
425	44	1	71.76846307385232	164.00798403193625
425	45	1	36.618762475049884	108.55688622754492
426	1	2	4.927999999999999	4.604000000000001
426	2	2	4.9999999999999964	45
426	3	2	5.103999999999996	85.01200000000003
426	4	2	4.9999999999999964	125.00000000000003
426	5	2	4.9999999999999964	165.00000000000009
426	6	2	45.00000000000003	5.000000000000002
426	7	2	45.00000000000002	45.29999999999999
426	8	2	45.86799999999999	85.59599999999999
426	9	2	45.00000000000003	124.99999999999997
426	10	2	44.708000000000006	164.88799999999992
426	11	2	84.944	5.036000000000003
426	12	2	84.99999999999997	45.00000000000002
426	13	2	85.36625514403288	85.38683127572016
426	14	2	85.36051502145926	125.70386266094418
426	15	2	85.23999999999994	165.04399999999987
426	16	2	125.58333333333334	6.666666666666667
426	17	2	124.89200000000001	45.011999999999986
426	18	2	125.10800000000002	85.01999999999997
426	19	2	124.99600000000004	125.09999999999997
426	20	2	125.64400000000002	164.62800000000001
426	21	2	165.33600000000004	5.108
426	22	2	164.99999999999994	45.00000000000002
426	23	2	164.99999999999994	84.99999999999997
426	24	2	164.86799999999997	125.09599999999999
426	25	2	164.3235294117647	164.5882352941177
426	26	1	45.1936127744511	27.283433133732547
426	27	1	84.38000000000002	111.25999999999993
426	28	1	66.80400000000004	81.97599999999991
426	29	1	78.86999999999992	64.75399999999996
426	30	1	187.7125748502994	141.5229540918163
426	31	1	114.8824701195219	144.23306772908376
426	32	1	14.662674650698605	109.93812375249509
426	33	1	119.35528942115769	182.52095808383226
426	34	1	177.73253493013962	150.99999999999994
426	35	1	137.3579999999998	152.404
426	36	1	146.8120000000001	197.344
426	37	1	136.67465069860285	178.4211576846307
426	38	1	60.82035928143713	177.6147704590819
426	39	1	156.88800000000012	181.12199999999993
426	40	1	9.638000000000003	22.348000000000006
426	41	1	101.071856287425	162.68263473053884
426	42	1	50.84199999999998	190.9999999999999
426	43	1	25.502000000000006	94.30400000000009
426	44	1	71.92600000000004	163.8539999999999
426	45	1	36.57599999999998	108.48599999999998
427	1	2	4.927999999999999	4.604000000000001
427	2	2	4.9999999999999964	45
427	3	2	5.103999999999996	85.01200000000003
427	4	2	4.9999999999999964	125.00000000000003
427	5	2	4.9999999999999964	165.00000000000009
427	6	2	45.00000000000003	5.000000000000002
427	7	2	45.00000000000002	45.29999999999999
427	8	2	45.86799999999999	85.59599999999999
427	9	2	45.00000000000003	124.99999999999997
427	10	2	44.708000000000006	164.88799999999992
427	11	2	84.944	5.036000000000003
427	12	2	84.99999999999997	45.00000000000002
427	13	2	85.36625514403288	85.38683127572016
427	14	2	85.36051502145926	125.70386266094418
427	15	2	85.23999999999994	165.04399999999987
427	16	2	125.58333333333334	6.666666666666667
427	17	2	124.89200000000001	45.011999999999986
427	18	2	125.10800000000002	85.01999999999997
427	19	2	124.99600000000004	125.09999999999997
427	20	2	125.64400000000002	164.62800000000001
427	21	2	165.33600000000004	5.108
427	22	2	164.99999999999994	45.00000000000002
427	23	2	164.99999999999994	84.99999999999997
427	24	2	164.86799999999997	125.09599999999999
427	25	2	164.3235294117647	164.5882352941177
427	26	1	45.15369261477053	27.305389221556883
427	27	1	84.21956087824354	111.31536926147702
427	28	1	66.79000000000002	82.10200000000006
427	29	1	78.97400000000002	64.80400000000003
427	30	1	187.734	141.5199999999999
427	31	1	114.82000000000001	144.11199999999994
427	32	1	14.634730538922168	109.86027944111784
427	33	1	119.27999999999996	182.50199999999998
427	34	1	177.73600000000008	150.98
427	35	1	137.2215568862274	152.34730538922153
427	36	1	146.76846307385244	197.4630738522954
427	37	1	136.64599999999993	178.46000000000004
427	38	1	60.858000000000025	177.59200000000007
427	39	1	156.77400000000014	181.04200000000006
427	40	1	9.603999999999994	22.480000000000004
427	41	1	101.03799999999994	162.52199999999996
427	42	1	50.920000000000016	190.98200000000006
427	43	1	25.491017964071865	94.32335329341318
427	44	1	72.06813627254506	163.72344689378767
427	45	1	36.574000000000005	108.52200000000005
428	1	2	4.927999999999999	4.604000000000001
428	2	2	4.9999999999999964	45
428	3	2	5.103999999999996	85.01200000000003
428	4	2	4.9999999999999964	125.00000000000003
428	5	2	4.9999999999999964	165.00000000000009
428	6	2	45.00000000000003	5.000000000000002
428	7	2	45.00000000000002	45.29999999999999
428	8	2	45.86799999999999	85.59599999999999
428	9	2	45.00000000000003	124.99999999999997
428	10	2	44.708000000000006	164.88799999999992
428	11	2	84.944	5.036000000000003
428	12	2	84.99999999999997	45.00000000000002
428	13	2	85.36625514403288	85.38683127572016
428	14	2	85.36051502145926	125.70386266094418
428	15	2	85.23999999999994	165.04399999999987
428	16	2	125.58333333333334	6.666666666666667
428	17	2	124.89200000000001	45.011999999999986
428	18	2	125.10800000000002	85.01999999999997
428	19	2	124.99600000000004	125.09999999999997
428	20	2	125.64400000000002	164.62800000000001
428	21	2	165.33600000000004	5.108
428	22	2	164.99999999999994	45.00000000000002
428	23	2	164.99999999999994	84.99999999999997
428	24	2	164.86799999999997	125.09599999999999
428	25	2	164.3235294117647	164.5882352941177
428	26	1	45.036072144288596	27.250501002004
428	27	1	84.22400000000006	111.4
428	28	1	66.7684630738523	82.17365269461081
428	29	1	79.03	64.86599999999996
428	30	1	187.62	141.45600000000007
428	31	1	114.82834331337315	144.19161676646706
428	32	1	14.544910179640718	109.76247504990012
428	33	1	119.22554890219573	182.52095808383234
428	34	1	177.7105788423155	151.0259481037924
428	35	1	137.18163672654694	152.3013972055888
428	36	1	146.75648702594796	197.5249500998004
428	37	1	136.60799999999992	178.498
428	38	1	60.87600000000001	177.56000000000006
428	39	1	156.75200000000015	180.99200000000008
428	40	1	9.524000000000001	22.563999999999986
428	41	1	101.00000000000006	162.41800000000012
428	42	1	50.860000000000035	190.94000000000017
428	43	1	25.473999999999997	94.36199999999994
428	44	1	72.09399999999997	163.70000000000007
428	45	1	36.44200000000002	108.64199999999991
429	1	2	4.927999999999999	4.604000000000001
429	2	2	4.9999999999999964	45
429	3	2	5.103999999999996	85.01200000000003
429	4	2	4.9999999999999964	125.00000000000003
429	5	2	4.9999999999999964	165.00000000000009
429	6	2	45.00000000000003	5.000000000000002
429	7	2	45.00000000000002	45.29999999999999
429	8	2	45.86799999999999	85.59599999999999
429	9	2	45.00000000000003	124.99999999999997
429	10	2	44.708000000000006	164.88799999999992
429	11	2	84.944	5.036000000000003
429	12	2	84.99999999999997	45.00000000000002
429	13	2	85.36625514403288	85.38683127572016
429	14	2	85.36051502145926	125.70386266094418
429	15	2	85.23999999999994	165.04399999999987
429	16	2	125.58333333333334	6.666666666666667
429	17	2	124.89200000000001	45.011999999999986
429	18	2	125.10800000000002	85.01999999999997
429	19	2	124.99600000000004	125.09999999999997
429	20	2	125.64400000000002	164.62800000000001
429	21	2	165.33600000000004	5.108
429	22	2	164.99999999999994	45.00000000000002
429	23	2	164.99999999999994	84.99999999999997
429	24	2	164.86799999999997	125.09599999999999
429	25	2	164.3235294117647	164.5882352941177
429	26	1	45.1936127744511	27.073852295409175
429	27	1	84.08167330677297	111.3665338645418
429	28	1	66.756487025948	82.26147704590818
429	29	1	79.061876247505	64.95409181636732
429	30	1	187.606	141.42399999999995
429	31	1	114.79399999999994	144.24200000000002
429	32	1	14.483999999999991	109.71399999999997
429	33	1	119.24351297405204	182.4950099800399
429	34	1	177.8003992015967	151.05189620758463
429	35	1	137.0980000000001	152.21000000000004
429	36	1	146.72199999999995	197.546
429	37	1	136.6826347305388	178.41916167664667
429	38	1	60.92614770459079	177.56287425149685
429	39	1	156.81399999999988	180.98599999999996
429	40	1	9.4128256513026	22.617234468937877
429	41	1	100.98602794411168	162.3992015968064
429	42	1	50.828	190.92200000000014
429	43	1	25.453093812375293	94.39920159680628
429	44	1	72.13999999999999	163.76200000000009
429	45	1	36.34530938123755	108.70459081836331
430	1	2	4.927999999999999	4.604000000000001
430	2	2	4.9999999999999964	45
430	3	2	5.103999999999996	85.01200000000003
430	4	2	4.9999999999999964	125.00000000000003
430	5	2	4.9999999999999964	165.00000000000009
430	6	2	45.00000000000003	5.000000000000002
430	7	2	45.00000000000002	45.29999999999999
430	8	2	45.86799999999999	85.59599999999999
430	9	2	45.00000000000003	124.99999999999997
430	10	2	44.708000000000006	164.88799999999992
430	11	2	84.944	5.036000000000003
430	12	2	84.99999999999997	45.00000000000002
430	13	2	85.36625514403288	85.38683127572016
430	14	2	85.36051502145926	125.70386266094418
430	15	2	85.23999999999994	165.04399999999987
430	16	2	125.58333333333334	6.666666666666667
430	17	2	124.89200000000001	45.011999999999986
430	18	2	125.10800000000002	85.01999999999997
430	19	2	124.99600000000004	125.09999999999997
430	20	2	125.64400000000002	164.62800000000001
430	21	2	165.33600000000004	5.108
430	22	2	164.99999999999994	45.00000000000002
430	23	2	164.99999999999994	84.99999999999997
430	24	2	164.86799999999997	125.09599999999999
430	25	2	164.3235294117647	164.5882352941177
430	26	1	45.22954091816369	26.98802395209582
430	27	1	84.06	111.49600000000005
430	28	1	66.774	82.36199999999998
430	29	1	79.08216432865731	65.02605210420838
430	30	1	187.60956175298804	141.36852589641435
430	31	1	114.81237524950103	144.20758483033944
430	32	1	14.440239043824697	109.63147410358572
430	33	1	119.24000000000004	182.50599999999994
430	34	1	177.8499999999999	151.04799999999997
430	35	1	137.08599999999998	152.16600000000008
430	36	1	146.62999999999994	197.618
430	37	1	136.76047904191623	178.32934131736533
430	38	1	60.98203592814371	177.6287425149701
430	39	1	156.8060000000001	180.9059999999999
430	40	1	9.348000000000003	22.630000000000017
430	41	1	101.02	162.30599999999995
430	42	1	50.863999999999955	190.9199999999999
430	43	1	25.48702594810379	94.30139720558871
430	44	1	72.13000000000002	163.77200000000008
430	45	1	36.27200000000001	108.72999999999996
431	1	2	4.927999999999999	4.604000000000001
431	2	2	4.9999999999999964	45
431	3	2	5.103999999999996	85.01200000000003
431	4	2	4.9999999999999964	125.00000000000003
431	5	2	4.9999999999999964	165.00000000000009
431	6	2	45.00000000000003	5.000000000000002
431	7	2	45.00000000000002	45.29999999999999
431	8	2	45.86799999999999	85.59599999999999
431	9	2	45.00000000000003	124.99999999999997
431	10	2	44.708000000000006	164.88799999999992
431	11	2	84.944	5.036000000000003
431	12	2	84.99999999999997	45.00000000000002
431	13	2	85.36625514403288	85.38683127572016
431	14	2	85.36051502145926	125.70386266094418
431	15	2	85.23999999999994	165.04399999999987
431	16	2	125.58333333333334	6.666666666666667
431	17	2	124.89200000000001	45.011999999999986
431	18	2	125.10800000000002	85.01999999999997
431	19	2	124.99600000000004	125.09999999999997
431	20	2	125.64400000000002	164.62800000000001
431	21	2	165.33600000000004	5.108
431	22	2	164.99999999999994	45.00000000000002
431	23	2	164.99999999999994	84.99999999999997
431	24	2	164.86799999999997	125.09599999999999
431	25	2	164.3235294117647	164.5882352941177
431	26	1	45.20359281437127	27.02195608782436
431	27	1	83.89999999999999	111.41199999999995
431	28	1	66.69199999999994	82.516
431	29	1	79.2435129740519	65.08383233532935
431	30	1	187.6686626746507	141.41317365269458
431	31	1	114.78800000000004	144.22200000000012
431	32	1	14.304000000000004	109.49200000000002
431	33	1	119.13599999999987	182.4760000000001
431	34	1	177.89820359281433	151.07784431137736
431	35	1	137.046	152.11599999999996
431	36	1	146.570858283433	197.55289421157684
431	37	1	136.74051896207584	178.24351297405212
431	38	1	61.05189620758482	177.55688622754488
431	39	1	156.80439121756504	180.88622754491027
431	40	1	9.303999999999998	22.648000000000007
431	41	1	100.94200000000008	162.24999999999977
431	42	1	50.86427145708585	190.85828343313372
431	43	1	25.48207171314741	94.31274900398404
431	44	1	72.20199999999996	163.70999999999992
431	45	1	36.24600000000001	108.75800000000005
432	1	2	4.927999999999999	4.604000000000001
432	2	2	4.9999999999999964	45
432	3	2	5.103999999999996	85.01200000000003
432	4	2	4.9999999999999964	125.00000000000003
432	5	2	4.9999999999999964	165.00000000000009
432	6	2	45.00000000000003	5.000000000000002
432	7	2	45.00000000000002	45.29999999999999
432	8	2	45.86799999999999	85.59599999999999
432	9	2	45.00000000000003	124.99999999999997
432	10	2	44.708000000000006	164.88799999999992
432	11	2	84.944	5.036000000000003
432	12	2	84.99999999999997	45.00000000000002
432	13	2	85.36625514403288	85.38683127572016
432	14	2	85.36051502145926	125.70386266094418
432	15	2	85.23999999999994	165.04399999999987
432	16	2	125.58333333333334	6.666666666666667
432	17	2	124.89200000000001	45.011999999999986
432	18	2	125.10800000000002	85.01999999999997
432	19	2	124.99600000000004	125.09999999999997
432	20	2	125.64400000000002	164.62800000000001
432	21	2	165.33600000000004	5.108
432	22	2	164.99999999999994	45.00000000000002
432	23	2	164.99999999999994	84.99999999999997
432	24	2	164.86799999999997	125.09599999999999
432	25	2	164.3235294117647	164.5882352941177
432	26	1	45.15768463073852	27.08782435129741
432	27	1	83.88400000000004	111.50199999999992
432	28	1	66.66800000000002	82.57000000000001
432	29	1	79.27399999999999	65.11399999999998
432	30	1	187.58283433133732	141.26746506986024
432	31	1	114.79999999999995	144.32199999999997
432	32	1	14.18562874251497	109.41916167664668
432	33	1	119.06799999999998	182.49999999999997
432	34	1	178.10379241516964	151.14171656686605
432	35	1	137.08999999999997	152.16999999999985
432	36	1	146.54399999999995	197.784
432	37	1	136.73399999999995	178.392
432	38	1	61.10978043912177	177.55289421157698
432	39	1	156.72255489021975	180.74251497006
432	40	1	9.247504990019955	22.658682634730535
432	41	1	100.90019960079827	162.20359281437126
432	42	1	50.82600000000001	190.74399999999974
432	43	1	25.52200000000001	94.35399999999997
432	44	1	72.24351297405178	163.62475049900206
432	45	1	36.176	108.78399999999999
433	1	2	4.927999999999999	4.604000000000001
433	2	2	4.9999999999999964	45
433	3	2	5.103999999999996	85.01200000000003
433	4	2	4.9999999999999964	125.00000000000003
433	5	2	4.9999999999999964	165.00000000000009
433	6	2	45.00000000000003	5.000000000000002
433	7	2	45.00000000000002	45.29999999999999
433	8	2	45.86799999999999	85.59599999999999
433	9	2	45.00000000000003	124.99999999999997
433	10	2	44.708000000000006	164.88799999999992
433	11	2	84.944	5.036000000000003
433	12	2	84.99999999999997	45.00000000000002
433	13	2	85.36625514403288	85.38683127572016
433	14	2	85.36051502145926	125.70386266094418
433	15	2	85.23999999999994	165.04399999999987
433	16	2	125.58333333333334	6.666666666666667
433	17	2	124.89200000000001	45.011999999999986
433	18	2	125.10800000000002	85.01999999999997
433	19	2	124.99600000000004	125.09999999999997
433	20	2	125.64400000000002	164.62800000000001
433	21	2	165.33600000000004	5.108
433	22	2	164.99999999999994	45.00000000000002
433	23	2	164.99999999999994	84.99999999999997
433	24	2	164.86799999999997	125.09599999999999
433	25	2	164.3235294117647	164.5882352941177
433	26	1	45.21999999999999	27.006000000000007
433	27	1	83.64400000000003	111.55199999999996
433	28	1	66.65600000000005	82.53600000000004
433	29	1	79.25548902195617	65.14570858283423
433	30	1	187.5449101796407	141.1976047904192
433	31	1	114.75600000000006	144.31999999999996
433	32	1	14.147999999999996	109.41400000000004
433	33	1	119.00399999999998	182.46599999999978
433	34	1	178.19960079840334	151.14970059880227
433	35	1	137.07800000000003	152.1279999999999
433	36	1	146.474	197.83
433	37	1	136.78599999999972	178.24400000000003
433	38	1	61.13373253493016	177.4830339321355
433	39	1	156.73652694610806	180.7504990019959
433	40	1	9.223552894211576	22.63473053892214
433	41	1	100.77644710578846	161.99600798403188
433	42	1	50.752495009980024	190.63872255489034
433	43	1	25.55289421157685	94.31137724550901
433	44	1	72.24351297405182	163.5129740518962
433	45	1	36.135999999999996	108.78200000000004
434	1	2	4.927999999999999	4.604000000000001
434	2	2	4.9999999999999964	45
434	3	2	5.103999999999996	85.01200000000003
434	4	2	4.9999999999999964	125.00000000000003
434	5	2	4.9999999999999964	165.00000000000009
434	6	2	45.00000000000003	5.000000000000002
434	7	2	45.00000000000002	45.29999999999999
434	8	2	45.86799999999999	85.59599999999999
434	9	2	45.00000000000003	124.99999999999997
434	10	2	44.708000000000006	164.88799999999992
434	11	2	84.944	5.036000000000003
434	12	2	84.99999999999997	45.00000000000002
434	13	2	85.36625514403288	85.38683127572016
434	14	2	85.36051502145926	125.70386266094418
434	15	2	85.23999999999994	165.04399999999987
434	16	2	125.58333333333334	6.666666666666667
434	17	2	124.89200000000001	45.011999999999986
434	18	2	125.10800000000002	85.01999999999997
434	19	2	124.99600000000004	125.09999999999997
434	20	2	125.64400000000002	164.62800000000001
434	21	2	165.33600000000004	5.108
434	22	2	164.99999999999994	45.00000000000002
434	23	2	164.99999999999994	84.99999999999997
434	24	2	164.86799999999997	125.09599999999999
434	25	2	164.3235294117647	164.5882352941177
434	26	1	45.34331337325349	26.80439121756485
434	27	1	83.518	111.5699999999999
434	28	1	66.62199999999997	82.64199999999998
434	29	1	79.26000000000002	65.252
434	30	1	187.59	141.28599999999986
434	31	1	114.76646706586834	144.30738522954096
434	32	1	14.05200000000001	109.27799999999996
434	33	1	118.98599999999998	182.39800000000002
434	34	1	178.18762475049897	151.17165668662685
434	35	1	137.08599999999996	152.07800000000006
434	36	1	146.42514970059898	197.9441117764471
434	37	1	136.8642714570859	178.1956087824351
434	38	1	61.11000000000001	177.5179999999998
434	39	1	156.70059880239523	180.72654690618754
434	40	1	9.214000000000006	22.500000000000014
434	41	1	100.79241516966064	161.92614770459093
434	42	1	50.71257485029938	190.55888223552896
434	43	1	25.53493013972055	94.26746506986022
434	44	1	72.32400000000004	163.46800000000013
434	45	1	36.11000000000006	108.74399999999993
435	1	2	4.927999999999999	4.604000000000001
435	2	2	4.9999999999999964	45
435	3	2	5.103999999999996	85.01200000000003
435	4	2	4.9999999999999964	125.00000000000003
435	5	2	4.9999999999999964	165.00000000000009
435	6	2	45.00000000000003	5.000000000000002
435	7	2	45.00000000000002	45.29999999999999
435	8	2	45.86799999999999	85.59599999999999
435	9	2	45.00000000000003	124.99999999999997
435	10	2	44.708000000000006	164.88799999999992
435	11	2	84.944	5.036000000000003
435	12	2	84.99999999999997	45.00000000000002
435	13	2	85.36625514403288	85.38683127572016
435	14	2	85.36051502145926	125.70386266094418
435	15	2	85.23999999999994	165.04399999999987
435	16	2	125.58333333333334	6.666666666666667
435	17	2	124.89200000000001	45.011999999999986
435	18	2	125.10800000000002	85.01999999999997
435	19	2	124.99600000000004	125.09999999999997
435	20	2	125.64400000000002	164.62800000000001
435	21	2	165.33600000000004	5.108
435	22	2	164.99999999999994	45.00000000000002
435	23	2	164.99999999999994	84.99999999999997
435	24	2	164.86799999999997	125.09599999999999
435	25	2	164.3235294117647	164.5882352941177
435	26	1	45.36599999999998	26.704000000000015
435	27	1	83.48303393213568	111.59281437125753
435	28	1	66.69123505976088	82.70517928286851
435	29	1	79.23800000000001	65.308
435	30	1	187.6187624750499	141.21157684630737
435	31	1	114.70999999999997	144.46399999999997
435	32	1	13.93	109.24199999999995
435	33	1	118.96007984031937	182.3972055888223
435	34	1	178.30139720558878	151.15968063872245
435	35	1	136.95808383233515	152.02994011976037
435	36	1	146.35528942115775	197.9121756487026
435	37	1	136.92015968063873	178.18762475049903
435	38	1	61.24849699398794	177.56713426853702
435	39	1	156.79041916167657	180.73253493013974
435	40	1	9.179640718562867	22.455089820359273
435	41	1	100.702	161.798
435	42	1	50.82799999999999	190.47000000000008
435	43	1	25.535999999999998	94.2880000000001
435	44	1	72.35599999999997	163.40400000000002
435	45	1	35.99600798403191	108.80239520958077
436	1	2	4.927999999999999	4.604000000000001
436	2	2	4.9999999999999964	45
436	3	2	5.103999999999996	85.01200000000003
436	4	2	4.9999999999999964	125.00000000000003
436	5	2	4.9999999999999964	165.00000000000009
436	6	2	45.00000000000003	5.000000000000002
436	7	2	45.00000000000002	45.29999999999999
436	8	2	45.86799999999999	85.59599999999999
436	9	2	45.00000000000003	124.99999999999997
436	10	2	44.708000000000006	164.88799999999992
436	11	2	84.944	5.036000000000003
436	12	2	84.99999999999997	45.00000000000002
436	13	2	85.36625514403288	85.38683127572016
436	14	2	85.36051502145926	125.70386266094418
436	15	2	85.23999999999994	165.04399999999987
436	16	2	125.58333333333334	6.666666666666667
436	17	2	124.89200000000001	45.011999999999986
436	18	2	125.10800000000002	85.01999999999997
436	19	2	124.99600000000004	125.09999999999997
436	20	2	125.64400000000002	164.62800000000001
436	21	2	165.33600000000004	5.108
436	22	2	164.99999999999994	45.00000000000002
436	23	2	164.99999999999994	84.99999999999997
436	24	2	164.86799999999997	125.09599999999999
436	25	2	164.3235294117647	164.5882352941177
436	26	1	45.37724550898201	26.668662674650726
436	27	1	83.44510978043914	111.57285429141714
436	28	1	66.75648702594805	82.77844311377251
436	29	1	79.27399999999999	65.42599999999992
436	30	1	187.624	141.16399999999993
436	31	1	114.67199999999988	144.51600000000005
436	32	1	13.753999999999998	109.14200000000005
436	33	1	118.88000000000002	182.35199999999995
436	34	1	178.292	151.11399999999995
436	35	1	136.9422310756969	152.01792828685237
436	36	1	146.24151696606793	197.86427145708592
436	37	1	136.88000000000017	178.14199999999985
436	38	1	61.308000000000014	177.5559999999999
436	39	1	156.7888446215139	180.72908366533866
436	40	1	9.071856287425145	22.532934131736525
436	41	1	100.60678642714575	161.5788423153693
436	42	1	50.81037924151697	190.3812375249502
436	43	1	25.559999999999985	94.32200000000003
436	44	1	72.34999999999997	163.32400000000004
436	45	1	35.91600000000004	108.79200000000007
437	1	2	4.927999999999999	4.604000000000001
437	2	2	4.9999999999999964	45
437	3	2	5.103999999999996	85.01200000000003
437	4	2	4.9999999999999964	125.00000000000003
437	5	2	4.9999999999999964	165.00000000000009
437	6	2	45.00000000000003	5.000000000000002
437	7	2	45.00000000000002	45.29999999999999
437	8	2	45.86799999999999	85.59599999999999
437	9	2	45.00000000000003	124.99999999999997
437	10	2	44.708000000000006	164.88799999999992
437	11	2	84.944	5.036000000000003
437	12	2	84.99999999999997	45.00000000000002
437	13	2	85.36625514403288	85.38683127572016
437	14	2	85.36051502145926	125.70386266094418
437	15	2	85.23999999999994	165.04399999999987
437	16	2	125.58333333333334	6.666666666666667
437	17	2	124.89200000000001	45.011999999999986
437	18	2	125.10800000000002	85.01999999999997
437	19	2	124.99600000000004	125.09999999999997
437	20	2	125.64400000000002	164.62800000000001
437	21	2	165.33600000000004	5.108
437	22	2	164.99999999999994	45.00000000000002
437	23	2	164.99999999999994	84.99999999999997
437	24	2	164.86799999999997	125.09599999999999
437	25	2	164.3235294117647	164.5882352941177
437	26	1	45.38999999999995	26.55999999999999
437	27	1	83.31137724550894	111.56886227544913
437	28	1	66.73600000000003	82.80999999999996
437	29	1	79.3473053892215	65.48702594810378
437	30	1	187.56199999999998	141.1440000000002
437	31	1	114.71543086172338	144.54308617234474
437	32	1	13.696606786427152	109.18962075848304
437	33	1	118.88822355289422	182.38922155688618
437	34	1	178.33133732534915	151.13972055888226
437	35	1	136.88199999999983	152.01199999999963
437	36	1	146.1320000000002	197.98
437	37	1	136.97200000000007	178.01799999999992
437	38	1	61.32199999999997	177.468
437	39	1	156.75200000000007	180.736
437	40	1	9.027944111776451	22.550898203592816
437	41	1	100.57485029940122	161.52495009980063
437	42	1	50.75848303393218	190.30738522954093
437	43	1	25.574000000000023	94.358
437	44	1	72.40119760479055	163.19161676646698
437	45	1	35.874251497005986	108.84031936127747
438	1	2	4.927999999999999	4.604000000000001
438	2	2	4.9999999999999964	45
438	3	2	5.103999999999996	85.01200000000003
438	4	2	4.9999999999999964	125.00000000000003
438	5	2	4.9999999999999964	165.00000000000009
438	6	2	45.00000000000003	5.000000000000002
438	7	2	45.00000000000002	45.29999999999999
438	8	2	45.86799999999999	85.59599999999999
438	9	2	45.00000000000003	124.99999999999997
438	10	2	44.708000000000006	164.88799999999992
438	11	2	84.944	5.036000000000003
438	12	2	84.99999999999997	45.00000000000002
438	13	2	85.36625514403288	85.38683127572016
438	14	2	85.36051502145926	125.70386266094418
438	15	2	85.23999999999994	165.04399999999987
438	16	2	125.58333333333334	6.666666666666667
438	17	2	124.89200000000001	45.011999999999986
438	18	2	125.10800000000002	85.01999999999997
438	19	2	124.99600000000004	125.09999999999997
438	20	2	125.64400000000002	164.62800000000001
438	21	2	165.33600000000004	5.108
438	22	2	164.99999999999994	45.00000000000002
438	23	2	164.99999999999994	84.99999999999997
438	24	2	164.86799999999997	125.09599999999999
438	25	2	164.3235294117647	164.5882352941177
438	26	1	45.301397205588835	26.459081836327343
438	27	1	83.04199999999993	111.66999999999996
438	28	1	66.70400000000005	82.90999999999998
438	29	1	79.47600000000003	65.58400000000003
438	30	1	187.53	141.14200000000008
438	31	1	114.7305389221556	144.53892215568865
438	32	1	13.67800000000001	109.17200000000003
438	33	1	118.75350701402802	182.40681362725462
438	34	1	178.34999999999994	151.13399999999984
438	35	1	136.97205588822337	152.0479041916167
438	36	1	146.05600000000004	198.074
438	37	1	136.9203187250997	178.0278884462153
438	38	1	61.42315369261478	177.47305389221572
438	39	1	156.74251497005997	180.7704590818364
438	40	1	8.943999999999996	22.63799999999998
438	41	1	100.5120000000001	161.40399999999988
438	42	1	50.70200000000002	190.17800000000003
438	43	1	25.568862275449103	94.41516966067856
438	44	1	72.44311377245505	163.0798403193612
438	45	1	35.82799999999996	108.79799999999999
439	1	2	4.927999999999999	4.604000000000001
439	2	2	4.9999999999999964	45
439	3	2	5.103999999999996	85.01200000000003
439	4	2	4.9999999999999964	125.00000000000003
439	5	2	4.9999999999999964	165.00000000000009
439	6	2	45.00000000000003	5.000000000000002
439	7	2	45.00000000000002	45.29999999999999
439	8	2	45.86799999999999	85.59599999999999
439	9	2	45.00000000000003	124.99999999999997
439	10	2	44.708000000000006	164.88799999999992
439	11	2	84.944	5.036000000000003
439	12	2	84.99999999999997	45.00000000000002
439	13	2	85.36625514403288	85.38683127572016
439	14	2	85.36051502145926	125.70386266094418
439	15	2	85.23999999999994	165.04399999999987
439	16	2	125.58333333333334	6.666666666666667
439	17	2	124.89200000000001	45.011999999999986
439	18	2	125.10800000000002	85.01999999999997
439	19	2	124.99600000000004	125.09999999999997
439	20	2	125.64400000000002	164.62800000000001
439	21	2	165.33600000000004	5.108
439	22	2	164.99999999999994	45.00000000000002
439	23	2	164.99999999999994	84.99999999999997
439	24	2	164.86799999999997	125.09599999999999
439	25	2	164.3235294117647	164.5882352941177
439	26	1	45.257999999999974	26.35799999999999
439	27	1	83.06187624750501	111.7704590818363
439	28	1	66.64471057884232	82.97804391217572
439	29	1	79.57485029940122	65.63473053892204
439	30	1	187.51799999999997	140.978
439	31	1	114.72654690618765	144.57684630738513
439	32	1	13.578842315369261	109.09980039920168
439	33	1	118.75951903807612	182.54909819639278
439	34	1	178.4451097804392	151.0918163672655
439	35	1	136.90199999999996	152.05799999999996
439	36	1	146.05588822355278	198.23552894211562
439	37	1	136.89600000000007	178.00800000000004
439	38	1	61.55289421157688	177.50698602794412
439	39	1	156.64599999999996	180.6959999999999
439	40	1	8.776447105788419	22.764471057884226
439	41	1	100.54600000000003	161.298
439	42	1	50.670658682634716	190.00199600798402
439	43	1	25.572854291417187	94.46107784431129
439	44	1	72.53692614770458	162.95209580838315
439	45	1	35.75249500998008	108.87425149700601
440	1	2	4.927999999999999	4.604000000000001
440	2	2	4.9999999999999964	45
440	3	2	5.103999999999996	85.01200000000003
440	4	2	4.9999999999999964	125.00000000000003
440	5	2	4.9999999999999964	165.00000000000009
440	6	2	45.00000000000003	5.000000000000002
440	7	2	45.00000000000002	45.29999999999999
440	8	2	45.86799999999999	85.59599999999999
440	9	2	45.00000000000003	124.99999999999997
440	10	2	44.708000000000006	164.88799999999992
440	11	2	84.944	5.036000000000003
440	12	2	84.99999999999997	45.00000000000002
440	13	2	85.36625514403288	85.38683127572016
440	14	2	85.36051502145926	125.70386266094418
440	15	2	85.23999999999994	165.04399999999987
440	16	2	125.58333333333334	6.666666666666667
440	17	2	124.89200000000001	45.011999999999986
440	18	2	125.10800000000002	85.01999999999997
440	19	2	124.99600000000004	125.09999999999997
440	20	2	125.64400000000002	164.62800000000001
440	21	2	165.33600000000004	5.108
440	22	2	164.99999999999994	45.00000000000002
440	23	2	164.99999999999994	84.99999999999997
440	24	2	164.86799999999997	125.09599999999999
440	25	2	164.3235294117647	164.5882352941177
440	26	1	45.241516966067884	26.203592814371245
440	27	1	82.93027888446214	111.79282868525895
440	28	1	66.5928143712575	83.11776447105791
440	29	1	79.65668662674642	65.74251497005986
440	30	1	187.6207584830339	140.8762475049899
440	31	1	114.8183632734531	144.55089820359288
440	32	1	13.458000000000002	108.94999999999999
440	33	1	118.68600000000008	182.47799999999992
440	34	1	178.504	150.95600000000016
440	35	1	136.9401197604791	152.1097804391218
440	36	1	146.04208416833686	198.20440881763534
440	37	1	136.87400000000002	178.102
440	38	1	61.67400000000001	177.52600000000004
440	39	1	156.68600000000006	180.75200000000015
440	40	1	8.649999999999999	22.810000000000016
440	41	1	100.5150300601203	161.10821643286556
440	42	1	50.59680638722556	189.76646706586806
440	43	1	25.588822355289423	94.50099800399192
440	44	1	72.59399999999998	162.84199999999996
440	45	1	35.68463073852295	108.95808383233529
441	1	2	4.927999999999999	4.604000000000001
441	2	2	4.9999999999999964	45
441	3	2	5.103999999999996	85.01200000000003
441	4	2	4.9999999999999964	125.00000000000003
441	5	2	4.9999999999999964	165.00000000000009
441	6	2	45.00000000000003	5.000000000000002
441	7	2	45.00000000000002	45.29999999999999
441	8	2	45.86799999999999	85.59599999999999
441	9	2	45.00000000000003	124.99999999999997
441	10	2	44.708000000000006	164.88799999999992
441	11	2	84.944	5.036000000000003
441	12	2	84.99999999999997	45.00000000000002
441	13	2	85.36625514403288	85.38683127572016
441	14	2	85.36051502145926	125.70386266094418
441	15	2	85.23999999999994	165.04399999999987
441	16	2	125.58333333333334	6.666666666666667
441	17	2	124.89200000000001	45.011999999999986
441	18	2	125.10800000000002	85.01999999999997
441	19	2	124.99600000000004	125.09999999999997
441	20	2	125.64400000000002	164.62800000000001
441	21	2	165.33600000000004	5.108
441	22	2	164.99999999999994	45.00000000000002
441	23	2	164.99999999999994	84.99999999999997
441	24	2	164.86799999999997	125.09599999999999
441	25	2	164.3235294117647	164.5882352941177
441	26	1	45.181999999999995	26.234000000000012
441	27	1	82.88822355289416	111.83832335329345
441	28	1	66.60399999999998	83.24999999999993
441	29	1	79.66199999999995	65.86200000000005
441	30	1	187.69261477045907	140.8662674650698
441	31	1	114.83999999999996	144.4799999999999
441	32	1	13.406000000000004	108.87000000000005
441	33	1	118.64600000000002	182.44800000000015
441	34	1	178.56686626746486	151.0019960079841
441	35	1	136.89399999999992	152.12399999999982
441	36	1	145.95599999999982	198.28400000000008
441	37	1	136.91400000000007	178.052
441	38	1	61.69200000000002	177.50000000000009
441	39	1	156.68263473053906	180.77644710578835
441	40	1	8.494	22.908000000000015
441	41	1	100.51199999999996	160.94000000000014
441	42	1	50.57485029940119	189.6087824351298
441	43	1	25.635999999999992	94.44200000000002
441	44	1	72.59999999999995	162.61999999999992
441	45	1	35.61399999999996	108.99800000000008
442	1	2	4.927999999999999	4.604000000000001
442	2	2	4.9999999999999964	45
442	3	2	5.103999999999996	85.01200000000003
442	4	2	4.9999999999999964	125.00000000000003
442	5	2	4.9999999999999964	165.00000000000009
442	6	2	45.00000000000003	5.000000000000002
442	7	2	45.00000000000002	45.29999999999999
442	8	2	45.86799999999999	85.59599999999999
442	9	2	45.00000000000003	124.99999999999997
442	10	2	44.708000000000006	164.88799999999992
442	11	2	84.944	5.036000000000003
442	12	2	84.99999999999997	45.00000000000002
442	13	2	85.36625514403288	85.38683127572016
442	14	2	85.36051502145926	125.70386266094418
442	15	2	85.23999999999994	165.04399999999987
442	16	2	125.58333333333334	6.666666666666667
442	17	2	124.89200000000001	45.011999999999986
442	18	2	125.10800000000002	85.01999999999997
442	19	2	124.99600000000004	125.09999999999997
442	20	2	125.64400000000002	164.62800000000001
442	21	2	165.33600000000004	5.108
442	22	2	164.99999999999994	45.00000000000002
442	23	2	164.99999999999994	84.99999999999997
442	24	2	164.86799999999997	125.09599999999999
442	25	2	164.3235294117647	164.5882352941177
442	26	1	45.186000000000014	26.119999999999997
442	27	1	82.74051896207577	111.83033932135731
442	28	1	66.49900199600798	83.31337325349295
442	29	1	79.7379999999999	66.00199999999994
442	30	1	187.6986027944112	140.8303393213572
442	31	1	114.89200000000004	144.47799999999998
442	32	1	13.363273453093809	108.75249500998
442	33	1	118.53999999999999	182.46400000000003
442	34	1	178.5700000000001	150.9699999999999
442	35	1	136.8	152.13200000000012
442	36	1	145.95399999999992	198.2940000000001
442	37	1	136.93399999999997	178.0579999999999
442	38	1	61.745999999999995	177.47199999999995
442	39	1	156.75449101796406	180.8602794411178
442	40	1	8.486	22.919999999999998
442	41	1	100.5129740518962	160.71656686626727
442	42	1	50.484063745019924	189.4302788844622
442	43	1	25.65469061876248	94.43113772455094
442	44	1	72.66267465069845	162.49500998003992
442	45	1	35.67465069860281	108.91417165668665
443	1	2	4.927999999999999	4.604000000000001
443	2	2	4.9999999999999964	45
443	3	2	5.103999999999996	85.01200000000003
443	4	2	4.9999999999999964	125.00000000000003
443	5	2	4.9999999999999964	165.00000000000009
443	6	2	45.00000000000003	5.000000000000002
443	7	2	45.00000000000002	45.29999999999999
443	8	2	45.86799999999999	85.59599999999999
443	9	2	45.00000000000003	124.99999999999997
443	10	2	44.708000000000006	164.88799999999992
443	11	2	84.944	5.036000000000003
443	12	2	84.99999999999997	45.00000000000002
443	13	2	85.36625514403288	85.38683127572016
443	14	2	85.36051502145926	125.70386266094418
443	15	2	85.23999999999994	165.04399999999987
443	16	2	125.58333333333334	6.666666666666667
443	17	2	124.89200000000001	45.011999999999986
443	18	2	125.10800000000002	85.01999999999997
443	19	2	124.99600000000004	125.09999999999997
443	20	2	125.64400000000002	164.62800000000001
443	21	2	165.33600000000004	5.108
443	22	2	164.99999999999994	45.00000000000002
443	23	2	164.99999999999994	84.99999999999997
443	24	2	164.86799999999997	125.09599999999999
443	25	2	164.3235294117647	164.5882352941177
443	26	1	45.20799999999998	26.088
443	27	1	82.62075848303397	111.89620758483031
443	28	1	66.52600000000004	83.33999999999999
443	29	1	79.80439121756488	66.02794411177638
443	30	1	187.81636726546907	140.69461077844326
443	31	1	114.88799999999989	144.49200000000027
443	32	1	13.279441117764462	108.53293413173657
443	33	1	118.47200000000007	182.44400000000007
443	34	1	178.44510978043922	150.78043912175661
443	35	1	136.79599999999982	152.1139999999998
443	36	1	145.87824351297388	198.23353293413172
443	37	1	136.90618762475057	177.998003992016
443	38	1	61.87000000000001	177.556
443	39	1	156.79399999999987	180.88799999999995
443	40	1	8.375999999999992	22.926000000000027
443	41	1	100.46506986027948	160.73852295409176
443	42	1	50.42714570858286	189.25149700598786
443	43	1	25.70459081836325	94.4610778443114
443	44	1	72.68800000000013	162.42399999999992
443	45	1	35.68063872255489	108.90818363273452
444	1	2	4.927999999999999	4.604000000000001
444	2	2	4.9999999999999964	45
444	3	2	5.103999999999996	85.01200000000003
444	4	2	4.9999999999999964	125.00000000000003
444	5	2	4.9999999999999964	165.00000000000009
444	6	2	45.00000000000003	5.000000000000002
444	7	2	45.00000000000002	45.29999999999999
444	8	2	45.86799999999999	85.59599999999999
444	9	2	45.00000000000003	124.99999999999997
444	10	2	44.708000000000006	164.88799999999992
444	11	2	84.944	5.036000000000003
444	12	2	84.99999999999997	45.00000000000002
444	13	2	85.36625514403288	85.38683127572016
444	14	2	85.36051502145926	125.70386266094418
444	15	2	85.23999999999994	165.04399999999987
444	16	2	125.58333333333334	6.666666666666667
444	17	2	124.89200000000001	45.011999999999986
444	18	2	125.10800000000002	85.01999999999997
444	19	2	124.99600000000004	125.09999999999997
444	20	2	125.64400000000002	164.62800000000001
444	21	2	165.33600000000004	5.108
444	22	2	164.99999999999994	45.00000000000002
444	23	2	164.99999999999994	84.99999999999997
444	24	2	164.86799999999997	125.09599999999999
444	25	2	164.3235294117647	164.5882352941177
444	26	1	45.067864271457104	26.043912175648696
444	27	1	82.66866267465062	112.07584830339322
444	28	1	66.50199999999992	83.37600000000003
444	29	1	79.93013972055884	66.10778443113772
444	30	1	187.76447105788424	140.64071856287427
444	31	1	114.87025948103792	144.52095808383237
444	32	1	13.258000000000012	108.48999999999991
444	33	1	118.45400000000004	182.3719999999999
444	34	1	178.54600000000013	150.83999999999997
444	35	1	136.73852295409176	152.14171656686614
444	36	1	145.7948207171315	198.2808764940238
444	37	1	136.93186372745495	178.05611222444892
444	38	1	61.946107784431135	177.53293413173668
444	39	1	156.86626746507	181.00998003991998
444	40	1	8.271999999999993	23.021999999999977
444	41	1	100.44800000000004	160.6240000000002
444	42	1	50.39200000000002	189.1059999999999
444	43	1	25.713147410358552	94.42629482071716
444	44	1	72.74650698602794	162.30139720558876
444	45	1	35.71000000000002	108.84799999999993
445	1	2	4.927999999999999	4.604000000000001
445	2	2	4.9999999999999964	45
445	3	2	5.103999999999996	85.01200000000003
445	4	2	4.9999999999999964	125.00000000000003
445	5	2	4.9999999999999964	165.00000000000009
445	6	2	45.00000000000003	5.000000000000002
445	7	2	45.00000000000002	45.29999999999999
445	8	2	45.86799999999999	85.59599999999999
445	9	2	45.00000000000003	124.99999999999997
445	10	2	44.708000000000006	164.88799999999992
445	11	2	84.944	5.036000000000003
445	12	2	84.99999999999997	45.00000000000002
445	13	2	85.36625514403288	85.38683127572016
445	14	2	85.36051502145926	125.70386266094418
445	15	2	85.23999999999994	165.04399999999987
445	16	2	125.58333333333334	6.666666666666667
445	17	2	124.89200000000001	45.011999999999986
445	18	2	125.10800000000002	85.01999999999997
445	19	2	124.99600000000004	125.09999999999997
445	20	2	125.64400000000002	164.62800000000001
445	21	2	165.33600000000004	5.108
445	22	2	164.99999999999994	45.00000000000002
445	23	2	164.99999999999994	84.99999999999997
445	24	2	164.86799999999997	125.09599999999999
445	25	2	164.3235294117647	164.5882352941177
445	26	1	45.047999999999995	25.979999999999997
445	27	1	82.91600000000004	112.16
445	28	1	66.49200000000002	83.40599999999995
445	29	1	79.94610778443112	66.1776447105789
445	30	1	187.8303393213573	140.5628742514969
445	31	1	114.86227544910186	144.51097804391202
445	32	1	13.174	108.41000000000003
445	33	1	118.3353293413174	182.31137724550905
445	34	1	178.62525050100197	150.79358717434857
445	35	1	136.716	152.23600000000005
445	36	1	145.73253493013988	198.35528942115764
445	37	1	136.92614770459087	178.0838323353292
445	38	1	62.067864271457054	177.64071856287435
445	39	1	156.8160000000001	181.0520000000001
445	40	1	8.219999999999995	23.059999999999974
445	41	1	100.36999999999999	160.5519999999999
445	42	1	50.441999999999965	189.08800000000002
445	43	1	25.717999999999996	94.43800000000006
445	44	1	72.7775551102203	162.20240480961917
445	45	1	35.62674650698604	108.8662674650699
446	1	2	4.927999999999999	4.604000000000001
446	2	2	4.9999999999999964	45
446	3	2	5.103999999999996	85.01200000000003
446	4	2	4.9999999999999964	125.00000000000003
446	5	2	4.9999999999999964	165.00000000000009
446	6	2	45.00000000000003	5.000000000000002
446	7	2	45.00000000000002	45.29999999999999
446	8	2	45.86799999999999	85.59599999999999
446	9	2	45.00000000000003	124.99999999999997
446	10	2	44.708000000000006	164.88799999999992
446	11	2	84.944	5.036000000000003
446	12	2	84.99999999999997	45.00000000000002
446	13	2	85.36625514403288	85.38683127572016
446	14	2	85.36051502145926	125.70386266094418
446	15	2	85.23999999999994	165.04399999999987
446	16	2	125.58333333333334	6.666666666666667
446	17	2	124.89200000000001	45.011999999999986
446	18	2	125.10800000000002	85.01999999999997
446	19	2	124.99600000000004	125.09999999999997
446	20	2	125.64400000000002	164.62800000000001
446	21	2	165.33600000000004	5.108
446	22	2	164.99999999999994	45.00000000000002
446	23	2	164.99999999999994	84.99999999999997
446	24	2	164.86799999999997	125.09599999999999
446	25	2	164.3235294117647	164.5882352941177
446	26	1	45.079999999999984	25.95199999999999
446	27	1	82.95409181636711	112.23952095808376
446	28	1	66.47294589178358	83.42484969939879
446	29	1	80.03800000000005	66.20599999999996
446	30	1	187.846	140.46800000000007
446	31	1	114.91600000000007	144.47999999999993
446	32	1	13.14600000000001	108.44199999999998
446	33	1	118.24400000000003	182.24599999999995
446	34	1	178.6786427145708	150.76247504990027
446	35	1	136.74399999999997	152.32399999999998
446	36	1	145.64471057884228	198.43113772455098
446	37	1	136.90618762475037	178.1796407185629
446	38	1	62.09000000000005	177.64599999999987
446	39	1	156.81199999999987	181.10000000000002
446	40	1	8.195608782435126	23.079840319361253
446	41	1	100.34131736526936	160.41117764471073
446	42	1	50.56000000000005	188.99200000000002
446	43	1	25.691999999999982	94.51599999999989
446	44	1	72.87225548902195	162.18762475049897
446	45	1	35.64670658682635	108.83233532934126
447	1	2	4.927999999999999	4.604000000000001
447	2	2	4.9999999999999964	45
447	3	2	5.103999999999996	85.01200000000003
447	4	2	4.9999999999999964	125.00000000000003
447	5	2	4.9999999999999964	165.00000000000009
447	6	2	45.00000000000003	5.000000000000002
447	7	2	45.00000000000002	45.29999999999999
447	8	2	45.86799999999999	85.59599999999999
447	9	2	45.00000000000003	124.99999999999997
447	10	2	44.708000000000006	164.88799999999992
447	11	2	84.944	5.036000000000003
447	12	2	84.99999999999997	45.00000000000002
447	13	2	85.36625514403288	85.38683127572016
447	14	2	85.36051502145926	125.70386266094418
447	15	2	85.23999999999994	165.04399999999987
447	16	2	125.58333333333334	6.666666666666667
447	17	2	124.89200000000001	45.011999999999986
447	18	2	125.10800000000002	85.01999999999997
447	19	2	124.99600000000004	125.09999999999997
447	20	2	125.64400000000002	164.62800000000001
447	21	2	165.33600000000004	5.108
447	22	2	164.99999999999994	45.00000000000002
447	23	2	164.99999999999994	84.99999999999997
447	24	2	164.86799999999997	125.09599999999999
447	25	2	164.3235294117647	164.5882352941177
447	26	1	45.018036072144255	25.977955911823642
447	27	1	82.74302788844611	112.30079681274901
447	28	1	66.45708582834325	83.55289421157687
447	29	1	80.12175648702589	66.23552894211572
447	30	1	187.85828343313375	140.3732534930138
447	31	1	115.02195608782432	144.34331337325335
447	32	1	13.125748502994023	108.47504990019954
447	33	1	118.17564870259484	182.17964071856284
447	34	1	178.8059999999999	150.7959999999999
447	35	1	136.794	152.40800000000004
447	36	1	145.57515030060128	198.4168336673347
447	37	1	136.8739999999999	178.168
447	38	1	62.138	177.5760000000001
447	39	1	156.80079681274896	181.1294820717133
447	40	1	8.084000000000001	23.112000000000002
447	41	1	100.36800000000005	160.26800000000011
447	42	1	50.592814371257425	188.94011976047895
447	43	1	25.764471057884244	94.52694610778443
447	44	1	73.061876247505	161.98203592814374
447	45	1	35.63400000000002	108.91999999999992
448	1	2	4.927999999999999	4.604000000000001
448	2	2	4.9999999999999964	45
448	3	2	5.103999999999996	85.01200000000003
448	4	2	4.9999999999999964	125.00000000000003
448	5	2	4.9999999999999964	165.00000000000009
448	6	2	45.00000000000003	5.000000000000002
448	7	2	45.00000000000002	45.29999999999999
448	8	2	45.86799999999999	85.59599999999999
448	9	2	45.00000000000003	124.99999999999997
448	10	2	44.708000000000006	164.88799999999992
448	11	2	84.944	5.036000000000003
448	12	2	84.99999999999997	45.00000000000002
448	13	2	85.36625514403288	85.38683127572016
448	14	2	85.36051502145926	125.70386266094418
448	15	2	85.23999999999994	165.04399999999987
448	16	2	125.58333333333334	6.666666666666667
448	17	2	124.89200000000001	45.011999999999986
448	18	2	125.10800000000002	85.01999999999997
448	19	2	124.99600000000004	125.09999999999997
448	20	2	125.64400000000002	164.62800000000001
448	21	2	165.33600000000004	5.108
448	22	2	164.99999999999994	45.00000000000002
448	23	2	164.99999999999994	84.99999999999997
448	24	2	164.86799999999997	125.09599999999999
448	25	2	164.3235294117647	164.5882352941177
448	26	1	45.086	25.910000000000014
448	27	1	82.67664670658682	112.46506986027939
448	28	1	66.35000000000001	83.61600000000007
448	29	1	80.1936127744511	66.29341317365277
448	30	1	187.92800000000003	140.29999999999998
448	31	1	115.03393213572859	144.29740518962075
448	32	1	13.092000000000006	108.32400000000001
448	33	1	118.03999999999996	182.06799999999993
448	34	1	178.72400000000002	150.64400000000012
448	35	1	136.89620758483036	152.5249500998004
448	36	1	145.4820000000001	198.36599999999973
448	37	1	136.80800000000002	178.17400000000012
448	38	1	62.17764471057885	177.54690618762467
448	39	1	156.83233532934122	181.23353293413163
448	40	1	8.113999999999995	23.006000000000004
448	41	1	100.28599999999994	160.08199999999988
448	42	1	50.597999999999985	188.89000000000016
448	43	1	25.871999999999986	94.43600000000008
448	44	1	73.13373253493012	161.9201596806388
448	45	1	35.606000000000044	108.89600000000002
449	1	2	4.927999999999999	4.604000000000001
449	2	2	4.9999999999999964	45
449	3	2	5.103999999999996	85.01200000000003
449	4	2	4.9999999999999964	125.00000000000003
449	5	2	4.9999999999999964	165.00000000000009
449	6	2	45.00000000000003	5.000000000000002
449	7	2	45.00000000000002	45.29999999999999
449	8	2	45.86799999999999	85.59599999999999
449	9	2	45.00000000000003	124.99999999999997
449	10	2	44.708000000000006	164.88799999999992
449	11	2	84.944	5.036000000000003
449	12	2	84.99999999999997	45.00000000000002
449	13	2	85.36625514403288	85.38683127572016
449	14	2	85.36051502145926	125.70386266094418
449	15	2	85.23999999999994	165.04399999999987
449	16	2	125.58333333333334	6.666666666666667
449	17	2	124.89200000000001	45.011999999999986
449	18	2	125.10800000000002	85.01999999999997
449	19	2	124.99600000000004	125.09999999999997
449	20	2	125.64400000000002	164.62800000000001
449	21	2	165.33600000000004	5.108
449	22	2	164.99999999999994	45.00000000000002
449	23	2	164.99999999999994	84.99999999999997
449	24	2	164.86799999999997	125.09599999999999
449	25	2	164.3235294117647	164.5882352941177
449	26	1	45.027944111776414	25.912175648702593
449	27	1	82.58599999999998	112.55000000000013
449	28	1	66.26546906187627	83.55888223552898
449	29	1	80.27744510978047	66.29940119760482
449	30	1	187.98804780876495	140.25099601593618
449	31	1	115.00999999999996	144.23999999999992
449	32	1	13.033932135728554	108.23153692614775
449	33	1	118.01195219123498	182.08764940239033
449	34	1	178.73652694610772	150.64670658682618
449	35	1	136.8542914171657	152.53892215568854
449	36	1	145.37200000000007	198.384
449	37	1	136.83567134268523	178.03807615230457
449	38	1	62.187624750499026	177.53892215568854
449	39	1	156.78443113772465	181.30339321357283
449	40	1	8.081836327345309	22.96407185628745
449	41	1	100.30599999999988	159.9699999999999
449	42	1	50.54291417165669	188.81836327345286
449	43	1	25.91199999999999	94.37599999999995
449	44	1	73.17564870259483	161.868263473054
449	45	1	35.65269461077844	108.88423153692618
450	1	2	4.927999999999999	4.604000000000001
450	2	2	4.9999999999999964	45
450	3	2	5.103999999999996	85.01200000000003
450	4	2	4.9999999999999964	125.00000000000003
450	5	2	4.9999999999999964	165.00000000000009
450	6	2	45.00000000000003	5.000000000000002
450	7	2	45.00000000000002	45.29999999999999
450	8	2	45.86799999999999	85.59599999999999
450	9	2	45.00000000000003	124.99999999999997
450	10	2	44.708000000000006	164.88799999999992
450	11	2	84.944	5.036000000000003
450	12	2	84.99999999999997	45.00000000000002
450	13	2	85.36625514403288	85.38683127572016
450	14	2	85.36051502145926	125.70386266094418
450	15	2	85.23999999999994	165.04399999999987
450	16	2	125.58333333333334	6.666666666666667
450	17	2	124.89200000000001	45.011999999999986
450	18	2	125.10800000000002	85.01999999999997
450	19	2	124.99600000000004	125.09999999999997
450	20	2	125.64400000000002	164.62800000000001
450	21	2	165.33600000000004	5.108
450	22	2	164.99999999999994	45.00000000000002
450	23	2	164.99999999999994	84.99999999999997
450	24	2	164.86799999999997	125.09599999999999
450	25	2	164.3235294117647	164.5882352941177
450	26	1	44.952095808383234	26.00998003992017
450	27	1	82.5548902195609	112.62674650698595
450	28	1	66.27399999999994	83.53600000000002
450	29	1	80.21400000000006	66.27000000000007
450	30	1	187.97	140.23000000000008
450	31	1	115.018	144.2059999999999
450	32	1	12.953999999999985	108.20599999999992
450	33	1	117.9161676646706	181.93812375249493
450	34	1	178.6726546906186	150.64071856287416
450	35	1	136.8343313373254	152.572854291417
450	36	1	145.42800000000008	198.50800000000004
450	37	1	136.78399999999993	178.05599999999995
450	38	1	62.13373253493014	177.45908183632744
450	39	1	156.78243512974052	181.35329341317365
450	40	1	8.047904191616764	22.956087824351325
450	41	1	100.26147704590817	159.68862275449104
450	42	1	50.52694610778448	188.79840319361278
450	43	1	25.880000000000013	94.34600000000007
450	44	1	73.19800000000004	161.8680000000002
450	45	1	35.64400000000001	108.81600000000007
451	1	2	4.927999999999999	4.604000000000001
451	2	2	4.9999999999999964	45
451	3	2	5.103999999999996	85.01200000000003
451	4	2	4.9999999999999964	125.00000000000003
451	5	2	4.9999999999999964	165.00000000000009
451	6	2	45.00000000000003	5.000000000000002
451	7	2	45.00000000000002	45.29999999999999
451	8	2	45.86799999999999	85.59599999999999
451	9	2	45.00000000000003	124.99999999999997
451	10	2	44.708000000000006	164.88799999999992
451	11	2	84.944	5.036000000000003
451	12	2	84.99999999999997	45.00000000000002
451	13	2	85.36625514403288	85.38683127572016
451	14	2	85.36051502145926	125.70386266094418
451	15	2	85.23999999999994	165.04399999999987
451	16	2	125.58333333333334	6.666666666666667
451	17	2	124.89200000000001	45.011999999999986
451	18	2	125.10800000000002	85.01999999999997
451	19	2	124.99600000000004	125.09999999999997
451	20	2	125.64400000000002	164.62800000000001
451	21	2	165.33600000000004	5.108
451	22	2	164.99999999999994	45.00000000000002
451	23	2	164.99999999999994	84.99999999999997
451	24	2	164.86799999999997	125.09599999999999
451	25	2	164.3235294117647	164.5882352941177
451	26	1	45.01399999999997	26.10200000000001
451	27	1	82.63672654690616	112.68862275449099
451	28	1	66.2024048096192	83.58116232464918
451	29	1	80.14371257485035	66.34730538922156
451	30	1	187.966	140.15000000000003
451	31	1	115.05410821643282	144.22244488977944
451	32	1	12.962075848303387	108.19960079840307
451	33	1	117.82868525896401	181.86454183266912
451	34	1	178.7760000000001	150.7439999999999
451	35	1	136.83832335329342	152.70059880239532
451	36	1	145.44510978043925	198.45708582834337
451	37	1	136.802	177.95399999999998
451	38	1	62.22754491017968	177.5009980039919
451	39	1	156.91217564870277	181.43912175648717
451	40	1	7.948	22.984000000000016
451	41	1	100.22000000000003	159.42599999999993
451	42	1	50.49800796812747	188.68725099601602
451	43	1	25.908000000000015	94.32199999999997
451	44	1	73.20000000000003	161.85199999999972
451	45	1	35.66600000000003	108.88000000000002
452	1	2	4.927999999999999	4.604000000000001
452	2	2	4.9999999999999964	45
452	3	2	5.103999999999996	85.01200000000003
452	4	2	4.9999999999999964	125.00000000000003
452	5	2	4.9999999999999964	165.00000000000009
452	6	2	45.00000000000003	5.000000000000002
452	7	2	45.00000000000002	45.29999999999999
452	8	2	45.86799999999999	85.59599999999999
452	9	2	45.00000000000003	124.99999999999997
452	10	2	44.708000000000006	164.88799999999992
452	11	2	84.944	5.036000000000003
452	12	2	84.99999999999997	45.00000000000002
452	13	2	85.36625514403288	85.38683127572016
452	14	2	85.36051502145926	125.70386266094418
452	15	2	85.23999999999994	165.04399999999987
452	16	2	125.58333333333334	6.666666666666667
452	17	2	124.89200000000001	45.011999999999986
452	18	2	125.10800000000002	85.01999999999997
452	19	2	124.99600000000004	125.09999999999997
452	20	2	125.64400000000002	164.62800000000001
452	21	2	165.33600000000004	5.108
452	22	2	164.99999999999994	45.00000000000002
452	23	2	164.99999999999994	84.99999999999997
452	24	2	164.86799999999997	125.09599999999999
452	25	2	164.3235294117647	164.5882352941177
452	26	1	45.089820359281454	26.08582834331336
452	27	1	82.6339999999999	112.71399999999997
452	28	1	66.12375249500998	83.55489021956093
452	29	1	80.09381237524946	66.40119760479041
452	30	1	187.9	140.06000000000012
452	31	1	115.0819999999999	144.32599999999988
452	32	1	12.974	108.14199999999997
452	33	1	117.79640718562867	181.7804391217564
452	34	1	178.80439121756467	150.77245508982023
452	35	1	137.01996007984027	152.77644710578835
452	36	1	145.3339999999999	198.48000000000002
452	37	1	136.8180000000002	177.92000000000013
452	38	1	62.237051792828694	177.50398406374498
452	39	1	156.9700000000002	181.58200000000014
452	40	1	7.9520000000000035	23.018
452	41	1	100.19161676646698	159.3752495009981
452	42	1	50.48000000000001	188.64599999999996
452	43	1	25.930000000000025	94.29199999999999
452	44	1	73.20000000000003	161.85199999999972
452	45	1	35.604790419161674	109.01397205588825
453	1	2	4.927999999999999	4.604000000000001
453	2	2	4.9999999999999964	45
453	3	2	5.103999999999996	85.01200000000003
453	4	2	4.9999999999999964	125.00000000000003
453	5	2	4.9999999999999964	165.00000000000009
453	6	2	45.00000000000003	5.000000000000002
453	7	2	45.00000000000002	45.29999999999999
453	8	2	45.86799999999999	85.59599999999999
453	9	2	45.00000000000003	124.99999999999997
453	10	2	44.708000000000006	164.88799999999992
453	11	2	84.944	5.036000000000003
453	12	2	84.99999999999997	45.00000000000002
453	13	2	85.36625514403288	85.38683127572016
453	14	2	85.36051502145926	125.70386266094418
453	15	2	85.23999999999994	165.04399999999987
453	16	2	125.58333333333334	6.666666666666667
453	17	2	124.89200000000001	45.011999999999986
453	18	2	125.10800000000002	85.01999999999997
453	19	2	124.99600000000004	125.09999999999997
453	20	2	125.64400000000002	164.62800000000001
453	21	2	165.33600000000004	5.108
453	22	2	164.99999999999994	45.00000000000002
453	23	2	164.99999999999994	84.99999999999997
453	24	2	164.86799999999997	125.09599999999999
453	25	2	164.3235294117647	164.5882352941177
453	26	1	45.14799999999999	26.054000000000006
453	27	1	82.62399999999995	112.77800000000006
453	28	1	66.21157684630734	83.65469061876254
453	29	1	80.06	66.42199999999991
453	30	1	188.08982035928145	140.0359281437125
453	31	1	115.1077844311377	144.28542914171663
453	32	1	12.960079840319368	108.2634730538921
453	33	1	117.67465069860278	181.7105788423156
453	34	1	178.8359999999999	150.7459999999999
453	35	1	136.9919999999998	152.70599999999993
453	36	1	145.28942115768467	198.43512974051902
453	37	1	136.74999999999997	177.82999999999998
453	38	1	62.252	177.53600000000017
453	39	1	156.9321357285429	181.64670658682627
453	40	1	7.856287425149699	23.127744510978037
453	41	1	100.18363273453095	159.31536926147706
453	42	1	50.46599999999998	188.576
453	43	1	26.025999999999982	94.36600000000013
453	44	1	73.19200000000005	161.83000000000004
453	45	1	35.62600000000001	108.99600000000001
454	1	2	4.927999999999999	4.604000000000001
454	2	2	4.9999999999999964	45
454	3	2	5.103999999999996	85.01200000000003
454	4	2	4.9999999999999964	125.00000000000003
454	5	2	4.9999999999999964	165.00000000000009
454	6	2	45.00000000000003	5.000000000000002
454	7	2	45.00000000000002	45.29999999999999
454	8	2	45.86799999999999	85.59599999999999
454	9	2	45.00000000000003	124.99999999999997
454	10	2	44.708000000000006	164.88799999999992
454	11	2	84.944	5.036000000000003
454	12	2	84.99999999999997	45.00000000000002
454	13	2	85.36625514403288	85.38683127572016
454	14	2	85.36051502145926	125.70386266094418
454	15	2	85.23999999999994	165.04399999999987
454	16	2	125.58333333333334	6.666666666666667
454	17	2	124.89200000000001	45.011999999999986
454	18	2	125.10800000000002	85.01999999999997
454	19	2	124.99600000000004	125.09999999999997
454	20	2	125.64400000000002	164.62800000000001
454	21	2	165.33600000000004	5.108
454	22	2	164.99999999999994	45.00000000000002
454	23	2	164.99999999999994	84.99999999999997
454	24	2	164.86799999999997	125.09599999999999
454	25	2	164.3235294117647	164.5882352941177
454	26	1	45.37524950099797	25.970059880239514
454	27	1	82.51400000000004	112.828
454	28	1	66.18600000000004	83.63399999999996
454	29	1	80.09780439121761	66.39920159680639
454	30	1	188.17999999999998	139.96800000000005
454	31	1	115.11976047904193	144.3692614770459
454	32	1	12.850299401197601	108.32534930139727
454	33	1	117.59400000000005	181.60799999999992
454	34	1	178.74650698602795	150.67065868263492
454	35	1	137.13173652694613	152.80838323353294
454	36	1	145.19999999999993	198.4379999999999
454	37	1	136.82600000000014	177.706
454	38	1	62.27544910179641	177.49301397205588
454	39	1	157.0478087649402	181.79880478087657
454	40	1	7.866267465069861	23.125748502994025
454	41	1	100.11199999999991	159.09399999999994
454	42	1	50.4770459081836	188.56686626746512
454	43	1	26.03206412825652	94.42084168336669
454	44	1	73.22155688622759	161.7644710578844
454	45	1	35.60199999999999	108.97000000000013
455	1	2	4.927999999999999	4.604000000000001
455	2	2	4.9999999999999964	45
455	3	2	5.103999999999996	85.01200000000003
455	4	2	4.9999999999999964	125.00000000000003
455	5	2	4.9999999999999964	165.00000000000009
455	6	2	45.00000000000003	5.000000000000002
455	7	2	45.00000000000002	45.29999999999999
455	8	2	45.86799999999999	85.59599999999999
455	9	2	45.00000000000003	124.99999999999997
455	10	2	44.708000000000006	164.88799999999992
455	11	2	84.944	5.036000000000003
455	12	2	84.99999999999997	45.00000000000002
455	13	2	85.36625514403288	85.38683127572016
455	14	2	85.36051502145926	125.70386266094418
455	15	2	85.23999999999994	165.04399999999987
455	16	2	125.58333333333334	6.666666666666667
455	17	2	124.89200000000001	45.011999999999986
455	18	2	125.10800000000002	85.01999999999997
455	19	2	124.99600000000004	125.09999999999997
455	20	2	125.64400000000002	164.62800000000001
455	21	2	165.33600000000004	5.108
455	22	2	164.99999999999994	45.00000000000002
455	23	2	164.99999999999994	84.99999999999997
455	24	2	164.86799999999997	125.09599999999999
455	25	2	164.3235294117647	164.5882352941177
455	26	1	45.36926147704586	26.005988023952117
455	27	1	82.56087824351299	112.86027944111783
455	28	1	66.23552894211576	83.56686626746509
455	29	1	79.99999999999993	66.33199999999991
455	30	1	188.3	139.93399999999988
455	31	1	115.16400000000002	144.44600000000017
455	32	1	12.863727454909831	108.37675350701406
455	33	1	117.42514970059874	181.51497005988017
455	34	1	178.7319999999999	150.61999999999978
455	35	1	137.31872509960152	152.9262948207171
455	36	1	145.2235528942115	198.34331337325344
455	37	1	136.81636726546898	177.66067864271477
455	38	1	62.33333333333334	177.4031936127744
455	39	1	157.23107569721108	181.91035856573706
455	40	1	7.853999999999995	23.12399999999998
455	41	1	100.04382470119528	158.84860557768906
455	42	1	50.47904191616764	188.52295409181627
455	43	1	26.0637450199203	94.3027888446216
455	44	1	73.3253493013972	161.7005988023952
455	45	1	35.62075848303395	108.92415169660678
456	1	2	4.927999999999999	4.604000000000001
456	2	2	4.9999999999999964	45
456	3	2	5.103999999999996	85.01200000000003
456	4	2	4.9999999999999964	125.00000000000003
456	5	2	4.9999999999999964	165.00000000000009
456	6	2	45.00000000000003	5.000000000000002
456	7	2	45.00000000000002	45.29999999999999
456	8	2	45.86799999999999	85.59599999999999
456	9	2	45.00000000000003	124.99999999999997
456	10	2	44.708000000000006	164.88799999999992
456	11	2	84.944	5.036000000000003
456	12	2	84.99999999999997	45.00000000000002
456	13	2	85.36625514403288	85.38683127572016
456	14	2	85.36051502145926	125.70386266094418
456	15	2	85.23999999999994	165.04399999999987
456	16	2	125.58333333333334	6.666666666666667
456	17	2	124.89200000000001	45.011999999999986
456	18	2	125.10800000000002	85.01999999999997
456	19	2	124.99600000000004	125.09999999999997
456	20	2	125.64400000000002	164.62800000000001
456	21	2	165.33600000000004	5.108
456	22	2	164.99999999999994	45.00000000000002
456	23	2	164.99999999999994	84.99999999999997
456	24	2	164.86799999999997	125.09599999999999
456	25	2	164.3235294117647	164.5882352941177
456	26	1	45.43426294820715	26.045816733067728
456	27	1	82.69860279441116	112.89820359281438
456	28	1	66.23800000000003	83.54599999999998
456	29	1	79.97205588822358	66.24151696606786
456	30	1	188.313373253493	139.94411177644707
456	31	1	115.30538922155688	144.47305389221566
456	32	1	12.816733067729078	108.41434262948212
456	33	1	117.25349301397198	181.47704590818358
456	34	1	178.7604790419161	150.68263473053895
456	35	1	137.30999999999997	152.91000000000008
456	36	1	145.0959999999999	198.2240000000001
456	37	1	136.7465069860279	177.73253493013988
456	38	1	62.355289421157664	177.42315369261473
456	39	1	157.16599999999988	181.87800000000001
456	40	1	7.840000000000003	23.2
456	41	1	100.0697211155378	158.7430278884462
456	42	1	50.44311377245509	188.4590818363272
456	43	1	26.083999999999996	94.28200000000002
456	44	1	73.34331337325351	161.67864271457083
456	45	1	35.56999999999998	108.91800000000003
457	1	2	4.927999999999999	4.604000000000001
457	2	2	4.9999999999999964	45
457	3	2	5.103999999999996	85.01200000000003
457	4	2	4.9999999999999964	125.00000000000003
457	5	2	4.9999999999999964	165.00000000000009
457	6	2	45.00000000000003	5.000000000000002
457	7	2	45.00000000000002	45.29999999999999
457	8	2	45.86799999999999	85.59599999999999
457	9	2	45.00000000000003	124.99999999999997
457	10	2	44.708000000000006	164.88799999999992
457	11	2	84.944	5.036000000000003
457	12	2	84.99999999999997	45.00000000000002
457	13	2	85.36625514403288	85.38683127572016
457	14	2	85.36051502145926	125.70386266094418
457	15	2	85.23999999999994	165.04399999999987
457	16	2	125.58333333333334	6.666666666666667
457	17	2	124.89200000000001	45.011999999999986
457	18	2	125.10800000000002	85.01999999999997
457	19	2	124.99600000000004	125.09999999999997
457	20	2	125.64400000000002	164.62800000000001
457	21	2	165.33600000000004	5.108
457	22	2	164.99999999999994	45.00000000000002
457	23	2	164.99999999999994	84.99999999999997
457	24	2	164.86799999999997	125.09599999999999
457	25	2	164.3235294117647	164.5882352941177
457	26	1	45.36653386454183	26.061752988047825
457	27	1	82.71600000000004	112.9840000000001
457	28	1	66.28200000000002	83.62799999999999
457	29	1	80.04191616766465	66.22954091816365
457	30	1	188.42399999999998	139.99400000000006
457	31	1	115.36327345309385	144.52894211576847
457	32	1	12.779999999999996	108.50399999999998
457	33	1	117.1520000000001	181.36799999999994
457	34	1	178.6986027944112	150.6167664670657
457	35	1	137.34600000000006	152.9520000000001
457	36	1	144.95399999999995	198.20800000000003
457	37	1	136.77445109780444	177.7005988023954
457	38	1	62.36127744510979	177.40718562874258
457	39	1	157.21556886227572	182.02395209580837
457	40	1	7.841999999999998	23.21799999999999
457	41	1	100.04590818363272	158.6467065868262
457	42	1	50.40399999999999	188.43400000000014
457	43	1	26.057999999999996	94.23999999999994
457	44	1	73.36400000000003	161.58199999999994
457	45	1	35.556886227544894	108.96806387225548
458	1	2	4.927999999999999	4.604000000000001
458	2	2	4.9999999999999964	45
458	3	2	5.103999999999996	85.01200000000003
458	4	2	4.9999999999999964	125.00000000000003
458	5	2	4.9999999999999964	165.00000000000009
458	6	2	45.00000000000003	5.000000000000002
458	7	2	45.00000000000002	45.29999999999999
458	8	2	45.86799999999999	85.59599999999999
458	9	2	45.00000000000003	124.99999999999997
458	10	2	44.708000000000006	164.88799999999992
458	11	2	84.944	5.036000000000003
458	12	2	84.99999999999997	45.00000000000002
458	13	2	85.36625514403288	85.38683127572016
458	14	2	85.36051502145926	125.70386266094418
458	15	2	85.23999999999994	165.04399999999987
458	16	2	125.58333333333334	6.666666666666667
458	17	2	124.89200000000001	45.011999999999986
458	18	2	125.10800000000002	85.01999999999997
458	19	2	124.99600000000004	125.09999999999997
458	20	2	125.64400000000002	164.62800000000001
458	21	2	165.33600000000004	5.108
458	22	2	164.99999999999994	45.00000000000002
458	23	2	164.99999999999994	84.99999999999997
458	24	2	164.86799999999997	125.09599999999999
458	25	2	164.3235294117647	164.5882352941177
458	26	1	45.31663326653303	25.9939879759519
458	27	1	82.64670658682635	113.00399201596811
458	28	1	66.22199999999998	83.62999999999995
458	29	1	80.18962075848302	66.24550898203593
458	30	1	188.41516966067866	139.93812375249513
458	31	1	115.38599999999998	144.58400000000012
458	32	1	12.782000000000002	108.50999999999995
458	33	1	116.99800399201591	181.2594810379242
458	34	1	178.70799999999986	150.59600000000006
458	35	1	137.46706586826352	153.1237524950098
458	36	1	144.95399999999992	198.21400000000023
458	37	1	136.6979999999999	177.84200000000016
458	38	1	62.32934131736531	177.2954091816367
458	39	1	157.21800000000002	182.01999999999992
458	40	1	7.800000000000004	23.244
458	41	1	100.0199999999999	158.45800000000003
458	42	1	50.33799999999997	188.35000000000014
458	43	1	26.093999999999983	94.174
458	44	1	73.42714570858281	161.51896207584826
458	45	1	35.51400000000003	108.96200000000005
459	1	2	4.927999999999999	4.604000000000001
459	2	2	4.9999999999999964	45
459	3	2	5.103999999999996	85.01200000000003
459	4	2	4.9999999999999964	125.00000000000003
459	5	2	4.9999999999999964	165.00000000000009
459	6	2	45.00000000000003	5.000000000000002
459	7	2	45.00000000000002	45.29999999999999
459	8	2	45.86799999999999	85.59599999999999
459	9	2	45.00000000000003	124.99999999999997
459	10	2	44.708000000000006	164.88799999999992
459	11	2	84.944	5.036000000000003
459	12	2	84.99999999999997	45.00000000000002
459	13	2	85.36625514403288	85.38683127572016
459	14	2	85.36051502145926	125.70386266094418
459	15	2	85.23999999999994	165.04399999999987
459	16	2	125.58333333333334	6.666666666666667
459	17	2	124.89200000000001	45.011999999999986
459	18	2	125.10800000000002	85.01999999999997
459	19	2	124.99600000000004	125.09999999999997
459	20	2	125.64400000000002	164.62800000000001
459	21	2	165.33600000000004	5.108
459	22	2	164.99999999999994	45.00000000000002
459	23	2	164.99999999999994	84.99999999999997
459	24	2	164.86799999999997	125.09599999999999
459	25	2	164.3235294117647	164.5882352941177
459	26	1	45.3652694610779	25.948103792415154
459	27	1	82.658	113.08200000000001
459	28	1	66.24199999999993	83.76800000000001
459	29	1	80.21556886227555	66.13173652694604
459	30	1	188.54	140.01800000000017
459	31	1	115.42599999999993	144.69000000000008
459	32	1	12.773999999999997	108.50999999999993
459	33	1	116.79482071713143	181.24900398406368
459	34	1	178.62874251497004	150.53493013972056
459	35	1	137.49000000000007	153.18200000000004
459	36	1	144.92614770459065	198.20758483033944
459	37	1	136.634	177.90200000000004
459	38	1	62.312749003984045	177.16733067729083
459	39	1	157.24799999999985	182.06399999999988
459	40	1	7.808000000000003	23.228000000000016
459	41	1	99.98800000000004	158.36000000000004
459	42	1	50.27544910179644	188.24750499002016
459	43	1	26.182	94.09799999999991
459	44	1	73.43712574850291	161.44910179640718
459	45	1	35.49301397205592	108.99001996007988
460	1	2	4.927999999999999	4.604000000000001
460	2	2	4.9999999999999964	45
460	3	2	5.103999999999996	85.01200000000003
460	4	2	4.9999999999999964	125.00000000000003
460	5	2	4.9999999999999964	165.00000000000009
460	6	2	45.00000000000003	5.000000000000002
460	7	2	45.00000000000002	45.29999999999999
460	8	2	45.86799999999999	85.59599999999999
460	9	2	45.00000000000003	124.99999999999997
460	10	2	44.708000000000006	164.88799999999992
460	11	2	84.944	5.036000000000003
460	12	2	84.99999999999997	45.00000000000002
460	13	2	85.36625514403288	85.38683127572016
460	14	2	85.36051502145926	125.70386266094418
460	15	2	85.23999999999994	165.04399999999987
460	16	2	125.58333333333334	6.666666666666667
460	17	2	124.89200000000001	45.011999999999986
460	18	2	125.10800000000002	85.01999999999997
460	19	2	124.99600000000004	125.09999999999997
460	20	2	125.64400000000002	164.62800000000001
460	21	2	165.33600000000004	5.108
460	22	2	164.99999999999994	45.00000000000002
460	23	2	164.99999999999994	84.99999999999997
460	24	2	164.86799999999997	125.09599999999999
460	25	2	164.3235294117647	164.5882352941177
460	26	1	45.47600000000001	25.953999999999983
460	27	1	82.74850299401193	113.15369261477049
460	28	1	66.31736526946106	83.74451097804378
460	29	1	80.34331337325352	66.09780439121755
460	30	1	188.63	139.98999999999984
460	31	1	115.46107784431138	144.69261477045896
460	32	1	12.726000000000004	108.57200000000003
460	33	1	116.60079840319362	181.2295409181636
460	34	1	178.60079840319355	150.48702594810388
460	35	1	137.5788423153694	153.2554890219561
460	36	1	144.83033932135737	198.2714570858282
460	37	1	136.57768924302775	177.91832669322713
460	38	1	62.43400000000003	177.11399999999998
460	39	1	157.23799999999986	182.16799999999995
460	40	1	7.845999999999995	23.232000000000017
460	41	1	99.98605577689243	158.1852589641435
460	42	1	50.435999999999986	188.27800000000013
460	43	1	26.17964071856287	94.07784431137729
460	44	1	73.5269461077844	161.37724550898196
460	45	1	35.522954091816366	108.90618762475042
461	1	2	4.927999999999999	4.604000000000001
461	2	2	4.9999999999999964	45
461	3	2	5.103999999999996	85.01200000000003
461	4	2	4.9999999999999964	125.00000000000003
461	5	2	4.9999999999999964	165.00000000000009
461	6	2	45.00000000000003	5.000000000000002
461	7	2	45.00000000000002	45.29999999999999
461	8	2	45.86799999999999	85.59599999999999
461	9	2	45.00000000000003	124.99999999999997
461	10	2	44.708000000000006	164.88799999999992
461	11	2	84.944	5.036000000000003
461	12	2	84.99999999999997	45.00000000000002
461	13	2	85.36625514403288	85.38683127572016
461	14	2	85.36051502145926	125.70386266094418
461	15	2	85.23999999999994	165.04399999999987
461	16	2	125.58333333333334	6.666666666666667
461	17	2	124.89200000000001	45.011999999999986
461	18	2	125.10800000000002	85.01999999999997
461	19	2	124.99600000000004	125.09999999999997
461	20	2	125.64400000000002	164.62800000000001
461	21	2	165.33600000000004	5.108
461	22	2	164.99999999999994	45.00000000000002
461	23	2	164.99999999999994	84.99999999999997
461	24	2	164.86799999999997	125.09599999999999
461	25	2	164.3235294117647	164.5882352941177
461	26	1	45.565999999999995	25.895999999999994
461	27	1	82.64471057884222	113.23752495009983
461	28	1	66.27345309381244	83.62674650698607
461	29	1	80.38200000000003	66.084
461	30	1	188.7555110220441	140.01402805611207
461	31	1	115.50000000000003	144.652
461	32	1	12.73800000000001	108.69
461	33	1	116.53799999999995	181.14600000000002
461	34	1	178.5139442231076	150.38247011952205
461	35	1	137.53999999999985	153.29400000000012
461	36	1	144.69660678642728	198.2195608782436
461	37	1	136.60279441117763	177.9141716566867
461	38	1	62.44111776447103	177.30339321357283
461	39	1	157.24599999999992	182.2440000000001
461	40	1	7.7540000000000076	23.325999999999993
461	41	1	100.00399201596805	158.2634730538923
461	42	1	50.27944111776447	188.2315369261479
461	43	1	26.111776447105782	94.0538922155689
461	44	1	73.50399999999995	161.3279999999999
461	45	1	35.46200000000006	108.89800000000008
462	1	2	4.927999999999999	4.604000000000001
462	2	2	4.9999999999999964	45
462	3	2	5.103999999999996	85.01200000000003
462	4	2	4.9999999999999964	125.00000000000003
462	5	2	4.9999999999999964	165.00000000000009
462	6	2	45.00000000000003	5.000000000000002
462	7	2	45.00000000000002	45.29999999999999
462	8	2	45.86799999999999	85.59599999999999
462	9	2	45.00000000000003	124.99999999999997
462	10	2	44.708000000000006	164.88799999999992
462	11	2	84.944	5.036000000000003
462	12	2	84.99999999999997	45.00000000000002
462	13	2	85.36625514403288	85.38683127572016
462	14	2	85.36051502145926	125.70386266094418
462	15	2	85.23999999999994	165.04399999999987
462	16	2	125.58333333333334	6.666666666666667
462	17	2	124.89200000000001	45.011999999999986
462	18	2	125.10800000000002	85.01999999999997
462	19	2	124.99600000000004	125.09999999999997
462	20	2	125.64400000000002	164.62800000000001
462	21	2	165.33600000000004	5.108
462	22	2	164.99999999999994	45.00000000000002
462	23	2	164.99999999999994	84.99999999999997
462	24	2	164.86799999999997	125.09599999999999
462	25	2	164.3235294117647	164.5882352941177
462	26	1	45.7425149700599	25.79441117764474
462	27	1	82.64670658682637	113.32534930139707
462	28	1	66.21157684630738	83.57684630738525
462	29	1	80.52000000000001	66.12200000000003
462	30	1	188.77245508982037	139.99201596806398
462	31	1	115.56000000000007	144.64399999999998
462	32	1	12.77644710578842	108.77644710578831
462	33	1	116.43000000000002	181.08400000000003
462	34	1	178.4039999999999	150.3079999999999
462	35	1	137.52800000000013	153.33200000000014
462	36	1	144.64799999999985	198.24200000000005
462	37	1	136.52400000000003	177.998
462	38	1	62.463073852295416	177.3612774451098
462	39	1	157.2625250501002	182.3687374749499
462	40	1	7.6806387225548916	23.36526946107783
462	41	1	99.99599999999994	158.17199999999997
462	42	1	50.27145708582835	188.2095808383235
462	43	1	26.04999999999999	93.91600000000004
462	44	1	73.48999999999992	161.3520000000001
462	45	1	35.405999999999985	108.90400000000001
463	1	2	4.927999999999999	4.604000000000001
463	2	2	4.9999999999999964	45
463	3	2	5.103999999999996	85.01200000000003
463	4	2	4.9999999999999964	125.00000000000003
463	5	2	4.9999999999999964	165.00000000000009
463	6	2	45.00000000000003	5.000000000000002
463	7	2	45.00000000000002	45.29999999999999
463	8	2	45.86799999999999	85.59599999999999
463	9	2	45.00000000000003	124.99999999999997
463	10	2	44.708000000000006	164.88799999999992
463	11	2	84.944	5.036000000000003
463	12	2	84.99999999999997	45.00000000000002
463	13	2	85.36625514403288	85.38683127572016
463	14	2	85.36051502145926	125.70386266094418
463	15	2	85.23999999999994	165.04399999999987
463	16	2	125.58333333333334	6.666666666666667
463	17	2	124.89200000000001	45.011999999999986
463	18	2	125.10800000000002	85.01999999999997
463	19	2	124.99600000000004	125.09999999999997
463	20	2	125.64400000000002	164.62800000000001
463	21	2	165.33600000000004	5.108
463	22	2	164.99999999999994	45.00000000000002
463	23	2	164.99999999999994	84.99999999999997
463	24	2	164.86799999999997	125.09599999999999
463	25	2	164.3235294117647	164.5882352941177
463	26	1	45.74199999999996	25.784000000000002
463	27	1	82.626	113.34999999999998
463	28	1	66.13399999999993	83.59000000000005
463	29	1	80.61876247504986	66.1037924151697
463	30	1	188.82999999999998	139.89599999999993
463	31	1	115.66866267465069	144.73453093812358
463	32	1	12.822000000000003	108.88400000000004
463	33	1	116.26000000000005	180.98799999999994
463	34	1	178.47904191616757	150.26546906187627
463	35	1	137.64870259481037	153.31736526946094
463	36	1	144.58717434869743	198.28857715430857
463	37	1	136.45908183632753	177.9760479041916
463	38	1	62.510000000000055	177.30599999999995
463	39	1	157.25099601593638	182.43027888446196
463	40	1	7.703406813627256	23.334669338677365
463	41	1	99.96800000000015	158.108
463	42	1	50.26546906187624	188.16566866267485
463	43	1	26.026000000000014	93.72999999999996
463	44	1	73.52295409181633	161.30738522954098
463	45	1	35.327345309381236	108.92015968063882
464	1	2	4.927999999999999	4.604000000000001
464	2	2	4.9999999999999964	45
464	3	2	5.103999999999996	85.01200000000003
464	4	2	4.9999999999999964	125.00000000000003
464	5	2	4.9999999999999964	165.00000000000009
464	6	2	45.00000000000003	5.000000000000002
464	7	2	45.00000000000002	45.29999999999999
464	8	2	45.86799999999999	85.59599999999999
464	9	2	45.00000000000003	124.99999999999997
464	10	2	44.708000000000006	164.88799999999992
464	11	2	84.944	5.036000000000003
464	12	2	84.99999999999997	45.00000000000002
464	13	2	85.36625514403288	85.38683127572016
464	14	2	85.36051502145926	125.70386266094418
464	15	2	85.23999999999994	165.04399999999987
464	16	2	125.58333333333334	6.666666666666667
464	17	2	124.89200000000001	45.011999999999986
464	18	2	125.10800000000002	85.01999999999997
464	19	2	124.99600000000004	125.09999999999997
464	20	2	125.64400000000002	164.62800000000001
464	21	2	165.33600000000004	5.108
464	22	2	164.99999999999994	45.00000000000002
464	23	2	164.99999999999994	84.99999999999997
464	24	2	164.86799999999997	125.09599999999999
464	25	2	164.3235294117647	164.5882352941177
464	26	1	45.75449101796408	25.662674650698598
464	27	1	82.52200000000003	113.38399999999993
464	28	1	66.09000000000002	83.62000000000002
464	29	1	80.57200000000005	66.12600000000005
464	30	1	188.812	139.8720000000001
464	31	1	115.81437125748515	144.73053892215572
464	32	1	12.753999999999998	108.92999999999996
464	33	1	116.13572854291411	180.92215568862264
464	34	1	178.52000000000007	150.3119999999998
464	35	1	137.708	153.35199999999995
464	36	1	144.55600000000004	198.30400000000006
464	37	1	136.4371257485028	178.02794411177638
464	38	1	62.582000000000015	177.41999999999993
464	39	1	157.22954091816382	182.45908183632744
464	40	1	7.716000000000002	23.384000000000015
464	41	1	99.98403193612772	158.01197604790414
464	42	1	50.174000000000035	188.07399999999996
464	43	1	26.030000000000037	93.736
464	44	1	73.45508982035939	161.30738522954084
464	45	1	35.28343313373252	108.91417165668659
465	1	2	4.927999999999999	4.604000000000001
465	2	2	4.9999999999999964	45
465	3	2	5.103999999999996	85.01200000000003
465	4	2	4.9999999999999964	125.00000000000003
465	5	2	4.9999999999999964	165.00000000000009
465	6	2	45.00000000000003	5.000000000000002
465	7	2	45.00000000000002	45.29999999999999
465	8	2	45.86799999999999	85.59599999999999
465	9	2	45.00000000000003	124.99999999999997
465	10	2	44.708000000000006	164.88799999999992
465	11	2	84.944	5.036000000000003
465	12	2	84.99999999999997	45.00000000000002
465	13	2	85.36625514403288	85.38683127572016
465	14	2	85.36051502145926	125.70386266094418
465	15	2	85.23999999999994	165.04399999999987
465	16	2	125.58333333333334	6.666666666666667
465	17	2	124.89200000000001	45.011999999999986
465	18	2	125.10800000000002	85.01999999999997
465	19	2	124.99600000000004	125.09999999999997
465	20	2	125.64400000000002	164.62800000000001
465	21	2	165.33600000000004	5.108
465	22	2	164.99999999999994	45.00000000000002
465	23	2	164.99999999999994	84.99999999999997
465	24	2	164.86799999999997	125.09599999999999
465	25	2	164.3235294117647	164.5882352941177
465	26	1	45.85229540918169	25.57684630738522
465	27	1	82.47599999999993	113.42199999999997
465	28	1	66.14970059880235	83.63872255489015
465	29	1	80.62599999999995	66.01400000000002
465	30	1	188.87824351297402	139.8982035928144
465	31	1	115.86454183266939	144.72310756972107
465	32	1	12.730538922155686	108.7904191616767
465	33	1	116.08800000000001	180.9240000000001
465	34	1	178.41999999999993	150.23999999999995
465	35	1	137.74103585657383	153.32669322709162
465	36	1	144.57285429141726	198.35728542914174
465	37	1	136.34331337325358	178.03792415169679
465	38	1	62.548902195608825	177.3532934131738
465	39	1	157.20359281437132	182.57285429141697
465	40	1	7.686000000000002	23.373999999999995
465	41	1	99.97804391217562	158.05988023952088
465	42	1	50.17799999999998	188.07399999999993
465	43	1	26.086	93.67799999999995
465	44	1	73.46307385229541	161.35129740518957
465	45	1	35.215999999999994	109.09600000000002
466	1	2	4.927999999999999	4.604000000000001
466	2	2	4.9999999999999964	45
466	3	2	5.103999999999996	85.01200000000003
466	4	2	4.9999999999999964	125.00000000000003
466	5	2	4.9999999999999964	165.00000000000009
466	6	2	45.00000000000003	5.000000000000002
466	7	2	45.00000000000002	45.29999999999999
466	8	2	45.86799999999999	85.59599999999999
466	9	2	45.00000000000003	124.99999999999997
466	10	2	44.708000000000006	164.88799999999992
466	11	2	84.944	5.036000000000003
466	12	2	84.99999999999997	45.00000000000002
466	13	2	85.36625514403288	85.38683127572016
466	14	2	85.36051502145926	125.70386266094418
466	15	2	85.23999999999994	165.04399999999987
466	16	2	125.58333333333334	6.666666666666667
466	17	2	124.89200000000001	45.011999999999986
466	18	2	125.10800000000002	85.01999999999997
466	19	2	124.99600000000004	125.09999999999997
466	20	2	125.64400000000002	164.62800000000001
466	21	2	165.33600000000004	5.108
466	22	2	164.99999999999994	45.00000000000002
466	23	2	164.99999999999994	84.99999999999997
466	24	2	164.86799999999997	125.09599999999999
466	25	2	164.3235294117647	164.5882352941177
466	26	1	45.72255489021953	25.465069860279435
466	27	1	82.43199999999999	113.42999999999999
466	28	1	66.15568862275454	83.5908183632734
466	29	1	80.7724550898203	65.99201596806387
466	30	1	188.96	139.87999999999997
466	31	1	115.95800000000006	144.608
466	32	1	12.626746506986029	108.90019960079832
466	33	1	115.99800000000005	180.86000000000004
466	34	1	178.4100000000001	150.20999999999998
466	35	1	137.84231536926154	153.3772455089819
466	36	1	144.58000000000018	198.34
466	37	1	136.29599999999988	178.08799999999997
466	38	1	62.59081836327349	177.3892215568863
466	39	1	157.1916167664671	182.60878243512954
466	40	1	7.667334669338683	23.382765531062134
466	41	1	100.07984031936125	157.97005988023952
466	42	1	50.23	188.17999999999978
466	43	1	26.027944111776442	93.63872255489032
466	44	1	73.51097804391213	161.32934131736502
466	45	1	35.15399999999998	109.07799999999999
467	1	2	4.927999999999999	4.604000000000001
467	2	2	4.9999999999999964	45
467	3	2	5.103999999999996	85.01200000000003
467	4	2	4.9999999999999964	125.00000000000003
467	5	2	4.9999999999999964	165.00000000000009
467	6	2	45.00000000000003	5.000000000000002
467	7	2	45.00000000000002	45.29999999999999
467	8	2	45.86799999999999	85.59599999999999
467	9	2	45.00000000000003	124.99999999999997
467	10	2	44.708000000000006	164.88799999999992
467	11	2	84.944	5.036000000000003
467	12	2	84.99999999999997	45.00000000000002
467	13	2	85.36625514403288	85.38683127572016
467	14	2	85.36051502145926	125.70386266094418
467	15	2	85.23999999999994	165.04399999999987
467	16	2	125.58333333333334	6.666666666666667
467	17	2	124.89200000000001	45.011999999999986
467	18	2	125.10800000000002	85.01999999999997
467	19	2	124.99600000000004	125.09999999999997
467	20	2	125.64400000000002	164.62800000000001
467	21	2	165.33600000000004	5.108
467	22	2	164.99999999999994	45.00000000000002
467	23	2	164.99999999999994	84.99999999999997
467	24	2	164.86799999999997	125.09599999999999
467	25	2	164.3235294117647	164.5882352941177
467	26	1	45.74850299401197	25.3193612774451
467	27	1	82.28143712574857	113.40718562874252
467	28	1	66.06187624750498	83.61277445109783
467	29	1	80.78443113772452	65.9241516966068
467	30	1	189.04990019960078	139.93013972055886
467	31	1	116.01596806387225	144.70858283433145
467	32	1	12.562874251497004	108.96407185628742
467	33	1	115.87051792828679	180.8446215139442
467	34	1	178.40918163672663	150.17964071856295
467	35	1	137.94011976047904	153.35129740518948
467	36	1	144.46800000000002	198.33600000000004
467	37	1	136.288	178.00199999999992
467	38	1	62.56000000000002	177.41000000000005
467	39	1	157.17999999999998	182.75599999999983
467	40	1	7.598802395209585	23.479041916167677
467	41	1	100.0140000000001	157.8620000000001
467	42	1	50.24950099800398	188.16367265469066
467	43	1	25.970059880239543	93.5968063872255
467	44	1	73.5299999999999	161.3399999999999
467	45	1	35.05399999999999	109.12800000000003
468	1	2	4.927999999999999	4.604000000000001
468	2	2	4.9999999999999964	45
468	3	2	5.103999999999996	85.01200000000003
468	4	2	4.9999999999999964	125.00000000000003
468	5	2	4.9999999999999964	165.00000000000009
468	6	2	45.00000000000003	5.000000000000002
468	7	2	45.00000000000002	45.29999999999999
468	8	2	45.86799999999999	85.59599999999999
468	9	2	45.00000000000003	124.99999999999997
468	10	2	44.708000000000006	164.88799999999992
468	11	2	84.944	5.036000000000003
468	12	2	84.99999999999997	45.00000000000002
468	13	2	85.36625514403288	85.38683127572016
468	14	2	85.36051502145926	125.70386266094418
468	15	2	85.23999999999994	165.04399999999987
468	16	2	125.58333333333334	6.666666666666667
468	17	2	124.89200000000001	45.011999999999986
468	18	2	125.10800000000002	85.01999999999997
468	19	2	124.99600000000004	125.09999999999997
468	20	2	125.64400000000002	164.62800000000001
468	21	2	165.33600000000004	5.108
468	22	2	164.99999999999994	45.00000000000002
468	23	2	164.99999999999994	84.99999999999997
468	24	2	164.86799999999997	125.09599999999999
468	25	2	164.3235294117647	164.5882352941177
468	26	1	45.87225548902194	25.263473053892216
468	27	1	82.22599999999991	113.45599999999988
468	28	1	66.03399999999999	83.582
468	29	1	80.79559118236472	65.93386773547095
468	30	1	189.1377245508982	139.93812375249496
468	31	1	116.16200000000006	144.79800000000006
468	32	1	12.483033932135731	108.94411177644704
468	33	1	115.70800000000003	180.7519999999999
468	34	1	178.42115768463088	150.18962075848307
468	35	1	138.04400000000007	153.4159999999999
468	36	1	144.42031872509966	198.43625498007972
468	37	1	136.15968063872262	178.03992015968063
468	38	1	62.54308617234473	177.36873747494977
468	39	1	157.10379241516986	182.85828343313378
468	40	1	7.642714570858292	23.409181636726526
468	41	1	99.99999999999999	157.9143426294821
468	42	1	50.234000000000016	188.17999999999998
468	43	1	25.94999999999999	93.58000000000001
468	44	1	73.58400000000005	161.2620000000001
468	45	1	35.02794411177646	109.11976047904183
469	1	2	4.927999999999999	4.604000000000001
469	2	2	4.9999999999999964	45
469	3	2	5.103999999999996	85.01200000000003
469	4	2	4.9999999999999964	125.00000000000003
469	5	2	4.9999999999999964	165.00000000000009
469	6	2	45.00000000000003	5.000000000000002
469	7	2	45.00000000000002	45.29999999999999
469	8	2	45.86799999999999	85.59599999999999
469	9	2	45.00000000000003	124.99999999999997
469	10	2	44.708000000000006	164.88799999999992
469	11	2	84.944	5.036000000000003
469	12	2	84.99999999999997	45.00000000000002
469	13	2	85.36625514403288	85.38683127572016
469	14	2	85.36051502145926	125.70386266094418
469	15	2	85.23999999999994	165.04399999999987
469	16	2	125.58333333333334	6.666666666666667
469	17	2	124.89200000000001	45.011999999999986
469	18	2	125.10800000000002	85.01999999999997
469	19	2	124.99600000000004	125.09999999999997
469	20	2	125.64400000000002	164.62800000000001
469	21	2	165.33600000000004	5.108
469	22	2	164.99999999999994	45.00000000000002
469	23	2	164.99999999999994	84.99999999999997
469	24	2	164.86799999999997	125.09599999999999
469	25	2	164.3235294117647	164.5882352941177
469	26	1	45.922000000000004	25.315999999999985
469	27	1	82.14970059880238	113.46307385229527
469	28	1	65.98802395209577	83.58882235528938
469	29	1	80.91999999999997	65.90000000000003
469	30	1	189.16367265469063	139.91417165668665
469	31	1	116.21199999999996	144.8140000000002
469	32	1	12.374000000000006	108.95600000000006
469	33	1	115.51097804391213	180.63273453093825
469	34	1	178.30199999999974	150.09799999999987
469	35	1	138.1077844311377	153.53692614770463
469	36	1	144.35657370517936	198.39043824701184
469	37	1	136.03607214428865	178.10020040080138
469	38	1	62.462151394422335	177.28884462151396
469	39	1	157.05588822355304	182.8822355289422
469	40	1	7.608000000000005	23.455999999999996
469	41	1	99.97199999999991	157.90599999999984
469	42	1	50.14570858283436	188.14770459081814
469	43	1	25.934000000000005	93.60199999999995
469	44	1	73.68662674650697	161.24750499001988
469	45	1	34.955999999999975	109.15200000000007
470	1	2	4.927999999999999	4.604000000000001
470	2	2	4.9999999999999964	45
470	3	2	5.103999999999996	85.01200000000003
470	4	2	4.9999999999999964	125.00000000000003
470	5	2	4.9999999999999964	165.00000000000009
470	6	2	45.00000000000003	5.000000000000002
470	7	2	45.00000000000002	45.29999999999999
470	8	2	45.86799999999999	85.59599999999999
470	9	2	45.00000000000003	124.99999999999997
470	10	2	44.708000000000006	164.88799999999992
470	11	2	84.944	5.036000000000003
470	12	2	84.99999999999997	45.00000000000002
470	13	2	85.36625514403288	85.38683127572016
470	14	2	85.36051502145926	125.70386266094418
470	15	2	85.23999999999994	165.04399999999987
470	16	2	125.58333333333334	6.666666666666667
470	17	2	124.89200000000001	45.011999999999986
470	18	2	125.10800000000002	85.01999999999997
470	19	2	124.99600000000004	125.09999999999997
470	20	2	125.64400000000002	164.62800000000001
470	21	2	165.33600000000004	5.108
470	22	2	164.99999999999994	45.00000000000002
470	23	2	164.99999999999994	84.99999999999997
470	24	2	164.86799999999997	125.09599999999999
470	25	2	164.3235294117647	164.5882352941177
470	26	1	45.98200000000003	25.268
470	27	1	82.15199999999993	113.42400000000008
470	28	1	66.002	83.62800000000001
470	29	1	81.01796407185631	65.8902195608782
470	30	1	189.264	139.982
470	31	1	116.25349301397203	144.8143712574853
470	32	1	12.243999999999998	109.01799999999993
470	33	1	115.30399999999995	180.66800000000023
470	34	1	178.1980000000002	149.99200000000013
470	35	1	138.10800000000023	153.6199999999998
470	36	1	144.3892215568863	198.39121756487023
470	37	1	135.87599999999998	178.25600000000006
470	38	1	62.555110220440866	177.2685370741485
470	39	1	157.05389221556877	182.90019960079826
470	40	1	7.411999999999998	23.653999999999986
470	41	1	100.04191616766461	157.9900199600801
470	42	1	50.22600000000004	188.14799999999988
470	43	1	25.884231536926137	93.63672654690622
470	44	1	73.79199999999994	161.1899999999999
470	45	1	34.901999999999965	109.13599999999981
471	1	2	4.927999999999999	4.604000000000001
471	2	2	4.9999999999999964	45
471	3	2	5.103999999999996	85.01200000000003
471	4	2	4.9999999999999964	125.00000000000003
471	5	2	4.9999999999999964	165.00000000000009
471	6	2	45.00000000000003	5.000000000000002
471	7	2	45.00000000000002	45.29999999999999
471	8	2	45.86799999999999	85.59599999999999
471	9	2	45.00000000000003	124.99999999999997
471	10	2	44.708000000000006	164.88799999999992
471	11	2	84.944	5.036000000000003
471	12	2	84.99999999999997	45.00000000000002
471	13	2	85.36625514403288	85.38683127572016
471	14	2	85.36051502145926	125.70386266094418
471	15	2	85.23999999999994	165.04399999999987
471	16	2	125.58333333333334	6.666666666666667
471	17	2	124.89200000000001	45.011999999999986
471	18	2	125.10800000000002	85.01999999999997
471	19	2	124.99600000000004	125.09999999999997
471	20	2	125.64400000000002	164.62800000000001
471	21	2	165.33600000000004	5.108
471	22	2	164.99999999999994	45.00000000000002
471	23	2	164.99999999999994	84.99999999999997
471	24	2	164.86799999999997	125.09599999999999
471	25	2	164.3235294117647	164.5882352941177
471	26	1	46.16766467065866	25.04590818363276
471	27	1	82.125748502994	113.38922155688631
471	28	1	66.01197604790416	83.64870259481037
471	29	1	80.99400000000003	65.89599999999994
471	30	1	189.32135728542914	139.96207584830336
471	31	1	116.2424849699398	144.82965931863743
471	32	1	12.181999999999993	108.95400000000002
471	33	1	115.17330677290829	180.56573705179278
471	34	1	178.15568862275452	149.92215568862275
471	35	1	138.24750499001996	153.73453093812364
471	36	1	144.37125748502987	198.44710578842313
471	37	1	135.78842315369263	178.33333333333337
471	38	1	62.51703406813631	177.2304609218436
471	39	1	157.07584830339314	182.97604790419166
471	40	1	7.500000000000006	23.627999999999982
471	41	1	99.97599999999998	157.89400000000003
471	42	1	50.313999999999965	188.252
471	43	1	25.880239520958085	93.57684630738534
471	44	1	73.78399999999992	161.19599999999997
471	45	1	34.87848605577689	109.17529880478085
472	1	2	4.927999999999999	4.604000000000001
472	2	2	4.9999999999999964	45
472	3	2	5.103999999999996	85.01200000000003
472	4	2	4.9999999999999964	125.00000000000003
472	5	2	4.9999999999999964	165.00000000000009
472	6	2	45.00000000000003	5.000000000000002
472	7	2	45.00000000000002	45.29999999999999
472	8	2	45.86799999999999	85.59599999999999
472	9	2	45.00000000000003	124.99999999999997
472	10	2	44.708000000000006	164.88799999999992
472	11	2	84.944	5.036000000000003
472	12	2	84.99999999999997	45.00000000000002
472	13	2	85.36625514403288	85.38683127572016
472	14	2	85.36051502145926	125.70386266094418
472	15	2	85.23999999999994	165.04399999999987
472	16	2	125.58333333333334	6.666666666666667
472	17	2	124.89200000000001	45.011999999999986
472	18	2	125.10800000000002	85.01999999999997
472	19	2	124.99600000000004	125.09999999999997
472	20	2	125.64400000000002	164.62800000000001
472	21	2	165.33600000000004	5.108
472	22	2	164.99999999999994	45.00000000000002
472	23	2	164.99999999999994	84.99999999999997
472	24	2	164.86799999999997	125.09599999999999
472	25	2	164.3235294117647	164.5882352941177
472	26	1	46.27744510978045	25.11976047904194
472	27	1	82.07999999999994	113.38400000000003
472	28	1	65.948	83.67200000000004
472	29	1	80.98599999999998	65.96799999999999
472	30	1	189.4008016032064	140.00400801603215
472	31	1	116.3220000000001	144.84799999999998
472	32	1	12.1593625498008	108.91235059760955
472	33	1	115.06000000000007	180.504
472	34	1	178.07768924302778	149.85059760956173
472	35	1	138.32934131736525	153.83632734530943
472	36	1	144.3820000000001	198.50400000000013
472	37	1	135.7	178.33199999999988
472	38	1	62.51399999999998	177.20999999999998
472	39	1	157.03000000000014	183.04999999999987
472	40	1	7.584830339321358	23.56087824351298
472	41	1	99.98602794411167	157.7804391217563
472	42	1	50.35399999999999	188.30000000000007
472	43	1	25.890219560878236	93.52095808383237
472	44	1	73.85029940119757	161.1576846307384
472	45	1	34.88	109.12400000000004
473	1	2	4.927999999999999	4.604000000000001
473	2	2	4.9999999999999964	45
473	3	2	5.103999999999996	85.01200000000003
473	4	2	4.9999999999999964	125.00000000000003
473	5	2	4.9999999999999964	165.00000000000009
473	6	2	45.00000000000003	5.000000000000002
473	7	2	45.00000000000002	45.29999999999999
473	8	2	45.86799999999999	85.59599999999999
473	9	2	45.00000000000003	124.99999999999997
473	10	2	44.708000000000006	164.88799999999992
473	11	2	84.944	5.036000000000003
473	12	2	84.99999999999997	45.00000000000002
473	13	2	85.36625514403288	85.38683127572016
473	14	2	85.36051502145926	125.70386266094418
473	15	2	85.23999999999994	165.04399999999987
473	16	2	125.58333333333334	6.666666666666667
473	17	2	124.89200000000001	45.011999999999986
473	18	2	125.10800000000002	85.01999999999997
473	19	2	124.99600000000004	125.09999999999997
473	20	2	125.64400000000002	164.62800000000001
473	21	2	165.33600000000004	5.108
473	22	2	164.99999999999994	45.00000000000002
473	23	2	164.99999999999994	84.99999999999997
473	24	2	164.86799999999997	125.09599999999999
473	25	2	164.3235294117647	164.5882352941177
473	26	1	46.32999999999999	25.05399999999998
473	27	1	82.1700000000001	113.34200000000013
473	28	1	65.92814371257487	83.62674650698602
473	29	1	81.04990019960078	65.9181636726546
473	30	1	189.46506986027944	140.02794411177658
473	31	1	116.39520958083831	144.70459081836324
473	32	1	12.055776892430282	108.82071713147414
473	33	1	114.94600000000004	180.40399999999994
473	34	1	178.00400000000008	149.78400000000005
473	35	1	138.3832335329343	153.85628742514967
473	36	1	144.3413173652694	198.45109780439125
473	37	1	135.6300000000001	178.31600000000006
473	38	1	62.462000000000025	177.1099999999999
473	39	1	157.03807615230468	183.058116232465
473	40	1	7.497999999999999	23.482000000000006
473	41	1	99.99001996007986	157.79441117764475
473	42	1	50.333333333333314	188.34530938123754
473	43	1	25.918	93.46599999999997
473	44	1	73.86773547094178	161.12224448897808
473	45	1	34.68600000000001	109.272
474	1	2	4.927999999999999	4.604000000000001
474	2	2	4.9999999999999964	45
474	3	2	5.103999999999996	85.01200000000003
474	4	2	4.9999999999999964	125.00000000000003
474	5	2	4.9999999999999964	165.00000000000009
474	6	2	45.00000000000003	5.000000000000002
474	7	2	45.00000000000002	45.29999999999999
474	8	2	45.86799999999999	85.59599999999999
474	9	2	45.00000000000003	124.99999999999997
474	10	2	44.708000000000006	164.88799999999992
474	11	2	84.944	5.036000000000003
474	12	2	84.99999999999997	45.00000000000002
474	13	2	85.36625514403288	85.38683127572016
474	14	2	85.36051502145926	125.70386266094418
474	15	2	85.23999999999994	165.04399999999987
474	16	2	125.58333333333334	6.666666666666667
474	17	2	124.89200000000001	45.011999999999986
474	18	2	125.10800000000002	85.01999999999997
474	19	2	124.99600000000004	125.09999999999997
474	20	2	125.64400000000002	164.62800000000001
474	21	2	165.33600000000004	5.108
474	22	2	164.99999999999994	45.00000000000002
474	23	2	164.99999999999994	84.99999999999997
474	24	2	164.86799999999997	125.09599999999999
474	25	2	164.3235294117647	164.5882352941177
474	26	1	46.47904191616769	24.940119760479064
474	27	1	82.02999999999994	113.29599999999998
474	28	1	65.90618762475044	83.59880239520959
474	29	1	81.04599999999994	65.87200000000007
474	30	1	189.51000000000002	140.09600000000017
474	31	1	116.48103792415174	144.66866267465065
474	32	1	11.972055888223567	108.9241516966068
474	33	1	114.66800000000003	180.2520000000001
474	34	1	177.89979959919862	149.70340681362717
474	35	1	138.34730538922162	154.0059880239523
474	36	1	144.26946107784417	198.52295409181647
474	37	1	135.44800000000006	178.45999999999992
474	38	1	62.45290581162328	177.14629258517044
474	39	1	157.01397205588836	183.15369261477042
474	40	1	7.381237524950093	23.582834331337317
474	41	1	99.96407185628735	157.69660678642725
474	42	1	50.35999999999998	188.36800000000014
474	43	1	25.874251497006	93.43912175648708
474	44	1	73.88600000000012	161.14000000000004
474	45	1	34.54600000000001	109.32
475	1	2	4.927999999999999	4.604000000000001
475	2	2	4.9999999999999964	45
475	3	2	5.103999999999996	85.01200000000003
475	4	2	4.9999999999999964	125.00000000000003
475	5	2	4.9999999999999964	165.00000000000009
475	6	2	45.00000000000003	5.000000000000002
475	7	2	45.00000000000002	45.29999999999999
475	8	2	45.86799999999999	85.59599999999999
475	9	2	45.00000000000003	124.99999999999997
475	10	2	44.708000000000006	164.88799999999992
475	11	2	84.944	5.036000000000003
475	12	2	84.99999999999997	45.00000000000002
475	13	2	85.36625514403288	85.38683127572016
475	14	2	85.36051502145926	125.70386266094418
475	15	2	85.23999999999994	165.04399999999987
475	16	2	125.58333333333334	6.666666666666667
475	17	2	124.89200000000001	45.011999999999986
475	18	2	125.10800000000002	85.01999999999997
475	19	2	124.99600000000004	125.09999999999997
475	20	2	125.64400000000002	164.62800000000001
475	21	2	165.33600000000004	5.108
475	22	2	164.99999999999994	45.00000000000002
475	23	2	164.99999999999994	84.99999999999997
475	24	2	164.86799999999997	125.09599999999999
475	25	2	164.3235294117647	164.5882352941177
475	26	1	46.50400000000004	24.851999999999983
475	27	1	82.04590818363272	113.25349301397208
475	28	1	65.90599999999998	83.72000000000011
475	29	1	81.10600000000002	65.84199999999998
475	30	1	189.55200000000002	140.09600000000006
475	31	1	116.53199999999993	144.68400000000003
475	32	1	11.955911823647307	108.96192384769539
475	33	1	114.5309381237525	180.2315369261477
475	34	1	177.8977955911823	149.64929859719436
475	35	1	138.35800000000003	154.0999999999999
475	36	1	144.18200000000002	198.4619999999998
475	37	1	135.3659999999999	178.5659999999998
475	38	1	62.521042084168364	177.17234468937883
475	39	1	157.04408817635266	183.19038076152307
475	40	1	7.526946107784437	23.526946107784443
475	41	1	99.94211576846303	157.78243512974063
475	42	1	50.40718562874248	188.47305389221546
475	43	1	25.895999999999983	93.40599999999999
475	44	1	73.96606786427144	161.0858283433133
475	45	1	34.38922155688619	109.47105788423153
476	1	2	4.927999999999999	4.604000000000001
476	2	2	4.9999999999999964	45
476	3	2	5.103999999999996	85.01200000000003
476	4	2	4.9999999999999964	125.00000000000003
476	5	2	4.9999999999999964	165.00000000000009
476	6	2	45.00000000000003	5.000000000000002
476	7	2	45.00000000000002	45.29999999999999
476	8	2	45.86799999999999	85.59599999999999
476	9	2	45.00000000000003	124.99999999999997
476	10	2	44.708000000000006	164.88799999999992
476	11	2	84.944	5.036000000000003
476	12	2	84.99999999999997	45.00000000000002
476	13	2	85.36625514403288	85.38683127572016
476	14	2	85.36051502145926	125.70386266094418
476	15	2	85.23999999999994	165.04399999999987
476	16	2	125.58333333333334	6.666666666666667
476	17	2	124.89200000000001	45.011999999999986
476	18	2	125.10800000000002	85.01999999999997
476	19	2	124.99600000000004	125.09999999999997
476	20	2	125.64400000000002	164.62800000000001
476	21	2	165.33600000000004	5.108
476	22	2	164.99999999999994	45.00000000000002
476	23	2	164.99999999999994	84.99999999999997
476	24	2	164.86799999999997	125.09599999999999
476	25	2	164.3235294117647	164.5882352941177
476	26	1	46.530938123752456	24.80838323353293
476	27	1	81.97405189620763	113.24550898203597
476	28	1	65.97799999999998	83.76600000000003
476	29	1	81.19999999999995	65.76800000000003
476	30	1	189.578	140.00599999999997
476	31	1	116.59199999999994	144.6959999999999
476	32	1	11.93013972055889	109.0059880239521
476	33	1	114.43912175648708	180.2195608782436
476	34	1	177.9819639278555	149.58717434869723
476	35	1	138.4271457085828	154.13772455089833
476	36	1	144.253493013972	198.5389221556886
476	37	1	135.31274900398407	178.59960159362552
476	38	1	62.48600000000002	177.04800000000003
476	39	1	157.06599999999995	183.20600000000002
476	40	1	7.476000000000003	23.547999999999984
476	41	1	99.9161676646706	157.81037924151698
476	42	1	50.49203187251	188.57171314741035
476	43	1	25.79400000000003	93.44000000000003
476	44	1	73.96399999999996	161.1000000000001
476	45	1	34.41716566866268	109.4151696606786
477	1	2	4.927999999999999	4.604000000000001
477	2	2	4.9999999999999964	45
477	3	2	5.103999999999996	85.01200000000003
477	4	2	4.9999999999999964	125.00000000000003
477	5	2	4.9999999999999964	165.00000000000009
477	6	2	45.00000000000003	5.000000000000002
477	7	2	45.00000000000002	45.29999999999999
477	8	2	45.86799999999999	85.59599999999999
477	9	2	45.00000000000003	124.99999999999997
477	10	2	44.708000000000006	164.88799999999992
477	11	2	84.944	5.036000000000003
477	12	2	84.99999999999997	45.00000000000002
477	13	2	85.36625514403288	85.38683127572016
477	14	2	85.36051502145926	125.70386266094418
477	15	2	85.23999999999994	165.04399999999987
477	16	2	125.58333333333334	6.666666666666667
477	17	2	124.89200000000001	45.011999999999986
477	18	2	125.10800000000002	85.01999999999997
477	19	2	124.99600000000004	125.09999999999997
477	20	2	125.64400000000002	164.62800000000001
477	21	2	165.33600000000004	5.108
477	22	2	164.99999999999994	45.00000000000002
477	23	2	164.99999999999994	84.99999999999997
477	24	2	164.86799999999997	125.09599999999999
477	25	2	164.3235294117647	164.5882352941177
477	26	1	46.76400000000004	24.71199999999999
477	27	1	81.81836327345316	113.19361277445107
477	28	1	65.89999999999998	83.882
477	29	1	81.15568862275454	65.72854291417165
477	30	1	189.654	140.00399999999996
477	31	1	116.65668662674653	144.688622754491
477	32	1	11.897999999999994	108.98599999999996
477	33	1	114.37875751503005	180.16032064128257
477	34	1	177.9920159680638	149.4930139720558
477	35	1	138.50199999999995	154.26199999999997
477	36	1	144.2834331337326	198.65668662674634
477	37	1	135.24351297405192	178.66067864271452
477	38	1	62.500998003992066	176.99001996007965
477	39	1	157.01996007984033	183.20558882235548
477	40	1	7.461999999999998	23.482000000000017
477	41	1	99.90599999999993	157.9180000000001
477	42	1	50.47305389221556	188.58083832335328
477	43	1	25.751999999999992	93.39400000000006
477	44	1	74.0617529880478	161.0079681274902
477	45	1	34.34131736526945	109.50499001996009
478	1	2	4.927999999999999	4.604000000000001
478	2	2	4.9999999999999964	45
478	3	2	5.103999999999996	85.01200000000003
478	4	2	4.9999999999999964	125.00000000000003
478	5	2	4.9999999999999964	165.00000000000009
478	6	2	45.00000000000003	5.000000000000002
478	7	2	45.00000000000002	45.29999999999999
478	8	2	45.86799999999999	85.59599999999999
478	9	2	45.00000000000003	124.99999999999997
478	10	2	44.708000000000006	164.88799999999992
478	11	2	84.944	5.036000000000003
478	12	2	84.99999999999997	45.00000000000002
478	13	2	85.36625514403288	85.38683127572016
478	14	2	85.36051502145926	125.70386266094418
478	15	2	85.23999999999994	165.04399999999987
478	16	2	125.58333333333334	6.666666666666667
478	17	2	124.89200000000001	45.011999999999986
478	18	2	125.10800000000002	85.01999999999997
478	19	2	124.99600000000004	125.09999999999997
478	20	2	125.64400000000002	164.62800000000001
478	21	2	165.33600000000004	5.108
478	22	2	164.99999999999994	45.00000000000002
478	23	2	164.99999999999994	84.99999999999997
478	24	2	164.86799999999997	125.09599999999999
478	25	2	164.3235294117647	164.5882352941177
478	26	1	46.85600000000003	24.599999999999998
478	27	1	81.8443113772455	113.0958083832336
478	28	1	65.81836327345314	84.06387225548903
478	29	1	81.196	65.73400000000001
478	30	1	189.7564870259481	140.15568862275447
478	31	1	116.58999999999999	144.68600000000006
478	32	1	11.888223552894216	109.00399201596807
478	33	1	114.31936127744518	180.14570858283417
478	34	1	177.79599999999996	149.43399999999994
478	35	1	138.46107784431138	154.38123752494994
478	36	1	144.3133732534931	198.78043912175656
478	37	1	135.11022044088176	178.7895791583167
478	38	1	62.469999999999985	177.06400000000022
478	39	1	156.95591182364734	183.19238476953916
478	40	1	7.436254980079685	23.545816733067742
478	41	1	99.82634730538923	157.80638722554897
478	42	1	50.554000000000016	188.69799999999998
478	43	1	25.72745490981963	93.38276553106206
478	44	1	74.06387225548893	161.04990019960087
478	45	1	34.29540918163674	109.54491017964078
479	1	2	4.927999999999999	4.604000000000001
479	2	2	4.9999999999999964	45
479	3	2	5.103999999999996	85.01200000000003
479	4	2	4.9999999999999964	125.00000000000003
479	5	2	4.9999999999999964	165.00000000000009
479	6	2	45.00000000000003	5.000000000000002
479	7	2	45.00000000000002	45.29999999999999
479	8	2	45.86799999999999	85.59599999999999
479	9	2	45.00000000000003	124.99999999999997
479	10	2	44.708000000000006	164.88799999999992
479	11	2	84.944	5.036000000000003
479	12	2	84.99999999999997	45.00000000000002
479	13	2	85.36625514403288	85.38683127572016
479	14	2	85.36051502145926	125.70386266094418
479	15	2	85.23999999999994	165.04399999999987
479	16	2	125.58333333333334	6.666666666666667
479	17	2	124.89200000000001	45.011999999999986
479	18	2	125.10800000000002	85.01999999999997
479	19	2	124.99600000000004	125.09999999999997
479	20	2	125.64400000000002	164.62800000000001
479	21	2	165.33600000000004	5.108
479	22	2	164.99999999999994	45.00000000000002
479	23	2	164.99999999999994	84.99999999999997
479	24	2	164.86799999999997	125.09599999999999
479	25	2	164.3235294117647	164.5882352941177
479	26	1	47.12375249501	24.572854291417165
479	27	1	81.79759519038092	113.03807615230457
479	28	1	65.74000000000005	84.13
479	29	1	81.24151696606798	65.7564870259481
479	30	1	189.77844311377245	140.23353293413197
479	31	1	116.64799999999995	144.68799999999987
479	32	1	11.848303393213584	108.98602794411181
479	33	1	114.29341317365277	180.0858283433134
479	34	1	177.5109780439121	149.35928143712576
479	35	1	138.45800000000014	154.42200000000003
479	36	1	144.29200000000014	198.7900000000001
479	37	1	135.0821643286574	178.84368737474955
479	38	1	62.321999999999974	176.9619999999999
479	39	1	156.95200000000006	183.21999999999994
479	40	1	7.467065868263468	23.50299401197605
479	41	1	99.79041916167672	157.90618762475057
479	42	1	50.52589641434268	188.81474103585663
479	43	1	25.710578842315353	93.29540918163664
479	44	1	74.07584830339312	161.24550898203583
479	45	1	34.20200000000003	109.57400000000004
480	1	2	4.927999999999999	4.604000000000001
480	2	2	4.9999999999999964	45
480	3	2	5.103999999999996	85.01200000000003
480	4	2	4.9999999999999964	125.00000000000003
480	5	2	4.9999999999999964	165.00000000000009
480	6	2	45.00000000000003	5.000000000000002
480	7	2	45.00000000000002	45.29999999999999
480	8	2	45.86799999999999	85.59599999999999
480	9	2	45.00000000000003	124.99999999999997
480	10	2	44.708000000000006	164.88799999999992
480	11	2	84.944	5.036000000000003
480	12	2	84.99999999999997	45.00000000000002
480	13	2	85.36625514403288	85.38683127572016
480	14	2	85.36051502145926	125.70386266094418
480	15	2	85.23999999999994	165.04399999999987
480	16	2	125.58333333333334	6.666666666666667
480	17	2	124.89200000000001	45.011999999999986
480	18	2	125.10800000000002	85.01999999999997
480	19	2	124.99600000000004	125.09999999999997
480	20	2	125.64400000000002	164.62800000000001
480	21	2	165.33600000000004	5.108
480	22	2	164.99999999999994	45.00000000000002
480	23	2	164.99999999999994	84.99999999999997
480	24	2	164.86799999999997	125.09599999999999
480	25	2	164.3235294117647	164.5882352941177
480	26	1	47.4930139720559	24.44111776447107
480	27	1	81.69200000000012	113.03800000000007
480	28	1	65.78399999999999	84.32000000000002
480	29	1	81.21599999999998	65.78599999999992
480	30	1	189.838	140.23600000000008
480	31	1	116.71057884231536	144.5628742514967
480	32	1	11.842315369261476	109.0019960079841
480	33	1	114.17165668662673	180.06187624750507
480	34	1	177.42115768463077	149.29940119760474
480	35	1	138.44510978043925	154.45508982035935
480	36	1	144.31337325349324	198.88423153692605
480	37	1	134.9640718562873	178.94211576846303
480	38	1	62.235059760956226	177.03386454183266
480	39	1	156.96400000000014	183.21400000000008
480	40	1	7.483033932135731	23.52295409181637
480	41	1	99.75099601593627	157.79083665338644
480	42	1	50.65799999999995	189.00200000000015
480	43	1	25.69399999999997	93.376
480	44	1	74.09181636726548	161.2095808383234
480	45	1	34.109780439121785	109.68063872255486
481	1	2	4.927999999999999	4.604000000000001
481	2	2	4.9999999999999964	45
481	3	2	5.103999999999996	85.01200000000003
481	4	2	4.9999999999999964	125.00000000000003
481	5	2	4.9999999999999964	165.00000000000009
481	6	2	45.00000000000003	5.000000000000002
481	7	2	45.00000000000002	45.29999999999999
481	8	2	45.86799999999999	85.59599999999999
481	9	2	45.00000000000003	124.99999999999997
481	10	2	44.708000000000006	164.88799999999992
481	11	2	84.944	5.036000000000003
481	12	2	84.99999999999997	45.00000000000002
481	13	2	85.36625514403288	85.38683127572016
481	14	2	85.36051502145926	125.70386266094418
481	15	2	85.23999999999994	165.04399999999987
481	16	2	125.58333333333334	6.666666666666667
481	17	2	124.89200000000001	45.011999999999986
481	18	2	125.10800000000002	85.01999999999997
481	19	2	124.99600000000004	125.09999999999997
481	20	2	125.64400000000002	164.62800000000001
481	21	2	165.33600000000004	5.108
481	22	2	164.99999999999994	45.00000000000002
481	23	2	164.99999999999994	84.99999999999997
481	24	2	164.86799999999997	125.09599999999999
481	25	2	164.3235294117647	164.5882352941177
481	26	1	47.593625498007974	24.35856573705181
481	27	1	81.76646706586834	112.92814371257488
481	28	1	65.71656686626744	84.46506986027941
481	29	1	81.23353293413172	65.81437125748498
481	30	1	189.976	140.314
481	31	1	116.80039920159675	144.51497005988
481	32	1	11.86427145708583	109.01397205588823
481	33	1	114.17165668662673	180.08183632734537
481	34	1	177.47094188376747	149.22845691382784
481	35	1	138.47904191616783	154.60678642714575
481	36	1	144.29400000000004	198.9720000000002
481	37	1	134.91400000000004	179.00600000000017
481	38	1	62.141999999999996	177.086
481	39	1	156.91399999999996	183.27399999999994
481	40	1	7.481037924151696	23.642714570858274
481	41	1	99.76646706586823	157.76846307385225
481	42	1	50.727999999999945	189.10000000000005
481	43	1	25.65668662674649	93.22355289421165
481	44	1	74.06187624750497	161.28343313373256
481	45	1	34.11976047904188	109.62475049900205
482	1	2	4.927999999999999	4.604000000000001
482	2	2	4.9999999999999964	45
482	3	2	5.103999999999996	85.01200000000003
482	4	2	4.9999999999999964	125.00000000000003
482	5	2	4.9999999999999964	165.00000000000009
482	6	2	45.00000000000003	5.000000000000002
482	7	2	45.00000000000002	45.29999999999999
482	8	2	45.86799999999999	85.59599999999999
482	9	2	45.00000000000003	124.99999999999997
482	10	2	44.708000000000006	164.88799999999992
482	11	2	84.944	5.036000000000003
482	12	2	84.99999999999997	45.00000000000002
482	13	2	85.36625514403288	85.38683127572016
482	14	2	85.36051502145926	125.70386266094418
482	15	2	85.23999999999994	165.04399999999987
482	16	2	125.58333333333334	6.666666666666667
482	17	2	124.89200000000001	45.011999999999986
482	18	2	125.10800000000002	85.01999999999997
482	19	2	124.99600000000004	125.09999999999997
482	20	2	125.64400000000002	164.62800000000001
482	21	2	165.33600000000004	5.108
482	22	2	164.99999999999994	45.00000000000002
482	23	2	164.99999999999994	84.99999999999997
482	24	2	164.86799999999997	125.09599999999999
482	25	2	164.3235294117647	164.5882352941177
482	26	1	47.754491017964114	24.175648702594803
482	27	1	81.6127744510977	112.91417165668659
482	28	1	65.70000000000007	84.59400000000005
482	29	1	81.1900000000001	65.89399999999996
482	30	1	190.00998003992015	140.40119760479047
482	31	1	116.89021956087815	144.58882235528958
482	32	1	11.868263473053887	108.95608782435121
482	33	1	114.00800000000004	179.962
482	34	1	177.54291417165672	149.33333333333337
482	35	1	138.51999999999987	154.66999999999985
482	36	1	144.2840000000001	198.9459999999999
482	37	1	134.71400000000025	179.07999999999996
482	38	1	62.159680638722584	177.11377245508987
482	39	1	156.85029940119767	183.24351297405184
482	40	1	7.594810379241518	23.560878243512985
482	41	1	99.7480000000001	157.76000000000002
482	42	1	50.72509960159362	189.16135458167318
482	43	1	25.64271457085828	93.20359281437122
482	44	1	74.09018036072142	161.14428857715436
482	45	1	34.14970059880239	109.55289421157686
483	1	2	4.927999999999999	4.604000000000001
483	2	2	4.9999999999999964	45
483	3	2	5.103999999999996	85.01200000000003
483	4	2	4.9999999999999964	125.00000000000003
483	5	2	4.9999999999999964	165.00000000000009
483	6	2	45.00000000000003	5.000000000000002
483	7	2	45.00000000000002	45.29999999999999
483	8	2	45.86799999999999	85.59599999999999
483	9	2	45.00000000000003	124.99999999999997
483	10	2	44.708000000000006	164.88799999999992
483	11	2	84.944	5.036000000000003
483	12	2	84.99999999999997	45.00000000000002
483	13	2	85.36625514403288	85.38683127572016
483	14	2	85.36051502145926	125.70386266094418
483	15	2	85.23999999999994	165.04399999999987
483	16	2	125.58333333333334	6.666666666666667
483	17	2	124.89200000000001	45.011999999999986
483	18	2	125.10800000000002	85.01999999999997
483	19	2	124.99600000000004	125.09999999999997
483	20	2	125.64400000000002	164.62800000000001
483	21	2	165.33600000000004	5.108
483	22	2	164.99999999999994	45.00000000000002
483	23	2	164.99999999999994	84.99999999999997
483	24	2	164.86799999999997	125.09599999999999
483	25	2	164.3235294117647	164.5882352941177
483	26	1	47.88622754491016	24.03992015968064
483	27	1	81.60999999999997	112.86399999999995
483	28	1	65.66400000000002	84.67199999999994
483	29	1	81.132	65.97599999999993
483	30	1	190.11976047904193	140.44510978043894
483	31	1	116.98399999999997	144.59199999999984
483	32	1	11.960079840319361	108.97804391217564
483	33	1	113.98403193612772	179.98802395209577
483	34	1	177.4550898203594	149.28742514970065
483	35	1	138.54980079681292	154.75896414342625
483	36	1	144.27655310621253	199.02605210420822
483	37	1	134.70000000000007	179.18200000000002
483	38	1	62.04191616766468	177.11177644710577
483	39	1	156.84262948207194	183.26693227091639
483	40	1	7.548902195608786	23.58882235528944
483	41	1	99.71314741035854	157.62749003984055
483	42	1	50.64870259481034	189.19960079840322
483	43	1	25.624	93.134
483	44	1	74.08183632734531	161.12774451097818
483	45	1	34.168	109.49200000000005
484	1	2	4.927999999999999	4.604000000000001
484	2	2	4.9999999999999964	45
484	3	2	5.103999999999996	85.01200000000003
484	4	2	4.9999999999999964	125.00000000000003
484	5	2	4.9999999999999964	165.00000000000009
484	6	2	45.00000000000003	5.000000000000002
484	7	2	45.00000000000002	45.29999999999999
484	8	2	45.86799999999999	85.59599999999999
484	9	2	45.00000000000003	124.99999999999997
484	10	2	44.708000000000006	164.88799999999992
484	11	2	84.944	5.036000000000003
484	12	2	84.99999999999997	45.00000000000002
484	13	2	85.36625514403288	85.38683127572016
484	14	2	85.36051502145926	125.70386266094418
484	15	2	85.23999999999994	165.04399999999987
484	16	2	125.58333333333334	6.666666666666667
484	17	2	124.89200000000001	45.011999999999986
484	18	2	125.10800000000002	85.01999999999997
484	19	2	124.99600000000004	125.09999999999997
484	20	2	125.64400000000002	164.62800000000001
484	21	2	165.33600000000004	5.108
484	22	2	164.99999999999994	45.00000000000002
484	23	2	164.99999999999994	84.99999999999997
484	24	2	164.86799999999997	125.09599999999999
484	25	2	164.3235294117647	164.5882352941177
484	26	1	48.00600000000006	23.88999999999999
484	27	1	81.60878243512968	112.79241516966061
484	28	1	65.66400000000002	84.69600000000005
484	29	1	81.19161676646708	65.84830339321356
484	30	1	190.22754491017963	140.5928143712575
484	31	1	117.12799999999999	144.71800000000002
484	32	1	11.918163672654693	108.93213572854296
484	33	1	113.87199999999993	179.9039999999999
484	34	1	177.2814371257486	149.1956087824351
484	35	1	138.66666666666669	154.8962075848304
484	36	1	144.31599999999995	199.0359999999998
484	37	1	134.5080000000001	179.26199999999994
484	38	1	61.94411177644709	177.23353293413152
484	39	1	156.7960000000001	183.22799999999992
484	40	1	7.46107784431138	23.6946107784431
484	41	1	99.70799999999998	157.602
484	42	1	50.588822355289416	189.22754491017972
484	43	1	25.648000000000017	93.11199999999994
484	44	1	74.15139442231079	161.10159362549823
484	45	1	34.16566866267468	109.4471057884231
485	1	2	4.927999999999999	4.604000000000001
485	2	2	4.9999999999999964	45
485	3	2	5.103999999999996	85.01200000000003
485	4	2	4.9999999999999964	125.00000000000003
485	5	2	4.9999999999999964	165.00000000000009
485	6	2	45.00000000000003	5.000000000000002
485	7	2	45.00000000000002	45.29999999999999
485	8	2	45.86799999999999	85.59599999999999
485	9	2	45.00000000000003	124.99999999999997
485	10	2	44.708000000000006	164.88799999999992
485	11	2	84.944	5.036000000000003
485	12	2	84.99999999999997	45.00000000000002
485	13	2	85.36625514403288	85.38683127572016
485	14	2	85.36051502145926	125.70386266094418
485	15	2	85.23999999999994	165.04399999999987
485	16	2	125.58333333333334	6.666666666666667
485	17	2	124.89200000000001	45.011999999999986
485	18	2	125.10800000000002	85.01999999999997
485	19	2	124.99600000000004	125.09999999999997
485	20	2	125.64400000000002	164.62800000000001
485	21	2	165.33600000000004	5.108
485	22	2	164.99999999999994	45.00000000000002
485	23	2	164.99999999999994	84.99999999999997
485	24	2	164.86799999999997	125.09599999999999
485	25	2	164.3235294117647	164.5882352941177
485	26	1	48.015968063872265	23.798403193612778
485	27	1	81.58882235528942	112.75648702594805
485	28	1	65.5059760956175	84.88446215139443
485	29	1	81.17599999999995	65.80199999999999
485	30	1	190.292	140.70200000000003
485	31	1	117.11177644710575	144.63473053892227
485	32	1	11.930000000000001	108.91799999999996
485	33	1	113.83200000000011	179.86
485	34	1	177.05800000000008	149.07799999999995
485	35	1	138.57800000000012	154.86599999999999
485	36	1	144.32600000000014	199.00199999999992
485	37	1	134.50099800399215	179.25349301397196
485	38	1	61.810379241516976	177.3033932135731
485	39	1	156.77445109780442	183.14171656686622
485	40	1	7.578842315369268	23.654690618762466
485	41	1	99.64471057884228	157.4910179640719
485	42	1	50.570858283433154	189.379241516966
485	43	1	25.682634730538908	93.10578842315365
485	44	1	74.1374501992032	161.1553784860558
485	45	1	34.18999999999997	109.43200000000002
486	1	2	4.927999999999999	4.604000000000001
486	2	2	4.9999999999999964	45
486	3	2	5.103999999999996	85.01200000000003
486	4	2	4.9999999999999964	125.00000000000003
486	5	2	4.9999999999999964	165.00000000000009
486	6	2	45.00000000000003	5.000000000000002
486	7	2	45.00000000000002	45.29999999999999
486	8	2	45.86799999999999	85.59599999999999
486	9	2	45.00000000000003	124.99999999999997
486	10	2	44.708000000000006	164.88799999999992
486	11	2	84.944	5.036000000000003
486	12	2	84.99999999999997	45.00000000000002
486	13	2	85.36625514403288	85.38683127572016
486	14	2	85.36051502145926	125.70386266094418
486	15	2	85.23999999999994	165.04399999999987
486	16	2	125.58333333333334	6.666666666666667
486	17	2	124.89200000000001	45.011999999999986
486	18	2	125.10800000000002	85.01999999999997
486	19	2	124.99600000000004	125.09999999999997
486	20	2	125.64400000000002	164.62800000000001
486	21	2	165.33600000000004	5.108
486	22	2	164.99999999999994	45.00000000000002
486	23	2	164.99999999999994	84.99999999999997
486	24	2	164.86799999999997	125.09599999999999
486	25	2	164.3235294117647	164.5882352941177
486	26	1	48.08582834331335	23.69660678642716
486	27	1	81.71799999999999	112.72199999999998
486	28	1	65.52495009980048	84.95209580838328
486	29	1	81.22355289421156	65.8223552894212
486	30	1	190.466	140.81600000000003
486	31	1	117.23399999999998	144.57999999999998
486	32	1	11.96606786427146	108.97005988023952
486	33	1	113.73199999999996	179.71000000000004
486	34	1	176.82799999999995	148.918
486	35	1	138.62199999999993	154.93600000000006
486	36	1	144.314	198.978
486	37	1	134.437125748503	179.25149700598791
486	38	1	61.774	177.3739999999999
486	39	1	156.754	183.12800000000001
486	40	1	7.448000000000003	23.692
486	41	1	99.68399999999998	157.46599999999995
486	42	1	50.55489021956086	189.41716566866268
486	43	1	25.69660678642715	93.0459081836327
486	44	1	74.11200000000001	161.1659999999998
486	45	1	34.16766467065866	109.43113772455088
487	1	2	4.927999999999999	4.604000000000001
487	2	2	4.9999999999999964	45
487	3	2	5.103999999999996	85.01200000000003
487	4	2	4.9999999999999964	125.00000000000003
487	5	2	4.9999999999999964	165.00000000000009
487	6	2	45.00000000000003	5.000000000000002
487	7	2	45.00000000000002	45.29999999999999
487	8	2	45.86799999999999	85.59599999999999
487	9	2	45.00000000000003	124.99999999999997
487	10	2	44.708000000000006	164.88799999999992
487	11	2	84.944	5.036000000000003
487	12	2	84.99999999999997	45.00000000000002
487	13	2	85.36625514403288	85.38683127572016
487	14	2	85.36051502145926	125.70386266094418
487	15	2	85.23999999999994	165.04399999999987
487	16	2	125.58333333333334	6.666666666666667
487	17	2	124.89200000000001	45.011999999999986
487	18	2	125.10800000000002	85.01999999999997
487	19	2	124.99600000000004	125.09999999999997
487	20	2	125.64400000000002	164.62800000000001
487	21	2	165.33600000000004	5.108
487	22	2	164.99999999999994	45.00000000000002
487	23	2	164.99999999999994	84.99999999999997
487	24	2	164.86799999999997	125.09599999999999
487	25	2	164.3235294117647	164.5882352941177
487	26	1	48.074000000000034	23.64399999999999
487	27	1	81.73399999999991	112.72199999999992
487	28	1	65.53400000000002	84.9439999999999
487	29	1	81.2859999999999	65.81400000000002
487	30	1	190.5756972111554	140.87649402390466
487	31	1	117.29199999999994	144.58799999999997
487	32	1	11.993999999999998	108.9560000000001
487	33	1	113.68937875751499	179.76753507014018
487	34	1	176.78999999999988	148.92200000000008
487	35	1	138.70658682634726	155.03193612774447
487	36	1	144.2820000000002	199.036
487	37	1	134.2834331337324	179.22954091816382
487	38	1	61.6472945891784	177.47294589178352
487	39	1	156.67799999999986	183.21
487	40	1	7.5449101796407145	23.570858283433136
487	41	1	99.67799999999994	157.38599999999985
487	42	1	50.37924151696606	189.35528942115775
487	43	1	25.59000000000002	93.06800000000004
487	44	1	74.16600000000005	161.24200000000005
487	45	1	34.15199999999998	109.43200000000004
488	1	2	4.927999999999999	4.604000000000001
488	2	2	4.9999999999999964	45
488	3	2	5.103999999999996	85.01200000000003
488	4	2	4.9999999999999964	125.00000000000003
488	5	2	4.9999999999999964	165.00000000000009
488	6	2	45.00000000000003	5.000000000000002
488	7	2	45.00000000000002	45.29999999999999
488	8	2	45.86799999999999	85.59599999999999
488	9	2	45.00000000000003	124.99999999999997
488	10	2	44.708000000000006	164.88799999999992
488	11	2	84.944	5.036000000000003
488	12	2	84.99999999999997	45.00000000000002
488	13	2	85.36625514403288	85.38683127572016
488	14	2	85.36051502145926	125.70386266094418
488	15	2	85.23999999999994	165.04399999999987
488	16	2	125.58333333333334	6.666666666666667
488	17	2	124.89200000000001	45.011999999999986
488	18	2	125.10800000000002	85.01999999999997
488	19	2	124.99600000000004	125.09999999999997
488	20	2	125.64400000000002	164.62800000000001
488	21	2	165.33600000000004	5.108
488	22	2	164.99999999999994	45.00000000000002
488	23	2	164.99999999999994	84.99999999999997
488	24	2	164.86799999999997	125.09599999999999
488	25	2	164.3235294117647	164.5882352941177
488	26	1	48.16766467065868	23.586826347305394
488	27	1	81.88777555110221	112.65330661322645
488	28	1	65.52295409181635	84.98802395209592
488	29	1	81.25149700598803	65.86826347305386
488	30	1	190.62674650698602	140.99600798403185
488	31	1	117.31800000000005	144.61400000000006
488	32	1	11.994011976047899	108.91616766467077
488	33	1	113.664	179.77599999999998
488	34	1	176.63527054108232	148.80761523046084
488	35	1	138.82600000000005	155.144
488	36	1	144.32071713147414	198.98406374502
488	37	1	134.2719999999999	179.14399999999992
488	38	1	61.636726546906196	177.5169660678643
488	39	1	156.72600000000008	183.214
488	40	1	7.590818363273457	23.520958083832333
488	41	1	99.62599999999992	157.406
488	42	1	50.34200000000003	189.4119999999999
488	43	1	25.552894211576845	93.00399201596808
488	44	1	74.16167664670652	161.2894211576848
488	45	1	34.14570858283434	109.42714570858278
489	1	2	4.927999999999999	4.604000000000001
489	2	2	4.9999999999999964	45
489	3	2	5.103999999999996	85.01200000000003
489	4	2	4.9999999999999964	125.00000000000003
489	5	2	4.9999999999999964	165.00000000000009
489	6	2	45.00000000000003	5.000000000000002
489	7	2	45.00000000000002	45.29999999999999
489	8	2	45.86799999999999	85.59599999999999
489	9	2	45.00000000000003	124.99999999999997
489	10	2	44.708000000000006	164.88799999999992
489	11	2	84.944	5.036000000000003
489	12	2	84.99999999999997	45.00000000000002
489	13	2	85.36625514403288	85.38683127572016
489	14	2	85.36051502145926	125.70386266094418
489	15	2	85.23999999999994	165.04399999999987
489	16	2	125.58333333333334	6.666666666666667
489	17	2	124.89200000000001	45.011999999999986
489	18	2	125.10800000000002	85.01999999999997
489	19	2	124.99600000000004	125.09999999999997
489	20	2	125.64400000000002	164.62800000000001
489	21	2	165.33600000000004	5.108
489	22	2	164.99999999999994	45.00000000000002
489	23	2	164.99999999999994	84.99999999999997
489	24	2	164.86799999999997	125.09599999999999
489	25	2	164.3235294117647	164.5882352941177
489	26	1	48.158000000000015	23.460000000000015
489	27	1	82.11400000000003	112.59599999999999
489	28	1	65.54799999999997	85.02800000000002
489	29	1	81.16799999999994	65.85199999999998
489	30	1	190.622	141.1579999999999
489	31	1	117.50600000000003	144.60400000000018
489	32	1	12.015968063872261	108.93812375249486
489	33	1	113.62075848303391	179.73852295409188
489	34	1	176.47105788423153	148.76646706586834
489	35	1	138.94589178356728	155.2284569138278
489	36	1	144.3519999999999	198.95800000000006
489	37	1	134.1800000000001	179.18599999999986
489	38	1	61.650000000000006	177.7339999999999
489	39	1	156.72455089820355	183.23952095808392
489	40	1	7.460000000000007	23.607999999999997
489	41	1	99.61277445109782	157.2874251497006
489	42	1	50.23752495009985	189.4491017964074
489	43	1	25.467065868263493	93.00399201596804
489	44	1	74.12200000000004	161.36399999999995
489	45	1	34.16966067864269	109.43912175648701
490	1	2	4.927999999999999	4.604000000000001
490	2	2	4.9999999999999964	45
490	3	2	5.103999999999996	85.01200000000003
490	4	2	4.9999999999999964	125.00000000000003
490	5	2	4.9999999999999964	165.00000000000009
490	6	2	45.00000000000003	5.000000000000002
490	7	2	45.00000000000002	45.29999999999999
490	8	2	45.86799999999999	85.59599999999999
490	9	2	45.00000000000003	124.99999999999997
490	10	2	44.708000000000006	164.88799999999992
490	11	2	84.944	5.036000000000003
490	12	2	84.99999999999997	45.00000000000002
490	13	2	85.36625514403288	85.38683127572016
490	14	2	85.36051502145926	125.70386266094418
490	15	2	85.23999999999994	165.04399999999987
490	16	2	125.58333333333334	6.666666666666667
490	17	2	124.89200000000001	45.011999999999986
490	18	2	125.10800000000002	85.01999999999997
490	19	2	124.99600000000004	125.09999999999997
490	20	2	125.64400000000002	164.62800000000001
490	21	2	165.33600000000004	5.108
490	22	2	164.99999999999994	45.00000000000002
490	23	2	164.99999999999994	84.99999999999997
490	24	2	164.86799999999997	125.09599999999999
490	25	2	164.3235294117647	164.5882352941177
490	26	1	48.350597609561746	23.404382470119508
490	27	1	82.16966067864271	112.52095808383243
490	28	1	65.48400000000004	85.12599999999992
490	29	1	81.0836653386454	65.89043824701191
490	30	1	190.6806387225549	141.2095808383235
490	31	1	117.52694610778443	144.52495009980035
490	32	1	11.982035928143702	108.90219560878246
490	33	1	113.6347305389222	179.7405189620758
490	34	1	176.26546906187616	148.6287425149701
490	35	1	138.9400000000001	155.29200000000017
490	36	1	144.3812375249503	199.03992015968072
490	37	1	134.17165668662682	179.181636726547
490	38	1	61.53892215568864	177.85229540918164
490	39	1	156.75799999999984	183.30200000000008
490	40	1	7.63073852295409	23.56287425149701
490	41	1	99.59999999999997	157.22999999999968
490	42	1	50.09600000000005	189.44199999999984
490	43	1	25.492031872509955	92.99003984063745
490	44	1	74.06786427145708	161.43712574850298
490	45	1	34.13999999999999	109.5080000000001
491	1	2	4.927999999999999	4.604000000000001
491	2	2	4.9999999999999964	45
491	3	2	5.103999999999996	85.01200000000003
491	4	2	4.9999999999999964	125.00000000000003
491	5	2	4.9999999999999964	165.00000000000009
491	6	2	45.00000000000003	5.000000000000002
491	7	2	45.00000000000002	45.29999999999999
491	8	2	45.86799999999999	85.59599999999999
491	9	2	45.00000000000003	124.99999999999997
491	10	2	44.708000000000006	164.88799999999992
491	11	2	84.944	5.036000000000003
491	12	2	84.99999999999997	45.00000000000002
491	13	2	85.36625514403288	85.38683127572016
491	14	2	85.36051502145926	125.70386266094418
491	15	2	85.23999999999994	165.04399999999987
491	16	2	125.58333333333334	6.666666666666667
491	17	2	124.89200000000001	45.011999999999986
491	18	2	125.10800000000002	85.01999999999997
491	19	2	124.99600000000004	125.09999999999997
491	20	2	125.64400000000002	164.62800000000001
491	21	2	165.33600000000004	5.108
491	22	2	164.99999999999994	45.00000000000002
491	23	2	164.99999999999994	84.99999999999997
491	24	2	164.86799999999997	125.09599999999999
491	25	2	164.3235294117647	164.5882352941177
491	26	1	48.45708582834331	23.369261477045896
491	27	1	82.26599999999995	112.43199999999999
491	28	1	65.50099800399204	85.17964071856288
491	29	1	81.11200000000005	65.95000000000005
491	30	1	190.696	141.25
491	31	1	117.64271457085827	144.53093812375258
491	32	1	12.057999999999996	108.86599999999996
491	33	1	113.56374501992028	179.7370517928287
491	34	1	176.13972055888235	148.53892215568862
491	35	1	139.08016032064114	155.40681362725462
491	36	1	144.38922155688616	199.05788423153697
491	37	1	134.0896414342628	179.20119521912352
491	38	1	61.522954091816366	178.07784431137713
491	39	1	156.72399999999996	183.27600000000004
491	40	1	7.690618762475046	23.568862275449106
491	41	1	99.59800000000004	157.15800000000004
491	42	1	49.882000000000076	189.29000000000002
491	43	1	25.477999999999987	92.93200000000006
491	44	1	74.04000000000003	161.4300000000002
491	45	1	34.15000000000002	109.53599999999999
492	1	2	4.927999999999999	4.604000000000001
492	2	2	4.9999999999999964	45
492	3	2	5.103999999999996	85.01200000000003
492	4	2	4.9999999999999964	125.00000000000003
492	5	2	4.9999999999999964	165.00000000000009
492	6	2	45.00000000000003	5.000000000000002
492	7	2	45.00000000000002	45.29999999999999
492	8	2	45.86799999999999	85.59599999999999
492	9	2	45.00000000000003	124.99999999999997
492	10	2	44.708000000000006	164.88799999999992
492	11	2	84.944	5.036000000000003
492	12	2	84.99999999999997	45.00000000000002
492	13	2	85.36625514403288	85.38683127572016
492	14	2	85.36051502145926	125.70386266094418
492	15	2	85.23999999999994	165.04399999999987
492	16	2	125.58333333333334	6.666666666666667
492	17	2	124.89200000000001	45.011999999999986
492	18	2	125.10800000000002	85.01999999999997
492	19	2	124.99600000000004	125.09999999999997
492	20	2	125.64400000000002	164.62800000000001
492	21	2	165.33600000000004	5.108
492	22	2	164.99999999999994	45.00000000000002
492	23	2	164.99999999999994	84.99999999999997
492	24	2	164.86799999999997	125.09599999999999
492	25	2	164.3235294117647	164.5882352941177
492	26	1	48.46307385229545	23.435129740518967
492	27	1	82.22599999999997	112.39199999999997
492	28	1	65.4810379241518	85.14570858283437
492	29	1	81.01400000000007	66.08999999999999
492	30	1	190.812	141.28000000000011
492	31	1	117.69400000000005	144.51399999999995
492	32	1	12.034000000000004	108.89599999999999
492	33	1	113.52399999999993	179.748
492	34	1	175.92399999999986	148.386
492	35	1	139.19	155.518
492	36	1	144.3299999999999	198.94399999999973
492	37	1	134.03792415169656	179.13173652694618
492	38	1	61.487999999999964	178.0739999999999
492	39	1	156.77045908183626	183.3972055888224
492	40	1	7.711155378486057	23.617529880478102
492	41	1	99.65069860279445	157.30139720558876
492	42	1	49.950199203187296	189.30079681274907
492	43	1	25.46906187624751	92.86027944111773
492	44	1	74.05800000000008	161.396
492	45	1	34.22599999999998	109.41600000000004
493	1	2	4.927999999999999	4.604000000000001
493	2	2	4.9999999999999964	45
493	3	2	5.103999999999996	85.01200000000003
493	4	2	4.9999999999999964	125.00000000000003
493	5	2	4.9999999999999964	165.00000000000009
493	6	2	45.00000000000003	5.000000000000002
493	7	2	45.00000000000002	45.29999999999999
493	8	2	45.86799999999999	85.59599999999999
493	9	2	45.00000000000003	124.99999999999997
493	10	2	44.708000000000006	164.88799999999992
493	11	2	84.944	5.036000000000003
493	12	2	84.99999999999997	45.00000000000002
493	13	2	85.36625514403288	85.38683127572016
493	14	2	85.36051502145926	125.70386266094418
493	15	2	85.23999999999994	165.04399999999987
493	16	2	125.58333333333334	6.666666666666667
493	17	2	124.89200000000001	45.011999999999986
493	18	2	125.10800000000002	85.01999999999997
493	19	2	124.99600000000004	125.09999999999997
493	20	2	125.64400000000002	164.62800000000001
493	21	2	165.33600000000004	5.108
493	22	2	164.99999999999994	45.00000000000002
493	23	2	164.99999999999994	84.99999999999997
493	24	2	164.86799999999997	125.09599999999999
493	25	2	164.3235294117647	164.5882352941177
493	26	1	48.582834331337274	23.425149700598805
493	27	1	82.41000000000011	112.32000000000008
493	28	1	65.36800000000004	85.18600000000002
493	29	1	80.99800000000006	66.182
493	30	1	190.94610778443112	141.40718562874267
493	31	1	117.76799999999999	144.50999999999993
493	32	1	11.96999999999999	108.91799999999996
493	33	1	113.48799999999994	179.674
493	34	1	175.83400000000003	148.22799999999995
493	35	1	139.2499999999998	155.59200000000004
493	36	1	144.3193612774453	198.96806387225547
493	37	1	134.00399201596798	179.2175648702594
493	38	1	61.43999999999996	178.1700000000002
493	39	1	156.76047904191606	183.37924151696615
493	40	1	7.55289421157685	23.652694610778436
493	41	1	99.66	157.1899999999999
493	42	1	49.79840319361275	189.27944111776446
493	43	1	25.41600000000001	92.76399999999992
493	44	1	74.03800000000001	161.39400000000018
493	45	1	34.21115537848608	109.32071713147405
494	1	2	4.927999999999999	4.604000000000001
494	2	2	4.9999999999999964	45
494	3	2	5.103999999999996	85.01200000000003
494	4	2	4.9999999999999964	125.00000000000003
494	5	2	4.9999999999999964	165.00000000000009
494	6	2	45.00000000000003	5.000000000000002
494	7	2	45.00000000000002	45.29999999999999
494	8	2	45.86799999999999	85.59599999999999
494	9	2	45.00000000000003	124.99999999999997
494	10	2	44.708000000000006	164.88799999999992
494	11	2	84.944	5.036000000000003
494	12	2	84.99999999999997	45.00000000000002
494	13	2	85.36625514403288	85.38683127572016
494	14	2	85.36051502145926	125.70386266094418
494	15	2	85.23999999999994	165.04399999999987
494	16	2	125.58333333333334	6.666666666666667
494	17	2	124.89200000000001	45.011999999999986
494	18	2	125.10800000000002	85.01999999999997
494	19	2	124.99600000000004	125.09999999999997
494	20	2	125.64400000000002	164.62800000000001
494	21	2	165.33600000000004	5.108
494	22	2	164.99999999999994	45.00000000000002
494	23	2	164.99999999999994	84.99999999999997
494	24	2	164.86799999999997	125.09599999999999
494	25	2	164.3235294117647	164.5882352941177
494	26	1	48.664670658682645	23.38922155688623
494	27	1	82.4311377245509	112.3033932135729
494	28	1	65.39121756487025	85.14770459081835
494	29	1	80.97804391217574	66.17964071856292
494	30	1	191.07185628742516	141.43512974051907
494	31	1	117.83767535070136	144.52505010020045
494	32	1	11.9318637274549	108.94388777555108
494	33	1	113.47399999999996	179.6119999999999
494	34	1	175.7125748502996	148.1776447105788
494	35	1	139.50100200400811	155.8416833667334
494	36	1	144.44000000000008	199.03199999999998
494	37	1	133.8822355289421	179.26946107784434
494	38	1	61.30478087649399	178.19721115537865
494	39	1	156.762	183.44599999999997
494	40	1	7.548902195608786	23.73652694610778
494	41	1	99.7034068136272	157.08416833667332
494	42	1	49.63872255489023	189.24750499001996
494	43	1	25.416000000000015	92.75399999999995
494	44	1	73.99599999999998	161.38600000000005
494	45	1	34.199203187250994	109.29681274900405
495	1	2	4.927999999999999	4.604000000000001
495	2	2	4.9999999999999964	45
495	3	2	5.103999999999996	85.01200000000003
495	4	2	4.9999999999999964	125.00000000000003
495	5	2	4.9999999999999964	165.00000000000009
495	6	2	45.00000000000003	5.000000000000002
495	7	2	45.00000000000002	45.29999999999999
495	8	2	45.86799999999999	85.59599999999999
495	9	2	45.00000000000003	124.99999999999997
495	10	2	44.708000000000006	164.88799999999992
495	11	2	84.944	5.036000000000003
495	12	2	84.99999999999997	45.00000000000002
495	13	2	85.36625514403288	85.38683127572016
495	14	2	85.36051502145926	125.70386266094418
495	15	2	85.23999999999994	165.04399999999987
495	16	2	125.58333333333334	6.666666666666667
495	17	2	124.89200000000001	45.011999999999986
495	18	2	125.10800000000002	85.01999999999997
495	19	2	124.99600000000004	125.09999999999997
495	20	2	125.64400000000002	164.62800000000001
495	21	2	165.33600000000004	5.108
495	22	2	164.99999999999994	45.00000000000002
495	23	2	164.99999999999994	84.99999999999997
495	24	2	164.86799999999997	125.09599999999999
495	25	2	164.3235294117647	164.5882352941177
495	26	1	48.679999999999986	23.355999999999998
495	27	1	82.53599999999997	112.224
495	28	1	65.37000000000002	85.16
495	29	1	80.9900199600798	66.20359281437122
495	30	1	191.088	141.4039999999997
495	31	1	118.01197604790423	144.5548902195609
495	32	1	11.977999999999994	108.97199999999992
495	33	1	113.42714570858276	179.67864271457097
495	34	1	175.57999999999987	148.12199999999996
495	35	1	139.71856287425143	155.95409181636722
495	36	1	144.46307385229542	199.21956087824373
495	37	1	133.7779999999999	179.26800000000006
495	38	1	61.27744510978044	178.27944111776443
495	39	1	156.66399999999985	183.41
495	40	1	7.574000000000006	23.686000000000035
495	41	1	99.74199999999993	156.95000000000022
495	42	1	49.648702594810366	189.23552894211565
495	43	1	25.431137724550897	92.81237524950102
495	44	1	73.99201596806384	161.4790419161677
495	45	1	34.274	109.248
496	1	2	4.927999999999999	4.604000000000001
496	2	2	4.9999999999999964	45
496	3	2	5.103999999999996	85.01200000000003
496	4	2	4.9999999999999964	125.00000000000003
496	5	2	4.9999999999999964	165.00000000000009
496	6	2	45.00000000000003	5.000000000000002
496	7	2	45.00000000000002	45.29999999999999
496	8	2	45.86799999999999	85.59599999999999
496	9	2	45.00000000000003	124.99999999999997
496	10	2	44.708000000000006	164.88799999999992
496	11	2	84.944	5.036000000000003
496	12	2	84.99999999999997	45.00000000000002
496	13	2	85.36625514403288	85.38683127572016
496	14	2	85.36051502145926	125.70386266094418
496	15	2	85.23999999999994	165.04399999999987
496	16	2	125.58333333333334	6.666666666666667
496	17	2	124.89200000000001	45.011999999999986
496	18	2	125.10800000000002	85.01999999999997
496	19	2	124.99600000000004	125.09999999999997
496	20	2	125.64400000000002	164.62800000000001
496	21	2	165.33600000000004	5.108
496	22	2	164.99999999999994	45.00000000000002
496	23	2	164.99999999999994	84.99999999999997
496	24	2	164.86799999999997	125.09599999999999
496	25	2	164.3235294117647	164.5882352941177
496	26	1	48.70999999999997	23.323999999999998
496	27	1	82.58882235528935	112.19760479041912
496	28	1	65.25600000000006	85.10000000000001
496	29	1	81.0738522954092	66.2035928143712
496	30	1	191.2055888223553	141.60079840319364
496	31	1	118.19800000000005	144.5460000000001
496	32	1	11.984000000000002	108.89599999999997
496	33	1	113.37000000000008	179.6739999999999
496	34	1	175.34600000000015	148.02399999999997
496	35	1	139.83400000000017	155.98399999999987
496	36	1	144.3852295409182	199.2355289421157
496	37	1	133.72000000000017	179.22199999999984
496	38	1	61.24599999999995	178.40600000000006
496	39	1	156.59200000000004	183.41800000000006
496	40	1	7.477045908183622	23.62674650698604
496	41	1	99.78443113772455	156.94011976047906
496	42	1	49.56886227544914	189.2255489021959
496	43	1	25.429141716566846	92.76646706586837
496	44	1	73.95409181636717	161.5688622754492
496	45	1	34.318000000000005	109.19600000000003
497	1	2	4.927999999999999	4.604000000000001
497	2	2	4.9999999999999964	45
497	3	2	5.103999999999996	85.01200000000003
497	4	2	4.9999999999999964	125.00000000000003
497	5	2	4.9999999999999964	165.00000000000009
497	6	2	45.00000000000003	5.000000000000002
497	7	2	45.00000000000002	45.29999999999999
497	8	2	45.86799999999999	85.59599999999999
497	9	2	45.00000000000003	124.99999999999997
497	10	2	44.708000000000006	164.88799999999992
497	11	2	84.944	5.036000000000003
497	12	2	84.99999999999997	45.00000000000002
497	13	2	85.36625514403288	85.38683127572016
497	14	2	85.36051502145926	125.70386266094418
497	15	2	85.23999999999994	165.04399999999987
497	16	2	125.58333333333334	6.666666666666667
497	17	2	124.89200000000001	45.011999999999986
497	18	2	125.10800000000002	85.01999999999997
497	19	2	124.99600000000004	125.09999999999997
497	20	2	125.64400000000002	164.62800000000001
497	21	2	165.33600000000004	5.108
497	22	2	164.99999999999994	45.00000000000002
497	23	2	164.99999999999994	84.99999999999997
497	24	2	164.86799999999997	125.09599999999999
497	25	2	164.3235294117647	164.5882352941177
497	26	1	48.730000000000025	23.315999999999985
497	27	1	82.8862275449102	112.02794411177643
497	28	1	65.11976047904191	85.10578842315363
497	29	1	81.01599999999999	66.2920000000001
497	30	1	191.2874251497006	141.61477045908194
497	31	1	118.29399999999995	144.662
497	32	1	11.974051896207587	109.05588822355284
497	33	1	113.36599999999999	179.70999999999992
497	34	1	175.2240000000001	147.93600000000006
497	35	1	139.99201596806367	156.03792415169664
497	36	1	144.41800000000003	199.43799999999993
497	37	1	133.67600000000004	179.23400000000004
497	38	1	61.22599999999998	178.46399999999988
497	39	1	156.5160000000001	183.44999999999976
497	40	1	7.454000000000009	23.70600000000001
497	41	1	99.78600000000002	156.90200000000002
497	42	1	49.465069860279456	189.22754491017938
497	43	1	25.28742514970056	92.694610778443
497	44	1	73.93787575150296	161.60721442885756
497	45	1	34.41082164328656	109.00400801603212
498	1	2	4.927999999999999	4.604000000000001
498	2	2	4.9999999999999964	45
498	3	2	5.103999999999996	85.01200000000003
498	4	2	4.9999999999999964	125.00000000000003
498	5	2	4.9999999999999964	165.00000000000009
498	6	2	45.00000000000003	5.000000000000002
498	7	2	45.00000000000002	45.29999999999999
498	8	2	45.86799999999999	85.59599999999999
498	9	2	45.00000000000003	124.99999999999997
498	10	2	44.708000000000006	164.88799999999992
498	11	2	84.944	5.036000000000003
498	12	2	84.99999999999997	45.00000000000002
498	13	2	85.36625514403288	85.38683127572016
498	14	2	85.36051502145926	125.70386266094418
498	15	2	85.23999999999994	165.04399999999987
498	16	2	125.58333333333334	6.666666666666667
498	17	2	124.89200000000001	45.011999999999986
498	18	2	125.10800000000002	85.01999999999997
498	19	2	124.99600000000004	125.09999999999997
498	20	2	125.64400000000002	164.62800000000001
498	21	2	165.33600000000004	5.108
498	22	2	164.99999999999994	45.00000000000002
498	23	2	164.99999999999994	84.99999999999997
498	24	2	164.86799999999997	125.09599999999999
498	25	2	164.3235294117647	164.5882352941177
498	26	1	48.79041916167659	23.203592814371255
498	27	1	82.9261477045907	111.90219560878255
498	28	1	65.028	85.09599999999995
498	29	1	81.042	66.39999999999999
498	30	1	191.424	141.77200000000013
498	31	1	118.32734530938119	144.69261477045913
498	32	1	11.974051896207587	109.05588822355284
498	33	1	113.27544910179634	179.72455089820343
498	34	1	175.032	147.8539999999999
498	35	1	140.124	156.13599999999997
498	36	1	144.3599999999997	199.4140000000002
498	37	1	133.61399999999995	179.22599999999989
498	38	1	61.1337325349301	178.46107784431163
498	39	1	156.50399999999996	183.48000000000025
498	40	1	7.488000000000006	23.819999999999986
498	41	1	99.794	156.93199999999985
498	42	1	49.35258964143427	189.29482071713153
498	43	1	25.263999999999964	92.71999999999989
498	44	1	73.98599999999999	161.70799999999994
498	45	1	34.45399999999997	108.96199999999997
499	1	2	4.927999999999999	4.604000000000001
499	2	2	4.9999999999999964	45
499	3	2	5.103999999999996	85.01200000000003
499	4	2	4.9999999999999964	125.00000000000003
499	5	2	4.9999999999999964	165.00000000000009
499	6	2	45.00000000000003	5.000000000000002
499	7	2	45.00000000000002	45.29999999999999
499	8	2	45.86799999999999	85.59599999999999
499	9	2	45.00000000000003	124.99999999999997
499	10	2	44.708000000000006	164.88799999999992
499	11	2	84.944	5.036000000000003
499	12	2	84.99999999999997	45.00000000000002
499	13	2	85.36625514403288	85.38683127572016
499	14	2	85.36051502145926	125.70386266094418
499	15	2	85.23999999999994	165.04399999999987
499	16	2	125.58333333333334	6.666666666666667
499	17	2	124.89200000000001	45.011999999999986
499	18	2	125.10800000000002	85.01999999999997
499	19	2	124.99600000000004	125.09999999999997
499	20	2	125.64400000000002	164.62800000000001
499	21	2	165.33600000000004	5.108
499	22	2	164.99999999999994	45.00000000000002
499	23	2	164.99999999999994	84.99999999999997
499	24	2	164.86799999999997	125.09599999999999
499	25	2	164.3235294117647	164.5882352941177
499	26	1	48.82634730538922	22.998003992015995
499	27	1	82.65599999999995	111.77399999999999
499	28	1	64.99999999999997	85.0738522954092
499	29	1	80.97394789579157	66.44288577154313
499	30	1	191.642	141.9599999999998
499	31	1	118.45691382765521	144.72144288577172
499	32	1	12.000000000000007	109.13199999999995
499	33	1	113.21157684630732	179.68662674650693
499	34	1	174.76199999999994	147.66400000000004
499	35	1	140.1999999999998	156.22599999999983
499	36	1	144.28657314629268	199.51703406813624
499	37	1	133.59719438877747	179.23647294589176
499	38	1	60.99001996007988	178.35928143712587
499	39	1	156.47011952191227	183.57370517928268
499	40	1	7.54	23.777999999999995
499	41	1	99.83433133732531	156.9461077844312
499	42	1	49.3672654690619	189.3333333333333
499	43	1	25.241999999999983	92.67599999999993
499	44	1	73.99200000000002	161.79999999999984
499	45	1	34.45908183632736	108.86626746506987
