0	1	2	4.959999999999995	4.979999999999998
0	2	2	4.963999999999997	45.06399999999998
0	3	2	4.9677419354838666	84.98387096774195
0	4	2	5.02	125.00399999999999
0	5	2	4.980000000000003	164.99600000000007
0	6	2	45.01199999999998	4.952000000000001
0	7	2	45	44.9676113360324
0	8	2	45.06	84.99999999999994
0	9	2	44.963709677419374	125.00000000000001
0	10	2	45	165.03629032258056
0	11	2	85.01606425702813	5.0481927710843415
0	12	2	84.99600000000002	45.036
0	13	2	84.95999999999997	84.98
0	14	2	85.05200000000002	125.04800000000003
0	15	2	85.07199999999999	165.07200000000006
0	16	2	124.98799999999994	5.016
0	17	2	124.97999999999999	44.992000000000004
0	18	2	125.008	84.88400000000004
0	19	2	124.99600000000004	124.92
0	20	2	124.98400000000001	165.02000000000007
0	21	2	164.97991967871482	5.020080321285141
0	22	2	164.9839357429719	45.16465863453812
0	23	2	164.94000000000008	85.07199999999995
0	24	2	164.99999999999997	124.964
0	25	2	164.94779116465855	165.05220883534133
0	26	1	21	122
0	27	1	73.5	182
0	28	1	101	168
0	29	1	16	97
0	30	1	32.5	74
0	31	1	30	62
0	32	1	137	61
0	33	1	78.5	157.5
0	34	1	94	185
0	35	1	184.83333333333331	152.33333333333334
0	36	1	115	142.66666666666666
0	37	1	91	99
0	38	1	138.5	4.5
0	39	1	156	173
0	40	1	139	150.66666666666666
0	41	1	99.2	165.6
0	42	1	69.66666666666667	22.333333333333332
0	43	1	66	87.5
0	44	1	179.33333333333334	93.33333333333333
0	45	1	109	156.16666666666666
1	1	2	4.959999999999995	4.979999999999998
1	2	2	4.927710843373492	45.06827309236951
1	3	2	4.9677419354838666	84.98387096774195
1	4	2	5.055999999999999	124.96400000000003
1	5	2	5.012000000000004	164.95999999999995
1	6	2	45.007999999999996	4.880000000000001
1	7	2	45.03225806451613	44.98387096774194
1	8	2	45.100000000000016	85.03599999999997
1	9	2	44.9677419354839	124.98387096774191
1	10	2	45.012	165.10399999999987
1	11	2	84.99999999999997	5.000000000000002
1	12	2	84.99600000000002	45.036
1	13	2	84.95999999999997	84.98
1	14	2	85.01200000000006	125.08400000000002
1	15	2	85.22040816326536	165.14693877551002
1	16	2	125.0239999999999	4.976000000000001
1	17	2	124.97999999999999	44.992000000000004
1	18	2	125.008	84.88400000000004
1	19	2	124.99600000000004	124.92
1	20	2	124.944	165.056
1	21	2	165.020080321285	5.0562248995983925
1	22	2	164.9839357429719	45.16465863453812
1	23	2	164.93574297188752	85.10843373493974
1	24	2	164.99999999999997	124.964
1	25	2	164.91200000000006	165.0480000000001
1	26	1	20.666666666666668	123
1	27	1	73.8	182
1	28	1	101.66666666666667	169
1	29	1	16.75	97
1	30	1	33	73.66666666666666
1	31	1	30.5	62.25
1	32	1	137	61.333333333333336
1	33	1	78.5	158.125
1	34	1	94	185
1	35	1	185.27272727272728	152.54545454545453
1	36	1	115.33333333333334	141.83333333333331
1	37	1	91	99
1	38	1	139	4.8
1	39	1	155	173.66666666666666
1	40	1	138.83333333333334	151
1	41	1	98.5	165.5
1	42	1	69.2	22.4
1	43	1	65.5	87.5
1	44	1	180.33333333333334	93.5
1	45	1	108.8888888888889	156.33333333333334
2	1	2	4.959999999999995	4.979999999999998
2	2	2	4.944	45.03600000000001
2	3	2	4.9677419354838666	84.98387096774195
2	4	2	5.055999999999999	124.96400000000003
2	5	2	5.012000000000004	164.95999999999995
2	6	2	45.027999999999984	4.912000000000001
2	7	2	45.00000000000003	45.00000000000002
2	8	2	45.064257028112465	85.03614457831323
2	9	2	45.00000000000003	124.99999999999997
2	10	2	45.012	165.10399999999987
2	11	2	84.99999999999997	5.000000000000002
2	12	2	84.99600000000002	45.036
2	13	2	84.95999999999997	84.98
2	14	2	85.01600000000005	125.156
2	15	2	85.3469387755102	165.18367346938768
2	16	2	125.05999999999999	5.015999999999998
2	17	2	124.94354838709674	45.02822580645158
2	18	2	125.03999999999999	84.84799999999998
2	19	2	124.99600000000004	124.92
2	20	2	124.944	165.056
2	21	2	165.03599999999994	5.088
2	22	2	164.9598393574297	45.13253012048191
2	23	2	164.96399999999997	85.08800000000001
2	24	2	164.99999999999997	124.964
2	25	2	164.91200000000006	165.0480000000001
2	26	1	20.6	122.6
2	27	1	73.66666666666667	182
2	28	1	101.875	168.75
2	29	1	16.142857142857142	97.42857142857143
2	30	1	33.25	73.375
2	31	1	30.26666666666667	61.93333333333334
2	32	1	137.57142857142856	61.142857142857146
2	33	1	78.30769230769229	158.3846153846154
2	34	1	94	186.5
2	35	1	185.28571428571428	152.99999999999997
2	36	1	115.66666666666667	142.33333333333334
2	37	1	91	99
2	38	1	138.76923076923077	4.923076923076923
2	39	1	154.57142857142856	173.42857142857142
2	40	1	138.5	151.4
2	41	1	98.18749999999999	165.93749999999994
2	42	1	69.3125	21.875
2	43	1	64.83333333333334	87.58333333333333
2	44	1	180.44444444444443	93.66666666666667
2	45	1	109.06666666666665	155.6
3	1	2	4.959999999999995	4.979999999999998
3	2	2	4.944	45.03600000000001
3	3	2	4.9677419354838666	84.98387096774195
3	4	2	5.055999999999999	124.96400000000003
3	5	2	5.012000000000004	164.95999999999995
3	6	2	45.027999999999984	4.912000000000001
3	7	2	45.00000000000003	45.00000000000002
3	8	2	45.07200000000002	85.07199999999997
3	9	2	45.00000000000003	124.99999999999997
3	10	2	45.012	165.10399999999987
3	11	2	84.99999999999997	5.000000000000002
3	12	2	84.99600000000002	45.036
3	13	2	84.95999999999997	84.98
3	14	2	85.01600000000005	125.156
3	15	2	85.42622950819676	165.22131147540986
3	16	2	125.05999999999999	5.015999999999998
3	17	2	124.89200000000002	45.06400000000003
3	18	2	125.00401606425702	84.84738955823292
3	19	2	124.99600000000004	124.92
3	20	2	124.97200000000004	165.09200000000013
3	21	2	165.03599999999994	5.088
3	22	2	164.97999999999996	45.10399999999999
3	23	2	164.96399999999997	85.08800000000001
3	24	2	164.99999999999997	124.964
3	25	2	164.91164658634534	165.01204819277118
3	26	1	20.545454545454547	122.81818181818183
3	27	1	73.89999999999998	182.10000000000002
3	28	1	101.42857142857143	168.28571428571428
3	29	1	16.3	97.40000000000002
3	30	1	33.13333333333333	73.53333333333335
3	31	1	30.450000000000006	62
3	32	1	137.75	61.125
3	33	1	78.52941176470587	158.47058823529412
3	34	1	94.16666666666667	186.16666666666669
3	35	1	185.11111111111111	153.16666666666669
3	36	1	115.46153846153848	142.69230769230768
3	37	1	90.66666666666667	98.66666666666667
3	38	1	139.2857142857143	5
3	39	1	154.39999999999998	173.7
3	40	1	138.16666666666666	151.61111111111111
3	41	1	98.23529411764704	166.05882352941174
3	42	1	69.34782608695652	21.73913043478261
3	43	1	64.41176470588235	87.64705882352942
3	44	1	180.69230769230768	93.53846153846153
3	45	1	109.16	155.84000000000003
4	1	2	4.959999999999995	4.979999999999998
4	2	2	4.944	45.03600000000001
4	3	2	4.9999999999999964	85.00000000000003
4	4	2	5.055999999999999	124.96400000000003
4	5	2	5.012000000000004	164.95999999999995
4	6	2	45.027999999999984	4.912000000000001
4	7	2	45.00000000000003	45.00000000000002
4	8	2	45.07200000000002	85.07199999999997
4	9	2	45.00000000000003	124.99999999999997
4	10	2	45.012	165.10399999999987
4	11	2	84.99999999999997	5.000000000000002
4	12	2	85.01200000000003	45.040000000000006
4	13	2	84.95999999999997	84.98
4	14	2	85.01600000000005	125.156
4	15	2	85.49180327868854	165.2213114754097
4	16	2	125.05999999999999	5.015999999999998
4	17	2	124.89200000000002	45.06400000000003
4	18	2	125.00401606425702	84.84738955823292
4	19	2	124.99600000000004	124.92
4	20	2	124.97200000000004	165.09200000000013
4	21	2	165.03599999999994	5.088
4	22	2	164.97999999999996	45.10399999999999
4	23	2	164.96399999999997	85.08800000000001
4	24	2	164.99999999999994	124.99999999999997
4	25	2	164.87599999999998	165.016
4	26	1	20.421052631578952	122.89473684210526
4	27	1	74.00000000000001	182.30769230769235
4	28	1	101.44444444444444	168.55555555555554
4	29	1	16.470588235294116	97.58823529411765
4	30	1	32.60869565217392	73.73913043478261
4	31	1	30.500000000000004	62.21428571428571
4	32	1	137.85714285714283	60.85714285714286
4	33	1	78.53846153846153	158
4	34	1	94.16666666666667	186.16666666666669
4	35	1	184.38461538461542	153.6153846153846
4	36	1	115.8095238095238	142.76190476190476
4	37	1	90.85714285714285	99.57142857142857
4	38	1	139.2727272727273	5.0606060606060606
4	39	1	154.56249999999997	173.1875
4	40	1	138.1304347826087	151.78260869565216
4	41	1	97.57692307692307	166.76923076923075
4	42	1	69.51612903225805	21.322580645161295
4	43	1	64.65217391304348	87.69565217391305
4	44	1	180.88888888888889	93.7037037037037
4	45	1	108.86046511627907	155.99999999999997
5	1	2	4.959999999999995	4.979999999999998
5	2	2	4.944	45.03600000000001
5	3	2	4.9999999999999964	85.00000000000003
5	4	2	5.055999999999999	124.96400000000003
5	5	2	5.012000000000004	164.95999999999995
5	6	2	45.027999999999984	4.912000000000001
5	7	2	45.00000000000003	45.00000000000002
5	8	2	45.07200000000002	85.07199999999997
5	9	2	45.00000000000003	124.99999999999997
5	10	2	45.012	165.10399999999987
5	11	2	84.99999999999997	5.000000000000002
5	12	2	85.01200000000003	45.040000000000006
5	13	2	84.95999999999997	84.98
5	14	2	85.01600000000005	125.156
5	15	2	85.5247933884298	165.28512396694228
5	16	2	125.05999999999999	5.015999999999998
5	17	2	124.89200000000002	45.06400000000003
5	18	2	125.03599999999999	84.83200000000001
5	19	2	124.99600000000004	124.92
5	20	2	124.97200000000004	165.09200000000013
5	21	2	165.03599999999994	5.088
5	22	2	164.97999999999996	45.10399999999999
5	23	2	164.96399999999997	85.08800000000001
5	24	2	164.99999999999994	124.99999999999997
5	25	2	164.87599999999998	165.016
5	26	1	20.533333333333328	123.06666666666668
5	27	1	73.8723404255319	182.5531914893617
5	28	1	101.16	168.52
5	29	1	16.639999999999997	97.52
5	30	1	32.58974358974359	73.84615384615387
5	31	1	30.469387755102044	62.18367346938775
5	32	1	137.91304347826087	61.39130434782609
5	33	1	78.67500000000004	157.77499999999998
5	34	1	94	186.28571428571428
5	35	1	184.64102564102564	153.74358974358975
5	36	1	115.72000000000001	142.64
5	37	1	90.45454545454547	100
5	38	1	139.24999999999997	5.166666666666668
5	39	1	154.29629629629628	173
5	40	1	138.16216216216222	151.2702702702703
5	41	1	97.15151515151514	167.4848484848485
5	42	1	69.27906976744185	21.76744186046511
5	43	1	64.83333333333336	87.41666666666666
5	44	1	181.52500000000003	94.00000000000001
5	45	1	108.49999999999996	155.29687499999994
6	1	2	4.959999999999995	4.979999999999998
6	2	2	4.944	45.03600000000001
6	3	2	4.9999999999999964	85.00000000000003
6	4	2	5.055999999999999	124.96400000000003
6	5	2	5.012000000000004	164.95999999999995
6	6	2	45.027999999999984	4.912000000000001
6	7	2	45.00000000000003	45.00000000000002
6	8	2	45.07200000000002	85.07199999999997
6	9	2	45.00000000000003	124.99999999999997
6	10	2	45.012	165.10399999999987
6	11	2	84.99999999999997	5.000000000000002
6	12	2	85.01200000000003	45.040000000000006
6	13	2	84.95999999999997	84.98
6	14	2	85.01600000000005	125.156
6	15	2	85.54008438818565	165.38818565400848
6	16	2	125.05999999999999	5.007999999999999
6	17	2	124.89200000000002	45.06400000000003
6	18	2	125.03599999999999	84.83200000000001
6	19	2	124.99600000000004	124.92
6	20	2	124.97200000000004	165.09200000000013
6	21	2	165.03599999999994	5.088
6	22	2	164.97999999999996	45.10399999999999
6	23	2	164.96399999999997	85.08800000000001
6	24	2	164.99999999999994	124.99999999999997
6	25	2	164.87599999999998	165.016
6	26	1	20.70454545454546	122.77272727272728
6	27	1	73.77272727272725	182.3939393939394
6	28	1	100.91176470588233	168.8823529411764
6	29	1	16.771428571428572	97.4857142857143
6	30	1	33.24528301886792	73.81132075471697
6	31	1	30.833333333333332	62.208333333333336
6	32	1	138.02173913043484	61.39130434782609
6	33	1	78.54237288135594	157.69491525423732
6	34	1	93.72727272727272	186.0909090909091
6	35	1	184.8474576271187	154.50847457627123
6	36	1	115.5	143.05555555555554
6	37	1	90.5625	99.6875
6	38	1	139.5652173913043	5.1304347826086945
6	39	1	154.10638297872342	173.21276595744686
6	40	1	138.1836734693878	151.16326530612244
6	41	1	97.34042553191489	167.76595744680859
6	42	1	69.14545454545454	21.909090909090914
6	43	1	64.70833333333334	87.25000000000003
6	44	1	181.50000000000009	94.19999999999999
6	45	1	108.36619718309858	155.1549295774648
7	1	2	4.959999999999995	4.979999999999998
7	2	2	4.944	45.03600000000001
7	3	2	4.9999999999999964	85.00000000000003
7	4	2	5.055999999999999	124.96400000000003
7	5	2	5.012000000000004	164.95999999999995
7	6	2	45.027999999999984	4.912000000000001
7	7	2	45.00000000000003	45.00000000000002
7	8	2	45.07200000000002	85.07199999999997
7	9	2	45.00000000000003	124.99999999999997
7	10	2	45.012	165.10399999999987
7	11	2	84.99999999999997	5.000000000000002
7	12	2	85.01200000000003	45.040000000000006
7	13	2	84.95999999999997	84.98
7	14	2	85.01600000000005	125.156
7	15	2	85.58260869565213	165.48695652173916
7	16	2	125.05999999999999	5.007999999999999
7	17	2	124.89200000000002	45.06400000000003
7	18	2	125.03599999999999	84.83200000000001
7	19	2	124.99600000000004	124.92
7	20	2	124.97200000000004	165.09200000000013
7	21	2	165.03599999999994	5.088
7	22	2	164.97999999999996	45.10399999999999
7	23	2	164.96399999999997	85.08800000000001
7	24	2	164.99999999999994	124.99999999999997
7	25	2	164.87599999999998	165.016
7	26	1	20.905660377358494	122.45283018867926
7	27	1	73.98780487804879	182.65853658536588
7	28	1	101.4736842105263	169.47368421052627
7	29	1	16.7	97.88000000000002
7	30	1	32.71830985915493	74.01408450704224
7	31	1	31.069306930693063	62.14851485148514
7	32	1	138.1212121212121	61.424242424242436
7	33	1	78.64197530864195	157.716049382716
7	34	1	94.48	187.08
7	35	1	185.20547945205473	154.32876712328766
7	36	1	115.52173913043478	142.99999999999997
7	37	1	90.9090909090909	99.95454545454542
7	38	1	139.96774193548384	4.849462365591396
7	39	1	154.29310344827587	173.39655172413794
7	40	1	137.96875000000006	151.359375
7	41	1	96.94230769230772	167.73076923076923
7	42	1	69.67088607594935	21.962025316455694
7	43	1	65.01694915254237	87.23728813559325
7	44	1	181.68918918918916	94.29729729729732
7	45	1	108.42696629213481	154.93258426966284
8	1	2	4.959999999999995	4.979999999999998
8	2	2	4.944	45.03600000000001
8	3	2	4.9999999999999964	85.00000000000003
8	4	2	5.055999999999999	124.96400000000003
8	5	2	5.012000000000004	164.95999999999995
8	6	2	45.027999999999984	4.912000000000001
8	7	2	45.00000000000003	45.00000000000002
8	8	2	45.07200000000002	85.07199999999997
8	9	2	45.00000000000003	124.99999999999997
8	10	2	45.012	165.10399999999987
8	11	2	84.99999999999997	5.000000000000002
8	12	2	85.01200000000003	45.040000000000006
8	13	2	84.95999999999997	84.98
8	14	2	85.01600000000005	125.156
8	15	2	85.5991189427313	165.65638766519822
8	16	2	125.05999999999999	5.007999999999999
8	17	2	124.89200000000002	45.06400000000003
8	18	2	125.03599999999999	84.83200000000001
8	19	2	124.99600000000004	124.92
8	20	2	124.97200000000004	165.09200000000013
8	21	2	165.03599999999994	5.088
8	22	2	164.97999999999996	45.10399999999999
8	23	2	164.96399999999997	85.08800000000001
8	24	2	164.99999999999994	124.99999999999997
8	25	2	164.87599999999998	165.016
8	26	1	21.144927536231883	121.99999999999996
8	27	1	74.32673267326734	182.4752475247525
8	28	1	101.78260869565217	169.8695652173913
8	29	1	16.691176470588236	97.7058823529412
8	30	1	32.730337078651694	73.91011235955055
8	31	1	31.25384615384615	62.36153846153845
8	32	1	138.44827586206893	61.000000000000014
8	33	1	78.5108695652174	157.72826086956513
8	34	1	94.02702702702705	187.59459459459458
8	35	1	184.79999999999993	154.63333333333338
8	36	1	115.65573770491807	142.95081967213122
8	37	1	90.7105263157895	100.57894736842103
8	38	1	140.08108108108112	5.063063063063062
8	39	1	154.20547945205473	173.53424657534265
8	40	1	137.6829268292683	151.36585365853662
8	41	1	97.26229508196722	167.4098360655738
8	42	1	69.97916666666667	22.125
8	43	1	65.15384615384612	87.06410256410257
8	44	1	181.83516483516485	94.2197802197802
8	45	1	108.6851851851852	154.78703703703707
9	1	2	4.959999999999995	4.979999999999998
9	2	2	4.944	45.03600000000001
9	3	2	4.9999999999999964	85.00000000000003
9	4	2	5.055999999999999	124.96400000000003
9	5	2	5.012000000000004	164.95999999999995
9	6	2	45.027999999999984	4.912000000000001
9	7	2	45.00000000000003	45.00000000000002
9	8	2	45.07200000000002	85.07199999999997
9	9	2	45.00000000000003	124.99999999999997
9	10	2	45.012	165.10399999999987
9	11	2	84.99999999999997	5.000000000000002
9	12	2	85.01200000000003	45.040000000000006
9	13	2	84.95999999999997	84.98
9	14	2	85.01600000000005	125.156
9	15	2	85.65486725663715	165.73451327433634
9	16	2	124.85245901639342	5.004098360655736
9	17	2	124.89200000000002	45.06400000000003
9	18	2	125.03599999999999	84.83200000000001
9	19	2	124.99600000000004	124.92
9	20	2	124.97200000000004	165.09200000000013
9	21	2	165.03599999999994	5.088
9	22	2	164.97999999999996	45.10399999999999
9	23	2	164.96399999999997	85.08800000000001
9	24	2	164.99999999999994	124.99999999999997
9	25	2	164.89959839357434	164.99196787148597
9	26	1	21.264367816091955	122.04597701149429
9	27	1	74.63999999999999	182.36
9	28	1	101.98765432098766	169.82716049382714
9	29	1	17.489130434782602	98.14130434782611
9	30	1	32.956140350877185	73.90350877192982
9	31	1	31.369426751592343	61.93630573248406
9	32	1	138.3919999999999	60.95200000000001
9	33	1	78.55660377358492	157.77358490566047
9	34	1	93.9814814814815	188.1296296296296
9	35	1	184.40170940170938	154.36752136752133
9	36	1	115.82051282051282	143.3205128205128
9	37	1	90.88679245283019	100.62264150943395
9	38	1	140.25850340136046	4.768707482993193
9	39	1	154.72277227722768	174.0891089108911
9	40	1	138.0388349514562	151.33980582524273
9	41	1	97.70422535211267	167.3943661971831
9	42	1	69.8387096774194	22.45161290322581
9	43	1	65.15555555555554	87.03333333333336
9	44	1	181.85344827586204	94.23275862068965
9	45	1	108.87786259541983	154.6183206106871
10	1	2	4.959999999999995	4.979999999999998
10	2	2	4.944	45.03600000000001
10	3	2	4.9999999999999964	85.00000000000003
10	4	2	5.055999999999999	124.96400000000003
10	5	2	5.012000000000004	164.95999999999995
10	6	2	45.027999999999984	4.912000000000001
10	7	2	45.00000000000003	45.00000000000002
10	8	2	45.059999999999974	85.12400000000001
10	9	2	45.00000000000003	124.99999999999997
10	10	2	45.012	165.10399999999987
10	11	2	84.99999999999997	5.000000000000002
10	12	2	85.01200000000003	45.040000000000006
10	13	2	84.95999999999997	84.98
10	14	2	85.01600000000005	125.156
10	15	2	85.71238938053095	165.8938053097346
10	16	2	124.68200836820077	4.98326359832636
10	17	2	124.89200000000002	45.06400000000003
10	18	2	125.03599999999999	84.83200000000001
10	19	2	124.99600000000004	124.92
10	20	2	124.97200000000004	165.09200000000013
10	21	2	165.03599999999994	5.088
10	22	2	164.97999999999996	45.10399999999999
10	23	2	164.96399999999997	85.08800000000001
10	24	2	164.99999999999994	124.99999999999997
10	25	2	164.86400000000012	165
10	26	1	21.3904761904762	122.08571428571426
10	27	1	74.56250000000001	182.4625000000001
10	28	1	102.54838709677416	170.07526881720426
10	29	1	17.87155963302753	98.13761467889907
10	30	1	33.361111111111114	73.93749999999997
10	31	1	31.50561797752809	61.69101123595506
10	32	1	138.3856209150326	60.53594771241829
10	33	1	78.91056910569107	157.52032520325196
10	34	1	93.53246753246755	188.7532467532467
10	35	1	184.34507042253517	154.23943661971836
10	36	1	116.07000000000001	143.58000000000004
10	37	1	91.05714285714286	100.75714285714281
10	38	1	140.17877094972064	4.469273743016856
10	39	1	154.77099236641212	174.09160305343505
10	40	1	138.17361111111114	151.4652777777778
10	41	1	98.14457831325302	167.42168674698797
10	42	1	69.9527027027027	22.45270270270269
10	43	1	65.42342342342343	87.15315315315317
10	44	1	181.8013245033112	94.35099337748343
10	45	1	109.02424242424243	154.5696969696969
11	1	2	4.959999999999995	4.979999999999998
11	2	2	4.944	45.03600000000001
11	3	2	4.9999999999999964	85.00000000000003
11	4	2	5.055999999999999	124.96400000000003
11	5	2	5.012000000000004	164.95999999999995
11	6	2	45.027999999999984	4.912000000000001
11	7	2	45.00000000000003	45.00000000000002
11	8	2	45.068000000000026	85.19200000000012
11	9	2	45.00000000000003	124.99999999999997
11	10	2	45.012	165.10399999999987
11	11	2	84.99999999999997	5.000000000000002
11	12	2	85.01200000000003	45.040000000000006
11	13	2	84.95999999999997	84.98
11	14	2	85.01600000000005	125.156
11	15	2	85.65486725663715	165.97345132743345
11	16	2	124.7083333333333	4.958333333333336
11	17	2	124.89200000000002	45.06400000000003
11	18	2	125.03599999999999	84.83200000000001
11	19	2	124.99600000000004	124.92
11	20	2	124.97200000000004	165.09200000000013
11	21	2	165.03599999999994	5.088
11	22	2	164.97999999999996	45.10399999999999
11	23	2	164.96399999999997	85.08800000000001
11	24	2	164.99999999999994	124.99999999999997
11	25	2	164.87951807228916	164.9477911646585
11	26	1	21.359999999999996	121.79999999999997
11	27	1	74.80423280423283	182.41269841269846
11	28	1	102.98019801980195	170.45544554455446
11	29	1	18.069230769230778	98.5230769230769
11	30	1	33.63068181818181	73.80681818181817
11	31	1	31.29901960784313	61.37254901960783
11	32	1	138.34408602150532	60.39784946236557
11	33	1	78.80821917808223	157.2808219178082
11	34	1	93.52747252747253	189.20879120879124
11	35	1	184.57954545454544	154.71590909090915
11	36	1	116.88721804511276	143.36842105263156
11	37	1	91.3861386138614	100.65346534653466
11	38	1	140.38048780487802	4.643902439024389
11	39	1	154.77419354838707	174.0258064516128
11	40	1	137.70621468926555	151.42937853107347
11	41	1	98.29	167.53000000000011
11	42	1	69.97860962566848	22.556149732620334
11	43	1	65.34615384615387	87.06153846153848
11	44	1	181.92592592592592	94.5873015873016
11	45	1	109.26288659793813	154.94329896907203
12	1	2	4.959999999999995	4.979999999999998
12	2	2	4.944	45.03600000000001
12	3	2	4.9999999999999964	85.00000000000003
12	4	2	5.055999999999999	124.96400000000003
12	5	2	5.012000000000004	164.95999999999995
12	6	2	45.027999999999984	4.912000000000001
12	7	2	45.00000000000003	45.00000000000002
12	8	2	45.081300813008134	85.35772357723579
12	9	2	45.00000000000003	124.99999999999997
12	10	2	45.012	165.10399999999987
12	11	2	84.99999999999997	5.000000000000002
12	12	2	85.01200000000003	45.040000000000006
12	13	2	84.95999999999997	84.98
12	14	2	85.01600000000005	125.156
12	15	2	85.66519823788539	165.9118942731278
12	16	2	124.67364016736398	4.974895397489542
12	17	2	124.89200000000002	45.06400000000003
12	18	2	125.03599999999999	84.83200000000001
12	19	2	124.99600000000004	124.92
12	20	2	124.97200000000004	165.09200000000013
12	21	2	165.03599999999994	5.088
12	22	2	164.97999999999996	45.10399999999999
12	23	2	164.96399999999997	85.08800000000001
12	24	2	164.99999999999994	124.99999999999997
12	25	2	164.87951807228916	164.88353413654627
12	26	1	21.331081081081077	121.39189189189187
12	27	1	74.77419354838709	182.35944700460826
12	28	1	103.38317757009345	170.67289719626174
12	29	1	17.89171974522293	98.67515923566876
12	30	1	33.48198198198198	73.77927927927934
12	31	1	31.12272727272727	61.272727272727245
12	32	1	138.14479638009055	60.33484162895929
12	33	1	78.61016949152541	156.94915254237296
12	34	1	93.54716981132074	188.84905660377353
12	35	1	185.0045662100458	154.76255707762564
12	36	1	117.07317073170735	143.22560975609755
12	37	1	91.64062500000004	100.50781250000003
12	38	1	140.538775510204	4.702040816326532
12	39	1	154.53977272727275	173.9602272727273
12	40	1	137.6650943396226	151.4245283018868
12	41	1	98.21495327102804	167.766355140187
12	42	1	69.83181818181819	22.150000000000006
12	43	1	65.48101265822781	87.14556962025318
12	44	1	182.1894273127754	94.77973568281942
12	45	1	108.90625	155.04017857142856
13	1	2	4.959999999999995	4.979999999999998
13	2	2	4.944	45.03600000000001
13	3	2	4.9999999999999964	85.00000000000003
13	4	2	5.055999999999999	124.96400000000003
13	5	2	5.012000000000004	164.95999999999995
13	6	2	45.027999999999984	4.912000000000001
13	7	2	45.00000000000003	45.00000000000002
13	8	2	45.077868852459055	85.42622950819668
13	9	2	45.00000000000003	124.99999999999997
13	10	2	45.012	165.10399999999987
13	11	2	84.97983870967742	5.028225806451611
13	12	2	85.01200000000003	45.040000000000006
13	13	2	84.95999999999997	84.98
13	14	2	85.01600000000005	125.156
13	15	2	85.78318584070799	165.92920353982296
13	16	2	124.60759493670884	4.949367088607596
13	17	2	124.89200000000002	45.06400000000003
13	18	2	125.03599999999999	84.83200000000001
13	19	2	124.99600000000004	124.92
13	20	2	125.03238866396767	165.17813765182183
13	21	2	165.03599999999994	5.088
13	22	2	164.97999999999996	45.10399999999999
13	23	2	164.924	85.10799999999996
13	24	2	164.99999999999994	124.99999999999997
13	25	2	164.9311740890687	164.84210526315783
13	26	1	21.27167630057803	121.57225433526004
13	27	1	74.7587548638132	182.16731517509737
13	28	1	104.31746031746036	170.69841269841274
13	29	1	17.730158730158728	98.38624338624342
13	30	1	33.44032921810699	74.0082304526749
13	31	1	30.97540983606558	61.13934426229507
13	32	1	138.26315789473688	60.112781954887225
13	33	1	78.81538461538466	156.71282051282049
13	34	1	93.43065693430663	188.34306569343067
13	35	1	185.05038759689927	154.79844961240306
13	36	1	117.04123711340206	143.29896907216494
13	37	1	91.94267515923566	100.25477707006367
13	38	1	140.62867647058815	4.5110294117647065
13	39	1	154.04672897196272	173.64018691588782
13	40	1	137.53571428571408	151.25396825396814
13	41	1	98.22399999999999	167.87200000000007
13	42	1	69.89803921568632	22.105882352941176
13	43	1	65.50520833333334	87.18229166666664
13	44	1	182.61130742049468	94.87279151943461
13	45	1	108.93032786885247	155.28688524590143
14	1	2	4.959999999999995	4.979999999999998
14	2	2	4.944	45.03600000000001
14	3	2	4.9999999999999964	85.00000000000003
14	4	2	5.06	124.97200000000002
14	5	2	5.012000000000004	164.95999999999995
14	6	2	45.027999999999984	4.912000000000001
14	7	2	45.00000000000003	45.00000000000002
14	8	2	45.14462809917357	85.54545454545459
14	9	2	45.00000000000003	124.99999999999997
14	10	2	45.012	165.10399999999987
14	11	2	84.97983870967742	5.028225806451611
14	12	2	85.01200000000003	45.040000000000006
14	13	2	84.96385542168674	84.9477911646587
14	14	2	85.01600000000005	125.156
14	15	2	85.75111111111109	165.96444444444438
14	16	2	124.4568965517241	4.95689655172414
14	17	2	124.89200000000002	45.06400000000003
14	18	2	125.03599999999999	84.83200000000001
14	19	2	124.99600000000004	124.92
14	20	2	125.12601626016256	165.19918699187008
14	21	2	165.03599999999994	5.088
14	22	2	164.97999999999996	45.10399999999999
14	23	2	164.924	85.10799999999996
14	24	2	164.99999999999994	124.99999999999997
14	25	2	165.00000000000009	164.85020242914985
14	26	1	21.449760765550245	121.1291866028708
14	27	1	74.51525423728812	182.25762711864405
14	28	1	105.39041095890404	170.93835616438355
14	29	1	17.855855855855857	98.21621621621622
14	30	1	33.62222222222223	74.36666666666669
14	31	1	31.380073800738018	60.97416974169742
14	32	1	138.23472668810297	59.85209003215435
14	33	1	78.87892376681617	156.5381165919283
14	34	1	93.51764705882351	188.05294117647063
14	35	1	185.4370860927153	154.7549668874172
14	36	1	117.15909090909088	143.35909090909087
14	37	1	91.97916666666661	100.30729166666673
14	38	1	140.856687898089	4.738853503184712
14	39	1	154.06719367588926	173.69960474308292
14	40	1	137.64745762711863	151.36271186440663
14	41	1	98.12587412587412	168.1468531468532
14	42	1	70.08496732026148	22.303921568627448
14	43	1	66.08000000000001	87.26222222222214
14	44	1	183.03846153846158	94.9763313609467
14	45	1	109.06083650190115	155.30798479087449
15	1	2	4.959999999999995	4.979999999999998
15	2	2	4.944	45.03600000000001
15	3	2	4.9999999999999964	85.00000000000003
15	4	2	4.98790322580645	124.97580645161293
15	5	2	5.012000000000004	164.95999999999995
15	6	2	45.027999999999984	4.912000000000001
15	7	2	45.00000000000003	45.00000000000002
15	8	2	45.12916666666667	85.61666666666663
15	9	2	45.00000000000003	124.99999999999997
15	10	2	45.012	165.10399999999987
15	11	2	84.96356275303643	5.060728744939271
15	12	2	85.01200000000003	45.040000000000006
15	13	2	84.88399999999993	84.92399999999998
15	14	2	85.01600000000005	125.156
15	15	2	85.67111111111105	165.8711111111111
15	16	2	124.4568965517241	4.95689655172414
15	17	2	124.89200000000002	45.06400000000003
15	18	2	125.03599999999999	84.83200000000001
15	19	2	124.99600000000004	124.92
15	20	2	125.11020408163265	165.2326530612246
15	21	2	165.03599999999994	5.088
15	22	2	164.97999999999996	45.10399999999999
15	23	2	164.924	85.10799999999996
15	24	2	164.99999999999994	124.99999999999997
15	25	2	165.02032520325199	164.8252032520326
15	26	1	21.412698412698404	121.10714285714283
15	27	1	74.32537313432839	182.23880597014906
15	28	1	106.02958579881654	170.90532544378698
15	29	1	18.155378486055785	98.25099601593624
15	30	1	33.625827814569554	74.49006622516552
15	31	1	31.901639344262293	60.718032786885246
15	32	1	138.02762430939225	59.83149171270719
15	33	1	78.89199999999995	156.148
15	34	1	93.40609137055836	188.18274111675134
15	35	1	185.8860398860397	154.74928774928787
15	36	1	117.14566929133862	143.1968503937008
15	37	1	92.13807531380759	99.93305439330545
15	38	1	140.8866279069767	4.825581395348836
15	39	1	154.08865248226957	173.79432624113485
15	40	1	138.00892857142856	151.33630952380958
15	41	1	97.77647058823527	168.41176470588238
15	42	1	70.03468208092487	22.09537572254337
15	43	1	66.14117647058825	87.3411764705882
15	44	1	183.20663265306112	94.92602040816324
15	45	1	108.9889298892989	154.92250922509226
16	1	2	4.959999999999995	4.979999999999998
16	2	2	4.944	45.03600000000001
16	3	2	4.983870967741933	84.9677419354839
16	4	2	4.9186991869918675	124.99593495934958
16	5	2	5.012000000000004	164.95999999999995
16	6	2	45.027999999999984	4.912000000000001
16	7	2	45.00000000000003	45.00000000000002
16	8	2	45.15899581589961	85.6401673640167
16	9	2	45.00000000000003	124.99999999999997
16	10	2	45.012	165.10399999999987
16	11	2	84.95121951219507	5.093495934959348
16	12	2	85.01200000000003	45.040000000000006
16	13	2	84.82800000000005	84.868
16	14	2	85.01600000000005	125.156
16	15	2	85.56696428571436	165.86160714285708
16	16	2	124.48497854077249	4.931330472103006
16	17	2	124.89200000000002	45.06400000000003
16	18	2	125.03599999999999	84.83200000000001
16	19	2	125.02799999999998	124.828
16	20	2	125.10483870967742	165.3346774193549
16	21	2	165.03599999999994	5.088
16	22	2	164.97999999999996	45.10399999999999
16	23	2	164.9076305220884	85.07630522088348
16	24	2	164.99999999999994	124.99999999999997
16	25	2	165.05714285714288	164.82040816326534
16	26	1	21.642857142857157	121.0986394557823
16	27	1	74.1737967914438	182.13368983957216
16	28	1	106.98979591836738	170.862244897959
16	29	1	18.260273972602736	98.08904109589041
16	30	1	33.589123867069475	74.35045317220552
16	31	1	31.984939759036166	60.430722891566234
16	32	1	137.7222222222224	59.67632850241548
16	33	1	78.6205673758865	156.01063829787248
16	34	1	93.42672413793102	188.11637931034488
16	35	1	185.87000000000006	154.66499999999994
16	36	1	117.24232081911262	142.97610921501706
16	37	1	92.42198581560284	100.04964539007092
16	38	1	141.29473684210518	4.850000000000002
16	39	1	153.83333333333331	173.78395061728375
16	40	1	138.11702127659584	151.33244680851053
16	41	1	97.49222797927465	168.1968911917098
16	42	1	70.00763358778624	21.849872773536905
16	43	1	66.12056737588652	87.54255319148933
16	44	1	183.4593967517402	94.98607888631079
16	45	1	108.57295373665477	154.36298932384344
17	1	2	4.959999999999995	4.979999999999998
17	2	2	4.944	45.03600000000001
17	3	2	4.9186991869918675	84.93902439024393
17	4	2	4.885714285714283	124.97959183673467
17	5	2	5.036000000000001	164.9400000000001
17	6	2	45.027999999999984	4.912000000000001
17	7	2	45.00000000000003	45.00000000000002
17	8	2	45.136929460580895	85.70954356846478
17	9	2	45.00000000000003	124.99999999999997
17	10	2	45.012	165.10399999999987
17	11	2	84.95121951219507	5.093495934959348
17	12	2	85.01200000000003	45.040000000000006
17	13	2	84.9193548387097	84.8629032258064
17	14	2	85.01600000000005	125.156
17	15	2	85.57522123893804	165.84513274336277
17	16	2	124.51282051282048	4.957264957264958
17	17	2	124.89200000000002	45.06400000000003
17	18	2	125.03599999999999	84.83200000000001
17	19	2	125.02799999999998	124.828
17	20	2	125.13223140495876	165.4669421487604
17	21	2	165.03599999999994	5.088
17	22	2	164.97999999999996	45.10399999999999
17	23	2	164.8542510121457	85.03643724696354
17	24	2	164.99999999999994	124.99999999999997
17	25	2	165.05714285714288	164.82040816326534
17	26	1	21.69461077844311	120.94910179640716
17	27	1	74.04368932038842	182.2912621359223
17	28	1	107.48611111111111	170.6759259259259
17	29	1	18.220858895705526	97.9447852760737
17	30	1	33.48595505617977	74.4915730337079
17	31	1	31.94722222222223	60.17500000000002
17	32	1	137.75991189427307	59.58810572687225
17	33	1	78.1545741324922	155.84858044164042
17	34	1	93.49248120300754	188.4360902255638
17	35	1	185.8281938325991	154.9383259911893
17	36	1	117.32915360501563	142.43887147335423
17	37	1	92.50000000000006	100.29090909090908
17	38	1	141.49642004773284	4.980906921241053
17	39	1	153.3977591036414	173.7619047619048
17	40	1	138.32439024390249	151.35121951219517
17	41	1	97.40277777777776	168.425925925926
17	42	1	70.07608695652169	21.743478260869566
17	43	1	66	87.6501547987616
17	44	1	183.05439330543925	95.04811715481169
17	45	1	108.70333333333329	153.7966666666668
18	1	2	4.959999999999995	4.979999999999998
18	2	2	4.944	45.03600000000001
18	3	2	4.889795918367345	84.9183673469388
18	4	2	4.8099173553718995	125.05371900826457
18	5	2	5.036000000000001	164.9400000000001
18	6	2	45.027999999999984	4.912000000000001
18	7	2	45.00000000000003	45.00000000000002
18	8	2	45.15062761506275	85.76150627615066
18	9	2	45.00000000000003	124.99999999999997
18	10	2	45.012	165.10399999999987
18	11	2	84.92653061224486	5.118367346938775
18	12	2	85.01200000000003	45.040000000000006
18	13	2	84.9878048780488	84.85365853658531
18	14	2	85.01600000000005	125.156
18	15	2	85.38666666666667	165.79999999999998
18	16	2	124.57627118644065	4.970338983050848
18	17	2	124.89200000000002	45.06400000000003
18	18	2	125.03599999999999	84.83200000000001
18	19	2	125.02799999999998	124.828
18	20	2	125.16182572614112	165.48547717842322
18	21	2	165.03599999999994	5.088
18	22	2	164.97999999999996	45.10399999999999
18	23	2	164.8542510121457	85.03643724696354
18	24	2	164.99999999999994	124.99999999999997
18	25	2	165.05714285714288	164.82040816326534
18	26	1	21.80319148936171	120.98670212765958
18	27	1	73.60964912280704	182.30921052631592
18	28	1	107.49367088607599	170.80590717299575
18	29	1	18.40336134453779	97.85994397759113
18	30	1	33.41968911917102	74.57253886010365
18	31	1	31.891139240506313	60.20253164556964
18	32	1	137.6024096385544	59.55622489959839
18	33	1	77.65042979942685	156.04584527220644
18	34	1	93.59121621621622	188.75675675675672
18	35	1	185.42885771543078	155.24048096192388
18	36	1	117.63496932515329	141.86809815950903
18	37	1	92.55641025641033	100.56410256410258
18	38	1	141.70888888888896	4.9355555555554815
18	39	1	153.12690355329943	173.54822335025392
18	40	1	138.19585253456233	151.31797235023032
18	41	1	97.01244813278007	168.1825726141078
18	42	1	70.10931174089062	21.70242914979756
18	43	1	65.87837837837841	87.47837837837837
18	44	1	183.2774451097804	95.16167664670652
18	45	1	109.06603773584905	153.26415094339612
19	1	2	4.959999999999995	4.979999999999998
19	2	2	4.944	45.03600000000001
19	3	2	4.8436213991769534	84.86419753086429
19	4	2	4.8271604938271615	125.0864197530864
19	5	2	5.036000000000001	164.9400000000001
19	6	2	45.027999999999984	4.912000000000001
19	7	2	45.028340080971695	44.935222672064775
19	8	2	45.15000000000001	85.725
19	9	2	45.00000000000003	124.99999999999997
19	10	2	45.012	165.10399999999987
19	11	2	84.9012345679012	5.181069958847737
19	12	2	85.01200000000003	45.040000000000006
19	13	2	85.02880658436216	84.80246913580244
19	14	2	85.01600000000005	125.156
19	15	2	85.38495575221239	165.6902654867257
19	16	2	124.60759493670884	4.949367088607596
19	17	2	124.89200000000002	45.06400000000003
19	18	2	125.03599999999999	84.83200000000001
19	19	2	125.02799999999998	124.828
19	20	2	125.29166666666666	165.5458333333334
19	21	2	165.03599999999994	5.088
19	22	2	164.97999999999996	45.10399999999999
19	23	2	164.84738955823286	85.1084337349398
19	24	2	164.99999999999994	124.99999999999997
19	25	2	165.0612244897959	164.84081632653067
19	26	1	22.03940886699508	121.27832512315265
19	27	1	73.1825726141078	182.24273858921165
19	28	1	108.06691449814124	171.29368029739786
19	29	1	18.11253196930948	97.9846547314578
19	30	1	33.625292740046845	74.62997658079628
19	31	1	31.6574074074074	59.861111111111114
19	32	1	137.55577689243015	59.50199203187251
19	33	1	77.16795865633074	155.88113695090428
19	34	1	93.51661631419928	189.18126888217535
19	35	1	185.3466135458168	155.21513944223096
19	36	1	117.62908011869442	141.43026706231456
19	37	1	92.63553530751706	100.57630979498865
19	38	1	141.94274028629863	4.852760736196473
19	39	1	152.94843049327346	173.78923766816132
19	40	1	138.31847133757967	151.1740976645437
19	41	1	97.0488721804511	167.58646616541364
19	42	1	70.05389221556881	21.714570858283434
19	43	1	65.62174940898346	87.39479905437358
19	44	1	183.26892430278878	95.19920318725096
19	45	1	109.34556574923539	152.60550458715593
20	1	2	4.959999999999995	4.979999999999998
20	2	2	4.944	45.03600000000001
20	3	2	4.814049586776859	84.84710743801658
20	4	2	4.860655737704919	125.10245901639344
20	5	2	5.036000000000001	164.9400000000001
20	6	2	45.027999999999984	4.912000000000001
20	7	2	45.028340080971695	44.935222672064775
20	8	2	45.15000000000001	85.725
20	9	2	45.00000000000003	124.99999999999997
20	10	2	45.012	165.10399999999987
20	11	2	84.86776859504128	5.198347107438017
20	12	2	85.01200000000003	45.040000000000006
20	13	2	85.00000000000006	84.81967213114754
20	14	2	85.01600000000005	125.156
20	15	2	85.39207048458147	165.72687224669605
20	16	2	124.60759493670884	4.949367088607596
20	17	2	124.89200000000002	45.06400000000003
20	18	2	125.03599999999999	84.83200000000001
20	19	2	125.02799999999998	124.76000000000002
20	20	2	125.31799163179922	165.56485355648533
20	21	2	165.03599999999994	5.088
20	22	2	164.97999999999996	45.10399999999999
20	23	2	164.87999999999994	85.09200000000003
20	24	2	164.99999999999994	124.99999999999997
20	25	2	164.9758064516129	164.87096774193543
20	26	1	22.29753914988812	121.23042505592841
20	27	1	72.6639839034205	182.31991951710276
20	28	1	108.37671232876713	171.48287671232868
20	29	1	18.200934579439263	97.90887850467296
20	30	1	33.84796573875799	74.64668094218416
20	31	1	30.807610993657487	59.38689217758989
20	32	1	137.4333996023857	59.475149105367805
20	33	1	76.8666666666667	155.92619047619038
20	34	1	93.37150837988827	189.55307262569826
20	35	1	185.29083665338658	155.20717131474106
20	36	1	117.75211267605631	140.96338028169015
20	37	1	92.64112903225804	100.6310483870968
20	38	1	142.07768924302803	4.850597609561646
20	39	1	152.70431211498985	173.86652977412706
20	40	1	138.82851239669432	151.10743801652887
20	41	1	97.08754208754213	167.61279461279457
20	42	1	69.8665338645418	21.747011952191244
20	43	1	65.6142557651991	87.02935010482186
20	44	1	183.31936127744515	95.13572854291424
20	45	1	109.79166666666657	151.97023809523807
21	1	2	4.959999999999995	4.979999999999998
21	2	2	4.944	45.03600000000001
21	3	2	4.8436213991769534	84.86419753086429
21	4	2	4.8436213991769534	125.13580246913583
21	5	2	5.036000000000001	164.9400000000001
21	6	2	45.027999999999984	4.912000000000001
21	7	2	45.028340080971695	44.935222672064775
21	8	2	45.15352697095436	85.68879668049793
21	9	2	45.00000000000003	124.99999999999997
21	10	2	45.012	165.10399999999987
21	11	2	84.82008368200835	5.284518828451884
21	12	2	85.01200000000003	45.040000000000006
21	13	2	84.9673469387755	84.82448979591832
21	14	2	85.01600000000005	125.156
21	15	2	85.41558441558442	165.6493506493505
21	16	2	124.60759493670884	4.949367088607596
21	17	2	124.89200000000002	45.06400000000003
21	18	2	125.03599999999999	84.83200000000001
21	19	2	125.02799999999998	124.76000000000002
21	20	2	125.37130801687765	165.59071729957807
21	21	2	165.03599999999994	5.088
21	22	2	164.97999999999996	45.10399999999999
21	23	2	164.87999999999994	85.09200000000003
21	24	2	164.99999999999994	124.99999999999997
21	25	2	164.9758064516129	164.87096774193543
21	26	1	22.599999999999984	121.31134020618558
21	27	1	72.14486921529166	182.34004024144878
21	28	1	108.61144578313257	172.17469879518046
21	29	1	18.221258134490235	97.84381778741873
21	30	1	33.82926829268291	74.80081300813009
21	31	1	30.58199999999999	59.16600000000002
21	32	1	137.33932135728534	59.730538922155695
21	33	1	76.71063829787235	155.55531914893587
21	34	1	93.10309278350512	189.7654639175259
21	35	1	185.3466135458166	155.3426294820717
21	36	1	118.10743801652893	140.88154269972452
21	37	1	92.69721115537844	100.55577689243026
21	38	1	142.13346613545818	4.828685258964299
21	39	1	152.65330661322645	174.07014028056108
21	40	1	139.37903225806465	151.07661290322582
21	41	1	97.17034700315453	167.55205047318603
21	42	1	69.93013972055878	21.67465069860279
21	43	1	65.41282565130263	86.9999999999999
21	44	1	183.1553784860558	95.13745019920316
21	45	1	109.98255813953489	151.26453488372093
22	1	2	4.959999999999995	4.979999999999998
22	2	2	4.944	45.03600000000001
22	3	2	4.8436213991769534	84.86419753086429
22	4	2	4.8436213991769534	125.13580246913583
22	5	2	5.036000000000001	164.9400000000001
22	6	2	45.027999999999984	4.912000000000001
22	7	2	45.016129032258085	44.96774193548388
22	8	2	45.16115702479336	85.65289256198349
22	9	2	45.00000000000003	124.99999999999997
22	10	2	45.012	165.10399999999987
22	11	2	84.8381742738589	5.219917012448133
22	12	2	85.01200000000003	45.040000000000006
22	13	2	84.93574297188749	84.90763052208835
22	14	2	85.01600000000005	125.156
22	15	2	85.45957446808511	165.6553191489364
22	16	2	124.63865546218484	4.962184873949582
22	17	2	124.89200000000002	45.06400000000003
22	18	2	125.03599999999999	84.83200000000001
22	19	2	125.08097165991913	124.60728744939267
22	20	2	125.49361702127662	165.5872340425531
22	21	2	165.03599999999994	5.088
22	22	2	164.97999999999996	45.10399999999999
22	23	2	164.87999999999994	85.09200000000003
22	24	2	164.99999999999994	124.99999999999997
22	25	2	164.9758064516129	164.87096774193543
22	26	1	22.68199999999998	121.14399999999999
22	27	1	71.61199999999987	182.50399999999968
22	28	1	108.88505747126442	172.3649425287356
22	29	1	18.0499001996008	97.86826347305394
22	30	1	33.63346613545819	74.85258964143425
22	31	1	30.489065606361827	59.02385685884689
22	32	1	137.31337325349304	59.744510978043905
22	33	1	76.41482965931861	155.45290581162314
22	34	1	92.86063569682163	190.0171149144254
22	35	1	185.30478087649394	155.2788844621514
22	36	1	118.13866666666667	140.42666666666673
22	37	1	92.65936254980076	100.54382470119525
22	38	1	142.05776892430268	4.7609561752988725
22	39	1	152.5844930417495	174.08349900596423
22	40	1	139.51497005988023	151.09381237524934
22	41	1	97.16811594202899	167.9420289855071
22	42	1	69.84462151394429	21.643426294820713
22	43	1	65.25099601593625	87.00996015936259
22	44	1	183.20517928286841	95.04780876494019
22	45	1	110.2049861495845	150.87257617728523
23	1	2	4.959999999999995	4.979999999999998
23	2	2	4.944	45.03600000000001
23	3	2	4.8436213991769534	84.86419753086429
23	4	2	4.8436213991769534	125.13580246913583
23	5	2	5.036000000000001	164.9400000000001
23	6	2	45.027999999999984	4.912000000000001
23	7	2	45.00000000000003	45.00000000000002
23	8	2	45.163934426229524	85.59426229508193
23	9	2	45.00000000000003	124.99999999999997
23	10	2	45.012	165.10399999999987
23	11	2	84.8381742738589	5.219917012448133
23	12	2	85.01200000000003	45.040000000000006
23	13	2	84.93574297188749	84.90763052208835
23	14	2	85.01600000000005	125.156
23	15	2	85.46610169491528	165.61440677966115
23	16	2	124.63865546218484	4.962184873949582
23	17	2	124.89200000000002	45.06400000000003
23	18	2	125.03599999999999	84.83200000000001
23	19	2	125.10975609756096	124.58536585365854
23	20	2	125.55084745762713	165.45762711864404
23	21	2	165.03599999999994	5.088
23	22	2	164.97999999999996	45.10399999999999
23	23	2	164.87999999999994	85.09200000000003
23	24	2	164.99999999999994	124.99999999999997
23	25	2	164.9758064516129	164.87096774193543
23	26	1	22.7370517928287	121.01195219123503
23	27	1	71.17999999999996	182.51800000000014
23	28	1	109.16486486486491	172.44324324324342
23	29	1	18.023952095808372	97.75249500998007
23	30	1	33.33466135458166	74.7350597609562
23	31	1	30.4621513944223	58.914342629482064
23	32	1	137.15338645418322	59.754980079681324
23	33	1	76.35129740518963	155.4011976047906
23	34	1	92.73882352941177	190.35529411764713
23	35	1	185.3107569721115	155.32669322709177
23	36	1	118.49871465295624	140.03341902313613
23	37	1	92.64071856287438	100.58283433133734
23	38	1	142.03187250996004	4.719123505976199
23	39	1	152.6820000000002	174.24400000000009
23	40	1	140.10121457489876	151.21862348178126
23	41	1	96.94308943089425	168.17615176151762
23	42	1	69.8423153692615	21.493013972055888
23	43	1	65.26892430278889	86.97808764940248
23	44	1	183.13545816733074	95.097609561753
23	45	1	110.46965699208442	150.4036939313985
24	1	2	4.959999999999995	4.979999999999998
24	2	2	4.944	45.03600000000001
24	3	2	4.8436213991769534	84.86419753086429
24	4	2	4.877049180327865	125.1229508196721
24	5	2	5.036000000000001	164.9400000000001
24	6	2	45.027999999999984	4.912000000000001
24	7	2	45.00000000000003	45.00000000000002
24	8	2	45.142857142857146	85.56734693877551
24	9	2	45.00000000000003	124.99999999999997
24	10	2	45.012	165.10399999999987
24	11	2	84.86419753086417	5.156378600823045
24	12	2	85.01200000000003	45.040000000000006
24	13	2	84.952	84.93999999999998
24	14	2	85.01600000000005	125.156
24	15	2	85.47058823529412	165.6638655462185
24	16	2	124.63865546218484	4.962184873949582
24	17	2	124.89200000000002	45.06400000000003
24	18	2	125.03599999999999	84.83200000000001
24	19	2	125.13008130081299	124.52032520325201
24	20	2	125.49159663865545	165.46638655462183
24	21	2	165.03599999999994	5.088
24	22	2	164.97999999999996	45.10399999999999
24	23	2	164.87999999999994	85.09200000000003
24	24	2	164.99999999999994	124.99999999999997
24	25	2	164.93975903614455	164.87951807228907
24	26	1	22.792828685258964	120.89442231075701
24	27	1	70.66125760649086	182.49290060851942
24	28	1	109.11764705882355	172.71099744245504
24	29	1	17.902195608782424	97.79441117764472
24	30	1	33.22509960159363	74.7908366533865
24	31	1	30.440239043824718	59.00597609561745
24	32	1	137.1135458167329	59.804780876494064
24	33	1	76.24701195219124	155.2828685258965
24	34	1	92.6313465783665	190.51214128035332
24	35	1	185.24103585657386	155.32470119521918
24	36	1	118.8669950738916	139.77093596059123
24	37	1	92.65936254980073	100.62749003984064
24	38	1	142.01792828685265	4.683266932270982
24	39	1	152.58964143426306	174.39243027888446
24	40	1	140.52199999999982	151.26399999999995
24	41	1	96.71645569620254	167.91392405063294
24	42	1	69.80079681274898	21.496015936254988
24	43	1	65.37848605577692	87.0318725099602
24	44	1	183.21912350597606	95.0258964143426
24	45	1	110.38693467336674	149.81909547738695
25	1	2	4.959999999999995	4.979999999999998
25	2	2	4.944	45.03600000000001
25	3	2	4.8436213991769534	84.86419753086429
25	4	2	4.877049180327865	125.1229508196721
25	5	2	5.036000000000001	164.9400000000001
25	6	2	45.027999999999984	4.912000000000001
25	7	2	45.00000000000003	45.00000000000002
25	8	2	45.154471544715456	85.53252032520324
25	9	2	45.00000000000003	124.99999999999997
25	10	2	45.012	165.10399999999987
25	11	2	84.87704918032783	5.1229508196721305
25	12	2	85.01200000000003	45.040000000000006
25	13	2	84.952	84.93999999999998
25	14	2	85.01600000000005	125.156
25	15	2	85.49377593360998	165.67634854771794
25	16	2	124.66945606694557	4.979079497907952
25	17	2	124.89200000000002	45.06400000000003
25	18	2	125.03599999999999	84.83200000000001
25	19	2	125.16326530612247	124.50204081632653
25	20	2	125.49159663865545	165.46638655462183
25	21	2	165.03599999999994	5.088
25	22	2	164.97999999999996	45.10399999999999
25	23	2	164.87999999999994	85.09200000000003
25	24	2	164.99999999999994	124.99999999999997
25	25	2	164.93975903614455	164.87951807228907
25	26	1	22.759443339960225	120.69781312127239
25	27	1	70.12727272727273	182.38383838383842
25	28	1	109.14216867469878	173.0530120481927
25	29	1	17.966135458167322	97.6832669322709
25	30	1	33.147410358565736	74.80677290836651
25	31	1	30.53386454183265	59.00597609561757
25	32	1	137.02788844621517	59.780876494023886
25	33	1	76.17729083665336	155.288844621514
25	34	1	92.83150984682717	190.9824945295404
25	35	1	185.29482071713173	155.50796812748996
25	36	1	118.91990846681925	139.38901601830668
25	37	1	92.68525896414343	100.6334661354582
25	38	1	141.99402390438254	4.641434262948211
25	39	1	152.67330677290838	174.5418326693227
25	40	1	141.00199999999992	151.26799999999992
25	41	1	96.28019323671496	168.4903381642512
25	42	1	69.88446215139439	21.334661354581687
25	43	1	65.39043824701196	87.00597609561754
25	44	1	183.1673306772909	95.01992031872514
25	45	1	110.06398104265406	149.4952606635071
26	1	2	4.959999999999995	4.979999999999998
26	2	2	4.944	45.03600000000001
26	3	2	4.8436213991769534	84.86419753086429
26	4	2	4.877049180327865	125.1229508196721
26	5	2	5.036000000000001	164.9400000000001
26	6	2	45.027999999999984	4.912000000000001
26	7	2	45.00000000000003	45.00000000000002
26	8	2	45.157258064516164	85.46774193548387
26	9	2	45.00000000000003	124.99999999999997
26	10	2	45.012	165.10399999999987
26	11	2	84.87704918032783	5.1229508196721305
26	12	2	85.01200000000003	45.040000000000006
26	13	2	84.952	84.93999999999998
26	14	2	85.01600000000005	125.156
26	15	2	85.49377593360998	165.67634854771794
26	16	2	124.69999999999996	5.000000000000002
26	17	2	124.89200000000002	45.06400000000003
26	18	2	125.03599999999999	84.83200000000001
26	19	2	125.17479674796746	124.46747967479678
26	20	2	125.49159663865545	165.46638655462183
26	21	2	165.03599999999994	5.088
26	22	2	164.97999999999996	45.10399999999999
26	23	2	164.87999999999994	85.09200000000003
26	24	2	164.99999999999994	124.99999999999997
26	25	2	164.90400000000002	164.86799999999994
26	26	1	22.705179282868528	120.6693227091633
26	27	1	69.58383838383843	182.24444444444433
26	28	1	109.18244803695153	173.44341801385687
26	29	1	17.950298210735593	97.5089463220676
26	30	1	33.11776447105788	74.76846307385225
26	31	1	30.50497017892645	59.113320079522865
26	32	1	137.00798403193625	59.796407185628745
26	33	1	76.16302186878718	155.26242544731593
26	34	1	92.7662337662338	191.3354978354977
26	35	1	185.28486055776898	155.5458167330675
26	36	1	119.1626373626374	139.04175824175834
26	37	1	92.71115537848601	100.58964143426303
26	38	1	142.03386454183266	4.593625498007971
26	39	1	152.54183266932293	174.55776892430285
26	40	1	141.39799999999983	151.35399999999998
26	41	1	96.02771362586613	168.77598152424946
26	42	1	69.84063745019913	21.472111553784835
26	43	1	65.3366533864541	87.09163346613538
26	44	1	183.11177644710554	94.95608782435133
26	45	1	109.82628062360806	149.1336302895322
27	1	2	4.959999999999995	4.979999999999998
27	2	2	4.944	45.03600000000001
27	3	2	4.877049180327865	84.87704918032787
27	4	2	4.877049180327865	125.1229508196721
27	5	2	5.036000000000001	164.9400000000001
27	6	2	45.027999999999984	4.912000000000001
27	7	2	45.00000000000003	45.00000000000002
27	8	2	45.132	85.40399999999994
27	9	2	45.00000000000003	124.99999999999997
27	10	2	45.012	165.10399999999987
27	11	2	84.87704918032783	5.1229508196721305
27	12	2	85.01200000000003	45.040000000000006
27	13	2	84.952	84.93999999999998
27	14	2	85.01600000000005	125.156
27	15	2	85.49377593360998	165.67634854771794
27	16	2	124.69999999999996	5.000000000000002
27	17	2	124.89200000000002	45.06400000000003
27	18	2	125.03599999999999	84.83200000000001
27	19	2	125.16194331983806	124.49797570850204
27	20	2	125.4560669456067	165.47280334728035
27	21	2	165.03599999999994	5.088
27	22	2	164.97999999999996	45.10399999999999
27	23	2	164.87999999999994	85.09200000000003
27	24	2	164.99999999999994	124.99999999999997
27	25	2	164.90400000000002	164.86799999999994
27	26	1	22.76294820717132	120.62350597609557
27	27	1	69.09800000000001	182.2000000000001
27	28	1	109.33626373626376	173.791208791209
27	29	1	18.063745019920315	97.44223107569711
27	30	1	33.13545816733066	74.69521912350599
27	31	1	30.374501992031885	59.169322709163374
27	32	1	136.98207171314743	59.822709163346616
27	33	1	76.19123505976083	155.2330677290837
27	34	1	92.55223880597013	191.66950959488264
27	35	1	185.3027888446214	155.55776892430282
27	36	1	119.56050955414015	138.85562632696383
27	37	1	92.63147410358565	100.63346613545828
27	38	1	142.0537848605578	4.621513944223111
27	39	1	152.61952191235082	174.57569721115544
27	40	1	141.68410462776666	151.42857142857144
27	41	1	95.92888888888879	168.8688888888889
27	42	1	69.95617529880481	21.44820717131473
27	43	1	65.46215139442228	87.13745019920312
27	44	1	183.00199203187248	95.07569721115547
27	45	1	109.53004291845497	148.63090128755377
28	1	2	4.959999999999995	4.979999999999998
28	2	2	4.944	45.03600000000001
28	3	2	4.877049180327865	84.87704918032787
28	4	2	4.877049180327865	125.1229508196721
28	5	2	5.036000000000001	164.9400000000001
28	6	2	45.027999999999984	4.912000000000001
28	7	2	45.00000000000003	45.00000000000002
28	8	2	45.132	85.40399999999994
28	9	2	45.00000000000003	124.99999999999997
28	10	2	45.012	165.10399999999987
28	11	2	84.87704918032783	5.1229508196721305
28	12	2	85.01200000000003	45.040000000000006
28	13	2	84.952	84.93999999999998
28	14	2	85.01600000000005	125.156
28	15	2	85.52479338842977	165.68595041322322
28	16	2	124.69999999999996	5.000000000000002
28	17	2	124.89200000000002	45.06400000000003
28	18	2	125.03599999999999	84.83200000000001
28	19	2	125.16194331983806	124.49797570850204
28	20	2	125.4560669456067	165.47280334728035
28	21	2	165.03599999999994	5.088
28	22	2	164.97999999999996	45.10399999999999
28	23	2	164.87999999999994	85.09200000000003
28	24	2	164.99999999999994	124.99999999999997
28	25	2	164.90400000000002	164.86799999999994
28	26	1	22.806387225548914	120.61277445109788
28	27	1	68.91816367265467	182.29740518962086
28	28	1	109.59493670886077	173.87130801687763
28	29	1	18.121513944223107	97.38247011952193
28	30	1	33.11553784860558	74.6673306772908
28	31	1	30.404382470119504	59.13944223107569
28	32	1	136.97011952191238	59.888446215139396
28	33	1	76.03984063745023	155.2788844621514
28	34	1	92.6764705882353	191.9327731092438
28	35	1	185.1912350597609	155.57968127490054
28	36	1	119.7160493827161	138.66872427983523
28	37	1	92.49700598802399	100.69061876247511
28	38	1	142.02390438247036	4.503984063745065
28	39	1	152.68063872255505	174.75249500998007
28	40	1	142.05788423153692	151.63672654690623
28	41	1	95.84355179704012	168.7653276955604
28	42	1	70.01792828685251	21.474103585657378
28	43	1	65.54890219560883	87.28143712574844
28	44	1	182.88645418326718	94.99203187251003
28	45	1	109.35463917525774	148.07216494845358
29	1	2	4.959999999999995	4.979999999999998
29	2	2	4.944	45.03600000000001
29	3	2	4.877049180327865	84.87704918032787
29	4	2	4.877049180327865	125.1229508196721
29	5	2	5.036000000000001	164.9400000000001
29	6	2	45.027999999999984	4.912000000000001
29	7	2	45.00000000000003	45.00000000000002
29	8	2	45.132	85.40399999999994
29	9	2	45.00000000000003	124.99999999999997
29	10	2	45.012	165.10399999999987
29	11	2	84.87704918032783	5.1229508196721305
29	12	2	85.01200000000003	45.040000000000006
29	13	2	84.952	84.93999999999998
29	14	2	85.01600000000005	125.156
29	15	2	85.52479338842977	165.68595041322322
29	16	2	124.69999999999996	5.000000000000002
29	17	2	124.89200000000002	45.06400000000003
29	18	2	125.03599999999999	84.83200000000001
29	19	2	125.14056224899599	124.56224899598395
29	20	2	125.42083333333335	165.46666666666673
29	21	2	165.03599999999994	5.088
29	22	2	164.97999999999996	45.10399999999999
29	23	2	164.87999999999994	85.09200000000003
29	24	2	164.99999999999994	124.99999999999997
29	25	2	164.90400000000002	164.86799999999994
29	26	1	22.772908366533837	120.67729083665338
29	27	1	68.70916334661356	182.17330677290855
29	28	1	109.77346938775513	174.11428571428598
29	29	1	18.16135458167332	97.34661354581674
29	30	1	33.099601593625515	74.66334661354568
29	31	1	30.3605577689243	59.11752988047808
29	32	1	136.8782435129741	59.94810379241517
29	33	1	75.94810379241522	155.32534930139732
29	34	1	92.73061224489793	192.1632653061225
29	35	1	185.2131474103588	155.63745019920316
29	36	1	119.93158953722336	138.5835010060361
29	37	1	92.43912175648703	100.73253493013978
29	38	1	142.01792828685237	4.4422310756972365
29	39	1	152.76646706586817	174.87824351297394
29	40	1	142.36526946107793	151.97804391217554
29	41	1	95.83127572016458	168.41975308641983
29	42	1	70.1157684630738	21.425149700598805
29	43	1	65.58449304174945	87.3081510934393
29	44	1	182.94011976047904	94.94211576846304
29	45	1	109.22828282828284	147.8525252525254
30	1	2	4.959999999999995	4.979999999999998
30	2	2	4.944	45.03600000000001
30	3	2	4.877049180327865	84.87704918032787
30	4	2	4.877049180327865	125.1229508196721
30	5	2	5.036000000000001	164.9400000000001
30	6	2	45.027999999999984	4.912000000000001
30	7	2	45.00000000000003	45.00000000000002
30	8	2	45.132	85.40399999999994
30	9	2	45.00000000000003	124.99999999999997
30	10	2	45.012	165.10399999999987
30	11	2	84.87704918032783	5.1229508196721305
30	12	2	85.01200000000003	45.040000000000006
30	13	2	84.952	84.93999999999998
30	14	2	85.01600000000005	125.156
30	15	2	85.52479338842977	165.68595041322322
30	16	2	124.69999999999996	5.000000000000002
30	17	2	124.89200000000002	45.06400000000003
30	18	2	125.03599999999999	84.83200000000001
30	19	2	125.13199999999999	124.59600000000003
30	20	2	125.38589211618255	165.45643153526981
30	21	2	165.03599999999994	5.088
30	22	2	164.97999999999996	45.10399999999999
30	23	2	164.87999999999994	85.09200000000003
30	24	2	164.99999999999994	124.99999999999997
30	25	2	164.90400000000002	164.86799999999994
30	26	1	22.683266932270914	120.7191235059761
30	27	1	68.5358565737052	182.20119521912343
30	28	1	109.87751004016063	174.3353413654617
30	29	1	18.18326693227091	97.36254980079684
30	30	1	33.041832669322716	74.67131474103577
30	31	1	30.46307385229539	59.133732534930125
30	32	1	136.81075697211153	59.98007968127491
30	33	1	75.76095617529879	155.36653386454182
30	34	1	92.78199999999993	192.3280000000002
30	35	1	185.2395209580839	155.5588822355289
30	36	1	119.91035856573713	138.41633466135477
30	37	1	92.47410358565743	100.72709163346609
30	38	1	141.9362549800797	4.454183266932148
30	39	1	152.75298804780883	174.840637450199
30	40	1	142.43824701195234	151.97011952191224
30	41	1	95.79116465863451	168.23293172690765
30	42	1	70.05577689243032	21.247011952191244
30	43	1	65.63147410358567	87.40239043824721
30	44	1	182.92015968063887	94.96207584830337
30	45	1	109.14541832669326	147.74103585657372
31	1	2	4.959999999999995	4.979999999999998
31	2	2	4.944	45.03600000000001
31	3	2	4.877049180327865	84.87704918032787
31	4	2	4.877049180327865	125.1229508196721
31	5	2	5.036000000000001	164.9400000000001
31	6	2	45.027999999999984	4.912000000000001
31	7	2	45.00000000000003	45.00000000000002
31	8	2	45.132	85.40399999999994
31	9	2	45.00000000000003	124.99999999999997
31	10	2	45.012	165.10399999999987
31	11	2	84.87704918032783	5.1229508196721305
31	12	2	85.01200000000003	45.040000000000006
31	13	2	84.952	84.93999999999998
31	14	2	85.01600000000005	125.156
31	15	2	85.52479338842977	165.68595041322322
31	16	2	124.69999999999996	5.000000000000002
31	17	2	124.89200000000002	45.06400000000003
31	18	2	125.03599999999999	84.83200000000001
31	19	2	125.13199999999999	124.59600000000003
31	20	2	125.38589211618255	165.45643153526981
31	21	2	165.03599999999994	5.088
31	22	2	164.97999999999996	45.10399999999999
31	23	2	164.87999999999994	85.09200000000003
31	24	2	164.99999999999994	124.99999999999997
31	25	2	164.90400000000002	164.86799999999994
31	26	1	22.594810379241526	120.70658682634736
31	27	1	68.51896207584825	182.28143712574837
31	28	1	109.90637450199199	174.3007968127491
31	29	1	18.225548902195605	97.36926147704591
31	30	1	32.910358565737084	74.66533864541829
31	31	1	30.54890219560878	59.08183632734526
31	32	1	136.90836653386438	60.03386454183268
31	33	1	75.62350597609571	155.51593625498
31	34	1	92.91434262948209	192.39840637450214
31	35	1	185.19721115537862	155.53187250996018
31	36	1	119.88645418326696	138.374501992032
31	37	1	92.48406374502002	100.67330677290843
31	38	1	141.9462151394424	4.48406374501991
31	39	1	152.65139442231086	174.87848605577688
31	40	1	142.4223107569721	152.06972111553782
31	41	1	95.78243512974049	168.19161676646712
31	42	1	70.10778443113773	21.28942115768462
31	43	1	65.63944223107566	87.45816733067727
31	44	1	182.83864541832656	94.96613545816732
31	45	1	109.10179640718563	147.70059880239515
32	1	2	4.959999999999995	4.979999999999998
32	2	2	4.944	45.03600000000001
32	3	2	4.877049180327865	84.87704918032787
32	4	2	4.877049180327865	125.1229508196721
32	5	2	5.036000000000001	164.9400000000001
32	6	2	45.027999999999984	4.912000000000001
32	7	2	45.00000000000003	45.00000000000002
32	8	2	45.132	85.40399999999994
32	9	2	45.00000000000003	124.99999999999997
32	10	2	45.012	165.10399999999987
32	11	2	84.87704918032783	5.1229508196721305
32	12	2	85.01200000000003	45.040000000000006
32	13	2	84.952	84.93999999999998
32	14	2	85.01600000000005	125.156
32	15	2	85.52479338842977	165.68595041322322
32	16	2	124.69999999999996	5.000000000000002
32	17	2	124.89200000000002	45.06400000000003
32	18	2	125.03599999999999	84.83200000000001
32	19	2	125.13199999999999	124.59600000000003
32	20	2	125.35537190082637	165.4710743801654
32	21	2	165.03599999999994	5.088
32	22	2	164.97999999999996	45.10399999999999
32	23	2	164.87999999999994	85.09200000000003
32	24	2	164.99999999999994	124.99999999999997
32	25	2	164.90400000000002	164.86799999999994
32	26	1	22.601593625497987	120.6972111553785
32	27	1	68.57370517928294	182.27290836653395
32	28	1	109.86653386454176	174.3625498007968
32	29	1	18.299401197604773	97.2674650698603
32	30	1	32.7988047808765	74.62749003984058
32	31	1	30.61354581673308	59.03784860557769
32	32	1	136.89442231075688	60.139442231075705
32	33	1	75.59760956175295	155.51992031872516
32	34	1	92.9203187250996	192.39840637450206
32	35	1	185.15737051792854	155.45418326693232
32	36	1	119.93027888446204	138.35059760956182
32	37	1	92.4203187250997	100.74302788844625
32	38	1	141.92031872509975	4.44223107569735
32	39	1	152.6167664670659	174.83433133732515
32	40	1	142.3745019920318	152.09163346613568
32	41	1	95.77490039840625	168.17131474103599
32	42	1	70.14741035856578	21.22310756972112
32	43	1	65.77091633466135	87.62549800796815
32	44	1	182.85029940119762	94.9201596806387
32	45	1	109.13745019920316	147.67928286852597
33	1	2	4.959999999999995	4.979999999999998
33	2	2	4.944	45.03600000000001
33	3	2	4.877049180327865	84.87704918032787
33	4	2	4.877049180327865	125.1229508196721
33	5	2	5.036000000000001	164.9400000000001
33	6	2	45.027999999999984	4.912000000000001
33	7	2	45.00000000000003	45.00000000000002
33	8	2	45.132	85.40399999999994
33	9	2	45.00000000000003	124.99999999999997
33	10	2	45.012	165.10399999999987
33	11	2	84.87704918032783	5.1229508196721305
33	12	2	85.01200000000003	45.040000000000006
33	13	2	84.952	84.93999999999998
33	14	2	85.01600000000005	125.156
33	15	2	85.52479338842977	165.68595041322322
33	16	2	124.69999999999996	5.000000000000002
33	17	2	124.89200000000002	45.06400000000003
33	18	2	125.03599999999999	84.83200000000001
33	19	2	125.13199999999999	124.59600000000003
33	20	2	125.29098360655733	165.50000000000003
33	21	2	165.03599999999994	5.088
33	22	2	164.97999999999996	45.10399999999999
33	23	2	164.87999999999994	85.09200000000003
33	24	2	164.99999999999994	124.99999999999997
33	25	2	164.90400000000002	164.86799999999994
33	26	1	22.649402390438233	120.75498007968137
33	27	1	68.63346613545812	182.25896414342628
33	28	1	109.86227544910174	174.38522954091817
33	29	1	18.24750499001997	97.28742514970051
33	30	1	32.876494023904385	74.5896414342629
33	31	1	30.578842315369247	58.98003992015971
33	32	1	136.96015936255	60.13944223107569
33	33	1	75.45418326693219	155.64342629482073
33	34	1	92.99999999999996	192.4362549800798
33	35	1	185.15705765407557	155.43538767395626
33	36	1	119.94632206759444	138.34791252485107
33	37	1	92.41235059760953	100.6653386454183
33	38	1	141.94223107569715	4.402390438247096
33	39	1	152.47609561752995	174.81673306772922
33	40	1	142.39641434262953	152.09960159362535
33	41	1	95.7629482071713	168.18326693227098
33	42	1	70.14741035856575	21.350597609561763
33	43	1	65.74501992031873	87.68725099601589
33	44	1	182.9161676646707	94.86826347305394
33	45	1	109.10536779324057	147.71769383697807
34	1	2	4.959999999999995	4.979999999999998
34	2	2	4.944	45.03600000000001
34	3	2	4.877049180327865	84.87704918032787
34	4	2	4.877049180327865	125.1229508196721
34	5	2	5.036000000000001	164.9400000000001
34	6	2	45.027999999999984	4.912000000000001
34	7	2	45.00000000000003	45.00000000000002
34	8	2	45.132	85.40399999999994
34	9	2	45.00000000000003	124.99999999999997
34	10	2	45.012	165.10399999999987
34	11	2	84.87704918032783	5.1229508196721305
34	12	2	85.01200000000003	45.040000000000006
34	13	2	84.952	84.93999999999998
34	14	2	85.01600000000005	125.156
34	15	2	85.52479338842977	165.68595041322322
34	16	2	124.69999999999996	5.000000000000002
34	17	2	124.89200000000002	45.06400000000003
34	18	2	125.03599999999999	84.83200000000001
34	19	2	125.13199999999999	124.59600000000003
34	20	2	125.25714285714291	165.51428571428562
34	21	2	165.03599999999994	5.088
34	22	2	164.97999999999996	45.10399999999999
34	23	2	164.87999999999994	85.09200000000003
34	24	2	164.99999999999994	124.99999999999997
34	25	2	164.90400000000002	164.86799999999994
34	26	1	22.574850299401177	120.81437125748505
34	27	1	68.64342629482063	182.31474103585643
34	28	1	109.82470119521906	174.38446215139447
34	29	1	18.332669322709176	97.33665338645426
34	30	1	32.8406374501992	74.56972111553786
34	31	1	30.631474103585646	58.98406374501991
34	32	1	137.0379241516965	60.033932135728506
34	33	1	75.40637450199192	155.64342629482059
34	34	1	92.95418326693232	192.45019920318725
34	35	1	185.17928286852592	155.46812749003988
34	36	1	120.01593625498012	138.38446215139456
34	37	1	92.33067729083668	100.70517928286851
34	38	1	141.7908366533866	4.422310756972114
34	39	1	152.48502994011986	174.79840319361276
34	40	1	142.40319361277454	152.19161676646715
34	41	1	95.7629482071713	168.18326693227098
34	42	1	70.1277445109781	21.30738522954091
34	43	1	65.5179282868526	87.65139442231073
34	44	1	182.92015968063856	94.83832335329345
34	45	1	109.0498007968128	147.69322709163347
35	1	2	4.959999999999995	4.979999999999998
35	2	2	4.944	45.03600000000001
35	3	2	4.877049180327865	84.87704918032787
35	4	2	4.877049180327865	125.1229508196721
35	5	2	5.036000000000001	164.9400000000001
35	6	2	45.027999999999984	4.912000000000001
35	7	2	45.00000000000003	45.00000000000002
35	8	2	45.132	85.40399999999994
35	9	2	45.00000000000003	124.99999999999997
35	10	2	45.012	165.10399999999987
35	11	2	84.87704918032783	5.1229508196721305
35	12	2	85.01200000000003	45.040000000000006
35	13	2	84.952	84.93999999999998
35	14	2	85.01600000000005	125.156
35	15	2	85.52479338842977	165.68595041322322
35	16	2	124.69999999999996	5.000000000000002
35	17	2	124.89200000000002	45.06400000000003
35	18	2	125.03599999999999	84.83200000000001
35	19	2	125.13199999999999	124.59600000000003
35	20	2	125.25714285714291	165.51428571428562
35	21	2	165.03599999999994	5.088
35	22	2	164.97999999999996	45.10399999999999
35	23	2	164.87999999999994	85.09200000000003
35	24	2	164.99999999999994	124.99999999999997
35	25	2	164.90400000000002	164.86799999999994
35	26	1	22.554890219560857	120.85628742514973
35	27	1	68.70259481037922	182.26746506986026
35	28	1	109.85458167330687	174.40836653386464
35	29	1	18.341317365269457	97.36127744510983
35	30	1	32.84661354581676	74.56573705179275
35	31	1	30.667330677290842	58.98406374501992
35	32	1	137.02191235059757	59.954183266932255
35	33	1	75.45129224652095	155.58250497017897
35	34	1	92.95418326693232	192.45019920318725
35	35	1	185.17729083665336	155.4880478087648
35	36	1	120.14741035856574	138.42231075697228
35	37	1	92.31474103585667	100.57569721115536
35	38	1	141.75648702594816	4.399201596806388
35	39	1	152.44710578842324	174.80239520958085
35	40	1	142.4331337325351	152.21956087824347
35	41	1	95.78087649402389	168.2290836653387
35	42	1	70.12948207171321	21.386454183266913
35	43	1	65.41235059760956	87.64541832669322
35	44	1	182.8702594810379	94.84231536926153
35	45	1	109.05378486055774	147.70517928286853
36	1	2	4.959999999999995	4.979999999999998
36	2	2	4.944	45.03600000000001
36	3	2	4.877049180327865	84.87704918032787
36	4	2	4.877049180327865	125.1229508196721
36	5	2	5.036000000000001	164.9400000000001
36	6	2	45.027999999999984	4.912000000000001
36	7	2	45.00000000000003	45.00000000000002
36	8	2	45.132	85.40399999999994
36	9	2	45.00000000000003	124.99999999999997
36	10	2	45.012	165.10399999999987
36	11	2	84.87704918032783	5.1229508196721305
36	12	2	85.01200000000003	45.040000000000006
36	13	2	84.952	84.93999999999998
36	14	2	85.01600000000005	125.156
36	15	2	85.52479338842977	165.68595041322322
36	16	2	124.69999999999996	5.000000000000002
36	17	2	124.89200000000002	45.06400000000003
36	18	2	125.03599999999999	84.83200000000001
36	19	2	125.13199999999999	124.59600000000003
36	20	2	125.25714285714291	165.51428571428562
36	21	2	165.03599999999994	5.088
36	22	2	164.97999999999996	45.10399999999999
36	23	2	164.87999999999994	85.09200000000003
36	24	2	164.99999999999994	124.99999999999997
36	25	2	164.90400000000002	164.86799999999994
36	26	1	22.63346613545815	120.91633466135455
36	27	1	68.69920318725102	182.15537848605595
36	28	1	109.7649402390439	174.4462151394422
36	29	1	18.28486055776894	97.42629482071713
36	30	1	32.872509960159356	74.5139442231076
36	31	1	30.519920318725102	58.9760956175299
36	32	1	137.05776892430274	60.02788844621518
36	33	1	75.44910179640718	155.53892215568897
36	34	1	92.95219123505976	192.50398406374492
36	35	1	185.08764940239033	155.60557768924303
36	36	1	120.21115537848604	138.43027888446213
36	37	1	92.22155688622753	100.54690618762473
36	38	1	141.764940239044	4.356573705179282
36	39	1	152.41633466135454	174.9442231075697
36	40	1	142.49203187250984	152.3745019920321
36	41	1	95.78243512974052	168.16966067864288
36	42	1	70.11155378486056	21.312749003984045
36	43	1	65.36653386454186	87.69721115537858
36	44	1	182.77290836653384	94.8585657370517
36	45	1	109.04581673306777	147.72310756972118
37	1	2	4.959999999999995	4.979999999999998
37	2	2	4.944	45.03600000000001
37	3	2	4.877049180327865	84.87704918032787
37	4	2	4.877049180327865	125.1229508196721
37	5	2	5.036000000000001	164.9400000000001
37	6	2	45.027999999999984	4.912000000000001
37	7	2	45.00000000000003	45.00000000000002
37	8	2	45.132	85.40399999999994
37	9	2	45.00000000000003	124.99999999999997
37	10	2	45.012	165.10399999999987
37	11	2	84.87704918032783	5.1229508196721305
37	12	2	85.01200000000003	45.040000000000006
37	13	2	84.952	84.93999999999998
37	14	2	85.01600000000005	125.156
37	15	2	85.52479338842977	165.68595041322322
37	16	2	124.69999999999996	5.000000000000002
37	17	2	124.89200000000002	45.06400000000003
37	18	2	125.03599999999999	84.83200000000001
37	19	2	125.13199999999999	124.59600000000003
37	20	2	125.25714285714291	165.51428571428562
37	21	2	165.03599999999994	5.088
37	22	2	164.97999999999996	45.10399999999999
37	23	2	164.87999999999994	85.09200000000003
37	24	2	164.99999999999994	124.99999999999997
37	25	2	164.90400000000002	164.86799999999994
37	26	1	22.602794411177676	121.02395209580835
37	27	1	68.72709163346615	182.18127490039842
37	28	1	109.78685258964138	174.4820717131473
37	29	1	18.29482071713149	97.45418326693223
37	30	1	32.88622754491016	74.5189620758483
37	31	1	30.62674650698601	58.91816367265471
37	32	1	137.04391217564873	60.01796407185633
37	33	1	75.48007968127492	155.44422310756977
37	34	1	92.92828685258966	192.50996015936258
37	35	1	185.07768924302783	155.68725099601588
37	36	1	120.2589641434263	138.4860557768924
37	37	1	92.20558882235524	100.59481037924158
37	38	1	141.78286852589656	4.350597609561755
37	39	1	152.4581673306773	174.9322709163347
37	40	1	142.54780876494016	152.3944223107569
37	41	1	95.75498007968122	168.2191235059761
37	42	1	70.07370517928281	21.280876494023907
37	43	1	65.45816733067733	87.68525896414342
37	44	1	182.83067729083672	94.88247011952193
37	45	1	109.04790419161672	147.78842315369266
38	1	2	4.959999999999995	4.979999999999998
38	2	2	4.944	45.03600000000001
38	3	2	4.877049180327865	84.87704918032787
38	4	2	4.877049180327865	125.1229508196721
38	5	2	5.036000000000001	164.9400000000001
38	6	2	45.027999999999984	4.912000000000001
38	7	2	45.00000000000003	45.00000000000002
38	8	2	45.132	85.40399999999994
38	9	2	45.00000000000003	124.99999999999997
38	10	2	45.012	165.10399999999987
38	11	2	84.87704918032783	5.1229508196721305
38	12	2	85.01200000000003	45.040000000000006
38	13	2	84.952	84.93999999999998
38	14	2	85.01600000000005	125.156
38	15	2	85.52479338842977	165.68595041322322
38	16	2	124.69999999999996	5.000000000000002
38	17	2	124.89200000000002	45.06400000000003
38	18	2	125.03599999999999	84.83200000000001
38	19	2	125.13199999999999	124.59600000000003
38	20	2	125.25714285714291	165.51428571428562
38	21	2	165.03599999999994	5.088
38	22	2	164.97999999999996	45.10399999999999
38	23	2	164.87999999999994	85.09200000000003
38	24	2	164.99999999999994	124.99999999999997
38	25	2	164.90400000000002	164.86799999999994
38	26	1	22.54690618762477	120.93213572854295
38	27	1	68.67729083665327	182.06374501992047
38	28	1	109.75099601593621	174.49402390438257
38	29	1	18.35856573705179	97.3844621513944
38	30	1	32.84462151394421	74.44223107569726
38	31	1	30.70517928286854	58.88446215139439
38	32	1	137.0458167330678	59.96015936254979
38	33	1	75.47410358565737	155.43625498007953
38	34	1	92.84031936127752	192.4550898203592
38	35	1	185.06772908366537	155.70318725099585
38	36	1	120.39840637450195	138.53187250996012
38	37	1	92.2250996015937	100.62151394422314
38	38	1	141.73904382470144	4.308764940239045
38	39	1	152.47410358565742	174.94223107569712
38	40	1	142.60756972111557	152.4800796812751
38	41	1	95.75498007968122	168.2191235059761
38	42	1	70.10557768924308	21.209163346613536
38	43	1	65.36852589641438	87.7171314741036
38	44	1	182.77490039840652	94.9561752988048
38	45	1	109.01195219123494	147.77290836653393
39	1	2	4.959999999999995	4.979999999999998
39	2	2	4.944	45.03600000000001
39	3	2	4.877049180327865	84.87704918032787
39	4	2	4.877049180327865	125.1229508196721
39	5	2	5.036000000000001	164.9400000000001
39	6	2	45.027999999999984	4.912000000000001
39	7	2	45.00000000000003	45.00000000000002
39	8	2	45.132	85.40399999999994
39	9	2	45.00000000000003	124.99999999999997
39	10	2	45.012	165.10399999999987
39	11	2	84.87704918032783	5.1229508196721305
39	12	2	85.01200000000003	45.040000000000006
39	13	2	84.952	84.93999999999998
39	14	2	85.01600000000005	125.156
39	15	2	85.52479338842977	165.68595041322322
39	16	2	124.69999999999996	5.000000000000002
39	17	2	124.89200000000002	45.06400000000003
39	18	2	125.03599999999999	84.83200000000001
39	19	2	125.13199999999999	124.59600000000003
39	20	2	125.25714285714291	165.51428571428562
39	21	2	165.03599999999994	5.088
39	22	2	164.97999999999996	45.10399999999999
39	23	2	164.87999999999994	85.09200000000003
39	24	2	164.99999999999994	124.99999999999997
39	25	2	164.90400000000002	164.86799999999994
39	26	1	22.486055776892442	121.03984063745031
39	27	1	68.69721115537845	182.11952191235056
39	28	1	109.65868263473052	174.40918163672671
39	29	1	18.420318725099595	97.37450199203187
39	30	1	32.8183632734531	74.44910179640718
39	31	1	30.870259481037913	58.89221556886229
39	32	1	136.93213572854296	60.09980039920159
39	33	1	75.36055776892432	155.49999999999977
39	34	1	92.94223107569721	192.4561752988046
39	35	1	184.93027888446224	155.7430278884462
39	36	1	120.51593625498008	138.5438247011954
39	37	1	92.22111553784866	100.55976095617535
39	38	1	141.69123505976103	4.181274900398406
39	39	1	152.54382470119535	174.99203187251
39	40	1	142.66533864541822	152.59960159362552
39	41	1	95.70318725099602	168.1374501992031
39	42	1	70.08982035928149	21.16566866267464
39	43	1	65.3107569721115	87.88446215139447
39	44	1	182.73253493013985	95.01996007984035
39	45	1	109.0398406374502	147.78884462151404
40	1	2	4.959999999999995	4.979999999999998
40	2	2	4.944	45.03600000000001
40	3	2	4.877049180327865	84.87704918032787
40	4	2	4.877049180327865	125.1229508196721
40	5	2	5.036000000000001	164.9400000000001
40	6	2	45.027999999999984	4.912000000000001
40	7	2	45.00000000000003	45.00000000000002
40	8	2	45.132	85.40399999999994
40	9	2	45.00000000000003	124.99999999999997
40	10	2	45.012	165.10399999999987
40	11	2	84.87704918032783	5.1229508196721305
40	12	2	85.01200000000003	45.040000000000006
40	13	2	84.952	84.93999999999998
40	14	2	85.01600000000005	125.156
40	15	2	85.52479338842977	165.68595041322322
40	16	2	124.69999999999996	5.000000000000002
40	17	2	124.89200000000002	45.06400000000003
40	18	2	125.03599999999999	84.83200000000001
40	19	2	125.13199999999999	124.59600000000003
40	20	2	125.25714285714291	165.51428571428562
40	21	2	165.03599999999994	5.088
40	22	2	164.97999999999996	45.10399999999999
40	23	2	164.87999999999994	85.09200000000003
40	24	2	164.99999999999994	124.99999999999997
40	25	2	164.90400000000002	164.86799999999994
40	26	1	22.500000000000007	120.94223107569722
40	27	1	68.7205588822355	182.20359281437115
40	28	1	109.6752988047809	174.31075697211162
40	29	1	18.46812749003984	97.35657370517914
40	30	1	32.8107569721116	74.39840637450206
40	31	1	30.786427145708583	58.86826347305386
40	32	1	137.00996015936258	60.045816733067745
40	33	1	75.23306772908359	155.63147410358562
40	34	1	92.90239043824701	192.47609561752992
40	35	1	184.9820717131475	155.85458167330685
40	36	1	120.50996015936252	138.51394422310742
40	37	1	92.25149700598797	100.53892215568858
40	38	1	141.65139442231077	4.1633466135458175
40	39	1	152.54581673306785	174.988047808765
40	40	1	142.64940239043815	152.56374501992016
40	41	1	95.72055888223555	168.20359281437115
40	42	1	70.1494023904382	21.145418326693225
40	43	1	65.26095617529872	87.86254980079681
40	44	1	182.64143426294822	95.02390438247018
40	45	1	108.99402390438244	147.75298804780874
41	1	2	4.959999999999995	4.979999999999998
41	2	2	4.944	45.03600000000001
41	3	2	4.877049180327865	84.87704918032787
41	4	2	4.877049180327865	125.1229508196721
41	5	2	5.036000000000001	164.9400000000001
41	6	2	45.027999999999984	4.912000000000001
41	7	2	45.00000000000003	45.00000000000002
41	8	2	45.132	85.40399999999994
41	9	2	45.00000000000003	124.99999999999997
41	10	2	45.012	165.10399999999987
41	11	2	84.87704918032783	5.1229508196721305
41	12	2	85.01200000000003	45.040000000000006
41	13	2	84.952	84.93999999999998
41	14	2	85.01600000000005	125.156
41	15	2	85.52479338842977	165.68595041322322
41	16	2	124.69999999999996	5.000000000000002
41	17	2	124.89200000000002	45.06400000000003
41	18	2	125.03599999999999	84.83200000000001
41	19	2	125.13199999999999	124.59600000000003
41	20	2	125.25714285714291	165.51428571428562
41	21	2	165.03599999999994	5.088
41	22	2	164.97999999999996	45.10399999999999
41	23	2	164.87999999999994	85.09200000000003
41	24	2	164.99999999999994	124.99999999999997
41	25	2	164.90400000000002	164.86799999999994
41	26	1	22.39321357285428	120.8982035928144
41	27	1	68.68725099601596	182.18924302788847
41	28	1	109.6806387225549	174.34530938123746
41	29	1	18.509960159362553	97.28087649402389
41	30	1	32.792415169660686	74.43712574850301
41	31	1	30.87025948103793	58.884231536926094
41	32	1	137.10778443113787	59.96606786427148
41	33	1	75.26347305389218	155.6327345309382
41	34	1	92.8406374501992	192.4661354581674
41	35	1	185.0159680638722	155.95009980039939
41	36	1	120.67928286852586	138.57569721115547
41	37	1	92.2649402390439	100.5478087649403
41	38	1	141.75896414342628	4.1414342629482075
41	39	1	152.67664670658692	175.00199600798393
41	40	1	142.70717131474103	152.65737051792829
41	41	1	95.72111553784859	168.24900398406376
41	42	1	70.19123505976093	21.171314741035847
41	43	1	65.30339321357287	87.84431137724548
41	44	1	182.61876247505018	95.0139720558881
41	45	1	109.09163346613553	147.75498007968142
42	1	2	4.959999999999995	4.979999999999998
42	2	2	4.944	45.03600000000001
42	3	2	4.877049180327865	84.87704918032787
42	4	2	4.877049180327865	125.1229508196721
42	5	2	5.036000000000001	164.9400000000001
42	6	2	45.027999999999984	4.912000000000001
42	7	2	45.00000000000003	45.00000000000002
42	8	2	45.132	85.40399999999994
42	9	2	45.00000000000003	124.99999999999997
42	10	2	45.012	165.10399999999987
42	11	2	84.87704918032783	5.1229508196721305
42	12	2	85.01200000000003	45.040000000000006
42	13	2	84.952	84.93999999999998
42	14	2	85.01600000000005	125.156
42	15	2	85.52479338842977	165.68595041322322
42	16	2	124.69999999999996	5.000000000000002
42	17	2	124.89200000000002	45.06400000000003
42	18	2	125.03599999999999	84.83200000000001
42	19	2	125.13199999999999	124.59600000000003
42	20	2	125.25714285714291	165.51428571428562
42	21	2	165.03599999999994	5.088
42	22	2	164.97999999999996	45.10399999999999
42	23	2	164.87999999999994	85.09200000000003
42	24	2	164.99999999999994	124.99999999999997
42	25	2	164.90400000000002	164.86799999999994
42	26	1	22.42315369261479	120.9960079840319
42	27	1	68.66932270916331	182.1334661354581
42	28	1	109.71115537848604	174.19721115537857
42	29	1	18.440239043824683	97.3067729083664
42	30	1	32.78443113772456	74.4750499001996
42	31	1	30.89021956087824	58.900199600798395
42	32	1	137.1892430278887	59.902390438246975
42	33	1	75.28942115768464	155.55489021956106
42	34	1	92.84830339321353	192.43313373253503
42	35	1	185.101593625498	155.93426294820733
42	36	1	120.7784431137725	138.62674650698614
42	37	1	92.3207171314742	100.59760956175305
42	38	1	141.7310756972112	4.167330677290835
42	39	1	152.622754491018	175.04790419161662
42	40	1	142.76494023904394	152.6733067729085
42	41	1	95.67131474103584	168.44621513944213
42	42	1	70.31673306772907	21.300796812749027
42	43	1	65.25896414342627	87.91035856573706
42	44	1	182.52191235059755	95.02390438247
42	45	1	109.04581673306762	147.70916334661365
43	1	2	4.959999999999995	4.979999999999998
43	2	2	4.944	45.03600000000001
43	3	2	4.877049180327865	84.87704918032787
43	4	2	4.877049180327865	125.1229508196721
43	5	2	5.036000000000001	164.9400000000001
43	6	2	45.027999999999984	4.912000000000001
43	7	2	45.00000000000003	45.00000000000002
43	8	2	45.132	85.40399999999994
43	9	2	45.00000000000003	124.99999999999997
43	10	2	45.012	165.10399999999987
43	11	2	84.87704918032783	5.1229508196721305
43	12	2	85.01200000000003	45.040000000000006
43	13	2	84.952	84.93999999999998
43	14	2	85.01600000000005	125.156
43	15	2	85.52479338842977	165.68595041322322
43	16	2	124.69999999999996	5.000000000000002
43	17	2	124.89200000000002	45.06400000000003
43	18	2	125.03599999999999	84.83200000000001
43	19	2	125.13199999999999	124.59600000000003
43	20	2	125.25714285714291	165.51428571428562
43	21	2	165.03599999999994	5.088
43	22	2	164.97999999999996	45.10399999999999
43	23	2	164.87999999999994	85.09200000000003
43	24	2	164.99999999999994	124.99999999999997
43	25	2	164.90400000000002	164.86799999999994
43	26	1	22.423153692614775	120.90419161676638
43	27	1	68.63944223107573	182.12151394422312
43	28	1	109.72654690618772	174.19760479041912
43	29	1	18.432270916334655	97.35258964143426
43	30	1	32.698602794411165	74.4311377245509
43	31	1	30.958083832335337	58.876247504990026
43	32	1	137.16334661354588	59.82868525896414
43	33	1	75.26294820717132	155.60159362549794
43	34	1	92.71513944223109	192.37250996015928
43	35	1	185.09163346613545	155.98804780876497
43	36	1	120.83000000000004	138.57800000000003
43	37	1	92.27744510978034	100.59081836327343
43	38	1	141.69322709163347	4.187250996015937
43	39	1	152.55489021956083	174.95009980039922
43	40	1	142.72854291417147	152.75648702594825
43	41	1	95.7131474103586	168.36254980079678
43	42	1	70.32071713147408	21.24501992031874
43	43	1	65.28742514970054	87.81037924151693
43	44	1	182.59163346613542	95.13346613545814
43	45	1	109.0577689243029	147.70517928286844
44	1	2	4.959999999999995	4.979999999999998
44	2	2	4.944	45.03600000000001
44	3	2	4.877049180327865	84.87704918032787
44	4	2	4.877049180327865	125.1229508196721
44	5	2	5.036000000000001	164.9400000000001
44	6	2	45.027999999999984	4.912000000000001
44	7	2	45.00000000000003	45.00000000000002
44	8	2	45.132	85.40399999999994
44	9	2	45.00000000000003	124.99999999999997
44	10	2	45.012	165.10399999999987
44	11	2	84.87704918032783	5.1229508196721305
44	12	2	85.01200000000003	45.040000000000006
44	13	2	84.952	84.93999999999998
44	14	2	85.01600000000005	125.156
44	15	2	85.52479338842977	165.68595041322322
44	16	2	124.69999999999996	5.000000000000002
44	17	2	124.89200000000002	45.06400000000003
44	18	2	125.03599999999999	84.83200000000001
44	19	2	125.13199999999999	124.59600000000003
44	20	2	125.25714285714291	165.51428571428562
44	21	2	165.03599999999994	5.088
44	22	2	164.97999999999996	45.10399999999999
44	23	2	164.87999999999994	85.09200000000003
44	24	2	164.99999999999994	124.99999999999997
44	25	2	164.90400000000002	164.86799999999994
44	26	1	22.369781312127234	120.7952286282306
44	27	1	68.66334661354581	182.11952191235054
44	28	1	109.73107569721115	174.23107569721105
44	29	1	18.43027888446212	97.39043824701196
44	30	1	32.76047904191619	74.42514970059878
44	31	1	31.019920318725095	58.80478087649399
44	32	1	137.17330677290832	59.884462151394416
44	33	1	75.2768924302788	155.55179282868528
44	34	1	92.65338645418338	192.3685258964142
44	35	1	185.04980079681275	156.09362549800795
44	36	1	121.05577689243026	138.68725099601585
44	37	1	92.3545816733068	100.52191235059759
44	38	1	141.6553784860558	4.2310756972112245
44	39	1	152.48007968127504	174.98406374501985
44	40	1	142.79681274900386	152.8306772908367
44	41	1	95.70517928286854	168.35258964143424
44	42	1	70.46107784431136	21.315369261477052
44	43	1	65.28942115768457	87.74650698602797
44	44	1	182.53585657370516	95.12151394422304
44	45	1	108.9641434262948	147.64741035856588
45	1	2	4.959999999999995	4.979999999999998
45	2	2	4.944	45.03600000000001
45	3	2	4.877049180327865	84.87704918032787
45	4	2	4.877049180327865	125.1229508196721
45	5	2	5.036000000000001	164.9400000000001
45	6	2	45.027999999999984	4.912000000000001
45	7	2	45.00000000000003	45.00000000000002
45	8	2	45.132	85.40399999999994
45	9	2	45.00000000000003	124.99999999999997
45	10	2	45.012	165.10399999999987
45	11	2	84.87704918032783	5.1229508196721305
45	12	2	85.01200000000003	45.040000000000006
45	13	2	84.952	84.93999999999998
45	14	2	85.01600000000005	125.156
45	15	2	85.52479338842977	165.68595041322322
45	16	2	124.69999999999996	5.000000000000002
45	17	2	124.89200000000002	45.06400000000003
45	18	2	125.03599999999999	84.83200000000001
45	19	2	125.13199999999999	124.59600000000003
45	20	2	125.25714285714291	165.51428571428562
45	21	2	165.03599999999994	5.088
45	22	2	164.97999999999996	45.10399999999999
45	23	2	164.87999999999994	85.09200000000003
45	24	2	164.99999999999994	124.99999999999997
45	25	2	164.90400000000002	164.86799999999994
45	26	1	22.29482071713148	120.68326693227087
45	27	1	68.69322709163343	182.1832669322711
45	28	1	109.69322709163346	174.27689243027902
45	29	1	18.398406374502006	97.47609561752986
45	30	1	32.840319361277466	74.47904191616757
45	31	1	31.09760956175301	58.76494023904384
45	32	1	137.15936254980076	59.79282868525895
45	33	1	75.32335329341322	155.61077844311365
45	34	1	92.58764940239047	192.3864541832668
45	35	1	184.99601593625496	156.15537848605567
45	36	1	121.10557768924305	138.67729083665336
45	37	1	92.28685258964141	100.48007968127493
45	38	1	141.57285429141712	4.241516966067877
45	39	1	152.4850299401199	174.95608782435139
45	40	1	142.86626746506988	152.96007984031934
45	41	1	95.7370517928287	168.3525896414343
45	42	1	70.42231075697205	21.328685258964157
45	43	1	65.28286852589638	87.72908366533864
45	44	1	182.6175298804781	95.17131474103587
45	45	1	109.02191235059759	147.6195219123505
46	1	2	4.959999999999995	4.979999999999998
46	2	2	4.944	45.03600000000001
46	3	2	4.877049180327865	84.87704918032787
46	4	2	4.877049180327865	125.1229508196721
46	5	2	5.036000000000001	164.9400000000001
46	6	2	45.027999999999984	4.912000000000001
46	7	2	45.00000000000003	45.00000000000002
46	8	2	45.132	85.40399999999994
46	9	2	45.00000000000003	124.99999999999997
46	10	2	45.012	165.10399999999987
46	11	2	84.87704918032783	5.1229508196721305
46	12	2	85.01200000000003	45.040000000000006
46	13	2	84.952	84.93999999999998
46	14	2	85.01600000000005	125.156
46	15	2	85.52479338842977	165.68595041322322
46	16	2	124.69999999999996	5.000000000000002
46	17	2	124.89200000000002	45.06400000000003
46	18	2	125.03599999999999	84.83200000000001
46	19	2	125.13199999999999	124.59600000000003
46	20	2	125.25714285714291	165.51428571428562
46	21	2	165.03599999999994	5.088
46	22	2	164.97999999999996	45.10399999999999
46	23	2	164.87999999999994	85.09200000000003
46	24	2	164.99999999999994	124.99999999999997
46	25	2	164.90400000000002	164.86799999999994
46	26	1	22.311377245508986	120.67065868263467
46	27	1	68.73705179282857	182.16733067729078
46	28	1	109.70377733598407	174.2365805168986
46	29	1	18.35856573705179	97.44223107569717
46	30	1	32.722554890219584	74.45708582834334
46	31	1	31.089641434262962	58.776892430278885
46	32	1	137.21713147410355	59.735059760956176
46	33	1	75.27944111776452	155.70459081836333
46	34	1	92.55976095617528	192.39043824701204
46	35	1	184.8882235528942	156.29940119760508
46	36	1	121.21556886227546	138.73852295409188
46	37	1	92.32071713147413	100.39442231075694
46	38	1	141.49900199600813	4.329341317365504
46	39	1	152.41317365269452	174.91816367265446
46	40	1	142.92828685258985	152.99003984063734
46	41	1	95.77844311377247	168.35528942115758
46	42	1	70.49500998004	21.425149700598816
46	43	1	65.30738522954088	87.68263473053894
46	44	1	182.55888223552898	95.26147704590812
46	45	1	109.0278884462152	147.589641434263
47	1	2	4.959999999999995	4.979999999999998
47	2	2	4.944	45.03600000000001
47	3	2	4.877049180327865	84.87704918032787
47	4	2	4.877049180327865	125.1229508196721
47	5	2	5.036000000000001	164.9400000000001
47	6	2	45.027999999999984	4.912000000000001
47	7	2	45.00000000000003	45.00000000000002
47	8	2	45.132	85.40399999999994
47	9	2	45.00000000000003	124.99999999999997
47	10	2	45.012	165.10399999999987
47	11	2	84.87704918032783	5.1229508196721305
47	12	2	85.01200000000003	45.040000000000006
47	13	2	84.952	84.93999999999998
47	14	2	85.01600000000005	125.156
47	15	2	85.52479338842977	165.68595041322322
47	16	2	124.69999999999996	5.000000000000002
47	17	2	124.89200000000002	45.06400000000003
47	18	2	125.03599999999999	84.83200000000001
47	19	2	125.13199999999999	124.59600000000003
47	20	2	125.25714285714291	165.51428571428562
47	21	2	165.03599999999994	5.088
47	22	2	164.97999999999996	45.10399999999999
47	23	2	164.87999999999994	85.09200000000003
47	24	2	164.99999999999994	124.99999999999997
47	25	2	164.90400000000002	164.86799999999994
47	26	1	22.272908366533844	120.5796812749004
47	27	1	68.78884462151399	182.13944223107558
47	28	1	109.68063872255487	174.17964071856287
47	29	1	18.257485029940124	97.48702594810378
47	30	1	32.6175298804781	74.52390438247016
47	31	1	31.12175648702594	58.748502994012
47	32	1	137.2235528942117	59.75049900199601
47	33	1	75.25800000000005	155.74200000000025
47	34	1	92.52095808383231	192.38922155688633
47	35	1	184.91633466135457	156.37051792828706
47	36	1	121.22509960159366	138.73904382470107
47	37	1	92.39243027888449	100.31075697211143
47	38	1	141.57285429141726	4.383233532934133
47	39	1	152.40239043824675	174.9860557768924
47	40	1	142.9402390438248	153.0756972111553
47	41	1	95.79441117764462	168.30538922155665
47	42	1	70.45219123505969	21.29880478087648
47	43	1	65.27345309381236	87.69261477045906
47	44	1	182.5039840637451	95.2250996015937
47	45	1	109.0478087649403	147.57569721115541
48	1	2	4.959999999999995	4.979999999999998
48	2	2	4.944	45.03600000000001
48	3	2	4.877049180327865	84.87704918032787
48	4	2	4.877049180327865	125.1229508196721
48	5	2	5.036000000000001	164.9400000000001
48	6	2	45.027999999999984	4.912000000000001
48	7	2	45.00000000000003	45.00000000000002
48	8	2	45.132	85.40399999999994
48	9	2	45.00000000000003	124.99999999999997
48	10	2	45.012	165.10399999999987
48	11	2	84.87704918032783	5.1229508196721305
48	12	2	85.01200000000003	45.040000000000006
48	13	2	84.952	84.93999999999998
48	14	2	85.01600000000005	125.156
48	15	2	85.52479338842977	165.68595041322322
48	16	2	124.69999999999996	5.000000000000002
48	17	2	124.89200000000002	45.06400000000003
48	18	2	125.03599999999999	84.83200000000001
48	19	2	125.13199999999999	124.59600000000003
48	20	2	125.25714285714291	165.51428571428562
48	21	2	165.03599999999994	5.088
48	22	2	164.97999999999996	45.10399999999999
48	23	2	164.87999999999994	85.09200000000003
48	24	2	164.99999999999994	124.99999999999997
48	25	2	164.90400000000002	164.86799999999994
48	26	1	22.21314741035856	120.51992031872517
48	27	1	68.74051896207577	182.121756487026
48	28	1	109.6946107784432	174.18363273453113
48	29	1	18.217131474103603	97.43824701195226
48	30	1	32.74051896207585	74.58283433133734
48	31	1	31.089641434262944	58.74302788844622
48	32	1	137.21912350597597	59.90239043824702
48	33	1	75.31736526946108	155.69261477045916
48	34	1	92.4442231075697	192.36055776892417
48	35	1	184.75697211155378	156.2908366533867
48	36	1	121.25697211155385	138.7310756972112
48	37	1	92.34730538922159	100.29341317365262
48	38	1	141.51696606786413	4.421157684630739
48	39	1	152.3632734530936	174.97205588822348
48	40	1	143.01195219123517	153.08366533864543
48	41	1	95.85458167330674	168.32270916334653
48	42	1	70.32734530938134	21.239520958083816
48	43	1	65.23705179282868	87.80677290836647
48	44	1	182.5309381237523	95.22355289421156
48	45	1	109.18562874251509	147.58682634730522
49	1	2	4.959999999999995	4.979999999999998
49	2	2	4.944	45.03600000000001
49	3	2	4.877049180327865	84.87704918032787
49	4	2	4.877049180327865	125.1229508196721
49	5	2	5.036000000000001	164.9400000000001
49	6	2	45.027999999999984	4.912000000000001
49	7	2	45.00000000000003	45.00000000000002
49	8	2	45.132	85.40399999999994
49	9	2	45.00000000000003	124.99999999999997
49	10	2	45.012	165.10399999999987
49	11	2	84.87704918032783	5.1229508196721305
49	12	2	85.01200000000003	45.040000000000006
49	13	2	84.952	84.93999999999998
49	14	2	85.01600000000005	125.156
49	15	2	85.52479338842977	165.68595041322322
49	16	2	124.69999999999996	5.000000000000002
49	17	2	124.89200000000002	45.06400000000003
49	18	2	125.03599999999999	84.83200000000001
49	19	2	125.13199999999999	124.59600000000003
49	20	2	125.25714285714291	165.51428571428562
49	21	2	165.03599999999994	5.088
49	22	2	164.97999999999996	45.10399999999999
49	23	2	164.87999999999994	85.09200000000003
49	24	2	164.99999999999994	124.99999999999997
49	25	2	164.90400000000002	164.86799999999994
49	26	1	22.123752495009978	120.45708582834325
49	27	1	68.68725099601592	182.2031872509962
49	28	1	109.64741035856576	174.04780876494019
49	29	1	18.30738522954092	97.44311377245504
49	30	1	32.73852295409182	74.57884231536926
49	31	1	31.15568862275449	58.692614770459066
49	32	1	137.23153692614764	59.73253493013967
49	33	1	75.28143712574844	155.75249500998024
49	34	1	92.39641434262944	192.27490039840637
49	35	1	184.7624750499002	156.47904191616763
49	36	1	121.28884462151399	138.68127490039825
49	37	1	92.3964143426295	100.21513944223116
49	38	1	141.43600000000004	4.506000000000001
49	39	1	152.45816733067738	174.99402390438232
49	40	1	143.0039920159679	153.08383233532933
49	41	1	95.81274900398414	168.28685258964123
49	42	1	70.32470119521913	21.342629482071697
49	43	1	65.20517928286851	87.78486055776898
49	44	1	182.5378486055776	95.25298804780877
49	45	1	109.2375249500998	147.5389221556887
50	1	2	4.959999999999995	4.979999999999998
50	2	2	4.944	45.03600000000001
50	3	2	4.877049180327865	84.87704918032787
50	4	2	4.877049180327865	125.1229508196721
50	5	2	5.036000000000001	164.9400000000001
50	6	2	45.027999999999984	4.912000000000001
50	7	2	45.00000000000003	45.00000000000002
50	8	2	45.132	85.40399999999994
50	9	2	45.00000000000003	124.99999999999997
50	10	2	45.012	165.10399999999987
50	11	2	84.87704918032783	5.1229508196721305
50	12	2	85.01200000000003	45.040000000000006
50	13	2	84.952	84.93999999999998
50	14	2	85.01600000000005	125.156
50	15	2	85.52479338842977	165.68595041322322
50	16	2	124.69999999999996	5.000000000000002
50	17	2	124.89200000000002	45.06400000000003
50	18	2	125.03599999999999	84.83200000000001
50	19	2	125.13199999999999	124.59600000000003
50	20	2	125.25714285714291	165.51428571428562
50	21	2	165.03599999999994	5.088
50	22	2	164.97999999999996	45.10399999999999
50	23	2	164.87999999999994	85.09200000000003
50	24	2	164.99999999999994	124.99999999999997
50	25	2	164.90400000000002	164.86799999999994
50	26	1	22.113772455089812	120.40319361277444
50	27	1	68.68063872255486	182.26746506986024
50	28	1	109.55688622754491	174.00798403193625
50	29	1	18.4003984063745	97.35258964143422
50	30	1	32.752495009980045	74.54890219560886
50	31	1	31.252988047808746	58.69721115537848
50	32	1	137.27689243027893	59.69322709163348
50	33	1	75.26892430278888	155.82071713147417
50	34	1	92.4083665338645	192.2410358565738
50	35	1	184.73306772908364	156.53585657370533
50	36	1	121.4011976047904	138.74051896207587
50	37	1	92.38722554890214	100.24151696606788
50	38	1	141.4311377245509	4.485029940119754
50	39	1	152.52495009980055	175.07784431137722
50	40	1	143.0517928286853	153.19521912350604
50	41	1	95.81274900398408	168.24103585657366
50	42	1	70.27345309381246	21.36526946107784
50	43	1	65.23353293413174	87.79640718562878
50	44	1	182.589641434263	95.26693227091633
50	45	1	109.22355289421152	147.5069860279443
51	1	2	4.959999999999995	4.979999999999998
51	2	2	4.944	45.03600000000001
51	3	2	4.877049180327865	84.87704918032787
51	4	2	4.877049180327865	125.1229508196721
51	5	2	5.036000000000001	164.9400000000001
51	6	2	45.027999999999984	4.912000000000001
51	7	2	45.00000000000003	45.00000000000002
51	8	2	45.132	85.40399999999994
51	9	2	45.00000000000003	124.99999999999997
51	10	2	45.012	165.10399999999987
51	11	2	84.87704918032783	5.1229508196721305
51	12	2	85.01200000000003	45.040000000000006
51	13	2	84.952	84.93999999999998
51	14	2	85.01600000000005	125.156
51	15	2	85.52479338842977	165.68595041322322
51	16	2	124.69999999999996	5.000000000000002
51	17	2	124.89200000000002	45.06400000000003
51	18	2	125.03599999999999	84.83200000000001
51	19	2	125.13199999999999	124.59600000000003
51	20	2	125.25714285714291	165.51428571428562
51	21	2	165.03599999999994	5.088
51	22	2	164.97999999999996	45.10399999999999
51	23	2	164.87999999999994	85.09200000000003
51	24	2	164.99999999999994	124.99999999999997
51	25	2	164.90400000000002	164.86799999999994
51	26	1	22.0179282868526	120.3406374501992
51	27	1	68.72854291417163	182.315369261477
51	28	1	109.50000000000004	174.0099601593625
51	29	1	18.36327345309383	97.3832335329341
51	30	1	32.698602794411165	74.5469061876247
51	31	1	31.26546906187625	58.61676646706584
51	32	1	137.2908366533864	59.64541832669324
51	33	1	75.15768463073863	155.93612774451097
51	34	1	92.4083665338645	192.25298804780877
51	35	1	184.69461077844312	156.59680638722554
51	36	1	121.36926147704587	138.75848303393204
51	37	1	92.4302788844622	100.16334661354581
51	38	1	141.37924151696612	4.510978043912177
51	39	1	152.57684630738532	175.0938123752497
51	40	1	143.0019960079839	153.2415169660679
51	41	1	95.79241516966074	168.17964071856267
51	42	1	70.23952095808377	21.331337325349292
51	43	1	65.19322709163345	87.76892430278883
51	44	1	182.66467065868264	95.14770459081838
51	45	1	109.22554890219563	147.48702594810374
52	1	2	4.959999999999995	4.979999999999998
52	2	2	4.944	45.03600000000001
52	3	2	4.877049180327865	84.87704918032787
52	4	2	4.877049180327865	125.1229508196721
52	5	2	5.036000000000001	164.9400000000001
52	6	2	45.027999999999984	4.912000000000001
52	7	2	45.00000000000003	45.00000000000002
52	8	2	45.132	85.40399999999994
52	9	2	45.00000000000003	124.99999999999997
52	10	2	45.012	165.10399999999987
52	11	2	84.87704918032783	5.1229508196721305
52	12	2	85.01200000000003	45.040000000000006
52	13	2	84.952	84.93999999999998
52	14	2	85.01600000000005	125.156
52	15	2	85.52479338842977	165.68595041322322
52	16	2	124.69999999999996	5.000000000000002
52	17	2	124.89200000000002	45.06400000000003
52	18	2	125.03599999999999	84.83200000000001
52	19	2	125.13199999999999	124.59600000000003
52	20	2	125.25714285714291	165.51428571428562
52	21	2	165.03599999999994	5.088
52	22	2	164.97999999999996	45.10399999999999
52	23	2	164.87999999999994	85.09200000000003
52	24	2	164.99999999999994	124.99999999999997
52	25	2	164.90400000000002	164.86799999999994
52	26	1	21.920159680638715	120.3612774451098
52	27	1	68.81274900398404	182.33864541832656
52	28	1	109.49101796407183	173.95808383233552
52	29	1	18.416334661354572	97.45617529880484
52	30	1	32.68463073852292	74.55089820359288
52	31	1	31.308764940239048	58.573705179282854
52	32	1	137.3333333333334	59.67465069860281
52	33	1	75.1414342629482	155.8764940239043
52	34	1	92.41235059760952	192.25099601593627
52	35	1	184.65269461077844	156.71656686626756
52	36	1	121.45019920318725	138.85856573705198
52	37	1	92.42514970059878	100.07784431137726
52	38	1	141.34661354581664	4.509960159362549
52	39	1	152.5876494023905	175.01992031872496
52	40	1	143.04590818363263	153.29141716566846
52	41	1	95.81872509960152	168.21513944223108
52	42	1	70.28486055776901	21.243027888446218
52	43	1	65.18562874251492	87.79441117764465
52	44	1	182.6726546906186	95.18962075848309
52	45	1	109.08582834331337	147.40119760479055
53	1	2	4.959999999999995	4.979999999999998
53	2	2	4.944	45.03600000000001
53	3	2	4.877049180327865	84.87704918032787
53	4	2	4.877049180327865	125.1229508196721
53	5	2	5.036000000000001	164.9400000000001
53	6	2	45.027999999999984	4.912000000000001
53	7	2	45.00000000000003	45.00000000000002
53	8	2	45.132	85.40399999999994
53	9	2	45.00000000000003	124.99999999999997
53	10	2	45.012	165.10399999999987
53	11	2	84.87704918032783	5.1229508196721305
53	12	2	85.01200000000003	45.040000000000006
53	13	2	84.952	84.93999999999998
53	14	2	85.01600000000005	125.156
53	15	2	85.52479338842977	165.68595041322322
53	16	2	124.69999999999996	5.000000000000002
53	17	2	124.89200000000002	45.06400000000003
53	18	2	125.03599999999999	84.83200000000001
53	19	2	125.13199999999999	124.59600000000003
53	20	2	125.25714285714291	165.51428571428562
53	21	2	165.03599999999994	5.088
53	22	2	164.97999999999996	45.10399999999999
53	23	2	164.87999999999994	85.09200000000003
53	24	2	164.99999999999994	124.99999999999997
53	25	2	164.90400000000002	164.86799999999994
53	26	1	21.830339321357275	120.28942115768473
53	27	1	68.89840637450197	182.32470119521915
53	28	1	109.51992031872506	173.9262948207173
53	29	1	18.397205588822377	97.42714570858283
53	30	1	32.60358565737054	74.5597609561753
53	31	1	31.395209580838305	58.54491017964074
53	32	1	137.2375249500996	59.71656686626742
53	33	1	75.18163672654688	155.882235528942
53	34	1	92.37848605577692	192.23107569721105
53	35	1	184.5948103792415	156.8323353293414
53	36	1	121.5378486055777	138.89840637450206
53	37	1	92.497005988024	100.03792415169657
53	38	1	141.30079681274898	4.60358565737052
53	39	1	152.63672654690606	174.98403193612768
53	40	1	143.07984031936115	153.33532934131748
53	41	1	95.87025948103789	168.19960079840328
53	42	1	70.23353293413172	21.165668662674637
53	43	1	65.1533864541833	87.77490039840634
53	44	1	182.7171314741037	95.07968127490048
53	45	1	109.12151394422315	147.36852589641447
54	1	2	4.959999999999995	4.979999999999998
54	2	2	4.944	45.03600000000001
54	3	2	4.877049180327865	84.87704918032787
54	4	2	4.877049180327865	125.1229508196721
54	5	2	5.036000000000001	164.9400000000001
54	6	2	45.027999999999984	4.912000000000001
54	7	2	45.00000000000003	45.00000000000002
54	8	2	45.132	85.40399999999994
54	9	2	45.00000000000003	124.99999999999997
54	10	2	45.012	165.10399999999987
54	11	2	84.87704918032783	5.1229508196721305
54	12	2	85.01200000000003	45.040000000000006
54	13	2	84.952	84.93999999999998
54	14	2	85.01600000000005	125.156
54	15	2	85.52479338842977	165.68595041322322
54	16	2	124.69999999999996	5.000000000000002
54	17	2	124.89200000000002	45.06400000000003
54	18	2	125.03599999999999	84.83200000000001
54	19	2	125.13199999999999	124.59600000000003
54	20	2	125.25714285714291	165.51428571428562
54	21	2	165.03599999999994	5.088
54	22	2	164.97999999999996	45.10399999999999
54	23	2	164.87999999999994	85.09200000000003
54	24	2	164.99999999999994	124.99999999999997
54	25	2	164.90400000000002	164.86799999999994
54	26	1	21.712574850299415	120.32135728542922
54	27	1	68.93812375249502	182.40319361277443
54	28	1	109.49701789264415	173.91650099403566
54	29	1	18.410358565737056	97.43824701195214
54	30	1	32.499001996007976	74.57085828343321
54	31	1	31.38123752495011	58.52295409181632
54	32	1	137.24501992031884	59.808764940239
54	33	1	75.1397205588823	155.95808383233538
54	34	1	92.26892430278886	192.1872509960158
54	35	1	184.63473053892216	156.91217564870274
54	36	1	121.66666666666659	138.94810379241505
54	37	1	92.5209580838323	99.83233532934125
54	38	1	141.31673306772907	4.723107569721115
54	39	1	152.66733067729098	175.11354581673302
54	40	1	143.22509960159366	153.36454183266946
54	41	1	95.90419161676644	168.12574850299393
54	42	1	70.27689243027883	21.12151394422311
54	43	1	65.13972055888227	87.72055888223547
54	44	1	182.76447105788424	95.06187624750498
54	45	1	109.20916334661355	147.34661354581675
55	1	2	4.959999999999995	4.979999999999998
55	2	2	4.944	45.03600000000001
55	3	2	4.877049180327865	84.87704918032787
55	4	2	4.877049180327865	125.1229508196721
55	5	2	5.036000000000001	164.9400000000001
55	6	2	45.027999999999984	4.912000000000001
55	7	2	45.00000000000003	45.00000000000002
55	8	2	45.132	85.40399999999994
55	9	2	45.00000000000003	124.99999999999997
55	10	2	45.012	165.10399999999987
55	11	2	84.87704918032783	5.1229508196721305
55	12	2	85.01200000000003	45.040000000000006
55	13	2	84.952	84.93999999999998
55	14	2	85.01600000000005	125.156
55	15	2	85.52479338842977	165.68595041322322
55	16	2	124.69999999999996	5.000000000000002
55	17	2	124.89200000000002	45.06400000000003
55	18	2	125.03599999999999	84.83200000000001
55	19	2	125.13199999999999	124.59600000000003
55	20	2	125.25714285714291	165.51428571428562
55	21	2	165.03599999999994	5.088
55	22	2	164.97999999999996	45.10399999999999
55	23	2	164.87999999999994	85.09200000000003
55	24	2	164.99999999999994	124.99999999999997
55	25	2	164.90400000000002	164.86799999999994
55	26	1	21.681274900398428	120.37250996015938
55	27	1	68.98007968127494	182.3386454183267
55	28	1	109.50996015936258	173.88047808764924
55	29	1	18.41434262948209	97.5617529880478
55	30	1	32.48605577689242	74.5876494023903
55	31	1	31.435129740518974	58.53293413173655
55	32	1	137.25149700598823	59.75648702594811
55	33	1	75.24950099800398	155.90219560878253
55	34	1	92.2395209580839	192.1976047904192
55	35	1	184.75449101796409	157.03992015968075
55	36	1	121.66467065868265	138.99999999999974
55	37	1	92.53692614770459	99.80039920159668
55	38	1	141.33732534930138	4.726546906187625
55	39	1	152.67529880478105	175.13147410358573
55	40	1	143.2988047808765	153.37250996015936
55	41	1	95.93812375249497	168.08782435129743
55	42	1	70.23705179282872	21.0577689243028
55	43	1	65.1792828685259	87.83665338645413
55	44	1	182.76447105788426	95.06187624750503
55	45	1	109.2980000000001	147.3299999999999
56	1	2	4.959999999999995	4.979999999999998
56	2	2	4.944	45.03600000000001
56	3	2	4.877049180327865	84.87704918032787
56	4	2	4.877049180327865	125.1229508196721
56	5	2	5.036000000000001	164.9400000000001
56	6	2	45.027999999999984	4.912000000000001
56	7	2	45.00000000000003	45.00000000000002
56	8	2	45.132	85.40399999999994
56	9	2	45.00000000000003	124.99999999999997
56	10	2	45.012	165.10399999999987
56	11	2	84.87704918032783	5.1229508196721305
56	12	2	85.01200000000003	45.040000000000006
56	13	2	84.952	84.93999999999998
56	14	2	85.01600000000005	125.156
56	15	2	85.52479338842977	165.68595041322322
56	16	2	124.69999999999996	5.000000000000002
56	17	2	124.89200000000002	45.06400000000003
56	18	2	125.03599999999999	84.83200000000001
56	19	2	125.13199999999999	124.59600000000003
56	20	2	125.25714285714291	165.51428571428562
56	21	2	165.03599999999994	5.088
56	22	2	164.97999999999996	45.10399999999999
56	23	2	164.87999999999994	85.09200000000003
56	24	2	164.99999999999994	124.99999999999997
56	25	2	164.90400000000002	164.86799999999994
56	26	1	21.66334661354582	120.29083665338646
56	27	1	68.94610778443113	182.33333333333331
56	28	1	109.43824701195233	173.82071713147403
56	29	1	18.439121756487037	97.5848303393213
56	30	1	32.35928143712576	74.66866267465073
56	31	1	31.546000000000028	58.52000000000001
56	32	1	137.37125748503001	59.8163672654691
56	33	1	75.2794411177644	155.89221556886238
56	34	1	92.22908366533862	192.19721115537857
56	35	1	184.81237524950097	157.08383233532928
56	36	1	121.60756972111557	138.93426294820702
56	37	1	92.4431137724551	99.77445109780452
56	38	1	141.3892215568862	4.750499001996009
56	39	1	152.69461077844318	175.18762475049894
56	40	1	143.272908366534	153.4741035856573
56	41	1	95.9281437125749	167.99001996007996
56	42	1	70.19721115537847	20.932270916334666
56	43	1	65.1936127744511	87.87624750499
56	44	1	182.72055888223557	95.04790419161681
56	45	1	109.37924151696599	147.303393213573
57	1	2	4.959999999999995	4.979999999999998
57	2	2	4.944	45.03600000000001
57	3	2	4.877049180327865	84.87704918032787
57	4	2	4.877049180327865	125.1229508196721
57	5	2	5.036000000000001	164.9400000000001
57	6	2	45.027999999999984	4.912000000000001
57	7	2	45.00000000000003	45.00000000000002
57	8	2	45.132	85.40399999999994
57	9	2	45.00000000000003	124.99999999999997
57	10	2	45.012	165.10399999999987
57	11	2	84.87704918032783	5.1229508196721305
57	12	2	85.01200000000003	45.040000000000006
57	13	2	84.952	84.93999999999998
57	14	2	85.01600000000005	125.156
57	15	2	85.52479338842977	165.68595041322322
57	16	2	124.69999999999996	5.000000000000002
57	17	2	124.89200000000002	45.06400000000003
57	18	2	125.03599999999999	84.83200000000001
57	19	2	125.13199999999999	124.59600000000003
57	20	2	125.25714285714291	165.51428571428562
57	21	2	165.03599999999994	5.088
57	22	2	164.97999999999996	45.10399999999999
57	23	2	164.87999999999994	85.09200000000003
57	24	2	164.99999999999994	124.99999999999997
57	25	2	164.90400000000002	164.86799999999994
57	26	1	21.63073852295408	120.38323353293411
57	27	1	68.99800399201595	182.3193612774452
57	28	1	109.33864541832666	173.7848605577687
57	29	1	18.500998003992017	97.6646706586826
57	30	1	32.33067729083665	74.72509960159357
57	31	1	31.478087649402394	58.53585657370521
57	32	1	137.36454183266932	59.88047808764942
57	33	1	75.18962075848299	155.96007984031948
57	34	1	92.29821073558641	192.16898608349908
57	35	1	184.8003992015968	157.16566866267462
57	36	1	121.58882235528941	138.93413173652695
57	37	1	92.42914171656693	99.71057884231536
57	38	1	141.3486055776893	4.669322709163343
57	39	1	152.68326693227078	175.17729083665336
57	40	1	143.26147704590818	153.47904191616752
57	41	1	95.93013972055883	167.84231536926146
57	42	1	70.18762475049887	20.87425149700597
57	43	1	65.15968063872256	87.92614770459079
57	44	1	182.73904382470113	94.99203187250991
57	45	1	109.43912175648708	147.28942115768476
58	1	2	4.959999999999995	4.979999999999998
58	2	2	4.944	45.03600000000001
58	3	2	4.877049180327865	84.87704918032787
58	4	2	4.877049180327865	125.1229508196721
58	5	2	5.036000000000001	164.9400000000001
58	6	2	45.027999999999984	4.912000000000001
58	7	2	45.00000000000003	45.00000000000002
58	8	2	45.132	85.40399999999994
58	9	2	45.00000000000003	124.99999999999997
58	10	2	45.012	165.10399999999987
58	11	2	84.87704918032783	5.1229508196721305
58	12	2	85.01200000000003	45.040000000000006
58	13	2	84.952	84.93999999999998
58	14	2	85.01600000000005	125.156
58	15	2	85.52479338842977	165.68595041322322
58	16	2	124.69999999999996	5.000000000000002
58	17	2	124.89200000000002	45.06400000000003
58	18	2	125.03599999999999	84.83200000000001
58	19	2	125.13199999999999	124.59600000000003
58	20	2	125.25714285714291	165.51428571428562
58	21	2	165.03599999999994	5.088
58	22	2	164.97999999999996	45.10399999999999
58	23	2	164.87999999999994	85.09200000000003
58	24	2	164.99999999999994	124.99999999999997
58	25	2	164.90400000000002	164.86799999999994
58	26	1	21.574850299401202	120.49900199600796
58	27	1	69.03193612774456	182.33333333333323
58	28	1	109.32734530938123	173.7664670658681
58	29	1	18.511952191235054	97.71513944223109
58	30	1	32.379241516966076	74.74650698602795
58	31	1	31.526946107784426	58.55289421157684
58	32	1	137.34661354581692	59.94820717131473
58	33	1	75.14910536779323	155.96819085487076
58	34	1	92.31936127744508	192.14371257485033
58	35	1	184.8383233532934	157.22355289421162
58	36	1	121.5568862275449	138.8742514970059
58	37	1	92.43313373253497	99.63872255489018
58	38	1	141.40438247011946	4.613545816733072
58	39	1	152.71314741035852	175.22111553784868
58	40	1	143.20758483033933	153.55489021956097
58	41	1	95.93013972055883	167.84231536926146
58	42	1	70.18163672654687	20.792415169660686
58	43	1	65.12549800796816	87.87450199203182
58	44	1	182.78243512974052	94.89620758483026
58	45	1	109.50398406374505	147.3147410358568
59	1	2	4.959999999999995	4.979999999999998
59	2	2	4.944	45.03600000000001
59	3	2	4.877049180327865	84.87704918032787
59	4	2	4.877049180327865	125.1229508196721
59	5	2	5.036000000000001	164.9400000000001
59	6	2	45.027999999999984	4.912000000000001
59	7	2	45.00000000000003	45.00000000000002
59	8	2	45.132	85.40399999999994
59	9	2	45.00000000000003	124.99999999999997
59	10	2	45.012	165.10399999999987
59	11	2	84.87704918032783	5.1229508196721305
59	12	2	85.01200000000003	45.040000000000006
59	13	2	84.952	84.93999999999998
59	14	2	85.01600000000005	125.156
59	15	2	85.52479338842977	165.68595041322322
59	16	2	124.69999999999996	5.000000000000002
59	17	2	124.89200000000002	45.06400000000003
59	18	2	125.03599999999999	84.83200000000001
59	19	2	125.13199999999999	124.59600000000003
59	20	2	125.25714285714291	165.51428571428562
59	21	2	165.03599999999994	5.088
59	22	2	164.97999999999996	45.10399999999999
59	23	2	164.87999999999994	85.09200000000003
59	24	2	164.99999999999994	124.99999999999997
59	25	2	164.90400000000002	164.86799999999994
59	26	1	21.62475049900201	120.48702594810386
59	27	1	69.00598802395211	182.429141716567
59	28	1	109.37450199203185	173.74103585657394
59	29	1	18.520958083832294	97.86626746506984
59	30	1	32.39442231075698	74.82071713147408
59	31	1	31.626746506986034	58.51696606786426
59	32	1	137.3247011952191	59.81673306772909
59	33	1	75.16766467065868	155.98003992015967
59	34	1	92.27689243027889	192.10159362549803
59	35	1	184.8183632734531	157.32335329341313
59	36	1	121.69461077844306	138.88423153692622
59	37	1	92.34730538922155	99.49700598802397
59	38	1	141.43824701195226	4.527888446215136
59	39	1	152.67864271457088	175.28942115768447
59	40	1	143.27145708582802	153.6487025948104
59	41	1	95.95617529880487	167.87848605577693
59	42	1	70.06786427145705	20.69660678642716
59	43	1	65.1916167664671	87.83233532934128
59	44	1	182.90239043824704	94.82470119521918
59	45	1	109.6175298804781	147.33067729083666
60	1	2	4.959999999999995	4.979999999999998
60	2	2	4.944	45.03600000000001
60	3	2	4.877049180327865	84.87704918032787
60	4	2	4.877049180327865	125.1229508196721
60	5	2	5.036000000000001	164.9400000000001
60	6	2	45.027999999999984	4.912000000000001
60	7	2	45.00000000000003	45.00000000000002
60	8	2	45.132	85.40399999999994
60	9	2	45.00000000000003	124.99999999999997
60	10	2	45.012	165.10399999999987
60	11	2	84.87704918032783	5.1229508196721305
60	12	2	85.01200000000003	45.040000000000006
60	13	2	84.952	84.93999999999998
60	14	2	85.01600000000005	125.156
60	15	2	85.52479338842977	165.68595041322322
60	16	2	124.69999999999996	5.000000000000002
60	17	2	124.89200000000002	45.06400000000003
60	18	2	125.03599999999999	84.83200000000001
60	19	2	125.13199999999999	124.59600000000003
60	20	2	125.25714285714291	165.51428571428562
60	21	2	165.03599999999994	5.088
60	22	2	164.97999999999996	45.10399999999999
60	23	2	164.87999999999994	85.09200000000003
60	24	2	164.99999999999994	124.99999999999997
60	25	2	164.90400000000002	164.86799999999994
60	26	1	21.623505976095622	120.44820717131476
60	27	1	69.1117764471057	182.39920159680634
60	28	1	109.3453093812376	173.70658682634752
60	29	1	18.472000000000005	97.87599999999995
60	30	1	32.307385229540905	74.91017964071858
60	31	1	31.638722554890233	58.48103792415172
60	32	1	137.22554890219556	59.70858283433138
60	33	1	75.11776447105784	156.0319361277444
60	34	1	92.35728542914173	192.1297405189621
60	35	1	184.78799999999998	157.46200000000005
60	36	1	121.62075848303398	138.75249500997998
60	37	1	92.27399999999997	99.42800000000011
60	38	1	141.45508982035904	4.451097804391217
60	39	1	152.58565737051785	175.27689243027888
60	40	1	143.33932135728557	153.7085828343312
60	41	1	95.99402390438253	167.83067729083643
60	42	1	70.097609561753	20.760956175298805
60	43	1	65.18363273453093	87.80439121756481
60	44	1	182.85258964143426	94.88645418326699
60	45	1	109.78286852589626	147.37051792828686
61	1	2	4.959999999999995	4.979999999999998
61	2	2	4.944	45.03600000000001
61	3	2	4.877049180327865	84.87704918032787
61	4	2	4.877049180327865	125.1229508196721
61	5	2	5.036000000000001	164.9400000000001
61	6	2	45.027999999999984	4.912000000000001
61	7	2	45.00000000000003	45.00000000000002
61	8	2	45.132	85.40399999999994
61	9	2	45.00000000000003	124.99999999999997
61	10	2	45.012	165.10399999999987
61	11	2	84.87704918032783	5.1229508196721305
61	12	2	85.01200000000003	45.040000000000006
61	13	2	84.952	84.93999999999998
61	14	2	85.01600000000005	125.156
61	15	2	85.52479338842977	165.68595041322322
61	16	2	124.69999999999996	5.000000000000002
61	17	2	124.89200000000002	45.06400000000003
61	18	2	125.03599999999999	84.83200000000001
61	19	2	125.13199999999999	124.59600000000003
61	20	2	125.25714285714291	165.51428571428562
61	21	2	165.03599999999994	5.088
61	22	2	164.97999999999996	45.10399999999999
61	23	2	164.87999999999994	85.09200000000003
61	24	2	164.99999999999994	124.99999999999997
61	25	2	164.90400000000002	164.86799999999994
61	26	1	21.537848605577686	120.36454183266933
61	27	1	69.13545816733064	182.30079681274904
61	28	1	109.26294820717135	173.59561752988026
61	29	1	18.52390438247011	97.94422310756973
61	30	1	32.225099601593634	74.95219123505976
61	31	1	31.773999999999983	58.512000000000036
61	32	1	137.2035928143711	59.62874251497006
61	33	1	75.13173652694613	156.00798403193608
61	34	1	92.28286852589636	192.10756972111548
61	35	1	184.84231536926148	157.58083832335353
61	36	1	121.66866267465079	138.78443113772448
61	37	1	92.26693227091633	99.31274900398402
61	38	1	141.40718562874255	4.447105788423154
61	39	1	152.63273453093805	175.28143712574843
61	40	1	143.33333333333331	153.7504990019961
61	41	1	95.99999999999996	167.74850299401191
61	42	1	70.27290836653398	20.65737051792829
61	43	1	65.14171656686624	87.77245508982044
61	44	1	182.9003984063745	94.83466135458168
61	45	1	109.82400000000003	147.29800000000003
62	1	2	4.959999999999995	4.979999999999998
62	2	2	4.944	45.03600000000001
62	3	2	4.877049180327865	84.87704918032787
62	4	2	4.877049180327865	125.1229508196721
62	5	2	5.036000000000001	164.9400000000001
62	6	2	45.027999999999984	4.912000000000001
62	7	2	45.00000000000003	45.00000000000002
62	8	2	45.132	85.40399999999994
62	9	2	45.00000000000003	124.99999999999997
62	10	2	45.012	165.10399999999987
62	11	2	84.87704918032783	5.1229508196721305
62	12	2	85.01200000000003	45.040000000000006
62	13	2	84.952	84.93999999999998
62	14	2	85.01600000000005	125.156
62	15	2	85.52479338842977	165.68595041322322
62	16	2	124.69999999999996	5.000000000000002
62	17	2	124.89200000000002	45.06400000000003
62	18	2	125.03599999999999	84.83200000000001
62	19	2	125.13199999999999	124.59600000000003
62	20	2	125.25714285714291	165.51428571428562
62	21	2	165.03599999999994	5.088
62	22	2	164.97999999999996	45.10399999999999
62	23	2	164.87999999999994	85.09200000000003
62	24	2	164.99999999999994	124.99999999999997
62	25	2	164.90400000000002	164.86799999999994
62	26	1	21.448207171314746	120.28286852589638
62	27	1	69.14570858283436	182.3952095808384
62	28	1	109.2450199203187	173.51394422310767
62	29	1	18.602794411177648	97.98802395209576
62	30	1	32.19521912350598	74.92629482071713
62	31	1	31.76400000000001	58.483999999999995
62	32	1	137.27544910179643	59.56686626746506
62	33	1	75.15537848605577	156.04980079681286
62	34	1	92.17165668662678	192.0838323353295
62	35	1	184.91417165668662	157.56087824351295
62	36	1	121.79441117764476	138.82834331337332
62	37	1	92.27145708582837	99.35129740518957
62	38	1	141.37524950099808	4.457085828343338
62	39	1	152.72654690618762	175.34530938123746
62	40	1	143.42914171656702	153.74650698602804
62	41	1	95.95617529880477	167.7290836653385
62	42	1	70.26946107784437	20.546906187624764
62	43	1	65.14770459081835	87.77445109780443
62	44	1	183.09561752988049	94.86653386454175
62	45	1	110.00798403193618	147.27145708582847
63	1	2	4.959999999999995	4.979999999999998
63	2	2	4.944	45.03600000000001
63	3	2	4.877049180327865	84.87704918032787
63	4	2	4.877049180327865	125.1229508196721
63	5	2	5.036000000000001	164.9400000000001
63	6	2	45.027999999999984	4.912000000000001
63	7	2	45.00000000000003	45.00000000000002
63	8	2	45.132	85.40399999999994
63	9	2	45.00000000000003	124.99999999999997
63	10	2	45.012	165.10399999999987
63	11	2	84.87704918032783	5.1229508196721305
63	12	2	85.01200000000003	45.040000000000006
63	13	2	84.952	84.93999999999998
63	14	2	85.01600000000005	125.156
63	15	2	85.52479338842977	165.68595041322322
63	16	2	124.69999999999996	5.000000000000002
63	17	2	124.89200000000002	45.06400000000003
63	18	2	125.03599999999999	84.83200000000001
63	19	2	125.13199999999999	124.59600000000003
63	20	2	125.25714285714291	165.51428571428562
63	21	2	165.03599999999994	5.088
63	22	2	164.97999999999996	45.10399999999999
63	23	2	164.87999999999994	85.09200000000003
63	24	2	164.99999999999994	124.99999999999997
63	25	2	164.90400000000002	164.86799999999994
63	26	1	21.49500998003994	120.24151696606788
63	27	1	69.1892430278884	182.36653386454176
63	28	1	109.18326693227084	173.5378486055775
63	29	1	18.57768924302791	98.08964143426297
63	30	1	32.157999999999994	74.988
63	31	1	31.800399201596782	58.51896207584827
63	32	1	137.30738522954078	59.63273453093805
63	33	1	75.2714570858283	155.97005988023957
63	34	1	92.08982035928152	191.99999999999994
63	35	1	184.91417165668662	157.6107784431135
63	36	1	121.85429141716567	138.81836327345323
63	37	1	92.39720558882235	99.35129740518964
63	38	1	141.36327345309374	4.447105788423215
63	39	1	152.73453093812378	175.3433133732534
63	40	1	143.46506986027936	153.74051896207578
63	41	1	96.02191235059763	167.51195219123505
63	42	1	70.17764471057878	20.544910179640723
63	43	1	65.16367265469059	87.82634730538923
63	44	1	183.24302788844622	94.79083665338644
63	45	1	110.05577689243023	147.18525896414346
64	1	2	4.959999999999995	4.979999999999998
64	2	2	4.944	45.03600000000001
64	3	2	4.877049180327865	84.87704918032787
64	4	2	4.877049180327865	125.1229508196721
64	5	2	5.036000000000001	164.9400000000001
64	6	2	45.027999999999984	4.912000000000001
64	7	2	45.00000000000003	45.00000000000002
64	8	2	45.132	85.40399999999994
64	9	2	45.00000000000003	124.99999999999997
64	10	2	45.012	165.10399999999987
64	11	2	84.87704918032783	5.1229508196721305
64	12	2	85.01200000000003	45.040000000000006
64	13	2	84.952	84.93999999999998
64	14	2	85.01600000000005	125.156
64	15	2	85.52479338842977	165.68595041322322
64	16	2	124.69999999999996	5.000000000000002
64	17	2	124.89200000000002	45.06400000000003
64	18	2	125.03599999999999	84.83200000000001
64	19	2	125.13199999999999	124.59600000000003
64	20	2	125.25714285714291	165.51428571428562
64	21	2	165.03599999999994	5.088
64	22	2	164.97999999999996	45.10399999999999
64	23	2	164.87999999999994	85.09200000000003
64	24	2	164.99999999999994	124.99999999999997
64	25	2	164.90400000000002	164.86799999999994
64	26	1	21.37524950099802	120.25149700598799
64	27	1	69.18363273453097	182.35928143712584
64	28	1	109.14770459081836	173.55089820359268
64	29	1	18.66199999999999	98.15999999999995
64	30	1	32.039920159680634	75.03792415169667
64	31	1	31.906374501992033	58.523904382470114
64	32	1	137.35329341317367	59.54091816367275
64	33	1	75.25948103792412	156.0059880239521
64	34	1	92.03792415169663	191.93413173652704
64	35	1	184.9081836327345	157.60878243512977
64	36	1	121.95019920318718	138.85458167330682
64	37	1	92.32999999999996	99.42199999999998
64	38	1	141.36327345309374	4.447105788423215
64	39	1	152.6852589641433	175.406374501992
64	40	1	143.56087824351286	153.73253493013974
64	41	1	96.03386454183267	167.42629482071717
64	42	1	70.17564870259486	20.46506986027944
64	43	1	65.21157684630738	87.83033932135734
64	44	1	183.31274900398407	94.79282868525895
64	45	1	110.14171656686622	147.16566866267445
65	1	2	4.959999999999995	4.979999999999998
65	2	2	4.944	45.03600000000001
65	3	2	4.877049180327865	84.87704918032787
65	4	2	4.877049180327865	125.1229508196721
65	5	2	5.036000000000001	164.9400000000001
65	6	2	45.027999999999984	4.912000000000001
65	7	2	45.00000000000003	45.00000000000002
65	8	2	45.132	85.40399999999994
65	9	2	45.00000000000003	124.99999999999997
65	10	2	45.012	165.10399999999987
65	11	2	84.87704918032783	5.1229508196721305
65	12	2	85.01200000000003	45.040000000000006
65	13	2	84.952	84.93999999999998
65	14	2	85.01600000000005	125.156
65	15	2	85.52479338842977	165.68595041322322
65	16	2	124.69999999999996	5.000000000000002
65	17	2	124.89200000000002	45.06400000000003
65	18	2	125.03599999999999	84.83200000000001
65	19	2	125.13199999999999	124.59600000000003
65	20	2	125.25714285714291	165.51428571428562
65	21	2	165.03599999999994	5.088
65	22	2	164.97999999999996	45.10399999999999
65	23	2	164.87999999999994	85.09200000000003
65	24	2	164.99999999999994	124.99999999999997
65	25	2	164.90400000000002	164.86799999999994
65	26	1	21.345309381237524	120.21556886227545
65	27	1	69.25498007968119	182.33067729083672
65	28	1	109.09760956175299	173.57768924302795
65	29	1	18.748502994011975	98.24750499001998
65	30	1	31.97604790419165	75.04391217564877
65	31	1	31.976095617529886	58.49999999999997
65	32	1	137.20119521912343	59.49003984063747
65	33	1	75.36327345309373	155.91217564870252
65	34	1	92.02395209580841	191.91217564870257
65	35	1	184.8882235528941	157.64670658682627
65	36	1	122.03585657370516	138.87649402390448
65	37	1	92.30938123752499	99.2375249500998
65	38	1	141.3612774451097	4.447105788423272
65	39	1	152.65668662674645	175.39321357285414
65	40	1	143.64800000000002	153.7080000000001
65	41	1	96.08782435129739	167.31137724550888
65	42	1	70.18363273453092	20.538922155688617
65	43	1	65.15169660678646	87.83233532934138
65	44	1	183.3433133732535	94.87624750498996
65	45	1	110.33266932270911	147.17330677290835
66	1	2	4.959999999999995	4.979999999999998
66	2	2	4.944	45.03600000000001
66	3	2	4.877049180327865	84.87704918032787
66	4	2	4.877049180327865	125.1229508196721
66	5	2	5.036000000000001	164.9400000000001
66	6	2	45.027999999999984	4.912000000000001
66	7	2	45.00000000000003	45.00000000000002
66	8	2	45.132	85.40399999999994
66	9	2	45.00000000000003	124.99999999999997
66	10	2	45.012	165.10399999999987
66	11	2	84.87704918032783	5.1229508196721305
66	12	2	85.01200000000003	45.040000000000006
66	13	2	84.952	84.93999999999998
66	14	2	85.01600000000005	125.156
66	15	2	85.52479338842977	165.68595041322322
66	16	2	124.69999999999996	5.000000000000002
66	17	2	124.89200000000002	45.06400000000003
66	18	2	125.03599999999999	84.83200000000001
66	19	2	125.13199999999999	124.59600000000003
66	20	2	125.25714285714291	165.51428571428562
66	21	2	165.03599999999994	5.088
66	22	2	164.97999999999996	45.10399999999999
66	23	2	164.87999999999994	85.09200000000003
66	24	2	164.99999999999994	124.99999999999997
66	25	2	164.90400000000002	164.86799999999994
66	26	1	21.35458167330677	120.11354581673294
66	27	1	69.24701195219126	182.2629482071714
66	28	1	109.12175648702593	173.5229540918165
66	29	1	18.74900398406376	98.32868525896409
66	30	1	31.812375249500978	75.0538922155688
66	31	1	32.16966067864271	58.520958083832305
66	32	1	137.13972055888237	59.479041916167674
66	33	1	75.30799999999999	155.936
66	34	1	91.83632734530947	191.83233532934128
66	35	1	184.8303393213572	157.6506986027945
66	36	1	122.12175648702595	138.91616766467058
66	37	1	92.31936127744517	99.12375249500992
66	38	1	141.37924151696598	4.445109780439083
66	39	1	152.5608782435127	175.39520958083827
66	40	1	143.69461077844312	153.68263473053904
66	41	1	96.11177644710574	167.26546906187627
66	42	1	70.23153692614771	20.47105788423157
66	43	1	65.15568862275445	87.80239520958087
66	44	1	183.42914171656687	94.78443113772461
66	45	1	110.4382470119522	147.16135458167324
67	1	2	4.959999999999995	4.979999999999998
67	2	2	4.944	45.03600000000001
67	3	2	4.877049180327865	84.87704918032787
67	4	2	4.877049180327865	125.1229508196721
67	5	2	5.036000000000001	164.9400000000001
67	6	2	45.027999999999984	4.912000000000001
67	7	2	45.00000000000003	45.00000000000002
67	8	2	45.132	85.40399999999994
67	9	2	45.00000000000003	124.99999999999997
67	10	2	45.012	165.10399999999987
67	11	2	84.87704918032783	5.1229508196721305
67	12	2	85.01200000000003	45.040000000000006
67	13	2	84.952	84.93999999999998
67	14	2	85.01600000000005	125.156
67	15	2	85.52479338842977	165.68595041322322
67	16	2	124.69999999999996	5.000000000000002
67	17	2	124.89200000000002	45.06400000000003
67	18	2	125.03599999999999	84.83200000000001
67	19	2	125.13199999999999	124.59600000000003
67	20	2	125.25714285714291	165.51428571428562
67	21	2	165.03599999999994	5.088
67	22	2	164.97999999999996	45.10399999999999
67	23	2	164.87999999999994	85.09200000000003
67	24	2	164.99999999999994	124.99999999999997
67	25	2	164.90400000000002	164.86799999999994
67	26	1	21.28143712574851	120.17764471057889
67	27	1	69.33333333333339	182.27145708582836
67	28	1	109.1095617529881	173.31872509960178
67	29	1	18.772455089820387	98.48103792415161
67	30	1	31.776000000000014	75.23400000000001
67	31	1	32.22754491017963	58.57285429141723
67	32	1	137.09362549800795	59.45617529880476
67	33	1	75.1097804391218	156.06387225548906
67	34	1	91.77445109780447	191.810379241517
67	35	1	184.82669322709168	157.85856573705195
67	36	1	122.21199999999999	138.96199999999993
67	37	1	92.30938123752499	99.08782435129736
67	38	1	141.3393213572852	4.389221556886355
67	39	1	152.52894211576864	175.3972055888224
67	40	1	143.74850299401191	153.7165668662677
67	41	1	96.109561752988	167.28286852589642
67	42	1	70.30677290836644	20.3964143426295
67	43	1	65.18163672654691	87.81037924151697
67	44	1	183.47	94.75199999999995
67	45	1	110.44820717131469	147.07370517928285
68	1	2	4.959999999999995	4.979999999999998
68	2	2	4.944	45.03600000000001
68	3	2	4.877049180327865	84.87704918032787
68	4	2	4.877049180327865	125.1229508196721
68	5	2	5.036000000000001	164.9400000000001
68	6	2	45.027999999999984	4.912000000000001
68	7	2	45.00000000000003	45.00000000000002
68	8	2	45.132	85.40399999999994
68	9	2	45.00000000000003	124.99999999999997
68	10	2	45.012	165.10399999999987
68	11	2	84.87704918032783	5.1229508196721305
68	12	2	85.01200000000003	45.040000000000006
68	13	2	84.952	84.93999999999998
68	14	2	85.01600000000005	125.156
68	15	2	85.52479338842977	165.68595041322322
68	16	2	124.69999999999996	5.000000000000002
68	17	2	124.89200000000002	45.06400000000003
68	18	2	125.03599999999999	84.83200000000001
68	19	2	125.13199999999999	124.59600000000003
68	20	2	125.25714285714291	165.51428571428562
68	21	2	165.03599999999994	5.088
68	22	2	164.97999999999996	45.10399999999999
68	23	2	164.87999999999994	85.09200000000003
68	24	2	164.99999999999994	124.99999999999997
68	25	2	164.90400000000002	164.86799999999994
68	26	1	21.34462151394422	120.13346613545815
68	27	1	69.33732534930142	182.24351297405198
68	28	1	109.10358565737063	173.2370517928288
68	29	1	18.76693227091633	98.51992031872503
68	30	1	31.692614770459084	75.31137724550908
68	31	1	32.14570858283434	58.52894211576843
68	32	1	137.09980039920177	59.393213572854336
68	33	1	75.288	155.93199999999996
68	34	1	91.75648702594815	191.7944111776448
68	35	1	184.87225548902197	157.7604790419162
68	36	1	122.36926147704592	139.01796407185623
68	37	1	92.2275449101796	99.04590818363276
68	38	1	141.31736526946105	4.379241516966232
68	39	1	152.5608782435129	175.35728542914185
68	40	1	143.92828685258965	153.7071713147411
68	41	1	96.13346613545818	167.28286852589642
68	42	1	70.36254980079674	20.378486055776882
68	43	1	65.196	87.79799999999994
68	44	1	183.48	94.71800000000007
68	45	1	110.5888223552894	147.05788423153678
69	1	2	4.959999999999995	4.979999999999998
69	2	2	4.944	45.03600000000001
69	3	2	4.877049180327865	84.87704918032787
69	4	2	4.877049180327865	125.1229508196721
69	5	2	5.036000000000001	164.9400000000001
69	6	2	45.027999999999984	4.912000000000001
69	7	2	45.00000000000003	45.00000000000002
69	8	2	45.132	85.40399999999994
69	9	2	45.00000000000003	124.99999999999997
69	10	2	45.012	165.10399999999987
69	11	2	84.87704918032783	5.1229508196721305
69	12	2	85.01200000000003	45.040000000000006
69	13	2	84.952	84.93999999999998
69	14	2	85.01600000000005	125.156
69	15	2	85.52479338842977	165.68595041322322
69	16	2	124.69999999999996	5.000000000000002
69	17	2	124.89200000000002	45.06400000000003
69	18	2	125.03599999999999	84.83200000000001
69	19	2	125.13199999999999	124.59600000000003
69	20	2	125.25714285714291	165.51428571428562
69	21	2	165.03599999999994	5.088
69	22	2	164.97999999999996	45.10399999999999
69	23	2	164.87999999999994	85.09200000000003
69	24	2	164.99999999999994	124.99999999999997
69	25	2	164.90400000000002	164.86799999999994
69	26	1	21.243512974051892	120.18163672654696
69	27	1	69.29341317365262	182.08982035928128
69	28	1	109.05577689243026	173.13745019920307
69	29	1	18.812375249501	98.67664670658687
69	30	1	31.685258964143433	75.3824701195219
69	31	1	32.214	58.478
69	32	1	137.06399999999985	59.273999999999994
69	33	1	75.30278884462155	155.82071713147405
69	34	1	91.7245508982036	191.7844311377244
69	35	1	184.92629482071715	157.85657370517941
69	36	1	122.42828685258965	139.03386454183237
69	37	1	92.32199999999999	98.90999999999997
69	38	1	141.2954091816367	4.363273453093825
69	39	1	152.55577689243015	175.36852589641455
69	40	1	144.04191616766474	153.69261477045907
69	41	1	96.1616766467066	167.25948103792405
69	42	1	70.37325349301403	20.427145708582835
69	43	1	65.2315369261477	87.81636726546908
69	44	1	183.57884231536926	94.73852295409179
69	45	1	110.64071856287421	146.99600798403188
70	1	2	4.959999999999995	4.979999999999998
70	2	2	4.944	45.03600000000001
70	3	2	4.877049180327865	84.87704918032787
70	4	2	4.877049180327865	125.1229508196721
70	5	2	5.036000000000001	164.9400000000001
70	6	2	45.027999999999984	4.912000000000001
70	7	2	45.00000000000003	45.00000000000002
70	8	2	45.132	85.40399999999994
70	9	2	45.00000000000003	124.99999999999997
70	10	2	45.012	165.10399999999987
70	11	2	84.87704918032783	5.1229508196721305
70	12	2	85.01200000000003	45.040000000000006
70	13	2	84.952	84.93999999999998
70	14	2	85.01600000000005	125.156
70	15	2	85.52479338842977	165.68595041322322
70	16	2	124.69999999999996	5.000000000000002
70	17	2	124.89200000000002	45.06400000000003
70	18	2	125.03599999999999	84.83200000000001
70	19	2	125.13199999999999	124.59600000000003
70	20	2	125.25714285714291	165.51428571428562
70	21	2	165.03599999999994	5.088
70	22	2	164.97999999999996	45.10399999999999
70	23	2	164.87999999999994	85.09200000000003
70	24	2	164.99999999999994	124.99999999999997
70	25	2	164.90400000000002	164.86799999999994
70	26	1	21.163346613545826	120.13545816733057
70	27	1	69.28742514970061	182.0319361277445
70	28	1	109.04581673306772	173.06573705179275
70	29	1	18.9500998003992	98.69061876247501
70	30	1	31.578842315369247	75.45109780439114
70	31	1	32.29940119760479	58.58083832335331
70	32	1	136.9920159680638	59.36726546906189
70	33	1	75.4471057884231	155.73652694610794
70	34	1	91.67265469061874	191.7445109780439
70	35	1	184.97205588822357	157.73453093812364
70	36	1	122.53187250996015	139.03784860557772
70	37	1	92.2908366533864	98.84462151394423
70	38	1	141.2954091816367	4.323353293413078
70	39	1	152.40119760479038	175.29141716566858
70	40	1	144.1559999999998	153.79
70	41	1	96.16334661354581	167.38247011952188
70	42	1	70.47904191616773	20.397205588822356
70	43	1	65.23153692614768	87.78642714570853
70	44	1	183.67664670658687	94.70658682634719
70	45	1	110.74103585657373	146.94621513944224
71	1	2	4.959999999999995	4.979999999999998
71	2	2	4.944	45.03600000000001
71	3	2	4.877049180327865	84.87704918032787
71	4	2	4.877049180327865	125.1229508196721
71	5	2	5.036000000000001	164.9400000000001
71	6	2	45.027999999999984	4.912000000000001
71	7	2	45.00000000000003	45.00000000000002
71	8	2	45.132	85.40399999999994
71	9	2	45.00000000000003	124.99999999999997
71	10	2	45.012	165.10399999999987
71	11	2	84.87704918032783	5.1229508196721305
71	12	2	85.01200000000003	45.040000000000006
71	13	2	84.952	84.93999999999998
71	14	2	85.01600000000005	125.156
71	15	2	85.52479338842977	165.68595041322322
71	16	2	124.69999999999996	5.000000000000002
71	17	2	124.89200000000002	45.06400000000003
71	18	2	125.03599999999999	84.83200000000001
71	19	2	125.13199999999999	124.59600000000003
71	20	2	125.25714285714291	165.51428571428562
71	21	2	165.03599999999994	5.088
71	22	2	164.97999999999996	45.10399999999999
71	23	2	164.87999999999994	85.09200000000003
71	24	2	164.99999999999994	124.99999999999997
71	25	2	164.90400000000002	164.86799999999994
71	26	1	21.127490039840634	120.04780876494029
71	27	1	69.21556886227546	182.11576846307372
71	28	1	108.94411177644702	173.10978043912175
71	29	1	19.00399201596808	98.63073852295409
71	30	1	31.423153692614754	75.56287425149694
71	31	1	32.3996023856859	58.62425447316104
71	32	1	137.00798403193605	59.28343313373257
71	33	1	75.61277445109778	155.61077844311365
71	34	1	91.52788844621517	191.68525896414346
71	35	1	184.92600000000002	157.76599999999982
71	36	1	122.54291417165666	139.0818363273451
71	37	1	92.32534930139725	98.78043912175647
71	38	1	141.2954091816367	4.323353293413078
71	39	1	152.4850299401197	175.2674650698603
71	40	1	144.1277445109782	153.75249500997998
71	41	1	96.18924302788842	167.3047808764942
71	42	1	70.47504990019962	20.31337325349299
71	43	1	65.35458167330677	87.81673306772915
71	44	1	183.73107569721114	94.68127490039839
71	45	1	110.82999999999994	146.94200000000018
72	1	2	4.959999999999995	4.979999999999998
72	2	2	4.944	45.03600000000001
72	3	2	4.877049180327865	84.87704918032787
72	4	2	4.877049180327865	125.1229508196721
72	5	2	5.036000000000001	164.9400000000001
72	6	2	45.027999999999984	4.912000000000001
72	7	2	45.00000000000003	45.00000000000002
72	8	2	45.132	85.40399999999994
72	9	2	45.00000000000003	124.99999999999997
72	10	2	45.012	165.10399999999987
72	11	2	84.87704918032783	5.1229508196721305
72	12	2	85.01200000000003	45.040000000000006
72	13	2	84.952	84.93999999999998
72	14	2	85.01600000000005	125.156
72	15	2	85.52479338842977	165.68595041322322
72	16	2	124.69999999999996	5.000000000000002
72	17	2	124.89200000000002	45.06400000000003
72	18	2	125.03599999999999	84.83200000000001
72	19	2	125.13199999999999	124.59600000000003
72	20	2	125.25714285714291	165.51428571428562
72	21	2	165.03599999999994	5.088
72	22	2	164.97999999999996	45.10399999999999
72	23	2	164.87999999999994	85.09200000000003
72	24	2	164.99999999999994	124.99999999999997
72	25	2	164.90400000000002	164.86799999999994
72	26	1	21.079840319361292	119.97205588822358
72	27	1	69.29740518962079	182.16167664670667
72	28	1	108.92031872509952	173.0976095617529
72	29	1	19.00000000000002	98.79000000000003
72	30	1	31.28685258964143	75.64940239043824
72	31	1	32.61155378486056	58.681274900398385
72	32	1	137.027888446215	59.237051792828694
72	33	1	75.50898203592806	155.66866267465065
72	34	1	91.50299401197609	191.69261477045916
72	35	1	184.85828343313372	157.9141716566865
72	36	1	122.78443113772462	139.25149700598791
72	37	1	92.36726546906186	98.67265469061877
72	38	1	141.2794411177645	4.349301397205693
72	39	1	152.4570858283433	175.21556886227557
72	40	1	144.28087649402372	153.7171314741036
72	41	1	96.1553784860558	167.2788844621513
72	42	1	70.47305389221565	20.22554890219558
72	43	1	65.37724550898203	87.77644710578846
72	44	1	183.79041916167665	94.67664670658684
72	45	1	110.82868525896417	146.90039840637442
73	1	2	4.959999999999995	4.979999999999998
73	2	2	4.944	45.03600000000001
73	3	2	4.877049180327865	84.87704918032787
73	4	2	4.877049180327865	125.1229508196721
73	5	2	5.036000000000001	164.9400000000001
73	6	2	45.027999999999984	4.912000000000001
73	7	2	45.00000000000003	45.00000000000002
73	8	2	45.132	85.40399999999994
73	9	2	45.00000000000003	124.99999999999997
73	10	2	45.012	165.10399999999987
73	11	2	84.87704918032783	5.1229508196721305
73	12	2	85.01200000000003	45.040000000000006
73	13	2	84.952	84.93999999999998
73	14	2	85.01600000000005	125.156
73	15	2	85.52479338842977	165.68595041322322
73	16	2	124.69999999999996	5.000000000000002
73	17	2	124.89200000000002	45.06400000000003
73	18	2	125.03599999999999	84.83200000000001
73	19	2	125.13199999999999	124.59600000000003
73	20	2	125.25714285714291	165.51428571428562
73	21	2	165.03599999999994	5.088
73	22	2	164.97999999999996	45.10399999999999
73	23	2	164.87999999999994	85.09200000000003
73	24	2	164.99999999999994	124.99999999999997
73	25	2	164.90400000000002	164.86799999999994
73	26	1	20.998007968127485	119.97011952191234
73	27	1	69.3373253493013	182.14970059880235
73	28	1	108.9141716566866	172.9640718562874
73	29	1	19.00598802395211	98.87624750499003
73	30	1	31.243027888446214	75.69521912350595
73	31	1	32.74451097804393	58.656686626746506
73	32	1	137.0916334661355	59.26693227091635
73	33	1	75.48902195608773	155.68463073852297
73	34	1	91.47105788423158	191.63473053892224
73	35	1	184.8183632734531	158.04191616766477
73	36	1	122.9579999999999	139.40599999999978
73	37	1	92.38722554890217	98.64670658682634
73	38	1	141.2994011976046	4.323353293413106
73	39	1	152.4790419161677	175.25349301397213
73	40	1	144.34063745019924	153.75298804780883
73	41	1	96.17964071856278	167.25349301397196
73	42	1	70.45109780439113	20.087824351297417
73	43	1	65.40918163672652	87.7704590818364
73	44	1	183.86626746506985	94.692614770459
73	45	1	110.83632734530937	146.86227544910176
74	1	2	4.959999999999995	4.979999999999998
74	2	2	4.944	45.03600000000001
74	3	2	4.877049180327865	84.87704918032787
74	4	2	4.877049180327865	125.1229508196721
74	5	2	5.036000000000001	164.9400000000001
74	6	2	45.027999999999984	4.912000000000001
74	7	2	45.00000000000003	45.00000000000002
74	8	2	45.132	85.40399999999994
74	9	2	45.00000000000003	124.99999999999997
74	10	2	45.012	165.10399999999987
74	11	2	84.87704918032783	5.1229508196721305
74	12	2	85.01200000000003	45.040000000000006
74	13	2	84.952	84.93999999999998
74	14	2	85.01600000000005	125.156
74	15	2	85.52479338842977	165.68595041322322
74	16	2	124.69999999999996	5.000000000000002
74	17	2	124.89200000000002	45.06400000000003
74	18	2	125.03599999999999	84.83200000000001
74	19	2	125.13199999999999	124.59600000000003
74	20	2	125.25714285714291	165.51428571428562
74	21	2	165.03599999999994	5.088
74	22	2	164.97999999999996	45.10399999999999
74	23	2	164.87999999999994	85.09200000000003
74	24	2	164.99999999999994	124.99999999999997
74	25	2	164.90400000000002	164.86799999999994
74	26	1	20.940119760479035	119.9500998003992
74	27	1	69.34999999999994	182.10599999999997
74	28	1	108.8565737051793	173.0617529880478
74	29	1	18.948103792415203	99.00598802395203
74	30	1	31.095617529880474	75.70318725099595
74	31	1	32.880478087649415	58.63745019920323
74	32	1	137.01796407185628	59.2175648702595
74	33	1	75.47808764940243	155.66932270916342
74	34	1	91.37125748503003	191.62475049900198
74	35	1	184.80439121756487	158.055888223553
74	36	1	122.9920159680638	139.45508982035943
74	37	1	92.50898203592824	98.52495009980048
74	38	1	141.2395209580838	4.295409181636586
74	39	1	152.44600000000003	175.29399999999993
74	40	1	144.40518962075842	153.86227544910184
74	41	1	96.23552894211569	167.15369261477036
74	42	1	70.44710578842316	20.011976047904195
74	43	1	65.37524950099798	87.73852295409174
74	44	1	183.90219560878245	94.63073852295412
74	45	1	111.00999999999999	146.9080000000002
75	1	2	4.959999999999995	4.979999999999998
75	2	2	4.944	45.03600000000001
75	3	2	4.877049180327865	84.87704918032787
75	4	2	4.877049180327865	125.1229508196721
75	5	2	5.036000000000001	164.9400000000001
75	6	2	45.027999999999984	4.912000000000001
75	7	2	45.00000000000003	45.00000000000002
75	8	2	45.132	85.40399999999994
75	9	2	45.00000000000003	124.99999999999997
75	10	2	45.012	165.10399999999987
75	11	2	84.87704918032783	5.1229508196721305
75	12	2	85.01200000000003	45.040000000000006
75	13	2	84.952	84.93999999999998
75	14	2	85.01600000000005	125.156
75	15	2	85.52479338842977	165.68595041322322
75	16	2	124.69999999999996	5.000000000000002
75	17	2	124.89200000000002	45.06400000000003
75	18	2	125.03599999999999	84.83200000000001
75	19	2	125.13199999999999	124.59600000000003
75	20	2	125.25714285714291	165.51428571428562
75	21	2	165.03599999999994	5.088
75	22	2	164.97999999999996	45.10399999999999
75	23	2	164.87999999999994	85.09200000000003
75	24	2	164.99999999999994	124.99999999999997
75	25	2	164.90400000000002	164.86799999999994
75	26	1	20.930139720558877	119.9700598802395
75	27	1	69.32534930139714	182.09980039920163
75	28	1	108.85400000000003	173.03800000000015
75	29	1	18.99601593625497	99.08366533864536
75	30	1	31.005976095617534	75.8187250996017
75	31	1	33.06586826347304	58.64870259481037
75	32	1	137.08764940239038	59.193227091633474
75	33	1	75.57884231536927	155.6287425149701
75	34	1	91.26693227091636	191.55776892430285
75	35	1	184.7848605577689	158.07569721115556
75	36	1	123.11155378486062	139.54183266932273
75	37	1	92.49900199600793	98.42514970059881
75	38	1	141.26546906187633	4.311377245508908
75	39	1	152.44311377245515	175.27744510978042
75	40	1	144.47504990019954	153.82435129740503
75	41	1	96.3193612774451	167.03792415169653
75	42	1	70.42514970059881	20.001996007984012
75	43	1	65.39321357285435	87.75049900199609
75	44	1	183.9960079840319	94.62275449101803
75	45	1	111.00400000000005	146.85599999999988
76	1	2	4.959999999999995	4.979999999999998
76	2	2	4.944	45.03600000000001
76	3	2	4.877049180327865	84.87704918032787
76	4	2	4.877049180327865	125.1229508196721
76	5	2	5.036000000000001	164.9400000000001
76	6	2	45.027999999999984	4.912000000000001
76	7	2	45.00000000000003	45.00000000000002
76	8	2	45.132	85.40399999999994
76	9	2	45.00000000000003	124.99999999999997
76	10	2	45.012	165.10399999999987
76	11	2	84.87704918032783	5.1229508196721305
76	12	2	85.01200000000003	45.040000000000006
76	13	2	84.952	84.93999999999998
76	14	2	85.01600000000005	125.156
76	15	2	85.52479338842977	165.68595041322322
76	16	2	124.69999999999996	5.000000000000002
76	17	2	124.89200000000002	45.06400000000003
76	18	2	125.03599999999999	84.83200000000001
76	19	2	125.13199999999999	124.59600000000003
76	20	2	125.25714285714291	165.51428571428562
76	21	2	165.03599999999994	5.088
76	22	2	164.97999999999996	45.10399999999999
76	23	2	164.87999999999994	85.09200000000003
76	24	2	164.99999999999994	124.99999999999997
76	25	2	164.90400000000002	164.86799999999994
76	26	1	20.81636726546905	119.91816367265469
76	27	1	69.25697211155371	182.17131474103573
76	28	1	108.8662674650698	172.95009980039927
76	29	1	19.015968063872258	99.09381237524948
76	30	1	30.902195608782428	75.85828343313368
76	31	1	33.145418326693246	58.69721115537849
76	32	1	137.11952191235068	59.209163346613515
76	33	1	75.5568862275449	155.72455089820363
76	34	1	91.14371257485031	191.49700598802391
76	35	1	184.7764471057884	158.19361277445114
76	36	1	123.34860557768921	139.6035856573703
76	37	1	92.5349301397206	98.38323353293414
76	38	1	141.2974051896209	4.293413173652539
76	39	1	152.42514970059887	175.22954091816368
76	40	1	144.64471057884222	153.92814371257495
76	41	1	96.33400000000002	167.07000000000008
76	42	1	70.42315369261468	19.976047904191635
76	43	1	65.46107784431135	87.72055888223545
76	44	1	184.09780439121758	94.61077844311387
76	45	1	111.01992031872514	146.72111553784862
77	1	2	4.959999999999995	4.979999999999998
77	2	2	4.944	45.03600000000001
77	3	2	4.877049180327865	84.87704918032787
77	4	2	4.877049180327865	125.1229508196721
77	5	2	5.036000000000001	164.9400000000001
77	6	2	45.027999999999984	4.912000000000001
77	7	2	45.00000000000003	45.00000000000002
77	8	2	45.132	85.40399999999994
77	9	2	45.00000000000003	124.99999999999997
77	10	2	45.012	165.10399999999987
77	11	2	84.87704918032783	5.1229508196721305
77	12	2	85.01200000000003	45.040000000000006
77	13	2	84.952	84.93999999999998
77	14	2	85.01600000000005	125.156
77	15	2	85.52479338842977	165.68595041322322
77	16	2	124.69999999999996	5.000000000000002
77	17	2	124.89200000000002	45.06400000000003
77	18	2	125.03599999999999	84.83200000000001
77	19	2	125.13199999999999	124.59600000000003
77	20	2	125.25714285714291	165.51428571428562
77	21	2	165.03599999999994	5.088
77	22	2	164.97999999999996	45.10399999999999
77	23	2	164.87999999999994	85.09200000000003
77	24	2	164.99999999999994	124.99999999999997
77	25	2	164.90400000000002	164.86799999999994
77	26	1	20.81000000000001	119.84799999999997
77	27	1	69.26200000000003	182.128
77	28	1	108.92031872509952	172.94422310756983
77	29	1	18.95800000000001	99.18599999999994
77	30	1	30.76294820717131	75.94223107569724
77	31	1	33.24302788844621	58.653386454183256
77	32	1	137.19161676646706	59.19760479041923
77	33	1	75.62350597609563	155.65737051792848
77	34	1	91.02589641434261	191.47609561752972
77	35	1	184.79241516966067	158.24351297405198
77	36	1	123.4541832669323	139.67131474103587
77	37	1	92.60079840319365	98.29740518962072
77	38	1	141.32335329341302	4.239520958083887
77	39	1	152.41399999999982	175.22399999999996
77	40	1	144.71200000000016	153.98399999999998
77	41	1	96.36254980079673	167.03585657370505
77	42	1	70.33067729083669	19.940239043824704
77	43	1	65.48800000000001	87.66799999999989
77	44	1	184.06986027944112	94.59680638722556
77	45	1	111.14371257485028	146.69461077844318
78	1	2	4.959999999999995	4.979999999999998
78	2	2	4.944	45.03600000000001
78	3	2	4.877049180327865	84.87704918032787
78	4	2	4.877049180327865	125.1229508196721
78	5	2	5.036000000000001	164.9400000000001
78	6	2	45.027999999999984	4.912000000000001
78	7	2	45.00000000000003	45.00000000000002
78	8	2	45.132	85.40399999999994
78	9	2	45.00000000000003	124.99999999999997
78	10	2	45.012	165.10399999999987
78	11	2	84.87704918032783	5.1229508196721305
78	12	2	85.01200000000003	45.040000000000006
78	13	2	84.952	84.93999999999998
78	14	2	85.01600000000005	125.156
78	15	2	85.52479338842977	165.68595041322322
78	16	2	124.69999999999996	5.000000000000002
78	17	2	124.89200000000002	45.06400000000003
78	18	2	125.03599999999999	84.83200000000001
78	19	2	125.13199999999999	124.59600000000003
78	20	2	125.25714285714291	165.51428571428562
78	21	2	165.03599999999994	5.088
78	22	2	164.97999999999996	45.10399999999999
78	23	2	164.87999999999994	85.09200000000003
78	24	2	164.99999999999994	124.99999999999997
78	25	2	164.90400000000002	164.86799999999994
78	26	1	20.752495009980052	119.84630738522964
78	27	1	69.24799999999999	182.08599999999996
78	28	1	108.89221556886227	172.81237524950092
78	29	1	19.131736526946113	99.26546906187626
78	30	1	30.42714570858284	76.07185628742529
78	31	1	33.40718562874251	58.6546906187625
78	32	1	137.19760479041923	59.17165668662681
78	33	1	75.61630218687864	155.68190854870775
78	34	1	90.86599999999996	191.33200000000008
78	35	1	184.74800000000002	158.30800000000005
78	36	1	123.6367265469061	139.73652694610783
78	37	1	92.65936254980083	98.11155378486055
78	38	1	141.39520958083824	4.171656686626704
78	39	1	152.40999999999997	175.2
78	40	1	144.7684630738523	153.9840319361277
78	41	1	96.3952095808383	167.02395209580834
78	42	1	70.31936127744511	19.880239520958092
78	43	1	65.61752988047812	87.62350597609571
78	44	1	184.07984031936124	94.5628742514971
78	45	1	111.12199999999999	146.60399999999996
79	1	2	4.959999999999995	4.979999999999998
79	2	2	4.944	45.03600000000001
79	3	2	4.877049180327865	84.87704918032787
79	4	2	4.877049180327865	125.1229508196721
79	5	2	5.036000000000001	164.9400000000001
79	6	2	45.027999999999984	4.912000000000001
79	7	2	45.00000000000003	45.00000000000002
79	8	2	45.132	85.40399999999994
79	9	2	45.00000000000003	124.99999999999997
79	10	2	45.012	165.10399999999987
79	11	2	84.87704918032783	5.1229508196721305
79	12	2	85.01200000000003	45.040000000000006
79	13	2	84.952	84.93999999999998
79	14	2	85.01600000000005	125.156
79	15	2	85.52479338842977	165.68595041322322
79	16	2	124.69999999999996	5.000000000000002
79	17	2	124.89200000000002	45.06400000000003
79	18	2	125.03599999999999	84.83200000000001
79	19	2	125.13199999999999	124.59600000000003
79	20	2	125.25714285714291	165.51428571428562
79	21	2	165.03599999999994	5.088
79	22	2	164.97999999999996	45.10399999999999
79	23	2	164.87999999999994	85.09200000000003
79	24	2	164.99999999999994	124.99999999999997
79	25	2	164.90400000000002	164.86799999999994
79	26	1	20.664	119.81200000000001
79	27	1	69.31536926147703	182.00998003992015
79	28	1	108.86227544910173	172.82834331337304
79	29	1	19.131736526946103	99.23153692614765
79	30	1	30.31075697211154	76.22509960159356
79	31	1	33.5019920318725	58.709163346613536
79	32	1	137.22111553784885	59.30478087649405
79	33	1	75.6746506986028	155.5469061876248
79	34	1	90.80039920159687	191.3173652694611
79	35	1	184.8183632734531	158.33133732534915
79	36	1	123.678	139.7820000000001
79	37	1	92.5788423153692	97.9940119760479
79	38	1	141.4211576846306	4.235528942115792
79	39	1	152.38522954091817	175.17564870259488
79	40	1	144.76646706586843	153.97804391217562
79	41	1	96.35728542914165	166.9321357285431
79	42	1	70.27290836653384	19.874501992031878
79	43	1	65.66467065868265	87.6107784431138
79	44	1	184.08982035928142	94.54890219560879
79	45	1	111.19322709163353	146.6095617529879
80	1	2	4.959999999999995	4.979999999999998
80	2	2	4.944	45.03600000000001
80	3	2	4.877049180327865	84.87704918032787
80	4	2	4.877049180327865	125.1229508196721
80	5	2	5.036000000000001	164.9400000000001
80	6	2	45.027999999999984	4.912000000000001
80	7	2	45.00000000000003	45.00000000000002
80	8	2	45.132	85.40399999999994
80	9	2	45.00000000000003	124.99999999999997
80	10	2	45.012	165.10399999999987
80	11	2	84.87704918032783	5.1229508196721305
80	12	2	85.01200000000003	45.040000000000006
80	13	2	84.952	84.93999999999998
80	14	2	85.01600000000005	125.156
80	15	2	85.52479338842977	165.68595041322322
80	16	2	124.69999999999996	5.000000000000002
80	17	2	124.89200000000002	45.06400000000003
80	18	2	125.03599999999999	84.83200000000001
80	19	2	125.13199999999999	124.59600000000003
80	20	2	125.25714285714291	165.51428571428562
80	21	2	165.03599999999994	5.088
80	22	2	164.97999999999996	45.10399999999999
80	23	2	164.87999999999994	85.09200000000003
80	24	2	164.99999999999994	124.99999999999997
80	25	2	164.90400000000002	164.86799999999994
80	26	1	20.67065868263476	119.71257485029938
80	27	1	69.34930139720568	182.03792415169642
80	28	1	108.8426294820717	172.77091633466142
80	29	1	19.2255489021956	99.20758483033929
80	30	1	30.25548902195607	76.28143712574848
80	31	1	33.62475049900197	58.72255489021955
80	32	1	137.2410358565739	59.23306772908368
80	33	1	75.78642714570859	155.497005988024
80	34	1	90.72455089820366	191.28143712574848
80	35	1	184.77245508982037	158.56686626746497
80	36	1	123.65600000000005	139.77199999999988
80	37	1	92.57684630738521	97.91017964071851
80	38	1	141.47904191616766	4.249500998004208
80	39	1	152.31536926147712	175.19960079840314
80	40	1	144.79640718562868	154.03792415169664
80	41	1	96.40599999999986	166.96600000000004
80	42	1	70.29282868525885	19.705179282868528
80	43	1	65.72800000000002	87.48000000000003
80	44	1	184.1676646706587	94.56686626746502
80	45	1	111.20558882235528	146.57085828343307
81	1	2	4.959999999999995	4.979999999999998
81	2	2	4.944	45.03600000000001
81	3	2	4.877049180327865	84.87704918032787
81	4	2	4.877049180327865	125.1229508196721
81	5	2	5.036000000000001	164.9400000000001
81	6	2	45.027999999999984	4.912000000000001
81	7	2	45.00000000000003	45.00000000000002
81	8	2	45.132	85.40399999999994
81	9	2	45.00000000000003	124.99999999999997
81	10	2	45.012	165.10399999999987
81	11	2	84.87704918032783	5.1229508196721305
81	12	2	85.01200000000003	45.040000000000006
81	13	2	84.952	84.93999999999998
81	14	2	85.01600000000005	125.156
81	15	2	85.52479338842977	165.68595041322322
81	16	2	124.69999999999996	5.000000000000002
81	17	2	124.89200000000002	45.06400000000003
81	18	2	125.03599999999999	84.83200000000001
81	19	2	125.13199999999999	124.59600000000003
81	20	2	125.25714285714291	165.51428571428562
81	21	2	165.03599999999994	5.088
81	22	2	164.97999999999996	45.10399999999999
81	23	2	164.87999999999994	85.09200000000003
81	24	2	164.99999999999994	124.99999999999997
81	25	2	164.90400000000002	164.86799999999994
81	26	1	20.74650698602795	119.69860279441116
81	27	1	69.32135728542916	181.97804391217554
81	28	1	108.83033932135727	172.77844311377245
81	29	1	19.23260437375745	99.31013916500984
81	30	1	30.113772455089812	76.34331337325344
81	31	1	33.70459081836328	58.758483033932144
81	32	1	137.30677290836644	59.21713147410357
81	33	1	75.84431137724552	155.38922155688613
81	34	1	90.54091816367263	191.23552894211565
81	35	1	184.76247504990022	158.560878243513
81	36	1	123.81037924151684	139.79441117764492
81	37	1	92.63473053892223	97.80439121756476
81	38	1	141.56573705179292	4.250996015936238
81	39	1	152.32200000000006	175.242
81	40	1	144.9422310756971	154.1374501992033
81	41	1	96.43824701195224	166.9342629482073
81	42	1	70.1892430278884	19.643426294820703
81	43	1	65.82235528942117	87.42914171656687
81	44	1	184.20517928286853	94.48605577689253
81	45	1	111.3073852295409	146.53293413173634
82	1	2	4.959999999999995	4.979999999999998
82	2	2	4.944	45.03600000000001
82	3	2	4.877049180327865	84.87704918032787
82	4	2	4.877049180327865	125.1229508196721
82	5	2	5.036000000000001	164.9400000000001
82	6	2	45.027999999999984	4.912000000000001
82	7	2	45.00000000000003	45.00000000000002
82	8	2	45.132	85.40399999999994
82	9	2	45.00000000000003	124.99999999999997
82	10	2	45.012	165.10399999999987
82	11	2	84.87704918032783	5.1229508196721305
82	12	2	85.01200000000003	45.040000000000006
82	13	2	84.952	84.93999999999998
82	14	2	85.01600000000005	125.156
82	15	2	85.52479338842977	165.68595041322322
82	16	2	124.69999999999996	5.000000000000002
82	17	2	124.89200000000002	45.06400000000003
82	18	2	125.03599999999999	84.83200000000001
82	19	2	125.13199999999999	124.59600000000003
82	20	2	125.25714285714291	165.51428571428562
82	21	2	165.03599999999994	5.088
82	22	2	164.97999999999996	45.10399999999999
82	23	2	164.87999999999994	85.09200000000003
82	24	2	164.99999999999994	124.99999999999997
82	25	2	164.90400000000002	164.86799999999994
82	26	1	20.740518962075836	119.71856287425149
82	27	1	69.35728542914171	181.9960079840321
82	28	1	108.8585657370518	172.59960159362566
82	29	1	19.241516966067863	99.3353293413173
82	30	1	30.01796407185629	76.48103792415176
82	31	1	33.79681274900398	58.67330677290839
82	32	1	137.27345309381235	59.14970059880241
82	33	1	75.83233532934123	155.3892215568863
82	34	1	90.51792828685258	191.18924302788832
82	35	1	184.72654690618765	158.56686626746495
82	36	1	123.9021956087824	139.83033932135726
82	37	1	92.58283433133735	97.56287425149709
82	38	1	141.52495009980058	4.249500998004038
82	39	1	152.23399999999995	175.18200000000002
82	40	1	145.0139720558882	154.14171656686594
82	41	1	96.44510978043917	166.95608782435124
82	42	1	70.24599999999994	19.611999999999995
82	43	1	65.84630738522954	87.37325349301396
82	44	1	184.23752495009978	94.5049900199601
82	45	1	111.31800000000003	146.45200000000014
83	1	2	4.959999999999995	4.979999999999998
83	2	2	4.944	45.03600000000001
83	3	2	4.877049180327865	84.87704918032787
83	4	2	4.877049180327865	125.1229508196721
83	5	2	5.036000000000001	164.9400000000001
83	6	2	45.027999999999984	4.912000000000001
83	7	2	45.00000000000003	45.00000000000002
83	8	2	45.132	85.40399999999994
83	9	2	45.00000000000003	124.99999999999997
83	10	2	45.012	165.10399999999987
83	11	2	84.87704918032783	5.1229508196721305
83	12	2	85.01200000000003	45.040000000000006
83	13	2	84.952	84.93999999999998
83	14	2	85.01600000000005	125.156
83	15	2	85.52479338842977	165.68595041322322
83	16	2	124.69999999999996	5.000000000000002
83	17	2	124.89200000000002	45.06400000000003
83	18	2	125.03599999999999	84.83200000000001
83	19	2	125.13199999999999	124.59600000000003
83	20	2	125.25714285714291	165.51428571428562
83	21	2	165.03599999999994	5.088
83	22	2	164.97999999999996	45.10399999999999
83	23	2	164.87999999999994	85.09200000000003
83	24	2	164.99999999999994	124.99999999999997
83	25	2	164.90400000000002	164.86799999999994
83	26	1	20.71199999999999	119.72000000000006
83	27	1	69.3313373253492	181.96207584830333
83	28	1	108.82999999999991	172.544
83	29	1	19.32734530938124	99.39720558882237
83	30	1	29.856573705179297	76.61354581673308
83	31	1	34.019960079840295	58.67065868263473
83	32	1	137.30738522954087	59.12974051896205
83	33	1	75.81673306772907	155.37051792828683
83	34	1	90.324	191.13200000000006
83	35	1	184.768	158.68399999999988
83	36	1	123.95019920318722	139.84262948207177
83	37	1	92.55000000000007	97.55200000000004
83	38	1	141.60678642714586	4.211576846307281
83	39	1	152.22999999999996	175.1319999999999
83	40	1	145.08600000000004	154.17599999999996
83	41	1	96.44311377245513	166.9840319361277
83	42	1	70.26400000000002	19.525999999999975
83	43	1	65.80638722554893	87.34530938123751
83	44	1	184.3253493013972	94.56686626746504
83	45	1	111.34730538922162	146.4510978043912
84	1	2	4.959999999999995	4.979999999999998
84	2	2	4.944	45.03600000000001
84	3	2	4.877049180327865	84.87704918032787
84	4	2	4.877049180327865	125.1229508196721
84	5	2	5.036000000000001	164.9400000000001
84	6	2	45.027999999999984	4.912000000000001
84	7	2	45.00000000000003	45.00000000000002
84	8	2	45.132	85.40399999999994
84	9	2	45.00000000000003	124.99999999999997
84	10	2	45.012	165.10399999999987
84	11	2	84.87704918032783	5.1229508196721305
84	12	2	85.01200000000003	45.040000000000006
84	13	2	84.952	84.93999999999998
84	14	2	85.01600000000005	125.156
84	15	2	85.52479338842977	165.68595041322322
84	16	2	124.69999999999996	5.000000000000002
84	17	2	124.89200000000002	45.06400000000003
84	18	2	125.03599999999999	84.83200000000001
84	19	2	125.13199999999999	124.59600000000003
84	20	2	125.25714285714291	165.51428571428562
84	21	2	165.03599999999994	5.088
84	22	2	164.97999999999996	45.10399999999999
84	23	2	164.87999999999994	85.09200000000003
84	24	2	164.99999999999994	124.99999999999997
84	25	2	164.90400000000002	164.86799999999994
84	26	1	20.770916334661347	119.80478087649404
84	27	1	69.34600000000003	181.90200000000002
84	28	1	108.84231536926147	172.55888223552904
84	29	1	19.329341317365277	99.48902195608787
84	30	1	29.72310756972115	76.63944223107563
84	31	1	34.30339321357284	58.684630738522955
84	32	1	137.33532934131728	59.189620758483024
84	33	1	75.79041916167671	155.4151696606786
84	34	1	90.36526946107784	191.12974051896214
84	35	1	184.74850299401197	158.80638722554886
84	36	1	124.03792415169656	139.9221556886228
84	37	1	92.48902195608784	97.373253493014
84	38	1	141.66400000000007	4.2840000000001055
84	39	1	152.20399999999992	175.18399999999983
84	40	1	145.09780439121775	154.15768463073843
84	41	1	96.45309381237527	166.97205588822337
84	42	1	70.27544910179637	19.42514970059879
84	43	1	65.78642714570861	87.23153692614775
84	44	1	184.38323353293413	94.58283433133728
84	45	1	111.30339321357292	146.41716566866253
85	1	2	4.959999999999995	4.979999999999998
85	2	2	4.944	45.03600000000001
85	3	2	4.877049180327865	84.87704918032787
85	4	2	4.877049180327865	125.1229508196721
85	5	2	5.036000000000001	164.9400000000001
85	6	2	45.027999999999984	4.912000000000001
85	7	2	45.00000000000003	45.00000000000002
85	8	2	45.132	85.40399999999994
85	9	2	45.00000000000003	124.99999999999997
85	10	2	45.012	165.10399999999987
85	11	2	84.87704918032783	5.1229508196721305
85	12	2	85.01200000000003	45.040000000000006
85	13	2	84.952	84.93999999999998
85	14	2	85.01600000000005	125.156
85	15	2	85.52479338842977	165.68595041322322
85	16	2	124.69999999999996	5.000000000000002
85	17	2	124.89200000000002	45.06400000000003
85	18	2	125.03599999999999	84.83200000000001
85	19	2	125.13199999999999	124.59600000000003
85	20	2	125.25714285714291	165.51428571428562
85	21	2	165.03599999999994	5.088
85	22	2	164.97999999999996	45.10399999999999
85	23	2	164.87999999999994	85.09200000000003
85	24	2	164.99999999999994	124.99999999999997
85	25	2	164.90400000000002	164.86799999999994
85	26	1	20.651394422310744	119.72709163346617
85	27	1	69.26494023904371	181.92828685258974
85	28	1	108.85628742514969	172.39920159680645
85	29	1	19.311377245508993	99.4710578842315
85	30	1	29.51097804391219	76.84830339321343
85	31	1	34.58764940239045	58.770916334661365
85	32	1	137.3772455089819	59.1556886227545
85	33	1	75.73000000000008	155.508
85	34	1	90.2768924302789	191.08764940239035
85	35	1	184.66334661354583	158.98605577689236
85	36	1	124.02395209580844	139.94211576846305
85	37	1	92.54183266932279	97.28286852589635
85	38	1	141.66334661354594	4.219123505976228
85	39	1	152.28542914171658	175.195608782435
85	40	1	145.18725099601593	154.18725099601613
85	41	1	96.43512974051899	167.061876247505
85	42	1	70.354	19.390000000000004
85	43	1	65.8063872255489	87.22554890219563
85	44	1	184.44199999999998	94.52599999999994
85	45	1	111.362	146.448
86	1	2	4.959999999999995	4.979999999999998
86	2	2	4.944	45.03600000000001
86	3	2	4.877049180327865	84.87704918032787
86	4	2	4.877049180327865	125.1229508196721
86	5	2	5.036000000000001	164.9400000000001
86	6	2	45.027999999999984	4.912000000000001
86	7	2	45.00000000000003	45.00000000000002
86	8	2	45.132	85.40399999999994
86	9	2	45.00000000000003	124.99999999999997
86	10	2	45.012	165.10399999999987
86	11	2	84.87704918032783	5.1229508196721305
86	12	2	85.01200000000003	45.040000000000006
86	13	2	84.952	84.93999999999998
86	14	2	85.01600000000005	125.156
86	15	2	85.52479338842977	165.68595041322322
86	16	2	124.69999999999996	5.000000000000002
86	17	2	124.89200000000002	45.06400000000003
86	18	2	125.03599999999999	84.83200000000001
86	19	2	125.13199999999999	124.59600000000003
86	20	2	125.25714285714291	165.51428571428562
86	21	2	165.03599999999994	5.088
86	22	2	164.97999999999996	45.10399999999999
86	23	2	164.87999999999994	85.09200000000003
86	24	2	164.99999999999994	124.99999999999997
86	25	2	164.90400000000002	164.86799999999994
86	26	1	20.586	119.75400000000008
86	27	1	69.28942115768469	181.8502994011976
86	28	1	108.8403193612775	172.39121756487023
86	29	1	19.318725099601583	99.55577689243023
86	30	1	29.42	77.04600000000003
86	31	1	34.69721115537849	58.800796812749034
86	32	1	137.3772455089819	59.1556886227545
86	33	1	75.71457085828342	155.51097804391213
86	34	1	90.2191235059761	191.05776892430276
86	35	1	184.62874251497004	159.07784431137722
86	36	1	124.09199999999989	139.93799999999982
86	37	1	92.5449101796408	97.22155688622757
86	38	1	141.65269461077864	4.275449101796255
86	39	1	152.34930139720532	175.19560878243504
86	40	1	145.22754491017966	154.18762475049894
86	41	1	96.47200000000004	166.97000000000006
86	42	1	70.37450199203185	19.344621513944247
86	43	1	65.84800000000004	87.16199999999999
86	44	1	184.45309381237524	94.58682634730538
86	45	1	111.39720558882233	146.43512974051876
87	1	2	4.959999999999995	4.979999999999998
87	2	2	4.944	45.03600000000001
87	3	2	4.877049180327865	84.87704918032787
87	4	2	4.877049180327865	125.1229508196721
87	5	2	5.036000000000001	164.9400000000001
87	6	2	45.027999999999984	4.912000000000001
87	7	2	45.00000000000003	45.00000000000002
87	8	2	45.132	85.40399999999994
87	9	2	45.00000000000003	124.99999999999997
87	10	2	45.012	165.10399999999987
87	11	2	84.87704918032783	5.1229508196721305
87	12	2	85.01200000000003	45.040000000000006
87	13	2	84.952	84.93999999999998
87	14	2	85.01600000000005	125.156
87	15	2	85.52479338842977	165.68595041322322
87	16	2	124.69999999999996	5.000000000000002
87	17	2	124.89200000000002	45.06400000000003
87	18	2	125.03599999999999	84.83200000000001
87	19	2	125.13199999999999	124.59600000000003
87	20	2	125.25714285714291	165.51428571428562
87	21	2	165.03599999999994	5.088
87	22	2	164.97999999999996	45.10399999999999
87	23	2	164.87999999999994	85.09200000000003
87	24	2	164.99999999999994	124.99999999999997
87	25	2	164.90400000000002	164.86799999999994
87	26	1	20.63473053892218	119.81237524950105
87	27	1	69.25399999999996	181.81400000000002
87	28	1	108.84231536926153	172.38922155688618
87	29	1	19.35329341317364	99.60878243512967
87	30	1	29.2544731610338	77.24055666003977
87	31	1	34.816000000000024	58.850000000000016
87	32	1	137.4031936127745	59.07185628742514
87	33	1	75.75848303393208	155.50698602794412
87	34	1	90.16966067864273	190.97405189620773
87	35	1	184.69061876247505	159.16566866267465
87	36	1	124.1676646706586	140.03992015968078
87	37	1	92.47609561752981	97.215139442231
87	38	1	141.66866267465082	4.2614770459082365
87	39	1	152.36726546906186	175.2255489021956
87	40	1	145.2420000000001	154.2059999999998
87	41	1	96.47200000000004	166.97000000000006
87	42	1	70.40999999999998	19.382000000000005
87	43	1	65.91017964071852	87.01996007984033
87	44	1	184.58682634730542	94.50898203592813
87	45	1	111.34462151394418	146.38645418326706
88	1	2	4.959999999999995	4.979999999999998
88	2	2	4.944	45.03600000000001
88	3	2	4.877049180327865	84.87704918032787
88	4	2	4.877049180327865	125.1229508196721
88	5	2	5.036000000000001	164.9400000000001
88	6	2	45.027999999999984	4.912000000000001
88	7	2	45.00000000000003	45.00000000000002
88	8	2	45.132	85.40399999999994
88	9	2	45.00000000000003	124.99999999999997
88	10	2	45.012	165.10399999999987
88	11	2	84.87704918032783	5.1229508196721305
88	12	2	85.01200000000003	45.040000000000006
88	13	2	84.952	84.93999999999998
88	14	2	85.01600000000005	125.156
88	15	2	85.52479338842977	165.68595041322322
88	16	2	124.69999999999996	5.000000000000002
88	17	2	124.89200000000002	45.06400000000003
88	18	2	125.03599999999999	84.83200000000001
88	19	2	125.13199999999999	124.59600000000003
88	20	2	125.25714285714291	165.51428571428562
88	21	2	165.03599999999994	5.088
88	22	2	164.97999999999996	45.10399999999999
88	23	2	164.87999999999994	85.09200000000003
88	24	2	164.99999999999994	124.99999999999997
88	25	2	164.90400000000002	164.86799999999994
88	26	1	20.55999999999999	119.83000000000001
88	27	1	69.30999999999997	181.75200000000012
88	28	1	108.81200000000007	172.33999999999978
88	29	1	19.32934131736525	99.59880239520962
88	30	1	29.149402390438247	77.41832669322716
88	31	1	34.98000000000002	58.968
88	32	1	137.4163346613546	59.05976095617531
88	33	1	75.85229540918165	155.3932135728543
88	34	1	90.02204408817634	190.94789579158302
88	35	1	184.61599999999996	159.36000000000018
88	36	1	124.39600000000006	140.258
88	37	1	92.38123752495011	97.24351297405187
88	38	1	141.69061876247514	4.273453093812492
88	39	1	152.37199999999987	175.2280000000001
88	40	1	145.42231075697234	154.16533864541827
88	41	1	96.47105788423154	166.93612774451105
88	42	1	70.29940119760487	19.347305389221553
88	43	1	65.99800796812745	87.01992031872501
88	44	1	184.66067864271457	94.51297405189617
88	45	1	111.38522954091825	146.35129740518963
89	1	2	4.959999999999995	4.979999999999998
89	2	2	4.944	45.03600000000001
89	3	2	4.877049180327865	84.87704918032787
89	4	2	4.877049180327865	125.1229508196721
89	5	2	5.036000000000001	164.9400000000001
89	6	2	45.027999999999984	4.912000000000001
89	7	2	45.00000000000003	45.00000000000002
89	8	2	45.132	85.40399999999994
89	9	2	45.00000000000003	124.99999999999997
89	10	2	45.012	165.10399999999987
89	11	2	84.87704918032783	5.1229508196721305
89	12	2	85.01200000000003	45.040000000000006
89	13	2	84.952	84.93999999999998
89	14	2	85.01600000000005	125.156
89	15	2	85.52479338842977	165.68595041322322
89	16	2	124.69999999999996	5.000000000000002
89	17	2	124.89200000000002	45.06400000000003
89	18	2	125.03599999999999	84.83200000000001
89	19	2	125.13199999999999	124.59600000000003
89	20	2	125.25714285714291	165.51428571428562
89	21	2	165.03599999999994	5.088
89	22	2	164.97999999999996	45.10399999999999
89	23	2	164.87999999999994	85.09200000000003
89	24	2	164.99999999999994	124.99999999999997
89	25	2	164.90400000000002	164.86799999999994
89	26	1	20.532934131736543	119.75449101796411
89	27	1	69.20800000000001	181.82000000000008
89	28	1	108.74599999999998	172.29000000000005
89	29	1	19.22954091816369	99.55089820359278
89	30	1	29.061752988047825	77.4302788844622
89	31	1	35.137724550898206	58.99001996007983
89	32	1	137.45309381237527	59.04990019960079
89	33	1	75.87025948103793	155.37125748503
89	34	1	89.91217564870261	190.77045908183626
89	35	1	184.52999999999997	159.53200000000015
89	36	1	124.49900199600793	140.35129740518957
89	37	1	92.30339321357283	97.19960079840308
89	38	1	141.68199999999996	4.33199999999988
89	39	1	152.41117764471045	175.2315369261478
89	40	1	145.43912175648688	154.10978043912183
89	41	1	96.49500998003992	166.84231536926148
89	42	1	70.27200000000006	19.28999999999998
89	43	1	66.10399999999994	86.98999999999995
89	44	1	184.73453093812375	94.50898203592813
89	45	1	111.41200000000002	146.3259999999999
90	1	2	4.959999999999995	4.979999999999998
90	2	2	4.944	45.03600000000001
90	3	2	4.877049180327865	84.87704918032787
90	4	2	4.877049180327865	125.1229508196721
90	5	2	5.036000000000001	164.9400000000001
90	6	2	45.027999999999984	4.912000000000001
90	7	2	45.00000000000003	45.00000000000002
90	8	2	45.132	85.40399999999994
90	9	2	45.00000000000003	124.99999999999997
90	10	2	45.012	165.10399999999987
90	11	2	84.87704918032783	5.1229508196721305
90	12	2	85.01200000000003	45.040000000000006
90	13	2	84.952	84.93999999999998
90	14	2	85.01600000000005	125.156
90	15	2	85.52479338842977	165.68595041322322
90	16	2	124.69999999999996	5.000000000000002
90	17	2	124.89200000000002	45.06400000000003
90	18	2	125.03599999999999	84.83200000000001
90	19	2	125.13199999999999	124.59600000000003
90	20	2	125.25714285714291	165.51428571428562
90	21	2	165.03599999999994	5.088
90	22	2	164.97999999999996	45.10399999999999
90	23	2	164.87999999999994	85.09200000000003
90	24	2	164.99999999999994	124.99999999999997
90	25	2	164.90400000000002	164.86799999999994
90	26	1	20.558882235528944	119.81437125748504
90	27	1	69.20958083832328	181.8223552894211
90	28	1	108.75999999999995	172.148
90	29	1	19.239520958083837	99.59081836327344
90	30	1	29.015936254980073	77.51992031872511
90	31	1	35.2954091816367	59.037924151696586
90	32	1	137.4910179640718	58.97604790419165
90	33	1	75.91800000000003	155.32799999999995
90	34	1	89.81800000000003	190.70600000000013
90	35	1	184.5816733067729	159.58366533864546
90	36	1	124.55776892430279	140.36254980079693
90	37	1	92.2075848303393	97.19361277445114
90	38	1	141.66467065868275	4.37524950099791
90	39	1	152.38799999999995	175.22400000000005
90	40	1	145.4550898203593	154.13572854291414
90	41	1	96.49500998003992	166.91217564870252
90	42	1	70.13772455089827	19.185628742514965
90	43	1	66.13772455089816	86.87025948103796
90	44	1	184.874251497006	94.44510978043913
90	45	1	111.41799999999998	146.29200000000006
91	1	2	4.959999999999995	4.979999999999998
91	2	2	4.944	45.03600000000001
91	3	2	4.877049180327865	84.87704918032787
91	4	2	4.877049180327865	125.1229508196721
91	5	2	5.036000000000001	164.9400000000001
91	6	2	45.027999999999984	4.912000000000001
91	7	2	45.00000000000003	45.00000000000002
91	8	2	45.132	85.40399999999994
91	9	2	45.00000000000003	124.99999999999997
91	10	2	45.012	165.10399999999987
91	11	2	84.87704918032783	5.1229508196721305
91	12	2	85.01200000000003	45.040000000000006
91	13	2	84.952	84.93999999999998
91	14	2	85.01600000000005	125.156
91	15	2	85.52479338842977	165.68595041322322
91	16	2	124.69999999999996	5.000000000000002
91	17	2	124.89200000000002	45.06400000000003
91	18	2	125.03599999999999	84.83200000000001
91	19	2	125.13199999999999	124.59600000000003
91	20	2	125.25714285714291	165.51428571428562
91	21	2	165.03599999999994	5.088
91	22	2	164.97999999999996	45.10399999999999
91	23	2	164.87999999999994	85.09200000000003
91	24	2	164.99999999999994	124.99999999999997
91	25	2	164.90400000000002	164.86799999999994
91	26	1	20.600798403193618	119.83832335329355
91	27	1	69.19999999999995	181.90000000000003
91	28	1	108.69261477045903	172.10179640718573
91	29	1	19.31736526946108	99.67664670658677
91	30	1	28.896414342629484	77.56175298804777
91	31	1	35.48502994011976	59.11377245508984
91	32	1	137.46599999999992	58.938
91	33	1	75.86454183266926	155.3984063745018
91	34	1	89.746506986028	190.65269461077844
91	35	1	184.5309381237525	159.73453093812373
91	36	1	124.60400000000001	140.34800000000004
91	37	1	92.1639999999999	97.21400000000003
91	38	1	141.67465069860268	4.35728542914174
91	39	1	152.39599999999996	175.22200000000004
91	40	1	145.47305389221555	154.15768463073846
91	41	1	96.5109780439122	166.71656686626727
91	42	1	70.18962075848303	19.15169660678642
91	43	1	66.17165668662675	86.83433133732544
91	44	1	184.94211576846308	94.46906187624751
91	45	1	111.45800000000004	146.26000000000008
92	1	2	4.959999999999995	4.979999999999998
92	2	2	4.944	45.03600000000001
92	3	2	4.877049180327865	84.87704918032787
92	4	2	4.877049180327865	125.1229508196721
92	5	2	5.036000000000001	164.9400000000001
92	6	2	45.027999999999984	4.912000000000001
92	7	2	45.00000000000003	45.00000000000002
92	8	2	45.132	85.40399999999994
92	9	2	45.00000000000003	124.99999999999997
92	10	2	45.012	165.10399999999987
92	11	2	84.87704918032783	5.1229508196721305
92	12	2	85.01200000000003	45.040000000000006
92	13	2	84.952	84.93999999999998
92	14	2	85.01600000000005	125.156
92	15	2	85.52479338842977	165.68595041322322
92	16	2	124.69999999999996	5.000000000000002
92	17	2	124.89200000000002	45.06400000000003
92	18	2	125.03599999999999	84.83200000000001
92	19	2	125.13199999999999	124.59600000000003
92	20	2	125.25714285714291	165.51428571428562
92	21	2	165.03599999999994	5.088
92	22	2	164.97999999999996	45.10399999999999
92	23	2	164.87999999999994	85.09200000000003
92	24	2	164.99999999999994	124.99999999999997
92	25	2	164.90400000000002	164.86799999999994
92	26	1	20.617529880478088	119.81075697211156
92	27	1	69.14400000000006	181.77800000000016
92	28	1	108.6494023904382	172.0537848605577
92	29	1	19.215999999999987	99.70799999999994
92	30	1	28.778443113772425	77.51896207584832
92	31	1	35.708582834331324	59.099800399201655
92	32	1	137.45109780439125	58.88023952095808
92	33	1	75.98000000000005	155.2960000000002
92	34	1	89.56573705179288	190.56573705179272
92	35	1	184.52894211576844	159.82035928143728
92	36	1	124.66467065868268	140.39720558882226
92	37	1	92.0339321357286	97.2495009980039
92	38	1	141.60079840319347	4.307385229541097
92	39	1	152.40836653386432	175.22709163346602
92	40	1	145.60159362549808	154.07569721115536
92	41	1	96.54890219560882	166.67465069860287
92	42	1	70.2095808383234	19.101796407185628
92	43	1	66.1497005988024	86.71257485029945
92	44	1	184.94011976047906	94.40718562874257
92	45	1	111.50898203592813	146.25349301397208
93	1	2	4.959999999999995	4.979999999999998
93	2	2	4.944	45.03600000000001
93	3	2	4.877049180327865	84.87704918032787
93	4	2	4.877049180327865	125.1229508196721
93	5	2	5.036000000000001	164.9400000000001
93	6	2	45.027999999999984	4.912000000000001
93	7	2	45.00000000000003	45.00000000000002
93	8	2	45.132	85.40399999999994
93	9	2	45.00000000000003	124.99999999999997
93	10	2	45.012	165.10399999999987
93	11	2	84.87704918032783	5.1229508196721305
93	12	2	85.01200000000003	45.040000000000006
93	13	2	84.952	84.93999999999998
93	14	2	85.01600000000005	125.156
93	15	2	85.52479338842977	165.68595041322322
93	16	2	124.69999999999996	5.000000000000002
93	17	2	124.89200000000002	45.06400000000003
93	18	2	125.03599999999999	84.83200000000001
93	19	2	125.13199999999999	124.59600000000003
93	20	2	125.25714285714291	165.51428571428562
93	21	2	165.03599999999994	5.088
93	22	2	164.97999999999996	45.10399999999999
93	23	2	164.87999999999994	85.09200000000003
93	24	2	164.99999999999994	124.99999999999997
93	25	2	164.90400000000002	164.86799999999994
93	26	1	20.60799999999999	119.86199999999998
93	27	1	69.188	181.78799999999978
93	28	1	108.6307385229541	171.8882235528943
93	29	1	19.25548902195609	99.67265469061876
93	30	1	28.656686626746517	77.66267465069865
93	31	1	35.866533864541815	59.34262948207169
93	32	1	137.4710578842315	58.9081836327345
93	33	1	75.91035856573698	155.41434262948206
93	34	1	89.55289421157691	190.50099800399204
93	35	1	184.50796812749002	159.96812749003968
93	36	1	124.7045908183633	140.45309381237527
93	37	1	92.10179640718572	97.2215568862275
93	38	1	141.55489021956086	4.297405189620633
93	39	1	152.37799999999987	175.192
93	40	1	145.66199999999995	154.01600000000008
93	41	1	96.584	166.60599999999988
93	42	1	70.20558882235534	19.085828343313363
93	43	1	66.18962075848303	86.66866267465073
93	44	1	184.99003984063748	94.36454183266925
93	45	1	111.5560000000001	146.252
94	1	2	4.959999999999995	4.979999999999998
94	2	2	4.944	45.03600000000001
94	3	2	4.877049180327865	84.87704918032787
94	4	2	4.877049180327865	125.1229508196721
94	5	2	5.036000000000001	164.9400000000001
94	6	2	45.027999999999984	4.912000000000001
94	7	2	45.00000000000003	45.00000000000002
94	8	2	45.132	85.40399999999994
94	9	2	45.00000000000003	124.99999999999997
94	10	2	45.012	165.10399999999987
94	11	2	84.87704918032783	5.1229508196721305
94	12	2	85.01200000000003	45.040000000000006
94	13	2	84.952	84.93999999999998
94	14	2	85.01600000000005	125.156
94	15	2	85.52479338842977	165.68595041322322
94	16	2	124.69999999999996	5.000000000000002
94	17	2	124.89200000000002	45.06400000000003
94	18	2	125.03599999999999	84.83200000000001
94	19	2	125.13199999999999	124.59600000000003
94	20	2	125.25714285714291	165.51428571428562
94	21	2	165.03599999999994	5.088
94	22	2	164.97999999999996	45.10399999999999
94	23	2	164.87999999999994	85.09200000000003
94	24	2	164.99999999999994	124.99999999999997
94	25	2	164.90400000000002	164.86799999999994
94	26	1	20.60799999999999	119.86199999999998
94	27	1	69.12375249500994	181.83033932135723
94	28	1	108.57485029940122	171.9101796407186
94	29	1	19.201999999999998	99.70799999999996
94	30	1	28.48902195608782	77.83632734530936
94	31	1	36.00000000000005	59.42714570858282
94	32	1	137.43399999999997	58.92400000000001
94	33	1	75.952	155.40199999999993
94	34	1	89.44910179640719	190.40718562874252
94	35	1	184.49700598802397	160.07584830339317
94	36	1	124.76399999999998	140.514
94	37	1	92.07370517928291	97.11752988047813
94	38	1	141.63872255489036	4.331337325349239
94	39	1	152.387225548902	175.2115768463074
94	40	1	145.6447105788424	154.0618762475049
94	41	1	96.6020000000001	166.5319999999998
94	42	1	70.18962075848306	19.075848303393208
94	43	1	66.1896207584831	86.67465069860279
94	44	1	185.066	94.30999999999997
94	45	1	111.52999999999999	146.1879999999999
95	1	2	4.959999999999995	4.979999999999998
95	2	2	4.944	45.03600000000001
95	3	2	4.877049180327865	84.87704918032787
95	4	2	4.877049180327865	125.1229508196721
95	5	2	5.036000000000001	164.9400000000001
95	6	2	45.027999999999984	4.912000000000001
95	7	2	45.00000000000003	45.00000000000002
95	8	2	45.132	85.40399999999994
95	9	2	45.00000000000003	124.99999999999997
95	10	2	45.012	165.10399999999987
95	11	2	84.87704918032783	5.1229508196721305
95	12	2	85.01200000000003	45.040000000000006
95	13	2	84.952	84.93999999999998
95	14	2	85.01600000000005	125.156
95	15	2	85.52479338842977	165.68595041322322
95	16	2	124.69999999999996	5.000000000000002
95	17	2	124.89200000000002	45.06400000000003
95	18	2	125.03599999999999	84.83200000000001
95	19	2	125.13199999999999	124.59600000000003
95	20	2	125.25714285714291	165.51428571428562
95	21	2	165.03599999999994	5.088
95	22	2	164.97999999999996	45.10399999999999
95	23	2	164.87999999999994	85.09200000000003
95	24	2	164.99999999999994	124.99999999999997
95	25	2	164.90400000000002	164.86799999999994
95	26	1	20.58682634730539	119.88822355289423
95	27	1	69.07600000000001	181.77599999999998
95	28	1	108.5269461077844	171.86227544910176
95	29	1	19.202	99.80200000000002
95	30	1	28.340637450199218	77.88247011952188
95	31	1	36.19361277445108	59.588822355289395
95	32	1	137.45109780439105	58.93612774451099
95	33	1	76.01996007984039	155.28542914171643
95	34	1	89.46	190.37400000000008
95	35	1	184.52589641434264	160.2031872509961
95	36	1	124.97205588822362	140.66067864271434
95	37	1	92.09163346613536	97.1035856573706
95	38	1	141.71800000000005	4.371999999999872
95	39	1	152.35728542914168	175.18762475049894
95	40	1	145.71457085828354	154.02594810379244
95	41	1	96.59081836327343	166.53493013972067
95	42	1	70.15768463073856	19.083832335329365
95	43	1	66.23705179282864	86.5956175298804
95	44	1	185.10578842315368	94.29940119760481
95	45	1	111.49799999999999	146.13800000000003
96	1	2	4.959999999999995	4.979999999999998
96	2	2	4.944	45.03600000000001
96	3	2	4.877049180327865	84.87704918032787
96	4	2	4.877049180327865	125.1229508196721
96	5	2	5.036000000000001	164.9400000000001
96	6	2	45.027999999999984	4.912000000000001
96	7	2	45.00000000000003	45.00000000000002
96	8	2	45.132	85.40399999999994
96	9	2	45.00000000000003	124.99999999999997
96	10	2	45.012	165.10399999999987
96	11	2	84.87704918032783	5.1229508196721305
96	12	2	85.01200000000003	45.040000000000006
96	13	2	84.952	84.93999999999998
96	14	2	85.01600000000005	125.156
96	15	2	85.52479338842977	165.68595041322322
96	16	2	124.69999999999996	5.000000000000002
96	17	2	124.89200000000002	45.06400000000003
96	18	2	125.03599999999999	84.83200000000001
96	19	2	125.13199999999999	124.59600000000003
96	20	2	125.25714285714291	165.51428571428562
96	21	2	165.03599999999994	5.088
96	22	2	164.97999999999996	45.10399999999999
96	23	2	164.87999999999994	85.09200000000003
96	24	2	164.99999999999994	124.99999999999997
96	25	2	164.90400000000002	164.86799999999994
96	26	1	20.577999999999996	119.89600000000004
96	27	1	69.05389221556894	181.8003992015967
96	28	1	108.36526946107793	171.79840319361256
96	29	1	19.16566866267465	99.78043912175644
96	30	1	28.23306772908367	78.01992031872523
96	31	1	36.33333333333332	59.69061876247501
96	32	1	137.50099800399184	58.958083832335326
96	33	1	76.05389221556881	155.24151696606788
96	34	1	89.5089820359282	190.3812375249501
96	35	1	184.50398406374504	160.2330677290835
96	36	1	125.07784431137723	140.68662674650685
96	37	1	92.02794411177636	97.06387225548897
96	38	1	141.77689243027902	4.384462151394416
96	39	1	152.3339999999999	175.15400000000017
96	40	1	145.73453093812347	154.00598802395203
96	41	1	96.62200000000003	166.36400000000006
96	42	1	70.26147704590818	19.097804391217565
96	43	1	66.29740518962078	86.45109780439122
96	44	1	185.2	94.228
96	45	1	111.48502994011992	145.9960079840319
97	1	2	4.959999999999995	4.979999999999998
97	2	2	4.944	45.03600000000001
97	3	2	4.877049180327865	84.87704918032787
97	4	2	4.877049180327865	125.1229508196721
97	5	2	5.036000000000001	164.9400000000001
97	6	2	45.027999999999984	4.912000000000001
97	7	2	45.00000000000003	45.00000000000002
97	8	2	45.132	85.40399999999994
97	9	2	45.00000000000003	124.99999999999997
97	10	2	45.012	165.10399999999987
97	11	2	84.87704918032783	5.1229508196721305
97	12	2	85.01200000000003	45.040000000000006
97	13	2	84.952	84.93999999999998
97	14	2	85.01600000000005	125.156
97	15	2	85.52479338842977	165.68595041322322
97	16	2	124.69999999999996	5.000000000000002
97	17	2	124.89200000000002	45.06400000000003
97	18	2	125.03599999999999	84.83200000000001
97	19	2	125.13199999999999	124.59600000000003
97	20	2	125.25714285714291	165.51428571428562
97	21	2	165.03599999999994	5.088
97	22	2	164.97999999999996	45.10399999999999
97	23	2	164.87999999999994	85.09200000000003
97	24	2	164.99999999999994	124.99999999999997
97	25	2	164.90400000000002	164.86799999999994
97	26	1	20.60079840319362	119.91017964071861
97	27	1	69.04600000000002	181.80600000000004
97	28	1	108.36926147704585	171.64271457085835
97	29	1	19.18600000000001	99.73199999999997
97	30	1	28.148000000000003	78.05200000000009
97	31	1	36.44621513944224	59.796812749003976
97	32	1	137.51200000000003	58.94999999999998
97	33	1	76.06387225548906	155.253493013972
97	34	1	89.497005988024	190.3113772455089
97	35	1	184.46906187624754	160.4730538922156
97	36	1	125.13173652694611	140.78443113772482
97	37	1	91.98403193612765	97.0059880239521
97	38	1	141.81800000000018	4.46399999999997
97	39	1	152.28400000000008	175.124
97	40	1	145.79840319361278	153.8962075848304
97	41	1	96.62948207171314	166.42629482071723
97	42	1	70.26000000000009	18.95800000000001
97	43	1	66.25149700598803	86.38323353293409
97	44	1	185.27345309381238	94.2594810379241
97	45	1	111.4451097804391	145.89221556886227
98	1	2	4.959999999999995	4.979999999999998
98	2	2	4.944	45.03600000000001
98	3	2	4.877049180327865	84.87704918032787
98	4	2	4.877049180327865	125.1229508196721
98	5	2	5.036000000000001	164.9400000000001
98	6	2	45.027999999999984	4.912000000000001
98	7	2	45.00000000000003	45.00000000000002
98	8	2	45.132	85.40399999999994
98	9	2	45.00000000000003	124.99999999999997
98	10	2	45.012	165.10399999999987
98	11	2	84.87704918032783	5.1229508196721305
98	12	2	85.01200000000003	45.040000000000006
98	13	2	84.952	84.93999999999998
98	14	2	85.01600000000005	125.156
98	15	2	85.52479338842977	165.68595041322322
98	16	2	124.69999999999996	5.000000000000002
98	17	2	124.89200000000002	45.06400000000003
98	18	2	125.03599999999999	84.83200000000001
98	19	2	125.13199999999999	124.59600000000003
98	20	2	125.25714285714291	165.51428571428562
98	21	2	165.03599999999994	5.088
98	22	2	164.97999999999996	45.10399999999999
98	23	2	164.87999999999994	85.09200000000003
98	24	2	164.99999999999994	124.99999999999997
98	25	2	164.90400000000002	164.86799999999994
98	26	1	20.56199999999999	119.92000000000004
98	27	1	69.0380761523047	181.79759519038066
98	28	1	108.27655310621229	171.5871743486974
98	29	1	19.31274900398406	99.79681274900403
98	30	1	28.073852295409175	78.04590818363278
98	31	1	36.44422310756972	59.84860557768924
98	32	1	137.49301397205593	58.9840319361277
98	33	1	76.06786427145711	155.25149700598791
98	34	1	89.47904191616756	190.22155688622772
98	35	1	184.376	160.59999999999977
98	36	1	125.28343313373261	140.8243512974052
98	37	1	91.90637450199193	97.02191235059763
98	38	1	141.84231536926154	4.4351297405190735
98	39	1	152.27944111776432	175.17764471057876
98	40	1	145.83632734530906	153.93213572854287
98	41	1	96.64071856287427	166.2894211576846
98	42	1	70.30538922155694	18.954091816367246
98	43	1	66.2754491017964	86.34730538922155
98	44	1	185.34199999999996	94.26800000000003
98	45	1	111.4880478087651	145.8705179282868
99	1	2	4.959999999999995	4.979999999999998
99	2	2	4.944	45.03600000000001
99	3	2	4.877049180327865	84.87704918032787
99	4	2	4.877049180327865	125.1229508196721
99	5	2	5.036000000000001	164.9400000000001
99	6	2	45.027999999999984	4.912000000000001
99	7	2	45.00000000000003	45.00000000000002
99	8	2	45.132	85.40399999999994
99	9	2	45.00000000000003	124.99999999999997
99	10	2	45.012	165.10399999999987
99	11	2	84.87704918032783	5.1229508196721305
99	12	2	85.01200000000003	45.040000000000006
99	13	2	84.952	84.93999999999998
99	14	2	85.01600000000005	125.156
99	15	2	85.52479338842977	165.68595041322322
99	16	2	124.69999999999996	5.000000000000002
99	17	2	124.89200000000002	45.06400000000003
99	18	2	125.03599999999999	84.83200000000001
99	19	2	125.13199999999999	124.59600000000003
99	20	2	125.25714285714291	165.51428571428562
99	21	2	165.03599999999994	5.088
99	22	2	164.97999999999996	45.10399999999999
99	23	2	164.87999999999994	85.09200000000003
99	24	2	164.99999999999994	124.99999999999997
99	25	2	164.90400000000002	164.86799999999994
99	26	1	20.556000000000015	119.90600000000003
99	27	1	68.99600798403198	181.83233532934142
99	28	1	108.24750499001996	171.57884231536923
99	29	1	19.309381237524953	99.82634730538918
99	30	1	28.039840637450176	78.1374501992032
99	31	1	36.51696606786428	59.98203592814372
99	32	1	137.49900199600805	58.94810379241515
99	33	1	76.16135458167328	155.1215139442231
99	34	1	89.48303393213565	190.15968063872242
99	35	1	184.3552894211577	160.67265469061877
99	36	1	125.38522954091812	140.88622754491007
99	37	1	91.90199999999999	97.00399999999992
99	38	1	141.83632734530937	4.499001996008076
99	39	1	152.25099601593638	175.18127490039848
99	40	1	145.88247011952197	153.9123505976097
99	41	1	96.62874251497013	166.183632734531
99	42	1	70.36327345309387	18.896207584830346
99	43	1	66.28799999999998	86.33000000000006
99	44	1	185.384	94.264
99	45	1	111.53600000000009	145.83200000000002
100	1	2	4.959999999999995	4.979999999999998
100	2	2	4.944	45.03600000000001
100	3	2	4.877049180327865	84.87704918032787
100	4	2	4.877049180327865	125.1229508196721
100	5	2	5.036000000000001	164.9400000000001
100	6	2	45.027999999999984	4.912000000000001
100	7	2	45.00000000000003	45.00000000000002
100	8	2	45.132	85.40399999999994
100	9	2	45.00000000000003	124.99999999999997
100	10	2	45.012	165.10399999999987
100	11	2	84.87704918032783	5.1229508196721305
100	12	2	85.01200000000003	45.040000000000006
100	13	2	84.952	84.93999999999998
100	14	2	85.01600000000005	125.156
100	15	2	85.52479338842977	165.68595041322322
100	16	2	124.69999999999996	5.000000000000002
100	17	2	124.89200000000002	45.06400000000003
100	18	2	125.03599999999999	84.83200000000001
100	19	2	125.13199999999999	124.59600000000003
100	20	2	125.25714285714291	165.51428571428562
100	21	2	165.03599999999994	5.088
100	22	2	164.97999999999996	45.10399999999999
100	23	2	164.87999999999994	85.09200000000003
100	24	2	164.99999999999994	124.99999999999997
100	25	2	164.90400000000002	164.86799999999994
100	26	1	20.578842315369272	119.90818363273455
100	27	1	68.97211155378501	181.8545816733069
100	28	1	108.2634730538922	171.45908183632721
100	29	1	19.313373253493015	99.83033932135733
100	30	1	28.019999999999985	78.26799999999999
100	31	1	36.62800000000002	60.177999999999976
100	32	1	137.51297405189632	58.93213572854289
100	33	1	76.21800000000005	155.1159999999998
100	34	1	89.47704590818364	190.1037924151696
100	35	1	184.40039840637448	160.81274900398392
100	36	1	125.62948207171313	141.04183266932284
100	37	1	91.93812375249496	96.93013972055893
100	38	1	141.83233532934122	4.622754491017957
100	39	1	152.2180000000003	175.22599999999986
100	40	1	145.92215568862298	153.9021956087824
100	41	1	96.61277445109774	166.08782435129731
100	42	1	70.40718562874251	18.916167664670663
100	43	1	66.23306772908369	86.24900398406375
100	44	1	185.48502994011974	94.27544910179644
100	45	1	111.63000000000004	145.75199999999987
101	1	2	4.959999999999995	4.979999999999998
101	2	2	4.944	45.03600000000001
101	3	2	4.877049180327865	84.87704918032787
101	4	2	4.877049180327865	125.1229508196721
101	5	2	5.036000000000001	164.9400000000001
101	6	2	45.027999999999984	4.912000000000001
101	7	2	45.00000000000003	45.00000000000002
101	8	2	45.132	85.40399999999994
101	9	2	45.00000000000003	124.99999999999997
101	10	2	45.012	165.10399999999987
101	11	2	84.87704918032783	5.1229508196721305
101	12	2	85.01200000000003	45.040000000000006
101	13	2	84.952	84.93999999999998
101	14	2	85.01600000000005	125.156
101	15	2	85.52479338842977	165.68595041322322
101	16	2	124.69999999999996	5.000000000000002
101	17	2	124.89200000000002	45.06400000000003
101	18	2	125.03599999999999	84.83200000000001
101	19	2	125.13199999999999	124.59600000000003
101	20	2	125.25714285714291	165.51428571428562
101	21	2	165.03599999999994	5.088
101	22	2	164.97999999999996	45.10399999999999
101	23	2	164.87999999999994	85.09200000000003
101	24	2	164.99999999999994	124.99999999999997
101	25	2	164.90400000000002	164.86799999999994
101	26	1	20.57399999999999	119.92400000000005
101	27	1	68.95800000000003	181.86399999999998
101	28	1	108.22111553784859	171.34063745019935
101	29	1	19.443113772455103	99.90219560878243
101	30	1	27.946107784431163	78.39121756487026
101	31	1	36.854291417165626	60.41916167664671
101	32	1	137.52894211576844	58.762475049900175
101	33	1	76.19999999999999	155.15800000000016
101	34	1	89.4111776447106	190.067864271457
101	35	1	184.39165009940356	160.85288270377706
101	36	1	125.76846307385233	141.12774451097812
101	37	1	91.9101796407185	96.8502994011976
101	38	1	141.9519999999999	4.654000000000082
101	39	1	152.23799999999997	175.22999999999988
101	40	1	146.0000000000002	153.88645418326698
101	41	1	96.64199999999992	166.01599999999993
101	42	1	70.51800000000003	18.89799999999997
101	43	1	66.26746506986025	86.183632734531
101	44	1	185.56087824351297	94.27345309381244
101	45	1	111.59200000000004	145.66199999999995
102	1	2	4.959999999999995	4.979999999999998
102	2	2	4.944	45.03600000000001
102	3	2	4.877049180327865	84.87704918032787
102	4	2	4.877049180327865	125.1229508196721
102	5	2	5.036000000000001	164.9400000000001
102	6	2	45.027999999999984	4.912000000000001
102	7	2	45.00000000000003	45.00000000000002
102	8	2	45.132	85.40399999999994
102	9	2	45.00000000000003	124.99999999999997
102	10	2	45.012	165.10399999999987
102	11	2	84.87704918032783	5.1229508196721305
102	12	2	85.01200000000003	45.040000000000006
102	13	2	84.952	84.93999999999998
102	14	2	85.01600000000005	125.156
102	15	2	85.52479338842977	165.68595041322322
102	16	2	124.69999999999996	5.000000000000002
102	17	2	124.89200000000002	45.06400000000003
102	18	2	125.03599999999999	84.83200000000001
102	19	2	125.13199999999999	124.59600000000003
102	20	2	125.25714285714291	165.51428571428562
102	21	2	165.03599999999994	5.088
102	22	2	164.97999999999996	45.10399999999999
102	23	2	164.87999999999994	85.09200000000003
102	24	2	164.99999999999994	124.99999999999997
102	25	2	164.90400000000002	164.86799999999994
102	26	1	20.600798403193618	119.88423153692618
102	27	1	68.93599999999995	181.86600000000016
102	28	1	108.19999999999996	171.302
102	29	1	19.530000000000012	99.93000000000005
102	30	1	27.85856573705177	78.36852589641425
102	31	1	37.09780439121757	60.580838323353305
102	32	1	137.46506986027947	58.712574850299404
102	33	1	76.27490039840637	155.10557768924306
102	34	1	89.45800000000001	190.02600000000018
102	35	1	184.30538922155688	161.0399201596808
102	36	1	125.81673306772909	141.1434262948208
102	37	1	91.8964143426295	96.92629482071715
102	38	1	141.98003992015964	4.74650698602801
102	39	1	152.25200000000004	175.28000000000006
102	40	1	146.066	153.8940000000001
102	41	1	96.64199999999992	166.01599999999993
102	42	1	70.52295409181632	18.92814371257485
102	43	1	66.34730538922157	86.14371257485031
102	44	1	185.59481037924152	94.30139720558883
102	45	1	111.66999999999994	145.65200000000013
103	1	2	4.959999999999995	4.979999999999998
103	2	2	4.944	45.03600000000001
103	3	2	4.877049180327865	84.87704918032787
103	4	2	4.877049180327865	125.1229508196721
103	5	2	5.036000000000001	164.9400000000001
103	6	2	45.027999999999984	4.912000000000001
103	7	2	45.00000000000003	45.00000000000002
103	8	2	45.132	85.40399999999994
103	9	2	45.00000000000003	124.99999999999997
103	10	2	45.012	165.10399999999987
103	11	2	84.87704918032783	5.1229508196721305
103	12	2	85.01200000000003	45.040000000000006
103	13	2	84.952	84.93999999999998
103	14	2	85.01600000000005	125.156
103	15	2	85.52479338842977	165.68595041322322
103	16	2	124.69999999999996	5.000000000000002
103	17	2	124.89200000000002	45.06400000000003
103	18	2	125.03599999999999	84.83200000000001
103	19	2	125.13199999999999	124.59600000000003
103	20	2	125.25714285714291	165.51428571428562
103	21	2	165.03599999999994	5.088
103	22	2	164.97999999999996	45.10399999999999
103	23	2	164.87999999999994	85.09200000000003
103	24	2	164.99999999999994	124.99999999999997
103	25	2	164.90400000000002	164.86799999999994
103	26	1	20.592814371257465	119.88023952095809
103	27	1	68.88023952095807	181.90618762475034
103	28	1	108.19721115537847	171.16135458167335
103	29	1	19.510978043912164	99.93213572854293
103	30	1	27.78243512974051	78.19960079840318
103	31	1	37.58565737051796	60.76693227091632
103	32	1	137.4681274900399	58.6772908366534
103	33	1	76.35599999999998	155.03200000000015
103	34	1	89.46107784431142	189.94810379241528
103	35	1	184.32534930139718	161.11377245508982
103	36	1	125.83832335329339	141.1477045908182
103	37	1	91.81836327345309	96.82634730538918
103	38	1	142.0280000000001	4.886000000000024
103	39	1	152.18799999999993	175.28400000000005
103	40	1	146.09599999999983	153.8460000000001
103	41	1	96.64870259481032	165.9221556886228
103	42	1	70.58283433133737	18.902195608782414
103	43	1	66.42714570858284	86.13972055888226
103	44	1	185.6926147704591	94.2415169660678
103	45	1	111.78800000000007	145.64399999999986
104	1	2	4.959999999999995	4.979999999999998
104	2	2	4.944	45.03600000000001
104	3	2	4.877049180327865	84.87704918032787
104	4	2	4.877049180327865	125.1229508196721
104	5	2	5.036000000000001	164.9400000000001
104	6	2	45.027999999999984	4.912000000000001
104	7	2	45.00000000000003	45.00000000000002
104	8	2	45.132	85.40399999999994
104	9	2	45.00000000000003	124.99999999999997
104	10	2	45.012	165.10399999999987
104	11	2	84.87704918032783	5.1229508196721305
104	12	2	85.01200000000003	45.040000000000006
104	13	2	84.952	84.93999999999998
104	14	2	85.01600000000005	125.156
104	15	2	85.52479338842977	165.68595041322322
104	16	2	124.69999999999996	5.000000000000002
104	17	2	124.89200000000002	45.06400000000003
104	18	2	125.03599999999999	84.83200000000001
104	19	2	125.13199999999999	124.59600000000003
104	20	2	125.25714285714291	165.51428571428562
104	21	2	165.03599999999994	5.088
104	22	2	164.97999999999996	45.10399999999999
104	23	2	164.87999999999994	85.09200000000003
104	24	2	164.99999999999994	124.99999999999997
104	25	2	164.90400000000002	164.86799999999994
104	26	1	20.558882235528948	119.84031936127745
104	27	1	68.89820359281428	181.91816367265446
104	28	1	108.158	171.13799999999998
104	29	1	19.505010020040082	99.86973947895794
104	30	1	27.67065868263473	78.16167664670661
104	31	1	37.721669980119245	60.95228628230617
104	32	1	137.43712574850287	58.58283433133729
104	33	1	76.37724550898201	155.03792415169647
104	34	1	89.52694610778448	189.926147704591
104	35	1	184.21912350597609	161.2908366533865
104	36	1	125.82834331337324	141.1856287425149
104	37	1	91.82199999999993	96.71600000000007
104	38	1	142.17764471057862	4.890219560878222
104	39	1	152.1536926147705	175.28343313373261
104	40	1	146.14171656686622	153.83632734530957
104	41	1	96.68063872255492	165.82235528942124
104	42	1	70.54091816367267	18.906187624750498
104	43	1	66.46800000000003	86.08000000000001
104	44	1	185.826	94.18800000000009
104	45	1	111.72344689378757	145.5791583166333
105	1	2	4.959999999999995	4.979999999999998
105	2	2	4.944	45.03600000000001
105	3	2	4.877049180327865	84.87704918032787
105	4	2	4.877049180327865	125.1229508196721
105	5	2	5.036000000000001	164.9400000000001
105	6	2	45.027999999999984	4.912000000000001
105	7	2	45.00000000000003	45.00000000000002
105	8	2	45.132	85.40399999999994
105	9	2	45.00000000000003	124.99999999999997
105	10	2	45.012	165.10399999999987
105	11	2	84.87704918032783	5.1229508196721305
105	12	2	85.01200000000003	45.040000000000006
105	13	2	84.952	84.93999999999998
105	14	2	85.01600000000005	125.156
105	15	2	85.52479338842977	165.68595041322322
105	16	2	124.69999999999996	5.000000000000002
105	17	2	124.89200000000002	45.06400000000003
105	18	2	125.03599999999999	84.83200000000001
105	19	2	125.13199999999999	124.59600000000003
105	20	2	125.25714285714291	165.51428571428562
105	21	2	165.03599999999994	5.088
105	22	2	164.97999999999996	45.10399999999999
105	23	2	164.87999999999994	85.09200000000003
105	24	2	164.99999999999994	124.99999999999997
105	25	2	164.90400000000002	164.86799999999994
105	26	1	20.534930139720576	119.81636726546911
105	27	1	68.89820359281428	181.91816367265446
105	28	1	108.10800000000002	171.08600000000018
105	29	1	19.468127490039855	99.86055776892428
105	30	1	27.58682634730539	78.18762475049904
105	31	1	37.86055776892432	61.135458167330675
105	32	1	137.43113772455072	58.52295409181637
105	33	1	76.3972055888223	155.02794411177646
105	34	1	89.49399999999996	189.87399999999982
105	35	1	184.21115537848607	161.25896414342614
105	36	1	125.92015968063872	141.24550898203606
105	37	1	91.884	96.61400000000006
105	38	1	142.1820000000001	4.918000000000006
105	39	1	152.0657370517929	175.29880478087668
105	40	1	146.29141716566883	153.78842315369252
105	41	1	96.71999999999996	165.77000000000007
105	42	1	70.51896207584826	18.944111776447112
105	43	1	66.47305389221557	86.0359281437126
105	44	1	185.85828343313372	94.23552894211576
105	45	1	111.76799999999994	145.576
106	1	2	4.959999999999995	4.979999999999998
106	2	2	4.944	45.03600000000001
106	3	2	4.877049180327865	84.87704918032787
106	4	2	4.877049180327865	125.1229508196721
106	5	2	5.036000000000001	164.9400000000001
106	6	2	45.027999999999984	4.912000000000001
106	7	2	45.00000000000003	45.00000000000002
106	8	2	45.132	85.40399999999994
106	9	2	45.00000000000003	124.99999999999997
106	10	2	45.012	165.10399999999987
106	11	2	84.87704918032783	5.1229508196721305
106	12	2	85.01200000000003	45.040000000000006
106	13	2	84.952	84.93999999999998
106	14	2	85.01600000000005	125.156
106	15	2	85.52479338842977	165.68595041322322
106	16	2	124.69999999999996	5.000000000000002
106	17	2	124.89200000000002	45.06400000000003
106	18	2	125.03599999999999	84.83200000000001
106	19	2	125.13199999999999	124.59600000000003
106	20	2	125.25714285714291	165.51428571428562
106	21	2	165.03599999999994	5.088
106	22	2	164.97999999999996	45.10399999999999
106	23	2	164.87999999999994	85.09200000000003
106	24	2	164.99999999999994	124.99999999999997
106	25	2	164.90400000000002	164.86799999999994
106	26	1	20.49700598802395	119.80439121756484
106	27	1	68.844	181.92800000000005
106	28	1	108.14570858283442	171.0319361277446
106	29	1	19.509960159362556	99.93227091633467
106	30	1	27.449101796407177	78.09181636726551
106	31	1	37.94411177644711	61.395209580838284
106	32	1	137.39999999999992	58.44799999999996
106	33	1	76.46400000000007	154.96999999999997
106	34	1	89.50799999999997	189.81800000000004
106	35	1	184.02385685884693	161.43141153081518
106	36	1	125.98203592814376	141.31736526946085
106	37	1	91.84031936127745	96.52495009980038
106	38	1	142.26095617529887	4.924302788844614
106	39	1	151.982	175.28199999999993
106	40	1	146.3007968127491	153.72509960159366
106	41	1	96.72255489021958	165.7584830339321
106	42	1	70.65868263473051	18.898203592814372
106	43	1	66.52495009980044	85.98602794411173
106	44	1	185.94211576846308	94.2495009980039
106	45	1	111.69061876247508	145.4990019960081
107	1	2	4.959999999999995	4.979999999999998
107	2	2	4.944	45.03600000000001
107	3	2	4.877049180327865	84.87704918032787
107	4	2	4.877049180327865	125.1229508196721
107	5	2	5.036000000000001	164.9400000000001
107	6	2	45.027999999999984	4.912000000000001
107	7	2	45.00000000000003	45.00000000000002
107	8	2	45.132	85.40399999999994
107	9	2	45.00000000000003	124.99999999999997
107	10	2	45.012	165.10399999999987
107	11	2	84.87704918032783	5.1229508196721305
107	12	2	85.01200000000003	45.040000000000006
107	13	2	84.952	84.93999999999998
107	14	2	85.01600000000005	125.156
107	15	2	85.52479338842977	165.68595041322322
107	16	2	124.69999999999996	5.000000000000002
107	17	2	124.89200000000002	45.06400000000003
107	18	2	125.03599999999999	84.83200000000001
107	19	2	125.13199999999999	124.59600000000003
107	20	2	125.25714285714291	165.51428571428562
107	21	2	165.03599999999994	5.088
107	22	2	164.97999999999996	45.10399999999999
107	23	2	164.87999999999994	85.09200000000003
107	24	2	164.99999999999994	124.99999999999997
107	25	2	164.90400000000002	164.86799999999994
107	26	1	20.442000000000007	119.81000000000002
107	27	1	68.87199999999999	181.96799999999996
107	28	1	108.13600000000007	170.83799999999997
107	29	1	19.564870259481047	99.91616766467072
107	30	1	27.379721669980132	78.1351888667992
107	31	1	37.946107784431135	61.52295409181636
107	32	1	137.3972055888225	58.445109780439125
107	33	1	76.45908183632733	154.98602794411184
107	34	1	89.60079840319356	189.77045908183624
107	35	1	183.9620758483034	161.45109780439134
107	36	1	126.16566866267468	141.43313373253486
107	37	1	91.73947895791581	96.5270541082165
107	38	1	142.35928143712576	4.950099800399158
107	39	1	151.96606786427137	175.34331337325358
107	40	1	146.37325349301395	153.75648702594793
107	41	1	96.70200000000003	165.78399999999988
107	42	1	70.75498007968123	18.868525896414358
107	43	1	66.54491017964075	86.00399201596818
107	44	1	186.002	94.304
107	45	1	111.70200000000001	145.3700000000002
108	1	2	4.959999999999995	4.979999999999998
108	2	2	4.944	45.03600000000001
108	3	2	4.877049180327865	84.87704918032787
108	4	2	4.877049180327865	125.1229508196721
108	5	2	5.036000000000001	164.9400000000001
108	6	2	45.027999999999984	4.912000000000001
108	7	2	45.00000000000003	45.00000000000002
108	8	2	45.132	85.40399999999994
108	9	2	45.00000000000003	124.99999999999997
108	10	2	45.012	165.10399999999987
108	11	2	84.87704918032783	5.1229508196721305
108	12	2	85.01200000000003	45.040000000000006
108	13	2	84.952	84.93999999999998
108	14	2	85.01600000000005	125.156
108	15	2	85.52479338842977	165.68595041322322
108	16	2	124.69999999999996	5.000000000000002
108	17	2	124.89200000000002	45.06400000000003
108	18	2	125.03599999999999	84.83200000000001
108	19	2	125.13199999999999	124.59600000000003
108	20	2	125.25714285714291	165.51428571428562
108	21	2	165.03599999999994	5.088
108	22	2	164.97999999999996	45.10399999999999
108	23	2	164.87999999999994	85.09200000000003
108	24	2	164.99999999999994	124.99999999999997
108	25	2	164.90400000000002	164.86799999999994
108	26	1	20.33600000000001	119.74599999999994
108	27	1	68.86027944111783	182.00000000000017
108	28	1	108.12375249501004	170.82435129740517
108	29	1	19.614770459081843	99.92814371257496
108	30	1	27.319361277445125	78.20758483033926
108	31	1	37.97211155378485	61.65139442231075
108	32	1	137.38522954091812	58.437125748502986
108	33	1	76.43200000000006	154.99799999999996
108	34	1	89.50698602794402	189.74451097804376
108	35	1	183.8642714570858	161.6087824351298
108	36	1	126.34000000000006	141.52800000000002
108	37	1	91.72600000000001	96.52999999999999
108	38	1	142.34530938123766	4.946107784431064
108	39	1	151.8480000000001	175.31599999999986
108	40	1	146.51297405189632	153.79640718562874
108	41	1	96.70400000000001	165.71399999999988
108	42	1	70.84830339321361	18.85429141716567
108	43	1	66.59281437125743	86.07385229540927
108	44	1	186.0678642714571	94.32734530938122
108	45	1	111.7005988023951	145.30738522954076
109	1	2	4.959999999999995	4.979999999999998
109	2	2	4.944	45.03600000000001
109	3	2	4.877049180327865	84.87704918032787
109	4	2	4.877049180327865	125.1229508196721
109	5	2	5.036000000000001	164.9400000000001
109	6	2	45.027999999999984	4.912000000000001
109	7	2	45.00000000000003	45.00000000000002
109	8	2	45.132	85.40399999999994
109	9	2	45.00000000000003	124.99999999999997
109	10	2	45.012	165.10399999999987
109	11	2	84.87704918032783	5.1229508196721305
109	12	2	85.01200000000003	45.040000000000006
109	13	2	84.952	84.93999999999998
109	14	2	85.01600000000005	125.156
109	15	2	85.52479338842977	165.68595041322322
109	16	2	124.69999999999996	5.000000000000002
109	17	2	124.89200000000002	45.06400000000003
109	18	2	125.03599999999999	84.83200000000001
109	19	2	125.13199999999999	124.59600000000003
109	20	2	125.25714285714291	165.51428571428562
109	21	2	165.03599999999994	5.088
109	22	2	164.97999999999996	45.10399999999999
109	23	2	164.87999999999994	85.09200000000003
109	24	2	164.99999999999994	124.99999999999997
109	25	2	164.90400000000002	164.86799999999994
109	26	1	20.281437125748493	119.69261477045909
109	27	1	68.78043912175654	181.9700598802395
109	28	1	108.14371257485038	170.77445109780405
109	29	1	19.636726546906186	99.89421157684629
109	30	1	27.26746506986029	78.16167664670661
109	31	1	38.038076152304605	61.79358717434871
109	32	1	137.43712574850284	58.44510978043912
109	33	1	76.44510978043913	155.01197604790403
109	34	1	89.48103792415172	189.66666666666663
109	35	1	183.7804391217565	161.60279441117777
109	36	1	126.45400000000004	141.56200000000007
109	37	1	91.69660678642718	96.5329341317366
109	38	1	142.42430278884467	5.031872509960294
109	39	1	151.76400000000004	175.3
109	40	1	146.5358565737052	153.74302788844608
109	41	1	96.71400000000001	165.70999999999998
109	42	1	70.91217564870252	18.784431137724575
109	43	1	66.56573705179278	86.15338645418329
109	44	1	186.218	94.37800000000006
109	45	1	111.70858283433134	145.23952095808394
110	1	2	4.959999999999995	4.979999999999998
110	2	2	4.944	45.03600000000001
110	3	2	4.877049180327865	84.87704918032787
110	4	2	4.877049180327865	125.1229508196721
110	5	2	5.036000000000001	164.9400000000001
110	6	2	45.027999999999984	4.912000000000001
110	7	2	45.00000000000003	45.00000000000002
110	8	2	45.132	85.40399999999994
110	9	2	45.00000000000003	124.99999999999997
110	10	2	45.012	165.10399999999987
110	11	2	84.87704918032783	5.1229508196721305
110	12	2	85.01200000000003	45.040000000000006
110	13	2	84.952	84.93999999999998
110	14	2	85.01600000000005	125.156
110	15	2	85.52479338842977	165.68595041322322
110	16	2	124.69999999999996	5.000000000000002
110	17	2	124.89200000000002	45.06400000000003
110	18	2	125.03599999999999	84.83200000000001
110	19	2	125.13199999999999	124.59600000000003
110	20	2	125.25714285714291	165.51428571428562
110	21	2	165.03599999999994	5.088
110	22	2	164.97999999999996	45.10399999999999
110	23	2	164.87999999999994	85.09200000000003
110	24	2	164.99999999999994	124.99999999999997
110	25	2	164.90400000000002	164.86799999999994
110	26	1	20.191616766467057	119.65269461077841
110	27	1	68.77199999999993	181.97800000000015
110	28	1	108.18200000000006	170.638
110	29	1	19.713147410358562	99.80079681274904
110	30	1	27.19361277445112	78.23353293413174
110	31	1	38.07355864811131	61.88071570576542
110	32	1	137.49900199600788	58.41716566866266
110	33	1	76.41516966067867	155.07185628742522
110	34	1	89.47305389221556	189.59281437125745
110	35	1	183.60756972111554	161.78486055776887
110	36	1	126.774	141.71199999999988
110	37	1	91.60878243512985	96.52495009980044
110	38	1	142.44910179640718	5.151696606786459
110	39	1	151.69600000000005	175.28599999999986
110	40	1	146.64000000000016	153.74800000000005
110	41	1	96.7285429141717	165.6966067864272
110	42	1	70.87624750498999	18.77844311377245
110	43	1	66.624	86.16999999999997
110	44	1	186.36999999999998	94.38600000000001
110	45	1	111.66000000000003	145.14799999999985
111	1	2	4.959999999999995	4.979999999999998
111	2	2	4.944	45.03600000000001
111	3	2	4.877049180327865	84.87704918032787
111	4	2	4.877049180327865	125.1229508196721
111	5	2	5.036000000000001	164.9400000000001
111	6	2	45.027999999999984	4.912000000000001
111	7	2	45.00000000000003	45.00000000000002
111	8	2	45.132	85.40399999999994
111	9	2	45.00000000000003	124.99999999999997
111	10	2	45.012	165.10399999999987
111	11	2	84.87704918032783	5.1229508196721305
111	12	2	85.01200000000003	45.040000000000006
111	13	2	84.952	84.93999999999998
111	14	2	85.01600000000005	125.156
111	15	2	85.52479338842977	165.68595041322322
111	16	2	124.69999999999996	5.000000000000002
111	17	2	124.89200000000002	45.06400000000003
111	18	2	125.03599999999999	84.83200000000001
111	19	2	125.13199999999999	124.59600000000003
111	20	2	125.25714285714291	165.51428571428562
111	21	2	165.03599999999994	5.088
111	22	2	164.97999999999996	45.10399999999999
111	23	2	164.87999999999994	85.09200000000003
111	24	2	164.99999999999994	124.99999999999997
111	25	2	164.90400000000002	164.86799999999994
111	26	1	20.206000000000003	119.68800000000005
111	27	1	68.8003992015969	182.0239520958084
111	28	1	108.19600000000003	170.4720000000001
111	29	1	19.765999999999995	99.87400000000004
111	30	1	27.14541832669323	78.28486055776897
111	31	1	37.99401197604791	61.888223552894196
111	32	1	137.51297405189607	58.385229540918154
111	33	1	76.48303393213573	155.02994011976048
111	34	1	89.41600000000004	189.52599999999995
111	35	1	183.40438247011951	161.98207171314746
111	36	1	126.8982035928143	141.87624750499006
111	37	1	91.53293413173654	96.51497005988028
111	38	1	142.44910179640732	5.241516966067763
111	39	1	151.58167330677298	175.33266932270897
111	40	1	146.77445109780433	153.72255489021964
111	41	1	96.7664670658683	165.7065868263471
111	42	1	70.96806387225543	18.750499001996012
111	43	1	66.64143426294818	86.14741035856576
111	44	1	186.58283433133735	94.40518962075842
111	45	1	111.56800000000001	144.98399999999998
112	1	2	4.959999999999995	4.979999999999998
112	2	2	4.944	45.03600000000001
112	3	2	4.877049180327865	84.87704918032787
112	4	2	4.877049180327865	125.1229508196721
112	5	2	5.036000000000001	164.9400000000001
112	6	2	45.027999999999984	4.912000000000001
112	7	2	45.00000000000003	45.00000000000002
112	8	2	45.132	85.40399999999994
112	9	2	45.00000000000003	124.99999999999997
112	10	2	45.012	165.10399999999987
112	11	2	84.87704918032783	5.1229508196721305
112	12	2	85.01200000000003	45.040000000000006
112	13	2	84.952	84.93999999999998
112	14	2	85.01600000000005	125.156
112	15	2	85.52479338842977	165.68595041322322
112	16	2	124.69999999999996	5.000000000000002
112	17	2	124.89200000000002	45.06400000000003
112	18	2	125.03599999999999	84.83200000000001
112	19	2	125.13199999999999	124.59600000000003
112	20	2	125.25714285714291	165.51428571428562
112	21	2	165.03599999999994	5.088
112	22	2	164.97999999999996	45.10399999999999
112	23	2	164.87999999999994	85.09200000000003
112	24	2	164.99999999999994	124.99999999999997
112	25	2	164.90400000000002	164.86799999999994
112	26	1	20.18962075848302	119.7684630738523
112	27	1	68.8003992015969	182.0239520958084
112	28	1	108.21000000000001	170.40800000000002
112	29	1	19.85828343313373	99.88423153692621
112	30	1	27.12974051896208	78.26746506986028
112	31	1	37.96599999999997	61.97999999999999
112	32	1	137.45708582834357	58.3193612774451
112	33	1	76.436	155.08800000000005
112	34	1	89.37125748502994	189.44910179640723
112	35	1	183.32270916334662	162.11354581673294
112	36	1	126.968	141.87999999999988
112	37	1	91.58483033932146	96.5089820359282
112	38	1	142.418	5.266000000000105
112	39	1	151.4040000000002	175.26399999999987
112	40	1	146.81037924151698	153.73053892215557
112	41	1	96.81162324649307	165.57915831663314
112	42	1	70.99799999999993	18.704
112	43	1	66.68725099601593	86.14342629482074
112	44	1	186.748	94.35599999999997
112	45	1	111.60479041916166	144.90618762475046
113	1	2	4.959999999999995	4.979999999999998
113	2	2	4.944	45.03600000000001
113	3	2	4.877049180327865	84.87704918032787
113	4	2	4.877049180327865	125.1229508196721
113	5	2	5.036000000000001	164.9400000000001
113	6	2	45.027999999999984	4.912000000000001
113	7	2	45.00000000000003	45.00000000000002
113	8	2	45.132	85.40399999999994
113	9	2	45.00000000000003	124.99999999999997
113	10	2	45.012	165.10399999999987
113	11	2	84.87704918032783	5.1229508196721305
113	12	2	85.01200000000003	45.040000000000006
113	13	2	84.952	84.93999999999998
113	14	2	85.01600000000005	125.156
113	15	2	85.52479338842977	165.68595041322322
113	16	2	124.69999999999996	5.000000000000002
113	17	2	124.89200000000002	45.06400000000003
113	18	2	125.03599999999999	84.83200000000001
113	19	2	125.13199999999999	124.59600000000003
113	20	2	125.25714285714291	165.51428571428562
113	21	2	165.03599999999994	5.088
113	22	2	164.97999999999996	45.10399999999999
113	23	2	164.87999999999994	85.09200000000003
113	24	2	164.99999999999994	124.99999999999997
113	25	2	164.90400000000002	164.86799999999994
113	26	1	20.11576846307385	119.78043912175647
113	27	1	68.8123752495011	182.05788423153703
113	28	1	108.21000000000001	170.40800000000002
113	29	1	19.972055888223544	99.88223552894209
113	30	1	27.08383233532933	78.12974051896204
113	31	1	38.02395209580837	62.145708582834324
113	32	1	137.46906187624754	58.2934131736527
113	33	1	76.5	155.04183266932282
113	34	1	89.32534930139725	189.4031936127745
113	35	1	183.3433133732535	162.1976047904192
113	36	1	127.13627254509021	141.99398797595182
113	37	1	91.5179282868526	96.50597609561741
113	38	1	142.5009980039921	5.359281437125873
113	39	1	151.32599999999985	175.2280000000001
113	40	1	146.90818363273456	153.67864271457094
113	41	1	96.81599999999995	165.46599999999987
113	42	1	71.06586826347298	18.74051896207584
113	43	1	66.63199999999999	86.11399999999998
113	44	1	187.038	94.39200000000004
113	45	1	111.66467065868264	144.82634730538913
114	1	2	4.959999999999995	4.979999999999998
114	2	2	4.944	45.03600000000001
114	3	2	4.877049180327865	84.87704918032787
114	4	2	4.877049180327865	125.1229508196721
114	5	2	5.036000000000001	164.9400000000001
114	6	2	45.027999999999984	4.912000000000001
114	7	2	45.00000000000003	45.00000000000002
114	8	2	45.132	85.40399999999994
114	9	2	45.00000000000003	124.99999999999997
114	10	2	45.012	165.10399999999987
114	11	2	84.87704918032783	5.1229508196721305
114	12	2	85.01200000000003	45.040000000000006
114	13	2	84.952	84.93999999999998
114	14	2	85.01600000000005	125.156
114	15	2	85.52479338842977	165.68595041322322
114	16	2	124.69999999999996	5.000000000000002
114	17	2	124.89200000000002	45.06400000000003
114	18	2	125.03599999999999	84.83200000000001
114	19	2	125.13199999999999	124.59600000000003
114	20	2	125.25714285714291	165.51428571428562
114	21	2	165.03599999999994	5.088
114	22	2	164.97999999999996	45.10399999999999
114	23	2	164.87999999999994	85.09200000000003
114	24	2	164.99999999999994	124.99999999999997
114	25	2	164.90400000000002	164.86799999999994
114	26	1	20.131999999999966	119.74600000000007
114	27	1	68.74000000000002	182.05
114	28	1	108.17764471057887	170.2934131736525
114	29	1	19.982071713147413	99.91633466135465
114	30	1	27.054000000000013	78.16800000000006
114	31	1	37.99601593625499	62.29083665338643
114	32	1	137.49298597194394	58.22845691382765
114	33	1	76.514	155.06199999999984
114	34	1	89.37524950099797	189.3992015968063
114	35	1	183.2211155378486	162.21314741035846
114	36	1	127.35657370517931	142.13944223107552
114	37	1	91.40319361277452	96.45708582834334
114	38	1	142.55089820359274	5.333333333333513
114	39	1	151.2874251497007	175.23353293413166
114	40	1	146.99800399201604	153.7465069860278
114	41	1	96.77599999999993	165.5099999999999
114	42	1	71.17330677290838	18.780876494023918
114	43	1	66.67065868263471	86.0598802395209
114	44	1	187.1556886227545	94.30538922155684
114	45	1	111.51503006012028	144.67334669338666
115	1	2	4.959999999999995	4.979999999999998
115	2	2	4.944	45.03600000000001
115	3	2	4.877049180327865	84.87704918032787
115	4	2	4.877049180327865	125.1229508196721
115	5	2	5.036000000000001	164.9400000000001
115	6	2	45.027999999999984	4.912000000000001
115	7	2	45.00000000000003	45.00000000000002
115	8	2	45.132	85.40399999999994
115	9	2	45.00000000000003	124.99999999999997
115	10	2	45.012	165.10399999999987
115	11	2	84.87704918032783	5.1229508196721305
115	12	2	85.01200000000003	45.040000000000006
115	13	2	84.952	84.93999999999998
115	14	2	85.01600000000005	125.156
115	15	2	85.52479338842977	165.68595041322322
115	16	2	124.69999999999996	5.000000000000002
115	17	2	124.89200000000002	45.06400000000003
115	18	2	125.03599999999999	84.83200000000001
115	19	2	125.13199999999999	124.59600000000003
115	20	2	125.25714285714291	165.51428571428562
115	21	2	165.03599999999994	5.088
115	22	2	164.97999999999996	45.10399999999999
115	23	2	164.87999999999994	85.09200000000003
115	24	2	164.99999999999994	124.99999999999997
115	25	2	164.90400000000002	164.86799999999994
115	26	1	20.161676646706553	119.74051896207597
115	27	1	68.72854291417168	182.07984031936124
115	28	1	108.15200000000003	170.2320000000002
115	29	1	20.037999999999997	99.92200000000007
115	30	1	27.02400000000002	78.12999999999998
115	31	1	38.0876494023904	62.476095617529886
115	32	1	137.47704590818356	58.249500998003946
115	33	1	76.54890219560878	155.04391217564853
115	34	1	89.37524950099801	189.29940119760474
115	35	1	183.10379241516964	162.36327345309394
115	36	1	127.51800000000001	142.2040000000001
115	37	1	91.35999999999996	96.42199999999991
115	38	1	142.58565737051782	5.442231075697094
115	39	1	151.2339999999999	175.3020000000002
115	40	1	147.10337972166997	153.77335984095427
115	41	1	96.80120481927702	165.44578313253004
115	42	1	71.21756487025945	18.752495009980045
115	43	1	66.65936254980078	85.99800796812751
115	44	1	187.29282868525894	94.32868525896421
115	45	1	111.56087824351297	144.5948103792415
116	1	2	4.959999999999995	4.979999999999998
116	2	2	4.944	45.03600000000001
116	3	2	4.877049180327865	84.87704918032787
116	4	2	4.877049180327865	125.1229508196721
116	5	2	5.036000000000001	164.9400000000001
116	6	2	45.027999999999984	4.912000000000001
116	7	2	45.00000000000003	45.00000000000002
116	8	2	45.132	85.40399999999994
116	9	2	45.00000000000003	124.99999999999997
116	10	2	45.012	165.10399999999987
116	11	2	84.87704918032783	5.1229508196721305
116	12	2	85.01200000000003	45.040000000000006
116	13	2	84.952	84.93999999999998
116	14	2	85.01600000000005	125.156
116	15	2	85.52479338842977	165.68595041322322
116	16	2	124.69999999999996	5.000000000000002
116	17	2	124.89200000000002	45.06400000000003
116	18	2	125.03599999999999	84.83200000000001
116	19	2	125.13199999999999	124.59600000000003
116	20	2	125.25714285714291	165.51428571428562
116	21	2	165.03599999999994	5.088
116	22	2	164.97999999999996	45.10399999999999
116	23	2	164.87999999999994	85.09200000000003
116	24	2	164.99999999999994	124.99999999999997
116	25	2	164.90400000000002	164.86799999999994
116	26	1	20.161676646706553	119.74051896207597
116	27	1	68.69600000000003	182.09199999999996
116	28	1	108.188	170.13400000000007
116	29	1	20.03193612774452	99.93812375249495
116	30	1	26.997999999999983	78.20599999999997
116	31	1	38.037924151696636	62.56886227544905
116	32	1	137.45999999999998	58.251999999999974
116	33	1	76.57884231536924	155.02195608782426
116	34	1	89.39321357285439	189.22754491017972
116	35	1	182.86027944111774	162.5189620758483
116	36	1	127.91434262948206	142.41832669322716
116	37	1	91.31536926147704	96.4271457085828
116	38	1	142.64600000000004	5.500000000000085
116	39	1	151.15599999999992	175.3220000000001
116	40	1	147.29458917835674	153.87174348697383
116	41	1	96.79559118236473	165.31262525050101
116	42	1	71.31137724550895	18.68263473053892
116	43	1	66.69660678642708	86.06986027944116
116	44	1	187.3804780876494	94.30478087649406
116	45	1	111.47808764940227	144.39043824701204
117	1	2	4.959999999999995	4.979999999999998
117	2	2	4.944	45.03600000000001
117	3	2	4.877049180327865	84.87704918032787
117	4	2	4.877049180327865	125.1229508196721
117	5	2	5.036000000000001	164.9400000000001
117	6	2	45.027999999999984	4.912000000000001
117	7	2	45.00000000000003	45.00000000000002
117	8	2	45.132	85.40399999999994
117	9	2	45.00000000000003	124.99999999999997
117	10	2	45.012	165.10399999999987
117	11	2	84.87704918032783	5.1229508196721305
117	12	2	85.01200000000003	45.040000000000006
117	13	2	84.952	84.93999999999998
117	14	2	85.01600000000005	125.156
117	15	2	85.52479338842977	165.68595041322322
117	16	2	124.69999999999996	5.000000000000002
117	17	2	124.89200000000002	45.06400000000003
117	18	2	125.03599999999999	84.83200000000001
117	19	2	125.13199999999999	124.59600000000003
117	20	2	125.25714285714291	165.51428571428562
117	21	2	165.03599999999994	5.088
117	22	2	164.97999999999996	45.10399999999999
117	23	2	164.87999999999994	85.09200000000003
117	24	2	164.99999999999994	124.99999999999997
117	25	2	164.90400000000002	164.86799999999994
117	26	1	20.10599999999999	119.73799999999997
117	27	1	68.70000000000002	182.12199999999982
117	28	1	108.18725099601603	170.129482071713
117	29	1	20.079681274900384	99.94223107569724
117	30	1	26.980039920159687	78.20558882235525
117	31	1	38.053892215568816	62.68263473053894
117	32	1	137.494	58.141999999999996
117	33	1	76.6127744510978	155.0259481037923
117	34	1	89.3872255489022	189.19760479041915
117	35	1	182.812375249501	162.5908183632733
117	36	1	128.02594810379244	142.49500998004004
117	37	1	91.27600000000005	96.34599999999999
117	38	1	142.75449101796414	5.568862275449021
117	39	1	151.05600000000004	175.43
117	40	1	147.38123752495	153.9181636726548
117	41	1	96.83000000000007	165.13200000000003
117	42	1	71.34530938123757	18.62874251497007
117	43	1	66.69860279441114	86.02395209580843
117	44	1	187.50099800399204	94.19560878243502
117	45	1	111.56713426853706	144.31462925851707
118	1	2	4.959999999999995	4.979999999999998
118	2	2	4.944	45.03600000000001
118	3	2	4.877049180327865	84.87704918032787
118	4	2	4.877049180327865	125.1229508196721
118	5	2	5.036000000000001	164.9400000000001
118	6	2	45.027999999999984	4.912000000000001
118	7	2	45.00000000000003	45.00000000000002
118	8	2	45.132	85.40399999999994
118	9	2	45.00000000000003	124.99999999999997
118	10	2	45.012	165.10399999999987
118	11	2	84.87704918032783	5.1229508196721305
118	12	2	85.01200000000003	45.040000000000006
118	13	2	84.952	84.93999999999998
118	14	2	85.01600000000005	125.156
118	15	2	85.52479338842977	165.68595041322322
118	16	2	124.69999999999996	5.000000000000002
118	17	2	124.89200000000002	45.06400000000003
118	18	2	125.03599999999999	84.83200000000001
118	19	2	125.13199999999999	124.59600000000003
118	20	2	125.25714285714291	165.51428571428562
118	21	2	165.03599999999994	5.088
118	22	2	164.97999999999996	45.10399999999999
118	23	2	164.87999999999994	85.09200000000003
118	24	2	164.99999999999994	124.99999999999997
118	25	2	164.90400000000002	164.86799999999994
118	26	1	20.102204408817638	119.68937875751517
118	27	1	68.68463073852298	182.1516966067865
118	28	1	108.20600000000005	170.08400000000012
118	29	1	20.191616766467067	99.97604790419157
118	30	1	26.904382470119522	78.17529880478097
118	31	1	38.15139442231078	62.72908366533868
118	32	1	137.52295409181625	58.14770459081835
118	33	1	76.61200000000004	155.04800000000003
118	34	1	89.33000000000004	189.16199999999998
118	35	1	182.73599999999996	162.64199999999983
118	36	1	128.2634730538923	142.60678642714566
118	37	1	91.23505976095616	96.34063745019921
118	38	1	142.7755511022046	5.661322645290653
118	39	1	150.96199999999985	175.41399999999993
118	40	1	147.60400000000013	153.9259999999999
118	41	1	96.87425149700591	165.12375249500982
118	42	1	71.34530938123757	18.590818363273453
118	43	1	66.66467065868268	85.93413173652701
118	44	1	187.66	94.14600000000004
118	45	1	111.58600000000008	144.26999999999987
119	1	2	4.959999999999995	4.979999999999998
119	2	2	4.944	45.03600000000001
119	3	2	4.877049180327865	84.87704918032787
119	4	2	4.877049180327865	125.1229508196721
119	5	2	5.036000000000001	164.9400000000001
119	6	2	45.027999999999984	4.912000000000001
119	7	2	45.00000000000003	45.00000000000002
119	8	2	45.132	85.40399999999994
119	9	2	45.00000000000003	124.99999999999997
119	10	2	45.012	165.10399999999987
119	11	2	84.87704918032783	5.1229508196721305
119	12	2	85.01200000000003	45.040000000000006
119	13	2	84.952	84.93999999999998
119	14	2	85.01600000000005	125.156
119	15	2	85.52479338842977	165.68595041322322
119	16	2	124.69999999999996	5.000000000000002
119	17	2	124.89200000000002	45.06400000000003
119	18	2	125.03599999999999	84.83200000000001
119	19	2	125.13199999999999	124.59600000000003
119	20	2	125.25714285714291	165.51428571428562
119	21	2	165.03599999999994	5.088
119	22	2	164.97999999999996	45.10399999999999
119	23	2	164.87999999999994	85.09200000000003
119	24	2	164.99999999999994	124.99999999999997
119	25	2	164.90400000000002	164.86799999999994
119	26	1	20.022000000000013	119.75400000000008
119	27	1	68.68463073852298	182.1516966067865
119	28	1	108.21956087824356	170.01197604790434
119	29	1	20.24351297405188	100.04990019960077
119	30	1	26.912175648702608	78.25149700598801
119	31	1	38.13400000000003	62.81400000000003
119	32	1	137.62124248497003	58.174348697394755
119	33	1	76.59680638722557	155.05389221556882
119	34	1	89.25600000000001	189.11400000000012
119	35	1	182.59362549800795	162.6633466135459
119	36	1	128.56999999999994	142.74999999999974
119	37	1	91.18363273453093	96.35528942115772
119	38	1	142.83466135458164	5.649402390438269
119	39	1	150.8340000000001	175.48800000000006
119	40	1	147.81836327345292	153.9481037924153
119	41	1	96.88577154308608	165.05010020040072
119	42	1	71.37724550898206	18.602794411177644
119	43	1	66.74800000000009	85.98799999999996
119	44	1	187.732	94.14800000000002
119	45	1	111.61155378486046	144.22509960159357
120	1	2	4.959999999999995	4.979999999999998
120	2	2	4.944	45.03600000000001
120	3	2	4.877049180327865	84.87704918032787
120	4	2	4.877049180327865	125.1229508196721
120	5	2	5.036000000000001	164.9400000000001
120	6	2	45.027999999999984	4.912000000000001
120	7	2	45.00000000000003	45.00000000000002
120	8	2	45.132	85.40399999999994
120	9	2	45.00000000000003	124.99999999999997
120	10	2	45.012	165.10399999999987
120	11	2	84.87704918032783	5.1229508196721305
120	12	2	85.01200000000003	45.040000000000006
120	13	2	84.952	84.93999999999998
120	14	2	85.01600000000005	125.156
120	15	2	85.52479338842977	165.68595041322322
120	16	2	124.69999999999996	5.000000000000002
120	17	2	124.89200000000002	45.06400000000003
120	18	2	125.03599999999999	84.83200000000001
120	19	2	125.13199999999999	124.59600000000003
120	20	2	125.25714285714291	165.51428571428562
120	21	2	165.03599999999994	5.088
120	22	2	164.97999999999996	45.10399999999999
120	23	2	164.87999999999994	85.09200000000003
120	24	2	164.99999999999994	124.99999999999997
120	25	2	164.90400000000002	164.86799999999994
120	26	1	20.02594810379241	119.7744510978044
120	27	1	68.64670658682633	182.12774451097812
120	28	1	108.30478087649404	169.7908366533865
120	29	1	20.24351297405188	100.04990019960077
120	30	1	26.938247011952175	78.40039840637453
120	31	1	38.13772455089819	62.8622754491018
120	32	1	137.7684630738523	58.16766467065874
120	33	1	76.65199999999999	155.01199999999994
120	34	1	89.27145708582849	189.10379241516966
120	35	1	182.42714570858283	162.63872255489017
120	36	1	128.68862275449092	142.7924151696604
120	37	1	91.19799999999996	96.34000000000002
120	38	1	142.9599999999999	5.775999999999954
120	39	1	150.66999999999993	175.45000000000002
120	40	1	148.0160320641282	153.92184368737495
120	41	1	96.86600000000004	164.97999999999988
120	42	1	71.41916167664677	18.59481037924152
120	43	1	66.752	86.12800000000013
120	44	1	187.91816367265469	94.1576846307385
120	45	1	111.626	144.09399999999982
121	1	2	4.959999999999995	4.979999999999998
121	2	2	4.944	45.03600000000001
121	3	2	4.877049180327865	84.87704918032787
121	4	2	4.877049180327865	125.1229508196721
121	5	2	5.036000000000001	164.9400000000001
121	6	2	45.027999999999984	4.912000000000001
121	7	2	45.00000000000003	45.00000000000002
121	8	2	45.132	85.40399999999994
121	9	2	45.00000000000003	124.99999999999997
121	10	2	45.012	165.10399999999987
121	11	2	84.87704918032783	5.1229508196721305
121	12	2	85.01200000000003	45.040000000000006
121	13	2	84.952	84.93999999999998
121	14	2	85.01600000000005	125.156
121	15	2	85.52479338842977	165.68595041322322
121	16	2	124.69999999999996	5.000000000000002
121	17	2	124.89200000000002	45.06400000000003
121	18	2	125.03599999999999	84.83200000000001
121	19	2	125.13199999999999	124.59600000000003
121	20	2	125.25714285714291	165.51428571428562
121	21	2	165.03599999999994	5.088
121	22	2	164.97999999999996	45.10399999999999
121	23	2	164.87999999999994	85.09200000000003
121	24	2	164.99999999999994	124.99999999999997
121	25	2	164.90400000000002	164.86799999999994
121	26	1	20.009960159362546	119.74302788844625
121	27	1	68.64071856287427	182.16766467065872
121	28	1	108.30876494023894	169.8147410358564
121	29	1	20.260000000000005	100.04200000000003
121	30	1	26.946215139442238	78.44223107569715
121	31	1	38.22155688622757	62.932135728542946
121	32	1	137.8343313373254	58.09980039920161
121	33	1	76.7145708582835	154.96606786427142
121	34	1	89.23107569721122	189.04980079681275
121	35	1	182.26892430278883	162.5776892430278
121	36	1	128.88822355289415	142.91417165668656
121	37	1	91.16367265469064	96.28742514970052
121	38	1	142.93013972055883	5.804391217564813
121	39	1	150.47094188376735	175.41883767535077
121	40	1	148.03992015968046	153.92215568862284
121	41	1	96.89021956087824	164.94211576846314
121	42	1	71.41716566866263	18.526946107784443
121	43	1	66.77689243027899	86.07370517928285
121	44	1	187.9880239520958	94.10578842315364
121	45	1	111.58882235528942	143.99800399201604
122	1	2	4.959999999999995	4.979999999999998
122	2	2	4.944	45.03600000000001
122	3	2	4.877049180327865	84.87704918032787
122	4	2	4.877049180327865	125.1229508196721
122	5	2	5.036000000000001	164.9400000000001
122	6	2	45.027999999999984	4.912000000000001
122	7	2	45.00000000000003	45.00000000000002
122	8	2	45.132	85.40399999999994
122	9	2	45.00000000000003	124.99999999999997
122	10	2	45.012	165.10399999999987
122	11	2	84.87704918032783	5.1229508196721305
122	12	2	85.01200000000003	45.040000000000006
122	13	2	84.952	84.93999999999998
122	14	2	85.01600000000005	125.156
122	15	2	85.52479338842977	165.68595041322322
122	16	2	124.69999999999996	5.000000000000002
122	17	2	124.89200000000002	45.06400000000003
122	18	2	125.03599999999999	84.83200000000001
122	19	2	125.13199999999999	124.59600000000003
122	20	2	125.25714285714291	165.51428571428562
122	21	2	165.03599999999994	5.088
122	22	2	164.97999999999996	45.10399999999999
122	23	2	164.87999999999994	85.09200000000003
122	24	2	164.99999999999994	124.99999999999997
122	25	2	164.90400000000002	164.86799999999994
122	26	1	20.05389221556886	119.71856287425145
122	27	1	68.6666666666667	182.13173652694607
122	28	1	108.2994011976047	169.82435129740523
122	29	1	20.263999999999992	100.09200000000004
122	30	1	26.91816367265468	78.53692614770465
122	31	1	38.21314741035861	63.05179282868528
122	32	1	137.91816367265469	58.027944111776435
122	33	1	76.71057884231533	154.96806387225544
122	34	1	89.26294820717138	188.99800796812752
122	35	1	182.15169660678643	162.702594810379
122	36	1	128.9760479041917	142.9760479041918
122	37	1	91.18399999999997	96.27400000000004
122	38	1	143.00000000000006	5.790419161676596
122	39	1	150.24103585657372	175.4302788844623
122	40	1	148.0738522954092	153.92814371257487
122	41	1	96.93013972055881	164.83033932135734
122	42	1	71.44111776447112	18.528942115768466
122	43	1	66.816	86.10999999999991
122	44	1	188.1414342629482	94.0756972111554
122	45	1	111.67864271457086	143.99201596806392
123	1	2	4.959999999999995	4.979999999999998
123	2	2	4.944	45.03600000000001
123	3	2	4.877049180327865	84.87704918032787
123	4	2	4.877049180327865	125.1229508196721
123	5	2	5.036000000000001	164.9400000000001
123	6	2	45.027999999999984	4.912000000000001
123	7	2	45.00000000000003	45.00000000000002
123	8	2	45.132	85.40399999999994
123	9	2	45.00000000000003	124.99999999999997
123	10	2	45.012	165.10399999999987
123	11	2	84.87704918032783	5.1229508196721305
123	12	2	85.01200000000003	45.040000000000006
123	13	2	84.952	84.93999999999998
123	14	2	85.01600000000005	125.156
123	15	2	85.52479338842977	165.68595041322322
123	16	2	124.69999999999996	5.000000000000002
123	17	2	124.89200000000002	45.06400000000003
123	18	2	125.03599999999999	84.83200000000001
123	19	2	125.13199999999999	124.59600000000003
123	20	2	125.25714285714291	165.51428571428562
123	21	2	165.03599999999994	5.088
123	22	2	164.97999999999996	45.10399999999999
123	23	2	164.87999999999994	85.09200000000003
123	24	2	164.99999999999994	124.99999999999997
123	25	2	164.90400000000002	164.86799999999994
123	26	1	20.04599999999998	119.72200000000004
123	27	1	68.6666666666667	182.13173652694607
123	28	1	108.33067729083656	169.76494023904385
123	29	1	20.261477045908215	100.06387225548902
123	30	1	26.922155688622755	78.56487025948104
123	31	1	38.22155688622755	63.055888223552884
123	32	1	137.96215139442228	58.009960159362606
123	33	1	76.79840319361278	154.94810379241528
123	34	1	89.26400000000005	188.9720000000001
123	35	1	181.99600798403193	162.77045908183624
123	36	1	129.2475049900199	143.11576846307398
123	37	1	91.02994011976045	96.18762475049897
123	38	1	143.0219123505977	5.876494023904229
123	39	1	150.084	175.4220000000001
123	40	1	148.15430861723465	153.9118236472946
123	41	1	96.95808383233533	164.82035928143708
123	42	1	71.45000000000002	18.48000000000001
123	43	1	66.82235528942113	86.11576846307388
123	44	1	188.21912350597609	94.04581673306772
123	45	1	111.64071856287428	143.8622754491018
124	1	2	4.959999999999995	4.979999999999998
124	2	2	4.944	45.03600000000001
124	3	2	4.877049180327865	84.87704918032787
124	4	2	4.877049180327865	125.1229508196721
124	5	2	5.036000000000001	164.9400000000001
124	6	2	45.027999999999984	4.912000000000001
124	7	2	45.00000000000003	45.00000000000002
124	8	2	45.132	85.40399999999994
124	9	2	45.00000000000003	124.99999999999997
124	10	2	45.012	165.10399999999987
124	11	2	84.87704918032783	5.1229508196721305
124	12	2	85.01200000000003	45.040000000000006
124	13	2	84.952	84.93999999999998
124	14	2	85.01600000000005	125.156
124	15	2	85.52479338842977	165.68595041322322
124	16	2	124.69999999999996	5.000000000000002
124	17	2	124.89200000000002	45.06400000000003
124	18	2	125.03599999999999	84.83200000000001
124	19	2	125.13199999999999	124.59600000000003
124	20	2	125.25714285714291	165.51428571428562
124	21	2	165.03599999999994	5.088
124	22	2	164.97999999999996	45.10399999999999
124	23	2	164.87999999999994	85.09200000000003
124	24	2	164.99999999999994	124.99999999999997
124	25	2	164.90400000000002	164.86799999999994
124	26	1	20.006000000000007	119.7580000000001
124	27	1	68.62874251496997	182.17964071856292
124	28	1	108.30599999999998	169.6659999999999
124	29	1	20.294820717131483	100.0577689243028
124	30	1	26.890219560878247	78.49900199600796
124	31	1	38.27944111776453	63.091816367265494
124	32	1	137.92800000000008	57.88200000000003
124	33	1	76.85600000000001	154.93799999999987
124	34	1	89.24999999999997	188.90999999999997
124	35	1	181.92015968063873	162.81237524950092
124	36	1	129.48702594810382	143.29341317365268
124	37	1	91.02195608782435	96.2275449101796
124	38	1	143.10179640718587	6.067864271457211
124	39	1	149.90019960079854	175.41117764471065
124	40	1	148.2674650698602	153.86027944111774
124	41	1	96.9980039920159	164.75449101796403
124	42	1	71.47105788423157	18.495009980039896
124	43	1	66.81599999999997	86.13200000000003
124	44	1	188.37125748502993	93.9920159680639
124	45	1	111.64541832669322	143.72509960159354
125	1	2	4.959999999999995	4.979999999999998
125	2	2	4.944	45.03600000000001
125	3	2	4.877049180327865	84.87704918032787
125	4	2	4.877049180327865	125.1229508196721
125	5	2	5.036000000000001	164.9400000000001
125	6	2	45.027999999999984	4.912000000000001
125	7	2	45.00000000000003	45.00000000000002
125	8	2	45.132	85.40399999999994
125	9	2	45.00000000000003	124.99999999999997
125	10	2	45.012	165.10399999999987
125	11	2	84.87704918032783	5.1229508196721305
125	12	2	85.01200000000003	45.040000000000006
125	13	2	84.952	84.93999999999998
125	14	2	85.01600000000005	125.156
125	15	2	85.52479338842977	165.68595041322322
125	16	2	124.69999999999996	5.000000000000002
125	17	2	124.89200000000002	45.06400000000003
125	18	2	125.03599999999999	84.83200000000001
125	19	2	125.13199999999999	124.59600000000003
125	20	2	125.25714285714291	165.51428571428562
125	21	2	165.03599999999994	5.088
125	22	2	164.97999999999996	45.10399999999999
125	23	2	164.87999999999994	85.09200000000003
125	24	2	164.99999999999994	124.99999999999997
125	25	2	164.90400000000002	164.86799999999994
125	26	1	19.987999999999996	119.79200000000013
125	27	1	68.59799999999991	182.19400000000005
125	28	1	108.33732534930142	169.6347305389221
125	29	1	20.267999999999986	100.06000000000004
125	30	1	26.910179640718543	78.56686626746504
125	31	1	38.369261477045896	63.23153692614772
125	32	1	138.01397205588808	57.89021956087823
125	33	1	76.85828343313376	154.91017964071852
125	34	1	89.24950099800391	188.87425149700596
125	35	1	181.89221556886224	162.84031936127738
125	36	1	129.6007984031936	143.37724550898216
125	37	1	91.06786427145711	96.18363273453083
125	38	1	143.21800000000007	6.201999999999913
125	39	1	149.696	175.31400000000008
125	40	1	148.39920159680636	153.82035928143742
125	41	1	96.9760479041916	164.70858283433128
125	42	1	71.52799999999992	18.472000000000016
125	43	1	66.8363273453094	86.1277445109781
125	44	1	188.5369261477046	93.99600798403176
125	45	1	111.68662674650706	143.65469061876257
126	1	2	4.959999999999995	4.979999999999998
126	2	2	4.944	45.03600000000001
126	3	2	4.877049180327865	84.87704918032787
126	4	2	4.877049180327865	125.1229508196721
126	5	2	5.036000000000001	164.9400000000001
126	6	2	45.027999999999984	4.912000000000001
126	7	2	45.00000000000003	45.00000000000002
126	8	2	45.132	85.40399999999994
126	9	2	45.00000000000003	124.99999999999997
126	10	2	45.012	165.10399999999987
126	11	2	84.87704918032783	5.1229508196721305
126	12	2	85.01200000000003	45.040000000000006
126	13	2	84.952	84.93999999999998
126	14	2	85.01600000000005	125.156
126	15	2	85.52479338842977	165.68595041322322
126	16	2	124.69999999999996	5.000000000000002
126	17	2	124.89200000000002	45.06400000000003
126	18	2	125.03599999999999	84.83200000000001
126	19	2	125.13199999999999	124.59600000000003
126	20	2	125.25714285714291	165.51428571428562
126	21	2	165.03599999999994	5.088
126	22	2	164.97999999999996	45.10399999999999
126	23	2	164.87999999999994	85.09200000000003
126	24	2	164.99999999999994	124.99999999999997
126	25	2	164.90400000000002	164.86799999999994
126	26	1	19.962075848303392	119.85229540918165
126	27	1	68.57485029940119	182.20558882235514
126	28	1	108.34399999999998	169.51599999999996
126	29	1	20.279441117764467	100.07185628742513
126	30	1	26.94211576846308	78.69860279441114
126	31	1	38.385229540918154	63.351297405189634
126	32	1	138.0998003992016	57.84830339321358
126	33	1	76.85828343313376	154.91017964071852
126	34	1	89.25600000000001	188.77600000000004
126	35	1	181.76447105788424	162.81237524950112
126	36	1	129.78685258964137	143.56972111553782
126	37	1	91.00000000000009	96.22709163346609
126	38	1	143.2295409181637	6.267465069860094
126	39	1	149.66799999999984	175.25599999999986
126	40	1	148.50698602794387	153.62275449101796
126	41	1	96.96600000000004	164.7199999999998
126	42	1	71.5660000000001	18.470000000000013
126	43	1	66.81237524950103	86.06187624750503
126	44	1	188.64870259481037	93.99201596806391
126	45	1	111.62674650698595	143.57285429141726
127	1	2	4.959999999999995	4.979999999999998
127	2	2	4.944	45.03600000000001
127	3	2	4.877049180327865	84.87704918032787
127	4	2	4.877049180327865	125.1229508196721
127	5	2	5.036000000000001	164.9400000000001
127	6	2	45.027999999999984	4.912000000000001
127	7	2	45.00000000000003	45.00000000000002
127	8	2	45.132	85.40399999999994
127	9	2	45.00000000000003	124.99999999999997
127	10	2	45.012	165.10399999999987
127	11	2	84.87704918032783	5.1229508196721305
127	12	2	85.01200000000003	45.040000000000006
127	13	2	84.952	84.93999999999998
127	14	2	85.01600000000005	125.156
127	15	2	85.52479338842977	165.68595041322322
127	16	2	124.69999999999996	5.000000000000002
127	17	2	124.89200000000002	45.06400000000003
127	18	2	125.03599999999999	84.83200000000001
127	19	2	125.13199999999999	124.59600000000003
127	20	2	125.25714285714291	165.51428571428562
127	21	2	165.03599999999994	5.088
127	22	2	164.97999999999996	45.10399999999999
127	23	2	164.87999999999994	85.09200000000003
127	24	2	164.99999999999994	124.99999999999997
127	25	2	164.90400000000002	164.86799999999994
127	26	1	19.928143712574858	119.88822355289422
127	27	1	68.59199999999998	182.20399999999995
127	28	1	108.35856573705183	169.45418326693235
127	29	1	20.297405189620772	100.14171656686628
127	30	1	26.970059880239518	78.65668662674662
127	31	1	38.4810379241517	63.36127744510979
127	32	1	138.13545816733057	57.7908366533865
127	33	1	76.8579999999999	154.9300000000001
127	34	1	89.2255489021956	188.76447105788424
127	35	1	181.78642714570861	162.90618762475052
127	36	1	130.05588822355296	143.7165668662674
127	37	1	90.99201596806392	96.19560878243513
127	38	1	143.32534930139707	6.516966067864303
127	39	1	149.73399999999984	175.2739999999998
127	40	1	148.52999999999977	153.68799999999987
127	41	1	96.97000000000003	164.7
127	42	1	71.61199999999998	18.444000000000013
127	43	1	66.85400000000001	86.12399999999998
127	44	1	188.7	93.94599999999994
127	45	1	111.68662674650697	143.54491017964062
128	1	2	4.959999999999995	4.979999999999998
128	2	2	4.944	45.03600000000001
128	3	2	4.877049180327865	84.87704918032787
128	4	2	4.877049180327865	125.1229508196721
128	5	2	5.036000000000001	164.9400000000001
128	6	2	45.027999999999984	4.912000000000001
128	7	2	45.00000000000003	45.00000000000002
128	8	2	45.132	85.40399999999994
128	9	2	45.00000000000003	124.99999999999997
128	10	2	45.012	165.10399999999987
128	11	2	84.87704918032783	5.1229508196721305
128	12	2	85.01200000000003	45.040000000000006
128	13	2	84.952	84.93999999999998
128	14	2	85.01600000000005	125.156
128	15	2	85.52479338842977	165.68595041322322
128	16	2	124.69999999999996	5.000000000000002
128	17	2	124.89200000000002	45.06400000000003
128	18	2	125.03599999999999	84.83200000000001
128	19	2	125.13199999999999	124.59600000000003
128	20	2	125.25714285714291	165.51428571428562
128	21	2	165.03599999999994	5.088
128	22	2	164.97999999999996	45.10399999999999
128	23	2	164.87999999999994	85.09200000000003
128	24	2	164.99999999999994	124.99999999999997
128	25	2	164.90400000000002	164.86799999999994
128	26	1	19.89800000000001	119.89200000000001
128	27	1	68.51097804391216	182.2455089820359
128	28	1	108.34530938123758	169.29341317365268
128	29	1	20.313373253493015	100.14970059880233
128	30	1	26.96207584830338	78.66666666666656
128	31	1	38.52894211576844	63.45508982035928
128	32	1	138.18762475049886	57.726546906187615
128	33	1	76.89000000000011	154.91999999999993
128	34	1	89.33333333333334	188.69261477045913
128	35	1	181.76047904191614	163.01796407185634
128	36	1	130.17928286852595	143.81474103585654
128	37	1	90.94411177644706	96.1556886227545
128	38	1	143.33799999999988	6.545999999999964
128	39	1	149.65400000000005	175.23999999999998
128	40	1	148.66467065868264	153.64271457085826
128	41	1	96.94422310756971	164.66533864541842
128	42	1	71.69660678642714	18.45508982035928
128	43	1	66.8463073852296	86.12974051896208
128	44	1	188.73453093812375	93.92614770459082
128	45	1	111.63800000000005	143.37399999999985
129	1	2	4.959999999999995	4.979999999999998
129	2	2	4.944	45.03600000000001
129	3	2	4.877049180327865	84.87704918032787
129	4	2	4.877049180327865	125.1229508196721
129	5	2	5.036000000000001	164.9400000000001
129	6	2	45.027999999999984	4.912000000000001
129	7	2	45.00000000000003	45.00000000000002
129	8	2	45.132	85.40399999999994
129	9	2	45.00000000000003	124.99999999999997
129	10	2	45.012	165.10399999999987
129	11	2	84.87704918032783	5.1229508196721305
129	12	2	85.01200000000003	45.040000000000006
129	13	2	84.952	84.93999999999998
129	14	2	85.01600000000005	125.156
129	15	2	85.52479338842977	165.68595041322322
129	16	2	124.69999999999996	5.000000000000002
129	17	2	124.89200000000002	45.06400000000003
129	18	2	125.03599999999999	84.83200000000001
129	19	2	125.13199999999999	124.59600000000003
129	20	2	125.25714285714291	165.51428571428562
129	21	2	165.03599999999994	5.088
129	22	2	164.97999999999996	45.10399999999999
129	23	2	164.87999999999994	85.09200000000003
129	24	2	164.99999999999994	124.99999999999997
129	25	2	164.90400000000002	164.86799999999994
129	26	1	19.92400000000002	119.86600000000004
129	27	1	68.486	182.2519999999999
129	28	1	108.33732534930135	169.11576846307398
129	29	1	20.313373253493015	100.14970059880233
129	30	1	26.954091816367264	78.62475049900202
129	31	1	38.56374501992031	63.49601593625498
129	32	1	138.2270916334661	57.64741035856578
129	33	1	76.91	154.93400000000003
129	34	1	89.38722554890221	188.6027944111777
129	35	1	181.6506986027944	163.04590818363266
129	36	1	130.41916167664664	143.90419161676647
129	37	1	90.82035928143722	96.21157684630731
129	38	1	143.45109780439108	6.590818363273371
129	39	1	149.54491017964057	175.22355289421148
129	40	1	148.65936254980087	153.61952191235048
129	41	1	96.9900199600798	164.64670658682638
129	42	1	71.74800000000003	18.438
129	43	1	66.75498007968127	86.14143426294812
129	44	1	188.81274900398407	93.86852589641433
129	45	1	111.6267465069861	143.22554890219564
130	1	2	4.959999999999995	4.979999999999998
130	2	2	4.944	45.03600000000001
130	3	2	4.877049180327865	84.87704918032787
130	4	2	4.877049180327865	125.1229508196721
130	5	2	5.036000000000001	164.9400000000001
130	6	2	45.027999999999984	4.912000000000001
130	7	2	45.00000000000003	45.00000000000002
130	8	2	45.132	85.40399999999994
130	9	2	45.00000000000003	124.99999999999997
130	10	2	45.012	165.10399999999987
130	11	2	84.87704918032783	5.1229508196721305
130	12	2	85.01200000000003	45.040000000000006
130	13	2	84.952	84.93999999999998
130	14	2	85.01600000000005	125.156
130	15	2	85.52479338842977	165.68595041322322
130	16	2	124.69999999999996	5.000000000000002
130	17	2	124.89200000000002	45.06400000000003
130	18	2	125.03599999999999	84.83200000000001
130	19	2	125.13199999999999	124.59600000000003
130	20	2	125.25714285714291	165.51428571428562
130	21	2	165.03599999999994	5.088
130	22	2	164.97999999999996	45.10399999999999
130	23	2	164.87999999999994	85.09200000000003
130	24	2	164.99999999999994	124.99999999999997
130	25	2	164.90400000000002	164.86799999999994
130	26	1	19.898203592814387	119.93812375249503
130	27	1	68.486	182.2519999999999
130	28	1	108.37524950099797	169.00998003992007
130	29	1	20.32934131736526	100.16167664670664
130	30	1	26.954091816367264	78.62475049900202
130	31	1	38.588822355289416	63.552894211576856
130	32	1	138.2709163346615	57.58764940239044
130	33	1	77.01197604790418	154.84830339321357
130	34	1	89.37724550898201	188.53692614770443
130	35	1	181.55289421157684	163.03592814371245
130	36	1	130.73652694610777	144.11377245508967
130	37	1	90.748	96.22399999999996
130	38	1	143.51696606786427	6.686626746506903
130	39	1	149.43113772455072	175.22554890219558
130	40	1	148.8179999999998	153.75600000000006
130	41	1	97.06400000000002	164.59799999999998
130	42	1	71.66200000000002	18.417999999999996
130	43	1	66.77844311377248	86.08582834331334
130	44	1	188.91017964071855	93.83033932135731
130	45	1	111.60678642714562	143.03992015968055
131	1	2	4.959999999999995	4.979999999999998
131	2	2	4.944	45.03600000000001
131	3	2	4.877049180327865	84.87704918032787
131	4	2	4.877049180327865	125.1229508196721
131	5	2	5.036000000000001	164.9400000000001
131	6	2	45.027999999999984	4.912000000000001
131	7	2	45.00000000000003	45.00000000000002
131	8	2	45.132	85.40399999999994
131	9	2	45.00000000000003	124.99999999999997
131	10	2	45.012	165.10399999999987
131	11	2	84.87704918032783	5.1229508196721305
131	12	2	85.01200000000003	45.040000000000006
131	13	2	84.952	84.93999999999998
131	14	2	85.01600000000005	125.156
131	15	2	85.52479338842977	165.68595041322322
131	16	2	124.69999999999996	5.000000000000002
131	17	2	124.89200000000002	45.06400000000003
131	18	2	125.03599999999999	84.83200000000001
131	19	2	125.13199999999999	124.59600000000003
131	20	2	125.25714285714291	165.51428571428562
131	21	2	165.03599999999994	5.088
131	22	2	164.97999999999996	45.10399999999999
131	23	2	164.87999999999994	85.09200000000003
131	24	2	164.99999999999994	124.99999999999997
131	25	2	164.90400000000002	164.86799999999994
131	26	1	19.898203592814387	119.93812375249503
131	27	1	68.46706586826348	182.25748502994
131	28	1	108.38800000000002	168.82600000000005
131	29	1	20.361999999999988	100.16599999999997
131	30	1	26.89641434262947	78.5637450199203
131	31	1	38.69261477045905	63.70858283433132
131	32	1	138.40399999999997	57.52400000000001
131	33	1	77.11976047904199	154.7824351297404
131	34	1	89.38247011952194	188.52589641434258
131	35	1	181.50898203592814	163.11177644710568
131	36	1	130.82600000000002	144.19599999999994
131	37	1	90.70600000000003	96.17000000000002
131	38	1	143.5968063872255	6.862275449101787
131	39	1	149.30339321357286	175.183632734531
131	40	1	148.92614770459053	153.63473053892216
131	41	1	97.09580838323349	164.53892215568862
131	42	1	71.74451097804386	18.437125748502996
131	43	1	66.7604790419162	86.0039920159681
131	44	1	189.08183632734531	93.81237524950099
131	45	1	111.68399999999995	142.94600000000005
132	1	2	4.959999999999995	4.979999999999998
132	2	2	4.944	45.03600000000001
132	3	2	4.877049180327865	84.87704918032787
132	4	2	4.877049180327865	125.1229508196721
132	5	2	5.036000000000001	164.9400000000001
132	6	2	45.027999999999984	4.912000000000001
132	7	2	45.00000000000003	45.00000000000002
132	8	2	45.132	85.40399999999994
132	9	2	45.00000000000003	124.99999999999997
132	10	2	45.012	165.10399999999987
132	11	2	84.87704918032783	5.1229508196721305
132	12	2	85.01200000000003	45.040000000000006
132	13	2	84.952	84.93999999999998
132	14	2	85.01600000000005	125.156
132	15	2	85.52479338842977	165.68595041322322
132	16	2	124.69999999999996	5.000000000000002
132	17	2	124.89200000000002	45.06400000000003
132	18	2	125.03599999999999	84.83200000000001
132	19	2	125.13199999999999	124.59600000000003
132	20	2	125.25714285714291	165.51428571428562
132	21	2	165.03599999999994	5.088
132	22	2	164.97999999999996	45.10399999999999
132	23	2	164.87999999999994	85.09200000000003
132	24	2	164.99999999999994	124.99999999999997
132	25	2	164.90400000000002	164.86799999999994
132	26	1	19.85029940119761	119.9540918163672
132	27	1	68.443113772455	182.27544910179628
132	28	1	108.40918163672643	168.70059880239518
132	29	1	20.402390438247007	100.19322709163345
132	30	1	26.918326693227097	78.52988047808775
132	31	1	38.73253493013972	63.75848303393213
132	32	1	138.36726546906183	57.421157684630785
132	33	1	77.13000000000001	154.78600000000003
132	34	1	89.38922155688627	188.42714570858283
132	35	1	181.4451097804391	163.18962075848293
132	36	1	130.8844621513945	144.2629482071714
132	37	1	90.59481037924148	96.12175648702589
132	38	1	143.7345309381237	6.9960079840318485
132	39	1	149.17928286852592	175.1593625498008
132	40	1	149.0260000000001	153.61
132	41	1	97.11377245508986	164.43712574850304
132	42	1	71.77045908183638	18.473053892215578
132	43	1	66.7305389221558	85.95009980039926
132	44	1	189.18	93.76599999999999
132	45	1	111.65799999999999	142.778
133	1	2	4.959999999999995	4.979999999999998
133	2	2	4.944	45.03600000000001
133	3	2	4.877049180327865	84.87704918032787
133	4	2	4.877049180327865	125.1229508196721
133	5	2	5.036000000000001	164.9400000000001
133	6	2	45.027999999999984	4.912000000000001
133	7	2	45.00000000000003	45.00000000000002
133	8	2	45.132	85.40399999999994
133	9	2	45.00000000000003	124.99999999999997
133	10	2	45.012	165.10399999999987
133	11	2	84.87704918032783	5.1229508196721305
133	12	2	85.01200000000003	45.040000000000006
133	13	2	84.952	84.93999999999998
133	14	2	85.01600000000005	125.156
133	15	2	85.52479338842977	165.68595041322322
133	16	2	124.69999999999996	5.000000000000002
133	17	2	124.89200000000002	45.06400000000003
133	18	2	125.03599999999999	84.83200000000001
133	19	2	125.13199999999999	124.59600000000003
133	20	2	125.25714285714291	165.51428571428562
133	21	2	165.03599999999994	5.088
133	22	2	164.97999999999996	45.10399999999999
133	23	2	164.87999999999994	85.09200000000003
133	24	2	164.99999999999994	124.99999999999997
133	25	2	164.90400000000002	164.86799999999994
133	26	1	19.809999999999988	119.85000000000004
133	27	1	68.38400000000003	182.28199999999984
133	28	1	108.44599999999997	168.6200000000001
133	29	1	20.500000000000014	100.25199999999994
133	30	1	26.9141716566866	78.52894211576853
133	31	1	38.73453093812376	63.80239520958076
133	32	1	138.36926147704602	57.387225548902165
133	33	1	77.14970059880245	154.78642714570861
133	34	1	89.28742514970068	188.28742514970068
133	35	1	181.32868525896413	163.26693227091633
133	36	1	131.07399999999998	144.39000000000016
133	37	1	90.47799999999998	96.11199999999998
133	38	1	143.8143712574852	7.041916167664539
133	39	1	149.003984063745	175.18326693227095
133	40	1	149.059880239521	153.5828343313373
133	41	1	97.18199999999997	164.36199999999994
133	42	1	71.814	18.570000000000014
133	43	1	66.74251497005979	85.85429141716561
133	44	1	189.23856858846918	93.67594433399611
133	45	1	111.73199999999997	142.7219999999999
134	1	2	4.959999999999995	4.979999999999998
134	2	2	4.944	45.03600000000001
134	3	2	4.877049180327865	84.87704918032787
134	4	2	4.877049180327865	125.1229508196721
134	5	2	5.036000000000001	164.9400000000001
134	6	2	45.027999999999984	4.912000000000001
134	7	2	45.00000000000003	45.00000000000002
134	8	2	45.132	85.40399999999994
134	9	2	45.00000000000003	124.99999999999997
134	10	2	45.012	165.10399999999987
134	11	2	84.87704918032783	5.1229508196721305
134	12	2	85.01200000000003	45.040000000000006
134	13	2	84.952	84.93999999999998
134	14	2	85.01600000000005	125.156
134	15	2	85.52479338842977	165.68595041322322
134	16	2	124.69999999999996	5.000000000000002
134	17	2	124.89200000000002	45.06400000000003
134	18	2	125.03599999999999	84.83200000000001
134	19	2	125.13199999999999	124.59600000000003
134	20	2	125.25714285714291	165.51428571428562
134	21	2	165.03599999999994	5.088
134	22	2	164.97999999999996	45.10399999999999
134	23	2	164.87999999999994	85.09200000000003
134	24	2	164.99999999999994	124.99999999999997
134	25	2	164.90400000000002	164.86799999999994
134	26	1	19.774451097804416	119.86427145708582
134	27	1	68.40319361277442	182.2714570858282
134	28	1	108.40119760479043	168.4670658682635
134	29	1	20.559760956175303	100.29681274900398
134	30	1	26.88844621513945	78.4342629482072
134	31	1	38.84830339321354	63.846307385229544
134	32	1	138.41516966067877	57.34530938123749
134	33	1	77.1337325349302	154.80239520958085
134	34	1	89.32734530938122	188.2734530938124
134	35	1	181.19322709163345	163.3844621513945
134	36	1	131.29681274900398	144.6274900398406
134	37	1	90.39321357285432	96.06387225548895
134	38	1	143.76800000000006	7.037999999999812
134	39	1	148.8739999999999	175.27999999999997
134	40	1	149.1536926147703	153.62674650698605
134	41	1	97.22444889779557	164.24248496993997
134	42	1	71.87399999999991	18.584
134	43	1	66.74451097804392	85.76646706586823
134	44	1	189.36127744510978	93.68263473053896
134	45	1	111.74451097804393	142.54690618762473
135	1	2	4.959999999999995	4.979999999999998
135	2	2	4.944	45.03600000000001
135	3	2	4.877049180327865	84.87704918032787
135	4	2	4.877049180327865	125.1229508196721
135	5	2	5.036000000000001	164.9400000000001
135	6	2	45.027999999999984	4.912000000000001
135	7	2	45.00000000000003	45.00000000000002
135	8	2	45.132	85.40399999999994
135	9	2	45.00000000000003	124.99999999999997
135	10	2	45.012	165.10399999999987
135	11	2	84.87704918032783	5.1229508196721305
135	12	2	85.01200000000003	45.040000000000006
135	13	2	84.952	84.93999999999998
135	14	2	85.01600000000005	125.156
135	15	2	85.52479338842977	165.68595041322322
135	16	2	124.69999999999996	5.000000000000002
135	17	2	124.89200000000002	45.06400000000003
135	18	2	125.03599999999999	84.83200000000001
135	19	2	125.13199999999999	124.59600000000003
135	20	2	125.25714285714291	165.51428571428562
135	21	2	165.03599999999994	5.088
135	22	2	164.97999999999996	45.10399999999999
135	23	2	164.87999999999994	85.09200000000003
135	24	2	164.99999999999994	124.99999999999997
135	25	2	164.90400000000002	164.86799999999994
135	26	1	19.80838323353294	119.89820359281437
135	27	1	68.40319361277442	182.2714570858282
135	28	1	108.43199999999995	168.4000000000001
135	29	1	20.534930139720565	100.28542914171656
135	30	1	26.906187624750505	78.36327345309384
135	31	1	38.93612774451098	63.92814371257487
135	32	1	138.43912175648703	57.379241516966054
135	33	1	77.19760479041915	154.77644710578835
135	34	1	89.32335329341322	188.23752495009998
135	35	1	181.17764471057885	163.52694610778457
135	36	1	131.54980079681266	144.84661354581672
135	37	1	90.36999999999993	96.11800000000004
135	38	1	143.75099601593618	7.0956175298805135
135	39	1	148.77844311377243	175.3313373253493
135	40	1	149.24199999999996	153.6760000000002
135	41	1	97.27399999999993	164.1479999999998
135	42	1	71.89599999999996	18.54799999999998
135	43	1	66.80039920159679	85.75449101796406
135	44	1	189.44820717131475	93.59163346613549
135	45	1	111.75848303393204	142.4251497005986
136	1	2	4.959999999999995	4.979999999999998
136	2	2	4.944	45.03600000000001
136	3	2	4.877049180327865	84.87704918032787
136	4	2	4.877049180327865	125.1229508196721
136	5	2	5.036000000000001	164.9400000000001
136	6	2	45.027999999999984	4.912000000000001
136	7	2	45.00000000000003	45.00000000000002
136	8	2	45.132	85.40399999999994
136	9	2	45.00000000000003	124.99999999999997
136	10	2	45.012	165.10399999999987
136	11	2	84.87704918032783	5.1229508196721305
136	12	2	85.01200000000003	45.040000000000006
136	13	2	84.952	84.93999999999998
136	14	2	85.01600000000005	125.156
136	15	2	85.52479338842977	165.68595041322322
136	16	2	124.69999999999996	5.000000000000002
136	17	2	124.89200000000002	45.06400000000003
136	18	2	125.03599999999999	84.83200000000001
136	19	2	125.13199999999999	124.59600000000003
136	20	2	125.25714285714291	165.51428571428562
136	21	2	165.03599999999994	5.088
136	22	2	164.97999999999996	45.10399999999999
136	23	2	164.87999999999994	85.09200000000003
136	24	2	164.99999999999994	124.99999999999997
136	25	2	164.90400000000002	164.86799999999994
136	26	1	19.776447105788442	119.82634730538922
136	27	1	68.37274549098201	182.23847695390785
136	28	1	108.514	168.24000000000018
136	29	1	20.528	100.264
136	30	1	26.91816367265471	78.30139720558883
136	31	1	38.98802395209584	63.96007984031943
136	32	1	138.5119999999999	57.27200000000002
136	33	1	77.20200000000004	154.78400000000013
136	34	1	89.18599999999999	188.11000000000007
136	35	1	181.13972055888223	163.52095808383237
136	36	1	131.64870259481054	144.97804391217556
136	37	1	90.42600000000002	96.07199999999992
136	38	1	143.8864541832668	7.304780876494078
136	39	1	148.65800000000002	175.29999999999998
136	40	1	149.33400000000006	153.63200000000018
136	41	1	97.33399999999995	164.11999999999983
136	42	1	71.86399999999999	18.568
136	43	1	66.77644710578849	85.75848303393208
136	44	1	189.55289421157687	93.50299401197596
136	45	1	111.71656686626748	142.30538922155682
137	1	2	4.959999999999995	4.979999999999998
137	2	2	4.944	45.03600000000001
137	3	2	4.877049180327865	84.87704918032787
137	4	2	4.877049180327865	125.1229508196721
137	5	2	5.036000000000001	164.9400000000001
137	6	2	45.027999999999984	4.912000000000001
137	7	2	45.00000000000003	45.00000000000002
137	8	2	45.132	85.40399999999994
137	9	2	45.00000000000003	124.99999999999997
137	10	2	45.012	165.10399999999987
137	11	2	84.87704918032783	5.1229508196721305
137	12	2	85.01200000000003	45.040000000000006
137	13	2	84.952	84.93999999999998
137	14	2	85.01600000000005	125.156
137	15	2	85.52479338842977	165.68595041322322
137	16	2	124.69999999999996	5.000000000000002
137	17	2	124.89200000000002	45.06400000000003
137	18	2	125.03599999999999	84.83200000000001
137	19	2	125.13199999999999	124.59600000000003
137	20	2	125.25714285714291	165.51428571428562
137	21	2	165.03599999999994	5.088
137	22	2	164.97999999999996	45.10399999999999
137	23	2	164.87999999999994	85.09200000000003
137	24	2	164.99999999999994	124.99999999999997
137	25	2	164.90400000000002	164.86799999999994
137	26	1	19.766467065868262	119.87824351297404
137	27	1	68.36926147704591	182.27345309381238
137	28	1	108.59443339960244	167.95825049701793
137	29	1	20.5309381237525	100.33333333333344
137	30	1	26.9620758483034	78.25149700598807
137	31	1	39.02594810379244	63.99201596806386
137	32	1	138.51097804391225	57.111776447105804
137	33	1	77.20200000000004	154.78400000000013
137	34	1	89.22509960159361	188.05378486055793
137	35	1	181.072	163.536
137	36	1	131.8183632734531	145.057884231537
137	37	1	90.32534930139717	96.09181636726544
137	38	1	143.9980039920159	7.255489021956038
137	39	1	148.55999999999986	175.30400000000023
137	40	1	149.40119760479067	153.6007984031936
137	41	1	97.42315369261478	164.02794411177638
137	42	1	71.84231536926139	18.572854291417144
137	43	1	66.7445109780439	85.73253493013976
137	44	1	189.63672654690617	93.48902195608788
137	45	1	111.7269076305221	142.1485943775101
138	1	2	4.959999999999995	4.979999999999998
138	2	2	4.944	45.03600000000001
138	3	2	4.877049180327865	84.87704918032787
138	4	2	4.877049180327865	125.1229508196721
138	5	2	5.036000000000001	164.9400000000001
138	6	2	45.027999999999984	4.912000000000001
138	7	2	45.00000000000003	45.00000000000002
138	8	2	45.132	85.40399999999994
138	9	2	45.00000000000003	124.99999999999997
138	10	2	45.012	165.10399999999987
138	11	2	84.87704918032783	5.1229508196721305
138	12	2	85.01200000000003	45.040000000000006
138	13	2	84.952	84.93999999999998
138	14	2	85.01600000000005	125.156
138	15	2	85.52479338842977	165.68595041322322
138	16	2	124.69999999999996	5.000000000000002
138	17	2	124.89200000000002	45.06400000000003
138	18	2	125.03599999999999	84.83200000000001
138	19	2	125.13199999999999	124.59600000000003
138	20	2	125.25714285714291	165.51428571428562
138	21	2	165.03599999999994	5.088
138	22	2	164.97999999999996	45.10399999999999
138	23	2	164.87999999999994	85.09200000000003
138	24	2	164.99999999999994	124.99999999999997
138	25	2	164.90400000000002	164.86799999999994
138	26	1	19.790419161676645	119.8622754491018
138	27	1	68.38722554890224	182.24750499002
138	28	1	108.64071856287424	167.8822355289421
138	29	1	20.54600000000001	100.37400000000001
138	30	1	26.962151394422335	78.24103585657375
138	31	1	39.147704590818414	64.11377245508977
138	32	1	138.621513944223	57.12151394422311
138	33	1	77.20200000000004	154.78400000000013
138	34	1	89.11354581673311	187.99003984063754
138	35	1	181.00998003992015	163.5469061876247
138	36	1	131.9121756487027	145.12375249501
138	37	1	90.34200000000001	96.06800000000008
138	38	1	144.25099601593635	7.368525896414354
138	39	1	148.49199999999996	175.3399999999998
138	40	1	149.42714570858286	153.64670658682638
138	41	1	97.52095808383233	163.93013972055888
138	42	1	71.89799999999997	18.592
138	43	1	66.75848303393222	85.70658682634729
138	44	1	189.75249500998004	93.48502994011965
138	45	1	111.67599999999999	142.06000000000006
139	1	2	4.959999999999995	4.979999999999998
139	2	2	4.944	45.03600000000001
139	3	2	4.877049180327865	84.87704918032787
139	4	2	4.877049180327865	125.1229508196721
139	5	2	5.036000000000001	164.9400000000001
139	6	2	45.027999999999984	4.912000000000001
139	7	2	45.00000000000003	45.00000000000002
139	8	2	45.132	85.40399999999994
139	9	2	45.00000000000003	124.99999999999997
139	10	2	45.012	165.10399999999987
139	11	2	84.87704918032783	5.1229508196721305
139	12	2	85.01200000000003	45.040000000000006
139	13	2	84.952	84.93999999999998
139	14	2	85.01600000000005	125.156
139	15	2	85.52479338842977	165.68595041322322
139	16	2	124.69999999999996	5.000000000000002
139	17	2	124.89200000000002	45.06400000000003
139	18	2	125.03599999999999	84.83200000000001
139	19	2	125.13199999999999	124.59600000000003
139	20	2	125.25714285714291	165.51428571428562
139	21	2	165.03599999999994	5.088
139	22	2	164.97999999999996	45.10399999999999
139	23	2	164.87999999999994	85.09200000000003
139	24	2	164.99999999999994	124.99999999999997
139	25	2	164.90400000000002	164.86799999999994
139	26	1	19.76047904191618	119.94011976047912
139	27	1	68.38000000000008	182.23599999999982
139	28	1	108.64670658682638	167.7844311377245
139	29	1	20.62475049900199	100.41117764471053
139	30	1	26.956087824351293	78.21556886227556
139	31	1	39.14970059880236	64.19161676646713
139	32	1	138.7709163346613	57.00796812748999
139	33	1	77.20200000000004	154.78400000000013
139	34	1	89.11776447105794	187.84830339321337
139	35	1	180.94011976047906	163.59680638722534
139	36	1	132.18163672654686	145.42115768463077
139	37	1	90.32734530938123	96.07784431137723
139	38	1	144.31536926147692	7.453093812375158
139	39	1	148.4720000000001	175.39200000000008
139	40	1	149.5169660678643	153.6127744510978
139	41	1	97.62400000000002	163.82999999999979
139	42	1	71.99199999999989	18.59199999999999
139	43	1	66.76599999999993	85.6780000000001
139	44	1	189.812375249501	93.50499001996006
139	45	1	111.60279441117763	141.91417165668645
140	1	2	4.959999999999995	4.979999999999998
140	2	2	4.944	45.03600000000001
140	3	2	4.877049180327865	84.87704918032787
140	4	2	4.877049180327865	125.1229508196721
140	5	2	5.036000000000001	164.9400000000001
140	6	2	45.027999999999984	4.912000000000001
140	7	2	45.00000000000003	45.00000000000002
140	8	2	45.132	85.40399999999994
140	9	2	45.00000000000003	124.99999999999997
140	10	2	45.012	165.10399999999987
140	11	2	84.87704918032783	5.1229508196721305
140	12	2	85.01200000000003	45.040000000000006
140	13	2	84.952	84.93999999999998
140	14	2	85.01600000000005	125.156
140	15	2	85.52479338842977	165.68595041322322
140	16	2	124.69999999999996	5.000000000000002
140	17	2	124.89200000000002	45.06400000000003
140	18	2	125.03599999999999	84.83200000000001
140	19	2	125.13199999999999	124.59600000000003
140	20	2	125.25714285714291	165.51428571428562
140	21	2	165.03599999999994	5.088
140	22	2	164.97999999999996	45.10399999999999
140	23	2	164.87999999999994	85.09200000000003
140	24	2	164.99999999999994	124.99999999999997
140	25	2	164.90400000000002	164.86799999999994
140	26	1	19.76646706586825	119.79640718562862
140	27	1	68.38000000000008	182.23599999999982
140	28	1	108.67729083665336	167.6035856573706
140	29	1	20.69461077844309	100.48902195608778
140	30	1	26.956087824351304	78.13572854291414
140	31	1	39.239520958083794	64.25948103792422
140	32	1	138.80278884462155	56.96414342629484
140	33	1	77.32934131736532	154.7165668662675
140	34	1	89.09799999999994	187.80800000000002
140	35	1	180.962	163.636
140	36	1	132.37924151696598	145.51696606786427
140	37	1	90.29540918163676	96.03792415169659
140	38	1	144.3752495009979	7.530938123752492
140	39	1	148.44311377245498	175.48103792415148
140	40	1	149.6107784431139	153.70658682634746
140	41	1	97.66599999999994	163.89599999999984
140	42	1	72.00799999999992	18.561999999999998
140	43	1	66.72908366533869	85.74501992031871
140	44	1	189.94610778443115	93.49900199600792
140	45	1	111.71057884231524	141.84830339321348
141	1	2	4.959999999999995	4.979999999999998
141	2	2	4.944	45.03600000000001
141	3	2	4.877049180327865	84.87704918032787
141	4	2	4.877049180327865	125.1229508196721
141	5	2	5.036000000000001	164.9400000000001
141	6	2	45.027999999999984	4.912000000000001
141	7	2	45.00000000000003	45.00000000000002
141	8	2	45.132	85.40399999999994
141	9	2	45.00000000000003	124.99999999999997
141	10	2	45.012	165.10399999999987
141	11	2	84.87704918032783	5.1229508196721305
141	12	2	85.01200000000003	45.040000000000006
141	13	2	84.952	84.93999999999998
141	14	2	85.01600000000005	125.156
141	15	2	85.52479338842977	165.68595041322322
141	16	2	124.69999999999996	5.000000000000002
141	17	2	124.89200000000002	45.06400000000003
141	18	2	125.03599999999999	84.83200000000001
141	19	2	125.13199999999999	124.59600000000003
141	20	2	125.25714285714291	165.51428571428562
141	21	2	165.03599999999994	5.088
141	22	2	164.97999999999996	45.10399999999999
141	23	2	164.87999999999994	85.09200000000003
141	24	2	164.99999999999994	124.99999999999997
141	25	2	164.90400000000002	164.86799999999994
141	26	1	19.764471057884244	119.72055888223558
141	27	1	68.38722554890224	182.2435129740516
141	28	1	108.69322709163346	167.46414342629473
141	29	1	20.74199999999999	100.6180000000001
141	30	1	26.94810379241517	78.0718562874252
141	31	1	39.31736526946107	64.36526946107792
141	32	1	138.80399999999997	56.94199999999998
141	33	1	77.39520958083845	154.6766467065869
141	34	1	89.20958083832328	187.79041916167674
141	35	1	180.93213572854293	163.65868263473052
141	36	1	132.49003984063742	145.6294820717133
141	37	1	90.28399999999996	95.9640000000001
141	38	1	144.45109780439108	7.582834331337381
141	39	1	148.40400000000022	175.514
141	40	1	149.7085828343312	153.79241516966079
141	41	1	97.62674650698611	163.7744510978044
141	42	1	72.06786427145714	18.542914171656697
141	43	1	66.74400000000001	85.79000000000006
141	44	1	190	93.50796812749016
141	45	1	111.70658682634739	141.6367265469062
142	1	2	4.959999999999995	4.979999999999998
142	2	2	4.944	45.03600000000001
142	3	2	4.877049180327865	84.87704918032787
142	4	2	4.877049180327865	125.1229508196721
142	5	2	5.036000000000001	164.9400000000001
142	6	2	45.027999999999984	4.912000000000001
142	7	2	45.00000000000003	45.00000000000002
142	8	2	45.132	85.40399999999994
142	9	2	45.00000000000003	124.99999999999997
142	10	2	45.012	165.10399999999987
142	11	2	84.87704918032783	5.1229508196721305
142	12	2	85.01200000000003	45.040000000000006
142	13	2	84.952	84.93999999999998
142	14	2	85.01600000000005	125.156
142	15	2	85.52479338842977	165.68595041322322
142	16	2	124.69999999999996	5.000000000000002
142	17	2	124.89200000000002	45.06400000000003
142	18	2	125.03599999999999	84.83200000000001
142	19	2	125.13199999999999	124.59600000000003
142	20	2	125.25714285714291	165.51428571428562
142	21	2	165.03599999999994	5.088
142	22	2	164.97999999999996	45.10399999999999
142	23	2	164.87999999999994	85.09200000000003
142	24	2	164.99999999999994	124.99999999999997
142	25	2	164.90400000000002	164.86799999999994
142	26	1	19.73253493013971	119.71656686626748
142	27	1	68.3632734530939	182.245508982036
142	28	1	108.66467065868264	167.35728542914185
142	29	1	20.840319361277455	100.65069860279435
142	30	1	26.94810379241517	78.0718562874252
142	31	1	39.39840637450198	64.49601593625495
142	32	1	138.82035928143733	56.73253493013974
142	33	1	77.43200000000004	154.6560000000001
142	34	1	89.15400000000007	187.70399999999987
142	35	1	180.84661354581675	163.66733067729092
142	36	1	132.662	145.86999999999986
142	37	1	90.24750499002009	95.9141716566866
142	38	1	144.5508982035931	7.660678642714657
142	39	1	148.2859999999999	175.54200000000006
142	40	1	149.90836653386455	153.87848605577702
142	41	1	97.6626746506986	163.73253493013976
142	42	1	72.13972055888226	18.574850299401195
142	43	1	66.724	85.89399999999995
142	44	1	190.09799999999998	93.46599999999994
142	45	1	111.678	141.46999999999997
143	1	2	4.959999999999995	4.979999999999998
143	2	2	4.944	45.03600000000001
143	3	2	4.877049180327865	84.87704918032787
143	4	2	4.877049180327865	125.1229508196721
143	5	2	5.036000000000001	164.9400000000001
143	6	2	45.027999999999984	4.912000000000001
143	7	2	45.00000000000003	45.00000000000002
143	8	2	45.132	85.40399999999994
143	9	2	45.00000000000003	124.99999999999997
143	10	2	45.012	165.10399999999987
143	11	2	84.87704918032783	5.1229508196721305
143	12	2	85.01200000000003	45.040000000000006
143	13	2	84.952	84.93999999999998
143	14	2	85.01600000000005	125.156
143	15	2	85.52479338842977	165.68595041322322
143	16	2	124.69999999999996	5.000000000000002
143	17	2	124.89200000000002	45.06400000000003
143	18	2	125.03599999999999	84.83200000000001
143	19	2	125.13199999999999	124.59600000000003
143	20	2	125.25714285714291	165.51428571428562
143	21	2	165.03599999999994	5.088
143	22	2	164.97999999999996	45.10399999999999
143	23	2	164.87999999999994	85.09200000000003
143	24	2	164.99999999999994	124.99999999999997
143	25	2	164.90400000000002	164.86799999999994
143	26	1	19.800000000000015	119.65400000000002
143	27	1	68.366	182.21599999999992
143	28	1	108.676	167.32800000000006
143	29	1	20.873999999999985	100.66199999999999
143	30	1	26.984	78.06800000000008
143	31	1	39.49301397205595	64.64071856287424
143	32	1	138.82834331337315	56.660678642714586
143	33	1	77.42800000000007	154.66000000000014
143	34	1	89.12974051896217	187.69860279441102
143	35	1	180.77245508982037	163.696606786427
143	36	1	132.79200000000012	145.9579999999999
143	37	1	90.21999999999998	95.86600000000007
143	38	1	144.56600000000017	7.812000000000097
143	39	1	148.20958083832357	175.59680638722529
143	40	1	149.89800000000008	153.92199999999988
143	41	1	97.71057884231537	163.70658682634738
143	42	1	72.09561752988049	18.585657370517932
143	43	1	66.66067864271456	85.87025948103796
143	44	1	190.19521912350598	93.56972111553792
143	45	1	111.61952191235059	141.38047808764958
144	1	2	4.959999999999995	4.979999999999998
144	2	2	4.944	45.03600000000001
144	3	2	4.877049180327865	84.87704918032787
144	4	2	4.877049180327865	125.1229508196721
144	5	2	5.036000000000001	164.9400000000001
144	6	2	45.027999999999984	4.912000000000001
144	7	2	45.00000000000003	45.00000000000002
144	8	2	45.132	85.40399999999994
144	9	2	45.00000000000003	124.99999999999997
144	10	2	45.012	165.10399999999987
144	11	2	84.87704918032783	5.1229508196721305
144	12	2	85.01200000000003	45.040000000000006
144	13	2	84.952	84.93999999999998
144	14	2	85.01600000000005	125.156
144	15	2	85.52479338842977	165.68595041322322
144	16	2	124.69999999999996	5.000000000000002
144	17	2	124.89200000000002	45.06400000000003
144	18	2	125.03599999999999	84.83200000000001
144	19	2	125.13199999999999	124.59600000000003
144	20	2	125.25714285714291	165.51428571428562
144	21	2	165.03599999999994	5.088
144	22	2	164.97999999999996	45.10399999999999
144	23	2	164.87999999999994	85.09200000000003
144	24	2	164.99999999999994	124.99999999999997
144	25	2	164.90400000000002	164.86799999999994
144	26	1	19.77844311377247	119.7604790419161
144	27	1	68.3639999999999	182.226
144	28	1	108.69400000000003	167.22399999999993
144	29	1	20.97005988023952	100.76047904191608
144	30	1	26.960079840319352	78.01397205588835
144	31	1	39.54091816367266	64.67465069860272
144	32	1	138.8944223107569	56.583665338645424
144	33	1	77.49799999999999	154.62599999999995
144	34	1	89.15200000000002	187.62800000000018
144	35	1	180.63999999999993	163.76799999999992
144	36	1	132.98003992015967	146.11976047904187
144	37	1	90.21999999999998	95.86600000000007
144	38	1	144.62874251497013	7.806387225548832
144	39	1	148.13373253493015	175.66666666666643
144	40	1	149.92215568862267	153.9900199600798
144	41	1	97.7205588822355	163.6666666666667
144	42	1	72.11377245508973	18.570858283433132
144	43	1	66.66067864271456	85.87025948103796
144	44	1	190.36526946107784	93.54491017964071
144	45	1	111.54382470119523	141.18525896414326
145	1	2	4.959999999999995	4.979999999999998
145	2	2	4.944	45.03600000000001
145	3	2	4.877049180327865	84.87704918032787
145	4	2	4.877049180327865	125.1229508196721
145	5	2	5.036000000000001	164.9400000000001
145	6	2	45.027999999999984	4.912000000000001
145	7	2	45.00000000000003	45.00000000000002
145	8	2	45.132	85.40399999999994
145	9	2	45.00000000000003	124.99999999999997
145	10	2	45.012	165.10399999999987
145	11	2	84.87704918032783	5.1229508196721305
145	12	2	85.01200000000003	45.040000000000006
145	13	2	84.952	84.93999999999998
145	14	2	85.01600000000005	125.156
145	15	2	85.52479338842977	165.68595041322322
145	16	2	124.69999999999996	5.000000000000002
145	17	2	124.89200000000002	45.06400000000003
145	18	2	125.03599999999999	84.83200000000001
145	19	2	125.13199999999999	124.59600000000003
145	20	2	125.25714285714291	165.51428571428562
145	21	2	165.03599999999994	5.088
145	22	2	164.97999999999996	45.10399999999999
145	23	2	164.87999999999994	85.09200000000003
145	24	2	164.99999999999994	124.99999999999997
145	25	2	164.90400000000002	164.86799999999994
145	26	1	19.74251497005989	119.85429141716567
145	27	1	68.34530938123744	182.191616766467
145	28	1	108.69200000000002	167.13000000000017
145	29	1	21.031936127744515	100.95209580838323
145	30	1	26.960079840319345	77.94810379241517
145	31	1	39.5808383233533	64.7405189620757
145	32	1	138.98403193612788	56.53493013972056
145	33	1	77.57599999999995	154.5799999999999
145	34	1	89.22200000000012	187.57600000000008
145	35	1	180.67928286852583	163.80677290836647
145	36	1	133.21	146.30000000000004
145	37	1	90.18399999999997	95.87400000000008
145	38	1	144.79640718562896	7.830339321357144
145	39	1	148.04800000000003	175.688
145	40	1	149.98003992015984	154.15369261477048
145	41	1	97.75896414342631	163.58565737051808
145	42	1	72.12375249501008	18.624750499002
145	43	1	66.58882235528938	85.97005988023948
145	44	1	190.5988023952096	93.59680638722551
145	45	1	111.67265469061871	141.0339321357284
146	1	2	4.959999999999995	4.979999999999998
146	2	2	4.944	45.03600000000001
146	3	2	4.877049180327865	84.87704918032787
146	4	2	4.877049180327865	125.1229508196721
146	5	2	5.036000000000001	164.9400000000001
146	6	2	45.027999999999984	4.912000000000001
146	7	2	45.00000000000003	45.00000000000002
146	8	2	45.132	85.40399999999994
146	9	2	45.00000000000003	124.99999999999997
146	10	2	45.012	165.10399999999987
146	11	2	84.87704918032783	5.1229508196721305
146	12	2	85.01200000000003	45.040000000000006
146	13	2	84.952	84.93999999999998
146	14	2	85.01600000000005	125.156
146	15	2	85.52479338842977	165.68595041322322
146	16	2	124.69999999999996	5.000000000000002
146	17	2	124.89200000000002	45.06400000000003
146	18	2	125.03599999999999	84.83200000000001
146	19	2	125.13199999999999	124.59600000000003
146	20	2	125.25714285714291	165.51428571428562
146	21	2	165.03599999999994	5.088
146	22	2	164.97999999999996	45.10399999999999
146	23	2	164.87999999999994	85.09200000000003
146	24	2	164.99999999999994	124.99999999999997
146	25	2	164.90400000000002	164.86799999999994
146	26	1	19.77199999999999	119.84599999999999
146	27	1	68.3393213572854	182.23353293413172
146	28	1	108.76846307385235	166.9860279441117
146	29	1	21.043912175648686	100.96407185628748
146	30	1	26.938247011952193	77.9402390438246
146	31	1	39.70717131474104	64.80876494023912
146	32	1	139.06400000000016	56.46399999999999
146	33	1	77.59680638722557	154.5788423153692
146	34	1	89.22754491017955	187.54291417165658
146	35	1	180.54491017964077	163.8582834331337
146	36	1	133.3839999999999	146.46399999999994
146	37	1	90.09599999999998	95.89199999999995
146	38	1	144.83466135458184	7.9183266932271295
146	39	1	148.03193612774461	175.74850299401191
146	40	1	150.01600000000013	154.1279999999999
146	41	1	97.79441117764468	163.54690618762487
146	42	1	72.16600000000005	18.59
146	43	1	66.54690618762474	85.99999999999997
146	44	1	190.748	93.544
146	45	1	111.66600000000001	140.894
147	1	2	4.959999999999995	4.979999999999998
147	2	2	4.944	45.03600000000001
147	3	2	4.877049180327865	84.87704918032787
147	4	2	4.877049180327865	125.1229508196721
147	5	2	5.036000000000001	164.9400000000001
147	6	2	45.027999999999984	4.912000000000001
147	7	2	45.00000000000003	45.00000000000002
147	8	2	45.132	85.40399999999994
147	9	2	45.00000000000003	124.99999999999997
147	10	2	45.012	165.10399999999987
147	11	2	84.87704918032783	5.1229508196721305
147	12	2	85.01200000000003	45.040000000000006
147	13	2	84.952	84.93999999999998
147	14	2	85.01600000000005	125.156
147	15	2	85.52479338842977	165.68595041322322
147	16	2	124.69999999999996	5.000000000000002
147	17	2	124.89200000000002	45.06400000000003
147	18	2	125.03599999999999	84.83200000000001
147	19	2	125.13199999999999	124.59600000000003
147	20	2	125.25714285714291	165.51428571428562
147	21	2	165.03599999999994	5.088
147	22	2	164.97999999999996	45.10399999999999
147	23	2	164.87999999999994	85.09200000000003
147	24	2	164.99999999999994	124.99999999999997
147	25	2	164.90400000000002	164.86799999999994
147	26	1	19.804391217564874	119.89421157684629
147	27	1	68.30339321357285	182.20958083832343
147	28	1	108.83033932135734	166.8223552894211
147	29	1	21.084000000000007	101.142
147	30	1	26.94399999999999	77.94800000000002
147	31	1	39.908000000000015	65.05000000000008
147	32	1	139.1217564870261	56.451097804391225
147	33	1	77.60279441117765	154.57285429141726
147	34	1	89.27689243027878	187.5119521912349
147	35	1	180.45309381237527	163.89620758483025
147	36	1	133.53692614770455	146.62874251497007
147	37	1	90.01996007984032	95.79840319361276
147	38	1	144.98200000000003	7.933999999999941
147	39	1	147.8625498007969	175.68725099601588
147	40	1	150.32135728542906	154.10379241516998
147	41	1	97.7904191616766	163.5868263473054
147	42	1	72.16367265469063	18.56287425149697
147	43	1	66.48303393213577	86.0718562874251
147	44	1	190.8622754491018	93.32335329341322
147	45	1	111.52390438247015	140.75697211155395
148	1	2	4.959999999999995	4.979999999999998
148	2	2	4.944	45.03600000000001
148	3	2	4.877049180327865	84.87704918032787
148	4	2	4.877049180327865	125.1229508196721
148	5	2	5.036000000000001	164.9400000000001
148	6	2	45.027999999999984	4.912000000000001
148	7	2	45.00000000000003	45.00000000000002
148	8	2	45.132	85.40399999999994
148	9	2	45.00000000000003	124.99999999999997
148	10	2	45.012	165.10399999999987
148	11	2	84.87704918032783	5.1229508196721305
148	12	2	85.01200000000003	45.040000000000006
148	13	2	84.952	84.93999999999998
148	14	2	85.01600000000005	125.156
148	15	2	85.52479338842977	165.68595041322322
148	16	2	124.69999999999996	5.000000000000002
148	17	2	124.89200000000002	45.06400000000003
148	18	2	125.03599999999999	84.83200000000001
148	19	2	125.13199999999999	124.59600000000003
148	20	2	125.25714285714291	165.51428571428562
148	21	2	165.03599999999994	5.088
148	22	2	164.97999999999996	45.10399999999999
148	23	2	164.87999999999994	85.09200000000003
148	24	2	164.99999999999994	124.99999999999997
148	25	2	164.90400000000002	164.86799999999994
148	26	1	19.868263473053897	119.94610778443112
148	27	1	68.27345309381236	182.23752495009975
148	28	1	108.88047808764944	166.63745019920307
148	29	1	21.174000000000007	101.16400000000004
148	30	1	26.91200000000001	77.94000000000003
148	31	1	40.06187624750496	65.25149700598801
148	32	1	139.17964071856287	56.42914171656687
148	33	1	77.64600000000011	154.5400000000001
148	34	1	89.206	187.50399999999985
148	35	1	180.50698602794407	163.92814371257475
148	36	1	133.7999999999998	146.8519999999998
148	37	1	89.99399999999994	95.79999999999998
148	38	1	144.98605577689247	7.8565737051794144
148	39	1	147.84000000000006	175.64199999999997
148	40	1	150.40999999999985	154.11399999999992
148	41	1	97.78087649402393	163.53984063745025
148	42	1	72.14770459081832	18.556886227544904
148	43	1	66.5089820359281	86.2215568862276
148	44	1	191.02594810379242	93.10978043912175
148	45	1	111.58400000000005	140.58399999999995
149	1	2	4.959999999999995	4.979999999999998
149	2	2	4.944	45.03600000000001
149	3	2	4.877049180327865	84.87704918032787
149	4	2	4.877049180327865	125.1229508196721
149	5	2	5.036000000000001	164.9400000000001
149	6	2	45.027999999999984	4.912000000000001
149	7	2	45.00000000000003	45.00000000000002
149	8	2	45.132	85.40399999999994
149	9	2	45.00000000000003	124.99999999999997
149	10	2	45.012	165.10399999999987
149	11	2	84.87704918032783	5.1229508196721305
149	12	2	85.01200000000003	45.040000000000006
149	13	2	84.952	84.93999999999998
149	14	2	85.01600000000005	125.156
149	15	2	85.52479338842977	165.68595041322322
149	16	2	124.69999999999996	5.000000000000002
149	17	2	124.89200000000002	45.06400000000003
149	18	2	125.03599999999999	84.83200000000001
149	19	2	125.13199999999999	124.59600000000003
149	20	2	125.25714285714291	165.51428571428562
149	21	2	165.03599999999994	5.088
149	22	2	164.97999999999996	45.10399999999999
149	23	2	164.87999999999994	85.09200000000003
149	24	2	164.99999999999994	124.99999999999997
149	25	2	164.90400000000002	164.86799999999994
149	26	1	19.868263473053897	119.91217564870252
149	27	1	68.25999999999998	182.25600000000003
149	28	1	108.87624750498995	166.56287425149702
149	29	1	21.145708582834327	101.21556886227553
149	30	1	26.92814371257486	77.90618762475049
149	31	1	40.26494023904384	65.36055776892431
149	32	1	139.20758483033947	56.47704590818364
149	33	1	77.69199999999991	154.49600000000004
149	34	1	89.14570858283436	187.46307385229534
149	35	1	180.46706586826363	163.9840319361277
149	36	1	133.926147704591	146.96207584830324
149	37	1	89.92800000000001	95.84199999999998
149	38	1	145.1494023904382	7.876494023904257
149	39	1	147.8	175.68599999999998
149	40	1	150.4422310756973	154.15139442231072
149	41	1	97.78884462151392	163.51792828685268
149	42	1	72.1477045908183	18.512974051896197
149	43	1	66.55089820359281	86.20359281437128
149	44	1	191.11377245508982	92.97205588822354
149	45	1	111.59362549800795	140.49800796812767
150	1	2	4.959999999999995	4.979999999999998
150	2	2	4.944	45.03600000000001
150	3	2	4.877049180327865	84.87704918032787
150	4	2	4.877049180327865	125.1229508196721
150	5	2	5.036000000000001	164.9400000000001
150	6	2	45.027999999999984	4.912000000000001
150	7	2	45.00000000000003	45.00000000000002
150	8	2	45.132	85.40399999999994
150	9	2	45.00000000000003	124.99999999999997
150	10	2	45.012	165.10399999999987
150	11	2	84.87704918032783	5.1229508196721305
150	12	2	85.01200000000003	45.040000000000006
150	13	2	84.952	84.93999999999998
150	14	2	85.01600000000005	125.156
150	15	2	85.52479338842977	165.68595041322322
150	16	2	124.69999999999996	5.000000000000002
150	17	2	124.89200000000002	45.06400000000003
150	18	2	125.03599999999999	84.83200000000001
150	19	2	125.13199999999999	124.59600000000003
150	20	2	125.25714285714291	165.51428571428562
150	21	2	165.03599999999994	5.088
150	22	2	164.97999999999996	45.10399999999999
150	23	2	164.87999999999994	85.09200000000003
150	24	2	164.99999999999994	124.99999999999997
150	25	2	164.90400000000002	164.86799999999994
150	26	1	19.952000000000016	119.96799999999998
150	27	1	68.17800000000003	182.29999999999984
150	28	1	108.85628742514969	166.51297405189607
150	29	1	21.121756487025937	101.21756487025947
150	30	1	26.932000000000002	77.85000000000007
150	31	1	40.31137724550899	65.4630738522954
150	32	1	139.2654690618763	56.2435129740519
150	33	1	77.69199999999991	154.49600000000004
150	34	1	89.11952191235065	187.40039840637442
150	35	1	180.3972055888223	163.99800399201598
150	36	1	134.05588822355284	147.07185628742502
150	37	1	89.76846307385235	95.8343313373254
150	38	1	145.20558882235525	7.782435129740516
150	39	1	147.66067864271466	175.65668662674636
150	40	1	150.54890219560883	154.1996007984031
150	41	1	97.81274900398394	163.4422310756972
150	42	1	72.13600000000002	18.456000000000014
150	43	1	66.42315369261472	86.24750499001998
150	44	1	191.31936127744513	92.8483033932136
150	45	1	111.71656686626751	140.4830339321358
151	1	2	4.959999999999995	4.979999999999998
151	2	2	4.944	45.03600000000001
151	3	2	4.877049180327865	84.87704918032787
151	4	2	4.877049180327865	125.1229508196721
151	5	2	5.036000000000001	164.9400000000001
151	6	2	45.027999999999984	4.912000000000001
151	7	2	45.00000000000003	45.00000000000002
151	8	2	45.132	85.40399999999994
151	9	2	45.00000000000003	124.99999999999997
151	10	2	45.012	165.10399999999987
151	11	2	84.87704918032783	5.1229508196721305
151	12	2	85.01200000000003	45.040000000000006
151	13	2	84.952	84.93999999999998
151	14	2	85.01600000000005	125.156
151	15	2	85.52479338842977	165.68595041322322
151	16	2	124.69999999999996	5.000000000000002
151	17	2	124.89200000000002	45.06400000000003
151	18	2	125.03599999999999	84.83200000000001
151	19	2	125.13199999999999	124.59600000000003
151	20	2	125.25714285714291	165.51428571428562
151	21	2	165.03599999999994	5.088
151	22	2	164.97999999999996	45.10399999999999
151	23	2	164.87999999999994	85.09200000000003
151	24	2	164.99999999999994	124.99999999999997
151	25	2	164.90400000000002	164.86799999999994
151	26	1	19.976047904191613	119.88223552894215
151	27	1	68.08799999999998	182.25599999999986
151	28	1	108.88023952095813	166.4491017964071
151	29	1	21.236	101.26000000000003
151	30	1	26.916167664670684	77.81037924151696
151	31	1	40.39720558882238	65.54690618762469
151	32	1	139.2962226640159	56.155069582505
151	33	1	77.73400000000012	154.44199999999995
151	34	1	89.16766467065868	187.38123752495022
151	35	1	180.35329341317376	163.9780439121756
151	36	1	134.26599999999996	147.21800000000016
151	37	1	89.75000000000004	95.77199999999993
151	38	1	145.30278884462172	7.788844621513954
151	39	1	147.60399999999996	175.6639999999998
151	40	1	150.61477045908183	154.2075848303395
151	41	1	97.81636726546911	163.38323353293427
151	42	1	72.1437125748503	18.423153692614754
151	43	1	66.39920159680648	86.24351297405184
151	44	1	191.52	92.75799999999997
151	45	1	111.82235528942108	140.43512974051896
152	1	2	4.959999999999995	4.979999999999998
152	2	2	4.944	45.03600000000001
152	3	2	4.877049180327865	84.87704918032787
152	4	2	4.877049180327865	125.1229508196721
152	5	2	5.036000000000001	164.9400000000001
152	6	2	45.027999999999984	4.912000000000001
152	7	2	45.00000000000003	45.00000000000002
152	8	2	45.132	85.40399999999994
152	9	2	45.00000000000003	124.99999999999997
152	10	2	45.012	165.10399999999987
152	11	2	84.87704918032783	5.1229508196721305
152	12	2	85.01200000000003	45.040000000000006
152	13	2	84.952	84.93999999999998
152	14	2	85.01600000000005	125.156
152	15	2	85.52479338842977	165.68595041322322
152	16	2	124.69999999999996	5.000000000000002
152	17	2	124.89200000000002	45.06400000000003
152	18	2	125.03599999999999	84.83200000000001
152	19	2	125.13199999999999	124.59600000000003
152	20	2	125.25714285714291	165.51428571428562
152	21	2	165.03599999999994	5.088
152	22	2	164.97999999999996	45.10399999999999
152	23	2	164.87999999999994	85.09200000000003
152	24	2	164.99999999999994	124.99999999999997
152	25	2	164.90400000000002	164.86799999999994
152	26	1	19.89620758483034	119.83433133732531
152	27	1	68.08799999999998	182.22599999999983
152	28	1	108.95799999999997	166.33599999999998
152	29	1	21.36199999999999	101.494
152	30	1	26.93413173652695	77.79840319361277
152	31	1	40.55577689243032	65.5537848605578
152	32	1	139.30677290836653	56.06175298804779
152	33	1	77.95808383233532	154.33932135728526
152	34	1	89.14171656686626	187.36526946107793
152	35	1	180.2674650698604	164.08183632734506
152	36	1	134.55089820359285	147.38323353293413
152	37	1	89.61477045908184	95.77445109780449
152	38	1	145.39720558882235	7.720558882235528
152	39	1	147.69920318725084	175.6633466135457
152	40	1	150.83632734530931	154.22554890219553
152	41	1	97.91816367265469	163.33732534930115
152	42	1	72.18962075848303	18.471057884231545
152	43	1	66.39600000000003	86.35999999999994
152	44	1	191.562874251497	92.63872255489021
152	45	1	111.87673956262424	140.24254473161045
153	1	2	4.959999999999995	4.979999999999998
153	2	2	4.944	45.03600000000001
153	3	2	4.877049180327865	84.87704918032787
153	4	2	4.877049180327865	125.1229508196721
153	5	2	5.036000000000001	164.9400000000001
153	6	2	45.027999999999984	4.912000000000001
153	7	2	45.00000000000003	45.00000000000002
153	8	2	45.132	85.40399999999994
153	9	2	45.00000000000003	124.99999999999997
153	10	2	45.012	165.10399999999987
153	11	2	84.87704918032783	5.1229508196721305
153	12	2	85.01200000000003	45.040000000000006
153	13	2	84.952	84.93999999999998
153	14	2	85.01600000000005	125.156
153	15	2	85.52479338842977	165.68595041322322
153	16	2	124.69999999999996	5.000000000000002
153	17	2	124.89200000000002	45.06400000000003
153	18	2	125.03599999999999	84.83200000000001
153	19	2	125.13199999999999	124.59600000000003
153	20	2	125.25714285714291	165.51428571428562
153	21	2	165.03599999999994	5.088
153	22	2	164.97999999999996	45.10399999999999
153	23	2	164.87999999999994	85.09200000000003
153	24	2	164.99999999999994	124.99999999999997
153	25	2	164.90400000000002	164.86799999999994
153	26	1	19.882235528942125	119.79041916167668
153	27	1	68.07584830339327	182.21756487025948
153	28	1	109.00998003992017	166.20758483033936
153	29	1	21.357999999999983	101.516
153	30	1	26.975999999999985	77.79799999999997
153	31	1	40.66866267465071	65.66067864271466
153	32	1	139.41916167664675	56.013972055888225
153	33	1	78.28000000000009	154.14400000000006
153	34	1	89.11976047904194	187.34930139720555
153	35	1	180.27599999999995	164.22
153	36	1	134.62275449101793	147.45309381237533
153	37	1	89.45908183632734	95.75249500998002
153	38	1	145.51097804391213	7.740518962075841
153	39	1	147.45508982035946	175.65668662674645
153	40	1	150.91417165668668	154.27345309381226
153	41	1	98.0339321357286	163.33732534930138
153	42	1	72.11399999999999	18.51800000000003
153	43	1	66.29341317365271	86.33333333333327
153	44	1	191.612	92.57800000000003
153	45	1	111.76599999999993	140.08999999999978
154	1	2	4.959999999999995	4.979999999999998
154	2	2	4.944	45.03600000000001
154	3	2	4.877049180327865	84.87704918032787
154	4	2	4.877049180327865	125.1229508196721
154	5	2	5.036000000000001	164.9400000000001
154	6	2	45.027999999999984	4.912000000000001
154	7	2	45.00000000000003	45.00000000000002
154	8	2	45.132	85.40399999999994
154	9	2	45.00000000000003	124.99999999999997
154	10	2	45.012	165.10399999999987
154	11	2	84.87704918032783	5.1229508196721305
154	12	2	85.01200000000003	45.040000000000006
154	13	2	84.952	84.93999999999998
154	14	2	85.01600000000005	125.156
154	15	2	85.52479338842977	165.68595041322322
154	16	2	124.69999999999996	5.000000000000002
154	17	2	124.89200000000002	45.06400000000003
154	18	2	125.03599999999999	84.83200000000001
154	19	2	125.13199999999999	124.59600000000003
154	20	2	125.25714285714291	165.51428571428562
154	21	2	165.03599999999994	5.088
154	22	2	164.97999999999996	45.10399999999999
154	23	2	164.87999999999994	85.09200000000003
154	24	2	164.99999999999994	124.99999999999997
154	25	2	164.90400000000002	164.86799999999994
154	26	1	19.90219560878242	119.78243512974053
154	27	1	67.98203592814372	182.19560878243513
154	28	1	109.0459999999999	165.97800000000026
154	29	1	21.31736526946108	101.4690618762475
154	30	1	26.990000000000006	77.76400000000007
154	31	1	40.80838323353292	65.80838323353294
154	32	1	139.4730538922157	55.90818363273453
154	33	1	78.47105788423146	153.96407185628732
154	34	1	89.10778443113776	187.3213572854291
154	35	1	180.33532934131725	164.39520958083833
154	36	1	134.74650698602812	147.53692614770446
154	37	1	89.32934131736533	95.73852295409189
154	38	1	145.67065868263464	7.720558882235524
154	39	1	147.48406374501997	175.68924302788827
154	40	1	151.01992031872527	154.30876494023894
154	41	1	98.11354581673302	163.41434262948215
154	42	1	72.12175648702598	18.614770459081843
154	43	1	66.30139720558878	86.67465069860272
154	44	1	191.69123505976097	92.47808764940234
154	45	1	111.6235059760956	139.97609561752984
155	1	2	4.959999999999995	4.979999999999998
155	2	2	4.944	45.03600000000001
155	3	2	4.877049180327865	84.87704918032787
155	4	2	4.877049180327865	125.1229508196721
155	5	2	5.036000000000001	164.9400000000001
155	6	2	45.027999999999984	4.912000000000001
155	7	2	45.00000000000003	45.00000000000002
155	8	2	45.132	85.40399999999994
155	9	2	45.00000000000003	124.99999999999997
155	10	2	45.012	165.10399999999987
155	11	2	84.87704918032783	5.1229508196721305
155	12	2	85.01200000000003	45.040000000000006
155	13	2	84.952	84.93999999999998
155	14	2	85.01600000000005	125.156
155	15	2	85.52479338842977	165.68595041322322
155	16	2	124.69999999999996	5.000000000000002
155	17	2	124.89200000000002	45.06400000000003
155	18	2	125.03599999999999	84.83200000000001
155	19	2	125.13199999999999	124.59600000000003
155	20	2	125.25714285714291	165.51428571428562
155	21	2	165.03599999999994	5.088
155	22	2	164.97999999999996	45.10399999999999
155	23	2	164.87999999999994	85.09200000000003
155	24	2	164.99999999999994	124.99999999999997
155	25	2	164.90400000000002	164.86799999999994
155	26	1	19.940119760479014	119.76047904191627
155	27	1	67.924	182.27999999999986
155	28	1	109.04799999999997	165.84999999999988
155	29	1	21.373253493013955	101.51297405189624
155	30	1	26.92614770459083	77.80239520958084
155	31	1	40.82703777335987	65.96620278330023
155	32	1	139.42914171656687	55.76047904191616
155	33	1	78.51102204408815	154.0340681362724
155	34	1	89.14171656686622	187.28542914171646
155	35	1	180.22754491017977	164.38922155688633
155	36	1	134.88423153692614	147.562874251497
155	37	1	89.15139442231076	95.7250996015935
155	38	1	145.6792828685261	7.719123505976092
155	39	1	147.42399999999995	175.68800000000016
155	40	1	151.04790419161674	154.31736526946102
155	41	1	98.11776447105792	163.35928143712587
155	42	1	72.09000000000003	18.622
155	43	1	66.32665330661327	86.78757515030073
155	44	1	191.83632734530937	92.34530938123754
155	45	1	111.6699801192843	139.89264413518885
156	1	2	4.959999999999995	4.979999999999998
156	2	2	4.944	45.03600000000001
156	3	2	4.877049180327865	84.87704918032787
156	4	2	4.877049180327865	125.1229508196721
156	5	2	5.036000000000001	164.9400000000001
156	6	2	45.027999999999984	4.912000000000001
156	7	2	45.00000000000003	45.00000000000002
156	8	2	45.132	85.40399999999994
156	9	2	45.00000000000003	124.99999999999997
156	10	2	45.012	165.10399999999987
156	11	2	84.87704918032783	5.1229508196721305
156	12	2	85.01200000000003	45.040000000000006
156	13	2	84.952	84.93999999999998
156	14	2	85.01600000000005	125.156
156	15	2	85.52479338842977	165.68595041322322
156	16	2	124.69999999999996	5.000000000000002
156	17	2	124.89200000000002	45.06400000000003
156	18	2	125.03599999999999	84.83200000000001
156	19	2	125.13199999999999	124.59600000000003
156	20	2	125.25714285714291	165.51428571428562
156	21	2	165.03599999999994	5.088
156	22	2	164.97999999999996	45.10399999999999
156	23	2	164.87999999999994	85.09200000000003
156	24	2	164.99999999999994	124.99999999999997
156	25	2	164.90400000000002	164.86799999999994
156	26	1	19.914342629482086	119.66733067729083
156	27	1	67.78043912175642	182.40119760479035
156	28	1	109.10578842315363	165.6986027944113
156	29	1	21.441117764471056	101.59481037924154
156	30	1	26.902195608782442	77.84830339321347
156	31	1	40.88622754491017	66.0838323353294
156	32	1	139.43600000000006	55.56199999999996
156	33	1	78.56799999999996	154.05600000000013
156	34	1	89.14399999999998	187.16800000000003
156	35	1	180.24701195219137	164.44422310756985
156	36	1	135.15568862275464	147.66467065868275
156	37	1	89.06800000000001	95.70400000000001
156	38	1	145.6553784860559	7.804780876494035
156	39	1	147.46906187624737	175.72055888223562
156	40	1	151.2255489021956	154.4011976047904
156	41	1	98.17928286852595	163.20717131474115
156	42	1	72.14143426294822	18.579681274900395
156	43	1	66.18962075848303	86.79241516966073
156	44	1	192.0378486055777	92.23505976095616
156	45	1	111.80876494023902	139.7788844621514
157	1	2	4.959999999999995	4.979999999999998
157	2	2	4.944	45.03600000000001
157	3	2	4.877049180327865	84.87704918032787
157	4	2	4.877049180327865	125.1229508196721
157	5	2	5.036000000000001	164.9400000000001
157	6	2	45.027999999999984	4.912000000000001
157	7	2	45.00000000000003	45.00000000000002
157	8	2	45.132	85.40399999999994
157	9	2	45.00000000000003	124.99999999999997
157	10	2	45.012	165.10399999999987
157	11	2	84.87704918032783	5.1229508196721305
157	12	2	85.01200000000003	45.040000000000006
157	13	2	84.952	84.93999999999998
157	14	2	85.01600000000005	125.156
157	15	2	85.52479338842977	165.68595041322322
157	16	2	124.69999999999996	5.000000000000002
157	17	2	124.89200000000002	45.06400000000003
157	18	2	125.03599999999999	84.83200000000001
157	19	2	125.13199999999999	124.59600000000003
157	20	2	125.25714285714291	165.51428571428562
157	21	2	165.03599999999994	5.088
157	22	2	164.97999999999996	45.10399999999999
157	23	2	164.87999999999994	85.09200000000003
157	24	2	164.99999999999994	124.99999999999997
157	25	2	164.90400000000002	164.86799999999994
157	26	1	19.97604790419164	119.52894211576854
157	27	1	67.75249500998015	182.47504990019962
157	28	1	109.2055888223553	165.52495009980035
157	29	1	21.457085828343313	101.63473053892216
157	30	1	26.894211576846317	77.85029940119763
157	31	1	40.982071713147405	66.26294820717126
157	32	1	139.48400000000007	55.48800000000005
157	33	1	78.64200000000004	154.0439999999998
157	34	1	89.19599999999993	187.1119999999999
157	35	1	180.2640000000001	164.58799999999985
157	36	1	135.37051792828697	147.7749003984065
157	37	1	89.06200000000003	95.74200000000003
157	38	1	145.70200000000008	7.841999999999999
157	39	1	147.44799999999992	175.71000000000004
157	40	1	151.39243027888438	154.4561752988047
157	41	1	98.22554890219556	163.17564870259488
157	42	1	72.16399999999994	18.551999999999996
157	43	1	66.16367265469071	86.94011976047902
157	44	1	192.1696606786427	92.2235528942116
157	45	1	111.81237524950095	139.56886227544916
158	1	2	4.959999999999995	4.979999999999998
158	2	2	4.944	45.03600000000001
158	3	2	4.877049180327865	84.87704918032787
158	4	2	4.877049180327865	125.1229508196721
158	5	2	5.036000000000001	164.9400000000001
158	6	2	45.027999999999984	4.912000000000001
158	7	2	45.00000000000003	45.00000000000002
158	8	2	45.132	85.40399999999994
158	9	2	45.00000000000003	124.99999999999997
158	10	2	45.012	165.10399999999987
158	11	2	84.87704918032783	5.1229508196721305
158	12	2	85.01200000000003	45.040000000000006
158	13	2	84.952	84.93999999999998
158	14	2	85.01600000000005	125.156
158	15	2	85.52479338842977	165.68595041322322
158	16	2	124.69999999999996	5.000000000000002
158	17	2	124.89200000000002	45.06400000000003
158	18	2	125.03599999999999	84.83200000000001
158	19	2	125.13199999999999	124.59600000000003
158	20	2	125.25714285714291	165.51428571428562
158	21	2	165.03599999999994	5.088
158	22	2	164.97999999999996	45.10399999999999
158	23	2	164.87999999999994	85.09200000000003
158	24	2	164.99999999999994	124.99999999999997
158	25	2	164.90400000000002	164.86799999999994
158	26	1	20.052000000000024	119.61999999999998
158	27	1	67.68862275449105	182.48502994011977
158	28	1	109.29740518962076	165.24950099800395
158	29	1	21.449101796407177	101.66067864271459
158	30	1	26.880000000000006	77.81600000000002
158	31	1	40.950099800399194	66.41916167664677
158	32	1	139.51297405189618	55.37724550898206
158	33	1	78.71656686626747	154.02794411177666
158	34	1	89.10578842315363	187.0339321357285
158	35	1	180.1976047904191	164.73053892215563
158	36	1	135.73652694610772	148.09780439121755
158	37	1	88.94011976047912	95.80838323353294
158	38	1	145.68525896414346	7.912350597609558
158	39	1	147.4650698602795	175.74251497005991
158	40	1	151.55511022044078	154.50501002004017
158	41	1	98.27200000000003	163.09200000000016
158	42	1	72.09580838323362	18.536926147704587
158	43	1	66.13373253493019	87.02594810379243
158	44	1	192.248	92.14200000000008
158	45	1	111.89221556886235	139.2854291417165
159	1	2	4.959999999999995	4.979999999999998
159	2	2	4.944	45.03600000000001
159	3	2	4.877049180327865	84.87704918032787
159	4	2	4.877049180327865	125.1229508196721
159	5	2	5.036000000000001	164.9400000000001
159	6	2	45.027999999999984	4.912000000000001
159	7	2	45.00000000000003	45.00000000000002
159	8	2	45.132	85.40399999999994
159	9	2	45.00000000000003	124.99999999999997
159	10	2	45.012	165.10399999999987
159	11	2	84.87704918032783	5.1229508196721305
159	12	2	85.01200000000003	45.040000000000006
159	13	2	84.952	84.93999999999998
159	14	2	85.01600000000005	125.156
159	15	2	85.52479338842977	165.68595041322322
159	16	2	124.69999999999996	5.000000000000002
159	17	2	124.89200000000002	45.06400000000003
159	18	2	125.03599999999999	84.83200000000001
159	19	2	125.13199999999999	124.59600000000003
159	20	2	125.25714285714291	165.51428571428562
159	21	2	165.03599999999994	5.088
159	22	2	164.97999999999996	45.10399999999999
159	23	2	164.87999999999994	85.09200000000003
159	24	2	164.99999999999994	124.99999999999997
159	25	2	164.90400000000002	164.86799999999994
159	26	1	20.067729083665345	119.51195219123512
159	27	1	67.59163346613542	182.51394422310764
159	28	1	109.30538922155691	164.96806387225544
159	29	1	21.608782435129758	101.748502994012
159	30	1	26.90000000000001	77.7960000000001
159	31	1	41.005976095617505	66.49601593625495
159	32	1	139.54690618762476	55.0798403193613
159	33	1	78.78000000000003	153.96799999999996
159	34	1	89.1494023904382	187.0219123505976
159	35	1	180.1539999999999	164.80399999999997
159	36	1	135.9039999999999	148.21400000000008
159	37	1	88.774	95.78
159	38	1	145.66334661354583	7.82270916334661
159	39	1	147.46000000000004	175.7500000000001
159	40	1	151.61322645290576	154.5751503006013
159	41	1	98.304	163.14800000000002
159	42	1	72.1956087824352	18.596806387225552
159	43	1	66.12800000000003	87.07800000000005
159	44	1	192.56487025948104	91.99001996007988
159	45	1	111.97609561752975	139.1115537848607
160	1	2	4.959999999999995	4.979999999999998
160	2	2	4.944	45.03600000000001
160	3	2	4.877049180327865	84.87704918032787
160	4	2	4.877049180327865	125.1229508196721
160	5	2	5.036000000000001	164.9400000000001
160	6	2	45.027999999999984	4.912000000000001
160	7	2	45.00000000000003	45.00000000000002
160	8	2	45.132	85.40399999999994
160	9	2	45.00000000000003	124.99999999999997
160	10	2	45.012	165.10399999999987
160	11	2	84.87704918032783	5.1229508196721305
160	12	2	85.01200000000003	45.040000000000006
160	13	2	84.952	84.93999999999998
160	14	2	85.01600000000005	125.156
160	15	2	85.52479338842977	165.68595041322322
160	16	2	124.69999999999996	5.000000000000002
160	17	2	124.89200000000002	45.06400000000003
160	18	2	125.03599999999999	84.83200000000001
160	19	2	125.13199999999999	124.59600000000003
160	20	2	125.25714285714291	165.51428571428562
160	21	2	165.03599999999994	5.088
160	22	2	164.97999999999996	45.10399999999999
160	23	2	164.87999999999994	85.09200000000003
160	24	2	164.99999999999994	124.99999999999997
160	25	2	164.90400000000002	164.86799999999994
160	26	1	20.109780439121753	119.50099800399202
160	27	1	67.60799999999999	182.47199999999992
160	28	1	109.4322709163346	164.589641434263
160	29	1	21.60079840319364	101.79640718562865
160	30	1	26.878000000000018	77.78599999999996
160	31	1	40.97800000000002	66.73199999999999
160	32	1	139.5688622754492	55.061876247505005
160	33	1	78.88777555110228	153.92585170340678
160	34	1	89.16599999999994	187.04799999999994
160	35	1	179.96207584830339	164.78243512974055
160	36	1	136.00996015936244	148.18326693227095
160	37	1	88.6467065868264	95.80439121756481
160	38	1	145.6646706586826	7.884231536926151
160	39	1	147.4769539078155	175.7795591182365
160	40	1	151.6427145708582	154.60878243512983
160	41	1	98.28542914171658	163.29940119760465
160	42	1	72.29141716566876	18.664670658682628
160	43	1	66.11823647294595	87.10621242484972
160	44	1	192.53692614770458	91.8003992015968
160	45	1	112.07185628742522	138.97804391217554
161	1	2	4.959999999999995	4.979999999999998
161	2	2	4.944	45.03600000000001
161	3	2	4.877049180327865	84.87704918032787
161	4	2	4.877049180327865	125.1229508196721
161	5	2	5.036000000000001	164.9400000000001
161	6	2	45.027999999999984	4.912000000000001
161	7	2	45.00000000000003	45.00000000000002
161	8	2	45.132	85.40399999999994
161	9	2	45.00000000000003	124.99999999999997
161	10	2	45.012	165.10399999999987
161	11	2	84.87704918032783	5.1229508196721305
161	12	2	85.01200000000003	45.040000000000006
161	13	2	84.952	84.93999999999998
161	14	2	85.01600000000005	125.156
161	15	2	85.52479338842977	165.68595041322322
161	16	2	124.69999999999996	5.000000000000002
161	17	2	124.89200000000002	45.06400000000003
161	18	2	125.03599999999999	84.83200000000001
161	19	2	125.13199999999999	124.59600000000003
161	20	2	125.25714285714291	165.51428571428562
161	21	2	165.03599999999994	5.088
161	22	2	164.97999999999996	45.10399999999999
161	23	2	164.87999999999994	85.09200000000003
161	24	2	164.99999999999994	124.99999999999997
161	25	2	164.90400000000002	164.86799999999994
161	26	1	20.107569721115535	119.53386454183263
161	27	1	67.50799999999998	182.43199999999993
161	28	1	109.48999999999998	164.3180000000001
161	29	1	21.634730538922174	101.80439121756486
161	30	1	26.888446215139442	77.71912350597607
161	31	1	41.08982035928143	66.78043912175646
161	32	1	139.61277445109778	55.03592814371257
161	33	1	78.94411177644717	153.88622754491016
161	34	1	89.23752495009975	187.0299401197605
161	35	1	179.87999999999994	164.856
161	36	1	136.15369261477056	148.31536926147714
161	37	1	88.45019920318728	95.78087649402387
161	38	1	145.65400000000002	7.952000000000006
161	39	1	147.4510978043913	175.80638722554892
161	40	1	151.65668662674653	154.63473053892213
161	41	1	98.28399999999996	163.30200000000022
161	42	1	72.56287425149705	18.680638722554892
161	43	1	66.15169660678646	87.3493013972056
161	44	1	192.78557114228457	91.70541082164323
161	45	1	112.07000000000006	138.83800000000005
162	1	2	4.959999999999995	4.979999999999998
162	2	2	4.944	45.03600000000001
162	3	2	4.877049180327865	84.87704918032787
162	4	2	4.877049180327865	125.1229508196721
162	5	2	5.036000000000001	164.9400000000001
162	6	2	45.027999999999984	4.912000000000001
162	7	2	45.00000000000003	45.00000000000002
162	8	2	45.132	85.40399999999994
162	9	2	45.00000000000003	124.99999999999997
162	10	2	45.012	165.10399999999987
162	11	2	84.87704918032783	5.1229508196721305
162	12	2	85.01200000000003	45.040000000000006
162	13	2	84.952	84.93999999999998
162	14	2	85.01600000000005	125.156
162	15	2	85.52479338842977	165.68595041322322
162	16	2	124.69999999999996	5.000000000000002
162	17	2	124.89200000000002	45.06400000000003
162	18	2	125.03599999999999	84.83200000000001
162	19	2	125.13199999999999	124.59600000000003
162	20	2	125.25714285714291	165.51428571428562
162	21	2	165.03599999999994	5.088
162	22	2	164.97999999999996	45.10399999999999
162	23	2	164.87999999999994	85.09200000000003
162	24	2	164.99999999999994	124.99999999999997
162	25	2	164.90400000000002	164.86799999999994
162	26	1	20.115768463073856	119.50898203592816
162	27	1	67.41516966067873	182.5329341317365
162	28	1	109.53399999999996	164.17800000000008
162	29	1	21.684000000000015	101.82000000000002
162	30	1	26.896000000000015	77.75399999999999
162	31	1	41.11377245508982	66.85229540918162
162	32	1	139.67529880478077	55.10159362549801
162	33	1	78.98800000000001	153.91599999999988
162	34	1	89.24151696606789	186.98203592814357
162	35	1	179.72854291417153	164.86826347305396
162	36	1	136.24302788844622	148.41035856573717
162	37	1	88.33600000000001	95.74799999999992
162	38	1	145.58483033932143	8.063872255489018
162	39	1	147.41516966067888	175.74650698602795
162	40	1	151.69400000000005	154.52599999999993
162	41	1	98.3033932135728	163.245508982036
162	42	1	72.69600000000001	18.78000000000002
162	43	1	66.17600000000003	87.44799999999998
162	44	1	192.89442231075697	91.74900398406378
162	45	1	112.10199999999995	138.64800000000005
163	1	2	4.959999999999995	4.979999999999998
163	2	2	4.944	45.03600000000001
163	3	2	4.877049180327865	84.87704918032787
163	4	2	4.877049180327865	125.1229508196721
163	5	2	5.036000000000001	164.9400000000001
163	6	2	45.027999999999984	4.912000000000001
163	7	2	45.00000000000003	45.00000000000002
163	8	2	45.132	85.40399999999994
163	9	2	45.00000000000003	124.99999999999997
163	10	2	45.012	165.10399999999987
163	11	2	84.87704918032783	5.1229508196721305
163	12	2	85.01200000000003	45.040000000000006
163	13	2	84.952	84.93999999999998
163	14	2	85.01600000000005	125.156
163	15	2	85.52479338842977	165.68595041322322
163	16	2	124.69999999999996	5.000000000000002
163	17	2	124.89200000000002	45.06400000000003
163	18	2	125.03599999999999	84.83200000000001
163	19	2	125.13199999999999	124.59600000000003
163	20	2	125.25714285714291	165.51428571428562
163	21	2	165.03599999999994	5.088
163	22	2	164.97999999999996	45.10399999999999
163	23	2	164.87999999999994	85.09200000000003
163	24	2	164.99999999999994	124.99999999999997
163	25	2	164.90400000000002	164.86799999999994
163	26	1	20.08582834331338	119.44510978043908
163	27	1	67.32335329341319	182.57085828343313
163	28	1	109.58483033932133	163.99800399201607
163	29	1	21.737051792828662	101.800796812749
163	30	1	26.866267465069875	77.62874251497004
163	31	1	41.20958083832337	66.97804391217564
163	32	1	139.78884462151385	54.936254980079696
163	33	1	79.07800000000002	153.88199999999972
163	34	1	89.29999999999997	186.906
163	35	1	179.71656686626739	164.88622754491013
163	36	1	136.27490039840657	148.42430278884473
163	37	1	88.22355289421164	95.71257485029938
163	38	1	145.6347305389223	8.04590818363273
163	39	1	147.29282868525888	175.7649402390438
163	40	1	151.74451097804388	154.58083832335336
163	41	1	98.33466933867739	163.22444889779555
163	42	1	72.80039920159687	18.860279441117743
163	43	1	66.14399999999998	87.54199999999999
163	44	1	192.94211576846308	91.7804391217565
163	45	1	112.03984063745018	138.38645418326675
164	1	2	4.959999999999995	4.979999999999998
164	2	2	4.944	45.03600000000001
164	3	2	4.877049180327865	84.87704918032787
164	4	2	4.877049180327865	125.1229508196721
164	5	2	5.036000000000001	164.9400000000001
164	6	2	45.027999999999984	4.912000000000001
164	7	2	45.00000000000003	45.00000000000002
164	8	2	45.132	85.40399999999994
164	9	2	45.00000000000003	124.99999999999997
164	10	2	45.012	165.10399999999987
164	11	2	84.87704918032783	5.1229508196721305
164	12	2	85.01200000000003	45.040000000000006
164	13	2	84.952	84.93999999999998
164	14	2	85.01600000000005	125.156
164	15	2	85.52479338842977	165.68595041322322
164	16	2	124.69999999999996	5.000000000000002
164	17	2	124.89200000000002	45.06400000000003
164	18	2	125.03599999999999	84.83200000000001
164	19	2	125.13199999999999	124.59600000000003
164	20	2	125.25714285714291	165.51428571428562
164	21	2	165.03599999999994	5.088
164	22	2	164.97999999999996	45.10399999999999
164	23	2	164.87999999999994	85.09200000000003
164	24	2	164.99999999999994	124.99999999999997
164	25	2	164.90400000000002	164.86799999999994
164	26	1	20.13147410358566	119.3326693227092
164	27	1	67.16966067864274	182.51097804391213
164	28	1	109.63273453093824	163.84431137724556
164	29	1	21.732534930139735	101.7844311377245
164	30	1	26.8585657370518	77.59760956175303
164	31	1	41.312749003984045	67.0258964143427
164	32	1	139.82868525896401	54.926294820717175
164	33	1	79.11377245508982	153.83033932135726
164	34	1	89.33999999999992	186.83999999999997
164	35	1	179.69660678642717	164.81836327345286
164	36	1	136.40239043824715	148.46015936254975
164	37	1	88.04183266932274	95.67131474103591
164	38	1	145.6846307385229	8.007984031936127
164	39	1	147.23599999999996	175.78199999999975
164	40	1	151.84799999999981	154.7
164	41	1	98.37999999999998	163.154
164	42	1	72.88999999999994	18.883999999999997
164	43	1	66.13972055888219	87.60279441117765
164	44	1	192.86852589641435	91.56972111553786
164	45	1	112.09200000000004	138.292
165	1	2	4.959999999999995	4.979999999999998
165	2	2	4.944	45.03600000000001
165	3	2	4.877049180327865	84.87704918032787
165	4	2	4.877049180327865	125.1229508196721
165	5	2	5.036000000000001	164.9400000000001
165	6	2	45.027999999999984	4.912000000000001
165	7	2	45.00000000000003	45.00000000000002
165	8	2	45.132	85.40399999999994
165	9	2	45.00000000000003	124.99999999999997
165	10	2	45.012	165.10399999999987
165	11	2	84.87704918032783	5.1229508196721305
165	12	2	85.01200000000003	45.040000000000006
165	13	2	84.952	84.93999999999998
165	14	2	85.01600000000005	125.156
165	15	2	85.52479338842977	165.68595041322322
165	16	2	124.69999999999996	5.000000000000002
165	17	2	124.89200000000002	45.06400000000003
165	18	2	125.03599999999999	84.83200000000001
165	19	2	125.13199999999999	124.59600000000003
165	20	2	125.25714285714291	165.51428571428562
165	21	2	165.03599999999994	5.088
165	22	2	164.97999999999996	45.10399999999999
165	23	2	164.87999999999994	85.09200000000003
165	24	2	164.99999999999994	124.99999999999997
165	25	2	164.90400000000002	164.86799999999994
165	26	1	20.15369261477046	119.26546906187629
165	27	1	67.16367265469061	182.52894211576842
165	28	1	109.72564612326052	163.6222664015904
165	29	1	21.759999999999977	101.78599999999999
165	30	1	26.8882235528942	77.63273453093808
165	31	1	41.28399999999999	67.12399999999998
165	32	1	139.86427145708575	54.83433133732534
165	33	1	79.13199999999999	153.85199999999978
165	34	1	89.32400000000004	186.8060000000002
165	35	1	179.58083832335328	164.79640718562877
165	36	1	136.48600000000008	148.46400000000003
165	37	1	87.84800000000007	95.61600000000006
165	38	1	145.73652694610783	8.025948103792418
165	39	1	147.06586826347305	175.8403193612773
165	40	1	151.8764940239046	154.8386454183265
165	41	1	98.4362549800797	163.07968127490028
165	42	1	72.96207584830339	18.872255489021967
165	43	1	66.06786427145711	87.75249500998007
165	44	1	192.9362549800797	91.58366533864545
165	45	1	112.01796407185621	138.0778443113772
166	1	2	4.959999999999995	4.979999999999998
166	2	2	4.944	45.03600000000001
166	3	2	4.877049180327865	84.87704918032787
166	4	2	4.877049180327865	125.1229508196721
166	5	2	5.036000000000001	164.9400000000001
166	6	2	45.027999999999984	4.912000000000001
166	7	2	45.00000000000003	45.00000000000002
166	8	2	45.132	85.40399999999994
166	9	2	45.00000000000003	124.99999999999997
166	10	2	45.012	165.10399999999987
166	11	2	84.87704918032783	5.1229508196721305
166	12	2	85.01200000000003	45.040000000000006
166	13	2	84.952	84.93999999999998
166	14	2	85.01600000000005	125.156
166	15	2	85.52479338842977	165.68595041322322
166	16	2	124.69999999999996	5.000000000000002
166	17	2	124.89200000000002	45.06400000000003
166	18	2	125.03599999999999	84.83200000000001
166	19	2	125.13199999999999	124.59600000000003
166	20	2	125.25714285714291	165.51428571428562
166	21	2	165.03599999999994	5.088
166	22	2	164.97999999999996	45.10399999999999
166	23	2	164.87999999999994	85.09200000000003
166	24	2	164.99999999999994	124.99999999999997
166	25	2	164.90400000000002	164.86799999999994
166	26	1	20.127744510978054	119.28143712574852
166	27	1	67.09980039920163	182.52694610778425
166	28	1	109.79441117764459	163.44311377245512
166	29	1	21.81600000000001	101.90000000000012
166	30	1	26.881999999999987	77.64199999999997
166	31	1	41.31337325349303	67.2215568862275
166	32	1	139.86199999999974	54.761999999999986
166	33	1	79.29083665338645	153.76494023904388
166	34	1	89.2894211576846	186.75648702594796
166	35	1	179.58283433133732	164.85229540918166
166	36	1	136.62027833001991	148.54870775347925
166	37	1	87.66866267465062	95.60878243512978
166	38	1	145.67864271457083	8.069860279441114
166	39	1	146.88799999999998	175.77200000000002
166	40	1	151.97000000000017	154.83799999999968
166	41	1	98.51999999999998	163.05400000000017
166	42	1	73.08982035928146	18.856287425149688
166	43	1	65.99799999999999	87.89800000000001
166	44	1	192.95219123505976	91.48007968127493
166	45	1	111.96207584830343	137.79041916167674
167	1	2	4.959999999999995	4.979999999999998
167	2	2	4.944	45.03600000000001
167	3	2	4.877049180327865	84.87704918032787
167	4	2	4.877049180327865	125.1229508196721
167	5	2	5.036000000000001	164.9400000000001
167	6	2	45.027999999999984	4.912000000000001
167	7	2	45.00000000000003	45.00000000000002
167	8	2	45.132	85.40399999999994
167	9	2	45.00000000000003	124.99999999999997
167	10	2	45.012	165.10399999999987
167	11	2	84.87704918032783	5.1229508196721305
167	12	2	85.01200000000003	45.040000000000006
167	13	2	84.952	84.93999999999998
167	14	2	85.01600000000005	125.156
167	15	2	85.52479338842977	165.68595041322322
167	16	2	124.69999999999996	5.000000000000002
167	17	2	124.89200000000002	45.06400000000003
167	18	2	125.03599999999999	84.83200000000001
167	19	2	125.13199999999999	124.59600000000003
167	20	2	125.25714285714291	165.51428571428562
167	21	2	165.03599999999994	5.088
167	22	2	164.97999999999996	45.10399999999999
167	23	2	164.87999999999994	85.09200000000003
167	24	2	164.99999999999994	124.99999999999997
167	25	2	164.90400000000002	164.86799999999994
167	26	1	20.109780439121742	119.24750499002
167	27	1	67.07185628742512	182.52894211576853
167	28	1	109.8645418326694	163.25697211155372
167	29	1	21.85370741482966	101.95190380761527
167	30	1	26.924000000000014	77.5599999999999
167	31	1	41.43313373253497	67.33133732534922
167	32	1	139.9920159680639	54.62874251497004
167	33	1	79.23353293413167	153.84830339321348
167	34	1	89.25400000000003	186.75799999999995
167	35	1	179.55289421157676	164.81437125748516
167	36	1	136.81636726546898	148.6746506986028
167	37	1	87.5908183632735	95.62075848303404
167	38	1	145.70400000000006	8.031999999999993
167	39	1	146.80400000000017	175.7180000000002
167	40	1	152.12175648702598	154.7485029940119
167	41	1	98.48600000000005	163.05800000000005
167	42	1	73.06200000000004	18.87399999999999
167	43	1	65.98207171314748	88.04581673306771
167	44	1	192.86852589641435	91.38645418326702
167	45	1	111.99402390438247	137.68326693227087
168	1	2	4.959999999999995	4.979999999999998
168	2	2	4.944	45.03600000000001
168	3	2	4.877049180327865	84.87704918032787
168	4	2	4.877049180327865	125.1229508196721
168	5	2	5.036000000000001	164.9400000000001
168	6	2	45.027999999999984	4.912000000000001
168	7	2	45.00000000000003	45.00000000000002
168	8	2	45.132	85.40399999999994
168	9	2	45.00000000000003	124.99999999999997
168	10	2	45.012	165.10399999999987
168	11	2	84.87704918032783	5.1229508196721305
168	12	2	85.01200000000003	45.040000000000006
168	13	2	84.952	84.93999999999998
168	14	2	85.01600000000005	125.156
168	15	2	85.52479338842977	165.68595041322322
168	16	2	124.69999999999996	5.000000000000002
168	17	2	124.89200000000002	45.06400000000003
168	18	2	125.03599999999999	84.83200000000001
168	19	2	125.13199999999999	124.59600000000003
168	20	2	125.25714285714291	165.51428571428562
168	21	2	165.03599999999994	5.088
168	22	2	164.97999999999996	45.10399999999999
168	23	2	164.87999999999994	85.09200000000003
168	24	2	164.99999999999994	124.99999999999997
168	25	2	164.90400000000002	164.86799999999994
168	26	1	20.11377245508983	119.24950099800402
168	27	1	66.9880239520958	182.5329341317366
168	28	1	109.93812375249503	162.9780439121756
168	29	1	21.858283433133725	101.95608782435123
168	30	1	26.967999999999996	77.50600000000003
168	31	1	41.567729083665384	67.31872509960162
168	32	1	139.98007968127493	54.52988047808769
168	33	1	79.28800000000004	153.82999999999996
168	34	1	89.16566866267462	186.80239520958088
168	35	1	179.58083832335333	164.81836327345306
168	36	1	136.86626746506988	148.75249500997978
168	37	1	87.3844621513944	95.58565737051794
168	38	1	145.70318725099608	7.900398406374513
168	39	1	146.7884231536928	175.73852295409162
168	40	1	152.21713147410352	154.76095617529882
168	41	1	98.4930139720559	162.9620758483034
168	42	1	73.07000000000002	18.865999999999993
168	43	1	65.998	87.964
168	44	1	193.00199600798405	91.47704590818367
168	45	1	111.90438247011942	137.45418326693235
169	1	2	4.959999999999995	4.979999999999998
169	2	2	4.944	45.03600000000001
169	3	2	4.877049180327865	84.87704918032787
169	4	2	4.877049180327865	125.1229508196721
169	5	2	5.036000000000001	164.9400000000001
169	6	2	45.027999999999984	4.912000000000001
169	7	2	45.00000000000003	45.00000000000002
169	8	2	45.132	85.40399999999994
169	9	2	45.00000000000003	124.99999999999997
169	10	2	45.012	165.10399999999987
169	11	2	84.87704918032783	5.1229508196721305
169	12	2	85.01200000000003	45.040000000000006
169	13	2	84.952	84.93999999999998
169	14	2	85.01600000000005	125.156
169	15	2	85.52479338842977	165.68595041322322
169	16	2	124.69999999999996	5.000000000000002
169	17	2	124.89200000000002	45.06400000000003
169	18	2	125.03599999999999	84.83200000000001
169	19	2	125.13199999999999	124.59600000000003
169	20	2	125.25714285714291	165.51428571428562
169	21	2	165.03599999999994	5.088
169	22	2	164.97999999999996	45.10399999999999
169	23	2	164.87999999999994	85.09200000000003
169	24	2	164.99999999999994	124.99999999999997
169	25	2	164.90400000000002	164.86799999999994
169	26	1	20.075848303393197	119.24351297405192
169	27	1	66.96606786427144	182.51696606786413
169	28	1	110.00598802395216	162.75249500998
169	29	1	21.872255489021953	101.99001996007986
169	30	1	26.94000000000002	77.29999999999995
169	31	1	41.68862275449101	67.4071856287426
169	32	1	139.99401197604803	54.51896207584832
169	33	1	79.33532934131733	153.75249500998018
169	34	1	89.24950099800405	186.7265469061875
169	35	1	179.64999999999984	164.88599999999994
169	36	1	137.10999999999981	148.90999999999983
169	37	1	87.06799999999994	95.48200000000003
169	38	1	145.64670658682638	7.89820359281437
169	39	1	146.71999999999994	175.75600000000006
169	40	1	152.35657370517916	154.83466135458156
169	41	1	98.50099800399191	162.8902195608783
169	42	1	73.08400000000013	18.95199999999999
169	43	1	66.01197604790416	88.0878243512974
169	44	1	192.99203187250995	91.45418326693229
169	45	1	111.87649402390437	137.28286852589667
170	1	2	4.959999999999995	4.979999999999998
170	2	2	4.944	45.03600000000001
170	3	2	4.877049180327865	84.87704918032787
170	4	2	4.877049180327865	125.1229508196721
170	5	2	5.036000000000001	164.9400000000001
170	6	2	45.027999999999984	4.912000000000001
170	7	2	45.00000000000003	45.00000000000002
170	8	2	45.132	85.40399999999994
170	9	2	45.00000000000003	124.99999999999997
170	10	2	45.012	165.10399999999987
170	11	2	84.87704918032783	5.1229508196721305
170	12	2	85.01200000000003	45.040000000000006
170	13	2	84.952	84.93999999999998
170	14	2	85.01600000000005	125.156
170	15	2	85.52479338842977	165.68595041322322
170	16	2	124.69999999999996	5.000000000000002
170	17	2	124.89200000000002	45.06400000000003
170	18	2	125.03599999999999	84.83200000000001
170	19	2	125.13199999999999	124.59600000000003
170	20	2	125.25714285714291	165.51428571428562
170	21	2	165.03599999999994	5.088
170	22	2	164.97999999999996	45.10399999999999
170	23	2	164.87999999999994	85.09200000000003
170	24	2	164.99999999999994	124.99999999999997
170	25	2	164.90400000000002	164.86799999999994
170	26	1	20.067999999999987	119.2600000000001
170	27	1	67.02788844621504	182.46613545816732
170	28	1	110.14970059880241	162.48702594810388
170	29	1	21.87824351297405	102.03393213572862
170	30	1	26.900199600798402	77.249500998004
170	31	1	41.756972111553836	67.54980079681275
170	32	1	140.05788423153686	54.47904191616765
170	33	1	79.33932135728546	153.7285429141718
170	34	1	89.33732534930137	186.69660678642703
170	35	1	179.67600000000007	164.92399999999978
170	36	1	137.2375249500998	149.03992015968066
170	37	1	86.85429141716565	95.41317365269454
170	38	1	145.6733067729085	7.824701195219116
170	39	1	146.58283433133747	175.73652694610783
170	40	1	152.38877755511027	154.82965931863725
170	41	1	98.53692614770462	162.73852295409176
170	42	1	73.11400000000003	19.000000000000004
170	43	1	65.85029940119766	88.15169660678643
170	44	1	193.0796812749004	91.394422310757
170	45	1	111.9980079681275	137.02788844621514
171	1	2	4.959999999999995	4.979999999999998
171	2	2	4.944	45.03600000000001
171	3	2	4.877049180327865	84.87704918032787
171	4	2	4.877049180327865	125.1229508196721
171	5	2	5.036000000000001	164.9400000000001
171	6	2	45.027999999999984	4.912000000000001
171	7	2	45.00000000000003	45.00000000000002
171	8	2	45.132	85.40399999999994
171	9	2	45.00000000000003	124.99999999999997
171	10	2	45.012	165.10399999999987
171	11	2	84.87704918032783	5.1229508196721305
171	12	2	85.01200000000003	45.040000000000006
171	13	2	84.952	84.93999999999998
171	14	2	85.01600000000005	125.156
171	15	2	85.52479338842977	165.68595041322322
171	16	2	124.69999999999996	5.000000000000002
171	17	2	124.89200000000002	45.06400000000003
171	18	2	125.03599999999999	84.83200000000001
171	19	2	125.13199999999999	124.59600000000003
171	20	2	125.25714285714291	165.51428571428562
171	21	2	165.03599999999994	5.088
171	22	2	164.97999999999996	45.10399999999999
171	23	2	164.87999999999994	85.09200000000003
171	24	2	164.99999999999994	124.99999999999997
171	25	2	164.90400000000002	164.86799999999994
171	26	1	20.091633466135466	119.21314741035866
171	27	1	66.9900199600799	182.5109780439121
171	28	1	110.17234468937872	162.39478957915827
171	29	1	21.882470119521912	102.04780876494023
171	30	1	26.926000000000005	77.162
171	31	1	41.86427145708585	67.57485029940115
171	32	1	140.0581162324648	54.418837675350716
171	33	1	79.50898203592826	153.55688622754505
171	34	1	89.31000000000002	186.65999999999988
171	35	1	179.74850299401197	164.98602794411175
171	36	1	137.26546906187625	149.21157684630737
171	37	1	86.66135458167327	95.38247011952188
171	38	1	145.6872509960158	7.87250996015935
171	39	1	146.5300000000001	175.72599999999994
171	40	1	152.48399999999998	154.81399999999994
171	41	1	98.56886227544912	162.66866267465076
171	42	1	73.18363273453087	19.075848303393197
171	43	1	65.82669322709162	88.28685258964144
171	44	1	193.09362549800798	91.30079681274907
171	45	1	111.94023904382468	136.91035856573706
172	1	2	4.959999999999995	4.979999999999998
172	2	2	4.944	45.03600000000001
172	3	2	4.877049180327865	84.87704918032787
172	4	2	4.877049180327865	125.1229508196721
172	5	2	5.036000000000001	164.9400000000001
172	6	2	45.027999999999984	4.912000000000001
172	7	2	45.00000000000003	45.00000000000002
172	8	2	45.132	85.40399999999994
172	9	2	45.00000000000003	124.99999999999997
172	10	2	45.012	165.10399999999987
172	11	2	84.87704918032783	5.1229508196721305
172	12	2	85.01200000000003	45.040000000000006
172	13	2	84.952	84.93999999999998
172	14	2	85.01600000000005	125.156
172	15	2	85.52479338842977	165.68595041322322
172	16	2	124.69999999999996	5.000000000000002
172	17	2	124.89200000000002	45.06400000000003
172	18	2	125.03599999999999	84.83200000000001
172	19	2	125.13199999999999	124.59600000000003
172	20	2	125.25714285714291	165.51428571428562
172	21	2	165.03599999999994	5.088
172	22	2	164.97999999999996	45.10399999999999
172	23	2	164.87999999999994	85.09200000000003
172	24	2	164.99999999999994	124.99999999999997
172	25	2	164.90400000000002	164.86799999999994
172	26	1	20.12974051896206	119.12574850299399
172	27	1	66.95009980039923	182.5588822355288
172	28	1	110.25447316103389	162.16699801192854
172	29	1	21.9	102.05599999999991
172	30	1	26.964071856287436	77.18762475049903
172	31	1	42.044000000000004	67.59799999999997
172	32	1	140.1636726546906	54.34530938123752
172	33	1	79.68127490039831	153.4322709163348
172	34	1	89.59081836327354	186.60678642714575
172	35	1	179.7580000000003	165.03599999999992
172	36	1	137.373253493014	149.1836327345309
172	37	1	86.54980079681276	95.32270916334662
172	38	1	145.75848303393218	7.784431137724552
172	39	1	146.49400000000006	175.71599999999987
172	40	1	152.55999999999986	154.85799999999986
172	41	1	98.60678642714569	162.54690618762467
172	42	1	73.38047808764932	19.18525896414339
172	43	1	65.71257485029939	88.31936127744507
172	44	1	193	91.16334661354581
172	45	1	111.89043824701193	136.6494023904383
173	1	2	4.959999999999995	4.979999999999998
173	2	2	4.944	45.03600000000001
173	3	2	4.877049180327865	84.87704918032787
173	4	2	4.877049180327865	125.1229508196721
173	5	2	5.036000000000001	164.9400000000001
173	6	2	45.027999999999984	4.912000000000001
173	7	2	45.00000000000003	45.00000000000002
173	8	2	45.132	85.40399999999994
173	9	2	45.00000000000003	124.99999999999997
173	10	2	45.012	165.10399999999987
173	11	2	84.87704918032783	5.1229508196721305
173	12	2	85.01200000000003	45.040000000000006
173	13	2	84.952	84.93999999999998
173	14	2	85.01600000000005	125.156
173	15	2	85.52479338842977	165.68595041322322
173	16	2	124.69999999999996	5.000000000000002
173	17	2	124.89200000000002	45.06400000000003
173	18	2	125.03599999999999	84.83200000000001
173	19	2	125.13199999999999	124.59600000000003
173	20	2	125.25714285714291	165.51428571428562
173	21	2	165.03599999999994	5.088
173	22	2	164.97999999999996	45.10399999999999
173	23	2	164.87999999999994	85.09200000000003
173	24	2	164.99999999999994	124.99999999999997
173	25	2	164.90400000000002	164.86799999999994
173	26	1	20.163346613545833	119.08366533864546
173	27	1	66.91417165668663	182.50698602794404
173	28	1	110.42315369261479	161.8423153692615
173	29	1	21.932000000000002	102.09000000000005
173	30	1	27.012000000000004	77.25200000000001
173	31	1	42.08565737051796	67.6673306772908
173	32	1	140.23952095808386	54.31736526946105
173	33	1	79.85229540918156	153.30938123752495
173	34	1	89.6240000000001	186.656
173	35	1	179.81836327345295	165.06986027944106
173	36	1	137.43712574850292	149.21756487025934
173	37	1	86.40918163672656	95.27544910179638
173	38	1	145.77045908183635	7.6447105788423135
173	39	1	146.49400000000006	175.71599999999987
173	40	1	152.64870259481054	154.85429141716568
173	41	1	98.59680638722561	162.49101796407186
173	42	1	73.50898203592814	19.153692614770474
173	43	1	65.62475049900198	88.32335329341316
173	44	1	193.10978043912175	91.17964071856292
173	45	1	111.8722554890219	136.51696606786425
174	1	2	4.959999999999995	4.979999999999998
174	2	2	4.944	45.03600000000001
174	3	2	4.877049180327865	84.87704918032787
174	4	2	4.877049180327865	125.1229508196721
174	5	2	5.036000000000001	164.9400000000001
174	6	2	45.027999999999984	4.912000000000001
174	7	2	45.00000000000003	45.00000000000002
174	8	2	45.132	85.40399999999994
174	9	2	45.00000000000003	124.99999999999997
174	10	2	45.012	165.10399999999987
174	11	2	84.87704918032783	5.1229508196721305
174	12	2	85.01200000000003	45.040000000000006
174	13	2	84.952	84.93999999999998
174	14	2	85.01600000000005	125.156
174	15	2	85.52479338842977	165.68595041322322
174	16	2	124.69999999999996	5.000000000000002
174	17	2	124.89200000000002	45.06400000000003
174	18	2	125.03599999999999	84.83200000000001
174	19	2	125.13199999999999	124.59600000000003
174	20	2	125.25714285714291	165.51428571428562
174	21	2	165.03599999999994	5.088
174	22	2	164.97999999999996	45.10399999999999
174	23	2	164.87999999999994	85.09200000000003
174	24	2	164.99999999999994	124.99999999999997
174	25	2	164.90400000000002	164.86799999999994
174	26	1	20.157684630738512	119.1477045908183
174	27	1	66.746	182.51199999999997
174	28	1	110.50796812749	161.66135458167332
174	29	1	21.994011976047883	102.17564870259474
174	30	1	27.009999999999994	77.31199999999994
174	31	1	42.07385229540919	67.8403193612774
174	32	1	140.38800000000006	54.321999999999996
174	33	1	79.87450199203185	153.32669322709165
174	34	1	89.55976095617528	186.6254980079681
174	35	1	179.83067729083655	165.08366533864546
174	36	1	137.5269461077846	149.3093812375248
174	37	1	86.38522954091817	95.28343313373254
174	38	1	145.75399999999993	7.543999999999995
174	39	1	146.512	175.72999999999993
174	40	1	152.72854291417164	154.8862275449103
174	41	1	98.64599999999999	162.3779999999999
174	42	1	73.55600000000001	19.296000000000006
174	43	1	65.63745019920314	88.52390438247012
174	44	1	193.10778443113773	91.1297405189621
174	45	1	111.89221556886216	136.39720558882235
175	1	2	4.959999999999995	4.979999999999998
175	2	2	4.944	45.03600000000001
175	3	2	4.877049180327865	84.87704918032787
175	4	2	4.877049180327865	125.1229508196721
175	5	2	5.036000000000001	164.9400000000001
175	6	2	45.027999999999984	4.912000000000001
175	7	2	45.00000000000003	45.00000000000002
175	8	2	45.132	85.40399999999994
175	9	2	45.00000000000003	124.99999999999997
175	10	2	45.012	165.10399999999987
175	11	2	84.87704918032783	5.1229508196721305
175	12	2	85.01200000000003	45.040000000000006
175	13	2	84.952	84.93999999999998
175	14	2	85.01600000000005	125.156
175	15	2	85.52479338842977	165.68595041322322
175	16	2	124.69999999999996	5.000000000000002
175	17	2	124.89200000000002	45.06400000000003
175	18	2	125.03599999999999	84.83200000000001
175	19	2	125.13199999999999	124.59600000000003
175	20	2	125.25714285714291	165.51428571428562
175	21	2	165.03599999999994	5.088
175	22	2	164.97999999999996	45.10399999999999
175	23	2	164.87999999999994	85.09200000000003
175	24	2	164.99999999999994	124.99999999999997
175	25	2	164.90400000000002	164.86799999999994
175	26	1	20.08982035928142	119.04990019960083
175	27	1	66.72654690618758	182.49301397205588
175	28	1	110.63400000000001	161.27999999999994
175	29	1	22.037924151696608	102.19960079840325
175	30	1	27	77.31800000000003
175	31	1	42.235059760956155	68.05976095617537
175	32	1	140.44400000000002	54.22199999999997
175	33	1	80.05389221556881	153.20359281437123
175	34	1	89.83864541832665	186.58565737051782
175	35	1	179.80239520958096	165.13772455089844
175	36	1	137.75599999999997	149.376
175	37	1	86.24600000000005	95.35000000000002
175	38	1	145.71057884231558	7.508982035928138
175	39	1	146.512	175.72999999999993
175	40	1	152.79799999999997	154.80999999999997
175	41	1	98.65600000000003	162.304
175	42	1	73.596	19.357999999999986
175	43	1	65.64471057884231	88.77045908183635
175	44	1	193.0776892430279	91.08964143426294
175	45	1	111.94023904382468	136.28685258964137
176	1	2	4.959999999999995	4.979999999999998
176	2	2	4.944	45.03600000000001
176	3	2	4.877049180327865	84.87704918032787
176	4	2	4.877049180327865	125.1229508196721
176	5	2	5.036000000000001	164.9400000000001
176	6	2	45.027999999999984	4.912000000000001
176	7	2	45.00000000000003	45.00000000000002
176	8	2	45.132	85.40399999999994
176	9	2	45.00000000000003	124.99999999999997
176	10	2	45.012	165.10399999999987
176	11	2	84.87704918032783	5.1229508196721305
176	12	2	85.01200000000003	45.040000000000006
176	13	2	84.952	84.93999999999998
176	14	2	85.01600000000005	125.156
176	15	2	85.52479338842977	165.68595041322322
176	16	2	124.69999999999996	5.000000000000002
176	17	2	124.89200000000002	45.06400000000003
176	18	2	125.03599999999999	84.83200000000001
176	19	2	125.13199999999999	124.59600000000003
176	20	2	125.25714285714291	165.51428571428562
176	21	2	165.03599999999994	5.088
176	22	2	164.97999999999996	45.10399999999999
176	23	2	164.87999999999994	85.09200000000003
176	24	2	164.99999999999994	124.99999999999997
176	25	2	164.90400000000002	164.86799999999994
176	26	1	20.089820359281436	119.13373253493015
176	27	1	66.74051896207583	182.4570858283435
176	28	1	110.74850299401199	160.96407185628752
176	29	1	22.035928143712592	102.24151696606788
176	30	1	27.04400000000002	77.356
176	31	1	42.26147704590818	68.2155688622754
176	32	1	140.4710578842317	54.16566866267466
176	33	1	80.05799999999996	153.18200000000002
176	34	1	89.85229540918158	186.55888223552884
176	35	1	179.80039920159683	165.15968063872253
176	36	1	137.82834331337338	149.3353293413173
176	37	1	86.2231075697211	95.34262948207171
176	38	1	145.77245508982045	7.4311377245509
176	39	1	146.52095808383237	175.74051896207573
176	40	1	152.80200000000002	154.78600000000006
176	41	1	98.68862275449104	162.1996007984033
176	42	1	73.68463073852297	19.399201596806396
176	43	1	65.654	88.92400000000002
176	44	1	193.0199203187251	90.98406374501991
176	45	1	111.8326693227091	136.1752988047809
177	1	2	4.959999999999995	4.979999999999998
177	2	2	4.944	45.03600000000001
177	3	2	4.877049180327865	84.87704918032787
177	4	2	4.877049180327865	125.1229508196721
177	5	2	5.036000000000001	164.9400000000001
177	6	2	45.027999999999984	4.912000000000001
177	7	2	45.00000000000003	45.00000000000002
177	8	2	45.132	85.40399999999994
177	9	2	45.00000000000003	124.99999999999997
177	10	2	45.012	165.10399999999987
177	11	2	84.87704918032783	5.1229508196721305
177	12	2	85.01200000000003	45.040000000000006
177	13	2	84.952	84.93999999999998
177	14	2	85.01600000000005	125.156
177	15	2	85.52479338842977	165.68595041322322
177	16	2	124.69999999999996	5.000000000000002
177	17	2	124.89200000000002	45.06400000000003
177	18	2	125.03599999999999	84.83200000000001
177	19	2	125.13199999999999	124.59600000000003
177	20	2	125.25714285714291	165.51428571428562
177	21	2	165.03599999999994	5.088
177	22	2	164.97999999999996	45.10399999999999
177	23	2	164.87999999999994	85.09200000000003
177	24	2	164.99999999999994	124.99999999999997
177	25	2	164.90400000000002	164.86799999999994
177	26	1	20.082	119.12999999999995
177	27	1	66.63000000000008	182.42999999999992
177	28	1	110.80039920159675	160.71457085828325
177	29	1	22.01600000000001	102.25400000000002
177	30	1	27.10600000000001	77.43999999999998
177	31	1	42.36526946107783	68.26546906187622
177	32	1	140.47504990019993	54.13972055888228
177	33	1	80.1613545816733	153.1454183266933
177	34	1	89.96207584830339	186.50499001996002
177	35	1	179.686626746507	165.15169660678643
177	36	1	137.94810379241494	149.373253493014
177	37	1	86.13373253493006	95.27345309381232
177	38	1	145.7684630738524	7.327345309381242
177	39	1	146.47199999999995	175.73000000000005
177	40	1	152.87599999999992	154.78799999999984
177	41	1	98.73600000000002	162.09799999999996
177	42	1	73.86826347305384	19.46307385229543
177	43	1	65.66666666666666	89.08582834331341
177	44	1	192.98203592814372	90.85828343313379
177	45	1	112.0119760479042	136.09980039920154
178	1	2	4.959999999999995	4.979999999999998
178	2	2	4.944	45.03600000000001
178	3	2	4.877049180327865	84.87704918032787
178	4	2	4.877049180327865	125.1229508196721
178	5	2	5.036000000000001	164.9400000000001
178	6	2	45.027999999999984	4.912000000000001
178	7	2	45.00000000000003	45.00000000000002
178	8	2	45.132	85.40399999999994
178	9	2	45.00000000000003	124.99999999999997
178	10	2	45.012	165.10399999999987
178	11	2	84.87704918032783	5.1229508196721305
178	12	2	85.01200000000003	45.040000000000006
178	13	2	84.952	84.93999999999998
178	14	2	85.01600000000005	125.156
178	15	2	85.52479338842977	165.68595041322322
178	16	2	124.69999999999996	5.000000000000002
178	17	2	124.89200000000002	45.06400000000003
178	18	2	125.03599999999999	84.83200000000001
178	19	2	125.13199999999999	124.59600000000003
178	20	2	125.25714285714291	165.51428571428562
178	21	2	165.03599999999994	5.088
178	22	2	164.97999999999996	45.10399999999999
178	23	2	164.87999999999994	85.09200000000003
178	24	2	164.99999999999994	124.99999999999997
178	25	2	164.90400000000002	164.86799999999994
178	26	1	20.06387225548901	119.14970059880228
178	27	1	66.51800000000009	182.46000000000006
178	28	1	110.84860557768924	160.39043824701193
178	29	1	22.03992015968063	102.32534930139722
178	30	1	27.123999999999974	77.43599999999999
178	31	1	42.43800000000002	68.37799999999999
178	32	1	140.4750499001998	54.10179640718567
178	33	1	80.21756487025944	153.23353293413174
178	34	1	90.154	186.45600000000005
178	35	1	179.69261477045902	165.32934131736525
178	36	1	138.01796407185634	149.4790419161675
178	37	1	86.116	95.27599999999997
178	38	1	145.76646706586817	7.213572854291415
178	39	1	146.52295409181633	175.73253493013976
178	40	1	152.95600000000002	154.698
178	41	1	98.78642714570861	162.0059880239521
178	42	1	73.86427145708579	19.548902195608772
178	43	1	65.58764940239044	89.04382470119522
178	44	1	192.93227091633466	90.72709163346607
178	45	1	112.06187624750507	136.0279441117764
179	1	2	4.959999999999995	4.979999999999998
179	2	2	4.944	45.03600000000001
179	3	2	4.877049180327865	84.87704918032787
179	4	2	4.877049180327865	125.1229508196721
179	5	2	5.036000000000001	164.9400000000001
179	6	2	45.027999999999984	4.912000000000001
179	7	2	45.00000000000003	45.00000000000002
179	8	2	45.132	85.40399999999994
179	9	2	45.00000000000003	124.99999999999997
179	10	2	45.012	165.10399999999987
179	11	2	84.87704918032783	5.1229508196721305
179	12	2	85.01200000000003	45.040000000000006
179	13	2	84.952	84.93999999999998
179	14	2	85.01600000000005	125.156
179	15	2	85.52479338842977	165.68595041322322
179	16	2	124.69999999999996	5.000000000000002
179	17	2	124.89200000000002	45.06400000000003
179	18	2	125.03599999999999	84.83200000000001
179	19	2	125.13199999999999	124.59600000000003
179	20	2	125.25714285714291	165.51428571428562
179	21	2	165.03599999999994	5.088
179	22	2	164.97999999999996	45.10399999999999
179	23	2	164.87999999999994	85.09200000000003
179	24	2	164.99999999999994	124.99999999999997
179	25	2	164.90400000000002	164.86799999999994
179	26	1	20.0818363273453	119.14970059880234
179	27	1	66.40438247011954	182.46015936254983
179	28	1	110.9061876247504	160.31137724550896
179	29	1	22.04790419161675	102.36127744510979
179	30	1	27.193999999999996	77.51199999999999
179	31	1	42.59362549800796	68.40039840637449
179	32	1	140.45508982035926	53.976047904191645
179	33	1	80.29341317365271	153.117764471058
179	34	1	90.16600000000001	186.33600000000007
179	35	1	179.70517928286858	165.3565737051793
179	36	1	138.1380000000002	149.528
179	37	1	85.85	95.16399999999989
179	38	1	145.8380000000001	7.206000000000011
179	39	1	146.52295409181633	175.73253493013976
179	40	1	152.97600000000003	154.61399999999992
179	41	1	98.84262948207174	161.816733067729
179	42	1	74.183266932271	19.63944223107569
179	43	1	65.6047904191617	89.10379241516968
179	44	1	192.96207584830339	90.64870259481042
179	45	1	112.16199999999995	136.04600000000005
180	1	2	4.959999999999995	4.979999999999998
180	2	2	4.944	45.03600000000001
180	3	2	4.877049180327865	84.87704918032787
180	4	2	4.877049180327865	125.1229508196721
180	5	2	5.036000000000001	164.9400000000001
180	6	2	45.027999999999984	4.912000000000001
180	7	2	45.00000000000003	45.00000000000002
180	8	2	45.132	85.40399999999994
180	9	2	45.00000000000003	124.99999999999997
180	10	2	45.012	165.10399999999987
180	11	2	84.87704918032783	5.1229508196721305
180	12	2	85.01200000000003	45.040000000000006
180	13	2	84.952	84.93999999999998
180	14	2	85.01600000000005	125.156
180	15	2	85.52479338842977	165.68595041322322
180	16	2	124.69999999999996	5.000000000000002
180	17	2	124.89200000000002	45.06400000000003
180	18	2	125.03599999999999	84.83200000000001
180	19	2	125.13199999999999	124.59600000000003
180	20	2	125.25714285714291	165.51428571428562
180	21	2	165.03599999999994	5.088
180	22	2	164.97999999999996	45.10399999999999
180	23	2	164.87999999999994	85.09200000000003
180	24	2	164.99999999999994	124.99999999999997
180	25	2	164.90400000000002	164.86799999999994
180	26	1	20.129999999999992	119.09999999999998
180	27	1	66.23505976095612	182.4243027888445
180	28	1	111.08964143426286	159.78884462151407
180	29	1	22.05400000000001	102.39799999999997
180	30	1	27.22355289421158	77.46906187624752
180	31	1	42.67265469061878	68.52694610778454
180	32	1	140.53199999999975	53.852000000000004
180	33	1	80.37924151696605	153.10379241516947
180	34	1	90.08782435129736	186.23552894211565
180	35	1	179.71115537848615	165.34860557768909
180	36	1	138.2	149.46199999999988
180	37	1	85.73904382470121	95.20119521912355
180	38	1	145.81037924151707	7.183632734530932
180	39	1	146.46107784431132	175.63672654690615
180	40	1	153.06800000000004	154.5539999999998
180	41	1	98.86000000000004	161.69799999999992
180	42	1	74.3652694610778	19.678642714570856
180	43	1	65.57285429141713	89.16566866267465
180	44	1	192.94621513944224	90.59760956175306
180	45	1	112.1696606786427	135.94011976047912
181	1	2	4.959999999999995	4.979999999999998
181	2	2	4.944	45.03600000000001
181	3	2	4.877049180327865	84.87704918032787
181	4	2	4.877049180327865	125.1229508196721
181	5	2	5.036000000000001	164.9400000000001
181	6	2	45.027999999999984	4.912000000000001
181	7	2	45.00000000000003	45.00000000000002
181	8	2	45.132	85.40399999999994
181	9	2	45.00000000000003	124.99999999999997
181	10	2	45.012	165.10399999999987
181	11	2	84.87704918032783	5.1229508196721305
181	12	2	85.01200000000003	45.040000000000006
181	13	2	84.952	84.93999999999998
181	14	2	85.01600000000005	125.156
181	15	2	85.52479338842977	165.68595041322322
181	16	2	124.69999999999996	5.000000000000002
181	17	2	124.89200000000002	45.06400000000003
181	18	2	125.03599999999999	84.83200000000001
181	19	2	125.13199999999999	124.59600000000003
181	20	2	125.25714285714291	165.51428571428562
181	21	2	165.03599999999994	5.088
181	22	2	164.97999999999996	45.10399999999999
181	23	2	164.87999999999994	85.09200000000003
181	24	2	164.99999999999994	124.99999999999997
181	25	2	164.90400000000002	164.86799999999994
181	26	1	20.12774451097803	119.07784431137729
181	27	1	66.16799999999999	182.57800000000003
181	28	1	111.15568862275443	159.37125748503
181	29	1	22.079840319361285	102.3892215568862
181	30	1	27.24599999999999	77.44599999999998
181	31	1	42.76540755467194	68.60834990059644
181	32	1	140.57684630738538	53.7704590818363
181	33	1	80.38999999999996	153.17400000000006
181	34	1	90.27944111776448	186.16766467065858
181	35	1	179.72455089820357	165.3672654690618
181	36	1	138.23459244532808	149.46520874751505
181	37	1	85.52295409181639	95.14570858283439
181	38	1	145.83400000000026	7.119999999999991
181	39	1	146.38522954091832	175.57684630738515
181	40	1	153.21200000000005	154.46599999999995
181	41	1	98.93227091633467	161.57171314741035
181	42	1	74.49000000000005	19.73200000000001
181	43	1	65.37924151696605	89.25548902195597
181	44	1	192.95418326693226	90.59561752988049
181	45	1	112.0557768924302	135.79282868525877
182	1	2	4.959999999999995	4.979999999999998
182	2	2	4.944	45.03600000000001
182	3	2	4.877049180327865	84.87704918032787
182	4	2	4.877049180327865	125.1229508196721
182	5	2	5.036000000000001	164.9400000000001
182	6	2	45.027999999999984	4.912000000000001
182	7	2	45.00000000000003	45.00000000000002
182	8	2	45.132	85.40399999999994
182	9	2	45.00000000000003	124.99999999999997
182	10	2	45.012	165.10399999999987
182	11	2	84.87704918032783	5.1229508196721305
182	12	2	85.01200000000003	45.040000000000006
182	13	2	84.952	84.93999999999998
182	14	2	85.01600000000005	125.156
182	15	2	85.52479338842977	165.68595041322322
182	16	2	124.69999999999996	5.000000000000002
182	17	2	124.89200000000002	45.06400000000003
182	18	2	125.03599999999999	84.83200000000001
182	19	2	125.13199999999999	124.59600000000003
182	20	2	125.25714285714291	165.51428571428562
182	21	2	165.03599999999994	5.088
182	22	2	164.97999999999996	45.10399999999999
182	23	2	164.87999999999994	85.09200000000003
182	24	2	164.99999999999994	124.99999999999997
182	25	2	164.90400000000002	164.86799999999994
182	26	1	20.229540918163664	119.19760479041913
182	27	1	66.16566866267462	182.5289421157685
182	28	1	111.2549800796813	159.09760956175307
182	29	1	22.08764940239043	102.47410358565743
182	30	1	27.259481037924132	77.53692614770466
182	31	1	42.83433133732537	68.66067864271453
182	32	1	140.60479041916173	53.77045908183635
182	33	1	80.50600000000004	153.15999999999985
182	34	1	90.39920159680632	186.20359281437123
182	35	1	179.63872255489014	165.31936127744507
182	36	1	138.35928143712582	149.51297405189638
182	37	1	85.43912175648708	95.15169660678637
182	38	1	145.85429141716554	7.000000000000009
182	39	1	146.3499999999999	175.59599999999978
182	40	1	153.22999999999985	154.4819999999998
182	41	1	99.0499001996008	161.57684630738532
182	42	1	74.58882235528945	19.738522954091817
182	43	1	65.36526946107784	89.439121756487
182	44	1	192.94199999999998	90.50999999999998
182	45	1	112.07984031936121	135.74051896207567
183	1	2	4.959999999999995	4.979999999999998
183	2	2	4.944	45.03600000000001
183	3	2	4.877049180327865	84.87704918032787
183	4	2	4.877049180327865	125.1229508196721
183	5	2	5.036000000000001	164.9400000000001
183	6	2	45.027999999999984	4.912000000000001
183	7	2	45.00000000000003	45.00000000000002
183	8	2	45.132	85.40399999999994
183	9	2	45.00000000000003	124.99999999999997
183	10	2	45.012	165.10399999999987
183	11	2	84.87704918032783	5.1229508196721305
183	12	2	85.01200000000003	45.040000000000006
183	13	2	84.952	84.93999999999998
183	14	2	85.01600000000005	125.156
183	15	2	85.52479338842977	165.68595041322322
183	16	2	124.69999999999996	5.000000000000002
183	17	2	124.89200000000002	45.06400000000003
183	18	2	125.03599999999999	84.83200000000001
183	19	2	125.13199999999999	124.59600000000003
183	20	2	125.25714285714291	165.51428571428562
183	21	2	165.03599999999994	5.088
183	22	2	164.97999999999996	45.10399999999999
183	23	2	164.87999999999994	85.09200000000003
183	24	2	164.99999999999994	124.99999999999997
183	25	2	164.90400000000002	164.86799999999994
183	26	1	20.258	119.22599999999991
183	27	1	66.057884231537	182.678642714571
183	28	1	111.29058116232461	158.92184368737463
183	29	1	22.103999999999996	102.49800000000002
183	30	1	27.267465069860283	77.56686626746509
183	31	1	42.86826347305394	68.68263473053896
183	32	1	140.61799999999994	53.79800000000008
183	33	1	80.50800000000007	153.19799999999992
183	34	1	90.5318725099602	185.98207171314746
183	35	1	179.77290836653378	165.378486055777
183	36	1	138.45219123505967	149.51792828685254
183	37	1	85.34200000000004	95.16800000000005
183	38	1	145.83799999999988	6.9200000000000115
183	39	1	146.2954091816367	175.59081836327348
183	40	1	153.36726546906192	154.50898203592826
183	41	1	99.13226452905805	161.33266533066123
183	42	1	74.75399999999998	19.86400000000001
183	43	1	65.33333333333336	89.49900199600809
183	44	1	192.9780876494024	90.50199203187246
183	45	1	112.15968063872255	135.6946107784431
184	1	2	4.959999999999995	4.979999999999998
184	2	2	4.944	45.03600000000001
184	3	2	4.877049180327865	84.87704918032787
184	4	2	4.877049180327865	125.1229508196721
184	5	2	5.036000000000001	164.9400000000001
184	6	2	45.027999999999984	4.912000000000001
184	7	2	45.00000000000003	45.00000000000002
184	8	2	45.132	85.40399999999994
184	9	2	45.00000000000003	124.99999999999997
184	10	2	45.012	165.10399999999987
184	11	2	84.87704918032783	5.1229508196721305
184	12	2	85.01200000000003	45.040000000000006
184	13	2	84.952	84.93999999999998
184	14	2	85.01600000000005	125.156
184	15	2	85.52479338842977	165.68595041322322
184	16	2	124.69999999999996	5.000000000000002
184	17	2	124.89200000000002	45.06400000000003
184	18	2	125.03599999999999	84.83200000000001
184	19	2	125.13199999999999	124.59600000000003
184	20	2	125.25714285714291	165.51428571428562
184	21	2	165.03599999999994	5.088
184	22	2	164.97999999999996	45.10399999999999
184	23	2	164.87999999999994	85.09200000000003
184	24	2	164.99999999999994	124.99999999999997
184	25	2	164.90400000000002	164.86799999999994
184	26	1	20.255999999999982	119.19400000000002
184	27	1	65.97405189620753	182.72055888223562
184	28	1	111.32199999999995	158.8219999999997
184	29	1	22.13572854291415	102.52295409181636
184	30	1	27.298804780876512	77.52191235059762
184	31	1	43.07784431137728	68.72255489021958
184	32	1	140.6626746506986	53.74251497005986
184	33	1	80.56999999999996	153.216
184	34	1	90.70259481037917	185.8522954091817
184	35	1	179.76600000000013	165.53399999999993
184	36	1	138.56175298804783	149.53984063745034
184	37	1	85.32599999999992	95.09799999999997
184	38	1	145.8502994011977	6.80039920159681
184	39	1	146.30339321357295	175.5768463073851
184	40	1	153.40518962075848	154.5229540918163
184	41	1	99.12200000000001	161.27999999999994
184	42	1	74.81113320079513	19.862823061630223
184	43	1	65.34331337325345	89.5908183632734
184	44	1	192.9561752988048	90.48406374501988
184	45	1	112.23752495009973	135.59680638722548
185	1	2	4.959999999999995	4.979999999999998
185	2	2	4.944	45.03600000000001
185	3	2	4.877049180327865	84.87704918032787
185	4	2	4.877049180327865	125.1229508196721
185	5	2	5.036000000000001	164.9400000000001
185	6	2	45.027999999999984	4.912000000000001
185	7	2	45.00000000000003	45.00000000000002
185	8	2	45.132	85.40399999999994
185	9	2	45.00000000000003	124.99999999999997
185	10	2	45.012	165.10399999999987
185	11	2	84.87704918032783	5.1229508196721305
185	12	2	85.01200000000003	45.040000000000006
185	13	2	84.952	84.93999999999998
185	14	2	85.01600000000005	125.156
185	15	2	85.52479338842977	165.68595041322322
185	16	2	124.69999999999996	5.000000000000002
185	17	2	124.89200000000002	45.06400000000003
185	18	2	125.03599999999999	84.83200000000001
185	19	2	125.13199999999999	124.59600000000003
185	20	2	125.25714285714291	165.51428571428562
185	21	2	165.03599999999994	5.088
185	22	2	164.97999999999996	45.10399999999999
185	23	2	164.87999999999994	85.09200000000003
185	24	2	164.99999999999994	124.99999999999997
185	25	2	164.90400000000002	164.86799999999994
185	26	1	20.231999999999985	119.17000000000003
185	27	1	65.87600000000002	182.5760000000001
185	28	1	111.3565737051793	158.63745019920327
185	29	1	22.162000000000006	102.56400000000004
185	30	1	27.345309381237545	77.52694610778441
185	31	1	43.177290836653384	68.77689243027893
185	32	1	140.74600000000007	53.62799999999997
185	33	1	80.73852295409182	153.14371257485035
185	34	1	90.84630738522947	185.73253493013965
185	35	1	179.81800000000007	165.5459999999999
185	36	1	138.67664670658687	149.4790419161676
185	37	1	85.27944111776459	95.0898203592814
185	38	1	145.92000000000013	6.56200000000001
185	39	1	146.2994011976048	175.57684630738504
185	40	1	153.46107784431146	154.54890219560892
185	41	1	99.21956087824353	161.10778443113776
185	42	1	74.99799999999996	19.932000000000013
185	43	1	65.27944111776448	89.51497005988027
185	44	1	192.87225548902194	90.34930139720554
185	45	1	112.41035856573703	135.51394422310767
186	1	2	4.959999999999995	4.979999999999998
186	2	2	4.944	45.03600000000001
186	3	2	4.877049180327865	84.87704918032787
186	4	2	4.877049180327865	125.1229508196721
186	5	2	5.036000000000001	164.9400000000001
186	6	2	45.027999999999984	4.912000000000001
186	7	2	45.00000000000003	45.00000000000002
186	8	2	45.132	85.40399999999994
186	9	2	45.00000000000003	124.99999999999997
186	10	2	45.012	165.10399999999987
186	11	2	84.87704918032783	5.1229508196721305
186	12	2	85.01200000000003	45.040000000000006
186	13	2	84.952	84.93999999999998
186	14	2	85.01600000000005	125.156
186	15	2	85.52479338842977	165.68595041322322
186	16	2	124.69999999999996	5.000000000000002
186	17	2	124.89200000000002	45.06400000000003
186	18	2	125.03599999999999	84.83200000000001
186	19	2	125.13199999999999	124.59600000000003
186	20	2	125.25714285714291	165.51428571428562
186	21	2	165.03599999999994	5.088
186	22	2	164.97999999999996	45.10399999999999
186	23	2	164.87999999999994	85.09200000000003
186	24	2	164.99999999999994	124.99999999999997
186	25	2	164.90400000000002	164.86799999999994
186	26	1	20.28143712574849	119.2594810379241
186	27	1	65.79441117764469	182.5588822355288
186	28	1	111.48000000000003	158.29000000000005
186	29	1	22.143999999999988	102.60399999999994
186	30	1	27.413173652694613	77.52694610778434
186	31	1	43.36254980079681	68.80278884462152
186	32	1	140.94810379241522	53.63672654690622
186	33	1	80.88423153692624	153.1457085828343
186	34	1	90.93625498007972	185.68326693227078
186	35	1	179.7544910179641	165.42914171656673
186	36	1	138.77045908183632	149.40918163672657
186	37	1	85.14171656686631	95.08982035928152
186	38	1	145.88223552894215	6.419161676646712
186	39	1	146.2260000000001	175.55600000000015
186	40	1	153.53200000000004	154.51599999999993
186	41	1	99.27599999999997	161.0280000000001
186	42	1	75.07784431137718	19.944111776447116
186	43	1	65.17799999999998	89.58400000000002
186	44	1	192.82235528942115	90.21756487025952
186	45	1	112.42629482071713	135.33466135458175
187	1	2	4.959999999999995	4.979999999999998
187	2	2	4.944	45.03600000000001
187	3	2	4.877049180327865	84.87704918032787
187	4	2	4.877049180327865	125.1229508196721
187	5	2	5.036000000000001	164.9400000000001
187	6	2	45.027999999999984	4.912000000000001
187	7	2	45.00000000000003	45.00000000000002
187	8	2	45.132	85.40399999999994
187	9	2	45.00000000000003	124.99999999999997
187	10	2	45.012	165.10399999999987
187	11	2	84.87704918032783	5.1229508196721305
187	12	2	85.01200000000003	45.040000000000006
187	13	2	84.952	84.93999999999998
187	14	2	85.01600000000005	125.156
187	15	2	85.52479338842977	165.68595041322322
187	16	2	124.69999999999996	5.000000000000002
187	17	2	124.89200000000002	45.06400000000003
187	18	2	125.03599999999999	84.83200000000001
187	19	2	125.13199999999999	124.59600000000003
187	20	2	125.25714285714291	165.51428571428562
187	21	2	165.03599999999994	5.088
187	22	2	164.97999999999996	45.10399999999999
187	23	2	164.87999999999994	85.09200000000003
187	24	2	164.99999999999994	124.99999999999997
187	25	2	164.90400000000002	164.86799999999994
187	26	1	20.22754491017965	119.30938123752489
187	27	1	65.77199999999992	182.53400000000005
187	28	1	111.52495009980044	158.08183632734526
187	29	1	22.22155688622755	102.67465069860275
187	30	1	27.45508982035927	77.6427145708584
187	31	1	43.51593625498008	68.93426294820722
187	32	1	141.10379241516947	53.6726546906188
187	33	1	80.92828685258962	153.1932270916333
187	34	1	90.92814371257488	185.6187624750502
187	35	1	179.84231536926143	165.4910179640718
187	36	1	138.87025948103778	149.44510978043914
187	37	1	85.00199600798402	94.98802395209579
187	38	1	145.9021956087825	6.305389221556884
187	39	1	146.18762475049894	175.5349301397205
187	40	1	153.68063872255482	154.40319361277446
187	41	1	99.34399999999988	160.9699999999999
187	42	1	75.16566866267458	19.92015968063874
187	43	1	65.10600000000001	89.62999999999995
187	44	1	192.8622754491018	90.1996007984031
187	45	1	112.61155378486053	135.36254980079693
188	1	2	4.959999999999995	4.979999999999998
188	2	2	4.944	45.03600000000001
188	3	2	4.877049180327865	84.87704918032787
188	4	2	4.877049180327865	125.1229508196721
188	5	2	5.036000000000001	164.9400000000001
188	6	2	45.027999999999984	4.912000000000001
188	7	2	45.00000000000003	45.00000000000002
188	8	2	45.132	85.40399999999994
188	9	2	45.00000000000003	124.99999999999997
188	10	2	45.012	165.10399999999987
188	11	2	84.87704918032783	5.1229508196721305
188	12	2	85.01200000000003	45.040000000000006
188	13	2	84.952	84.93999999999998
188	14	2	85.01600000000005	125.156
188	15	2	85.52479338842977	165.68595041322322
188	16	2	124.69999999999996	5.000000000000002
188	17	2	124.89200000000002	45.06400000000003
188	18	2	125.03599999999999	84.83200000000001
188	19	2	125.13199999999999	124.59600000000003
188	20	2	125.25714285714291	165.51428571428562
188	21	2	165.03599999999994	5.088
188	22	2	164.97999999999996	45.10399999999999
188	23	2	164.87999999999994	85.09200000000003
188	24	2	164.99999999999994	124.99999999999997
188	25	2	164.90400000000002	164.86799999999994
188	26	1	20.27145708582833	119.32335329341306
188	27	1	65.6267465069861	182.64071856287413
188	28	1	111.55089820359281	157.92814371257487
188	29	1	22.357285429141733	102.80638722554889
188	30	1	27.433133732534937	77.67864271457076
188	31	1	43.78043912175647	69.20558882235527
188	32	1	141.29599999999994	53.64600000000001
188	33	1	80.91417165668666	153.46506986027933
188	34	1	91.11600000000003	185.6100000000002
188	35	1	179.88047808764952	165.57171314741032
188	36	1	138.86427145708575	149.435129740519
188	37	1	84.87225548902194	95.01397205588826
188	38	1	145.9041916167666	6.353293413173651
188	39	1	146.16966067864269	175.56287425149705
188	40	1	153.65936254980068	154.41633466135457
188	41	1	99.44820717131469	160.69920318725107
188	42	1	75.25948103792426	19.838323353293386
188	43	1	65.07999999999998	89.66999999999992
188	44	1	192.98403193612774	90.1157684630738
188	45	1	112.63073852295405	135.19960079840317
189	1	2	4.959999999999995	4.979999999999998
189	2	2	4.944	45.03600000000001
189	3	2	4.877049180327865	84.87704918032787
189	4	2	4.877049180327865	125.1229508196721
189	5	2	5.036000000000001	164.9400000000001
189	6	2	45.027999999999984	4.912000000000001
189	7	2	45.00000000000003	45.00000000000002
189	8	2	45.132	85.40399999999994
189	9	2	45.00000000000003	124.99999999999997
189	10	2	45.012	165.10399999999987
189	11	2	84.87704918032783	5.1229508196721305
189	12	2	85.01200000000003	45.040000000000006
189	13	2	84.952	84.93999999999998
189	14	2	85.01600000000005	125.156
189	15	2	85.52479338842977	165.68595041322322
189	16	2	124.69999999999996	5.000000000000002
189	17	2	124.89200000000002	45.06400000000003
189	18	2	125.03599999999999	84.83200000000001
189	19	2	125.13199999999999	124.59600000000003
189	20	2	125.25714285714291	165.51428571428562
189	21	2	165.03599999999994	5.088
189	22	2	164.97999999999996	45.10399999999999
189	23	2	164.87999999999994	85.09200000000003
189	24	2	164.99999999999994	124.99999999999997
189	25	2	164.90400000000002	164.86799999999994
189	26	1	20.269999999999985	119.34399999999992
189	27	1	65.55976095617524	182.59362549800798
189	28	1	111.638	157.7819999999999
189	29	1	22.429141716566885	102.86826347305396
189	30	1	27.44	77.70199999999998
189	31	1	43.893999999999984	69.36599999999991
189	32	1	141.34400000000002	53.62799999999999
189	33	1	80.95209580838332	153.56686626746497
189	34	1	91.0960000000001	185.48399999999998
189	35	1	179.92215568862287	165.62475049900203
189	36	1	138.9880478087648	149.39442231075705
189	37	1	84.74399999999993	94.98599999999995
189	38	1	145.9440000000001	6.2459999999999996
189	39	1	146.16966067864269	175.56287425149705
189	40	1	153.72255489021956	154.4291417165668
189	41	1	99.53493013972061	160.65668662674645
189	42	1	75.42828685258965	19.768924302788836
189	43	1	65.02395209580838	89.70059880239515
189	44	1	193.00598802395209	89.99800399201592
189	45	1	112.59481037924145	135.14970059880227
190	1	2	4.959999999999995	4.979999999999998
190	2	2	4.944	45.03600000000001
190	3	2	4.877049180327865	84.87704918032787
190	4	2	4.877049180327865	125.1229508196721
190	5	2	5.036000000000001	164.9400000000001
190	6	2	45.027999999999984	4.912000000000001
190	7	2	45.00000000000003	45.00000000000002
190	8	2	45.132	85.40399999999994
190	9	2	45.00000000000003	124.99999999999997
190	10	2	45.012	165.10399999999987
190	11	2	84.87704918032783	5.1229508196721305
190	12	2	85.01200000000003	45.040000000000006
190	13	2	84.952	84.93999999999998
190	14	2	85.01600000000005	125.156
190	15	2	85.52479338842977	165.68595041322322
190	16	2	124.69999999999996	5.000000000000002
190	17	2	124.89200000000002	45.06400000000003
190	18	2	125.03599999999999	84.83200000000001
190	19	2	125.13199999999999	124.59600000000003
190	20	2	125.25714285714291	165.51428571428562
190	21	2	165.03599999999994	5.088
190	22	2	164.97999999999996	45.10399999999999
190	23	2	164.87999999999994	85.09200000000003
190	24	2	164.99999999999994	124.99999999999997
190	25	2	164.90400000000002	164.86799999999994
190	26	1	20.266932270916328	119.43027888446211
190	27	1	65.49203187250995	182.57569721115567
190	28	1	111.70599999999995	157.54199999999997
190	29	1	22.47904191616767	102.90219560878243
190	30	1	27.46599999999998	77.75800000000005
190	31	1	43.98804780876493	69.36653386454188
190	32	1	141.3872255489023	53.66666666666666
190	33	1	80.87999999999998	153.62400000000008
190	34	1	91.26946107784428	185.46107784431152
190	35	1	179.94610778443126	165.6966067864272
190	36	1	139.05577689243023	149.42430278884473
190	37	1	84.63073852295408	94.98003992015977
190	38	1	146.04391217564867	6.075848303393212
190	39	1	146.16135458167332	175.54183266932276
190	40	1	153.84830339321377	154.3932135728544
190	41	1	99.51593625498018	160.57171314741035
190	42	1	75.54400000000004	19.685999999999982
190	43	1	64.986	89.75800000000004
190	44	1	192.9940239043825	89.86254980079677
190	45	1	112.60400000000003	135.05399999999997
191	1	2	4.959999999999995	4.979999999999998
191	2	2	4.944	45.03600000000001
191	3	2	4.877049180327865	84.87704918032787
191	4	2	4.877049180327865	125.1229508196721
191	5	2	5.036000000000001	164.9400000000001
191	6	2	45.027999999999984	4.912000000000001
191	7	2	45.00000000000003	45.00000000000002
191	8	2	45.132	85.40399999999994
191	9	2	45.00000000000003	124.99999999999997
191	10	2	45.012	165.10399999999987
191	11	2	84.87704918032783	5.1229508196721305
191	12	2	85.01200000000003	45.040000000000006
191	13	2	84.952	84.93999999999998
191	14	2	85.01600000000005	125.156
191	15	2	85.52479338842977	165.68595041322322
191	16	2	124.69999999999996	5.000000000000002
191	17	2	124.89200000000002	45.06400000000003
191	18	2	125.03599999999999	84.83200000000001
191	19	2	125.13199999999999	124.59600000000003
191	20	2	125.25714285714291	165.51428571428562
191	21	2	165.03599999999994	5.088
191	22	2	164.97999999999996	45.10399999999999
191	23	2	164.87999999999994	85.09200000000003
191	24	2	164.99999999999994	124.99999999999997
191	25	2	164.90400000000002	164.86799999999994
191	26	1	20.297405189620736	119.48303393213577
191	27	1	65.33000000000001	182.58399999999995
191	28	1	111.79441117764473	157.30738522954093
191	29	1	22.56087824351296	103.0698602794411
191	30	1	27.534000000000006	77.82000000000002
191	31	1	44.245999999999974	69.52000000000004
191	32	1	141.51199999999992	53.74800000000004
191	33	1	80.89221556886227	153.71257485029935
191	34	1	91.29681274900389	185.3306772908369
191	35	1	179.94610778443126	165.6966067864272
191	36	1	139.13999999999996	149.33800000000002
191	37	1	84.49400000000006	94.95999999999998
191	38	1	146.05776892430288	6.013944223107575
191	39	1	146.17564870259477	175.520958083832
191	40	1	153.84830339321377	154.3932135728544
191	41	1	99.55800000000002	160.47199999999995
191	42	1	75.71800000000006	19.72599999999999
191	43	1	64.88400000000001	89.83199999999997
191	44	1	193.006	89.83800000000004
191	45	1	112.63	134.958
192	1	2	4.959999999999995	4.979999999999998
192	2	2	4.944	45.03600000000001
192	3	2	4.877049180327865	84.87704918032787
192	4	2	4.877049180327865	125.1229508196721
192	5	2	5.036000000000001	164.9400000000001
192	6	2	45.027999999999984	4.912000000000001
192	7	2	45.00000000000003	45.00000000000002
192	8	2	45.132	85.40399999999994
192	9	2	45.00000000000003	124.99999999999997
192	10	2	45.012	165.10399999999987
192	11	2	84.87704918032783	5.1229508196721305
192	12	2	85.01200000000003	45.040000000000006
192	13	2	84.952	84.93999999999998
192	14	2	85.01600000000005	125.156
192	15	2	85.52479338842977	165.68595041322322
192	16	2	124.69999999999996	5.000000000000002
192	17	2	124.89200000000002	45.06400000000003
192	18	2	125.03599999999999	84.83200000000001
192	19	2	125.13199999999999	124.59600000000003
192	20	2	125.25714285714291	165.51428571428562
192	21	2	165.03599999999994	5.088
192	22	2	164.97999999999996	45.10399999999999
192	23	2	164.87999999999994	85.09200000000003
192	24	2	164.99999999999994	124.99999999999997
192	25	2	164.90400000000002	164.86799999999994
192	26	1	20.265469061876257	119.42315369261473
192	27	1	65.249500998004	182.70459081836324
192	28	1	111.91616766467064	157.0119760479043
192	29	1	22.60878243512975	103.07784431137725
192	30	1	27.575697211155394	77.80478087649394
192	31	1	44.432865731462925	69.58316633266533
192	32	1	141.6680000000001	53.76600000000001
192	33	1	80.8962075848303	153.76247504990013
192	34	1	91.29482071713159	185.21115537848598
192	35	1	179.95009980039907	165.7265469061875
192	36	1	139.24151696606782	149.27345309381238
192	37	1	84.18163672654688	94.95009980039914
192	38	1	146.08999999999997	5.836000000000003
192	39	1	146.12399999999997	175.51799999999966
192	40	1	153.854	154.40799999999987
192	41	1	99.66135458167335	160.27091633466145
192	42	1	75.83233532934133	19.740518962075843
192	43	1	64.67729083665338	89.74501992031867
192	44	1	193.01996007984033	89.7145708582834
192	45	1	112.69660678642715	134.85429141716563
193	1	2	4.959999999999995	4.979999999999998
193	2	2	4.944	45.03600000000001
193	3	2	4.877049180327865	84.87704918032787
193	4	2	4.877049180327865	125.1229508196721
193	5	2	5.036000000000001	164.9400000000001
193	6	2	45.027999999999984	4.912000000000001
193	7	2	45.00000000000003	45.00000000000002
193	8	2	45.132	85.40399999999994
193	9	2	45.00000000000003	124.99999999999997
193	10	2	45.012	165.10399999999987
193	11	2	84.87704918032783	5.1229508196721305
193	12	2	85.01200000000003	45.040000000000006
193	13	2	84.952	84.93999999999998
193	14	2	85.01600000000005	125.156
193	15	2	85.52479338842977	165.68595041322322
193	16	2	124.69999999999996	5.000000000000002
193	17	2	124.89200000000002	45.06400000000003
193	18	2	125.03599999999999	84.83200000000001
193	19	2	125.13199999999999	124.59600000000003
193	20	2	125.25714285714291	165.51428571428562
193	21	2	165.03599999999994	5.088
193	22	2	164.97999999999996	45.10399999999999
193	23	2	164.87999999999994	85.09200000000003
193	24	2	164.99999999999994	124.99999999999997
193	25	2	164.90400000000002	164.86799999999994
193	26	1	20.287425149700603	119.44510978043913
193	27	1	65.21357285429143	182.65469061876257
193	28	1	111.96007984031945	156.65069860279442
193	29	1	22.72310756972113	103.15936254980079
193	30	1	27.587999999999983	77.74600000000005
193	31	1	44.55089820359284	69.57884231536933
193	32	1	141.738522954092	53.70059880239516
193	33	1	80.97804391217566	153.74451097804388
193	34	1	91.33864541832656	185.0637450199202
193	35	1	179.9241516966068	165.73453093812378
193	36	1	139.2714570858283	149.2175648702596
193	37	1	83.97405189620757	95.01596806387225
193	38	1	146.10599999999994	5.732000000000004
193	39	1	146.11377245508984	175.50099800399215
193	40	1	153.87374749498997	154.37474949899817
193	41	1	99.73399999999994	160.17999999999995
193	42	1	75.93200000000004	19.715999999999983
193	43	1	64.6007984031936	89.7065868263473
193	44	1	193.0798403193613	89.66666666666671
193	45	1	112.71457085828337	134.76447105788455
194	1	2	4.959999999999995	4.979999999999998
194	2	2	4.944	45.03600000000001
194	3	2	4.877049180327865	84.87704918032787
194	4	2	4.877049180327865	125.1229508196721
194	5	2	5.036000000000001	164.9400000000001
194	6	2	45.027999999999984	4.912000000000001
194	7	2	45.00000000000003	45.00000000000002
194	8	2	45.132	85.40399999999994
194	9	2	45.00000000000003	124.99999999999997
194	10	2	45.012	165.10399999999987
194	11	2	84.87704918032783	5.1229508196721305
194	12	2	85.01200000000003	45.040000000000006
194	13	2	84.952	84.93999999999998
194	14	2	85.01600000000005	125.156
194	15	2	85.52479338842977	165.68595041322322
194	16	2	124.69999999999996	5.000000000000002
194	17	2	124.89200000000002	45.06400000000003
194	18	2	125.03599999999999	84.83200000000001
194	19	2	125.13199999999999	124.59600000000003
194	20	2	125.25714285714291	165.51428571428562
194	21	2	165.03599999999994	5.088
194	22	2	164.97999999999996	45.10399999999999
194	23	2	164.87999999999994	85.09200000000003
194	24	2	164.99999999999994	124.99999999999997
194	25	2	164.90400000000002	164.86799999999994
194	26	1	20.281999999999986	119.37600000000003
194	27	1	65.02594810379243	182.57884231536943
194	28	1	112.15169660678654	156.1257485029939
194	29	1	22.838645418326685	103.1932270916335
194	30	1	27.59281437125747	77.77644710578845
194	31	1	44.59680638722558	69.66267465069856
194	32	1	141.84661354581667	53.56772908366532
194	33	1	80.96007984031927	153.83832335329342
194	34	1	91.28230616302193	184.91650099403594
194	35	1	179.93399999999983	165.80000000000015
194	36	1	139.43113772455087	149.17165668662676
194	37	1	83.78486055776891	94.97808764940247
194	38	1	146.0858283433134	5.6007984031936155
194	39	1	146.11377245508984	175.50099800399215
194	40	1	153.94400000000002	154.29600000000022
194	41	1	99.81636726546907	160.23752495009975
194	42	1	76.05599999999997	19.835999999999995
194	43	1	64.4243027888446	89.63346613545816
194	44	1	193.14970059880238	89.67065868263472
194	45	1	112.7784431137725	134.72654690618776
195	1	2	4.959999999999995	4.979999999999998
195	2	2	4.944	45.03600000000001
195	3	2	4.877049180327865	84.87704918032787
195	4	2	4.877049180327865	125.1229508196721
195	5	2	5.036000000000001	164.9400000000001
195	6	2	45.027999999999984	4.912000000000001
195	7	2	45.00000000000003	45.00000000000002
195	8	2	45.132	85.40399999999994
195	9	2	45.00000000000003	124.99999999999997
195	10	2	45.012	165.10399999999987
195	11	2	84.87704918032783	5.1229508196721305
195	12	2	85.01200000000003	45.040000000000006
195	13	2	84.952	84.93999999999998
195	14	2	85.01600000000005	125.156
195	15	2	85.52479338842977	165.68595041322322
195	16	2	124.69999999999996	5.000000000000002
195	17	2	124.89200000000002	45.06400000000003
195	18	2	125.03599999999999	84.83200000000001
195	19	2	125.13199999999999	124.59600000000003
195	20	2	125.25714285714291	165.51428571428562
195	21	2	165.03599999999994	5.088
195	22	2	164.97999999999996	45.10399999999999
195	23	2	164.87999999999994	85.09200000000003
195	24	2	164.99999999999994	124.99999999999997
195	25	2	164.90400000000002	164.86799999999994
195	26	1	20.319361277445115	119.34730538922155
195	27	1	64.94599999999997	182.54399999999995
195	28	1	112.22709163346622	155.90438247011957
195	29	1	22.934131736526943	103.15768463073857
195	30	1	27.643999999999977	77.72400000000007
195	31	1	44.737051792828716	69.691235059761
195	32	1	141.90419161676655	53.64670658682636
195	33	1	80.9402390438247	153.9402390438246
195	34	1	91.38247011952191	184.8266932270918
195	35	1	179.90019960079857	165.67465069860282
195	36	1	139.50199203187253	149.05776892430274
195	37	1	83.67599999999997	94.9520000000001
195	38	1	146.17399999999986	5.615999999999995
195	39	1	146.09381237524937	175.46906187624748
195	40	1	153.9719999999999	154.23800000000003
195	41	1	99.8170974155069	160.20079522862844
195	42	1	76.20318725099597	19.816733067729068
195	43	1	64.356	89.69599999999993
195	44	1	193.14570858283435	89.6287425149701
195	45	1	112.86227544910174	134.64471057884228
196	1	2	4.959999999999995	4.979999999999998
196	2	2	4.944	45.03600000000001
196	3	2	4.877049180327865	84.87704918032787
196	4	2	4.877049180327865	125.1229508196721
196	5	2	5.036000000000001	164.9400000000001
196	6	2	45.027999999999984	4.912000000000001
196	7	2	45.00000000000003	45.00000000000002
196	8	2	45.132	85.40399999999994
196	9	2	45.00000000000003	124.99999999999997
196	10	2	45.012	165.10399999999987
196	11	2	84.87704918032783	5.1229508196721305
196	12	2	85.01200000000003	45.040000000000006
196	13	2	84.952	84.93999999999998
196	14	2	85.01600000000005	125.156
196	15	2	85.52479338842977	165.68595041322322
196	16	2	124.69999999999996	5.000000000000002
196	17	2	124.89200000000002	45.06400000000003
196	18	2	125.03599999999999	84.83200000000001
196	19	2	125.13199999999999	124.59600000000003
196	20	2	125.25714285714291	165.51428571428562
196	21	2	165.03599999999994	5.088
196	22	2	164.97999999999996	45.10399999999999
196	23	2	164.87999999999994	85.09200000000003
196	24	2	164.99999999999994	124.99999999999997
196	25	2	164.90400000000002	164.86799999999994
196	26	1	20.26294820717131	119.21713147410352
196	27	1	64.91816367265467	182.51696606786427
196	28	1	112.33400000000002	155.40800000000004
196	29	1	23.005988023952092	103.15568862275454
196	30	1	27.617529880478106	77.50398406374505
196	31	1	44.8924302788844	69.63545816733073
196	32	1	141.8665338645418	53.643426294820664
196	33	1	81.04980079681276	154.0398406374501
196	34	1	91.42199999999997	184.73400000000024
196	35	1	179.90219560878236	165.64870259481037
196	36	1	139.59200000000004	148.9419999999996
196	37	1	83.55489021956085	94.95209580838319
196	38	1	146.24103585657363	5.376494023904388
196	39	1	146.06187624750484	175.39520958083847
196	40	1	154.04599999999996	154.13799999999998
196	41	1	99.93413173652694	160.2335329341317
196	42	1	76.34930139720562	19.78443113772457
196	43	1	64.30399999999997	89.77599999999997
196	44	1	193.07385229540918	89.52495009980042
196	45	1	112.94200000000001	134.64200000000014
197	1	2	4.959999999999995	4.979999999999998
197	2	2	4.944	45.03600000000001
197	3	2	4.877049180327865	84.87704918032787
197	4	2	4.877049180327865	125.1229508196721
197	5	2	5.036000000000001	164.9400000000001
197	6	2	45.027999999999984	4.912000000000001
197	7	2	45.00000000000003	45.00000000000002
197	8	2	45.132	85.40399999999994
197	9	2	45.00000000000003	124.99999999999997
197	10	2	45.012	165.10399999999987
197	11	2	84.87704918032783	5.1229508196721305
197	12	2	85.01200000000003	45.040000000000006
197	13	2	84.952	84.93999999999998
197	14	2	85.01600000000005	125.156
197	15	2	85.52479338842977	165.68595041322322
197	16	2	124.69999999999996	5.000000000000002
197	17	2	124.89200000000002	45.06400000000003
197	18	2	125.03599999999999	84.83200000000001
197	19	2	125.13199999999999	124.59600000000003
197	20	2	125.25714285714291	165.51428571428562
197	21	2	165.03599999999994	5.088
197	22	2	164.97999999999996	45.10399999999999
197	23	2	164.87999999999994	85.09200000000003
197	24	2	164.99999999999994	124.99999999999997
197	25	2	164.90400000000002	164.86799999999994
197	26	1	20.257485029940135	119.17365269461077
197	27	1	64.90419161676641	182.4650698602795
197	28	1	112.37800000000007	155.2439999999998
197	29	1	23.10557768924303	103.18326693227098
197	30	1	27.61354581673308	77.54382470119522
197	31	1	45.09780439121759	69.69461077844312
197	32	1	142.09381237524946	53.608782435129775
197	33	1	81.01200000000001	154.18599999999995
197	34	1	91.4790419161676	184.58083832335322
197	35	1	180.008	165.73000000000002
197	36	1	139.73253493013956	148.8882235528941
197	37	1	83.42514970059882	94.96007984031937
197	38	1	146.27999999999997	5.3579999999999925
197	39	1	146.06187624750484	175.39520958083847
197	40	1	154.12375249501002	154.11976047904196
197	41	1	99.97405189620761	160.15968063872273
197	42	1	76.3692614770459	19.702594810379267
197	43	1	64.28599999999996	89.95999999999998
197	44	1	193.0558882235529	89.42914171656686
197	45	1	112.98602794411174	134.6686626746508
198	1	2	4.959999999999995	4.979999999999998
198	2	2	4.944	45.03600000000001
198	3	2	4.877049180327865	84.87704918032787
198	4	2	4.877049180327865	125.1229508196721
198	5	2	5.036000000000001	164.9400000000001
198	6	2	45.027999999999984	4.912000000000001
198	7	2	45.00000000000003	45.00000000000002
198	8	2	45.132	85.40399999999994
198	9	2	45.00000000000003	124.99999999999997
198	10	2	45.012	165.10399999999987
198	11	2	84.87704918032783	5.1229508196721305
198	12	2	85.01200000000003	45.040000000000006
198	13	2	84.952	84.93999999999998
198	14	2	85.01600000000005	125.156
198	15	2	85.52479338842977	165.68595041322322
198	16	2	124.69999999999996	5.000000000000002
198	17	2	124.89200000000002	45.06400000000003
198	18	2	125.03599999999999	84.83200000000001
198	19	2	125.13199999999999	124.59600000000003
198	20	2	125.25714285714291	165.51428571428562
198	21	2	165.03599999999994	5.088
198	22	2	164.97999999999996	45.10399999999999
198	23	2	164.87999999999994	85.09200000000003
198	24	2	164.99999999999994	124.99999999999997
198	25	2	164.90400000000002	164.86799999999994
198	26	1	20.221556886227535	119.1736526946108
198	27	1	64.76953907815626	182.47895791583184
198	28	1	112.49799999999995	154.97000000000006
198	29	1	23.11377245508983	103.2375249500999
198	30	1	27.631474103585667	77.59760956175302
198	31	1	45.1616766467066	69.77844311377247
198	32	1	142.17729083665319	53.55776892430281
198	33	1	80.94422310756975	154.28685258964146
198	34	1	91.41716566866263	184.43113772455095
198	35	1	179.96800000000025	165.65
198	36	1	139.74850299401197	148.89021956087842
198	37	1	83.34131736526948	94.94211576846314
198	38	1	146.29199999999986	5.239999999999997
198	39	1	146.06999999999985	175.40600000000006
198	40	1	154.1175298804781	154.14940239043824
198	41	1	100.01996007984043	160.06786427145707
198	42	1	76.37325349301393	19.688622754491
198	43	1	64.18363273453095	90.01796407185623
198	44	1	193.00400000000002	89.30399999999997
198	45	1	113.09800000000006	134.66399999999982
199	1	2	4.959999999999995	4.979999999999998
199	2	2	4.944	45.03600000000001
199	3	2	4.877049180327865	84.87704918032787
199	4	2	4.877049180327865	125.1229508196721
199	5	2	5.036000000000001	164.9400000000001
199	6	2	45.027999999999984	4.912000000000001
199	7	2	45.00000000000003	45.00000000000002
199	8	2	45.132	85.40399999999994
199	9	2	45.00000000000003	124.99999999999997
199	10	2	45.012	165.10399999999987
199	11	2	84.87704918032783	5.1229508196721305
199	12	2	85.01200000000003	45.040000000000006
199	13	2	84.952	84.93999999999998
199	14	2	85.01600000000005	125.156
199	15	2	85.52479338842977	165.68595041322322
199	16	2	124.69999999999996	5.000000000000002
199	17	2	124.89200000000002	45.06400000000003
199	18	2	125.03599999999999	84.83200000000001
199	19	2	125.13199999999999	124.59600000000003
199	20	2	125.25714285714291	165.51428571428562
199	21	2	165.03599999999994	5.088
199	22	2	164.97999999999996	45.10399999999999
199	23	2	164.87999999999994	85.09200000000003
199	24	2	164.99999999999994	124.99999999999997
199	25	2	164.90400000000002	164.86799999999994
199	26	1	20.19161676646707	119.11776447105787
199	27	1	64.70599999999999	182.4779999999999
199	28	1	112.56487025948103	154.61676646706556
199	29	1	23.107999999999976	103.23000000000005
199	30	1	27.693386773547083	77.64328657314628
199	31	1	45.25349301397203	69.73053892215569
199	32	1	142.4479999999999	53.574
199	33	1	80.87400000000001	154.4299999999999
199	34	1	91.499001996008	184.3253493013969
199	35	1	179.9460000000002	165.69199999999987
199	36	1	139.8922155688622	148.94610778443104
199	37	1	83.1916167664671	94.94610778443109
199	38	1	146.29000000000002	5.175999999999994
199	39	1	146.06999999999985	175.40600000000006
199	40	1	154.19361277445117	154.0459081836326
199	41	1	100.08399999999992	160.05200000000005
199	42	1	76.56886227544925	19.78043912175651
199	43	1	64.11976047904193	89.98802395209582
199	44	1	192.98602794411178	89.17165668662672
199	45	1	113.20318725099604	134.69123505976103
200	1	2	4.959999999999995	4.979999999999998
200	2	2	4.944	45.03600000000001
200	3	2	4.877049180327865	84.87704918032787
200	4	2	4.877049180327865	125.1229508196721
200	5	2	5.036000000000001	164.9400000000001
200	6	2	45.027999999999984	4.912000000000001
200	7	2	45.00000000000003	45.00000000000002
200	8	2	45.132	85.40399999999994
200	9	2	45.00000000000003	124.99999999999997
200	10	2	45.012	165.10399999999987
200	11	2	84.87704918032783	5.1229508196721305
200	12	2	85.01200000000003	45.040000000000006
200	13	2	84.952	84.93999999999998
200	14	2	85.01600000000005	125.156
200	15	2	85.52479338842977	165.68595041322322
200	16	2	124.69999999999996	5.000000000000002
200	17	2	124.89200000000002	45.06400000000003
200	18	2	125.03599999999999	84.83200000000001
200	19	2	125.13199999999999	124.59600000000003
200	20	2	125.25714285714291	165.51428571428562
200	21	2	165.03599999999994	5.088
200	22	2	164.97999999999996	45.10399999999999
200	23	2	164.87999999999994	85.09200000000003
200	24	2	164.99999999999994	124.99999999999997
200	25	2	164.90400000000002	164.86799999999994
200	26	1	20.115768463073852	119.07584830339326
200	27	1	64.76199999999997	182.40199999999996
200	28	1	112.66999999999999	154.23000000000005
200	29	1	23.26147704590815	103.35728542914168
200	30	1	27.757999999999996	77.69399999999995
200	31	1	45.379241516966054	69.72255489021963
200	32	1	142.67864271457086	53.56287425149699
200	33	1	80.87399999999992	154.50800000000007
200	34	1	91.57400000000013	184.2000000000001
200	35	1	180.03792415169661	165.72854291417173
200	36	1	139.98602794411178	148.92415169660663
200	37	1	83.04391217564879	94.91616766467067
200	38	1	146.373253493014	4.962075848303399
200	39	1	146.0739999999998	175.39000000000007
200	40	1	154.23999999999987	153.99799999999988
200	41	1	100.14200000000005	160.114
200	42	1	76.5888223552893	19.814371257485035
200	43	1	64.07399999999997	90.06200000000007
200	44	1	192.96606786427145	89.12574850299407
200	45	1	113.26600000000006	134.71799999999988
201	1	2	4.959999999999995	4.979999999999998
201	2	2	4.944	45.03600000000001
201	3	2	4.877049180327865	84.87704918032787
201	4	2	4.877049180327865	125.1229508196721
201	5	2	5.036000000000001	164.9400000000001
201	6	2	45.027999999999984	4.912000000000001
201	7	2	45.00000000000003	45.00000000000002
201	8	2	45.132	85.40399999999994
201	9	2	45.00000000000003	124.99999999999997
201	10	2	45.012	165.10399999999987
201	11	2	84.87704918032783	5.1229508196721305
201	12	2	85.01200000000003	45.040000000000006
201	13	2	84.952	84.93999999999998
201	14	2	85.01600000000005	125.156
201	15	2	85.52479338842977	165.68595041322322
201	16	2	124.69999999999996	5.000000000000002
201	17	2	124.89200000000002	45.06400000000003
201	18	2	125.03599999999999	84.83200000000001
201	19	2	125.13199999999999	124.59600000000003
201	20	2	125.25714285714291	165.51428571428562
201	21	2	165.03599999999994	5.088
201	22	2	164.97999999999996	45.10399999999999
201	23	2	164.87999999999994	85.09200000000003
201	24	2	164.99999999999994	124.99999999999997
201	25	2	164.90400000000002	164.86799999999994
201	26	1	20.072000000000006	118.986
201	27	1	64.810379241517	182.379241516966
201	28	1	112.78557114228451	153.84569138276538
201	29	1	23.36726546906188	103.46107784431139
201	30	1	27.71943887775552	77.62925851703409
201	31	1	45.35258964143428	69.75697211155375
201	32	1	142.97804391217554	53.49700598802391
201	33	1	80.86027944111771	154.5808383233535
201	34	1	91.8323353293413	184.0918163672653
201	35	1	180.05800000000013	165.74399999999991
201	36	1	140.08582834331335	148.73652694610763
201	37	1	82.89243027888452	94.93027888446218
201	38	1	146.44910179640715	4.876247504990017
201	39	1	146.06	175.3380000000001
201	40	1	154.2894211576847	153.98802395209577
201	41	1	100.17165668662676	160.16167664670678
201	42	1	76.54183266932272	19.70119521912349
201	43	1	64.0179640718563	90.12774451097799
201	44	1	193.01796407185628	89.14371257485037
201	45	1	113.29000000000006	134.702
202	1	2	4.959999999999995	4.979999999999998
202	2	2	4.944	45.03600000000001
202	3	2	4.877049180327865	84.87704918032787
202	4	2	4.877049180327865	125.1229508196721
202	5	2	5.036000000000001	164.9400000000001
202	6	2	45.027999999999984	4.912000000000001
202	7	2	45.00000000000003	45.00000000000002
202	8	2	45.132	85.40399999999994
202	9	2	45.00000000000003	124.99999999999997
202	10	2	45.012	165.10399999999987
202	11	2	84.87704918032783	5.1229508196721305
202	12	2	85.01200000000003	45.040000000000006
202	13	2	84.952	84.93999999999998
202	14	2	85.01600000000005	125.156
202	15	2	85.52479338842977	165.68595041322322
202	16	2	124.69999999999996	5.000000000000002
202	17	2	124.89200000000002	45.06400000000003
202	18	2	125.03599999999999	84.83200000000001
202	19	2	125.13199999999999	124.59600000000003
202	20	2	125.25714285714291	165.51428571428562
202	21	2	165.03599999999994	5.088
202	22	2	164.97999999999996	45.10399999999999
202	23	2	164.87999999999994	85.09200000000003
202	24	2	164.99999999999994	124.99999999999997
202	25	2	164.90400000000002	164.86799999999994
202	26	1	20.008000000000024	118.98000000000002
202	27	1	64.77045908183634	182.3453093812374
202	28	1	112.84569138276551	153.50501002003998
202	29	1	23.446215139442213	103.51792828685267
202	30	1	27.67800000000001	77.57599999999994
202	31	1	45.57085828343305	69.66467065868262
202	32	1	143.31872509960164	53.44820717131477
202	33	1	80.78243512974055	154.66866267465073
202	34	1	91.90219560878248	184.00399201596815
202	35	1	180.0939999999999	165.81599999999995
202	36	1	140.12350597609563	148.6952191235059
202	37	1	82.70517928286853	94.97808764940237
202	38	1	146.4051896207585	4.906187624750503
202	39	1	146.05189620758483	175.32135728542912
202	40	1	154.33000000000004	153.942
202	41	1	100.17764471057886	160.2275449101799
202	42	1	76.58882235528935	19.710578842315343
202	43	1	63.94411177644714	90.09580838323343
202	44	1	193.03386454183266	89.10358565737052
202	45	1	113.32464929859715	134.6693386773547
203	1	2	4.959999999999995	4.979999999999998
203	2	2	4.944	45.03600000000001
203	3	2	4.877049180327865	84.87704918032787
203	4	2	4.877049180327865	125.1229508196721
203	5	2	5.036000000000001	164.9400000000001
203	6	2	45.027999999999984	4.912000000000001
203	7	2	45.00000000000003	45.00000000000002
203	8	2	45.132	85.40399999999994
203	9	2	45.00000000000003	124.99999999999997
203	10	2	45.012	165.10399999999987
203	11	2	84.87704918032783	5.1229508196721305
203	12	2	85.01200000000003	45.040000000000006
203	13	2	84.952	84.93999999999998
203	14	2	85.01600000000005	125.156
203	15	2	85.52479338842977	165.68595041322322
203	16	2	124.69999999999996	5.000000000000002
203	17	2	124.89200000000002	45.06400000000003
203	18	2	125.03599999999999	84.83200000000001
203	19	2	125.13199999999999	124.59600000000003
203	20	2	125.25714285714291	165.51428571428562
203	21	2	165.03599999999994	5.088
203	22	2	164.97999999999996	45.10399999999999
203	23	2	164.87999999999994	85.09200000000003
203	24	2	164.99999999999994	124.99999999999997
203	25	2	164.90400000000002	164.86799999999994
203	26	1	19.988023952095805	118.97804391217564
203	27	1	64.632	182.37800000000004
203	28	1	112.954	153.24599999999984
203	29	1	23.49500998003992	103.59481037924147
203	30	1	27.628742514970067	77.57884231536946
203	31	1	45.51394422310755	69.7549800796813
203	32	1	143.5229540918164	53.42315369261482
203	33	1	80.77045908183634	154.78842315369266
203	34	1	91.87250996015938	183.86653386454182
203	35	1	180.1736526946107	165.80039920159672
203	36	1	140.19322709163367	148.58764940239024
203	37	1	82.59561752988049	94.96215139442234
203	38	1	146.38522954091792	4.884231536926148
203	39	1	146.00600000000009	175.31400000000002
203	40	1	154.3552894211576	153.94610778443115
203	41	1	100.26199999999994	160.21999999999994
203	42	1	76.64471057884228	19.70059880239521
203	43	1	63.84830339321357	90.10578842315375
203	44	1	193.06613226452905	89.01002004008012
203	45	1	113.31600000000006	134.62800000000007
204	1	2	4.959999999999995	4.979999999999998
204	2	2	4.944	45.03600000000001
204	3	2	4.877049180327865	84.87704918032787
204	4	2	4.877049180327865	125.1229508196721
204	5	2	5.036000000000001	164.9400000000001
204	6	2	45.027999999999984	4.912000000000001
204	7	2	45.00000000000003	45.00000000000002
204	8	2	45.132	85.40399999999994
204	9	2	45.00000000000003	124.99999999999997
204	10	2	45.012	165.10399999999987
204	11	2	84.87704918032783	5.1229508196721305
204	12	2	85.01200000000003	45.040000000000006
204	13	2	84.952	84.93999999999998
204	14	2	85.01600000000005	125.156
204	15	2	85.52479338842977	165.68595041322322
204	16	2	124.69999999999996	5.000000000000002
204	17	2	124.89200000000002	45.06400000000003
204	18	2	125.03599999999999	84.83200000000001
204	19	2	125.13199999999999	124.59600000000003
204	20	2	125.25714285714291	165.51428571428562
204	21	2	165.03599999999994	5.088
204	22	2	164.97999999999996	45.10399999999999
204	23	2	164.87999999999994	85.09200000000003
204	24	2	164.99999999999994	124.99999999999997
204	25	2	164.90400000000002	164.86799999999994
204	26	1	19.964071856287433	118.9800399201597
204	27	1	64.65399999999995	182.34599999999995
204	28	1	112.99401197604789	153.01596806387218
204	29	1	23.597609561752996	103.61952191235054
204	30	1	27.61676646706588	77.54091816367269
204	31	1	45.59561752988052	69.85258964143432
204	32	1	143.8027888446215	53.46613545816729
204	33	1	80.6966067864272	154.93612774451108
204	34	1	91.87824351297418	183.80638722554914
204	35	1	180.2075848303391	165.8702594810379
204	36	1	140.23000000000008	148.46800000000005
204	37	1	82.55289421157681	94.96207584830343
204	38	1	146.41317365269458	4.772455089820353
204	39	1	145.91832669322702	175.2709163346611
204	40	1	154.40518962075856	153.97804391217562
204	41	1	100.29800000000004	160.30200000000016
204	42	1	76.69461077844309	19.782435129740524
204	43	1	63.829999999999984	90.07400000000008
204	44	1	193.11976047904193	89.08982035928135
204	45	1	113.38522954091826	134.62275449101801
205	1	2	4.959999999999995	4.979999999999998
205	2	2	4.944	45.03600000000001
205	3	2	4.877049180327865	84.87704918032787
205	4	2	4.877049180327865	125.1229508196721
205	5	2	5.036000000000001	164.9400000000001
205	6	2	45.027999999999984	4.912000000000001
205	7	2	45.00000000000003	45.00000000000002
205	8	2	45.132	85.40399999999994
205	9	2	45.00000000000003	124.99999999999997
205	10	2	45.012	165.10399999999987
205	11	2	84.87704918032783	5.1229508196721305
205	12	2	85.01200000000003	45.040000000000006
205	13	2	84.952	84.93999999999998
205	14	2	85.01600000000005	125.156
205	15	2	85.52479338842977	165.68595041322322
205	16	2	124.69999999999996	5.000000000000002
205	17	2	124.89200000000002	45.06400000000003
205	18	2	125.03599999999999	84.83200000000001
205	19	2	125.13199999999999	124.59600000000003
205	20	2	125.25714285714291	165.51428571428562
205	21	2	165.03599999999994	5.088
205	22	2	164.97999999999996	45.10399999999999
205	23	2	164.87999999999994	85.09200000000003
205	24	2	164.99999999999994	124.99999999999997
205	25	2	164.90400000000002	164.86799999999994
205	26	1	19.948103792415193	118.98802395209584
205	27	1	64.63273453093814	182.31936127744507
205	28	1	113.10379241516969	152.90419161676655
205	29	1	23.77290836653385	103.68127490039846
205	30	1	27.588000000000008	77.51599999999999
205	31	1	45.686626746506974	69.85029940119763
205	32	1	144.0318725099602	53.35258964143428
205	33	1	80.78685258964144	154.88844621513934
205	34	1	91.88844621513944	183.70517928286867
205	35	1	180.25748502994009	165.94411177644707
205	36	1	140.2355289421158	148.309381237525
205	37	1	82.30139720558876	94.9580838323354
205	38	1	146.4930139720559	4.68263473053892
205	39	1	145.8519999999998	175.22199999999998
205	40	1	154.3772455089823	154.01596806387232
205	41	1	100.34599999999998	160.3240000000001
205	42	1	76.69200000000005	19.693999999999996
205	43	1	63.73453093812376	90.06187624750496
205	44	1	193.20159680638722	89.07584830339322
205	45	1	113.38600000000012	134.6180000000001
206	1	2	4.959999999999995	4.979999999999998
206	2	2	4.944	45.03600000000001
206	3	2	4.877049180327865	84.87704918032787
206	4	2	4.877049180327865	125.1229508196721
206	5	2	5.036000000000001	164.9400000000001
206	6	2	45.027999999999984	4.912000000000001
206	7	2	45.00000000000003	45.00000000000002
206	8	2	45.132	85.40399999999994
206	9	2	45.00000000000003	124.99999999999997
206	10	2	45.012	165.10399999999987
206	11	2	84.87704918032783	5.1229508196721305
206	12	2	85.01200000000003	45.040000000000006
206	13	2	84.952	84.93999999999998
206	14	2	85.01600000000005	125.156
206	15	2	85.52479338842977	165.68595041322322
206	16	2	124.69999999999996	5.000000000000002
206	17	2	124.89200000000002	45.06400000000003
206	18	2	125.03599999999999	84.83200000000001
206	19	2	125.13199999999999	124.59600000000003
206	20	2	125.25714285714291	165.51428571428562
206	21	2	165.03599999999994	5.088
206	22	2	164.97999999999996	45.10399999999999
206	23	2	164.87999999999994	85.09200000000003
206	24	2	164.99999999999994	124.99999999999997
206	25	2	164.90400000000002	164.86799999999994
206	26	1	19.96999999999999	118.99999999999999
206	27	1	64.67000000000003	182.30600000000004
206	28	1	113.15568862275454	152.74451097804382
206	29	1	23.85599999999999	103.77800000000003
206	30	1	27.676000000000023	77.5760000000001
206	31	1	45.75896414342629	69.90438247011956
206	32	1	144.3120000000002	53.352000000000004
206	33	1	80.75848303393215	154.9940119760481
206	34	1	91.82834331337322	183.61477045908197
206	35	1	180.29341317365268	166.0099800399203
206	36	1	140.255489021956	148.21157684630728
206	37	1	82.21556886227546	94.9620758483034
206	38	1	146.4790419161677	4.554890219560891
206	39	1	145.8739999999999	175.19400000000007
206	40	1	154.44621513944224	153.9721115537848
206	41	1	100.41716566866265	160.23752495009984
206	42	1	76.91400000000012	19.733999999999988
206	43	1	63.742514970059894	90.14570858283435
206	44	1	193.26147704590818	89.18962075848306
206	45	1	113.3273453093813	134.6447105788422
207	1	2	4.959999999999995	4.979999999999998
207	2	2	4.944	45.03600000000001
207	3	2	4.877049180327865	84.87704918032787
207	4	2	4.877049180327865	125.1229508196721
207	5	2	5.036000000000001	164.9400000000001
207	6	2	45.027999999999984	4.912000000000001
207	7	2	45.00000000000003	45.00000000000002
207	8	2	45.132	85.40399999999994
207	9	2	45.00000000000003	124.99999999999997
207	10	2	45.012	165.10399999999987
207	11	2	84.87704918032783	5.1229508196721305
207	12	2	85.01200000000003	45.040000000000006
207	13	2	84.952	84.93999999999998
207	14	2	85.01600000000005	125.156
207	15	2	85.52479338842977	165.68595041322322
207	16	2	124.69999999999996	5.000000000000002
207	17	2	124.89200000000002	45.06400000000003
207	18	2	125.03599999999999	84.83200000000001
207	19	2	125.13199999999999	124.59600000000003
207	20	2	125.25714285714291	165.51428571428562
207	21	2	165.03599999999994	5.088
207	22	2	164.97999999999996	45.10399999999999
207	23	2	164.87999999999994	85.09200000000003
207	24	2	164.99999999999994	124.99999999999997
207	25	2	164.90400000000002	164.86799999999994
207	26	1	19.954091816367264	119.02195608782435
207	27	1	64.59200000000001	182.3060000000001
207	28	1	113.14770459081834	152.6546906187626
207	29	1	23.944111776447116	103.75648702594815
207	30	1	27.673999999999996	77.61400000000005
207	31	1	45.82669322709163	69.8525896414343
207	32	1	144.65200000000016	53.39599999999997
207	33	1	80.69461077844316	155.07984031936118
207	34	1	91.71399999999998	183.53399999999993
207	35	1	180.34131736526936	166.1137724550898
207	36	1	140.2954091816367	148.187624750499
207	37	1	82.07370517928295	94.99402390438246
207	38	1	146.43712574850318	4.393213572854304
207	39	1	145.82000000000008	175.176
207	40	1	154.4900000000002	153.97400000000007
207	41	1	100.45309381237524	160.1277445109781
207	42	1	77.04990019960074	19.78842315369262
207	43	1	63.62674650698602	89.98802395209577
207	44	1	193.294	89.16799999999998
207	45	1	113.49101796407184	134.68662674650707
208	1	2	4.959999999999995	4.979999999999998
208	2	2	4.944	45.03600000000001
208	3	2	4.877049180327865	84.87704918032787
208	4	2	4.877049180327865	125.1229508196721
208	5	2	5.036000000000001	164.9400000000001
208	6	2	45.027999999999984	4.912000000000001
208	7	2	45.00000000000003	45.00000000000002
208	8	2	45.132	85.40399999999994
208	9	2	45.00000000000003	124.99999999999997
208	10	2	45.012	165.10399999999987
208	11	2	84.87704918032783	5.1229508196721305
208	12	2	85.01200000000003	45.040000000000006
208	13	2	84.952	84.93999999999998
208	14	2	85.01600000000005	125.156
208	15	2	85.52479338842977	165.68595041322322
208	16	2	124.69999999999996	5.000000000000002
208	17	2	124.89200000000002	45.06400000000003
208	18	2	125.03599999999999	84.83200000000001
208	19	2	125.13199999999999	124.59600000000003
208	20	2	125.25714285714291	165.51428571428562
208	21	2	165.03599999999994	5.088
208	22	2	164.97999999999996	45.10399999999999
208	23	2	164.87999999999994	85.09200000000003
208	24	2	164.99999999999994	124.99999999999997
208	25	2	164.90400000000002	164.86799999999994
208	26	1	19.91217564870259	119.05788423153683
208	27	1	64.56886227544913	182.27944111776443
208	28	1	113.18924302788842	152.4980079681275
208	29	1	24.057884231536928	103.77844311377243
208	30	1	27.746000000000016	77.55999999999997
208	31	1	46.0099601593626	69.78685258964143
208	32	1	144.91217564870274	53.343313373253494
208	33	1	80.61600000000004	155.15599999999998
208	34	1	91.74701195219123	183.3745019920317
208	35	1	180.39121756487032	166.24351297405184
208	36	1	140.33800000000014	148.14199999999988
208	37	1	81.85059760956173	95.05976095617527
208	38	1	146.47200000000004	4.278000000000002
208	39	1	145.82000000000008	175.176
208	40	1	154.5049900199601	153.95209580838338
208	41	1	100.54709418837678	160.0100200400802
208	42	1	77.243512974052	19.890219560878236
208	43	1	63.56199999999998	90.10400000000008
208	44	1	193.2994011976048	89.14171656686628
208	45	1	113.54509018036075	134.68336673346695
209	1	2	4.959999999999995	4.979999999999998
209	2	2	4.944	45.03600000000001
209	3	2	4.877049180327865	84.87704918032787
209	4	2	4.877049180327865	125.1229508196721
209	5	2	5.036000000000001	164.9400000000001
209	6	2	45.027999999999984	4.912000000000001
209	7	2	45.00000000000003	45.00000000000002
209	8	2	45.132	85.40399999999994
209	9	2	45.00000000000003	124.99999999999997
209	10	2	45.012	165.10399999999987
209	11	2	84.87704918032783	5.1229508196721305
209	12	2	85.01200000000003	45.040000000000006
209	13	2	84.952	84.93999999999998
209	14	2	85.01600000000005	125.156
209	15	2	85.52479338842977	165.68595041322322
209	16	2	124.69999999999996	5.000000000000002
209	17	2	124.89200000000002	45.06400000000003
209	18	2	125.03599999999999	84.83200000000001
209	19	2	125.13199999999999	124.59600000000003
209	20	2	125.25714285714291	165.51428571428562
209	21	2	165.03599999999994	5.088
209	22	2	164.97999999999996	45.10399999999999
209	23	2	164.87999999999994	85.09200000000003
209	24	2	164.99999999999994	124.99999999999997
209	25	2	164.90400000000002	164.86799999999994
209	26	1	19.97205588822356	119.11177644710575
209	27	1	64.45309381237522	182.30938123752503
209	28	1	113.20159680638724	152.3632734530939
209	29	1	24.19760479041916	103.78043912175646
209	30	1	27.80399999999999	77.43199999999992
209	31	1	46.097804391217565	69.76047904191616
209	32	1	145.42514970059887	53.28343313373258
209	33	1	80.59880239520949	155.2255489021956
209	34	1	91.64471057884235	183.31337325349307
209	35	1	180.3992015968062	166.32534930139732
209	36	1	140.30478087649414	148.0039840637449
209	37	1	81.82235528942115	95.08183632734533
209	38	1	146.4829659318636	4.186372745490983
209	39	1	145.75648702594802	175.21157684630734
209	40	1	154.49900199600796	153.96007984031957
209	41	1	100.59680638722551	160.0059880239521
209	42	1	77.13772455089817	19.980039920159697
209	43	1	63.52199999999999	90.022
209	44	1	193.36599999999999	89.08199999999992
209	45	1	113.64200000000001	134.7199999999999
210	1	2	4.959999999999995	4.979999999999998
210	2	2	4.944	45.03600000000001
210	3	2	4.877049180327865	84.87704918032787
210	4	2	4.877049180327865	125.1229508196721
210	5	2	5.036000000000001	164.9400000000001
210	6	2	45.027999999999984	4.912000000000001
210	7	2	45.00000000000003	45.00000000000002
210	8	2	45.132	85.40399999999994
210	9	2	45.00000000000003	124.99999999999997
210	10	2	45.012	165.10399999999987
210	11	2	84.87704918032783	5.1229508196721305
210	12	2	85.01200000000003	45.040000000000006
210	13	2	84.952	84.93999999999998
210	14	2	85.01600000000005	125.156
210	15	2	85.52479338842977	165.68595041322322
210	16	2	124.69999999999996	5.000000000000002
210	17	2	124.89200000000002	45.06400000000003
210	18	2	125.03599999999999	84.83200000000001
210	19	2	125.13199999999999	124.59600000000003
210	20	2	125.25714285714291	165.51428571428562
210	21	2	165.03599999999994	5.088
210	22	2	164.97999999999996	45.10399999999999
210	23	2	164.87999999999994	85.09200000000003
210	24	2	164.99999999999994	124.99999999999997
210	25	2	164.90400000000002	164.86799999999994
210	26	1	20.076000000000032	119.21600000000004
210	27	1	64.36726546906189	182.3333333333334
210	28	1	113.22754491017959	152.10778443113776
210	29	1	24.229540918163693	103.78043912175647
210	30	1	27.81799999999999	77.39799999999997
210	31	1	46.09362549800795	69.72111553784873
210	32	1	145.78243512974032	53.40319361277451
210	33	1	80.5848303393214	155.28343313373256
210	34	1	91.71200000000002	183.2159999999999
210	35	1	180.40799999999976	166.3859999999999
210	36	1	140.34530938123766	148.00998003992024
210	37	1	81.70717131474107	95.1294820717131
210	38	1	146.50898203592814	4.145708582834338
210	39	1	145.75648702594802	175.21157684630734
210	40	1	154.49900199600796	153.96007984031957
210	41	1	100.63944223107566	159.97609561752995
210	42	1	77.18363273453092	20.059880239520957
210	43	1	63.493013972055934	89.95209580838325
210	44	1	193.4251497005988	89.07385229540927
210	45	1	113.72344689378757	134.67535070140283
211	1	2	4.959999999999995	4.979999999999998
211	2	2	4.944	45.03600000000001
211	3	2	4.877049180327865	84.87704918032787
211	4	2	4.877049180327865	125.1229508196721
211	5	2	5.036000000000001	164.9400000000001
211	6	2	45.027999999999984	4.912000000000001
211	7	2	45.00000000000003	45.00000000000002
211	8	2	45.132	85.40399999999994
211	9	2	45.00000000000003	124.99999999999997
211	10	2	45.012	165.10399999999987
211	11	2	84.87704918032783	5.1229508196721305
211	12	2	85.01200000000003	45.040000000000006
211	13	2	84.952	84.93999999999998
211	14	2	85.01600000000005	125.156
211	15	2	85.52479338842977	165.68595041322322
211	16	2	124.69999999999996	5.000000000000002
211	17	2	124.89200000000002	45.06400000000003
211	18	2	125.03599999999999	84.83200000000001
211	19	2	125.13199999999999	124.59600000000003
211	20	2	125.25714285714291	165.51428571428562
211	21	2	165.03599999999994	5.088
211	22	2	164.97999999999996	45.10399999999999
211	23	2	164.87999999999994	85.09200000000003
211	24	2	164.99999999999994	124.99999999999997
211	25	2	164.90400000000002	164.86799999999994
211	26	1	20.143999999999995	119.33799999999991
211	27	1	64.34930139720564	182.1197604790421
211	28	1	113.31199999999998	151.91999999999976
211	29	1	24.26892430278884	103.7629482071713
211	30	1	27.838323353293415	77.29540918163669
211	31	1	46.28742514970056	69.6586826347306
211	32	1	145.95209580838335	53.38323353293419
211	33	1	80.53293413173651	155.44111776447104
211	34	1	91.85258964143424	183.0856573705178
211	35	1	180.5900000000001	166.5199999999998
211	36	1	140.35728542914157	147.938123752495
211	37	1	81.59081836327351	95.19960079840313
211	38	1	146.56772908366523	4.047808764940243
211	39	1	145.7589641434266	175.16135458167338
211	40	1	154.63346613545826	153.91235059760962
211	41	1	100.69920318725103	159.82868525896416
211	42	1	77.25948103792413	20.107784431137716
211	43	1	63.43027888446215	89.99203187251
211	44	1	193.492	89.03400000000009
211	45	1	113.81200000000005	134.66
212	1	2	4.959999999999995	4.979999999999998
212	2	2	4.944	45.03600000000001
212	3	2	4.877049180327865	84.87704918032787
212	4	2	4.877049180327865	125.1229508196721
212	5	2	5.036000000000001	164.9400000000001
212	6	2	45.027999999999984	4.912000000000001
212	7	2	45.00000000000003	45.00000000000002
212	8	2	45.132	85.40399999999994
212	9	2	45.00000000000003	124.99999999999997
212	10	2	45.012	165.10399999999987
212	11	2	84.87704918032783	5.1229508196721305
212	12	2	85.01200000000003	45.040000000000006
212	13	2	84.952	84.93999999999998
212	14	2	85.01600000000005	125.156
212	15	2	85.52479338842977	165.68595041322322
212	16	2	124.69999999999996	5.000000000000002
212	17	2	124.89200000000002	45.06400000000003
212	18	2	125.03599999999999	84.83200000000001
212	19	2	125.13199999999999	124.59600000000003
212	20	2	125.25714285714291	165.51428571428562
212	21	2	165.03599999999994	5.088
212	22	2	164.97999999999996	45.10399999999999
212	23	2	164.87999999999994	85.09200000000003
212	24	2	164.99999999999994	124.99999999999997
212	25	2	164.90400000000002	164.86799999999994
212	26	1	20.09399999999999	119.33799999999991
212	27	1	64.3632734530938	181.9740518962077
212	28	1	113.38599999999998	151.87799999999982
212	29	1	24.466135458167333	103.83665338645426
212	30	1	27.86826347305393	77.2654690618763
212	31	1	46.33932135728542	69.6467065868264
212	32	1	146.11377245508984	53.38522954091818
212	33	1	80.4530938123752	155.56087824351303
212	34	1	91.87824351297408	182.99800399201587
212	35	1	180.61676646706601	166.57684630738515
212	36	1	140.4342629482071	147.8864541832669
212	37	1	81.404	95.23200000000003
212	38	1	146.59481037924152	3.9960079840319294
212	39	1	145.68399999999988	175.12199999999999
212	40	1	154.712	153.832
212	41	1	100.77290836653394	159.80677290836647
212	42	1	77.08399999999997	20.05000000000001
212	43	1	63.35129740518962	89.95009980039917
212	44	1	193.5597609561753	89.03784860557757
212	45	1	113.72854291417173	134.62874251496987
213	1	2	4.959999999999995	4.979999999999998
213	2	2	4.944	45.03600000000001
213	3	2	4.877049180327865	84.87704918032787
213	4	2	4.877049180327865	125.1229508196721
213	5	2	5.036000000000001	164.9400000000001
213	6	2	45.027999999999984	4.912000000000001
213	7	2	45.00000000000003	45.00000000000002
213	8	2	45.132	85.40399999999994
213	9	2	45.00000000000003	124.99999999999997
213	10	2	45.012	165.10399999999987
213	11	2	84.87704918032783	5.1229508196721305
213	12	2	85.01200000000003	45.040000000000006
213	13	2	84.952	84.93999999999998
213	14	2	85.01600000000005	125.156
213	15	2	85.52479338842977	165.68595041322322
213	16	2	124.69999999999996	5.000000000000002
213	17	2	124.89200000000002	45.06400000000003
213	18	2	125.03599999999999	84.83200000000001
213	19	2	125.13199999999999	124.59600000000003
213	20	2	125.25714285714291	165.51428571428562
213	21	2	165.03599999999994	5.088
213	22	2	164.97999999999996	45.10399999999999
213	23	2	164.87999999999994	85.09200000000003
213	24	2	164.99999999999994	124.99999999999997
213	25	2	164.90400000000002	164.86799999999994
213	26	1	20.057999999999996	119.34999999999995
213	27	1	64.42430278884463	181.9243027888444
213	28	1	113.394	151.87200000000004
213	29	1	24.654690618762487	103.93812375249497
213	30	1	27.830000000000002	77.424
213	31	1	46.3306772908367	69.605577689243
213	32	1	146.44731610337965	53.36580516898614
213	33	1	80.39165009940362	155.64612326043738
213	34	1	91.93400000000007	182.87600000000003
213	35	1	180.57400000000015	166.57600000000005
213	36	1	140.4819999999999	147.76599999999982
213	37	1	81.24351297405192	95.29940119760478
213	38	1	146.58283433133727	4.015968063872253
213	39	1	145.70459081836353	175.07784431137725
213	40	1	154.7664670658684	153.7884231536925
213	41	1	100.82235528942115	159.69061876247494
213	42	1	77.1553784860557	20.09760956175299
213	43	1	63.26800000000001	89.914
213	44	1	193.58964143426294	88.98605577689241
213	45	1	113.83864541832668	134.73505976095595
214	1	2	4.959999999999995	4.979999999999998
214	2	2	4.944	45.03600000000001
214	3	2	4.877049180327865	84.87704918032787
214	4	2	4.877049180327865	125.1229508196721
214	5	2	5.036000000000001	164.9400000000001
214	6	2	45.027999999999984	4.912000000000001
214	7	2	45.00000000000003	45.00000000000002
214	8	2	45.132	85.40399999999994
214	9	2	45.00000000000003	124.99999999999997
214	10	2	45.012	165.10399999999987
214	11	2	84.87704918032783	5.1229508196721305
214	12	2	85.01200000000003	45.040000000000006
214	13	2	84.952	84.93999999999998
214	14	2	85.01600000000005	125.156
214	15	2	85.52479338842977	165.68595041322322
214	16	2	124.69999999999996	5.000000000000002
214	17	2	124.89200000000002	45.06400000000003
214	18	2	125.03599999999999	84.83200000000001
214	19	2	125.13199999999999	124.59600000000003
214	20	2	125.25714285714291	165.51428571428562
214	21	2	165.03599999999994	5.088
214	22	2	164.97999999999996	45.10399999999999
214	23	2	164.87999999999994	85.09200000000003
214	24	2	164.99999999999994	124.99999999999997
214	25	2	164.90400000000002	164.86799999999994
214	26	1	20.065868263473067	119.3473053892215
214	27	1	64.43313373253488	181.88822355289415
214	28	1	113.48103792415168	151.65069860279448
214	29	1	24.740000000000002	103.976
214	30	1	27.807615230460947	77.47494989979973
214	31	1	46.405189620758534	69.56087824351289
214	32	1	146.6274900398407	53.426294820717146
214	33	1	80.36327345309383	155.7984031936127
214	34	1	91.98000000000009	182.818
214	35	1	180.57799999999997	166.61199999999988
214	36	1	140.47904191616783	147.69061876247514
214	37	1	81.187250996016	95.2709163346613
214	38	1	146.5919999999999	3.9840000000000004
214	39	1	145.69599999999997	175.01999999999992
214	40	1	154.81237524950114	153.74850299401206
214	41	1	100.89221556886224	159.69461077844315
214	42	1	77.19920318725103	20.17529880478089
214	43	1	63.25948103792414	89.93413173652695
214	44	1	193.62874251497007	88.93612774451104
214	45	1	113.78043912175643	134.67864271457083
215	1	2	4.959999999999995	4.979999999999998
215	2	2	4.944	45.03600000000001
215	3	2	4.877049180327865	84.87704918032787
215	4	2	4.877049180327865	125.1229508196721
215	5	2	5.036000000000001	164.9400000000001
215	6	2	45.027999999999984	4.912000000000001
215	7	2	45.00000000000003	45.00000000000002
215	8	2	45.132	85.40399999999994
215	9	2	45.00000000000003	124.99999999999997
215	10	2	45.012	165.10399999999987
215	11	2	84.87704918032783	5.1229508196721305
215	12	2	85.01200000000003	45.040000000000006
215	13	2	84.952	84.93999999999998
215	14	2	85.01600000000005	125.156
215	15	2	85.52479338842977	165.68595041322322
215	16	2	124.69999999999996	5.000000000000002
215	17	2	124.89200000000002	45.06400000000003
215	18	2	125.03599999999999	84.83200000000001
215	19	2	125.13199999999999	124.59600000000003
215	20	2	125.25714285714291	165.51428571428562
215	21	2	165.03599999999994	5.088
215	22	2	164.97999999999996	45.10399999999999
215	23	2	164.87999999999994	85.09200000000003
215	24	2	164.99999999999994	124.99999999999997
215	25	2	164.90400000000002	164.86799999999994
215	26	1	19.957999999999995	119.29000000000003
215	27	1	64.40438247011956	181.8844621513944
215	28	1	113.62200000000004	151.342
215	29	1	24.922310756972113	104.0976095617529
215	30	1	27.933999999999987	77.446
215	31	1	46.48902195608779	69.5508982035928
215	32	1	146.95808383233532	53.461077844311355
215	33	1	80.29540918163671	155.90818363273456
215	34	1	92.01992031872513	182.7490039840638
215	35	1	180.5980000000001	166.7360000000001
215	36	1	140.59680638722563	147.57485029940122
215	37	1	80.95608782435133	95.24950099800402
215	38	1	146.60079840319372	3.942115768463069
215	39	1	145.60479041916173	175.00798403193596
215	40	1	154.9038076152306	153.72144288577158
215	41	1	100.90836653386464	159.7370517928289
215	42	1	77.17000000000004	20.080000000000005
215	43	1	63.19839679358723	90.08416833667336
215	44	1	193.66467065868264	88.94411177644703
215	45	1	113.81636726546918	134.68862275449095
216	1	2	4.959999999999995	4.979999999999998
216	2	2	4.944	45.03600000000001
216	3	2	4.877049180327865	84.87704918032787
216	4	2	4.877049180327865	125.1229508196721
216	5	2	5.036000000000001	164.9400000000001
216	6	2	45.027999999999984	4.912000000000001
216	7	2	45.00000000000003	45.00000000000002
216	8	2	45.132	85.40399999999994
216	9	2	45.00000000000003	124.99999999999997
216	10	2	45.012	165.10399999999987
216	11	2	84.87704918032783	5.1229508196721305
216	12	2	85.01200000000003	45.040000000000006
216	13	2	84.952	84.93999999999998
216	14	2	85.01600000000005	125.156
216	15	2	85.52479338842977	165.68595041322322
216	16	2	124.69999999999996	5.000000000000002
216	17	2	124.89200000000002	45.06400000000003
216	18	2	125.03599999999999	84.83200000000001
216	19	2	125.13199999999999	124.59600000000003
216	20	2	125.25714285714291	165.51428571428562
216	21	2	165.03599999999994	5.088
216	22	2	164.97999999999996	45.10399999999999
216	23	2	164.87999999999994	85.09200000000003
216	24	2	164.99999999999994	124.99999999999997
216	25	2	164.90400000000002	164.86799999999994
216	26	1	19.894211576846306	119.22355289421151
216	27	1	64.47105788423156	181.80838323353314
216	28	1	113.64541832669322	151.14541832669332
216	29	1	24.990039840637458	104.14541832669327
216	30	1	27.97800000000002	77.31600000000002
216	31	1	46.485029940119766	69.42315369261473
216	32	1	147.11400000000003	53.42999999999994
216	33	1	80.252	156.03399999999996
216	34	1	92.06175298804779	182.7569721115539
216	35	1	180.63073852295412	166.75848303393215
216	36	1	140.63672654690626	147.51896207584824
216	37	1	80.75599999999994	95.29599999999999
216	38	1	146.6546906187625	3.84830339321357
216	39	1	145.46800000000016	175.00600000000006
216	40	1	154.8997995991983	153.7194388777557
216	41	1	100.97808764940243	159.8027888446214
216	42	1	77.21157684630738	20.217564870259487
216	43	1	63.11000000000001	90.02800000000002
216	44	1	193.5888223552894	88.76047904191613
216	45	1	113.81037924151697	134.65668662674673
217	1	2	4.959999999999995	4.979999999999998
217	2	2	4.944	45.03600000000001
217	3	2	4.877049180327865	84.87704918032787
217	4	2	4.877049180327865	125.1229508196721
217	5	2	5.036000000000001	164.9400000000001
217	6	2	45.027999999999984	4.912000000000001
217	7	2	45.00000000000003	45.00000000000002
217	8	2	45.132	85.40399999999994
217	9	2	45.00000000000003	124.99999999999997
217	10	2	45.012	165.10399999999987
217	11	2	84.87704918032783	5.1229508196721305
217	12	2	85.01200000000003	45.040000000000006
217	13	2	84.952	84.93999999999998
217	14	2	85.01600000000005	125.156
217	15	2	85.52479338842977	165.68595041322322
217	16	2	124.69999999999996	5.000000000000002
217	17	2	124.89200000000002	45.06400000000003
217	18	2	125.03599999999999	84.83200000000001
217	19	2	125.13199999999999	124.59600000000003
217	20	2	125.25714285714291	165.51428571428562
217	21	2	165.03599999999994	5.088
217	22	2	164.97999999999996	45.10399999999999
217	23	2	164.87999999999994	85.09200000000003
217	24	2	164.99999999999994	124.99999999999997
217	25	2	164.90400000000002	164.86799999999994
217	26	1	19.859999999999996	119.22999999999993
217	27	1	64.50399999999999	181.7520000000002
217	28	1	113.73453093812368	150.92614770459082
217	29	1	25.069860279441098	104.20958083832336
217	30	1	27.978000000000023	77.38600000000007
217	31	1	46.59081836327346	69.39321357285431
217	32	1	147.25149700598809	53.52295409181633
217	33	1	80.35400000000003	155.96599999999998
217	34	1	92.07600000000001	182.68800000000007
217	35	1	180.55199999999996	166.8120000000001
217	36	1	140.5626242544734	147.34990059642158
217	37	1	80.52295409181633	95.32534930139717
217	38	1	146.65069860279456	3.8123752495009944
217	39	1	145.46307385229548	174.9960079840321
217	40	1	154.96606786427157	153.6606786427144
217	41	1	101.00998003992012	159.79640718562862
217	42	1	77.29200000000004	20.20400000000001
217	43	1	63.04999999999997	90.17400000000005
217	44	1	193.602	88.68800000000002
217	45	1	113.70200000000017	134.54200000000006
218	1	2	4.959999999999995	4.979999999999998
218	2	2	4.944	45.03600000000001
218	3	2	4.877049180327865	84.87704918032787
218	4	2	4.877049180327865	125.1229508196721
218	5	2	5.036000000000001	164.9400000000001
218	6	2	45.027999999999984	4.912000000000001
218	7	2	45.00000000000003	45.00000000000002
218	8	2	45.132	85.40399999999994
218	9	2	45.00000000000003	124.99999999999997
218	10	2	45.012	165.10399999999987
218	11	2	84.87704918032783	5.1229508196721305
218	12	2	85.01200000000003	45.040000000000006
218	13	2	84.952	84.93999999999998
218	14	2	85.01600000000005	125.156
218	15	2	85.52479338842977	165.68595041322322
218	16	2	124.69999999999996	5.000000000000002
218	17	2	124.89200000000002	45.06400000000003
218	18	2	125.03599999999999	84.83200000000001
218	19	2	125.13199999999999	124.59600000000003
218	20	2	125.25714285714291	165.51428571428562
218	21	2	165.03599999999994	5.088
218	22	2	164.97999999999996	45.10399999999999
218	23	2	164.87999999999994	85.09200000000003
218	24	2	164.99999999999994	124.99999999999997
218	25	2	164.90400000000002	164.86799999999994
218	26	1	19.81037924151696	119.21157684630741
218	27	1	64.51992031872511	181.7629482071714
218	28	1	113.82235528942114	150.70259481037914
218	29	1	25.17	104.22599999999996
218	30	1	27.96407185628741	77.37924151696598
218	31	1	46.66	69.44199999999998
218	32	1	147.38247011952183	53.58565737051793
218	33	1	80.311377245509	156.07784431137716
218	34	1	92.17635270541084	182.5871743486973
218	35	1	180.60399999999987	167.02399999999994
218	36	1	140.71800000000016	147.22399999999988
218	37	1	80.46414342629481	95.30876494023906
218	38	1	146.61477045908185	3.790419161676651
218	39	1	145.33133732534935	174.98802395209563
218	40	1	155.08599999999996	153.71800000000002
218	41	1	101.04000000000003	159.78400000000002
218	42	1	77.34131736526948	20.237524950099782
218	43	1	62.880239520958064	90.16766467065868
218	44	1	193.63400000000001	88.628
218	45	1	113.65199999999997	134.45000000000007
219	1	2	4.959999999999995	4.979999999999998
219	2	2	4.944	45.03600000000001
219	3	2	4.877049180327865	84.87704918032787
219	4	2	4.877049180327865	125.1229508196721
219	5	2	5.036000000000001	164.9400000000001
219	6	2	45.027999999999984	4.912000000000001
219	7	2	45.00000000000003	45.00000000000002
219	8	2	45.132	85.40399999999994
219	9	2	45.00000000000003	124.99999999999997
219	10	2	45.012	165.10399999999987
219	11	2	84.87704918032783	5.1229508196721305
219	12	2	85.01200000000003	45.040000000000006
219	13	2	84.952	84.93999999999998
219	14	2	85.01600000000005	125.156
219	15	2	85.52479338842977	165.68595041322322
219	16	2	124.69999999999996	5.000000000000002
219	17	2	124.89200000000002	45.06400000000003
219	18	2	125.03599999999999	84.83200000000001
219	19	2	125.13199999999999	124.59600000000003
219	20	2	125.25714285714291	165.51428571428562
219	21	2	165.03599999999994	5.088
219	22	2	164.97999999999996	45.10399999999999
219	23	2	164.87999999999994	85.09200000000003
219	24	2	164.99999999999994	124.99999999999997
219	25	2	164.90400000000002	164.86799999999994
219	26	1	19.836653386454184	119.18924302788844
219	27	1	64.50398406374502	181.5717131474103
219	28	1	113.82669322709172	150.74701195219131
219	29	1	25.279999999999976	104.27399999999993
219	30	1	28.036000000000005	77.39600000000009
219	31	1	46.68063872255488	69.43313373253486
219	32	1	147.5398406374501	53.61752988047811
219	33	1	80.33532934131742	156.1177644710579
219	34	1	92.17999999999998	182.446
219	35	1	180.74600000000015	167.22399999999993
219	36	1	140.77290836653407	147.1513944223106
219	37	1	80.46706586826349	95.30538922155685
219	38	1	146.57485029940136	3.7684630738522897
219	39	1	145.28942115768476	175.00399201596792
219	40	1	155.158	153.68000000000012
219	41	1	101.1117764471058	159.80638722554895
219	42	1	77.31137724550892	20.265469061876253
219	43	1	62.90219560878246	90.12375249500991
219	44	1	193.662	88.56800000000001
219	45	1	113.71257485029942	134.46706586826343
220	1	2	4.959999999999995	4.979999999999998
220	2	2	4.944	45.03600000000001
220	3	2	4.877049180327865	84.87704918032787
220	4	2	4.877049180327865	125.1229508196721
220	5	2	5.036000000000001	164.9400000000001
220	6	2	45.027999999999984	4.912000000000001
220	7	2	45.00000000000003	45.00000000000002
220	8	2	45.132	85.40399999999994
220	9	2	45.00000000000003	124.99999999999997
220	10	2	45.012	165.10399999999987
220	11	2	84.87704918032783	5.1229508196721305
220	12	2	85.01200000000003	45.040000000000006
220	13	2	84.952	84.93999999999998
220	14	2	85.01600000000005	125.156
220	15	2	85.52479338842977	165.68595041322322
220	16	2	124.69999999999996	5.000000000000002
220	17	2	124.89200000000002	45.06400000000003
220	18	2	125.03599999999999	84.83200000000001
220	19	2	125.13199999999999	124.59600000000003
220	20	2	125.25714285714291	165.51428571428562
220	21	2	165.03599999999994	5.088
220	22	2	164.97999999999996	45.10399999999999
220	23	2	164.87999999999994	85.09200000000003
220	24	2	164.99999999999994	124.99999999999997
220	25	2	164.90400000000002	164.86799999999994
220	26	1	19.870259481037927	119.22754491017965
220	27	1	64.51599999999999	181.5619999999999
220	28	1	113.82868525896411	150.52788844621503
220	29	1	25.347305389221567	104.21956087824348
220	30	1	28.045999999999985	77.434
220	31	1	46.70259481037924	69.44910179640712
220	32	1	147.78443113772468	53.624750499002005
220	33	1	80.27199999999999	156.20200000000006
220	34	1	92.28542914171659	182.34930139720555
220	35	1	180.82868525896416	167.27490039840657
220	36	1	140.75498007968122	147.08565737051788
220	37	1	80.35528942115769	95.25748502994003
220	38	1	146.6187624750499	3.6107784431137713
220	39	1	145.23353293413186	175.0119760479041
220	40	1	155.22310756972104	153.68525896414346
220	41	1	101.16533864541834	159.8386454183268
220	42	1	77.33932135728546	20.32534930139722
220	43	1	62.85600000000006	90.10799999999996
220	44	1	193.708	88.60199999999998
220	45	1	113.68399999999994	134.43200000000002
221	1	2	4.959999999999995	4.979999999999998
221	2	2	4.944	45.03600000000001
221	3	2	4.877049180327865	84.87704918032787
221	4	2	4.877049180327865	125.1229508196721
221	5	2	5.036000000000001	164.9400000000001
221	6	2	45.027999999999984	4.912000000000001
221	7	2	45.00000000000003	45.00000000000002
221	8	2	45.132	85.40399999999994
221	9	2	45.00000000000003	124.99999999999997
221	10	2	45.012	165.10399999999987
221	11	2	84.87704918032783	5.1229508196721305
221	12	2	85.01200000000003	45.040000000000006
221	13	2	84.952	84.93999999999998
221	14	2	85.01600000000005	125.156
221	15	2	85.52479338842977	165.68595041322322
221	16	2	124.69999999999996	5.000000000000002
221	17	2	124.89200000000002	45.06400000000003
221	18	2	125.03599999999999	84.83200000000001
221	19	2	125.13199999999999	124.59600000000003
221	20	2	125.25714285714291	165.51428571428562
221	21	2	165.03599999999994	5.088
221	22	2	164.97999999999996	45.10399999999999
221	23	2	164.87999999999994	85.09200000000003
221	24	2	164.99999999999994	124.99999999999997
221	25	2	164.90400000000002	164.86799999999994
221	26	1	19.874251497005968	119.191616766467
221	27	1	64.45508982035923	181.60678642714578
221	28	1	113.82270916334663	150.41035856573717
221	29	1	25.393999999999984	104.18800000000005
221	30	1	28.073852295409193	77.35528942115772
221	31	1	46.72111553784855	69.39442231075702
221	32	1	147.8727634194832	53.499005964214724
221	33	1	80.25748502994004	156.243512974052
221	34	1	92.36327345309394	182.30538922155708
221	35	1	180.9321357285429	167.4790419161677
221	36	1	140.7410358565736	147.07370517928283
221	37	1	80.30400000000002	95.29799999999993
221	38	1	146.62400000000005	3.5219999999999962
221	39	1	145.25298804780883	174.97609561752995
221	40	1	155.29880478087645	153.62948207171328
221	41	1	101.1636726546906	159.88822355289403
221	42	1	77.28742514970055	20.279441117764478
221	43	1	62.77644710578839	90.04590818363275
221	44	1	193.75298804780877	88.64741035856574
221	45	1	113.65199999999994	134.37400000000008
222	1	2	4.959999999999995	4.979999999999998
222	2	2	4.944	45.03600000000001
222	3	2	4.877049180327865	84.87704918032787
222	4	2	4.877049180327865	125.1229508196721
222	5	2	5.036000000000001	164.9400000000001
222	6	2	45.027999999999984	4.912000000000001
222	7	2	45.00000000000003	45.00000000000002
222	8	2	45.132	85.40399999999994
222	9	2	45.00000000000003	124.99999999999997
222	10	2	45.012	165.10399999999987
222	11	2	84.87704918032783	5.1229508196721305
222	12	2	85.01200000000003	45.040000000000006
222	13	2	84.952	84.93999999999998
222	14	2	85.01600000000005	125.156
222	15	2	85.52479338842977	165.68595041322322
222	16	2	124.69999999999996	5.000000000000002
222	17	2	124.89200000000002	45.06400000000003
222	18	2	125.03599999999999	84.83200000000001
222	19	2	125.13199999999999	124.59600000000003
222	20	2	125.25714285714291	165.51428571428562
222	21	2	165.03599999999994	5.088
222	22	2	164.97999999999996	45.10399999999999
222	23	2	164.87999999999994	85.09200000000003
222	24	2	164.99999999999994	124.99999999999997
222	25	2	164.90400000000002	164.86799999999994
222	26	1	19.856287425149695	119.1876247504989
222	27	1	64.42315369261472	181.4510978043912
222	28	1	113.85657370517936	150.29681274900383
222	29	1	25.44910179640718	104.21756487025955
222	30	1	28.0597609561753	77.28087649402386
222	31	1	46.78443113772454	69.373253493014
222	32	1	147.99203187251013	53.6434262948207
222	33	1	80.15768463073849	156.4131736526944
222	34	1	92.35856573705183	182.2490039840637
222	35	1	180.92	167.5579999999999
222	36	1	140.76247504990013	147.01397205588827
222	37	1	80.20599999999999	95.32600000000002
222	38	1	146.56487025948093	3.564870259481031
222	39	1	145.246	174.93600000000012
222	40	1	155.3952095808382	153.70259481037914
222	41	1	101.23107569721112	159.85856573705175
222	42	1	77.34131736526952	20.289421157684647
222	43	1	62.767999999999994	90.0319999999999
222	44	1	193.79840319361278	88.6786427145709
222	45	1	113.60800000000006	134.30399999999986
223	1	2	4.959999999999995	4.979999999999998
223	2	2	4.944	45.03600000000001
223	3	2	4.877049180327865	84.87704918032787
223	4	2	4.877049180327865	125.1229508196721
223	5	2	5.036000000000001	164.9400000000001
223	6	2	45.027999999999984	4.912000000000001
223	7	2	45.00000000000003	45.00000000000002
223	8	2	45.132	85.40399999999994
223	9	2	45.00000000000003	124.99999999999997
223	10	2	45.012	165.10399999999987
223	11	2	84.87704918032783	5.1229508196721305
223	12	2	85.01200000000003	45.040000000000006
223	13	2	84.952	84.93999999999998
223	14	2	85.01600000000005	125.156
223	15	2	85.52479338842977	165.68595041322322
223	16	2	124.69999999999996	5.000000000000002
223	17	2	124.89200000000002	45.06400000000003
223	18	2	125.03599999999999	84.83200000000001
223	19	2	125.13199999999999	124.59600000000003
223	20	2	125.25714285714291	165.51428571428562
223	21	2	165.03599999999994	5.088
223	22	2	164.97999999999996	45.10399999999999
223	23	2	164.87999999999994	85.09200000000003
223	24	2	164.99999999999994	124.99999999999997
223	25	2	164.90400000000002	164.86799999999994
223	26	1	19.894000000000013	119.23399999999998
223	27	1	64.375249500998	181.45708582834342
223	28	1	113.782	150.03799999999984
223	29	1	25.51394422310757	104.17729083665347
223	30	1	28.045999999999992	77.328
223	31	1	46.7644710578842	69.40918163672656
223	32	1	148.2195608782435	53.60079840319357
223	33	1	80.16167664670657	156.53892215568882
223	34	1	92.4231536926148	182.17365269461087
223	35	1	180.9399999999999	167.65800000000002
223	36	1	140.80439121756504	146.98802395209566
223	37	1	80.2574850299402	95.33333333333337
223	38	1	146.5489021956088	3.5309381237524895
223	39	1	145.2455089820359	174.93013972055874
223	40	1	155.43	153.65999999999988
223	41	1	101.29400000000004	159.97599999999989
223	42	1	77.38922155688616	20.34131736526945
223	43	1	62.68463073852294	90.02395209580843
223	44	1	193.86599999999999	88.70799999999996
223	45	1	113.68600000000006	134.34600000000006
224	1	2	4.959999999999995	4.979999999999998
224	2	2	4.944	45.03600000000001
224	3	2	4.877049180327865	84.87704918032787
224	4	2	4.877049180327865	125.1229508196721
224	5	2	5.036000000000001	164.9400000000001
224	6	2	45.027999999999984	4.912000000000001
224	7	2	45.00000000000003	45.00000000000002
224	8	2	45.132	85.40399999999994
224	9	2	45.00000000000003	124.99999999999997
224	10	2	45.012	165.10399999999987
224	11	2	84.87704918032783	5.1229508196721305
224	12	2	85.01200000000003	45.040000000000006
224	13	2	84.952	84.93999999999998
224	14	2	85.01600000000005	125.156
224	15	2	85.52479338842977	165.68595041322322
224	16	2	124.69999999999996	5.000000000000002
224	17	2	124.89200000000002	45.06400000000003
224	18	2	125.03599999999999	84.83200000000001
224	19	2	125.13199999999999	124.59600000000003
224	20	2	125.25714285714291	165.51428571428562
224	21	2	165.03599999999994	5.088
224	22	2	164.97999999999996	45.10399999999999
224	23	2	164.87999999999994	85.09200000000003
224	24	2	164.99999999999994	124.99999999999997
224	25	2	164.90400000000002	164.86799999999994
224	26	1	19.850299401197603	119.20359281437122
224	27	1	64.36726546906192	181.48303393213564
224	28	1	113.79880478087655	150.05378486055784
224	29	1	25.608782435129733	104.16367265469059
224	30	1	28.10756972111555	77.23505976095613
224	31	1	46.80079681274906	69.36852589641444
224	32	1	148.3313373253494	53.714570858283444
224	33	1	80.132	156.58400000000006
224	34	1	92.4710578842315	182.13173652694607
224	35	1	180.918	167.64000000000001
224	36	1	140.79840319361256	146.92814371257492
224	37	1	80.17764471057882	95.30738522954081
224	38	1	146.46799999999993	3.505999999999998
224	39	1	145.22355289421156	174.89221556886244
224	40	1	155.44000000000003	153.63600000000017
224	41	1	101.3233532934132	159.95009980039916
224	42	1	77.41235059760955	20.358565737051777
224	43	1	62.59919839679359	89.9599198396794
224	44	1	193.93	88.726
224	45	1	113.68127490039839	134.27689243027893
225	1	2	4.959999999999995	4.979999999999998
225	2	2	4.944	45.03600000000001
225	3	2	4.877049180327865	84.87704918032787
225	4	2	4.877049180327865	125.1229508196721
225	5	2	5.036000000000001	164.9400000000001
225	6	2	45.027999999999984	4.912000000000001
225	7	2	45.00000000000003	45.00000000000002
225	8	2	45.132	85.40399999999994
225	9	2	45.00000000000003	124.99999999999997
225	10	2	45.012	165.10399999999987
225	11	2	84.87704918032783	5.1229508196721305
225	12	2	85.01200000000003	45.040000000000006
225	13	2	84.952	84.93999999999998
225	14	2	85.01600000000005	125.156
225	15	2	85.52479338842977	165.68595041322322
225	16	2	124.69999999999996	5.000000000000002
225	17	2	124.89200000000002	45.06400000000003
225	18	2	125.03599999999999	84.83200000000001
225	19	2	125.13199999999999	124.59600000000003
225	20	2	125.25714285714291	165.51428571428562
225	21	2	165.03599999999994	5.088
225	22	2	164.97999999999996	45.10399999999999
225	23	2	164.87999999999994	85.09200000000003
225	24	2	164.99999999999994	124.99999999999997
225	25	2	164.90400000000002	164.86799999999994
225	26	1	19.846000000000007	119.12000000000002
225	27	1	64.286282306163	181.37773359840935
225	28	1	113.83466135458164	149.98007968127484
225	29	1	25.768463073852285	104.26946107784431
225	30	1	28.12400000000003	77.34199999999991
225	31	1	46.84	69.28799999999995
225	32	1	148.6067864271457	53.76047904191617
225	33	1	80.08016032064126	156.72144288577167
225	34	1	92.48702594810372	182.07784431137713
225	35	1	180.94810379241522	167.77445109780453
225	36	1	140.7828685258966	146.80876494023912
225	37	1	80.0860000000001	95.29800000000002
225	38	1	146.43600000000006	3.408000000000004
225	39	1	145.25948103792416	174.89021956087825
225	40	1	155.47105788423156	153.63273453093828
225	41	1	101.3552894211577	159.92215568862275
225	42	1	77.29740518962072	20.311377245508993
225	43	1	62.418	89.89000000000001
225	44	1	193.99203187250995	88.77290836653381
225	45	1	113.77400000000004	134.30599999999998
226	1	2	4.959999999999995	4.979999999999998
226	2	2	4.944	45.03600000000001
226	3	2	4.877049180327865	84.87704918032787
226	4	2	4.877049180327865	125.1229508196721
226	5	2	5.036000000000001	164.9400000000001
226	6	2	45.027999999999984	4.912000000000001
226	7	2	45.00000000000003	45.00000000000002
226	8	2	45.132	85.40399999999994
226	9	2	45.00000000000003	124.99999999999997
226	10	2	45.012	165.10399999999987
226	11	2	84.87704918032783	5.1229508196721305
226	12	2	85.01200000000003	45.040000000000006
226	13	2	84.952	84.93999999999998
226	14	2	85.01600000000005	125.156
226	15	2	85.52479338842977	165.68595041322322
226	16	2	124.69999999999996	5.000000000000002
226	17	2	124.89200000000002	45.06400000000003
226	18	2	125.03599999999999	84.83200000000001
226	19	2	125.13199999999999	124.59600000000003
226	20	2	125.25714285714291	165.51428571428562
226	21	2	165.03599999999994	5.088
226	22	2	164.97999999999996	45.10399999999999
226	23	2	164.87999999999994	85.09200000000003
226	24	2	164.99999999999994	124.99999999999997
226	25	2	164.90400000000002	164.86799999999994
226	26	1	19.8557114228457	119.14028056112221
226	27	1	64.40999999999997	181.27200000000005
226	28	1	113.82035928143713	149.89221556886244
226	29	1	25.810000000000002	104.29799999999996
226	30	1	28.167999999999985	77.24600000000007
226	31	1	46.83233532934134	69.23952095808387
226	32	1	148.77644710578852	53.90618762475049
226	33	1	79.99999999999994	156.7490039840638
226	34	1	92.59281437125746	182.0658682634731
226	35	1	180.9401197604791	167.81237524950092
226	36	1	140.80876494023914	146.7689243027888
226	37	1	79.94800000000005	95.27800000000002
226	38	1	146.41317365269472	3.3752495009980032
226	39	1	145.2120000000002	174.85599999999982
226	40	1	155.52894211576844	153.48502994011994
226	41	1	101.4051896207585	159.97405189620773
226	42	1	77.37924151696606	20.315369261477038
226	43	1	62.26946107784431	89.93013972055887
226	44	1	194.09362549800795	88.8107569721116
226	45	1	113.75848303393204	134.28143712574848
227	1	2	4.959999999999995	4.979999999999998
227	2	2	4.944	45.03600000000001
227	3	2	4.877049180327865	84.87704918032787
227	4	2	4.877049180327865	125.1229508196721
227	5	2	5.036000000000001	164.9400000000001
227	6	2	45.027999999999984	4.912000000000001
227	7	2	45.00000000000003	45.00000000000002
227	8	2	45.132	85.40399999999994
227	9	2	45.00000000000003	124.99999999999997
227	10	2	45.012	165.10399999999987
227	11	2	84.87704918032783	5.1229508196721305
227	12	2	85.01200000000003	45.040000000000006
227	13	2	84.952	84.93999999999998
227	14	2	85.01600000000005	125.156
227	15	2	85.52479338842977	165.68595041322322
227	16	2	124.69999999999996	5.000000000000002
227	17	2	124.89200000000002	45.06400000000003
227	18	2	125.03599999999999	84.83200000000001
227	19	2	125.13199999999999	124.59600000000003
227	20	2	125.25714285714291	165.51428571428562
227	21	2	165.03599999999994	5.088
227	22	2	164.97999999999996	45.10399999999999
227	23	2	164.87999999999994	85.09200000000003
227	24	2	164.99999999999994	124.99999999999997
227	25	2	164.90400000000002	164.86799999999994
227	26	1	19.893999999999995	119.21000000000002
227	27	1	64.39442231075694	181.27490039840654
227	28	1	113.77844311377251	149.7624750499
227	29	1	25.80838323353293	104.2355289421159
227	30	1	28.193612774451093	77.21756487025947
227	31	1	46.978087649402376	69.21314741035854
227	32	1	149.0119760479043	53.978043912175615
227	33	1	79.93413173652692	156.87225548902197
227	34	1	92.59081836327346	182.01596806387235
227	35	1	180.99600798403196	167.9321357285429
227	36	1	140.77644710578826	146.74451097804405
227	37	1	79.86626746506984	95.36327345309387
227	38	1	146.39321357285453	3.2514970059880204
227	39	1	145.10578842315385	174.78642714570873
227	40	1	155.59880239520962	153.32335329341328
227	41	1	101.48111332007952	159.96222664015912
227	42	1	77.51696606786427	20.321357285429137
227	43	1	62.26095617529885	89.94422310756988
227	44	1	194.15	88.81199999999991
227	45	1	113.77445109780444	134.21956087824364
228	1	2	4.959999999999995	4.979999999999998
228	2	2	4.944	45.03600000000001
228	3	2	4.877049180327865	84.87704918032787
228	4	2	4.877049180327865	125.1229508196721
228	5	2	5.036000000000001	164.9400000000001
228	6	2	45.027999999999984	4.912000000000001
228	7	2	45.00000000000003	45.00000000000002
228	8	2	45.132	85.40399999999994
228	9	2	45.00000000000003	124.99999999999997
228	10	2	45.012	165.10399999999987
228	11	2	84.87704918032783	5.1229508196721305
228	12	2	85.01200000000003	45.040000000000006
228	13	2	84.952	84.93999999999998
228	14	2	85.01600000000005	125.156
228	15	2	85.52479338842977	165.68595041322322
228	16	2	124.69999999999996	5.000000000000002
228	17	2	124.89200000000002	45.06400000000003
228	18	2	125.03599999999999	84.83200000000001
228	19	2	125.13199999999999	124.59600000000003
228	20	2	125.25714285714291	165.51428571428562
228	21	2	165.03599999999994	5.088
228	22	2	164.97999999999996	45.10399999999999
228	23	2	164.87999999999994	85.09200000000003
228	24	2	164.99999999999994	124.99999999999997
228	25	2	164.90400000000002	164.86799999999994
228	26	1	19.86400000000001	119.186
228	27	1	64.40999999999998	181.20600000000002
228	28	1	113.81872509960158	149.6235059760956
228	29	1	25.886227544910174	104.30339321357285
228	30	1	28.243027888446214	77.2848605577689
228	31	1	47.02390438247011	69.17131474103581
228	32	1	149.36726546906183	54.34730538922157
228	33	1	79.78884462151392	157.13545816733057
228	34	1	92.72654690618765	182.03792415169647
228	35	1	180.97005988023955	168.04790419161674
228	36	1	140.77844311377245	146.67664670658684
228	37	1	79.78842315369266	95.39920159680648
228	38	1	146.30339321357275	3.1836327345309394
228	39	1	144.94600000000003	174.80199999999996
228	40	1	155.58283433133712	153.3373253493015
228	41	1	101.56087824351299	160.003992015968
228	42	1	77.5209580838324	20.305389221556887
228	43	1	62.16367265469063	90.02195608782431
228	44	1	194.17764471057885	88.84431137724533
228	45	1	113.70059880239519	134.17564870259474
229	1	2	4.959999999999995	4.979999999999998
229	2	2	4.944	45.03600000000001
229	3	2	4.877049180327865	84.87704918032787
229	4	2	4.877049180327865	125.1229508196721
229	5	2	5.036000000000001	164.9400000000001
229	6	2	45.027999999999984	4.912000000000001
229	7	2	45.00000000000003	45.00000000000002
229	8	2	45.132	85.40399999999994
229	9	2	45.00000000000003	124.99999999999997
229	10	2	45.012	165.10399999999987
229	11	2	84.87704918032783	5.1229508196721305
229	12	2	85.01200000000003	45.040000000000006
229	13	2	84.952	84.93999999999998
229	14	2	85.01600000000005	125.156
229	15	2	85.52479338842977	165.68595041322322
229	16	2	124.69999999999996	5.000000000000002
229	17	2	124.89200000000002	45.06400000000003
229	18	2	125.03599999999999	84.83200000000001
229	19	2	125.13199999999999	124.59600000000003
229	20	2	125.25714285714291	165.51428571428562
229	21	2	165.03599999999994	5.088
229	22	2	164.97999999999996	45.10399999999999
229	23	2	164.87999999999994	85.09200000000003
229	24	2	164.99999999999994	124.99999999999997
229	25	2	164.90400000000002	164.86799999999994
229	26	1	19.91417165668664	119.21556886227533
229	27	1	64.42714570858284	181.06387225548897
229	28	1	113.83000000000008	149.53799999999998
229	29	1	25.913999999999994	104.20400000000001
229	30	1	28.236000000000008	77.30000000000013
229	31	1	47.09381237524949	69.1896207584831
229	32	1	149.55289421157698	54.47305389221556
229	33	1	79.79441117764469	157.14371257485024
229	34	1	92.72654690618761	182.04391217564876
229	35	1	180.9760479041916	168.13173652694616
229	36	1	140.74799999999988	146.6060000000002
229	37	1	79.560878243513	95.4910179640718
229	38	1	146.26199999999994	3.167999999999997
229	39	1	144.92015968063868	174.75848303393207
229	40	1	155.6007984031937	153.3632734530938
229	41	1	101.60199999999995	160.07199999999992
229	42	1	77.60557768924309	20.382470119521937
229	43	1	62.12574850299403	90.02794411177645
229	44	1	194.23952095808383	88.86427145708579
229	45	1	113.63600000000011	134.16000000000025
230	1	2	4.959999999999995	4.979999999999998
230	2	2	4.944	45.03600000000001
230	3	2	4.877049180327865	84.87704918032787
230	4	2	4.877049180327865	125.1229508196721
230	5	2	5.036000000000001	164.9400000000001
230	6	2	45.027999999999984	4.912000000000001
230	7	2	45.00000000000003	45.00000000000002
230	8	2	45.132	85.40399999999994
230	9	2	45.00000000000003	124.99999999999997
230	10	2	45.012	165.10399999999987
230	11	2	84.87704918032783	5.1229508196721305
230	12	2	85.01200000000003	45.040000000000006
230	13	2	84.952	84.93999999999998
230	14	2	85.01600000000005	125.156
230	15	2	85.52479338842977	165.68595041322322
230	16	2	124.69999999999996	5.000000000000002
230	17	2	124.89200000000002	45.06400000000003
230	18	2	125.03599999999999	84.83200000000001
230	19	2	125.13199999999999	124.59600000000003
230	20	2	125.25714285714291	165.51428571428562
230	21	2	165.03599999999994	5.088
230	22	2	164.97999999999996	45.10399999999999
230	23	2	164.87999999999994	85.09200000000003
230	24	2	164.99999999999994	124.99999999999997
230	25	2	164.90400000000002	164.86799999999994
230	26	1	19.980039920159676	119.28542914171659
230	27	1	64.40319361277446	180.9980039920162
230	28	1	113.79441117764472	149.42315369261476
230	29	1	25.964000000000016	104.13600000000011
230	30	1	28.223552894211554	77.30738522954091
230	31	1	47.135728542914215	69.18962075848307
230	32	1	149.77490039840654	54.40438247011954
230	33	1	79.71600000000005	157.26599999999996
230	34	1	92.7944111776447	182.007984031936
230	35	1	180.97804391217565	168.23353293413174
230	36	1	140.7852882703778	146.52683896620275
230	37	1	79.32534930139721	95.43912175648698
230	38	1	146.20200000000008	3.0739999999999954
230	39	1	144.73200000000026	174.74200000000008
230	40	1	155.73200000000017	153.2720000000001
230	41	1	101.66400000000003	160.06599999999997
230	42	1	77.58083832335332	20.34530938123751
230	43	1	62.086	90.08399999999993
230	44	1	194.29740518962075	88.88622754491007
230	45	1	113.6806387225549	134.19161676646715
231	1	2	4.959999999999995	4.979999999999998
231	2	2	4.944	45.03600000000001
231	3	2	4.877049180327865	84.87704918032787
231	4	2	4.877049180327865	125.1229508196721
231	5	2	5.036000000000001	164.9400000000001
231	6	2	45.027999999999984	4.912000000000001
231	7	2	45.00000000000003	45.00000000000002
231	8	2	45.132	85.40399999999994
231	9	2	45.00000000000003	124.99999999999997
231	10	2	45.012	165.10399999999987
231	11	2	84.87704918032783	5.1229508196721305
231	12	2	85.01200000000003	45.040000000000006
231	13	2	84.952	84.93999999999998
231	14	2	85.01600000000005	125.156
231	15	2	85.52479338842977	165.68595041322322
231	16	2	124.69999999999996	5.000000000000002
231	17	2	124.89200000000002	45.06400000000003
231	18	2	125.03599999999999	84.83200000000001
231	19	2	125.13199999999999	124.59600000000003
231	20	2	125.25714285714291	165.51428571428562
231	21	2	165.03599999999994	5.088
231	22	2	164.97999999999996	45.10399999999999
231	23	2	164.87999999999994	85.09200000000003
231	24	2	164.99999999999994	124.99999999999997
231	25	2	164.90400000000002	164.86799999999994
231	26	1	19.994011976047908	119.30938123752487
231	27	1	64.36526946107784	180.882235528942
231	28	1	113.7828685258964	149.28486055776878
231	29	1	25.97804391217563	104.13572854291422
231	30	1	28.32934131736529	77.42914171656692
231	31	1	47.30600000000005	69.07400000000001
231	32	1	149.8902195608783	54.57285429141717
231	33	1	79.73253493013982	157.2495009980041
231	34	1	92.81800000000005	181.90600000000003
231	35	1	181.02195608782432	168.28942115768461
231	36	1	140.7944111776447	146.45109780439114
231	37	1	79.12574850299406	95.4171656686627
231	38	1	146.17365269461075	2.9800399201596846
231	39	1	144.66600000000014	174.70400000000018
231	40	1	155.7744510978046	153.22554890219578
231	41	1	101.79800000000003	160.11399999999998
231	42	1	77.566	20.326000000000015
231	43	1	62.02800000000002	90.01799999999999
231	44	1	194.29	88.8579999999999
231	45	1	113.72854291417178	134.20558882235528
232	1	2	4.959999999999995	4.979999999999998
232	2	2	4.944	45.03600000000001
232	3	2	4.877049180327865	84.87704918032787
232	4	2	4.877049180327865	125.1229508196721
232	5	2	5.036000000000001	164.9400000000001
232	6	2	45.027999999999984	4.912000000000001
232	7	2	45.00000000000003	45.00000000000002
232	8	2	45.132	85.40399999999994
232	9	2	45.00000000000003	124.99999999999997
232	10	2	45.012	165.10399999999987
232	11	2	84.87704918032783	5.1229508196721305
232	12	2	85.01200000000003	45.040000000000006
232	13	2	84.952	84.93999999999998
232	14	2	85.01600000000005	125.156
232	15	2	85.52479338842977	165.68595041322322
232	16	2	124.69999999999996	5.000000000000002
232	17	2	124.89200000000002	45.06400000000003
232	18	2	125.03599999999999	84.83200000000001
232	19	2	125.13199999999999	124.59600000000003
232	20	2	125.25714285714291	165.51428571428562
232	21	2	165.03599999999994	5.088
232	22	2	164.97999999999996	45.10399999999999
232	23	2	164.87999999999994	85.09200000000003
232	24	2	164.99999999999994	124.99999999999997
232	25	2	164.90400000000002	164.86799999999994
232	26	1	19.925999999999977	119.25199999999995
232	27	1	64.40918163672653	180.74251497005994
232	28	1	113.80039920159675	149.28742514970065
232	29	1	26.127490039840655	104.2290836653386
232	30	1	28.363273453093818	77.62874251497004
232	31	1	47.396000000000015	69.01600000000005
232	32	1	150.063872255489	54.63273453093815
232	33	1	79.67265469061881	157.29540918163676
232	34	1	92.87225548902197	181.8423153692616
232	35	1	181.13200000000006	168.26799999999997
232	36	1	140.81999999999982	146.44400000000007
232	37	1	79.07399999999998	95.43399999999998
232	38	1	146.12199999999993	2.9019999999999966
232	39	1	144.58800000000008	174.65800000000007
232	40	1	155.82834331337332	153.13572854291408
232	41	1	101.82634730538922	159.99401197604791
232	42	1	77.58882235528944	20.301397205588835
232	43	1	61.940000000000026	90.04400000000004
232	44	1	194.356	88.84199999999998
232	45	1	113.69600000000008	134.20600000000005
233	1	2	4.959999999999995	4.979999999999998
233	2	2	4.944	45.03600000000001
233	3	2	4.877049180327865	84.87704918032787
233	4	2	4.877049180327865	125.1229508196721
233	5	2	5.036000000000001	164.9400000000001
233	6	2	45.027999999999984	4.912000000000001
233	7	2	45.00000000000003	45.00000000000002
233	8	2	45.132	85.40399999999994
233	9	2	45.00000000000003	124.99999999999997
233	10	2	45.012	165.10399999999987
233	11	2	84.87704918032783	5.1229508196721305
233	12	2	85.01200000000003	45.040000000000006
233	13	2	84.952	84.93999999999998
233	14	2	85.01600000000005	125.156
233	15	2	85.52479338842977	165.68595041322322
233	16	2	124.69999999999996	5.000000000000002
233	17	2	124.89200000000002	45.06400000000003
233	18	2	125.03599999999999	84.83200000000001
233	19	2	125.13199999999999	124.59600000000003
233	20	2	125.25714285714291	165.51428571428562
233	21	2	165.03599999999994	5.088
233	22	2	164.97999999999996	45.10399999999999
233	23	2	164.87999999999994	85.09200000000003
233	24	2	164.99999999999994	124.99999999999997
233	25	2	164.90400000000002	164.86799999999994
233	26	1	19.96015936254981	119.23107569721114
233	27	1	64.37125748502999	180.77245508982045
233	28	1	113.78087649402393	149.26693227091636
233	29	1	26.299401197604798	104.25349301397203
233	30	1	28.409181636726565	77.58283433133735
233	31	1	47.36327345309383	69.00798403193609
233	32	1	150.26600000000005	54.893999999999984
233	33	1	79.56487025948105	157.44311377245515
233	34	1	92.88200000000009	181.774
233	35	1	181.18562874251492	168.35129740518965
233	36	1	140.82634730538922	146.4391217564868
233	37	1	78.99800000000002	95.44600000000001
233	38	1	146.13000000000014	2.857999999999998
233	39	1	144.54890219560878	174.60878243512988
233	40	1	155.87624750499	153.04590818363283
233	41	1	101.91400000000002	160.0440000000001
233	42	1	77.61000000000001	20.271999999999984
233	43	1	61.89199999999998	90.13200000000008
233	44	1	194.5189620758483	88.90618762475049
233	45	1	113.67465069860285	134.181636726547
234	1	2	4.959999999999995	4.979999999999998
234	2	2	4.944	45.03600000000001
234	3	2	4.877049180327865	84.87704918032787
234	4	2	4.877049180327865	125.1229508196721
234	5	2	5.036000000000001	164.9400000000001
234	6	2	45.027999999999984	4.912000000000001
234	7	2	45.00000000000003	45.00000000000002
234	8	2	45.132	85.40399999999994
234	9	2	45.00000000000003	124.99999999999997
234	10	2	45.012	165.10399999999987
234	11	2	84.87704918032783	5.1229508196721305
234	12	2	85.01200000000003	45.040000000000006
234	13	2	84.952	84.93999999999998
234	14	2	85.01600000000005	125.156
234	15	2	85.52479338842977	165.68595041322322
234	16	2	124.69999999999996	5.000000000000002
234	17	2	124.89200000000002	45.06400000000003
234	18	2	125.03599999999999	84.83200000000001
234	19	2	125.13199999999999	124.59600000000003
234	20	2	125.25714285714291	165.51428571428562
234	21	2	165.03599999999994	5.088
234	22	2	164.97999999999996	45.10399999999999
234	23	2	164.87999999999994	85.09200000000003
234	24	2	164.99999999999994	124.99999999999997
234	25	2	164.90400000000002	164.86799999999994
234	26	1	19.989979959919832	119.20240480961924
234	27	1	64.36400000000002	180.71600000000004
234	28	1	113.78043912175659	149.1596806387225
234	29	1	26.386454183266952	104.20318725099597
234	30	1	28.42430278884464	77.53585657370519
234	31	1	47.38323353293415	69.01197604790414
234	32	1	150.39165009940353	55.03777335984097
234	33	1	79.47105788423147	157.57085828343332
234	34	1	92.864	181.7639999999999
234	35	1	181.2709163346615	168.55976095617527
234	36	1	140.82834331337304	146.39720558882226
234	37	1	79.00597609561758	95.4900398406375
234	38	1	146.20600000000002	2.6820000000000013
234	39	1	144.44799999999998	174.51999999999995
234	40	1	155.91616766467067	152.91217564870263
234	41	1	101.97405189620754	160.14371257485027
234	42	1	77.62275449101797	20.303393213572853
234	43	1	61.8682634730539	90.09980039920158
234	44	1	194.69539078156313	88.90380761523052
234	45	1	113.69061876247508	134.181636726547
235	1	2	4.959999999999995	4.979999999999998
235	2	2	4.944	45.03600000000001
235	3	2	4.877049180327865	84.87704918032787
235	4	2	4.877049180327865	125.1229508196721
235	5	2	5.036000000000001	164.9400000000001
235	6	2	45.027999999999984	4.912000000000001
235	7	2	45.00000000000003	45.00000000000002
235	8	2	45.132	85.40399999999994
235	9	2	45.00000000000003	124.99999999999997
235	10	2	45.012	165.10399999999987
235	11	2	84.87704918032783	5.1229508196721305
235	12	2	85.01200000000003	45.040000000000006
235	13	2	84.952	84.93999999999998
235	14	2	85.01600000000005	125.156
235	15	2	85.52479338842977	165.68595041322322
235	16	2	124.69999999999996	5.000000000000002
235	17	2	124.89200000000002	45.06400000000003
235	18	2	125.03599999999999	84.83200000000001
235	19	2	125.13199999999999	124.59600000000003
235	20	2	125.25714285714291	165.51428571428562
235	21	2	165.03599999999994	5.088
235	22	2	164.97999999999996	45.10399999999999
235	23	2	164.87999999999994	85.09200000000003
235	24	2	164.99999999999994	124.99999999999997
235	25	2	164.90400000000002	164.86799999999994
235	26	1	20.118000000000006	119.24799999999996
235	27	1	64.39000000000001	180.7480000000001
235	28	1	113.76294820717138	149.10557768924295
235	29	1	26.590818363273453	104.2095808383233
235	30	1	28.47305389221557	77.62874251497007
235	31	1	47.51102204408817	68.96793587174355
235	32	1	150.48804780876512	55.16135458167331
235	33	1	79.3992015968064	157.6447105788424
235	34	1	93.01397205588816	181.69860279441102
235	35	1	181.433133732535	168.83632734530943
235	36	1	140.82834331337304	146.39720558882226
235	37	1	78.93812375249509	95.52694610778437
235	38	1	146.23399999999992	2.5360000000000005
235	39	1	144.43599999999986	174.44799999999995
235	40	1	156.0399201596805	152.86626746506982
235	41	1	102.01397205588815	160.1656686626747
235	42	1	77.72255489021957	20.419161676646688
235	43	1	61.84400000000001	90.07199999999999
235	44	1	194.772	88.93200000000006
235	45	1	113.64271457085823	134.17165668662673
236	1	2	4.959999999999995	4.979999999999998
236	2	2	4.944	45.03600000000001
236	3	2	4.877049180327865	84.87704918032787
236	4	2	4.877049180327865	125.1229508196721
236	5	2	5.036000000000001	164.9400000000001
236	6	2	45.027999999999984	4.912000000000001
236	7	2	45.00000000000003	45.00000000000002
236	8	2	45.132	85.40399999999994
236	9	2	45.00000000000003	124.99999999999997
236	10	2	45.012	165.10399999999987
236	11	2	84.87704918032783	5.1229508196721305
236	12	2	85.01200000000003	45.040000000000006
236	13	2	84.952	84.93999999999998
236	14	2	85.01600000000005	125.156
236	15	2	85.52479338842977	165.68595041322322
236	16	2	124.69999999999996	5.000000000000002
236	17	2	124.89200000000002	45.06400000000003
236	18	2	125.03599999999999	84.83200000000001
236	19	2	125.13199999999999	124.59600000000003
236	20	2	125.25714285714291	165.51428571428562
236	21	2	165.03599999999994	5.088
236	22	2	164.97999999999996	45.10399999999999
236	23	2	164.87999999999994	85.09200000000003
236	24	2	164.99999999999994	124.99999999999997
236	25	2	164.90400000000002	164.86799999999994
236	26	1	20.127744510978047	119.25948103792412
236	27	1	64.32934131736526	180.70059880239515
236	28	1	113.78926441351884	149.13121272365802
236	29	1	26.728542914171673	104.27944111776453
236	30	1	28.530938123752513	77.75249500998
236	31	1	47.61200000000001	68.90800000000011
236	32	1	150.6434262948206	55.39840637450194
236	33	1	79.35200000000002	157.80400000000003
236	34	1	93.05200000000004	181.65399999999997
236	35	1	181.5189620758483	168.96207584830321
236	36	1	140.8862275449102	146.43912175648694
236	37	1	78.83800000000016	95.54200000000009
236	38	1	146.20758483033956	2.5269461077844295
236	39	1	144.48200000000008	174.40800000000013
236	40	1	156.14400000000018	152.7840000000001
236	41	1	102.04999999999991	160.09599999999986
236	42	1	77.63872255489018	20.37125748502996
236	43	1	61.784000000000006	90.13199999999998
236	44	1	194.80439121756487	88.93812375249499
236	45	1	113.6786427145709	134.18363273453093
237	1	2	4.959999999999995	4.979999999999998
237	2	2	4.944	45.03600000000001
237	3	2	4.877049180327865	84.87704918032787
237	4	2	4.877049180327865	125.1229508196721
237	5	2	5.036000000000001	164.9400000000001
237	6	2	45.027999999999984	4.912000000000001
237	7	2	45.00000000000003	45.00000000000002
237	8	2	45.132	85.40399999999994
237	9	2	45.00000000000003	124.99999999999997
237	10	2	45.012	165.10399999999987
237	11	2	84.87704918032783	5.1229508196721305
237	12	2	85.01200000000003	45.040000000000006
237	13	2	84.952	84.93999999999998
237	14	2	85.01600000000005	125.156
237	15	2	85.52479338842977	165.68595041322322
237	16	2	124.69999999999996	5.000000000000002
237	17	2	124.89200000000002	45.06400000000003
237	18	2	125.03599999999999	84.83200000000001
237	19	2	125.13199999999999	124.59600000000003
237	20	2	125.25714285714291	165.51428571428562
237	21	2	165.03599999999994	5.088
237	22	2	164.97999999999996	45.10399999999999
237	23	2	164.87999999999994	85.09200000000003
237	24	2	164.99999999999994	124.99999999999997
237	25	2	164.90400000000002	164.86799999999994
237	26	1	20.140000000000008	119.30400000000003
237	27	1	64.28884462151395	180.69920318725102
237	28	1	113.86227544910169	149.06786427145718
237	29	1	26.761999999999993	104.312
237	30	1	28.539840637450208	77.81274900398407
237	31	1	47.67065868263471	68.89620758483036
237	32	1	150.7669322709164	55.48605577689243
237	33	1	79.35528942115772	157.88622754491004
237	34	1	93.03599999999997	181.6559999999999
237	35	1	181.51097804391222	168.96606786427134
237	36	1	140.96800000000002	146.2959999999999
237	37	1	78.83233532934125	95.55688622754496
237	38	1	146.20717131474106	2.507968127490034
237	39	1	144.38600000000008	174.35399999999996
237	40	1	156.21157684630742	152.68463073852286
237	41	1	102.12774451097802	160.12974051896208
237	42	1	77.75099601593625	20.46613545816733
237	43	1	61.760479041916135	90.17165668662678
237	44	1	194.934	88.96600000000001
237	45	1	113.74051896207584	134.1876247504991
238	1	2	4.959999999999995	4.979999999999998
238	2	2	4.944	45.03600000000001
238	3	2	4.877049180327865	84.87704918032787
238	4	2	4.877049180327865	125.1229508196721
238	5	2	5.036000000000001	164.9400000000001
238	6	2	45.027999999999984	4.912000000000001
238	7	2	45.00000000000003	45.00000000000002
238	8	2	45.132	85.40399999999994
238	9	2	45.00000000000003	124.99999999999997
238	10	2	45.012	165.10399999999987
238	11	2	84.87704918032783	5.1229508196721305
238	12	2	85.01200000000003	45.040000000000006
238	13	2	84.952	84.93999999999998
238	14	2	85.01600000000005	125.156
238	15	2	85.52479338842977	165.68595041322322
238	16	2	124.69999999999996	5.000000000000002
238	17	2	124.89200000000002	45.06400000000003
238	18	2	125.03599999999999	84.83200000000001
238	19	2	125.13199999999999	124.59600000000003
238	20	2	125.25714285714291	165.51428571428562
238	21	2	165.03599999999994	5.088
238	22	2	164.97999999999996	45.10399999999999
238	23	2	164.87999999999994	85.09200000000003
238	24	2	164.99999999999994	124.99999999999997
238	25	2	164.90400000000002	164.86799999999994
238	26	1	20.08565737051791	119.26494023904381
238	27	1	64.35399999999998	180.63399999999993
238	28	1	113.85429141716565	149.0199600798404
238	29	1	26.923847695390766	104.42484969939888
238	30	1	28.5748502994012	77.95808383233536
238	31	1	47.75449101796408	68.87624750498996
238	32	1	150.84231536926148	55.536926147704605
238	33	1	79.366	157.95599999999976
238	34	1	93.0658682634731	181.59680638722566
238	35	1	181.5149700598801	169.09381237524934
238	36	1	141.02400000000003	146.28799999999998
238	37	1	78.78528827037782	95.55268389662024
238	38	1	146.22000000000006	2.4239999999999986
238	39	1	144.25349301397185	174.31736526946122
238	40	1	156.3967935871744	152.55911823647278
238	41	1	102.24750499001992	160.14570858283435
238	42	1	77.76646706586828	20.475049900199597
238	43	1	61.66999999999998	90.2400000000001
238	44	1	194.9601593625498	89.00597609561747
238	45	1	113.74051896207584	134.1876247504991
239	1	2	4.959999999999995	4.979999999999998
239	2	2	4.944	45.03600000000001
239	3	2	4.877049180327865	84.87704918032787
239	4	2	4.877049180327865	125.1229508196721
239	5	2	5.036000000000001	164.9400000000001
239	6	2	45.027999999999984	4.912000000000001
239	7	2	45.00000000000003	45.00000000000002
239	8	2	45.132	85.40399999999994
239	9	2	45.00000000000003	124.99999999999997
239	10	2	45.012	165.10399999999987
239	11	2	84.87704918032783	5.1229508196721305
239	12	2	85.01200000000003	45.040000000000006
239	13	2	84.952	84.93999999999998
239	14	2	85.01600000000005	125.156
239	15	2	85.52479338842977	165.68595041322322
239	16	2	124.69999999999996	5.000000000000002
239	17	2	124.89200000000002	45.06400000000003
239	18	2	125.03599999999999	84.83200000000001
239	19	2	125.13199999999999	124.59600000000003
239	20	2	125.25714285714291	165.51428571428562
239	21	2	165.03599999999994	5.088
239	22	2	164.97999999999996	45.10399999999999
239	23	2	164.87999999999994	85.09200000000003
239	24	2	164.99999999999994	124.99999999999997
239	25	2	164.90400000000002	164.86799999999994
239	26	1	20.14000000000001	119.34399999999994
239	27	1	64.37799999999997	180.48799999999986
239	28	1	113.85657370517937	149.00996015936263
239	29	1	27.11576846307385	104.53493013972053
239	30	1	28.630738522954097	78.06187624750493
239	31	1	47.818363273453045	68.84830339321347
239	32	1	150.86626746506974	55.52495009980044
239	33	1	79.32000000000001	157.972
239	34	1	93.18762475049898	181.55489021956086
239	35	1	181.51297405189618	169.10978043912178
239	36	1	140.98602794411192	146.18762475049897
239	37	1	78.65269461077843	95.56886227544905
239	38	1	146.22599999999983	2.314
239	39	1	144.13800000000006	174.25800000000007
239	40	1	156.47808764940237	152.51593625498026
239	41	1	102.27744510978046	160.10179640718553
239	42	1	77.75298804780877	20.446215139442238
239	43	1	61.62599999999998	90.22000000000004
239	44	1	195.02395209580837	89.07185628742519
239	45	1	113.82799999999997	134.1979999999999
240	1	2	4.959999999999995	4.979999999999998
240	2	2	4.944	45.03600000000001
240	3	2	4.877049180327865	84.87704918032787
240	4	2	4.877049180327865	125.1229508196721
240	5	2	5.036000000000001	164.9400000000001
240	6	2	45.027999999999984	4.912000000000001
240	7	2	45.00000000000003	45.00000000000002
240	8	2	45.132	85.40399999999994
240	9	2	45.00000000000003	124.99999999999997
240	10	2	45.012	165.10399999999987
240	11	2	84.87704918032783	5.1229508196721305
240	12	2	85.01200000000003	45.040000000000006
240	13	2	84.952	84.93999999999998
240	14	2	85.01600000000005	125.156
240	15	2	85.52479338842977	165.68595041322322
240	16	2	124.69999999999996	5.000000000000002
240	17	2	124.89200000000002	45.06400000000003
240	18	2	125.03599999999999	84.83200000000001
240	19	2	125.13199999999999	124.59600000000003
240	20	2	125.25714285714291	165.51428571428562
240	21	2	165.03599999999994	5.088
240	22	2	164.97999999999996	45.10399999999999
240	23	2	164.87999999999994	85.09200000000003
240	24	2	164.99999999999994	124.99999999999997
240	25	2	164.90400000000002	164.86799999999994
240	26	1	20.235528942115742	119.43912175648704
240	27	1	64.33333333333333	180.45908183632753
240	28	1	113.9021956087824	148.98203592814377
240	29	1	27.10179640718562	104.50499001996008
240	30	1	28.640718562874273	77.99600798403208
240	31	1	47.78642714570859	68.9201596806387
240	32	1	150.94211576846317	55.51097804391221
240	33	1	79.33932135728547	157.97804391217562
240	34	1	93.206	181.52600000000015
240	35	1	181.49900199600808	169.14970059880218
240	36	1	141.00399201596818	146.09980039920165
240	37	1	78.56487025948103	95.60878243512978
240	38	1	146.218	2.0599999999999987
240	39	1	144.1932270916334	174.2629482071713
240	40	1	156.49301397205605	152.43113772455087
240	41	1	102.33932135728544	160.15968063872253
240	42	1	77.75599999999997	20.432000000000006
240	43	1	61.52191235059759	90.18525896414336
240	44	1	195.20159680638722	89.20958083832343
240	45	1	113.89442231075698	134.24701195219117
241	1	2	4.959999999999995	4.979999999999998
241	2	2	4.944	45.03600000000001
241	3	2	4.877049180327865	84.87704918032787
241	4	2	4.877049180327865	125.1229508196721
241	5	2	5.036000000000001	164.9400000000001
241	6	2	45.027999999999984	4.912000000000001
241	7	2	45.00000000000003	45.00000000000002
241	8	2	45.132	85.40399999999994
241	9	2	45.00000000000003	124.99999999999997
241	10	2	45.012	165.10399999999987
241	11	2	84.87704918032783	5.1229508196721305
241	12	2	85.01200000000003	45.040000000000006
241	13	2	84.952	84.93999999999998
241	14	2	85.01600000000005	125.156
241	15	2	85.52479338842977	165.68595041322322
241	16	2	124.69999999999996	5.000000000000002
241	17	2	124.89200000000002	45.06400000000003
241	18	2	125.03599999999999	84.83200000000001
241	19	2	125.13199999999999	124.59600000000003
241	20	2	125.25714285714291	165.51428571428562
241	21	2	165.03599999999994	5.088
241	22	2	164.97999999999996	45.10399999999999
241	23	2	164.87999999999994	85.09200000000003
241	24	2	164.99999999999994	124.99999999999997
241	25	2	164.90400000000002	164.86799999999994
241	26	1	20.19438877755512	119.4008016032064
241	27	1	64.31536926147707	180.26546906187616
241	28	1	113.91035856573704	148.8804780876493
241	29	1	27.141716566866258	104.55688622754484
241	30	1	28.650698602794424	78.00399201596808
241	31	1	47.810000000000024	68.9
241	32	1	151.0439121756487	55.57085828343317
241	33	1	79.33999999999992	158.05600000000004
241	34	1	93.21357285429143	181.50099800399212
241	35	1	181.45908183632733	169.15968063872265
241	36	1	140.99800000000016	146.05400000000012
241	37	1	78.45109780439124	95.65469061876242
241	38	1	146.36726546906206	1.8223552894211548
241	39	1	144.21357285429144	174.17365269461092
241	40	1	156.5996015936256	152.32270916334647
241	41	1	102.384	160.19199999999998
241	42	1	77.7684630738523	20.43113772455091
241	43	1	61.43912175648702	90.09780439121762
241	44	1	195.316	89.24599999999995
241	45	1	113.878	134.21400000000017
242	1	2	4.959999999999995	4.979999999999998
242	2	2	4.944	45.03600000000001
242	3	2	4.877049180327865	84.87704918032787
242	4	2	4.877049180327865	125.1229508196721
242	5	2	5.036000000000001	164.9400000000001
242	6	2	45.027999999999984	4.912000000000001
242	7	2	45.00000000000003	45.00000000000002
242	8	2	45.132	85.40399999999994
242	9	2	45.00000000000003	124.99999999999997
242	10	2	45.012	165.10399999999987
242	11	2	84.87704918032783	5.1229508196721305
242	12	2	85.01200000000003	45.040000000000006
242	13	2	84.952	84.93999999999998
242	14	2	85.01600000000005	125.156
242	15	2	85.52479338842977	165.68595041322322
242	16	2	124.69999999999996	5.000000000000002
242	17	2	124.89200000000002	45.06400000000003
242	18	2	125.03599999999999	84.83200000000001
242	19	2	125.13199999999999	124.59600000000003
242	20	2	125.25714285714291	165.51428571428562
242	21	2	165.03599999999994	5.088
242	22	2	164.97999999999996	45.10399999999999
242	23	2	164.87999999999994	85.09200000000003
242	24	2	164.99999999999994	124.99999999999997
242	25	2	164.90400000000002	164.86799999999994
242	26	1	20.251497005988035	119.4011976047904
242	27	1	64.36254980079683	180.14940239043827
242	28	1	113.90019960079835	148.79840319361284
242	29	1	27.133999999999997	104.46799999999998
242	30	1	28.702594810379228	78.05189620758486
242	31	1	47.868263473053936	68.85029940119769
242	32	1	151.2075848303393	55.65668662674652
242	33	1	79.34599999999995	158.0580000000001
242	34	1	93.31872509960155	181.42430278884447
242	35	1	181.53199999999984	169.30599999999978
242	36	1	141.01197604790443	145.93213572854285
242	37	1	78.41633466135464	95.69521912350595
242	38	1	146.32934131736533	1.7205588822355298
242	39	1	144.12974051896214	174.04790419161677
242	40	1	156.72854291417175	152.27744510978053
242	41	1	102.40599999999996	160.1000000000002
242	42	1	77.82599999999995	20.442000000000018
242	43	1	61.32734530938124	90.02195608782442
242	44	1	195.32934131736528	89.28143712574858
242	45	1	113.93999999999997	134.24200000000008
243	1	2	4.959999999999995	4.979999999999998
243	2	2	4.944	45.03600000000001
243	3	2	4.877049180327865	84.87704918032787
243	4	2	4.877049180327865	125.1229508196721
243	5	2	5.036000000000001	164.9400000000001
243	6	2	45.027999999999984	4.912000000000001
243	7	2	45.00000000000003	45.00000000000002
243	8	2	45.132	85.40399999999994
243	9	2	45.00000000000003	124.99999999999997
243	10	2	45.012	165.10399999999987
243	11	2	84.87704918032783	5.1229508196721305
243	12	2	85.01200000000003	45.040000000000006
243	13	2	84.952	84.93999999999998
243	14	2	85.01600000000005	125.156
243	15	2	85.52479338842977	165.68595041322322
243	16	2	124.69999999999996	5.000000000000002
243	17	2	124.89200000000002	45.06400000000003
243	18	2	125.03599999999999	84.83200000000001
243	19	2	125.13199999999999	124.59600000000003
243	20	2	125.25714285714291	165.51428571428562
243	21	2	165.03599999999994	5.088
243	22	2	164.97999999999996	45.10399999999999
243	23	2	164.87999999999994	85.09200000000003
243	24	2	164.99999999999994	124.99999999999997
243	25	2	164.90400000000002	164.86799999999994
243	26	1	20.190380761523034	119.27855711422838
243	27	1	64.35999999999994	180.09999999999988
243	28	1	113.90219560878252	148.78842315369275
243	29	1	27.149700598802397	104.48303393213565
243	30	1	28.726546906187608	78.06586826347304
243	31	1	47.91017964071856	68.79840319361277
243	32	1	151.3187250996016	55.57370517928287
243	33	1	79.32999999999993	158.07000000000014
243	34	1	93.29799999999994	181.32599999999988
243	35	1	181.55089820359268	169.34331337325338
243	36	1	140.94610778443112	145.8423153692615
243	37	1	78.3852295409182	95.70459081836324
243	38	1	146.35400000000004	1.6359999999999992
243	39	1	144.08782435129737	173.9780439121757
243	40	1	156.75049900199613	152.32734530938137
243	41	1	102.40319361277449	160.0439121756485
243	42	1	77.79041916167667	20.44311377245506
243	43	1	61.32534930139722	90.01996007984035
243	44	1	195.392	89.31999999999995
243	45	1	113.93999999999997	134.24200000000008
244	1	2	4.959999999999995	4.979999999999998
244	2	2	4.944	45.03600000000001
244	3	2	4.877049180327865	84.87704918032787
244	4	2	4.877049180327865	125.1229508196721
244	5	2	5.036000000000001	164.9400000000001
244	6	2	45.027999999999984	4.912000000000001
244	7	2	45.00000000000003	45.00000000000002
244	8	2	45.132	85.40399999999994
244	9	2	45.00000000000003	124.99999999999997
244	10	2	45.012	165.10399999999987
244	11	2	84.87704918032783	5.1229508196721305
244	12	2	85.01200000000003	45.040000000000006
244	13	2	84.952	84.93999999999998
244	14	2	85.01600000000005	125.156
244	15	2	85.52479338842977	165.68595041322322
244	16	2	124.69999999999996	5.000000000000002
244	17	2	124.89200000000002	45.06400000000003
244	18	2	125.03599999999999	84.83200000000001
244	19	2	125.13199999999999	124.59600000000003
244	20	2	125.25714285714291	165.51428571428562
244	21	2	165.03599999999994	5.088
244	22	2	164.97999999999996	45.10399999999999
244	23	2	164.87999999999994	85.09200000000003
244	24	2	164.99999999999994	124.99999999999997
244	25	2	164.90400000000002	164.86799999999994
244	26	1	20.18799999999998	119.37799999999999
244	27	1	64.41	180.05
244	28	1	113.94610778443118	148.76047904191623
244	29	1	27.193612774451108	104.52694610778445
244	30	1	28.70858283433134	78.12375249500992
244	31	1	47.93013972055888	68.79041916167665
244	32	1	151.4342629482072	55.66932270916337
244	33	1	79.32135728542906	158.06786427145704
244	34	1	93.33400000000005	181.25400000000005
244	35	1	181.68000000000012	169.56199999999998
244	36	1	140.932135728543	145.64071856287438
244	37	1	78.21600000000002	95.71399999999994
244	38	1	146.33799999999997	1.6200000000000017
244	39	1	144.0718562874253	173.86427145708586
244	40	1	156.86400000000003	152.29000000000013
244	41	1	102.49301397205586	160.06786427145713
244	42	1	77.84799999999998	20.416000000000007
244	43	1	61.30738522954093	90.04590818363275
244	44	1	195.50898203592814	89.39520958083837
244	45	1	113.87199999999994	134.2039999999999
245	1	2	4.959999999999995	4.979999999999998
245	2	2	4.944	45.03600000000001
245	3	2	4.877049180327865	84.87704918032787
245	4	2	4.877049180327865	125.1229508196721
245	5	2	5.036000000000001	164.9400000000001
245	6	2	45.027999999999984	4.912000000000001
245	7	2	45.00000000000003	45.00000000000002
245	8	2	45.132	85.40399999999994
245	9	2	45.00000000000003	124.99999999999997
245	10	2	45.012	165.10399999999987
245	11	2	84.87704918032783	5.1229508196721305
245	12	2	85.01200000000003	45.040000000000006
245	13	2	84.952	84.93999999999998
245	14	2	85.01600000000005	125.156
245	15	2	85.52479338842977	165.68595041322322
245	16	2	124.69999999999996	5.000000000000002
245	17	2	124.89200000000002	45.06400000000003
245	18	2	125.03599999999999	84.83200000000001
245	19	2	125.13199999999999	124.59600000000003
245	20	2	125.25714285714291	165.51428571428562
245	21	2	165.03599999999994	5.088
245	22	2	164.97999999999996	45.10399999999999
245	23	2	164.87999999999994	85.09200000000003
245	24	2	164.99999999999994	124.99999999999997
245	25	2	164.90400000000002	164.86799999999994
245	26	1	20.268924302788843	119.45617529880482
245	27	1	64.32335329341319	179.95409181636745
245	28	1	113.92384769539079	148.6793587174348
245	29	1	27.28942115768463	104.52095808383228
245	30	1	28.746000000000002	78.14399999999992
245	31	1	47.98203592814368	68.7165668662675
245	32	1	151.46307385229542	55.363273453093775
245	33	1	79.27599999999991	158.1460000000001
245	34	1	93.3386454183267	181.2768924302787
245	35	1	181.68924302788838	169.68326693227084
245	36	1	140.9340000000001	145.49400000000009
245	37	1	78.02600000000005	95.74400000000007
245	38	1	146.3280000000001	1.5600000000000025
245	39	1	143.96015936254994	173.74501992031878
245	40	1	156.93013972055894	152.27345309381212
245	41	1	102.548	160.02999999999994
245	42	1	77.86999999999998	20.474
245	43	1	61.25349301397207	90.07584830339314
245	44	1	195.612	89.46399999999993
245	45	1	113.90818363273448	134.2115768463073
246	1	2	4.959999999999995	4.979999999999998
246	2	2	4.944	45.03600000000001
246	3	2	4.877049180327865	84.87704918032787
246	4	2	4.877049180327865	125.1229508196721
246	5	2	5.036000000000001	164.9400000000001
246	6	2	45.027999999999984	4.912000000000001
246	7	2	45.00000000000003	45.00000000000002
246	8	2	45.132	85.40399999999994
246	9	2	45.00000000000003	124.99999999999997
246	10	2	45.012	165.10399999999987
246	11	2	84.87704918032783	5.1229508196721305
246	12	2	85.01200000000003	45.040000000000006
246	13	2	84.952	84.93999999999998
246	14	2	85.01600000000005	125.156
246	15	2	85.52479338842977	165.68595041322322
246	16	2	124.69999999999996	5.000000000000002
246	17	2	124.89200000000002	45.06400000000003
246	18	2	125.03599999999999	84.83200000000001
246	19	2	125.13199999999999	124.59600000000003
246	20	2	125.25714285714291	165.51428571428562
246	21	2	165.03599999999994	5.088
246	22	2	164.97999999999996	45.10399999999999
246	23	2	164.87999999999994	85.09200000000003
246	24	2	164.99999999999994	124.99999999999997
246	25	2	164.90400000000002	164.86799999999994
246	26	1	20.207999999999984	119.43999999999991
246	27	1	64.308	179.87200000000007
246	28	1	113.95599999999997	148.69399999999996
246	29	1	27.37125748502995	104.58882235528938
246	30	1	28.787999999999993	78.124
246	31	1	48.025999999999996	68.59799999999998
246	32	1	151.48207171314746	55.418326693227144
246	33	1	79.23799999999996	158.16000000000003
246	34	1	93.35599999999995	181.19599999999983
246	35	1	181.71000000000004	169.87999999999994
246	36	1	140.95399999999992	145.40999999999985
246	37	1	78.00399201596802	95.88223552894219
246	38	1	146.37524950099802	1.4491017964071822
246	39	1	143.9201596806389	173.6247504990021
246	40	1	157.06813627254502	152.27054108216427
246	41	1	102.556886227545	159.9760479041916
246	42	1	77.87425149700604	20.497005988023954
246	43	1	61.059999999999995	90.07600000000001
246	44	1	195.66	89.47999999999999
246	45	1	113.99599198396793	134.16633266533083
247	1	2	4.959999999999995	4.979999999999998
247	2	2	4.944	45.03600000000001
247	3	2	4.877049180327865	84.87704918032787
247	4	2	4.877049180327865	125.1229508196721
247	5	2	5.036000000000001	164.9400000000001
247	6	2	45.027999999999984	4.912000000000001
247	7	2	45.00000000000003	45.00000000000002
247	8	2	45.132	85.40399999999994
247	9	2	45.00000000000003	124.99999999999997
247	10	2	45.012	165.10399999999987
247	11	2	84.87704918032783	5.1229508196721305
247	12	2	85.01200000000003	45.040000000000006
247	13	2	84.952	84.93999999999998
247	14	2	85.01600000000005	125.156
247	15	2	85.52479338842977	165.68595041322322
247	16	2	124.69999999999996	5.000000000000002
247	17	2	124.89200000000002	45.06400000000003
247	18	2	125.03599999999999	84.83200000000001
247	19	2	125.13199999999999	124.59600000000003
247	20	2	125.25714285714291	165.51428571428562
247	21	2	165.03599999999994	5.088
247	22	2	164.97999999999996	45.10399999999999
247	23	2	164.87999999999994	85.09200000000003
247	24	2	164.99999999999994	124.99999999999997
247	25	2	164.90400000000002	164.86799999999994
247	26	1	20.161676646706585	119.42514970059882
247	27	1	64.32934131736526	179.8123752495009
247	28	1	113.99000000000004	148.64800000000002
247	29	1	27.462000000000014	104.73600000000002
247	30	1	28.820717131474083	78.12549800796809
247	31	1	48.109999999999964	68.48000000000002
247	32	1	151.5260000000001	55.47800000000001
247	33	1	79.25599999999999	158.15600000000003
247	34	1	93.45508982035928	181.16566866267456
247	35	1	181.74501992031867	169.92430278884464
247	36	1	141.004	145.38600000000002
247	37	1	77.96799999999996	95.88600000000007
247	38	1	146.31599999999997	1.238000000000006
247	39	1	143.85628742514967	173.56287425149696
247	40	1	157.15200000000013	152.254
247	41	1	102.63200000000002	160.07000000000005
247	42	1	77.8483033932136	20.506986027944123
247	43	1	60.946107784431135	89.95009980039924
247	44	1	195.73453093812375	89.43512974051906
247	45	1	113.96000000000006	134.17399999999995
248	1	2	4.959999999999995	4.979999999999998
248	2	2	4.944	45.03600000000001
248	3	2	4.877049180327865	84.87704918032787
248	4	2	4.877049180327865	125.1229508196721
248	5	2	5.036000000000001	164.9400000000001
248	6	2	45.027999999999984	4.912000000000001
248	7	2	45.00000000000003	45.00000000000002
248	8	2	45.132	85.40399999999994
248	9	2	45.00000000000003	124.99999999999997
248	10	2	45.012	165.10399999999987
248	11	2	84.87704918032783	5.1229508196721305
248	12	2	85.01200000000003	45.040000000000006
248	13	2	84.952	84.93999999999998
248	14	2	85.01600000000005	125.156
248	15	2	85.52479338842977	165.68595041322322
248	16	2	124.69999999999996	5.000000000000002
248	17	2	124.89200000000002	45.06400000000003
248	18	2	125.03599999999999	84.83200000000001
248	19	2	125.13199999999999	124.59600000000003
248	20	2	125.25714285714291	165.51428571428562
248	21	2	165.03599999999994	5.088
248	22	2	164.97999999999996	45.10399999999999
248	23	2	164.87999999999994	85.09200000000003
248	24	2	164.99999999999994	124.99999999999997
248	25	2	164.90400000000002	164.86799999999994
248	26	1	20.183266932270904	119.49003984063745
248	27	1	64.29940119760482	179.7465069860281
248	28	1	114.01996007984036	148.7145708582833
248	29	1	27.52191235059759	104.74900398406385
248	30	1	28.839999999999996	78.15800000000002
248	31	1	48.26452905811622	68.31863727454909
248	32	1	151.48103792415176	55.45508982035921
248	33	1	79.17165668662676	158.233532934132
248	34	1	93.46799999999993	181.07599999999988
248	35	1	181.89421157684632	170.13373253493015
248	36	1	141.0159680638723	145.21157684630737
248	37	1	77.87425149700591	95.93413173652708
248	38	1	146.26494023904385	1.161354581673308
248	39	1	143.81037924151684	173.51896207584835
248	40	1	157.2111553784861	152.22709163346605
248	41	1	102.666	159.9939999999999
248	42	1	77.8562874251497	20.53892215568863
248	43	1	60.81800000000002	89.858
248	44	1	195.7864271457086	89.46107784431132
248	45	1	114.05988023952108	134.20558882235537
249	1	2	4.959999999999995	4.979999999999998
249	2	2	4.944	45.03600000000001
249	3	2	4.877049180327865	84.87704918032787
249	4	2	4.877049180327865	125.1229508196721
249	5	2	5.036000000000001	164.9400000000001
249	6	2	45.027999999999984	4.912000000000001
249	7	2	45.00000000000003	45.00000000000002
249	8	2	45.132	85.40399999999994
249	9	2	45.00000000000003	124.99999999999997
249	10	2	45.012	165.10399999999987
249	11	2	84.87704918032783	5.1229508196721305
249	12	2	85.01200000000003	45.040000000000006
249	13	2	84.952	84.93999999999998
249	14	2	85.01600000000005	125.156
249	15	2	85.52479338842977	165.68595041322322
249	16	2	124.69999999999996	5.000000000000002
249	17	2	124.89200000000002	45.06400000000003
249	18	2	125.03599999999999	84.83200000000001
249	19	2	125.13199999999999	124.59600000000003
249	20	2	125.25714285714291	165.51428571428562
249	21	2	165.03599999999994	5.088
249	22	2	164.97999999999996	45.10399999999999
249	23	2	164.87999999999994	85.09200000000003
249	24	2	164.99999999999994	124.99999999999997
249	25	2	164.90400000000002	164.86799999999994
249	26	1	20.189620758483052	119.42514970059877
249	27	1	64.27888446215138	179.609561752988
249	28	1	113.99001996007983	148.68063872255476
249	29	1	27.652694610778443	104.78243512974053
249	30	1	28.80439121756489	78.14770459081832
249	31	1	48.30278884462154	68.18525896414347
249	32	1	151.51696606786413	55.26147704590815
249	33	1	79.13772455089826	158.28942115768479
249	34	1	93.51097804391225	181.06586826347316
249	35	1	181.892	170.17199999999997
249	36	1	140.9960159362551	145.16733067729078
249	37	1	77.87649402390437	95.98406374501992
249	38	1	146.28087649402394	1.0418326693227071
249	39	1	143.76000000000005	173.46
249	40	1	157.19721115537857	152.19721115537862
249	41	1	102.66200000000003	159.91799999999998
249	42	1	77.93213572854287	20.598802395209578
249	43	1	60.75600000000002	89.80399999999996
249	44	1	195.854	89.51200000000007
249	45	1	114.13627254509018	134.19238476953907
250	1	2	4.959999999999995	4.979999999999998
250	2	2	4.944	45.03600000000001
250	3	2	4.877049180327865	84.87704918032787
250	4	2	4.877049180327865	125.1229508196721
250	5	2	5.036000000000001	164.9400000000001
250	6	2	45.027999999999984	4.912000000000001
250	7	2	45.00000000000003	45.00000000000002
250	8	2	45.132	85.40399999999994
250	9	2	45.00000000000003	124.99999999999997
250	10	2	45.012	165.10399999999987
250	11	2	84.87704918032783	5.1229508196721305
250	12	2	85.01200000000003	45.040000000000006
250	13	2	84.952	84.93999999999998
250	14	2	85.01600000000005	125.156
250	15	2	85.52479338842977	165.68595041322322
250	16	2	124.69999999999996	5.000000000000002
250	17	2	124.89200000000002	45.06400000000003
250	18	2	125.03599999999999	84.83200000000001
250	19	2	125.13199999999999	124.59600000000003
250	20	2	125.25714285714291	165.51428571428562
250	21	2	165.03599999999994	5.088
250	22	2	164.97999999999996	45.10399999999999
250	23	2	164.87999999999994	85.09200000000003
250	24	2	164.99999999999994	124.99999999999997
250	25	2	164.90400000000002	164.86799999999994
250	26	1	20.195608782435123	119.45908183632746
250	27	1	64.30060120240482	179.54108216432877
250	28	1	113.93799999999993	148.58599999999996
250	29	1	27.74600000000001	104.876
250	30	1	28.862275449101805	78.1516966067865
250	31	1	48.34262948207174	68.20916334661354
250	32	1	151.5309381237525	55.22954091816367
250	33	1	79.09980039920163	158.3512974051895
250	34	1	93.48902195608785	181.03792415169664
250	35	1	181.926	170.24800000000002
250	36	1	141.0019920318725	145.0498007968129
250	37	1	77.78999999999998	95.99599999999991
250	38	1	146.26599999999996	1.0300000000000025
250	39	1	143.67265469061874	173.38922155688607
250	40	1	157.26946107784428	152.1676646706589
250	41	1	102.74599999999992	159.998
250	42	1	78.04590818363278	20.630738522954115
250	43	1	60.62800000000002	89.85999999999996
250	44	1	195.93013972055888	89.56686626746502
250	45	1	114.15199999999996	134.20999999999998
251	1	2	4.959999999999995	4.979999999999998
251	2	2	4.944	45.03600000000001
251	3	2	4.877049180327865	84.87704918032787
251	4	2	4.877049180327865	125.1229508196721
251	5	2	5.036000000000001	164.9400000000001
251	6	2	45.027999999999984	4.912000000000001
251	7	2	45.00000000000003	45.00000000000002
251	8	2	45.132	85.40399999999994
251	9	2	45.00000000000003	124.99999999999997
251	10	2	45.012	165.10399999999987
251	11	2	84.87704918032783	5.1229508196721305
251	12	2	85.01200000000003	45.040000000000006
251	13	2	84.952	84.93999999999998
251	14	2	85.01600000000005	125.156
251	15	2	85.52479338842977	165.68595041322322
251	16	2	124.69999999999996	5.000000000000002
251	17	2	124.89200000000002	45.06400000000003
251	18	2	125.03599999999999	84.83200000000001
251	19	2	125.13199999999999	124.59600000000003
251	20	2	125.25714285714291	165.51428571428562
251	21	2	165.03599999999994	5.088
251	22	2	164.97999999999996	45.10399999999999
251	23	2	164.87999999999994	85.09200000000003
251	24	2	164.99999999999994	124.99999999999997
251	25	2	164.90400000000002	164.86799999999994
251	26	1	20.311377245508975	119.49500998003987
251	27	1	64.31936127744514	179.5708582834329
251	28	1	114.00400801603206	148.4789579158315
251	29	1	27.819639278557112	104.86172344689386
251	30	1	28.76693227091634	78.10358565737052
251	31	1	48.37924151696602	68.12175648702603
251	32	1	151.59561752988046	55.195219123505986
251	33	1	79.06586826347302	158.35329341317345
251	34	1	93.50199203187249	180.9820717131473
251	35	1	181.946	170.3719999999998
251	36	1	141.0239520958084	144.97005988023946
251	37	1	77.64471057884228	95.98003992015963
251	38	1	146.27145708582847	0.8363273453093778
251	39	1	143.5968063872255	173.2514970059882
251	40	1	157.3952095808384	151.97804391217548
251	41	1	102.81000000000003	159.9400000000003
251	42	1	78.08399999999996	20.633999999999975
251	43	1	60.582834331337345	89.84031936127742
251	44	1	195.978	89.61600000000003
251	45	1	114.10199999999998	134.20000000000005
252	1	2	4.959999999999995	4.979999999999998
252	2	2	4.944	45.03600000000001
252	3	2	4.877049180327865	84.87704918032787
252	4	2	4.877049180327865	125.1229508196721
252	5	2	5.036000000000001	164.9400000000001
252	6	2	45.027999999999984	4.912000000000001
252	7	2	45.00000000000003	45.00000000000002
252	8	2	45.132	85.40399999999994
252	9	2	45.00000000000003	124.99999999999997
252	10	2	45.012	165.10399999999987
252	11	2	84.87704918032783	5.1229508196721305
252	12	2	85.01200000000003	45.040000000000006
252	13	2	84.952	84.93999999999998
252	14	2	85.01600000000005	125.156
252	15	2	85.52479338842977	165.68595041322322
252	16	2	124.69999999999996	5.000000000000002
252	17	2	124.89200000000002	45.06400000000003
252	18	2	125.03599999999999	84.83200000000001
252	19	2	125.13199999999999	124.59600000000003
252	20	2	125.25714285714291	165.51428571428562
252	21	2	165.03599999999994	5.088
252	22	2	164.97999999999996	45.10399999999999
252	23	2	164.87999999999994	85.09200000000003
252	24	2	164.99999999999994	124.99999999999997
252	25	2	164.90400000000002	164.86799999999994
252	26	1	20.319361277445115	119.50698602794417
252	27	1	64.30538922155684	179.59281437125733
252	28	1	113.95999999999995	148.418
252	29	1	27.92199999999999	104.95200000000001
252	30	1	28.758483033932148	78.05588822355297
252	31	1	48.372000000000014	68.10399999999997
252	32	1	151.64670658682638	55.11976047904189
252	33	1	78.96606786427141	158.46506986027953
252	34	1	93.46307385229538	180.93213572854305
252	35	1	181.93599999999992	170.46399999999974
252	36	1	140.98406374501997	144.9402390438248
252	37	1	77.61952191235059	96.06772908366527
252	38	1	146.2160000000002	0.7139999999999989
252	39	1	143.55199999999988	173.21600000000004
252	40	1	157.3972055888224	151.8502994011976
252	41	1	102.85828343313374	159.94011976047906
252	42	1	78.18962075848296	20.68463073852294
252	43	1	60.538922155688624	89.6526946107784
252	44	1	196.0119760479042	89.62874251497004
252	45	1	114.06600000000006	134.18800000000007
253	1	2	4.959999999999995	4.979999999999998
253	2	2	4.944	45.03600000000001
253	3	2	4.877049180327865	84.87704918032787
253	4	2	4.877049180327865	125.1229508196721
253	5	2	5.036000000000001	164.9400000000001
253	6	2	45.027999999999984	4.912000000000001
253	7	2	45.00000000000003	45.00000000000002
253	8	2	45.132	85.40399999999994
253	9	2	45.00000000000003	124.99999999999997
253	10	2	45.012	165.10399999999987
253	11	2	84.87704918032783	5.1229508196721305
253	12	2	85.01200000000003	45.040000000000006
253	13	2	84.952	84.93999999999998
253	14	2	85.01600000000005	125.156
253	15	2	85.52479338842977	165.68595041322322
253	16	2	124.69999999999996	5.000000000000002
253	17	2	124.89200000000002	45.06400000000003
253	18	2	125.03599999999999	84.83200000000001
253	19	2	125.13199999999999	124.59600000000003
253	20	2	125.25714285714291	165.51428571428562
253	21	2	165.03599999999994	5.088
253	22	2	164.97999999999996	45.10399999999999
253	23	2	164.87999999999994	85.09200000000003
253	24	2	164.99999999999994	124.99999999999997
253	25	2	164.90400000000002	164.86799999999994
253	26	1	20.312	119.484
253	27	1	64.31936127744515	179.59880239520962
253	28	1	114.00399201596808	148.5149700598802
253	29	1	27.96207584830339	104.91417165668662
253	30	1	28.72908366533865	78.01792828685261
253	31	1	48.38522954091814	68.02395209580834
253	32	1	151.74701195219146	55.12549800796814
253	33	1	78.97804391217562	158.43512974051916
253	34	1	93.35728542914177	180.94411177644704
253	35	1	181.94600000000003	170.5660000000002
253	36	1	140.97200000000012	144.85599999999982
253	37	1	77.5597609561753	95.99402390438244
253	38	1	146.14970059880233	0.582834331337326
253	39	1	143.548	173.10000000000002
253	40	1	157.4011976047905	151.8083832335329
253	41	1	102.89021956087821	159.88622754491027
253	42	1	78.24999999999993	20.714000000000016
253	43	1	60.500998003992045	89.5988023952096
253	44	1	195.978	89.67200000000004
253	45	1	114	134.13000000000002
254	1	2	4.959999999999995	4.979999999999998
254	2	2	4.944	45.03600000000001
254	3	2	4.877049180327865	84.87704918032787
254	4	2	4.877049180327865	125.1229508196721
254	5	2	5.036000000000001	164.9400000000001
254	6	2	45.027999999999984	4.912000000000001
254	7	2	45.00000000000003	45.00000000000002
254	8	2	45.132	85.40399999999994
254	9	2	45.00000000000003	124.99999999999997
254	10	2	45.012	165.10399999999987
254	11	2	84.87704918032783	5.1229508196721305
254	12	2	85.01200000000003	45.040000000000006
254	13	2	84.952	84.93999999999998
254	14	2	85.01600000000005	125.156
254	15	2	85.52479338842977	165.68595041322322
254	16	2	124.69999999999996	5.000000000000002
254	17	2	124.89200000000002	45.06400000000003
254	18	2	125.03599999999999	84.83200000000001
254	19	2	125.13199999999999	124.59600000000003
254	20	2	125.25714285714291	165.51428571428562
254	21	2	165.03599999999994	5.088
254	22	2	164.97999999999996	45.10399999999999
254	23	2	164.87999999999994	85.09200000000003
254	24	2	164.99999999999994	124.99999999999997
254	25	2	164.90400000000002	164.86799999999994
254	26	1	20.22799999999998	119.46000000000001
254	27	1	64.44910179640719	179.6247504990021
254	28	1	114.02999999999999	148.51399999999998
254	29	1	27.954091816367253	105.0019960079841
254	30	1	28.740518962075846	78.02994011976043
254	31	1	48.38600000000003	68.03400000000002
254	32	1	151.8446215139444	55.171314741035836
254	33	1	78.92215568862275	158.48103792415165
254	34	1	93.3952095808383	180.82634730538922
254	35	1	181.96606786427142	170.62275449101793
254	36	1	140.9321357285427	144.69860279441127
254	37	1	77.50796812749006	95.99402390438249
254	38	1	146.22554890219558	0.4830339321357315
254	39	1	143.6035856573706	173.03784860557758
254	40	1	157.41	151.82399999999996
254	41	1	102.98207171314745	159.75896414342617
254	42	1	78.33532934131745	20.77644710578842
254	43	1	60.44600000000005	89.55399999999999
254	44	1	195.972	89.66800000000005
254	45	1	113.91816367265473	134.11177644710588
255	1	2	4.959999999999995	4.979999999999998
255	2	2	4.944	45.03600000000001
255	3	2	4.877049180327865	84.87704918032787
255	4	2	4.877049180327865	125.1229508196721
255	5	2	5.036000000000001	164.9400000000001
255	6	2	45.027999999999984	4.912000000000001
255	7	2	45.00000000000003	45.00000000000002
255	8	2	45.132	85.40399999999994
255	9	2	45.00000000000003	124.99999999999997
255	10	2	45.012	165.10399999999987
255	11	2	84.87704918032783	5.1229508196721305
255	12	2	85.01200000000003	45.040000000000006
255	13	2	84.952	84.93999999999998
255	14	2	85.01600000000005	125.156
255	15	2	85.52479338842977	165.68595041322322
255	16	2	124.69999999999996	5.000000000000002
255	17	2	124.89200000000002	45.06400000000003
255	18	2	125.03599999999999	84.83200000000001
255	19	2	125.13199999999999	124.59600000000003
255	20	2	125.25714285714291	165.51428571428562
255	21	2	165.03599999999994	5.088
255	22	2	164.97999999999996	45.10399999999999
255	23	2	164.87999999999994	85.09200000000003
255	24	2	164.99999999999994	124.99999999999997
255	25	2	164.90400000000002	164.86799999999994
255	26	1	20.191235059760967	119.43824701195221
255	27	1	64.47600000000003	179.62000000000015
255	28	1	114.026	148.55199999999988
255	29	1	28.09163346613546	105.10557768924298
255	30	1	28.720558882235515	78.00798403193605
255	31	1	48.46906187624756	68.02195608782435
255	32	1	151.96207584830358	55.13972055888223
255	33	1	78.92215568862275	158.48103792415165
255	34	1	93.39043824701197	180.74900398406373
255	35	1	181.94800000000012	170.6939999999999
255	36	1	140.87824351297408	144.6127744510979
255	37	1	77.31599999999999	96.04400000000008
255	38	1	146.2834331337324	0.34331337325349276
255	39	1	143.39599999999993	172.968
255	40	1	157.42400000000012	151.90200000000019
255	41	1	103.0419161676647	159.69061876247488
255	42	1	78.30876494023899	20.796812749003998
255	43	1	60.37400000000001	89.48000000000005
255	44	1	196.0438247011952	89.70119521912348
255	45	1	113.92215568862277	134.0958083832335
256	1	2	4.959999999999995	4.979999999999998
256	2	2	4.944	45.03600000000001
256	3	2	4.877049180327865	84.87704918032787
256	4	2	4.877049180327865	125.1229508196721
256	5	2	5.036000000000001	164.9400000000001
256	6	2	45.027999999999984	4.912000000000001
256	7	2	45.00000000000003	45.00000000000002
256	8	2	45.132	85.40399999999994
256	9	2	45.00000000000003	124.99999999999997
256	10	2	45.012	165.10399999999987
256	11	2	84.87704918032783	5.1229508196721305
256	12	2	85.01200000000003	45.040000000000006
256	13	2	84.952	84.93999999999998
256	14	2	85.01600000000005	125.156
256	15	2	85.52479338842977	165.68595041322322
256	16	2	124.69999999999996	5.000000000000002
256	17	2	124.89200000000002	45.06400000000003
256	18	2	125.03599999999999	84.83200000000001
256	19	2	125.13199999999999	124.59600000000003
256	20	2	125.25714285714291	165.51428571428562
256	21	2	165.03599999999994	5.088
256	22	2	164.97999999999996	45.10399999999999
256	23	2	164.87999999999994	85.09200000000003
256	24	2	164.99999999999994	124.99999999999997
256	25	2	164.90400000000002	164.86799999999994
256	26	1	20.245999999999974	119.38399999999994
256	27	1	64.54091816367269	179.42115768463066
256	28	1	114.026	148.55199999999988
256	29	1	28.134000000000007	105.09599999999989
256	30	1	28.75249500998002	77.96806387225564
256	31	1	48.48007968127493	68.00398406374501
256	32	1	152.01394422310742	55.27091633466133
256	33	1	78.92799999999997	158.52800000000016
256	34	1	93.42115768463078	180.70259481037925
256	35	1	182.01197604790423	170.74251497005983
256	36	1	140.87450199203198	144.55577689243034
256	37	1	77.26294820717135	96.05577689243022
256	38	1	146.2115768463074	0.33133732534930405
256	39	1	143.51097804391225	172.8403193612774
256	40	1	157.66733067729086	151.67928286852583
256	41	1	103.08183632734527	159.68662674650705
256	42	1	78.37325349301399	20.83832335329342
256	43	1	60.33800000000002	89.50199999999994
256	44	1	196.138	89.75600000000006
256	45	1	113.92215568862277	134.0958083832335
257	1	2	4.959999999999995	4.979999999999998
257	2	2	4.944	45.03600000000001
257	3	2	4.877049180327865	84.87704918032787
257	4	2	4.877049180327865	125.1229508196721
257	5	2	5.036000000000001	164.9400000000001
257	6	2	45.027999999999984	4.912000000000001
257	7	2	45.00000000000003	45.00000000000002
257	8	2	45.132	85.40399999999994
257	9	2	45.00000000000003	124.99999999999997
257	10	2	45.012	165.10399999999987
257	11	2	84.87704918032783	5.1229508196721305
257	12	2	85.01200000000003	45.040000000000006
257	13	2	84.952	84.93999999999998
257	14	2	85.01600000000005	125.156
257	15	2	85.52479338842977	165.68595041322322
257	16	2	124.69999999999996	5.000000000000002
257	17	2	124.89200000000002	45.06400000000003
257	18	2	125.03599999999999	84.83200000000001
257	19	2	125.13199999999999	124.59600000000003
257	20	2	125.25714285714291	165.51428571428562
257	21	2	165.03599999999994	5.088
257	22	2	164.97999999999996	45.10399999999999
257	23	2	164.87999999999994	85.09200000000003
257	24	2	164.99999999999994	124.99999999999997
257	25	2	164.90400000000002	164.86799999999994
257	26	1	20.36653386454185	119.43426294820719
257	27	1	64.47904191616766	179.41716566866273
257	28	1	113.99201596806392	148.51497005988023
257	29	1	28.197211155378493	105.10756972111552
257	30	1	28.78486055776891	77.93625498007978
257	31	1	48.48605577689247	68.01792828685252
257	32	1	152.04391217564867	55.33932135728545
257	33	1	78.87624750498999	158.59281437125748
257	34	1	93.3712574850299	180.68662674650696
257	35	1	182.0039920159682	170.77045908183618
257	36	1	140.84031936127744	144.44710578842316
257	37	1	77.22954091816368	96.1437125748503
257	38	1	146.31736526946108	0.22155688622754835
257	39	1	143.44799999999998	172.66600000000017
257	40	1	157.69860279441116	151.54890219560886
257	41	1	103.10978043912175	159.69660678642705
257	42	1	78.46906187624757	20.876247504990044
257	43	1	60.31400000000001	89.50599999999989
257	44	1	196.138	89.75600000000006
257	45	1	113.92215568862277	134.0958083832335
258	1	2	4.959999999999995	4.979999999999998
258	2	2	4.944	45.03600000000001
258	3	2	4.877049180327865	84.87704918032787
258	4	2	4.877049180327865	125.1229508196721
258	5	2	5.036000000000001	164.9400000000001
258	6	2	45.027999999999984	4.912000000000001
258	7	2	45.00000000000003	45.00000000000002
258	8	2	45.132	85.40399999999994
258	9	2	45.00000000000003	124.99999999999997
258	10	2	45.012	165.10399999999987
258	11	2	84.87704918032783	5.1229508196721305
258	12	2	85.01200000000003	45.040000000000006
258	13	2	84.952	84.93999999999998
258	14	2	85.01600000000005	125.156
258	15	2	85.52479338842977	165.68595041322322
258	16	2	124.69999999999996	5.000000000000002
258	17	2	124.89200000000002	45.06400000000003
258	18	2	125.03599999999999	84.83200000000001
258	19	2	125.13199999999999	124.59600000000003
258	20	2	125.25714285714291	165.51428571428562
258	21	2	165.03599999999994	5.088
258	22	2	164.97999999999996	45.10399999999999
258	23	2	164.87999999999994	85.09200000000003
258	24	2	164.99999999999994	124.99999999999997
258	25	2	164.90400000000002	164.86799999999994
258	26	1	20.407185628742518	119.5089820359281
258	27	1	64.46599999999998	179.3099999999999
258	28	1	113.96007984031932	148.46906187624745
258	29	1	28.253493013972058	105.22754491017967
258	30	1	28.73000000000002	77.96000000000006
258	31	1	48.395999999999965	67.92800000000004
258	32	1	152.2211155378486	55.46613545816733
258	33	1	78.84200000000003	158.67000000000007
258	34	1	93.42115768463078	180.67465069860265
258	35	1	182.08999999999997	170.9939999999999
258	36	1	140.80239520958102	144.3213572854293
258	37	1	77.21157684630745	96.17165668662679
258	38	1	146.30677290836655	0.15537848605577906
258	39	1	143.42031872509975	172.58366533864526
258	40	1	157.75049900199596	151.56087824351295
258	41	1	103.15968063872258	159.73453093812375
258	42	1	78.47504990019966	20.868263473053908
258	43	1	60.15537848605577	89.33466135458171
258	44	1	196.2195608782435	89.78443113772457
258	45	1	113.92215568862277	134.0958083832335
259	1	2	4.959999999999995	4.979999999999998
259	2	2	4.944	45.03600000000001
259	3	2	4.877049180327865	84.87704918032787
259	4	2	4.877049180327865	125.1229508196721
259	5	2	5.036000000000001	164.9400000000001
259	6	2	45.027999999999984	4.912000000000001
259	7	2	45.00000000000003	45.00000000000002
259	8	2	45.132	85.40399999999994
259	9	2	45.00000000000003	124.99999999999997
259	10	2	45.012	165.10399999999987
259	11	2	84.87704918032783	5.1229508196721305
259	12	2	85.01200000000003	45.040000000000006
259	13	2	84.952	84.93999999999998
259	14	2	85.01600000000005	125.156
259	15	2	85.52479338842977	165.68595041322322
259	16	2	124.69999999999996	5.000000000000002
259	17	2	124.89200000000002	45.06400000000003
259	18	2	125.03599999999999	84.83200000000001
259	19	2	125.13199999999999	124.59600000000003
259	20	2	125.25714285714291	165.51428571428562
259	21	2	165.03599999999994	5.088
259	22	2	164.97999999999996	45.10399999999999
259	23	2	164.87999999999994	85.09200000000003
259	24	2	164.99999999999994	124.99999999999997
259	25	2	164.90400000000002	164.86799999999994
259	26	1	20.407185628742518	119.5089820359281
259	27	1	64.50099800399204	179.25349301397208
259	28	1	113.96000000000006	148.4340000000001
259	29	1	28.273453093812364	105.28143712574848
259	30	1	28.772455089820372	77.94011976047898
259	31	1	48.49399999999998	67.808
259	32	1	152.27944111776455	55.54091816367265
259	33	1	78.80638722554883	158.68662674650702
259	34	1	93.55199999999995	180.52800000000005
259	35	1	182.1077844311378	171.01596806387244
259	36	1	140.7664670658683	144.2894211576846
259	37	1	77.00399201596801	96.27544910179644
259	38	1	146.40239043824707	199.77091633466136
259	39	1	143.41035856573694	172.47808764940243
259	40	1	157.80838323353288	151.41716566866273
259	41	1	103.18637274549091	159.58116232464928
259	42	1	78.51200000000011	20.893999999999995
259	43	1	60.07768924302785	89.1752988047809
259	44	1	196.216	89.808
259	45	1	113.92215568862277	134.0958083832335
260	1	2	4.959999999999995	4.979999999999998
260	2	2	4.944	45.03600000000001
260	3	2	4.877049180327865	84.87704918032787
260	4	2	4.877049180327865	125.1229508196721
260	5	2	5.036000000000001	164.9400000000001
260	6	2	45.027999999999984	4.912000000000001
260	7	2	45.00000000000003	45.00000000000002
260	8	2	45.132	85.40399999999994
260	9	2	45.00000000000003	124.99999999999997
260	10	2	45.012	165.10399999999987
260	11	2	84.87704918032783	5.1229508196721305
260	12	2	85.01200000000003	45.040000000000006
260	13	2	84.952	84.93999999999998
260	14	2	85.01600000000005	125.156
260	15	2	85.52479338842977	165.68595041322322
260	16	2	124.69999999999996	5.000000000000002
260	17	2	124.89200000000002	45.06400000000003
260	18	2	125.03599999999999	84.83200000000001
260	19	2	125.13199999999999	124.59600000000003
260	20	2	125.25714285714291	165.51428571428562
260	21	2	165.03599999999994	5.088
260	22	2	164.97999999999996	45.10399999999999
260	23	2	164.87999999999994	85.09200000000003
260	24	2	164.99999999999994	124.99999999999997
260	25	2	164.90400000000002	164.86799999999994
260	26	1	20.545999999999992	119.66200000000008
260	27	1	64.41916167664662	179.21157684630742
260	28	1	113.95000000000002	148.40199999999982
260	29	1	28.41800000000001	105.42000000000002
260	30	1	28.794820717131483	78.02988047808758
260	31	1	48.52705410821643	67.73346693386773
260	32	1	152.27544910179648	55.44111776447108
260	33	1	78.78600000000002	158.7119999999999
260	34	1	93.46015936254985	180.53784860557764
260	35	1	182.1676646706588	171.15768463073854
260	36	1	140.7285429141718	144.21756487025942
260	37	1	76.91616766467071	96.27744510978054
260	38	1	146.46307385229525	199.5708582834332
260	39	1	143.54382470119518	172.36653386454194
260	40	1	157.8343313373252	151.2654690618763
260	41	1	103.16966067864276	159.39321357285448
260	42	1	78.57569721115551	20.91235059760956
260	43	1	60.03193612774447	89.13373253493006
260	44	1	196.496	89.96799999999999
260	45	1	113.95190380761517	134.06813627254525
261	1	2	4.959999999999995	4.979999999999998
261	2	2	4.944	45.03600000000001
261	3	2	4.877049180327865	84.87704918032787
261	4	2	4.877049180327865	125.1229508196721
261	5	2	5.036000000000001	164.9400000000001
261	6	2	45.027999999999984	4.912000000000001
261	7	2	45.00000000000003	45.00000000000002
261	8	2	45.132	85.40399999999994
261	9	2	45.00000000000003	124.99999999999997
261	10	2	45.012	165.10399999999987
261	11	2	84.87704918032783	5.1229508196721305
261	12	2	85.01200000000003	45.040000000000006
261	13	2	84.952	84.93999999999998
261	14	2	85.01600000000005	125.156
261	15	2	85.52479338842977	165.68595041322322
261	16	2	124.69999999999996	5.000000000000002
261	17	2	124.89200000000002	45.06400000000003
261	18	2	125.03599999999999	84.83200000000001
261	19	2	125.13199999999999	124.59600000000003
261	20	2	125.25714285714291	165.51428571428562
261	21	2	165.03599999999994	5.088
261	22	2	164.97999999999996	45.10399999999999
261	23	2	164.87999999999994	85.09200000000003
261	24	2	164.99999999999994	124.99999999999997
261	25	2	164.90400000000002	164.86799999999994
261	26	1	20.630738522954076	119.68063872255489
261	27	1	64.37051792828683	179.13944223107583
261	28	1	113.93186372745485	148.32264529058145
261	29	1	28.440000000000012	105.51400000000002
261	30	1	28.7768924302789	77.98804780876499
261	31	1	48.44800000000002	67.7480000000001
261	32	1	152.27290836653393	55.55179282868524
261	33	1	78.76247504990025	158.72055888223565
261	34	1	93.34730538922152	180.49900199600796
261	35	1	182.1996007984032	171.3053892215569
261	36	1	140.73505976095623	144.15936254980105
261	37	1	76.77290836653376	96.34063745019918
261	38	1	146.538	199.3000000000001
261	39	1	143.48702594810382	172.3393213572853
261	40	1	157.9980119284294	151.2544731610336
261	41	1	103.23505976095618	159.4302788844623
261	42	1	78.67864271457088	20.93612774451098
261	43	1	59.93013972055888	89.06387225548903
261	44	1	196.592	90.07000000000004
261	45	1	113.8822355289421	134.0678642714571
262	1	2	4.959999999999995	4.979999999999998
262	2	2	4.944	45.03600000000001
262	3	2	4.877049180327865	84.87704918032787
262	4	2	4.877049180327865	125.1229508196721
262	5	2	5.036000000000001	164.9400000000001
262	6	2	45.027999999999984	4.912000000000001
262	7	2	45.00000000000003	45.00000000000002
262	8	2	45.132	85.40399999999994
262	9	2	45.00000000000003	124.99999999999997
262	10	2	45.012	165.10399999999987
262	11	2	84.87704918032783	5.1229508196721305
262	12	2	85.01200000000003	45.040000000000006
262	13	2	84.952	84.93999999999998
262	14	2	85.01600000000005	125.156
262	15	2	85.52479338842977	165.68595041322322
262	16	2	124.69999999999996	5.000000000000002
262	17	2	124.89200000000002	45.06400000000003
262	18	2	125.03599999999999	84.83200000000001
262	19	2	125.13199999999999	124.59600000000003
262	20	2	125.25714285714291	165.51428571428562
262	21	2	165.03599999999994	5.088
262	22	2	164.97999999999996	45.10399999999999
262	23	2	164.87999999999994	85.09200000000003
262	24	2	164.99999999999994	124.99999999999997
262	25	2	164.90400000000002	164.86799999999994
262	26	1	20.690000000000005	119.72000000000001
262	27	1	64.40918163672654	179.07984031936132
262	28	1	113.85628742514977	148.20758483033921
262	29	1	28.505976095617523	105.54780876494021
262	30	1	28.794411177644736	77.92814371257492
262	31	1	48.529880478087655	67.53585657370522
262	32	1	152.31599999999992	55.439999999999976
262	33	1	78.69399999999989	158.78400000000028
262	34	1	93.43687374749493	180.39478957915853
262	35	1	182.25948103792425	171.40518962075856
262	36	1	140.73200000000008	144.1200000000002
262	37	1	76.70259481037925	96.3313373253493
262	38	1	146.562874251497	199.2734530938125
262	39	1	143.75049900199608	172.24550898203586
262	40	1	158.02199999999996	151.18399999999997
262	41	1	103.31462925851697	159.47895791583161
262	42	1	78.70658682634728	20.964071856287436
262	43	1	59.82199999999996	88.98800000000001
262	44	1	196.664	90.09800000000007
262	45	1	113.85828343313365	134.04990019960053
263	1	2	4.959999999999995	4.979999999999998
263	2	2	4.944	45.03600000000001
263	3	2	4.877049180327865	84.87704918032787
263	4	2	4.877049180327865	125.1229508196721
263	5	2	5.036000000000001	164.9400000000001
263	6	2	45.027999999999984	4.912000000000001
263	7	2	45.00000000000003	45.00000000000002
263	8	2	45.132	85.40399999999994
263	9	2	45.00000000000003	124.99999999999997
263	10	2	45.012	165.10399999999987
263	11	2	84.87704918032783	5.1229508196721305
263	12	2	85.01200000000003	45.040000000000006
263	13	2	84.952	84.93999999999998
263	14	2	85.01600000000005	125.156
263	15	2	85.52479338842977	165.68595041322322
263	16	2	124.69999999999996	5.000000000000002
263	17	2	124.89200000000002	45.06400000000003
263	18	2	125.03599999999999	84.83200000000001
263	19	2	125.13199999999999	124.59600000000003
263	20	2	125.25714285714291	165.51428571428562
263	21	2	165.03599999999994	5.088
263	22	2	164.97999999999996	45.10399999999999
263	23	2	164.87999999999994	85.09200000000003
263	24	2	164.99999999999994	124.99999999999997
263	25	2	164.90400000000002	164.86799999999994
263	26	1	20.762000000000008	119.7619999999999
263	27	1	64.34131736526943	179.00598802395183
263	28	1	113.74251497005993	148.08383233532945
263	29	1	28.59163346613548	105.62151394422307
263	30	1	28.75399999999998	77.98599999999989
263	31	1	48.541832669322694	67.5298804780876
263	32	1	152.42714570858269	55.49900199600797
263	33	1	78.608	158.918
263	34	1	93.458	180.43599999999995
263	35	1	182.32270916334656	171.52191235059757
263	36	1	140.7185628742515	143.96207584830321
263	37	1	76.61876247504992	96.41516966067866
263	38	1	146.54890219560878	198.98203592814366
263	39	1	143.78286852589628	172.011952191235
263	40	1	158.2075848303391	150.98802395209577
263	41	1	103.37924151696599	159.6027944111775
263	42	1	78.80199999999996	20.974
263	43	1	59.802000000000056	88.88200000000003
263	44	1	196.736	90.15199999999997
263	45	1	113.94000000000013	134.08999999999997
264	1	2	4.959999999999995	4.979999999999998
264	2	2	4.944	45.03600000000001
264	3	2	4.877049180327865	84.87704918032787
264	4	2	4.877049180327865	125.1229508196721
264	5	2	5.036000000000001	164.9400000000001
264	6	2	45.027999999999984	4.912000000000001
264	7	2	45.00000000000003	45.00000000000002
264	8	2	45.132	85.40399999999994
264	9	2	45.00000000000003	124.99999999999997
264	10	2	45.012	165.10399999999987
264	11	2	84.87704918032783	5.1229508196721305
264	12	2	85.01200000000003	45.040000000000006
264	13	2	84.952	84.93999999999998
264	14	2	85.01600000000005	125.156
264	15	2	85.52479338842977	165.68595041322322
264	16	2	124.69999999999996	5.000000000000002
264	17	2	124.89200000000002	45.06400000000003
264	18	2	125.03599999999999	84.83200000000001
264	19	2	125.13199999999999	124.59600000000003
264	20	2	125.25714285714291	165.51428571428562
264	21	2	165.03599999999994	5.088
264	22	2	164.97999999999996	45.10399999999999
264	23	2	164.87999999999994	85.09200000000003
264	24	2	164.99999999999994	124.99999999999997
264	25	2	164.90400000000002	164.86799999999994
264	26	1	20.821999999999992	119.75000000000007
264	27	1	64.28343313373249	179.00798403193602
264	28	1	113.7294589178357	148.05210420841672
264	29	1	28.613999999999976	105.55999999999997
264	30	1	28.78199999999999	77.97999999999992
264	31	1	48.52399999999995	67.4559999999999
264	32	1	152.50996015936255	55.61155378486053
264	33	1	78.61876247504995	158.91616766467072
264	34	1	93.4810379241517	180.30738522954084
264	35	1	182.42115768463069	171.73453093812367
264	36	1	140.7239999999999	143.93400000000008
264	37	1	76.4251497005988	96.40718562874252
264	38	1	146.61752988047817	198.9262948207171
264	39	1	143.708	171.90000000000003
264	40	1	158.26892430278886	150.88446215139442
264	41	1	103.4581673306773	159.4462151394423
264	42	1	78.98003992015964	21.003992015968073
264	43	1	59.73453093812374	88.73053892215569
264	44	1	196.846	90.26999999999991
264	45	1	113.88023952095806	134.0938123752497
265	1	2	4.959999999999995	4.979999999999998
265	2	2	4.944	45.03600000000001
265	3	2	4.877049180327865	84.87704918032787
265	4	2	4.877049180327865	125.1229508196721
265	5	2	5.036000000000001	164.9400000000001
265	6	2	45.027999999999984	4.912000000000001
265	7	2	45.00000000000003	45.00000000000002
265	8	2	45.132	85.40399999999994
265	9	2	45.00000000000003	124.99999999999997
265	10	2	45.012	165.10399999999987
265	11	2	84.87704918032783	5.1229508196721305
265	12	2	85.01200000000003	45.040000000000006
265	13	2	84.952	84.93999999999998
265	14	2	85.01600000000005	125.156
265	15	2	85.52479338842977	165.68595041322322
265	16	2	124.69999999999996	5.000000000000002
265	17	2	124.89200000000002	45.06400000000003
265	18	2	125.03599999999999	84.83200000000001
265	19	2	125.13199999999999	124.59600000000003
265	20	2	125.25714285714291	165.51428571428562
265	21	2	165.03599999999994	5.088
265	22	2	164.97999999999996	45.10399999999999
265	23	2	164.87999999999994	85.09200000000003
265	24	2	164.99999999999994	124.99999999999997
265	25	2	164.90400000000002	164.86799999999994
265	26	1	20.892215568862273	119.76247504990032
265	27	1	64.33133732534927	178.98203592814374
265	28	1	113.75498007968129	148.07569721115533
265	29	1	28.600798403193636	105.53892215568867
265	30	1	28.766467065868238	77.94610778443112
265	31	1	48.62674650698605	67.43313373253496
265	32	1	152.47504990019956	55.59081836327347
265	33	1	78.62075848303392	158.9680638722556
265	34	1	93.46613545816737	180.27490039840646
265	35	1	182.36999999999995	171.87199999999987
265	36	1	140.73599999999996	143.888
265	37	1	76.37800000000004	96.44799999999995
265	38	1	146.64529058116247	198.84168336673352
265	39	1	143.744510978044	171.8123752495011
265	40	1	158.33399999999995	150.73199999999986
265	41	1	103.45109780439125	159.35928143712587
265	42	1	79.08183632734533	21.093812375249506
265	43	1	59.684000000000005	88.71600000000007
265	44	1	196.86626746506985	90.29540918163671
265	45	1	113.81999999999995	134.03199999999995
266	1	2	4.959999999999995	4.979999999999998
266	2	2	4.944	45.03600000000001
266	3	2	4.877049180327865	84.87704918032787
266	4	2	4.877049180327865	125.1229508196721
266	5	2	5.036000000000001	164.9400000000001
266	6	2	45.027999999999984	4.912000000000001
266	7	2	45.00000000000003	45.00000000000002
266	8	2	45.132	85.40399999999994
266	9	2	45.00000000000003	124.99999999999997
266	10	2	45.012	165.10399999999987
266	11	2	84.87704918032783	5.1229508196721305
266	12	2	85.01200000000003	45.040000000000006
266	13	2	84.952	84.93999999999998
266	14	2	85.01600000000005	125.156
266	15	2	85.52479338842977	165.68595041322322
266	16	2	124.69999999999996	5.000000000000002
266	17	2	124.89200000000002	45.06400000000003
266	18	2	125.03599999999999	84.83200000000001
266	19	2	125.13199999999999	124.59600000000003
266	20	2	125.25714285714291	165.51428571428562
266	21	2	165.03599999999994	5.088
266	22	2	164.97999999999996	45.10399999999999
266	23	2	164.87999999999994	85.09200000000003
266	24	2	164.99999999999994	124.99999999999997
266	25	2	164.90400000000002	164.86799999999994
266	26	1	20.960079840319352	119.71856287425148
266	27	1	64.24400000000004	178.9500000000001
266	28	1	113.7824351297405	148.06387225548903
266	29	1	28.541832669322705	105.47609561752988
266	30	1	28.77091633466135	77.87250996015932
266	31	1	48.60878243512972	67.27145708582832
266	32	1	152.57599999999994	55.65200000000002
266	33	1	78.59081836327337	159.0798403193612
266	34	1	93.45799999999998	180.17600000000007
266	35	1	182.374	172.01799999999992
266	36	1	140.77290836653378	143.496015936255
266	37	1	76.34262948207179	96.61752988047802
266	38	1	146.83832335329362	198.55888223552904
266	39	1	143.62350597609566	171.57768924302783
266	40	1	158.45508982035932	150.75049900199616
266	41	1	103.55800000000009	159.2959999999997
266	42	1	79.0379241516967	21.125748502994025
266	43	1	59.63672654690619	88.45908183632734
266	44	1	196.892	90.30400000000004
266	45	1	113.79840319361277	134.00798403193616
267	1	2	4.959999999999995	4.979999999999998
267	2	2	4.944	45.03600000000001
267	3	2	4.877049180327865	84.87704918032787
267	4	2	4.877049180327865	125.1229508196721
267	5	2	5.036000000000001	164.9400000000001
267	6	2	45.027999999999984	4.912000000000001
267	7	2	45.00000000000003	45.00000000000002
267	8	2	45.132	85.40399999999994
267	9	2	45.00000000000003	124.99999999999997
267	10	2	45.012	165.10399999999987
267	11	2	84.87704918032783	5.1229508196721305
267	12	2	85.01200000000003	45.040000000000006
267	13	2	84.952	84.93999999999998
267	14	2	85.01600000000005	125.156
267	15	2	85.52479338842977	165.68595041322322
267	16	2	124.69999999999996	5.000000000000002
267	17	2	124.89200000000002	45.06400000000003
267	18	2	125.03599999999999	84.83200000000001
267	19	2	125.13199999999999	124.59600000000003
267	20	2	125.25714285714291	165.51428571428562
267	21	2	165.03599999999994	5.088
267	22	2	164.97999999999996	45.10399999999999
267	23	2	164.87999999999994	85.09200000000003
267	24	2	164.99999999999994	124.99999999999997
267	25	2	164.90400000000002	164.86799999999994
267	26	1	21.027944111776453	119.76047904191616
267	27	1	64.26546906187626	178.91017964071858
267	28	1	113.84800000000003	147.88999999999996
267	29	1	28.52894211576845	105.55289421157698
267	30	1	28.862275449101794	77.76846307385232
267	31	1	48.60199999999995	67.22599999999989
267	32	1	152.58964143426294	55.72509960159358
267	33	1	78.63147410358553	159.11952191235065
267	34	1	93.37125748502997	180.08782435129731
267	35	1	182.48502994011974	172.0379241516966
267	36	1	140.74400000000006	143.278
267	37	1	76.22355289421158	96.62674650698604
267	38	1	146.8720000000001	198.32399999999987
267	39	1	143.7405189620761	171.5029940119761
267	40	1	158.5089820359281	150.64471057884242
267	41	1	103.66932270916327	159.22908366533866
267	42	1	79.14171656686624	21.16566866267467
267	43	1	59.62749003984063	88.27290836653384
267	44	1	197.032	90.36799999999994
267	45	1	113.76400000000004	133.97200000000004
268	1	2	4.959999999999995	4.979999999999998
268	2	2	4.944	45.03600000000001
268	3	2	4.877049180327865	84.87704918032787
268	4	2	4.877049180327865	125.1229508196721
268	5	2	5.036000000000001	164.9400000000001
268	6	2	45.027999999999984	4.912000000000001
268	7	2	45.00000000000003	45.00000000000002
268	8	2	45.132	85.40399999999994
268	9	2	45.00000000000003	124.99999999999997
268	10	2	45.012	165.10399999999987
268	11	2	84.87704918032783	5.1229508196721305
268	12	2	85.01200000000003	45.040000000000006
268	13	2	84.952	84.93999999999998
268	14	2	85.01600000000005	125.156
268	15	2	85.52479338842977	165.68595041322322
268	16	2	124.69999999999996	5.000000000000002
268	17	2	124.89200000000002	45.06400000000003
268	18	2	125.03599999999999	84.83200000000001
268	19	2	125.13199999999999	124.59600000000003
268	20	2	125.25714285714291	165.51428571428562
268	21	2	165.03599999999994	5.088
268	22	2	164.97999999999996	45.10399999999999
268	23	2	164.87999999999994	85.09200000000003
268	24	2	164.99999999999994	124.99999999999997
268	25	2	164.90400000000002	164.86799999999994
268	26	1	21.049999999999986	119.81200000000004
268	27	1	64.25099601593625	178.85059760956165
268	28	1	113.84231536926156	147.84630738522958
268	29	1	28.508982035928167	105.5668662674651
268	30	1	28.786427145708565	77.7145708582834
268	31	1	48.64940239043825	67.15338645418335
268	32	1	152.6387225548902	55.764471057884265
268	33	1	78.68000000000005	159.15400000000008
268	34	1	93.30677290836654	180.12549800796805
268	35	1	182.38522954091817	172.13373253493012
268	36	1	140.8286852589643	143.1713147410359
268	37	1	76.14600000000013	96.59400000000001
268	38	1	146.77844311377248	198.45908183632736
268	39	1	143.88047808764964	171.44023904382476
268	40	1	158.59199999999998	150.43400000000005
268	41	1	103.74799999999996	159.29000000000008
268	42	1	79.16766467065875	21.175648702594806
268	43	1	59.518	88.124
268	44	1	197.14	90.45199999999997
268	45	1	113.78000000000002	133.99800000000002
269	1	2	4.959999999999995	4.979999999999998
269	2	2	4.944	45.03600000000001
269	3	2	4.877049180327865	84.87704918032787
269	4	2	4.877049180327865	125.1229508196721
269	5	2	5.036000000000001	164.9400000000001
269	6	2	45.027999999999984	4.912000000000001
269	7	2	45.00000000000003	45.00000000000002
269	8	2	45.132	85.40399999999994
269	9	2	45.00000000000003	124.99999999999997
269	10	2	45.012	165.10399999999987
269	11	2	84.87704918032783	5.1229508196721305
269	12	2	85.01200000000003	45.040000000000006
269	13	2	84.952	84.93999999999998
269	14	2	85.01600000000005	125.156
269	15	2	85.52479338842977	165.68595041322322
269	16	2	124.69999999999996	5.000000000000002
269	17	2	124.89200000000002	45.06400000000003
269	18	2	125.03599999999999	84.83200000000001
269	19	2	125.13199999999999	124.59600000000003
269	20	2	125.25714285714291	165.51428571428562
269	21	2	165.03599999999994	5.088
269	22	2	164.97999999999996	45.10399999999999
269	23	2	164.87999999999994	85.09200000000003
269	24	2	164.99999999999994	124.99999999999997
269	25	2	164.90400000000002	164.86799999999994
269	26	1	21.12799999999998	119.80400000000002
269	27	1	64.19760479041915	178.8722554890218
269	28	1	113.78842315369266	147.7305389221558
269	29	1	28.58283433133733	105.59281437125746
269	30	1	28.82669322709164	77.72709163346616
269	31	1	48.7250996015936	67.07768924302783
269	32	1	152.67664670658678	55.87624750498999
269	33	1	78.74451097804392	159.20359281437123
269	34	1	93.2834331337325	180.1596806387226
269	35	1	182.373253493014	172.15169660678646
269	36	1	140.8625498007968	143.09362549800792
269	37	1	76.05788423153699	96.54291417165666
269	38	1	146.77490039840637	198.42629482071712
269	39	1	143.93213572854276	171.3952095808383
269	40	1	158.63400000000004	150.42399999999992
269	41	1	103.84630738522957	159.37724550898216
269	42	1	79.31075697211159	21.21912350597609
269	43	1	59.48702594810377	88.09381237524943
269	44	1	197.20558882235528	90.50499001996006
269	45	1	113.73852295409183	133.99800399201598
270	1	2	4.959999999999995	4.979999999999998
270	2	2	4.944	45.03600000000001
270	3	2	4.877049180327865	84.87704918032787
270	4	2	4.877049180327865	125.1229508196721
270	5	2	5.036000000000001	164.9400000000001
270	6	2	45.027999999999984	4.912000000000001
270	7	2	45.00000000000003	45.00000000000002
270	8	2	45.132	85.40399999999994
270	9	2	45.00000000000003	124.99999999999997
270	10	2	45.012	165.10399999999987
270	11	2	84.87704918032783	5.1229508196721305
270	12	2	85.01200000000003	45.040000000000006
270	13	2	84.952	84.93999999999998
270	14	2	85.01600000000005	125.156
270	15	2	85.52479338842977	165.68595041322322
270	16	2	124.69999999999996	5.000000000000002
270	17	2	124.89200000000002	45.06400000000003
270	18	2	125.03599999999999	84.83200000000001
270	19	2	125.13199999999999	124.59600000000003
270	20	2	125.25714285714291	165.51428571428562
270	21	2	165.03599999999994	5.088
270	22	2	164.97999999999996	45.10399999999999
270	23	2	164.87999999999994	85.09200000000003
270	24	2	164.99999999999994	124.99999999999997
270	25	2	164.90400000000002	164.86799999999994
270	26	1	21.127490039840634	119.73107569721107
270	27	1	64.16966067864273	178.77844311377254
270	28	1	113.74650698602807	147.68263473053904
270	29	1	28.59081836327344	105.59880239520957
270	30	1	28.814371257485046	77.71457085828344
270	31	1	48.7365269461078	67.0159680638723
270	32	1	152.7125748502992	55.914171656686605
270	33	1	78.77399999999994	159.2080000000001
270	34	1	93.19123505976088	180.105577689243
270	35	1	182.4071856287425	172.16566866267465
270	36	1	140.85229540918172	143.0838323353294
270	37	1	75.90419161676655	96.59081836327348
270	38	1	146.79241516966076	198.3812375249501
270	39	1	143.92015968063893	171.26147704590804
270	40	1	158.726	150.35999999999993
270	41	1	103.88799999999992	159.33999999999966
270	42	1	79.29341317365264	21.249500998003995
270	43	1	59.431137724550894	87.85029940119752
270	44	1	197.196	90.47199999999995
270	45	1	113.73999999999992	134.02199999999996
271	1	2	4.959999999999995	4.979999999999998
271	2	2	4.944	45.03600000000001
271	3	2	4.877049180327865	84.87704918032787
271	4	2	4.877049180327865	125.1229508196721
271	5	2	5.036000000000001	164.9400000000001
271	6	2	45.027999999999984	4.912000000000001
271	7	2	45.00000000000003	45.00000000000002
271	8	2	45.132	85.40399999999994
271	9	2	45.00000000000003	124.99999999999997
271	10	2	45.012	165.10399999999987
271	11	2	84.87704918032783	5.1229508196721305
271	12	2	85.01200000000003	45.040000000000006
271	13	2	84.952	84.93999999999998
271	14	2	85.01600000000005	125.156
271	15	2	85.52479338842977	165.68595041322322
271	16	2	124.69999999999996	5.000000000000002
271	17	2	124.89200000000002	45.06400000000003
271	18	2	125.03599999999999	84.83200000000001
271	19	2	125.13199999999999	124.59600000000003
271	20	2	125.25714285714291	165.51428571428562
271	21	2	165.03599999999994	5.088
271	22	2	164.97999999999996	45.10399999999999
271	23	2	164.87999999999994	85.09200000000003
271	24	2	164.99999999999994	124.99999999999997
271	25	2	164.90400000000002	164.86799999999994
271	26	1	21.199600798403196	119.90419161676651
271	27	1	64.14770459081835	178.70858283433145
271	28	1	113.76399999999991	147.63200000000012
271	29	1	28.57569721115538	105.57768924302782
271	30	1	28.86773547094191	77.7054108216434
271	31	1	48.673306772908376	66.87848605577693
271	32	1	152.78400000000002	56.010000000000055
271	33	1	78.66067864271449	159.32934131736536
271	34	1	93.29599999999994	180.00800000000004
271	35	1	182.38323353293416	172.20958083832335
271	36	1	140.91816367265466	143.00598802395217
271	37	1	75.73999999999992	96.64200000000002
271	38	1	146.7420000000001	198.336
271	39	1	144.13000000000002	171.158
271	40	1	158.8682634730541	150.2395209580837
271	41	1	103.94599999999997	159.31800000000007
271	42	1	79.33000000000003	21.254000000000026
271	43	1	59.33133732534931	87.67465069860273
271	44	1	197.34	90.61400000000003
271	45	1	113.71656686626744	134.02594810379242
272	1	2	4.959999999999995	4.979999999999998
272	2	2	4.944	45.03600000000001
272	3	2	4.877049180327865	84.87704918032787
272	4	2	4.877049180327865	125.1229508196721
272	5	2	5.036000000000001	164.9400000000001
272	6	2	45.027999999999984	4.912000000000001
272	7	2	45.00000000000003	45.00000000000002
272	8	2	45.132	85.40399999999994
272	9	2	45.00000000000003	124.99999999999997
272	10	2	45.012	165.10399999999987
272	11	2	84.87704918032783	5.1229508196721305
272	12	2	85.01200000000003	45.040000000000006
272	13	2	84.952	84.93999999999998
272	14	2	85.01600000000005	125.156
272	15	2	85.52479338842977	165.68595041322322
272	16	2	124.69999999999996	5.000000000000002
272	17	2	124.89200000000002	45.06400000000003
272	18	2	125.03599999999999	84.83200000000001
272	19	2	125.13199999999999	124.59600000000003
272	20	2	125.25714285714291	165.51428571428562
272	21	2	165.03599999999994	5.088
272	22	2	164.97999999999996	45.10399999999999
272	23	2	164.87999999999994	85.09200000000003
272	24	2	164.99999999999994	124.99999999999997
272	25	2	164.90400000000002	164.86799999999994
272	26	1	21.265469061876253	120.01197604790417
272	27	1	64.18599999999998	178.63399999999996
272	28	1	113.68463073852298	147.51696606786416
272	29	1	28.668662674650697	105.62674650698604
272	30	1	28.898000000000025	77.704
272	31	1	48.67864271457087	66.90818363273442
272	32	1	152.78799999999995	55.931999999999974
272	33	1	78.66866267465062	159.30938123752503
272	34	1	93.27145708582836	179.98403193612776
272	35	1	182.388	172.318
272	36	1	140.87025948103806	142.88622754491024
272	37	1	75.66733067729079	96.70119521912339
272	38	1	146.77490039840634	198.29482071713147
272	39	1	144.18962075848307	171.09980039920154
272	40	1	158.8882235528941	150.2075848303393
272	41	1	104.02794411177649	159.4151696606787
272	42	1	79.42599999999996	21.29600000000001
272	43	1	59.33599999999996	87.45199999999994
272	44	1	197.532	90.71199999999999
272	45	1	113.69399999999992	134.00399999999988
273	1	2	4.959999999999995	4.979999999999998
273	2	2	4.944	45.03600000000001
273	3	2	4.877049180327865	84.87704918032787
273	4	2	4.877049180327865	125.1229508196721
273	5	2	5.036000000000001	164.9400000000001
273	6	2	45.027999999999984	4.912000000000001
273	7	2	45.00000000000003	45.00000000000002
273	8	2	45.132	85.40399999999994
273	9	2	45.00000000000003	124.99999999999997
273	10	2	45.012	165.10399999999987
273	11	2	84.87704918032783	5.1229508196721305
273	12	2	85.01200000000003	45.040000000000006
273	13	2	84.952	84.93999999999998
273	14	2	85.01600000000005	125.156
273	15	2	85.52479338842977	165.68595041322322
273	16	2	124.69999999999996	5.000000000000002
273	17	2	124.89200000000002	45.06400000000003
273	18	2	125.03599999999999	84.83200000000001
273	19	2	125.13199999999999	124.59600000000003
273	20	2	125.25714285714291	165.51428571428562
273	21	2	165.03599999999994	5.088
273	22	2	164.97999999999996	45.10399999999999
273	23	2	164.87999999999994	85.09200000000003
273	24	2	164.99999999999994	124.99999999999997
273	25	2	164.90400000000002	164.86799999999994
273	26	1	21.30677290836653	120.21912350597607
273	27	1	64.098	178.45600000000005
273	28	1	113.67729083665344	147.47410358565736
273	29	1	28.662674650698598	105.65868263473051
273	30	1	28.928286852589615	77.63545816733067
273	31	1	48.71257485029941	66.89820359281438
273	32	1	152.83033932135714	55.96606786427146
273	33	1	78.62874251497	159.38323353293407
273	34	1	93.13745019920319	180.0079681274901
273	35	1	182.452	172.48599999999993
273	36	1	140.8443113772455	142.87624750499
273	37	1	75.52694610778448	96.66666666666677
273	38	1	146.74103585657366	198.32669322709162
273	39	1	144.36055776892414	171.0039840637451
273	40	1	158.98999999999998	150.01199999999994
273	41	1	104.14970059880235	159.52495009980038
273	42	1	79.40799999999999	21.273999999999997
273	43	1	59.337325349301416	87.52095808383233
273	44	1	197.66	90.77800000000006
273	45	1	113.66067864271456	133.98802395209586
274	1	2	4.959999999999995	4.979999999999998
274	2	2	4.944	45.03600000000001
274	3	2	4.877049180327865	84.87704918032787
274	4	2	4.877049180327865	125.1229508196721
274	5	2	5.036000000000001	164.9400000000001
274	6	2	45.027999999999984	4.912000000000001
274	7	2	45.00000000000003	45.00000000000002
274	8	2	45.132	85.40399999999994
274	9	2	45.00000000000003	124.99999999999997
274	10	2	45.012	165.10399999999987
274	11	2	84.87704918032783	5.1229508196721305
274	12	2	85.01200000000003	45.040000000000006
274	13	2	84.952	84.93999999999998
274	14	2	85.01600000000005	125.156
274	15	2	85.52479338842977	165.68595041322322
274	16	2	124.69999999999996	5.000000000000002
274	17	2	124.89200000000002	45.06400000000003
274	18	2	125.03599999999999	84.83200000000001
274	19	2	125.13199999999999	124.59600000000003
274	20	2	125.25714285714291	165.51428571428562
274	21	2	165.03599999999994	5.088
274	22	2	164.97999999999996	45.10399999999999
274	23	2	164.87999999999994	85.09200000000003
274	24	2	164.99999999999994	124.99999999999997
274	25	2	164.90400000000002	164.86799999999994
274	26	1	21.367265469061866	120.3013972055888
274	27	1	64.04590818363276	178.3333333333334
274	28	1	113.72	147.4340000000001
274	29	1	28.6586826347305	105.66866267465073
274	30	1	28.904	77.64399999999998
274	31	1	48.715430861723455	66.90581162324654
274	32	1	152.8505976095617	55.97011952191234
274	33	1	78.70858283433137	159.37924151696606
274	34	1	93.06600000000006	179.99200000000002
274	35	1	182.49101796407186	172.58283433133712
274	36	1	140.88423153692602	142.80039920159663
274	37	1	75.55289421157681	96.88423153692612
274	38	1	146.744510978044	198.3992015968064
274	39	1	144.46906187624745	170.8323353293413
274	40	1	159.1716566866266	149.81437125748508
274	41	1	104.27290836653384	159.53984063745014
274	42	1	79.43800000000003	21.33
274	43	1	59.309381237524896	87.42714570858288
274	44	1	197.68	90.75399999999992
274	45	1	113.67664670658675	133.96207584830321
275	1	2	4.959999999999995	4.979999999999998
275	2	2	4.944	45.03600000000001
275	3	2	4.877049180327865	84.87704918032787
275	4	2	4.877049180327865	125.1229508196721
275	5	2	5.036000000000001	164.9400000000001
275	6	2	45.027999999999984	4.912000000000001
275	7	2	45.00000000000003	45.00000000000002
275	8	2	45.132	85.40399999999994
275	9	2	45.00000000000003	124.99999999999997
275	10	2	45.012	165.10399999999987
275	11	2	84.87704918032783	5.1229508196721305
275	12	2	85.01200000000003	45.040000000000006
275	13	2	84.952	84.93999999999998
275	14	2	85.01600000000005	125.156
275	15	2	85.52479338842977	165.68595041322322
275	16	2	124.69999999999996	5.000000000000002
275	17	2	124.89200000000002	45.06400000000003
275	18	2	125.03599999999999	84.83200000000001
275	19	2	125.13199999999999	124.59600000000003
275	20	2	125.25714285714291	165.51428571428562
275	21	2	165.03599999999994	5.088
275	22	2	164.97999999999996	45.10399999999999
275	23	2	164.87999999999994	85.09200000000003
275	24	2	164.99999999999994	124.99999999999997
275	25	2	164.90400000000002	164.86799999999994
275	26	1	21.4311377245509	120.44510978043908
275	27	1	64.15400000000001	178.31000000000012
275	28	1	113.67800000000005	147.2819999999999
275	29	1	28.828685258964143	105.74701195219133
275	30	1	28.919999999999973	77.53400000000005
275	31	1	48.78200000000002	66.81599999999997
275	32	1	152.9241516966067	56.07784431137722
275	33	1	78.78000000000003	159.43400000000003
275	34	1	93.15537848605572	179.96613545816746
275	35	1	182.50299401197606	172.71057884231539
275	36	1	140.88423153692622	142.68463073852305
275	37	1	75.4451097804391	96.86826347305396
275	38	1	146.7220000000001	198.358
275	39	1	144.60956175298793	170.76294820717104
275	40	1	159.25149700598794	149.71457085828337
275	41	1	104.37125748502994	159.49700598802386
275	42	1	79.38323353293411	21.339321357285435
275	43	1	59.21999999999999	87.28199999999998
275	44	1	197.99800399201595	90.94610778443113
275	45	1	113.59600000000006	133.90399999999997
276	1	2	4.959999999999995	4.979999999999998
276	2	2	4.944	45.03600000000001
276	3	2	4.877049180327865	84.87704918032787
276	4	2	4.877049180327865	125.1229508196721
276	5	2	5.036000000000001	164.9400000000001
276	6	2	45.027999999999984	4.912000000000001
276	7	2	45.00000000000003	45.00000000000002
276	8	2	45.132	85.40399999999994
276	9	2	45.00000000000003	124.99999999999997
276	10	2	45.012	165.10399999999987
276	11	2	84.87704918032783	5.1229508196721305
276	12	2	85.01200000000003	45.040000000000006
276	13	2	84.952	84.93999999999998
276	14	2	85.01600000000005	125.156
276	15	2	85.52479338842977	165.68595041322322
276	16	2	124.69999999999996	5.000000000000002
276	17	2	124.89200000000002	45.06400000000003
276	18	2	125.03599999999999	84.83200000000001
276	19	2	125.13199999999999	124.59600000000003
276	20	2	125.25714285714291	165.51428571428562
276	21	2	165.03599999999994	5.088
276	22	2	164.97999999999996	45.10399999999999
276	23	2	164.87999999999994	85.09200000000003
276	24	2	164.99999999999994	124.99999999999997
276	25	2	164.90400000000002	164.86799999999994
276	26	1	21.464143426294832	120.48804780876492
276	27	1	64.0958083832335	178.2275449101796
276	28	1	113.71656686626753	147.3353293413175
276	29	1	28.952095808383223	105.80039920159675
276	30	1	28.911999999999985	77.4639999999999
276	31	1	48.75449101796411	66.82435129740516
276	32	1	153.06187624750498	56.12574850299401
276	33	1	78.83000000000001	159.43799999999982
276	34	1	93.00999999999998	179.98400000000004
276	35	1	182.56	172.83799999999994
276	36	1	140.87425149700607	142.45309381237507
276	37	1	75.42629482071705	96.9681274900398
276	38	1	146.9600798403194	198.12175648702595
276	39	1	144.5717131474102	170.53386454183274
276	40	1	159.3053892215568	149.67664670658672
276	41	1	104.43512974051893	159.50499001996
276	42	1	79.44311377245505	21.407185628742535
276	43	1	59.16566866267464	87.24750499002
276	44	1	198.11976047904193	91.03592814371265
276	45	1	113.56487025948111	133.88622754491013
277	1	2	4.959999999999995	4.979999999999998
277	2	2	4.944	45.03600000000001
277	3	2	4.877049180327865	84.87704918032787
277	4	2	4.877049180327865	125.1229508196721
277	5	2	5.036000000000001	164.9400000000001
277	6	2	45.027999999999984	4.912000000000001
277	7	2	45.00000000000003	45.00000000000002
277	8	2	45.132	85.40399999999994
277	9	2	45.00000000000003	124.99999999999997
277	10	2	45.012	165.10399999999987
277	11	2	84.87704918032783	5.1229508196721305
277	12	2	85.01200000000003	45.040000000000006
277	13	2	84.952	84.93999999999998
277	14	2	85.01600000000005	125.156
277	15	2	85.52479338842977	165.68595041322322
277	16	2	124.69999999999996	5.000000000000002
277	17	2	124.89200000000002	45.06400000000003
277	18	2	125.03599999999999	84.83200000000001
277	19	2	125.13199999999999	124.59600000000003
277	20	2	125.25714285714291	165.51428571428562
277	21	2	165.03599999999994	5.088
277	22	2	164.97999999999996	45.10399999999999
277	23	2	164.87999999999994	85.09200000000003
277	24	2	164.99999999999994	124.99999999999997
277	25	2	164.90400000000002	164.86799999999994
277	26	1	21.584830339321346	120.56287425149704
277	27	1	64.09163346613546	178.20916334661328
277	28	1	113.85029940119759	147.2295409181638
277	29	1	28.972055888223547	105.77844311377251
277	30	1	28.93213572854289	77.3892215568863
277	31	1	48.77490039840633	66.7968127490039
277	32	1	153.148	56.235999999999954
277	33	1	78.813627254509	159.53306613226462
277	34	1	93.06986027944116	179.93013972055883
277	35	1	182.58283433133735	172.96407185628735
277	36	1	140.878243512974	142.3273453093812
277	37	1	75.27689243027889	96.96215139442229
277	38	1	146.9580838323354	198.1377245508982
277	39	1	144.6806387225549	170.44311377245504
277	40	1	159.31800000000015	149.56600000000003
277	41	1	104.40319361277452	159.41117764471073
277	42	1	79.62674650698601	21.495009980039924
277	43	1	59.12375249501001	87.14171656686632
277	44	1	198.376	91.19000000000001
277	45	1	113.5269461077845	133.85229540918166
278	1	2	4.959999999999995	4.979999999999998
278	2	2	4.944	45.03600000000001
278	3	2	4.877049180327865	84.87704918032787
278	4	2	4.877049180327865	125.1229508196721
278	5	2	5.036000000000001	164.9400000000001
278	6	2	45.027999999999984	4.912000000000001
278	7	2	45.00000000000003	45.00000000000002
278	8	2	45.132	85.40399999999994
278	9	2	45.00000000000003	124.99999999999997
278	10	2	45.012	165.10399999999987
278	11	2	84.87704918032783	5.1229508196721305
278	12	2	85.01200000000003	45.040000000000006
278	13	2	84.952	84.93999999999998
278	14	2	85.01600000000005	125.156
278	15	2	85.52479338842977	165.68595041322322
278	16	2	124.69999999999996	5.000000000000002
278	17	2	124.89200000000002	45.06400000000003
278	18	2	125.03599999999999	84.83200000000001
278	19	2	125.13199999999999	124.59600000000003
278	20	2	125.25714285714291	165.51428571428562
278	21	2	165.03599999999994	5.088
278	22	2	164.97999999999996	45.10399999999999
278	23	2	164.87999999999994	85.09200000000003
278	24	2	164.99999999999994	124.99999999999997
278	25	2	164.90400000000002	164.86799999999994
278	26	1	21.614770459081804	120.59481037924151
278	27	1	64.00400000000002	178.096
278	28	1	113.89820359281438	147.26746506986038
278	29	1	28.9203187250996	105.77689243027896
278	30	1	29.00999999999999	77.20599999999999
278	31	1	48.84661354581675	66.70517928286847
278	32	1	153.21956087824353	56.36926147704591
278	33	1	78.77045908183626	159.65868263473072
278	34	1	92.97005988023952	180.0319361277445
278	35	1	182.5888223552894	173.11377245508982
278	36	1	140.88023952095813	142.1157684630737
278	37	1	75.25149700598809	97.07584830339323
278	38	1	146.9660678642715	198.07385229540918
278	39	1	144.69061876247508	170.2794411177645
278	40	1	159.30139720558876	149.47904191616774
278	41	1	104.49101796407201	159.4491017964069
278	42	1	79.73199999999996	21.573999999999998
278	43	1	59.05788423153693	87.07984031936131
278	44	1	198.434	91.26999999999991
278	45	1	113.42914171656686	133.81037924151693
279	1	2	4.959999999999995	4.979999999999998
279	2	2	4.944	45.03600000000001
279	3	2	4.877049180327865	84.87704918032787
279	4	2	4.877049180327865	125.1229508196721
279	5	2	5.036000000000001	164.9400000000001
279	6	2	45.027999999999984	4.912000000000001
279	7	2	45.00000000000003	45.00000000000002
279	8	2	45.132	85.40399999999994
279	9	2	45.00000000000003	124.99999999999997
279	10	2	45.012	165.10399999999987
279	11	2	84.87704918032783	5.1229508196721305
279	12	2	85.01200000000003	45.040000000000006
279	13	2	84.952	84.93999999999998
279	14	2	85.01600000000005	125.156
279	15	2	85.52479338842977	165.68595041322322
279	16	2	124.69999999999996	5.000000000000002
279	17	2	124.89200000000002	45.06400000000003
279	18	2	125.03599999999999	84.83200000000001
279	19	2	125.13199999999999	124.59600000000003
279	20	2	125.25714285714291	165.51428571428562
279	21	2	165.03599999999994	5.088
279	22	2	164.97999999999996	45.10399999999999
279	23	2	164.87999999999994	85.09200000000003
279	24	2	164.99999999999994	124.99999999999997
279	25	2	164.90400000000002	164.86799999999994
279	26	1	21.68862275449101	120.7225548902196
279	27	1	63.944111776447144	178.08383233532942
279	28	1	113.95409181636718	147.19760479041926
279	29	1	28.852589641434264	105.76095617529884
279	30	1	29.039920159680648	77.16566866267449
279	31	1	48.91799999999996	66.61399999999996
279	32	1	153.25099601593627	56.43824701195219
279	33	1	78.86027944111781	159.57684630738527
279	34	1	92.96812749003992	179.9661354581674
279	35	1	182.69123505976097	173.17928286852597
279	36	1	140.88200000000006	141.978
279	37	1	75.04999999999993	97.01400000000002
279	38	1	146.93800000000007	198.076
279	39	1	144.68400000000003	170.16400000000002
279	40	1	159.327345309381	149.4111776447106
279	41	1	104.52191235059766	159.37450199203175
279	42	1	79.70399999999997	21.591999999999988
279	43	1	58.964071856287426	86.99001996007982
279	44	1	198.606	91.46599999999995
279	45	1	113.32071713147417	133.77689243027896
280	1	2	4.959999999999995	4.979999999999998
280	2	2	4.944	45.03600000000001
280	3	2	4.877049180327865	84.87704918032787
280	4	2	4.877049180327865	125.1229508196721
280	5	2	5.036000000000001	164.9400000000001
280	6	2	45.027999999999984	4.912000000000001
280	7	2	45.00000000000003	45.00000000000002
280	8	2	45.132	85.40399999999994
280	9	2	45.00000000000003	124.99999999999997
280	10	2	45.012	165.10399999999987
280	11	2	84.87704918032783	5.1229508196721305
280	12	2	85.01200000000003	45.040000000000006
280	13	2	84.952	84.93999999999998
280	14	2	85.01600000000005	125.156
280	15	2	85.52479338842977	165.68595041322322
280	16	2	124.69999999999996	5.000000000000002
280	17	2	124.89200000000002	45.06400000000003
280	18	2	125.03599999999999	84.83200000000001
280	19	2	125.13199999999999	124.59600000000003
280	20	2	125.25714285714291	165.51428571428562
280	21	2	165.03599999999994	5.088
280	22	2	164.97999999999996	45.10399999999999
280	23	2	164.87999999999994	85.09200000000003
280	24	2	164.99999999999994	124.99999999999997
280	25	2	164.90400000000002	164.86799999999994
280	26	1	21.741035856573724	120.78884462151387
280	27	1	63.86027944111775	177.99800399201598
280	28	1	114.04800000000003	147.1519999999998
280	29	1	28.90000000000002	105.82200000000003
280	30	1	29.036000000000005	77.17999999999998
280	31	1	48.917999999999985	66.61
280	32	1	153.2609561752989	56.50796812749007
280	33	1	78.85429141716571	159.6706586826348
280	34	1	92.982	179.8980000000002
280	35	1	182.6746506986028	173.2295409181638
280	36	1	140.85200000000012	141.88800000000006
280	37	1	74.82902584493037	96.98011928429426
280	38	1	147.026	197.912
280	39	1	144.66932270916328	169.99800796812767
280	40	1	159.38922155688607	149.33732534930138
280	41	1	104.53984063745021	159.28685258964143
280	42	1	79.72255489021963	21.566866267465056
280	43	1	58.880239520958085	86.91017964071861
280	44	1	198.778	91.61799999999998
280	45	1	113.26653306613214	133.73146292585153
281	1	2	4.959999999999995	4.979999999999998
281	2	2	4.944	45.03600000000001
281	3	2	4.877049180327865	84.87704918032787
281	4	2	4.877049180327865	125.1229508196721
281	5	2	5.036000000000001	164.9400000000001
281	6	2	45.027999999999984	4.912000000000001
281	7	2	45.00000000000003	45.00000000000002
281	8	2	45.132	85.40399999999994
281	9	2	45.00000000000003	124.99999999999997
281	10	2	45.012	165.10399999999987
281	11	2	84.87704918032783	5.1229508196721305
281	12	2	85.01200000000003	45.040000000000006
281	13	2	84.952	84.93999999999998
281	14	2	85.01600000000005	125.156
281	15	2	85.52479338842977	165.68595041322322
281	16	2	124.69999999999996	5.000000000000002
281	17	2	124.89200000000002	45.06400000000003
281	18	2	125.03599999999999	84.83200000000001
281	19	2	125.13199999999999	124.59600000000003
281	20	2	125.25714285714291	165.51428571428562
281	21	2	165.03599999999994	5.088
281	22	2	164.97999999999996	45.10399999999999
281	23	2	164.87999999999994	85.09200000000003
281	24	2	164.99999999999994	124.99999999999997
281	25	2	164.90400000000002	164.86799999999994
281	26	1	21.808000000000014	120.90599999999995
281	27	1	63.728542914171705	177.93812375249496
281	28	1	114.14171656686622	147.07185628742525
281	29	1	28.915999999999983	105.83600000000007
281	30	1	29.015968063872243	77.11976047904191
281	31	1	48.87025948103794	66.57285429141722
281	32	1	153.36127744510986	56.53093812375249
281	33	1	78.92215568862278	159.64071856287427
281	34	1	92.88400000000001	179.9299999999999
281	35	1	182.73453093812375	173.34730538922165
281	36	1	140.87250996015936	141.86852589641424
281	37	1	74.75049900199598	96.95209580838322
281	38	1	146.98203592814357	197.94610778443115
281	39	1	144.7684630738524	169.98003992015947
281	40	1	159.38247011952188	149.27888446215135
281	41	1	104.61155378486062	159.44223107569718
281	42	1	79.71457085828348	21.574850299401174
281	43	1	58.90836653386459	86.77888446215137
281	44	1	198.96007984031937	91.83832335329342
281	45	1	113.1399999999999	133.6860000000001
282	1	2	4.959999999999995	4.979999999999998
282	2	2	4.944	45.03600000000001
282	3	2	4.877049180327865	84.87704918032787
282	4	2	4.877049180327865	125.1229508196721
282	5	2	5.036000000000001	164.9400000000001
282	6	2	45.027999999999984	4.912000000000001
282	7	2	45.00000000000003	45.00000000000002
282	8	2	45.132	85.40399999999994
282	9	2	45.00000000000003	124.99999999999997
282	10	2	45.012	165.10399999999987
282	11	2	84.87704918032783	5.1229508196721305
282	12	2	85.01200000000003	45.040000000000006
282	13	2	84.952	84.93999999999998
282	14	2	85.01600000000005	125.156
282	15	2	85.52479338842977	165.68595041322322
282	16	2	124.69999999999996	5.000000000000002
282	17	2	124.89200000000002	45.06400000000003
282	18	2	125.03599999999999	84.83200000000001
282	19	2	125.13199999999999	124.59600000000003
282	20	2	125.25714285714291	165.51428571428562
282	21	2	165.03599999999994	5.088
282	22	2	164.97999999999996	45.10399999999999
282	23	2	164.87999999999994	85.09200000000003
282	24	2	164.99999999999994	124.99999999999997
282	25	2	164.90400000000002	164.86799999999994
282	26	1	21.91999999999999	121.00799999999995
282	27	1	63.71999999999997	177.82000000000016
282	28	1	114.18163672654687	147.03592814371297
282	29	1	28.978043912175647	105.9061876247506
282	30	1	28.970000000000006	77.07600000000002
282	31	1	48.900199600798416	66.60479041916163
282	32	1	153.37000000000003	56.58399999999999
282	33	1	78.93812375249495	159.6506986027945
282	34	1	92.80199999999996	179.90200000000007
282	35	1	182.78286852589642	173.51992031872504
282	36	1	140.88622754491024	141.67065868263475
282	37	1	74.54091816367267	96.9101796407186
282	38	1	146.98007968127501	197.91633466135457
282	39	1	144.78200000000012	169.85199999999986
282	40	1	159.4271457085829	149.30938123752503
282	41	1	104.7385229540918	159.49500998004007
282	42	1	79.75999999999999	21.58399999999999
282	43	1	58.82634730538923	86.96007984031945
282	44	1	199.176	91.96799999999996
282	45	1	113.07385229540915	133.6826347305387
283	1	2	4.959999999999995	4.979999999999998
283	2	2	4.944	45.03600000000001
283	3	2	4.877049180327865	84.87704918032787
283	4	2	4.877049180327865	125.1229508196721
283	5	2	5.036000000000001	164.9400000000001
283	6	2	45.027999999999984	4.912000000000001
283	7	2	45.00000000000003	45.00000000000002
283	8	2	45.132	85.40399999999994
283	9	2	45.00000000000003	124.99999999999997
283	10	2	45.012	165.10399999999987
283	11	2	84.87704918032783	5.1229508196721305
283	12	2	85.01200000000003	45.040000000000006
283	13	2	84.952	84.93999999999998
283	14	2	85.01600000000005	125.156
283	15	2	85.52479338842977	165.68595041322322
283	16	2	124.69999999999996	5.000000000000002
283	17	2	124.89200000000002	45.06400000000003
283	18	2	125.03599999999999	84.83200000000001
283	19	2	125.13199999999999	124.59600000000003
283	20	2	125.25714285714291	165.51428571428562
283	21	2	165.03599999999994	5.088
283	22	2	164.97999999999996	45.10399999999999
283	23	2	164.87999999999994	85.09200000000003
283	24	2	164.99999999999994	124.99999999999997
283	25	2	164.90400000000002	164.86799999999994
283	26	1	21.980079681274905	121.08565737051794
283	27	1	63.65269461077846	177.64870259481054
283	28	1	114.10358565737047	146.98406374501977
283	29	1	29.03200000000001	105.87999999999995
283	30	1	29.073852295409186	76.97205588822352
283	31	1	49.00800000000003	66.5800000000001
283	32	1	153.35258964143435	56.59561752988048
283	33	1	78.95209580838323	159.68862275449104
283	34	1	92.77399999999996	179.8500000000001
283	35	1	182.818	173.6760000000001
283	36	1	140.8682634730539	141.63872255489025
283	37	1	74.44800000000001	96.96600000000007
283	38	1	146.96407185628735	197.89221556886227
283	39	1	144.7928286852592	169.82071713147408
283	40	1	159.37325349301403	149.20558882235503
283	41	1	104.88822355289423	159.57085828343327
283	42	1	79.82634730538916	21.61676646706586
283	43	1	58.7844311377245	87.03592814371257
283	44	1	199.32934131736528	92.07784431137718
283	45	1	113.0439121756488	133.68862275449095
284	1	2	4.959999999999995	4.979999999999998
284	2	2	4.944	45.03600000000001
284	3	2	4.877049180327865	84.87704918032787
284	4	2	4.877049180327865	125.1229508196721
284	5	2	5.036000000000001	164.9400000000001
284	6	2	45.027999999999984	4.912000000000001
284	7	2	45.00000000000003	45.00000000000002
284	8	2	45.132	85.40399999999994
284	9	2	45.00000000000003	124.99999999999997
284	10	2	45.012	165.10399999999987
284	11	2	84.87704918032783	5.1229508196721305
284	12	2	85.01200000000003	45.040000000000006
284	13	2	84.952	84.93999999999998
284	14	2	85.01600000000005	125.156
284	15	2	85.52479338842977	165.68595041322322
284	16	2	124.69999999999996	5.000000000000002
284	17	2	124.89200000000002	45.06400000000003
284	18	2	125.03599999999999	84.83200000000001
284	19	2	125.13199999999999	124.59600000000003
284	20	2	125.25714285714291	165.51428571428562
284	21	2	165.03599999999994	5.088
284	22	2	164.97999999999996	45.10399999999999
284	23	2	164.87999999999994	85.09200000000003
284	24	2	164.99999999999994	124.99999999999997
284	25	2	164.90400000000002	164.86799999999994
284	26	1	21.999999999999986	121.11976047904187
284	27	1	63.61477045908181	177.58682634730528
284	28	1	114.07385229540915	146.92015968063876
284	29	1	29.08800000000001	105.908
284	30	1	29.11200000000001	76.92399999999999
284	31	1	49.04590818363274	66.49500998003991
284	32	1	153.43113772455118	56.58083832335328
284	33	1	79.06986027944113	159.6866267465067
284	34	1	92.75049900199609	179.84231536926163
284	35	1	182.84031936127744	173.75249500998
284	36	1	140.76047904191617	141.42315369261473
284	37	1	74.23153692614765	96.91017964071858
284	38	1	147.08183632734514	197.7185628742515
284	39	1	144.8562874251497	169.59880239520967
284	40	1	159.38123752495014	149.19361277445114
284	41	1	105.00399201596798	159.5548902195609
284	42	1	79.98403193612776	21.69261477045909
284	43	1	58.72455089820357	86.99201596806388
284	44	1	199.476	92.18799999999996
284	45	1	112.90419161676641	133.63473053892227
285	1	2	4.959999999999995	4.979999999999998
285	2	2	4.944	45.03600000000001
285	3	2	4.877049180327865	84.87704918032787
285	4	2	4.877049180327865	125.1229508196721
285	5	2	5.036000000000001	164.9400000000001
285	6	2	45.027999999999984	4.912000000000001
285	7	2	45.00000000000003	45.00000000000002
285	8	2	45.132	85.40399999999994
285	9	2	45.00000000000003	124.99999999999997
285	10	2	45.012	165.10399999999987
285	11	2	84.87704918032783	5.1229508196721305
285	12	2	85.01200000000003	45.040000000000006
285	13	2	84.952	84.93999999999998
285	14	2	85.01600000000005	125.156
285	15	2	85.52479338842977	165.68595041322322
285	16	2	124.69999999999996	5.000000000000002
285	17	2	124.89200000000002	45.06400000000003
285	18	2	125.03599999999999	84.83200000000001
285	19	2	125.13199999999999	124.59600000000003
285	20	2	125.25714285714291	165.51428571428562
285	21	2	165.03599999999994	5.088
285	22	2	164.97999999999996	45.10399999999999
285	23	2	164.87999999999994	85.09200000000003
285	24	2	164.99999999999994	124.99999999999997
285	25	2	164.90400000000002	164.86799999999994
285	26	1	22.041916167664667	121.1077844311377
285	27	1	63.624000000000024	177.5460000000001
285	28	1	114.14999999999998	146.95799999999986
285	29	1	29.041916167664677	105.89820359281441
285	30	1	29.14371257485031	76.81037924151688
285	31	1	49.03799999999999	66.43400000000004
285	32	1	153.49900199600796	56.67664670658686
285	33	1	79.11377245508979	159.67265469061866
285	34	1	92.76247504990015	179.756487025948
285	35	1	182.86027944111777	173.85229540918158
285	36	1	140.75	141.13800000000003
285	37	1	74.0918163672655	96.95009980039917
285	38	1	147.06200000000007	197.714
285	39	1	144.86027944111757	169.4411177644711
285	40	1	159.39800000000005	149.15799999999996
285	41	1	105.06800000000003	159.55200000000016
285	42	1	79.91616766467064	21.67065868263474
285	43	1	58.65537848605576	86.94621513944224
285	44	1	199.478	92.23200000000003
285	45	1	112.85429141716561	133.62674650698594
286	1	2	4.959999999999995	4.979999999999998
286	2	2	4.944	45.03600000000001
286	3	2	4.877049180327865	84.87704918032787
286	4	2	4.877049180327865	125.1229508196721
286	5	2	5.036000000000001	164.9400000000001
286	6	2	45.027999999999984	4.912000000000001
286	7	2	45.00000000000003	45.00000000000002
286	8	2	45.132	85.40399999999994
286	9	2	45.00000000000003	124.99999999999997
286	10	2	45.012	165.10399999999987
286	11	2	84.87704918032783	5.1229508196721305
286	12	2	85.01200000000003	45.040000000000006
286	13	2	84.952	84.93999999999998
286	14	2	85.01600000000005	125.156
286	15	2	85.52479338842977	165.68595041322322
286	16	2	124.69999999999996	5.000000000000002
286	17	2	124.89200000000002	45.06400000000003
286	18	2	125.03599999999999	84.83200000000001
286	19	2	125.13199999999999	124.59600000000003
286	20	2	125.25714285714291	165.51428571428562
286	21	2	165.03599999999994	5.088
286	22	2	164.97999999999996	45.10399999999999
286	23	2	164.87999999999994	85.09200000000003
286	24	2	164.99999999999994	124.99999999999997
286	25	2	164.90400000000002	164.86799999999994
286	26	1	22.1317365269461	121.18363273453093
286	27	1	63.541999999999966	177.5059999999999
286	28	1	114.04208416833664	146.8817635270542
286	29	1	29.093625498007988	105.91832669322706
286	30	1	29.1616766467066	76.74850299401199
286	31	1	49.0981963927856	66.33066132264535
286	32	1	153.53784860557772	56.69920318725098
286	33	1	79.12175648702599	159.67065868263458
286	34	1	92.72908366533859	179.74900398406388
286	35	1	182.76999999999998	173.85799999999978
286	36	1	140.7425149700599	140.9820359281438
286	37	1	74.00199600798408	97.00998003992032
286	38	1	147.13545816733048	197.6414342629482
286	39	1	144.79199999999992	169.092
286	40	1	159.52894211576847	148.96806387225553
286	41	1	105.18762475049908	159.63473053892216
286	42	1	79.95399999999998	21.720000000000006
286	43	1	58.64670658682641	86.9121756487026
286	44	1	199.62800000000001	92.30000000000004
286	45	1	112.82235528942111	133.63273453093808
287	1	2	4.959999999999995	4.979999999999998
287	2	2	4.944	45.03600000000001
287	3	2	4.877049180327865	84.87704918032787
287	4	2	4.877049180327865	125.1229508196721
287	5	2	5.036000000000001	164.9400000000001
287	6	2	45.027999999999984	4.912000000000001
287	7	2	45.00000000000003	45.00000000000002
287	8	2	45.132	85.40399999999994
287	9	2	45.00000000000003	124.99999999999997
287	10	2	45.012	165.10399999999987
287	11	2	84.87704918032783	5.1229508196721305
287	12	2	85.01200000000003	45.040000000000006
287	13	2	84.952	84.93999999999998
287	14	2	85.01600000000005	125.156
287	15	2	85.52479338842977	165.68595041322322
287	16	2	124.69999999999996	5.000000000000002
287	17	2	124.89200000000002	45.06400000000003
287	18	2	125.03599999999999	84.83200000000001
287	19	2	125.13199999999999	124.59600000000003
287	20	2	125.25714285714291	165.51428571428562
287	21	2	165.03599999999994	5.088
287	22	2	164.97999999999996	45.10399999999999
287	23	2	164.87999999999994	85.09200000000003
287	24	2	164.99999999999994	124.99999999999997
287	25	2	164.90400000000002	164.86799999999994
287	26	1	22.14371257485028	121.29740518962073
287	27	1	63.4750499001996	177.41916167664675
287	28	1	114.02390438247014	146.85258964143426
287	29	1	29.19800000000001	105.98199999999996
287	30	1	29.175648702594817	76.75049900199608
287	31	1	49.194000000000045	66.24199999999995
287	32	1	153.5608782435131	56.79041916167668
287	33	1	79.10199999999995	159.66199999999998
287	34	1	92.69199999999998	179.70800000000006
287	35	1	182.75848303393212	173.92814371257484
287	36	1	140.79041916167657	140.83632734530937
287	37	1	73.95200000000003	97.03000000000003
287	38	1	147.21157684630728	197.53493013972056
287	39	1	144.90239043824687	168.9701195219123
287	40	1	159.73200000000003	148.89799999999988
287	41	1	105.18962075848303	159.68063872255513
287	42	1	79.95409181636722	21.72654690618763
287	43	1	58.66467065868267	86.85429141716575
287	44	1	199.83466135458167	92.37051792828696
287	45	1	112.79041916167667	133.61676646706587
288	1	2	4.959999999999995	4.979999999999998
288	2	2	4.944	45.03600000000001
288	3	2	4.877049180327865	84.87704918032787
288	4	2	4.877049180327865	125.1229508196721
288	5	2	5.036000000000001	164.9400000000001
288	6	2	45.027999999999984	4.912000000000001
288	7	2	45.00000000000003	45.00000000000002
288	8	2	45.132	85.40399999999994
288	9	2	45.00000000000003	124.99999999999997
288	10	2	45.012	165.10399999999987
288	11	2	84.87704918032783	5.1229508196721305
288	12	2	85.01200000000003	45.040000000000006
288	13	2	84.952	84.93999999999998
288	14	2	85.01600000000005	125.156
288	15	2	85.52479338842977	165.68595041322322
288	16	2	124.69999999999996	5.000000000000002
288	17	2	124.89200000000002	45.06400000000003
288	18	2	125.03599999999999	84.83200000000001
288	19	2	125.13199999999999	124.59600000000003
288	20	2	125.25714285714291	165.51428571428562
288	21	2	165.03599999999994	5.088
288	22	2	164.97999999999996	45.10399999999999
288	23	2	164.87999999999994	85.09200000000003
288	24	2	164.99999999999994	124.99999999999997
288	25	2	164.90400000000002	164.86799999999994
288	26	1	22.177644710578853	121.33932135728537
288	27	1	63.39920159680643	177.36526946107776
288	28	1	114.06600000000005	146.75200000000007
288	29	1	29.249500998003974	105.98602794411177
288	30	1	29.203187250996017	76.8067729083665
288	31	1	49.36726546906192	66.10578842315373
288	32	1	153.5648702594811	56.88223552894213
288	33	1	79.06786427145703	159.72055888223545
288	34	1	92.69600000000005	179.61399999999995
288	35	1	182.86626746506985	173.99401197604797
288	36	1	140.804	140.73400000000012
288	37	1	73.89199999999994	97.026
288	38	1	147.25748502994017	197.52694610778443
288	39	1	145.0039920159681	168.8902195608782
288	40	1	159.8702594810379	148.8063872255489
288	41	1	105.34860557768937	159.7669322709163
288	42	1	80.13173652694606	21.810379241516944
288	43	1	58.65936254980079	86.88645418326693
288	44	1	199.964	92.45600000000002
288	45	1	112.7788844621514	133.58167330677284
289	1	2	4.959999999999995	4.979999999999998
289	2	2	4.944	45.03600000000001
289	3	2	4.877049180327865	84.87704918032787
289	4	2	4.877049180327865	125.1229508196721
289	5	2	5.036000000000001	164.9400000000001
289	6	2	45.027999999999984	4.912000000000001
289	7	2	45.00000000000003	45.00000000000002
289	8	2	45.132	85.40399999999994
289	9	2	45.00000000000003	124.99999999999997
289	10	2	45.012	165.10399999999987
289	11	2	84.87704918032783	5.1229508196721305
289	12	2	85.01200000000003	45.040000000000006
289	13	2	84.952	84.93999999999998
289	14	2	85.01600000000005	125.156
289	15	2	85.52479338842977	165.68595041322322
289	16	2	124.69999999999996	5.000000000000002
289	17	2	124.89200000000002	45.06400000000003
289	18	2	125.03599999999999	84.83200000000001
289	19	2	125.13199999999999	124.59600000000003
289	20	2	125.25714285714291	165.51428571428562
289	21	2	165.03599999999994	5.088
289	22	2	164.97999999999996	45.10399999999999
289	23	2	164.87999999999994	85.09200000000003
289	24	2	164.99999999999994	124.99999999999997
289	25	2	164.90400000000002	164.86799999999994
289	26	1	22.139999999999993	121.374
289	27	1	63.36926147704594	177.38722554890225
289	28	1	114.07185628742515	146.68063872255516
289	29	1	29.30339321357286	105.97604790419153
289	30	1	29.229540918163682	76.7904191616767
289	31	1	49.40918163672655	66.09980039920171
289	32	1	153.60600000000002	56.88200000000001
289	33	1	79.15568862275443	159.69860279441113
289	34	1	92.65868263473044	179.6107784431138
289	35	1	182.95608782435127	174.08183632734517
289	36	1	140.80079681274913	140.55378486055787
289	37	1	73.85828343313372	97.09381237524953
289	38	1	147.266	197.474
289	39	1	145.04174950298224	168.64015904572562
289	40	1	159.99401197604806	148.79241516966079
289	41	1	105.42315369261478	159.90019960079843
289	42	1	80.14599999999993	21.807999999999986
289	43	1	58.62475049900201	86.90219560878246
289	44	1	0.17964071856287195	92.64670658682635
289	45	1	112.664	133.50799999999992
290	1	2	4.959999999999995	4.979999999999998
290	2	2	4.944	45.03600000000001
290	3	2	4.877049180327865	84.87704918032787
290	4	2	4.877049180327865	125.1229508196721
290	5	2	5.036000000000001	164.9400000000001
290	6	2	45.027999999999984	4.912000000000001
290	7	2	45.00000000000003	45.00000000000002
290	8	2	45.132	85.40399999999994
290	9	2	45.00000000000003	124.99999999999997
290	10	2	45.012	165.10399999999987
290	11	2	84.87704918032783	5.1229508196721305
290	12	2	85.01200000000003	45.040000000000006
290	13	2	84.952	84.93999999999998
290	14	2	85.01600000000005	125.156
290	15	2	85.52479338842977	165.68595041322322
290	16	2	124.69999999999996	5.000000000000002
290	17	2	124.89200000000002	45.06400000000003
290	18	2	125.03599999999999	84.83200000000001
290	19	2	125.13199999999999	124.59600000000003
290	20	2	125.25714285714291	165.51428571428562
290	21	2	165.03599999999994	5.088
290	22	2	164.97999999999996	45.10399999999999
290	23	2	164.87999999999994	85.09200000000003
290	24	2	164.99999999999994	124.99999999999997
290	25	2	164.90400000000002	164.86799999999994
290	26	1	22.1936127744511	121.51497005988016
290	27	1	63.31736526946109	177.25149700598794
290	28	1	114.1100000000001	146.6720000000002
290	29	1	29.33067729083668	106.00199203187246
290	30	1	29.231536926147697	76.76047904191616
290	31	1	49.45508982035929	66.07784431137725
290	32	1	153.72199999999987	57.08200000000002
290	33	1	79.23952095808374	159.7465069860279
290	34	1	92.59760956175292	179.62948207171286
290	35	1	182.9800399201597	174.08782435129746
290	36	1	140.83632734530946	140.4411177644713
290	37	1	73.7465069860279	97.18163672654691
290	38	1	147.28542914171646	197.39321357285428
290	39	1	145.05799999999996	168.46199999999996
290	40	1	159.9999999999999	148.98406374501982
290	41	1	105.52095808383235	159.92415169660669
290	42	1	80.19999999999993	21.87000000000001
290	43	1	58.619521912350606	86.84860557768916
290	44	1	0.3019999999999995	92.77199999999996
290	45	1	112.65199999999999	133.48999999999995
291	1	2	4.959999999999995	4.979999999999998
291	2	2	4.944	45.03600000000001
291	3	2	4.877049180327865	84.87704918032787
291	4	2	4.877049180327865	125.1229508196721
291	5	2	5.036000000000001	164.9400000000001
291	6	2	45.027999999999984	4.912000000000001
291	7	2	45.00000000000003	45.00000000000002
291	8	2	45.132	85.40399999999994
291	9	2	45.00000000000003	124.99999999999997
291	10	2	45.012	165.10399999999987
291	11	2	84.87704918032783	5.1229508196721305
291	12	2	85.01200000000003	45.040000000000006
291	13	2	84.952	84.93999999999998
291	14	2	85.01600000000005	125.156
291	15	2	85.52479338842977	165.68595041322322
291	16	2	124.69999999999996	5.000000000000002
291	17	2	124.89200000000002	45.06400000000003
291	18	2	125.03599999999999	84.83200000000001
291	19	2	125.13199999999999	124.59600000000003
291	20	2	125.25714285714291	165.51428571428562
291	21	2	165.03599999999994	5.088
291	22	2	164.97999999999996	45.10399999999999
291	23	2	164.87999999999994	85.09200000000003
291	24	2	164.99999999999994	124.99999999999997
291	25	2	164.90400000000002	164.86799999999994
291	26	1	22.318000000000005	121.58399999999986
291	27	1	63.31337325349304	177.20558882235534
291	28	1	114.08782435129737	146.6067864271456
291	29	1	29.341317365269457	105.97604790419163
291	30	1	29.292828685258964	76.70717131474107
291	31	1	49.500998003991974	66.0079840319361
291	32	1	153.77799999999993	57.26800000000007
291	33	1	79.262	159.748
291	34	1	92.61676646706584	179.64271457085815
291	35	1	182.9560878243513	174.05389221556905
291	36	1	140.81999999999988	140.28200000000018
291	37	1	73.73705179282878	97.26892430278888
291	38	1	147.27345309381224	197.3552894211577
291	39	1	145.10599999999988	168.44400000000024
291	40	1	159.91400000000007	148.96600000000007
291	41	1	105.55888223552897	160.0000000000001
291	42	1	80.15968063872255	21.86227544910181
291	43	1	58.65139442231077	86.71713147410355
291	44	1	0.4500000000000029	92.89400000000005
291	45	1	112.50000000000007	133.37000000000015
292	1	2	4.959999999999995	4.979999999999998
292	2	2	4.944	45.03600000000001
292	3	2	4.877049180327865	84.87704918032787
292	4	2	4.877049180327865	125.1229508196721
292	5	2	5.036000000000001	164.9400000000001
292	6	2	45.027999999999984	4.912000000000001
292	7	2	45.00000000000003	45.00000000000002
292	8	2	45.132	85.40399999999994
292	9	2	45.00000000000003	124.99999999999997
292	10	2	45.012	165.10399999999987
292	11	2	84.87704918032783	5.1229508196721305
292	12	2	85.01200000000003	45.040000000000006
292	13	2	84.952	84.93999999999998
292	14	2	85.01600000000005	125.156
292	15	2	85.52479338842977	165.68595041322322
292	16	2	124.69999999999996	5.000000000000002
292	17	2	124.89200000000002	45.06400000000003
292	18	2	125.03599999999999	84.83200000000001
292	19	2	125.13199999999999	124.59600000000003
292	20	2	125.25714285714291	165.51428571428562
292	21	2	165.03599999999994	5.088
292	22	2	164.97999999999996	45.10399999999999
292	23	2	164.87999999999994	85.09200000000003
292	24	2	164.99999999999994	124.99999999999997
292	25	2	164.90400000000002	164.86799999999994
292	26	1	22.35329341317366	121.52095808383238
292	27	1	63.23153692614776	177.13572854291422
292	28	1	114.05599999999998	146.57999999999998
292	29	1	29.329341317365294	105.96207584830344
292	30	1	29.263999999999992	76.60799999999993
292	31	1	49.479999999999976	66.01199999999993
292	32	1	153.8043912175647	57.30339321357281
292	33	1	79.29141716566863	159.71856287425155
292	34	1	92.61676646706584	179.64271457085815
292	35	1	182.99201596806387	174.13772455089816
292	36	1	140.812749003984	140.05577689243015
292	37	1	73.59081836327341	97.24351297405194
292	38	1	147.34131736526933	197.30738522954093
292	39	1	145.15369261477034	168.2654690618762
292	40	1	159.98605577689244	149.0597609561753
292	41	1	105.66267465069853	160.0838323353294
292	42	1	80.09600000000003	21.879999999999995
292	43	1	58.62275449101796	86.69660678642715
292	44	1	0.4519999999999979	92.94599999999994
292	45	1	112.37524950099797	133.3073852295408
293	1	2	4.959999999999995	4.979999999999998
293	2	2	4.944	45.03600000000001
293	3	2	4.877049180327865	84.87704918032787
293	4	2	4.877049180327865	125.1229508196721
293	5	2	5.036000000000001	164.9400000000001
293	6	2	45.027999999999984	4.912000000000001
293	7	2	45.00000000000003	45.00000000000002
293	8	2	45.132	85.40399999999994
293	9	2	45.00000000000003	124.99999999999997
293	10	2	45.012	165.10399999999987
293	11	2	84.87704918032783	5.1229508196721305
293	12	2	85.01200000000003	45.040000000000006
293	13	2	84.952	84.93999999999998
293	14	2	85.01600000000005	125.156
293	15	2	85.52479338842977	165.68595041322322
293	16	2	124.69999999999996	5.000000000000002
293	17	2	124.89200000000002	45.06400000000003
293	18	2	125.03599999999999	84.83200000000001
293	19	2	125.13199999999999	124.59600000000003
293	20	2	125.25714285714291	165.51428571428562
293	21	2	165.03599999999994	5.088
293	22	2	164.97999999999996	45.10399999999999
293	23	2	164.87999999999994	85.09200000000003
293	24	2	164.99999999999994	124.99999999999997
293	25	2	164.90400000000002	164.86799999999994
293	26	1	22.413173652694613	121.5109780439122
293	27	1	63.199600798403196	177.1616766467068
293	28	1	114.04780876494017	146.4561752988047
293	29	1	29.367265469061874	105.91816367265477
293	30	1	29.29141716566865	76.60678642714566
293	31	1	49.68999999999997	65.888
293	32	1	153.86799999999997	57.36000000000001
293	33	1	79.31800000000003	159.74600000000012
293	34	1	92.44399999999997	179.69000000000028
293	35	1	182.94211576846305	174.15169660678646
293	36	1	140.81399999999974	139.95600000000002
293	37	1	73.46906187624755	97.22754491017965
293	38	1	147.29199999999992	197.264
293	39	1	145.18924302788855	168.15936254980076
293	40	1	160.05389221556894	149.0998003992017
293	41	1	105.78842315369262	160.1437125748502
293	42	1	80.11800000000005	21.912000000000003
293	43	1	58.566000000000024	86.75400000000012
293	44	1	0.46400000000000063	93.038
293	45	1	112.23952095808382	133.16766467065852
294	1	2	4.959999999999995	4.979999999999998
294	2	2	4.944	45.03600000000001
294	3	2	4.877049180327865	84.87704918032787
294	4	2	4.877049180327865	125.1229508196721
294	5	2	5.036000000000001	164.9400000000001
294	6	2	45.027999999999984	4.912000000000001
294	7	2	45.00000000000003	45.00000000000002
294	8	2	45.132	85.40399999999994
294	9	2	45.00000000000003	124.99999999999997
294	10	2	45.012	165.10399999999987
294	11	2	84.87704918032783	5.1229508196721305
294	12	2	85.01200000000003	45.040000000000006
294	13	2	84.952	84.93999999999998
294	14	2	85.01600000000005	125.156
294	15	2	85.52479338842977	165.68595041322322
294	16	2	124.69999999999996	5.000000000000002
294	17	2	124.89200000000002	45.06400000000003
294	18	2	125.03599999999999	84.83200000000001
294	19	2	125.13199999999999	124.59600000000003
294	20	2	125.25714285714291	165.51428571428562
294	21	2	165.03599999999994	5.088
294	22	2	164.97999999999996	45.10399999999999
294	23	2	164.87999999999994	85.09200000000003
294	24	2	164.99999999999994	124.99999999999997
294	25	2	164.90400000000002	164.86799999999994
294	26	1	22.300796812749027	121.51992031872504
294	27	1	63.16167664670658	177.15369261477048
294	28	1	114.03393213572846	146.35928143712562
294	29	1	29.374501992031853	105.886454183267
294	30	1	29.2055888223553	76.58483033932137
294	31	1	49.63473053892215	65.81636726546904
294	32	1	153.89421157684632	57.506986027944144
294	33	1	79.31137724550894	159.81237524950092
294	34	1	92.58600000000007	179.57199999999992
294	35	1	182.98602794411175	174.185628742515
294	36	1	140.8502994011977	139.73253493013974
294	37	1	73.26147704590822	97.12574850299399
294	38	1	147.27200000000008	197.31199999999998
294	39	1	145.34068136272532	168.06412825651284
294	40	1	160.12574850299404	149.05588822355307
294	41	1	105.88023952095807	160.0778443113772
294	42	1	80.1760000000001	21.966000000000005
294	43	1	58.49101796407187	86.7564870259481
294	44	1	0.5560000000000029	93.18799999999996
294	45	1	112.31800000000005	133.16800000000006
295	1	2	4.959999999999995	4.979999999999998
295	2	2	4.944	45.03600000000001
295	3	2	4.877049180327865	84.87704918032787
295	4	2	4.877049180327865	125.1229508196721
295	5	2	5.036000000000001	164.9400000000001
295	6	2	45.027999999999984	4.912000000000001
295	7	2	45.00000000000003	45.00000000000002
295	8	2	45.132	85.40399999999994
295	9	2	45.00000000000003	124.99999999999997
295	10	2	45.012	165.10399999999987
295	11	2	84.87704918032783	5.1229508196721305
295	12	2	85.01200000000003	45.040000000000006
295	13	2	84.952	84.93999999999998
295	14	2	85.01600000000005	125.156
295	15	2	85.52479338842977	165.68595041322322
295	16	2	124.69999999999996	5.000000000000002
295	17	2	124.89200000000002	45.06400000000003
295	18	2	125.03599999999999	84.83200000000001
295	19	2	125.13199999999999	124.59600000000003
295	20	2	125.25714285714291	165.51428571428562
295	21	2	165.03599999999994	5.088
295	22	2	164.97999999999996	45.10399999999999
295	23	2	164.87999999999994	85.09200000000003
295	24	2	164.99999999999994	124.99999999999997
295	25	2	164.90400000000002	164.86799999999994
295	26	1	22.25748502994011	121.55888223552896
295	27	1	63.062000000000026	177.09400000000005
295	28	1	113.9920159680639	146.31337325349307
295	29	1	29.308764940239037	105.82669322709165
295	30	1	29.241516966067863	76.45109780439124
295	31	1	49.64	65.72599999999998
295	32	1	153.91616766467052	57.5568862275449
295	33	1	79.33133732534928	159.87624750499006
295	34	1	92.48502994011976	179.68862275449106
295	35	1	182.97205588822357	174.2734530938122
295	36	1	140.928	139.57199999999995
295	37	1	73.12749003984062	97.07569721115536
295	38	1	147.24302788844608	197.28884462151393
295	39	1	145.34999999999994	167.89199999999994
295	40	1	160.14970059880224	149.00798403193593
295	41	1	105.87225548902194	160.10379241516966
295	42	1	80.20199999999998	22.028
295	43	1	58.46107784431141	86.67265469061867
295	44	1	0.6779999999999988	93.24800000000002
295	45	1	112.38199999999992	133.17799999999997
296	1	2	4.959999999999995	4.979999999999998
296	2	2	4.944	45.03600000000001
296	3	2	4.877049180327865	84.87704918032787
296	4	2	4.877049180327865	125.1229508196721
296	5	2	5.036000000000001	164.9400000000001
296	6	2	45.027999999999984	4.912000000000001
296	7	2	45.00000000000003	45.00000000000002
296	8	2	45.132	85.40399999999994
296	9	2	45.00000000000003	124.99999999999997
296	10	2	45.012	165.10399999999987
296	11	2	84.87704918032783	5.1229508196721305
296	12	2	85.01200000000003	45.040000000000006
296	13	2	84.952	84.93999999999998
296	14	2	85.01600000000005	125.156
296	15	2	85.52479338842977	165.68595041322322
296	16	2	124.69999999999996	5.000000000000002
296	17	2	124.89200000000002	45.06400000000003
296	18	2	125.03599999999999	84.83200000000001
296	19	2	125.13199999999999	124.59600000000003
296	20	2	125.25714285714291	165.51428571428562
296	21	2	165.03599999999994	5.088
296	22	2	164.97999999999996	45.10399999999999
296	23	2	164.87999999999994	85.09200000000003
296	24	2	164.99999999999994	124.99999999999997
296	25	2	164.90400000000002	164.86799999999994
296	26	1	22.365999999999996	121.73799999999994
296	27	1	62.998007968127496	177.07370517928268
296	28	1	113.79640718562884	146.20758483033921
296	29	1	29.352589641434246	105.90438247011951
296	30	1	29.19799999999999	76.29599999999999
296	31	1	49.68463073852297	65.66666666666667
296	32	1	153.9600798403193	57.61277445109782
296	33	1	79.39321357285425	159.92015968063865
296	34	1	92.52095808383231	179.64670658682655
296	35	1	182.91816367265469	174.30738522954093
296	36	1	140.91600000000014	139.56800000000007
296	37	1	72.98597194388772	97.03406813627262
296	38	1	147.3253493013974	197.13373253493015
296	39	1	145.38522954091806	167.81836327345331
296	40	1	160.22908366533844	148.9661354581674
296	41	1	106.118	160.2800000000003
296	42	1	80.12375249500995	22.053892215568883
296	43	1	58.53	86.55399999999999
296	44	1	0.7399999999999968	93.30399999999987
296	45	1	112.38877755511015	133.09619238476932
297	1	2	4.959999999999995	4.979999999999998
297	2	2	4.944	45.03600000000001
297	3	2	4.877049180327865	84.87704918032787
297	4	2	4.877049180327865	125.1229508196721
297	5	2	5.036000000000001	164.9400000000001
297	6	2	45.027999999999984	4.912000000000001
297	7	2	45.00000000000003	45.00000000000002
297	8	2	45.132	85.40399999999994
297	9	2	45.00000000000003	124.99999999999997
297	10	2	45.012	165.10399999999987
297	11	2	84.87704918032783	5.1229508196721305
297	12	2	85.01200000000003	45.040000000000006
297	13	2	84.952	84.93999999999998
297	14	2	85.01600000000005	125.156
297	15	2	85.52479338842977	165.68595041322322
297	16	2	124.69999999999996	5.000000000000002
297	17	2	124.89200000000002	45.06400000000003
297	18	2	125.03599999999999	84.83200000000001
297	19	2	125.13199999999999	124.59600000000003
297	20	2	125.25714285714291	165.51428571428562
297	21	2	165.03599999999994	5.088
297	22	2	164.97999999999996	45.10399999999999
297	23	2	164.87999999999994	85.09200000000003
297	24	2	164.99999999999994	124.99999999999997
297	25	2	164.90400000000002	164.86799999999994
297	26	1	22.415169660678647	121.79041916167671
297	27	1	62.96007984031936	177.1177644710578
297	28	1	113.77245508982038	146.2035928143712
297	29	1	29.263473053892206	105.92215568862272
297	30	1	29.091816367265455	76.35129740518958
297	31	1	49.614770459081846	65.64870259481033
297	32	1	154.02594810379242	57.658682634730525
297	33	1	79.36999999999999	160.0379999999999
297	34	1	92.56200000000007	179.60800000000003
297	35	1	182.94011976047904	174.39121756487026
297	36	1	140.9940119760481	139.4970059880239
297	37	1	72.84063745019924	97.07370517928292
297	38	1	147.3520000000001	197.016
297	39	1	145.41716566866276	167.70059880239523
297	40	1	160.32200000000003	149.07199999999992
297	41	1	106.17365269461087	160.28343313373256
297	42	1	80.13199999999998	22.09399999999997
297	43	1	58.52295409181638	86.44710578842309
297	44	1	0.753999999999999	93.29799999999992
297	45	1	112.42000000000003	133.08199999999988
298	1	2	4.959999999999995	4.979999999999998
298	2	2	4.944	45.03600000000001
298	3	2	4.877049180327865	84.87704918032787
298	4	2	4.877049180327865	125.1229508196721
298	5	2	5.036000000000001	164.9400000000001
298	6	2	45.027999999999984	4.912000000000001
298	7	2	45.00000000000003	45.00000000000002
298	8	2	45.132	85.40399999999994
298	9	2	45.00000000000003	124.99999999999997
298	10	2	45.012	165.10399999999987
298	11	2	84.87704918032783	5.1229508196721305
298	12	2	85.01200000000003	45.040000000000006
298	13	2	84.952	84.93999999999998
298	14	2	85.01600000000005	125.156
298	15	2	85.52479338842977	165.68595041322322
298	16	2	124.69999999999996	5.000000000000002
298	17	2	124.89200000000002	45.06400000000003
298	18	2	125.03599999999999	84.83200000000001
298	19	2	125.13199999999999	124.59600000000003
298	20	2	125.25714285714291	165.51428571428562
298	21	2	165.03599999999994	5.088
298	22	2	164.97999999999996	45.10399999999999
298	23	2	164.87999999999994	85.09200000000003
298	24	2	164.99999999999994	124.99999999999997
298	25	2	164.90400000000002	164.86799999999994
298	26	1	22.370517928286866	121.75099601593625
298	27	1	62.816367265469054	177.007984031936
298	28	1	113.61952191235055	146.16135458167324
298	29	1	29.323999999999998	105.89199999999998
298	30	1	29.03399999999998	76.23600000000003
298	31	1	49.610778443113794	65.62674650698604
298	32	1	154.13772455089813	57.70259481037927
298	33	1	79.37125748502996	160.02994011976045
298	34	1	92.560878243513	179.6686626746508
298	35	1	182.95019920318725	174.4183266932272
298	36	1	141.0119760479043	139.3413173652695
298	37	1	72.7245508982036	96.99001996007983
298	38	1	147.37325349301403	196.94211576846308
298	39	1	145.40319361277454	167.5748502994012
298	40	1	160.29740518962086	148.95808383233532
298	41	1	106.24248496993992	160.32665330661345
298	42	1	80.15799999999999	22.16200000000001
298	43	1	58.5318725099602	86.37250996015939
298	44	1	0.8060000000000002	93.32199999999999
298	45	1	112.43600000000005	133.082
299	1	2	4.959999999999995	4.979999999999998
299	2	2	4.944	45.03600000000001
299	3	2	4.877049180327865	84.87704918032787
299	4	2	4.877049180327865	125.1229508196721
299	5	2	5.036000000000001	164.9400000000001
299	6	2	45.027999999999984	4.912000000000001
299	7	2	45.00000000000003	45.00000000000002
299	8	2	45.132	85.40399999999994
299	9	2	45.00000000000003	124.99999999999997
299	10	2	45.012	165.10399999999987
299	11	2	84.87704918032783	5.1229508196721305
299	12	2	85.01200000000003	45.040000000000006
299	13	2	84.952	84.93999999999998
299	14	2	85.01600000000005	125.156
299	15	2	85.52479338842977	165.68595041322322
299	16	2	124.69999999999996	5.000000000000002
299	17	2	124.89200000000002	45.06400000000003
299	18	2	125.03599999999999	84.83200000000001
299	19	2	125.13199999999999	124.59600000000003
299	20	2	125.25714285714291	165.51428571428562
299	21	2	165.03599999999994	5.088
299	22	2	164.97999999999996	45.10399999999999
299	23	2	164.87999999999994	85.09200000000003
299	24	2	164.99999999999994	124.99999999999997
299	25	2	164.90400000000002	164.86799999999994
299	26	1	22.381237524950112	121.7884231536926
299	27	1	62.810379241516976	176.98003992015978
299	28	1	113.66067864271454	146.12175648702612
299	29	1	29.31663326653305	105.97394789579162
299	30	1	29.067864271457083	76.2634730538922
299	31	1	49.59760956175298	65.55378486055776
299	32	1	154.18363273453087	57.74451097804388
299	33	1	79.38999999999992	160.02999999999994
299	34	1	92.57400000000001	179.67600000000004
299	35	1	182.9760479041916	174.44910179640715
299	36	1	141.05588822355298	139.2934131736528
299	37	1	72.57768924302786	97.01394422310759
299	38	1	147.3612774451097	196.85828343313375
299	39	1	145.39720558882232	167.46706586826343
299	40	1	160.383233532934	148.98602794411173
299	41	1	106.313373253493	160.22554890219573
299	42	1	80.11776447105788	22.17365269461078
299	43	1	58.49500998003991	86.3812375249501
299	44	1	0.8939999999999969	93.324
299	45	1	112.38076152304619	133.00000000000006
300	1	2	4.959999999999995	4.979999999999998
300	2	2	4.944	45.03600000000001
300	3	2	4.877049180327865	84.87704918032787
300	4	2	4.877049180327865	125.1229508196721
300	5	2	5.036000000000001	164.9400000000001
300	6	2	45.027999999999984	4.912000000000001
300	7	2	45.00000000000003	45.00000000000002
300	8	2	45.132	85.40399999999994
300	9	2	45.00000000000003	124.99999999999997
300	10	2	45.012	165.10399999999987
300	11	2	84.87704918032783	5.1229508196721305
300	12	2	85.01200000000003	45.040000000000006
300	13	2	84.952	84.93999999999998
300	14	2	85.01600000000005	125.156
300	15	2	85.52479338842977	165.68595041322322
300	16	2	124.69999999999996	5.000000000000002
300	17	2	124.89200000000002	45.06400000000003
300	18	2	125.03599999999999	84.83200000000001
300	19	2	125.13199999999999	124.59600000000003
300	20	2	125.25714285714291	165.51428571428562
300	21	2	165.03599999999994	5.088
300	22	2	164.97999999999996	45.10399999999999
300	23	2	164.87999999999994	85.09200000000003
300	24	2	164.99999999999994	124.99999999999997
300	25	2	164.90400000000002	164.86799999999994
300	26	1	22.306772908366533	121.84462151394413
300	27	1	62.6846307385229	176.99001996007982
300	28	1	113.72654690618761	146.21357285429139
300	29	1	29.542914171656726	106.07185628742515
300	30	1	29.006000000000004	76.23599999999993
300	31	1	49.64599999999996	65.47199999999997
300	32	1	154.25748502994009	57.7944111776447
300	33	1	79.36199999999994	160.0700000000001
300	34	1	92.57200000000002	179.64000000000004
300	35	1	183.02994011976048	174.4930139720558
300	36	1	141.001996007984	139.20159680638724
300	37	1	72.42714570858278	97.02195608782435
300	38	1	147.3253493013971	196.9061876247505
300	39	1	145.48207171314743	167.4900398406373
300	40	1	160.45600000000033	148.924
300	41	1	106.33466933867727	160.2244488977955
300	42	1	80.1377245508981	22.203592814371248
300	43	1	58.48999999999999	86.288
300	44	1	1.0479041916167666	93.40518962075846
300	45	1	112.26294820717125	132.91434262948223
301	1	2	4.959999999999995	4.979999999999998
301	2	2	4.944	45.03600000000001
301	3	2	4.877049180327865	84.87704918032787
301	4	2	4.877049180327865	125.1229508196721
301	5	2	5.036000000000001	164.9400000000001
301	6	2	45.027999999999984	4.912000000000001
301	7	2	45.00000000000003	45.00000000000002
301	8	2	45.132	85.40399999999994
301	9	2	45.00000000000003	124.99999999999997
301	10	2	45.012	165.10399999999987
301	11	2	84.87704918032783	5.1229508196721305
301	12	2	85.01200000000003	45.040000000000006
301	13	2	84.952	84.93999999999998
301	14	2	85.01600000000005	125.156
301	15	2	85.52479338842977	165.68595041322322
301	16	2	124.69999999999996	5.000000000000002
301	17	2	124.89200000000002	45.06400000000003
301	18	2	125.03599999999999	84.83200000000001
301	19	2	125.13199999999999	124.59600000000003
301	20	2	125.25714285714291	165.51428571428562
301	21	2	165.03599999999994	5.088
301	22	2	164.97999999999996	45.10399999999999
301	23	2	164.87999999999994	85.09200000000003
301	24	2	164.99999999999994	124.99999999999997
301	25	2	164.90400000000002	164.86799999999994
301	26	1	22.3173652694611	121.7884231536925
301	27	1	62.57085828343315	176.9201596806388
301	28	1	113.70599999999999	146.18800000000022
301	29	1	29.635458167330682	106.12549800796818
301	30	1	28.996000000000013	76.13400000000006
301	31	1	49.70800000000005	65.42399999999996
301	32	1	154.27600000000007	57.82800000000004
301	33	1	79.42514970059875	160.07984031936127
301	34	1	92.59362549800794	179.6374501992032
301	35	1	183.20916334661354	174.56772908366537
301	36	1	140.96215139442234	138.92430278884467
301	37	1	72.34730538922162	96.89620758483036
301	38	1	147.40319361277443	196.80439121756487
301	39	1	145.45400000000006	167.25799999999987
301	40	1	160.53293413173665	148.87225548902188
301	41	1	106.32400000000004	160.08800000000005
301	42	1	80.07784431137726	22.201596806387226
301	43	1	58.41716566866271	86.43512974051889
301	44	1	1.0878243512974053	93.39321357285435
301	45	1	112.2370517928287	132.83864541832668
302	1	2	4.959999999999995	4.979999999999998
302	2	2	4.944	45.03600000000001
302	3	2	4.877049180327865	84.87704918032787
302	4	2	4.877049180327865	125.1229508196721
302	5	2	5.036000000000001	164.9400000000001
302	6	2	45.027999999999984	4.912000000000001
302	7	2	45.00000000000003	45.00000000000002
302	8	2	45.132	85.40399999999994
302	9	2	45.00000000000003	124.99999999999997
302	10	2	45.012	165.10399999999987
302	11	2	84.87704918032783	5.1229508196721305
302	12	2	85.01200000000003	45.040000000000006
302	13	2	84.952	84.93999999999998
302	14	2	85.01600000000005	125.156
302	15	2	85.52479338842977	165.68595041322322
302	16	2	124.69999999999996	5.000000000000002
302	17	2	124.89200000000002	45.06400000000003
302	18	2	125.03599999999999	84.83200000000001
302	19	2	125.13199999999999	124.59600000000003
302	20	2	125.25714285714291	165.51428571428562
302	21	2	165.03599999999994	5.088
302	22	2	164.97999999999996	45.10399999999999
302	23	2	164.87999999999994	85.09200000000003
302	24	2	164.99999999999994	124.99999999999997
302	25	2	164.90400000000002	164.86799999999994
302	26	1	22.486000000000026	121.84599999999992
302	27	1	62.536926147704584	176.89620758483048
302	28	1	113.60756972111558	146.14940239043813
302	29	1	29.471057884231534	106.09980039920171
302	30	1	28.95409181636726	76.14770459081845
302	31	1	49.70800000000005	65.39800000000007
302	32	1	154.34131736526956	57.93013972055887
302	33	1	79.31474103585656	160.23505976095595
302	34	1	92.568	179.70400000000012
302	35	1	183.20359281437126	174.57884231536914
302	36	1	140.9740518962075	138.62275449101787
302	37	1	72.20916334661365	96.89840637450192
302	38	1	147.41716566866268	196.84031936127744
302	39	1	145.50499001995988	167.1097804391216
302	40	1	160.52390438246994	148.8505976095617
302	41	1	106.38323353293406	160.09580838323342
302	42	1	80.16000000000007	22.29000000000001
302	43	1	58.383233532934085	86.43912175648708
302	44	1	1.2139999999999964	93.56599999999999
302	45	1	112.26693227091639	132.8505976095618
303	1	2	4.959999999999995	4.979999999999998
303	2	2	4.944	45.03600000000001
303	3	2	4.877049180327865	84.87704918032787
303	4	2	4.877049180327865	125.1229508196721
303	5	2	5.036000000000001	164.9400000000001
303	6	2	45.027999999999984	4.912000000000001
303	7	2	45.00000000000003	45.00000000000002
303	8	2	45.132	85.40399999999994
303	9	2	45.00000000000003	124.99999999999997
303	10	2	45.012	165.10399999999987
303	11	2	84.87704918032783	5.1229508196721305
303	12	2	85.01200000000003	45.040000000000006
303	13	2	84.952	84.93999999999998
303	14	2	85.01600000000005	125.156
303	15	2	85.52479338842977	165.68595041322322
303	16	2	124.69999999999996	5.000000000000002
303	17	2	124.89200000000002	45.06400000000003
303	18	2	125.03599999999999	84.83200000000001
303	19	2	125.13199999999999	124.59600000000003
303	20	2	125.25714285714291	165.51428571428562
303	21	2	165.03599999999994	5.088
303	22	2	164.97999999999996	45.10399999999999
303	23	2	164.87999999999994	85.09200000000003
303	24	2	164.99999999999994	124.99999999999997
303	25	2	164.90400000000002	164.86799999999994
303	26	1	22.556000000000022	121.89399999999999
303	27	1	62.48902195608787	176.8702594810381
303	28	1	113.65868263473055	146.09980039920143
303	29	1	29.57654075546719	106.16302186878731
303	30	1	28.916167664670656	75.99999999999997
303	31	1	49.67065868263471	65.437125748503
303	32	1	154.43000000000012	58.02800000000002
303	33	1	79.27400000000006	160.27799999999996
303	34	1	92.5768463073852	179.66067864271466
303	35	1	183.264	174.69599999999994
303	36	1	141.00598802395191	138.6007984031936
303	37	1	72.11576846307388	96.92614770459076
303	38	1	147.38199999999992	196.866
303	39	1	145.566866267465	167.13572854291402
303	40	1	160.47105788423156	148.75049900199602
303	41	1	106.45490981963925	160.058116232465
303	42	1	80.25349301397206	22.383233532934117
303	43	1	58.42514970059877	86.41317365269451
303	44	1	1.4211576846307374	93.66666666666669
303	45	1	112.2135728542915	132.8263473053892
304	1	2	4.959999999999995	4.979999999999998
304	2	2	4.944	45.03600000000001
304	3	2	4.877049180327865	84.87704918032787
304	4	2	4.877049180327865	125.1229508196721
304	5	2	5.036000000000001	164.9400000000001
304	6	2	45.027999999999984	4.912000000000001
304	7	2	45.00000000000003	45.00000000000002
304	8	2	45.132	85.40399999999994
304	9	2	45.00000000000003	124.99999999999997
304	10	2	45.012	165.10399999999987
304	11	2	84.87704918032783	5.1229508196721305
304	12	2	85.01200000000003	45.040000000000006
304	13	2	84.952	84.93999999999998
304	14	2	85.01600000000005	125.156
304	15	2	85.52479338842977	165.68595041322322
304	16	2	124.69999999999996	5.000000000000002
304	17	2	124.89200000000002	45.06400000000003
304	18	2	125.03599999999999	84.83200000000001
304	19	2	125.13199999999999	124.59600000000003
304	20	2	125.25714285714291	165.51428571428562
304	21	2	165.03599999999994	5.088
304	22	2	164.97999999999996	45.10399999999999
304	23	2	164.87999999999994	85.09200000000003
304	24	2	164.99999999999994	124.99999999999997
304	25	2	164.90400000000002	164.86799999999994
304	26	1	22.6127744510978	121.91417165668665
304	27	1	62.48103792415171	176.93413173652695
304	28	1	113.6027944111777	146.1177644710579
304	29	1	29.482071713147402	106.24501992031874
304	30	1	28.914	76.0099999999999
304	31	1	49.668000000000035	65.38799999999998
304	32	1	154.4491017964072	58.07185628742515
304	33	1	79.24151696606782	160.26147704590798
304	34	1	92.57884231536929	179.68263473053895
304	35	1	183.21756487025948	174.82834331337307
304	36	1	141.00398406374504	138.4282868525896
304	37	1	72.10379241516958	96.92814371257485
304	38	1	147.3592814371257	196.83433133732535
304	39	1	145.60279441117763	167.0618762475049
304	40	1	160.42031872509963	148.71713147410378
304	41	1	106.478	160.09799999999998
304	42	1	80.25199999999995	22.432
304	43	1	58.41916167664671	86.37924151696602
304	44	1	1.4920000000000013	93.70399999999995
304	45	1	112.23107569721132	132.8406374501992
305	1	2	4.959999999999995	4.979999999999998
305	2	2	4.944	45.03600000000001
305	3	2	4.877049180327865	84.87704918032787
305	4	2	4.877049180327865	125.1229508196721
305	5	2	5.036000000000001	164.9400000000001
305	6	2	45.027999999999984	4.912000000000001
305	7	2	45.00000000000003	45.00000000000002
305	8	2	45.132	85.40399999999994
305	9	2	45.00000000000003	124.99999999999997
305	10	2	45.012	165.10399999999987
305	11	2	84.87704918032783	5.1229508196721305
305	12	2	85.01200000000003	45.040000000000006
305	13	2	84.952	84.93999999999998
305	14	2	85.01600000000005	125.156
305	15	2	85.52479338842977	165.68595041322322
305	16	2	124.69999999999996	5.000000000000002
305	17	2	124.89200000000002	45.06400000000003
305	18	2	125.03599999999999	84.83200000000001
305	19	2	125.13199999999999	124.59600000000003
305	20	2	125.25714285714291	165.51428571428562
305	21	2	165.03599999999994	5.088
305	22	2	164.97999999999996	45.10399999999999
305	23	2	164.87999999999994	85.09200000000003
305	24	2	164.99999999999994	124.99999999999997
305	25	2	164.90400000000002	164.86799999999994
305	26	1	22.764000000000024	122.02799999999993
305	27	1	62.4810379241517	176.95409181636725
305	28	1	113.63672654690625	146.11576846307392
305	29	1	29.377245508982018	106.26147704590817
305	30	1	28.93799999999999	76.12200000000013
305	31	1	49.62799999999998	65.33199999999995
305	32	1	154.46200000000002	58.11000000000002
305	33	1	79.24799999999998	160.3
305	34	1	92.68063872255496	179.68862275449106
305	35	1	183.30079681274898	174.89641434262936
305	36	1	141.01799999999992	138.15599999999986
305	37	1	72.04391217564871	96.934131736527
305	38	1	147.34530938123748	196.88023952095807
305	39	1	145.63273453093808	166.81037924151698
305	40	1	160.3956262425449	148.80318091451286
305	41	1	106.57684630738518	160.15369261477045
305	42	1	80.29399999999994	22.453999999999983
305	43	1	58.41317365269462	86.35528942115762
305	44	1	1.5828343313373316	93.75449101796401
305	45	1	112.20159680638734	132.83433133732524
306	1	2	4.959999999999995	4.979999999999998
306	2	2	4.944	45.03600000000001
306	3	2	4.877049180327865	84.87704918032787
306	4	2	4.877049180327865	125.1229508196721
306	5	2	5.036000000000001	164.9400000000001
306	6	2	45.027999999999984	4.912000000000001
306	7	2	45.00000000000003	45.00000000000002
306	8	2	45.132	85.40399999999994
306	9	2	45.00000000000003	124.99999999999997
306	10	2	45.012	165.10399999999987
306	11	2	84.87704918032783	5.1229508196721305
306	12	2	85.01200000000003	45.040000000000006
306	13	2	84.952	84.93999999999998
306	14	2	85.01600000000005	125.156
306	15	2	85.52479338842977	165.68595041322322
306	16	2	124.69999999999996	5.000000000000002
306	17	2	124.89200000000002	45.06400000000003
306	18	2	125.03599999999999	84.83200000000001
306	19	2	125.13199999999999	124.59600000000003
306	20	2	125.25714285714291	165.51428571428562
306	21	2	165.03599999999994	5.088
306	22	2	164.97999999999996	45.10399999999999
306	23	2	164.87999999999994	85.09200000000003
306	24	2	164.99999999999994	124.99999999999997
306	25	2	164.90400000000002	164.86799999999994
306	26	1	22.852589641434278	122.05776892430278
306	27	1	62.43	176.9520000000001
306	28	1	113.45800000000004	146.02599999999993
306	29	1	29.325349301397193	106.22754491017976
306	30	1	28.93013972055886	76.13572854291422
306	31	1	49.60678642714575	65.2974051896207
306	32	1	154.4760000000002	58.14599999999998
306	33	1	79.1776447105788	160.37524950099788
306	34	1	92.71200000000002	179.694
306	35	1	183.374	175.01000000000002
306	36	1	140.98403193612768	138.01596806387235
306	37	1	72.02988047808755	96.97609561752986
306	38	1	147.34530938123748	196.8303393213573
306	39	1	145.5398406374501	166.50199203187242
306	40	1	160.42031872509963	148.71513944223102
306	41	1	106.6467065868263	160.20758483033924
306	42	1	80.44600000000003	22.595999999999975
306	43	1	58.377245508982064	86.32934131736532
306	44	1	1.660000000000005	93.76400000000002
306	45	1	112.0278884462152	132.72509960159363
307	1	2	4.959999999999995	4.979999999999998
307	2	2	4.944	45.03600000000001
307	3	2	4.877049180327865	84.87704918032787
307	4	2	4.877049180327865	125.1229508196721
307	5	2	5.036000000000001	164.9400000000001
307	6	2	45.027999999999984	4.912000000000001
307	7	2	45.00000000000003	45.00000000000002
307	8	2	45.132	85.40399999999994
307	9	2	45.00000000000003	124.99999999999997
307	10	2	45.012	165.10399999999987
307	11	2	84.87704918032783	5.1229508196721305
307	12	2	85.01200000000003	45.040000000000006
307	13	2	84.952	84.93999999999998
307	14	2	85.01600000000005	125.156
307	15	2	85.52479338842977	165.68595041322322
307	16	2	124.69999999999996	5.000000000000002
307	17	2	124.89200000000002	45.06400000000003
307	18	2	125.03599999999999	84.83200000000001
307	19	2	125.13199999999999	124.59600000000003
307	20	2	125.25714285714291	165.51428571428562
307	21	2	165.03599999999994	5.088
307	22	2	164.97999999999996	45.10399999999999
307	23	2	164.87999999999994	85.09200000000003
307	24	2	164.99999999999994	124.99999999999997
307	25	2	164.90400000000002	164.86799999999994
307	26	1	22.842315369261485	122.00598802395211
307	27	1	62.486	176.93399999999994
307	28	1	113.39199999999994	145.99800000000008
307	29	1	29.331999999999997	106.24200000000006
307	30	1	28.818363273453087	76.11976047904199
307	31	1	49.59000000000002	65.28799999999993
307	32	1	154.4760000000002	58.14599999999998
307	33	1	79.17399999999994	160.47199999999987
307	34	1	92.69600000000004	179.7159999999998
307	35	1	183.40918163672654	175.09381237524943
307	36	1	141.08782435129748	137.84231536926143
307	37	1	71.71342685370735	96.92785571142288
307	38	1	147.33133732534958	196.8183632734531
307	39	1	145.47808764940262	166.24103585657363
307	40	1	160.49500998004015	148.81636726546904
307	41	1	106.71999999999986	160.19799999999998
307	42	1	80.42514970059881	22.576846307385225
307	43	1	58.31936127744511	86.32734530938131
307	44	1	1.7689243027888424	93.77490039840644
307	45	1	112.06175298804789	132.76892430278866
308	1	2	4.959999999999995	4.979999999999998
308	2	2	4.944	45.03600000000001
308	3	2	4.877049180327865	84.87704918032787
308	4	2	4.877049180327865	125.1229508196721
308	5	2	5.036000000000001	164.9400000000001
308	6	2	45.027999999999984	4.912000000000001
308	7	2	45.00000000000003	45.00000000000002
308	8	2	45.132	85.40399999999994
308	9	2	45.00000000000003	124.99999999999997
308	10	2	45.012	165.10399999999987
308	11	2	84.87704918032783	5.1229508196721305
308	12	2	85.01200000000003	45.040000000000006
308	13	2	84.952	84.93999999999998
308	14	2	85.01600000000005	125.156
308	15	2	85.52479338842977	165.68595041322322
308	16	2	124.69999999999996	5.000000000000002
308	17	2	124.89200000000002	45.06400000000003
308	18	2	125.03599999999999	84.83200000000001
308	19	2	125.13199999999999	124.59600000000003
308	20	2	125.25714285714291	165.51428571428562
308	21	2	165.03599999999994	5.088
308	22	2	164.97999999999996	45.10399999999999
308	23	2	164.87999999999994	85.09200000000003
308	24	2	164.99999999999994	124.99999999999997
308	25	2	164.90400000000002	164.86799999999994
308	26	1	22.794820717131465	121.99800796812744
308	27	1	62.50898203592816	176.95608782435116
308	28	1	113.28942115768471	145.92215568862306
308	29	1	29.32934131736525	106.27544910179647
308	30	1	28.800399201596797	76.11177644710581
308	31	1	49.59200000000001	65.22799999999997
308	32	1	154.4730538922158	58.18163672654691
308	33	1	79.15169660678635	160.4710578842316
308	34	1	92.63000000000001	179.7040000000001
308	35	1	183.50499001996008	175.16167664670672
308	36	1	141.10978043912164	137.67065868263487
308	37	1	71.5848303393213	96.90219560878242
308	38	1	147.32135728542914	196.7804391217565
308	39	1	145.52295409181622	166.0199600798404
308	40	1	160.48702594810393	148.80439121756484
308	41	1	106.77999999999997	160.18799999999993
308	42	1	80.47105788423153	22.612774451097835
308	43	1	58.33333333333334	86.20558882235524
308	44	1	1.8167330677290787	93.81872509960164
308	45	1	112.064	132.71200000000005
309	1	2	4.959999999999995	4.979999999999998
309	2	2	4.944	45.03600000000001
309	3	2	4.877049180327865	84.87704918032787
309	4	2	4.877049180327865	125.1229508196721
309	5	2	5.036000000000001	164.9400000000001
309	6	2	45.027999999999984	4.912000000000001
309	7	2	45.00000000000003	45.00000000000002
309	8	2	45.132	85.40399999999994
309	9	2	45.00000000000003	124.99999999999997
309	10	2	45.012	165.10399999999987
309	11	2	84.87704918032783	5.1229508196721305
309	12	2	85.01200000000003	45.040000000000006
309	13	2	84.952	84.93999999999998
309	14	2	85.01600000000005	125.156
309	15	2	85.52479338842977	165.68595041322322
309	16	2	124.69999999999996	5.000000000000002
309	17	2	124.89200000000002	45.06400000000003
309	18	2	125.03599999999999	84.83200000000001
309	19	2	125.13199999999999	124.59600000000003
309	20	2	125.25714285714291	165.51428571428562
309	21	2	165.03599999999994	5.088
309	22	2	164.97999999999996	45.10399999999999
309	23	2	164.87999999999994	85.09200000000003
309	24	2	164.99999999999994	124.99999999999997
309	25	2	164.90400000000002	164.86799999999994
309	26	1	22.814371257485035	122.01596806387225
309	27	1	62.407185628742546	176.87025948103792
309	28	1	113.29940119760478	145.86027944111763
309	29	1	29.33732534930141	106.26746506986034
309	30	1	28.782435129740517	76.10578842315374
309	31	1	49.528942115768444	65.12375249500998
309	32	1	154.50898203592823	58.271457085828345
309	33	1	79.1776447105788	160.49900199600785
309	34	1	92.53599999999994	179.76399999999998
309	35	1	183.5568862275449	175.27744510978056
309	36	1	141.12375249500994	137.50499001996022
309	37	1	71.51497005988017	96.8662674650699
309	38	1	147.3399999999999	196.806
309	39	1	145.6314741035856	165.98804780876497
309	40	1	160.50796812749	148.69123505976103
309	41	1	106.85657370517922	160.18127490039845
309	42	1	80.47105788423153	22.612774451097835
309	43	1	58.34331337325351	86.0658682634731
309	44	1	1.8479999999999972	93.83799999999997
309	45	1	111.96200000000009	132.68399999999983
310	1	2	4.959999999999995	4.979999999999998
310	2	2	4.944	45.03600000000001
310	3	2	4.877049180327865	84.87704918032787
310	4	2	4.877049180327865	125.1229508196721
310	5	2	5.036000000000001	164.9400000000001
310	6	2	45.027999999999984	4.912000000000001
310	7	2	45.00000000000003	45.00000000000002
310	8	2	45.132	85.40399999999994
310	9	2	45.00000000000003	124.99999999999997
310	10	2	45.012	165.10399999999987
310	11	2	84.87704918032783	5.1229508196721305
310	12	2	85.01200000000003	45.040000000000006
310	13	2	84.952	84.93999999999998
310	14	2	85.01600000000005	125.156
310	15	2	85.52479338842977	165.68595041322322
310	16	2	124.69999999999996	5.000000000000002
310	17	2	124.89200000000002	45.06400000000003
310	18	2	125.03599999999999	84.83200000000001
310	19	2	125.13199999999999	124.59600000000003
310	20	2	125.25714285714291	165.51428571428562
310	21	2	165.03599999999994	5.088
310	22	2	164.97999999999996	45.10399999999999
310	23	2	164.87999999999994	85.09200000000003
310	24	2	164.99999999999994	124.99999999999997
310	25	2	164.90400000000002	164.86799999999994
310	26	1	22.874251497006007	122.01197604790413
310	27	1	62.375249500998045	176.84830339321357
310	28	1	113.30799999999996	145.82599999999968
310	29	1	29.362	106.24800000000003
310	30	1	28.785999999999998	75.994
310	31	1	49.39520958083833	65.11976047904193
310	32	1	154.56487025948107	58.35728542914168
310	33	1	79.19560878243517	160.50698602794415
310	34	1	92.4820717131474	179.77091633466122
310	35	1	183.60279441117765	175.48303393213558
310	36	1	141.1197604790417	137.30339321357278
310	37	1	71.24351297405201	96.82035928143716
310	38	1	147.29141716566858	196.8443113772455
310	39	1	145.6820000000001	165.8640000000003
310	40	1	160.38123752495008	148.69461077844298
310	41	1	106.9123505976095	160.1195219123504
310	42	1	80.5109780439122	22.616766467065865
310	43	1	58.330677290836604	85.95418326693229
310	44	1	1.960079840319356	93.92215568862274
310	45	1	111.886	132.59000000000003
311	1	2	4.959999999999995	4.979999999999998
311	2	2	4.944	45.03600000000001
311	3	2	4.877049180327865	84.87704918032787
311	4	2	4.877049180327865	125.1229508196721
311	5	2	5.036000000000001	164.9400000000001
311	6	2	45.027999999999984	4.912000000000001
311	7	2	45.00000000000003	45.00000000000002
311	8	2	45.132	85.40399999999994
311	9	2	45.00000000000003	124.99999999999997
311	10	2	45.012	165.10399999999987
311	11	2	84.87704918032783	5.1229508196721305
311	12	2	85.01200000000003	45.040000000000006
311	13	2	84.952	84.93999999999998
311	14	2	85.01600000000005	125.156
311	15	2	85.52479338842977	165.68595041322322
311	16	2	124.69999999999996	5.000000000000002
311	17	2	124.89200000000002	45.06400000000003
311	18	2	125.03599999999999	84.83200000000001
311	19	2	125.13199999999999	124.59600000000003
311	20	2	125.25714285714291	165.51428571428562
311	21	2	165.03599999999994	5.088
311	22	2	164.97999999999996	45.10399999999999
311	23	2	164.87999999999994	85.09200000000003
311	24	2	164.99999999999994	124.99999999999997
311	25	2	164.90400000000002	164.86799999999994
311	26	1	22.858565737051798	122.05577689243032
311	27	1	62.41400000000001	176.84000000000006
311	28	1	113.21157684630752	145.71656686626736
311	29	1	29.345309381237517	106.1556886227545
311	30	1	28.78642714570856	76.00598802395221
311	31	1	49.440239043824704	65.03187250996015
311	32	1	154.57485029940113	58.43912175648708
311	33	1	79.21799999999996	160.52400000000003
311	34	1	92.43512974051887	179.7604790419163
311	35	1	183.75648702594813	175.56886227544905
311	36	1	141.1676646706587	137.01197604790417
311	37	1	71.23353293413172	96.87624750498996
311	38	1	147.30799999999988	196.812
311	39	1	145.64670658682635	165.70259481037934
311	40	1	160.23904382470113	148.780876494024
311	41	1	107.03592814371262	160.15369261477053
311	42	1	80.45508982035928	22.67664670658682
311	43	1	58.34999999999998	85.81399999999992
311	44	1	2.1017964071856277	93.97005988023946
311	45	1	111.83199999999992	132.53599999999992
312	1	2	4.959999999999995	4.979999999999998
312	2	2	4.944	45.03600000000001
312	3	2	4.877049180327865	84.87704918032787
312	4	2	4.877049180327865	125.1229508196721
312	5	2	5.036000000000001	164.9400000000001
312	6	2	45.027999999999984	4.912000000000001
312	7	2	45.00000000000003	45.00000000000002
312	8	2	45.132	85.40399999999994
312	9	2	45.00000000000003	124.99999999999997
312	10	2	45.012	165.10399999999987
312	11	2	84.87704918032783	5.1229508196721305
312	12	2	85.01200000000003	45.040000000000006
312	13	2	84.952	84.93999999999998
312	14	2	85.01600000000005	125.156
312	15	2	85.52479338842977	165.68595041322322
312	16	2	124.69999999999996	5.000000000000002
312	17	2	124.89200000000002	45.06400000000003
312	18	2	125.03599999999999	84.83200000000001
312	19	2	125.13199999999999	124.59600000000003
312	20	2	125.25714285714291	165.51428571428562
312	21	2	165.03599999999994	5.088
312	22	2	164.97999999999996	45.10399999999999
312	23	2	164.87999999999994	85.09200000000003
312	24	2	164.99999999999994	124.99999999999997
312	25	2	164.90400000000002	164.86799999999994
312	26	1	22.90019960079841	122.1137724550898
312	27	1	62.35329341317366	176.80239520958065
312	28	1	113.10621242484972	145.66933867735472
312	29	1	29.270000000000003	106.14799999999991
312	30	1	28.79000000000002	75.96800000000002
312	31	1	49.38400000000005	65.074
312	32	1	154.60599999999982	58.49400000000006
312	33	1	79.24399999999999	160.5139999999999
312	34	1	92.50299401197606	179.74251497005977
312	35	1	183.87649402390443	175.72908366533875
312	36	1	141.27000000000012	136.8899999999999
312	37	1	71.1397205588822	96.7944111776447
312	38	1	147.28742514970077	196.80239520958085
312	39	1	145.6593625498007	165.5617529880478
312	40	1	160.2286282306162	148.83697813121262
312	41	1	107.05788423153697	160.11377245508984
312	42	1	80.45908183632734	22.70459081836327
312	43	1	58.35329341317367	85.67265469061869
312	44	1	2.2115768463073824	94.09780439121762
312	45	1	111.91182364729453	132.55511022044087
313	1	2	4.959999999999995	4.979999999999998
313	2	2	4.944	45.03600000000001
313	3	2	4.877049180327865	84.87704918032787
313	4	2	4.877049180327865	125.1229508196721
313	5	2	5.036000000000001	164.9400000000001
313	6	2	45.027999999999984	4.912000000000001
313	7	2	45.00000000000003	45.00000000000002
313	8	2	45.132	85.40399999999994
313	9	2	45.00000000000003	124.99999999999997
313	10	2	45.012	165.10399999999987
313	11	2	84.87704918032783	5.1229508196721305
313	12	2	85.01200000000003	45.040000000000006
313	13	2	84.952	84.93999999999998
313	14	2	85.01600000000005	125.156
313	15	2	85.52479338842977	165.68595041322322
313	16	2	124.69999999999996	5.000000000000002
313	17	2	124.89200000000002	45.06400000000003
313	18	2	125.03599999999999	84.83200000000001
313	19	2	125.13199999999999	124.59600000000003
313	20	2	125.25714285714291	165.51428571428562
313	21	2	165.03599999999994	5.088
313	22	2	164.97999999999996	45.10399999999999
313	23	2	164.87999999999994	85.09200000000003
313	24	2	164.99999999999994	124.99999999999997
313	25	2	164.90400000000002	164.86799999999994
313	26	1	22.94211576846306	122.11177644710575
313	27	1	62.251497005988014	176.70459081836316
313	28	1	113.01596806387222	145.60878243512954
313	29	1	29.200000000000006	106.11199999999995
313	30	1	28.778443113772475	75.98403193612779
313	31	1	49.348697394789625	65.0400801603207
313	32	1	154.5908183632735	58.45109780439126
313	33	1	79.25748502994017	160.54291417165663
313	34	1	92.52	179.6860000000002
313	35	1	183.9201596806387	175.7804391217565
313	36	1	141.39243027888452	136.75896414342628
313	37	1	70.90180360721442	96.62725450901803
313	38	1	147.26600000000013	196.798
313	39	1	145.7085828343314	165.49900199600802
313	40	1	160.2075848303395	148.86427145708578
313	41	1	107.2015968063872	160.15568862275455
313	42	1	80.51097804391215	22.762475049900193
313	43	1	58.31200000000005	85.61399999999995
313	44	1	2.2768924302788807	94.19521912350605
313	45	1	111.99800000000009	132.57
314	1	2	4.959999999999995	4.979999999999998
314	2	2	4.944	45.03600000000001
314	3	2	4.877049180327865	84.87704918032787
314	4	2	4.877049180327865	125.1229508196721
314	5	2	5.036000000000001	164.9400000000001
314	6	2	45.027999999999984	4.912000000000001
314	7	2	45.00000000000003	45.00000000000002
314	8	2	45.132	85.40399999999994
314	9	2	45.00000000000003	124.99999999999997
314	10	2	45.012	165.10399999999987
314	11	2	84.87704918032783	5.1229508196721305
314	12	2	85.01200000000003	45.040000000000006
314	13	2	84.952	84.93999999999998
314	14	2	85.01600000000005	125.156
314	15	2	85.52479338842977	165.68595041322322
314	16	2	124.69999999999996	5.000000000000002
314	17	2	124.89200000000002	45.06400000000003
314	18	2	125.03599999999999	84.83200000000001
314	19	2	125.13199999999999	124.59600000000003
314	20	2	125.25714285714291	165.51428571428562
314	21	2	165.03599999999994	5.088
314	22	2	164.97999999999996	45.10399999999999
314	23	2	164.87999999999994	85.09200000000003
314	24	2	164.99999999999994	124.99999999999997
314	25	2	164.90400000000002	164.86799999999994
314	26	1	23.0119760479042	122.07984031936131
314	27	1	62.31736526946105	176.77644710578838
314	28	1	113.0978043912175	145.65469061876243
314	29	1	29.140000000000004	106.004
314	30	1	28.614770459081843	75.96207584830346
314	31	1	49.269999999999996	65.034
314	32	1	154.57199999999995	58.508000000000045
314	33	1	79.34199999999997	160.50799999999998
314	34	1	92.64071856287428	179.64071856287427
314	35	1	183.91816367265469	175.85828343313366
314	36	1	141.47305389221546	136.5748502994011
314	37	1	70.82035928143708	96.57085828343313
314	38	1	147.25548902195627	196.7864271457086
314	39	1	145.71656686626733	165.41516966067857
314	40	1	160.187250996016	148.83266932270908
314	41	1	107.30000000000001	160.20599999999996
314	42	1	80.60479041916173	22.818363273453084
314	43	1	58.2694610778443	85.59880239520962
314	44	1	2.339999999999999	94.26599999999999
314	45	1	112.05577689243033	132.56772908366528
315	1	2	4.959999999999995	4.979999999999998
315	2	2	4.944	45.03600000000001
315	3	2	4.877049180327865	84.87704918032787
315	4	2	4.877049180327865	125.1229508196721
315	5	2	5.036000000000001	164.9400000000001
315	6	2	45.027999999999984	4.912000000000001
315	7	2	45.00000000000003	45.00000000000002
315	8	2	45.132	85.40399999999994
315	9	2	45.00000000000003	124.99999999999997
315	10	2	45.012	165.10399999999987
315	11	2	84.87704918032783	5.1229508196721305
315	12	2	85.01200000000003	45.040000000000006
315	13	2	84.952	84.93999999999998
315	14	2	85.01600000000005	125.156
315	15	2	85.52479338842977	165.68595041322322
315	16	2	124.69999999999996	5.000000000000002
315	17	2	124.89200000000002	45.06400000000003
315	18	2	125.03599999999999	84.83200000000001
315	19	2	125.13199999999999	124.59600000000003
315	20	2	125.25714285714291	165.51428571428562
315	21	2	165.03599999999994	5.088
315	22	2	164.97999999999996	45.10399999999999
315	23	2	164.87999999999994	85.09200000000003
315	24	2	164.99999999999994	124.99999999999997
315	25	2	164.90400000000002	164.86799999999994
315	26	1	23.10159362549803	122.05577689243033
315	27	1	62.31736526946105	176.77644710578838
315	28	1	113.10200000000006	145.61599999999996
315	29	1	29.210000000000015	106.04800000000004
315	30	1	28.590000000000018	75.92800000000005
315	31	1	49.277999999999956	65.04199999999997
315	32	1	154.59800000000004	58.57599999999999
315	33	1	79.33466135458171	160.5498007968128
315	34	1	92.6347305389222	179.68862275449112
315	35	1	183.96806387225547	176.01596806387244
315	36	1	141.56599999999992	136.54
315	37	1	70.71656686626737	96.48502994011969
315	38	1	147.2400000000001	196.734
315	39	1	145.6952191235058	165.26294820717135
315	40	1	160.2315369261478	148.8842315369261
315	41	1	107.28286852589639	160.07171314741035
315	42	1	80.66866267465068	22.86626746506987
315	43	1	58.230000000000004	85.63000000000004
315	44	1	2.401197604790421	94.25948103792415
315	45	1	112.04800000000007	132.5700000000001
316	1	2	4.959999999999995	4.979999999999998
316	2	2	4.944	45.03600000000001
316	3	2	4.877049180327865	84.87704918032787
316	4	2	4.877049180327865	125.1229508196721
316	5	2	5.036000000000001	164.9400000000001
316	6	2	45.027999999999984	4.912000000000001
316	7	2	45.00000000000003	45.00000000000002
316	8	2	45.132	85.40399999999994
316	9	2	45.00000000000003	124.99999999999997
316	10	2	45.012	165.10399999999987
316	11	2	84.87704918032783	5.1229508196721305
316	12	2	85.01200000000003	45.040000000000006
316	13	2	84.952	84.93999999999998
316	14	2	85.01600000000005	125.156
316	15	2	85.52479338842977	165.68595041322322
316	16	2	124.69999999999996	5.000000000000002
316	17	2	124.89200000000002	45.06400000000003
316	18	2	125.03599999999999	84.83200000000001
316	19	2	125.13199999999999	124.59600000000003
316	20	2	125.25714285714291	165.51428571428562
316	21	2	165.03599999999994	5.088
316	22	2	164.97999999999996	45.10399999999999
316	23	2	164.87999999999994	85.09200000000003
316	24	2	164.99999999999994	124.99999999999997
316	25	2	164.90400000000002	164.86799999999994
316	26	1	23.15768463073854	121.99201596806395
316	27	1	62.30538922155689	176.76646706586834
316	28	1	113.02600000000001	145.60799999999992
316	29	1	29.314741035856578	106.00996015936263
316	30	1	28.49298597194388	75.97394789579161
316	31	1	49.28200000000002	65.04999999999995
316	32	1	154.6220000000001	58.65599999999998
316	33	1	79.33400000000003	160.59000000000003
316	34	1	92.58999999999999	179.6559999999998
316	35	1	184.07399999999998	176.09200000000007
316	36	1	141.58882235528938	136.43712574850304
316	37	1	70.63672654690612	96.35928143712574
316	38	1	147.31075697211162	196.62350597609563
316	39	1	145.79441117764458	165.16367265469066
316	40	1	160.20200000000003	148.8240000000001
316	41	1	107.48007968127489	160.2171314741039
316	42	1	80.76494023904377	22.980079681274894
316	43	1	58.18600000000003	85.72799999999995
316	44	1	2.4499999999999984	94.29399999999995
316	45	1	112.09580838323357	132.58682634730536
317	1	2	4.959999999999995	4.979999999999998
317	2	2	4.944	45.03600000000001
317	3	2	4.877049180327865	84.87704918032787
317	4	2	4.877049180327865	125.1229508196721
317	5	2	5.036000000000001	164.9400000000001
317	6	2	45.027999999999984	4.912000000000001
317	7	2	45.00000000000003	45.00000000000002
317	8	2	45.132	85.40399999999994
317	9	2	45.00000000000003	124.99999999999997
317	10	2	45.012	165.10399999999987
317	11	2	84.87704918032783	5.1229508196721305
317	12	2	85.01200000000003	45.040000000000006
317	13	2	84.952	84.93999999999998
317	14	2	85.01600000000005	125.156
317	15	2	85.52479338842977	165.68595041322322
317	16	2	124.69999999999996	5.000000000000002
317	17	2	124.89200000000002	45.06400000000003
317	18	2	125.03599999999999	84.83200000000001
317	19	2	125.13199999999999	124.59600000000003
317	20	2	125.25714285714291	165.51428571428562
317	21	2	165.03599999999994	5.088
317	22	2	164.97999999999996	45.10399999999999
317	23	2	164.87999999999994	85.09200000000003
317	24	2	164.99999999999994	124.99999999999997
317	25	2	164.90400000000002	164.86799999999994
317	26	1	23.25	121.994
317	27	1	62.286	176.79600000000005
317	28	1	113.07999999999993	145.63199999999998
317	29	1	29.254	106.0399999999999
317	30	1	28.433999999999976	75.92600000000006
317	31	1	49.21042084168338	65.07014028056105
317	32	1	154.60878243512977	58.658682634730575
317	33	1	79.39321357285425	160.53692614770452
317	34	1	92.6653386454184	179.5717131474102
317	35	1	184.08383233532936	176.26546906187625
317	36	1	141.63872255489028	136.30738522954084
317	37	1	70.52095808383224	96.26347305389224
317	38	1	147.3167330677289	196.55179282868525
317	39	1	145.8642714570858	165.08383233532936
317	40	1	160.17564870259483	148.79441117764478
317	41	1	107.55110220440878	160.23647294589185
317	42	1	80.85029940119765	23.073852295409182
317	43	1	58.12974051896207	85.71656686626747
317	44	1	2.497005988023951	94.36327345309384
317	45	1	112.02994011976047	132.55888223552898
318	1	2	4.959999999999995	4.979999999999998
318	2	2	4.944	45.03600000000001
318	3	2	4.877049180327865	84.87704918032787
318	4	2	4.877049180327865	125.1229508196721
318	5	2	5.036000000000001	164.9400000000001
318	6	2	45.027999999999984	4.912000000000001
318	7	2	45.00000000000003	45.00000000000002
318	8	2	45.132	85.40399999999994
318	9	2	45.00000000000003	124.99999999999997
318	10	2	45.012	165.10399999999987
318	11	2	84.87704918032783	5.1229508196721305
318	12	2	85.01200000000003	45.040000000000006
318	13	2	84.952	84.93999999999998
318	14	2	85.01600000000005	125.156
318	15	2	85.52479338842977	165.68595041322322
318	16	2	124.69999999999996	5.000000000000002
318	17	2	124.89200000000002	45.06400000000003
318	18	2	125.03599999999999	84.83200000000001
318	19	2	125.13199999999999	124.59600000000003
318	20	2	125.25714285714291	165.51428571428562
318	21	2	165.03599999999994	5.088
318	22	2	164.97999999999996	45.10399999999999
318	23	2	164.87999999999994	85.09200000000003
318	24	2	164.99999999999994	124.99999999999997
318	25	2	164.90400000000002	164.86799999999994
318	26	1	23.26347305389221	122.0159680638723
318	27	1	62.27744510978046	176.84830339321357
318	28	1	113.18762475049904	145.6187624750499
318	29	1	29.323353293413163	105.99999999999993
318	30	1	28.366000000000017	75.89599999999997
318	31	1	49.11553784860555	65.20318725099594
318	32	1	154.61952191235073	58.768924302788875
318	33	1	79.3672654690619	160.56287425149705
318	34	1	92.61676646706589	179.5868263473054
318	35	1	184.07	176.41
318	36	1	141.68662674650705	136.10978043912186
318	37	1	70.37325349301395	96.14970059880243
318	38	1	147.29540918163673	196.5868263473054
318	39	1	145.95599999999996	165.06999999999994
318	40	1	160.1880000000001	148.77600000000004
318	41	1	107.65931863727448	160.28657314629265
318	42	1	80.95799999999998	23.088000000000015
318	43	1	58.06786427145713	85.84630738522945
318	44	1	2.578000000000003	94.40600000000002
318	45	1	112.0239520958084	132.48303393213573
319	1	2	4.959999999999995	4.979999999999998
319	2	2	4.944	45.03600000000001
319	3	2	4.877049180327865	84.87704918032787
319	4	2	4.877049180327865	125.1229508196721
319	5	2	5.036000000000001	164.9400000000001
319	6	2	45.027999999999984	4.912000000000001
319	7	2	45.00000000000003	45.00000000000002
319	8	2	45.132	85.40399999999994
319	9	2	45.00000000000003	124.99999999999997
319	10	2	45.012	165.10399999999987
319	11	2	84.87704918032783	5.1229508196721305
319	12	2	85.01200000000003	45.040000000000006
319	13	2	84.952	84.93999999999998
319	14	2	85.01600000000005	125.156
319	15	2	85.52479338842977	165.68595041322322
319	16	2	124.69999999999996	5.000000000000002
319	17	2	124.89200000000002	45.06400000000003
319	18	2	125.03599999999999	84.83200000000001
319	19	2	125.13199999999999	124.59600000000003
319	20	2	125.25714285714291	165.51428571428562
319	21	2	165.03599999999994	5.088
319	22	2	164.97999999999996	45.10399999999999
319	23	2	164.87999999999994	85.09200000000003
319	24	2	164.99999999999994	124.99999999999997
319	25	2	164.90400000000002	164.86799999999994
319	26	1	23.409181636726547	122.04391217564863
319	27	1	62.30538922155691	176.8363273453092
319	28	1	113.12	145.5999999999999
319	29	1	29.299401197604787	105.93413173652696
319	30	1	28.320717131474094	75.87450199203182
319	31	1	49.12999999999997	65.16199999999994
319	32	1	154.73053892215572	59.005988023952085
319	33	1	79.36599999999996	160.6320000000001
319	34	1	92.72455089820363	179.54491017964088
319	35	1	184.29880478087648	176.51593625498026
319	36	1	141.70658682634746	135.92614770459087
319	37	1	70.24351297405181	96.10179640718563
319	38	1	147.21556886227543	196.63273453093814
319	39	1	145.9640718562875	164.90618762475063
319	40	1	160.1556886227545	148.82035928143708
319	41	1	107.69879518072283	160.25301204819263
319	42	1	80.95409181636727	23.121756487025955
319	43	1	58.05588822355287	85.82235528942114
319	44	1	2.5920000000000005	94.41800000000003
319	45	1	112.03984063745021	132.47011952191238
320	1	2	4.959999999999995	4.979999999999998
320	2	2	4.944	45.03600000000001
320	3	2	4.877049180327865	84.87704918032787
320	4	2	4.877049180327865	125.1229508196721
320	5	2	5.036000000000001	164.9400000000001
320	6	2	45.027999999999984	4.912000000000001
320	7	2	45.00000000000003	45.00000000000002
320	8	2	45.132	85.40399999999994
320	9	2	45.00000000000003	124.99999999999997
320	10	2	45.012	165.10399999999987
320	11	2	84.87704918032783	5.1229508196721305
320	12	2	85.01200000000003	45.040000000000006
320	13	2	84.952	84.93999999999998
320	14	2	85.01600000000005	125.156
320	15	2	85.52479338842977	165.68595041322322
320	16	2	124.69999999999996	5.000000000000002
320	17	2	124.89200000000002	45.06400000000003
320	18	2	125.03599999999999	84.83200000000001
320	19	2	125.13199999999999	124.59600000000003
320	20	2	125.25714285714291	165.51428571428562
320	21	2	165.03599999999994	5.088
320	22	2	164.97999999999996	45.10399999999999
320	23	2	164.87999999999994	85.09200000000003
320	24	2	164.99999999999994	124.99999999999997
320	25	2	164.90400000000002	164.86799999999994
320	26	1	23.48303393213574	122.12574850299407
320	27	1	62.318000000000026	176.894
320	28	1	113.12175648702592	145.554890219561
320	29	1	29.29540918163671	105.90818363273455
320	30	1	28.18599999999998	75.788
320	31	1	49.123752495009924	65.20758483033931
320	32	1	154.77844311377237	59.07784431137725
320	33	1	79.26599999999998	160.676
320	34	1	92.72255489021948	179.48303393213564
320	35	1	184.3932135728543	176.62674650698585
320	36	1	141.73453093812384	135.76646706586826
320	37	1	70.08183632734526	96.04391217564859
320	38	1	147.21756487025948	196.6307385229541
320	39	1	146.049900199601	164.84031936127747
320	40	1	160.1437125748502	148.80239520958096
320	41	1	107.84999999999995	160.3739999999999
320	42	1	81.0039999999999	23.18399999999998
320	43	1	58.03799999999997	85.87799999999991
320	44	1	2.642714570858282	94.48303393213584
320	45	1	111.94820717131478	132.43824701195223
321	1	2	4.959999999999995	4.979999999999998
321	2	2	4.944	45.03600000000001
321	3	2	4.877049180327865	84.87704918032787
321	4	2	4.877049180327865	125.1229508196721
321	5	2	5.036000000000001	164.9400000000001
321	6	2	45.027999999999984	4.912000000000001
321	7	2	45.00000000000003	45.00000000000002
321	8	2	45.132	85.40399999999994
321	9	2	45.00000000000003	124.99999999999997
321	10	2	45.012	165.10399999999987
321	11	2	84.87704918032783	5.1229508196721305
321	12	2	85.01200000000003	45.040000000000006
321	13	2	84.952	84.93999999999998
321	14	2	85.01600000000005	125.156
321	15	2	85.52479338842977	165.68595041322322
321	16	2	124.69999999999996	5.000000000000002
321	17	2	124.89200000000002	45.06400000000003
321	18	2	125.03599999999999	84.83200000000001
321	19	2	125.13199999999999	124.59600000000003
321	20	2	125.25714285714291	165.51428571428562
321	21	2	165.03599999999994	5.088
321	22	2	164.97999999999996	45.10399999999999
321	23	2	164.87999999999994	85.09200000000003
321	24	2	164.99999999999994	124.99999999999997
321	25	2	164.90400000000002	164.86799999999994
321	26	1	23.52988047808767	122.12749003984067
321	27	1	62.37924151696611	176.97405189620764
321	28	1	113.14999999999999	145.5720000000002
321	29	1	29.271457085828338	105.81636726546907
321	30	1	28.085828343313374	75.77644710578835
321	31	1	49.10799999999999	65.20000000000003
321	32	1	154.78842315369255	59.15968063872254
321	33	1	79.18962075848303	160.7265469061876
321	34	1	92.71543086172346	179.49699398797586
321	35	1	184.34131736526948	176.7485029940119
321	36	1	141.7664670658683	135.73652694610777
321	37	1	70.00799999999992	96.07799999999997
321	38	1	147.2450199203188	196.601593625498
321	39	1	146.07784431137713	164.78842315369263
321	40	1	160.0399201596807	148.82435129740514
321	41	1	107.92614770459078	160.38123752495025
321	42	1	81.11354581673308	23.250996015936266
321	43	1	57.99800399201599	85.91417165668665
321	44	1	2.7964071856287456	94.5489021956088
321	45	1	111.85200000000007	132.4140000000002
322	1	2	4.959999999999995	4.979999999999998
322	2	2	4.944	45.03600000000001
322	3	2	4.877049180327865	84.87704918032787
322	4	2	4.877049180327865	125.1229508196721
322	5	2	5.036000000000001	164.9400000000001
322	6	2	45.027999999999984	4.912000000000001
322	7	2	45.00000000000003	45.00000000000002
322	8	2	45.132	85.40399999999994
322	9	2	45.00000000000003	124.99999999999997
322	10	2	45.012	165.10399999999987
322	11	2	84.87704918032783	5.1229508196721305
322	12	2	85.01200000000003	45.040000000000006
322	13	2	84.952	84.93999999999998
322	14	2	85.01600000000005	125.156
322	15	2	85.52479338842977	165.68595041322322
322	16	2	124.69999999999996	5.000000000000002
322	17	2	124.89200000000002	45.06400000000003
322	18	2	125.03599999999999	84.83200000000001
322	19	2	125.13199999999999	124.59600000000003
322	20	2	125.25714285714291	165.51428571428562
322	21	2	165.03599999999994	5.088
322	22	2	164.97999999999996	45.10399999999999
322	23	2	164.87999999999994	85.09200000000003
322	24	2	164.99999999999994	124.99999999999997
322	25	2	164.90400000000002	164.86799999999994
322	26	1	23.46215139442229	122.14940239043821
322	27	1	62.23107569721116	176.99601593625508
322	28	1	113.1696606786427	145.5329341317364
322	29	1	29.269461077844316	105.81636726546907
322	30	1	27.99001996007983	75.81836327345304
322	31	1	49.080000000000005	65.24000000000008
322	32	1	154.8016032064128	59.22244488977951
322	33	1	79.18962075848303	160.7265469061876
322	34	1	92.68525896414334	179.46812749003988
322	35	1	184.398	176.78999999999996
322	36	1	141.87450199203184	135.48406374501997
322	37	1	69.88423153692617	96.10778443113777
322	38	1	147.28942115768464	196.50898203592814
322	39	1	146.02195608782426	164.5888223552894
322	40	1	159.98602794411173	148.77844311377254
322	41	1	108.04980079681275	160.44023904382462
322	42	1	81.15400000000001	23.315999999999995
322	43	1	57.9920159680639	85.86826347305389
322	44	1	2.918163672654692	94.63273453093808
322	45	1	111.80599999999998	132.36999999999998
323	1	2	4.959999999999995	4.979999999999998
323	2	2	4.944	45.03600000000001
323	3	2	4.877049180327865	84.87704918032787
323	4	2	4.877049180327865	125.1229508196721
323	5	2	5.036000000000001	164.9400000000001
323	6	2	45.027999999999984	4.912000000000001
323	7	2	45.00000000000003	45.00000000000002
323	8	2	45.132	85.40399999999994
323	9	2	45.00000000000003	124.99999999999997
323	10	2	45.012	165.10399999999987
323	11	2	84.87704918032783	5.1229508196721305
323	12	2	85.01200000000003	45.040000000000006
323	13	2	84.952	84.93999999999998
323	14	2	85.01600000000005	125.156
323	15	2	85.52479338842977	165.68595041322322
323	16	2	124.69999999999996	5.000000000000002
323	17	2	124.89200000000002	45.06400000000003
323	18	2	125.03599999999999	84.83200000000001
323	19	2	125.13199999999999	124.59600000000003
323	20	2	125.25714285714291	165.51428571428562
323	21	2	165.03599999999994	5.088
323	22	2	164.97999999999996	45.10399999999999
323	23	2	164.87999999999994	85.09200000000003
323	24	2	164.99999999999994	124.99999999999997
323	25	2	164.90400000000002	164.86799999999994
323	26	1	23.544910179640706	122.16367265469063
323	27	1	62.14999999999997	176.97600000000003
323	28	1	113.08782435129741	145.53093812375258
323	29	1	29.257485029940103	105.83832335329333
323	30	1	27.89840637450199	75.78286852589633
323	31	1	49.080000000000005	65.24000000000008
323	32	1	154.92828685258962	59.29282868525895
323	33	1	79.23306772908363	160.69521912350598
323	34	1	92.62948207171317	179.49203187251
323	35	1	184.42714570858283	176.94810379241508
323	36	1	141.99800399201604	135.35528942115772
323	37	1	69.61200000000001	96.08000000000003
323	38	1	147.26200000000003	196.482
323	39	1	146.03193612774461	164.46906187624748
323	40	1	160.00598802395226	148.6866267465071
323	41	1	108.07784431137723	160.4371257485029
323	42	1	81.11155378486059	23.3247011952191
323	43	1	57.91000000000001	85.99799999999996
323	44	1	3.053999999999995	94.80199999999994
323	45	1	111.93812375249503	132.41516966067869
324	1	2	4.959999999999995	4.979999999999998
324	2	2	4.944	45.03600000000001
324	3	2	4.877049180327865	84.87704918032787
324	4	2	4.877049180327865	125.1229508196721
324	5	2	5.036000000000001	164.9400000000001
324	6	2	45.027999999999984	4.912000000000001
324	7	2	45.00000000000003	45.00000000000002
324	8	2	45.132	85.40399999999994
324	9	2	45.00000000000003	124.99999999999997
324	10	2	45.012	165.10399999999987
324	11	2	84.87704918032783	5.1229508196721305
324	12	2	85.01200000000003	45.040000000000006
324	13	2	84.952	84.93999999999998
324	14	2	85.01600000000005	125.156
324	15	2	85.52479338842977	165.68595041322322
324	16	2	124.69999999999996	5.000000000000002
324	17	2	124.89200000000002	45.06400000000003
324	18	2	125.03599999999999	84.83200000000001
324	19	2	125.13199999999999	124.59600000000003
324	20	2	125.25714285714291	165.51428571428562
324	21	2	165.03599999999994	5.088
324	22	2	164.97999999999996	45.10399999999999
324	23	2	164.87999999999994	85.09200000000003
324	24	2	164.99999999999994	124.99999999999997
324	25	2	164.90400000000002	164.86799999999994
324	26	1	23.580000000000002	122.14400000000002
324	27	1	62.22400000000001	176.9759999999999
324	28	1	113.05588822355284	145.5149700598804
324	29	1	29.27599999999997	105.88799999999999
324	30	1	27.692614770459077	75.81836327345313
324	31	1	48.952	65.252
324	32	1	154.966	59.49399999999999
324	33	1	79.28343313373257	160.67664670658678
324	34	1	92.5539999999999	179.55599999999998
324	35	1	184.3932135728543	177.0039920159681
324	36	1	142.13972055888212	135.39121756487054
324	37	1	69.48007968127496	96.17330677290832
324	38	1	147.18562874251515	196.46706586826346
324	39	1	146.03193612774444	164.48103792415193
324	40	1	159.93013972055903	148.78443113772465
324	41	1	108.18127490039834	160.58565737051802
324	42	1	81.19161676646699	23.383233532934128
324	43	1	57.95000000000001	85.76399999999998
324	44	1	3.1259999999999932	94.83799999999995
324	45	1	112.08764940239043	132.4243027888448
325	1	2	4.959999999999995	4.979999999999998
325	2	2	4.944	45.03600000000001
325	3	2	4.877049180327865	84.87704918032787
325	4	2	4.877049180327865	125.1229508196721
325	5	2	5.036000000000001	164.9400000000001
325	6	2	45.027999999999984	4.912000000000001
325	7	2	45.00000000000003	45.00000000000002
325	8	2	45.132	85.40399999999994
325	9	2	45.00000000000003	124.99999999999997
325	10	2	45.012	165.10399999999987
325	11	2	84.87704918032783	5.1229508196721305
325	12	2	85.01200000000003	45.040000000000006
325	13	2	84.952	84.93999999999998
325	14	2	85.01600000000005	125.156
325	15	2	85.52479338842977	165.68595041322322
325	16	2	124.69999999999996	5.000000000000002
325	17	2	124.89200000000002	45.06400000000003
325	18	2	125.03599999999999	84.83200000000001
325	19	2	125.13199999999999	124.59600000000003
325	20	2	125.25714285714291	165.51428571428562
325	21	2	165.03599999999994	5.088
325	22	2	164.97999999999996	45.10399999999999
325	23	2	164.87999999999994	85.09200000000003
325	24	2	164.99999999999994	124.99999999999997
325	25	2	164.90400000000002	164.86799999999994
325	26	1	23.605577689243024	122.15936254980082
325	27	1	62.22799999999994	176.992
325	28	1	113.03193612774449	145.493013972056
325	29	1	29.24950099800398	105.83433133732534
325	30	1	27.603585657370537	75.79083665338648
325	31	1	48.93386773547093	65.27855711422838
325	32	1	155.00398406374515	59.55976095617531
325	33	1	79.34131736526942	160.64071856287427
325	34	1	92.59399999999992	179.56000000000014
325	35	1	184.4451097804391	177.1417165668662
325	36	1	142.17564870259477	135.38323353293418
325	37	1	69.30938123752497	96.11776447105777
325	38	1	147.14171656686625	196.46307385229542
325	39	1	146.0199600798404	164.39121756487037
325	40	1	159.98003992015984	148.78043912175636
325	41	1	108.23306772908364	160.6115537848606
325	42	1	81.18400000000008	23.504000000000016
325	43	1	57.90818363273455	85.86427145708589
325	44	1	3.2560000000000016	94.91399999999999
325	45	1	112.09960159362544	132.4581673306772
326	1	2	4.959999999999995	4.979999999999998
326	2	2	4.944	45.03600000000001
326	3	2	4.877049180327865	84.87704918032787
326	4	2	4.877049180327865	125.1229508196721
326	5	2	5.036000000000001	164.9400000000001
326	6	2	45.027999999999984	4.912000000000001
326	7	2	45.00000000000003	45.00000000000002
326	8	2	45.132	85.40399999999994
326	9	2	45.00000000000003	124.99999999999997
326	10	2	45.012	165.10399999999987
326	11	2	84.87704918032783	5.1229508196721305
326	12	2	85.01200000000003	45.040000000000006
326	13	2	84.952	84.93999999999998
326	14	2	85.01600000000005	125.156
326	15	2	85.52479338842977	165.68595041322322
326	16	2	124.69999999999996	5.000000000000002
326	17	2	124.89200000000002	45.06400000000003
326	18	2	125.03599999999999	84.83200000000001
326	19	2	125.13199999999999	124.59600000000003
326	20	2	125.25714285714291	165.51428571428562
326	21	2	165.03599999999994	5.088
326	22	2	164.97999999999996	45.10399999999999
326	23	2	164.87999999999994	85.09200000000003
326	24	2	164.99999999999994	124.99999999999997
326	25	2	164.90400000000002	164.86799999999994
326	26	1	23.700000000000006	122.17400000000006
326	27	1	62.15568862275446	177.01596806387212
326	28	1	112.88000000000002	145.3920000000002
326	29	1	29.259481037924147	105.83632734530941
326	30	1	27.535856573705168	75.84860557768926
326	31	1	48.85657370517928	65.30876494023904
326	32	1	155.10778443113776	59.59880239520952
326	33	1	79.38722554890215	160.6586826347305
326	34	1	92.65469061876252	179.499001996008
326	35	1	184.5219123505976	177.22709163346613
326	36	1	142.3439999999998	135.32
326	37	1	69.1852589641434	96.32470119521913
326	38	1	147.21199999999993	196.308
326	39	1	145.99999999999997	164.26946107784437
326	40	1	159.96800000000002	148.82000000000002
326	41	1	108.40239043824693	160.72111553784868
326	42	1	81.31199999999995	23.576000000000015
326	43	1	57.83599999999996	85.95400000000006
326	44	1	3.4311377245509083	95.14970059880238
326	45	1	112.433133732535	132.5349301397205
327	1	2	4.959999999999995	4.979999999999998
327	2	2	4.944	45.03600000000001
327	3	2	4.877049180327865	84.87704918032787
327	4	2	4.877049180327865	125.1229508196721
327	5	2	5.036000000000001	164.9400000000001
327	6	2	45.027999999999984	4.912000000000001
327	7	2	45.00000000000003	45.00000000000002
327	8	2	45.132	85.40399999999994
327	9	2	45.00000000000003	124.99999999999997
327	10	2	45.012	165.10399999999987
327	11	2	84.87704918032783	5.1229508196721305
327	12	2	85.01200000000003	45.040000000000006
327	13	2	84.952	84.93999999999998
327	14	2	85.01600000000005	125.156
327	15	2	85.52479338842977	165.68595041322322
327	16	2	124.69999999999996	5.000000000000002
327	17	2	124.89200000000002	45.06400000000003
327	18	2	125.03599999999999	84.83200000000001
327	19	2	125.13199999999999	124.59600000000003
327	20	2	125.25714285714291	165.51428571428562
327	21	2	165.03599999999994	5.088
327	22	2	164.97999999999996	45.10399999999999
327	23	2	164.87999999999994	85.09200000000003
327	24	2	164.99999999999994	124.99999999999997
327	25	2	164.90400000000002	164.86799999999994
327	26	1	23.706000000000024	122.21400000000008
327	27	1	62.19000000000004	177.00799999999998
327	28	1	112.84830339321353	145.3612774451099
327	29	1	29.282	105.75599999999994
327	30	1	27.510000000000012	75.82400000000004
327	31	1	48.889999999999986	65.35199999999995
327	32	1	155.19199999999987	59.60599999999999
327	33	1	79.35399999999997	160.68799999999996
327	34	1	92.6367265469062	179.3373253493015
327	35	1	184.48600000000002	177.28000000000014
327	36	1	142.33800000000016	135.21600000000007
327	37	1	69.08548707753472	96.31212723658054
327	38	1	147.24151696606788	196.24151696606788
327	39	1	145.9261477045906	164.1357285429141
327	40	1	159.9800399201597	148.8882235528941
327	41	1	108.60799999999998	160.79799999999992
327	42	1	81.28343313373249	23.606786427145693
327	43	1	57.860279441117726	85.93013972055894
327	44	1	3.5280000000000005	95.25399999999998
327	45	1	112.37675350701403	132.5390781563127
328	1	2	4.959999999999995	4.979999999999998
328	2	2	4.944	45.03600000000001
328	3	2	4.877049180327865	84.87704918032787
328	4	2	4.877049180327865	125.1229508196721
328	5	2	5.036000000000001	164.9400000000001
328	6	2	45.027999999999984	4.912000000000001
328	7	2	45.00000000000003	45.00000000000002
328	8	2	45.132	85.40399999999994
328	9	2	45.00000000000003	124.99999999999997
328	10	2	45.012	165.10399999999987
328	11	2	84.87704918032783	5.1229508196721305
328	12	2	85.01200000000003	45.040000000000006
328	13	2	84.952	84.93999999999998
328	14	2	85.01600000000005	125.156
328	15	2	85.52479338842977	165.68595041322322
328	16	2	124.69999999999996	5.000000000000002
328	17	2	124.89200000000002	45.06400000000003
328	18	2	125.03599999999999	84.83200000000001
328	19	2	125.13199999999999	124.59600000000003
328	20	2	125.25714285714291	165.51428571428562
328	21	2	165.03599999999994	5.088
328	22	2	164.97999999999996	45.10399999999999
328	23	2	164.87999999999994	85.09200000000003
328	24	2	164.99999999999994	124.99999999999997
328	25	2	164.90400000000002	164.86799999999994
328	26	1	23.710578842315403	122.32335329341308
328	27	1	62.11800000000001	177.0100000000002
328	28	1	112.83400000000002	145.35800000000023
328	29	1	29.291999999999994	105.78999999999989
328	30	1	27.43824701195222	75.74900398406373
328	31	1	48.79282868525897	65.37649402390441
328	32	1	155.29540918163684	59.60079840319357
328	33	1	79.3479999999999	160.74200000000008
328	34	1	92.57884231536923	179.40718562874252
328	35	1	184.49301397205585	177.37924151696612
328	36	1	142.43712574850306	135.1556886227547
328	37	1	69.01996007984039	96.39321357285426
328	38	1	147.304	196.138
328	39	1	145.9281437125746	164.02195608782432
328	40	1	160.03585657370505	148.79282868525908
328	41	1	108.72509960159361	160.96215139442225
328	42	1	81.30538922155692	23.622754491017965
328	43	1	57.836327345309385	86.0199600798403
328	44	1	3.6640000000000046	95.30199999999988
328	45	1	112.456	132.56800000000004
329	1	2	4.959999999999995	4.979999999999998
329	2	2	4.944	45.03600000000001
329	3	2	4.877049180327865	84.87704918032787
329	4	2	4.877049180327865	125.1229508196721
329	5	2	5.036000000000001	164.9400000000001
329	6	2	45.027999999999984	4.912000000000001
329	7	2	45.00000000000003	45.00000000000002
329	8	2	45.132	85.40399999999994
329	9	2	45.00000000000003	124.99999999999997
329	10	2	45.012	165.10399999999987
329	11	2	84.87704918032783	5.1229508196721305
329	12	2	85.01200000000003	45.040000000000006
329	13	2	84.952	84.93999999999998
329	14	2	85.01600000000005	125.156
329	15	2	85.52479338842977	165.68595041322322
329	16	2	124.69999999999996	5.000000000000002
329	17	2	124.89200000000002	45.06400000000003
329	18	2	125.03599999999999	84.83200000000001
329	19	2	125.13199999999999	124.59600000000003
329	20	2	125.25714285714291	165.51428571428562
329	21	2	165.03599999999994	5.088
329	22	2	164.97999999999996	45.10399999999999
329	23	2	164.87999999999994	85.09200000000003
329	24	2	164.99999999999994	124.99999999999997
329	25	2	164.90400000000002	164.86799999999994
329	26	1	23.784431137724553	122.36127744510978
329	27	1	62.15199999999997	177.05200000000013
329	28	1	112.91816367265476	145.3532934131737
329	29	1	29.26599999999999	105.76799999999997
329	30	1	27.245508982035926	75.7005988023953
329	31	1	48.77844311377245	65.34131736526948
329	32	1	155.376	59.736000000000004
329	33	1	79.30600000000003	160.72
329	34	1	92.64000000000001	179.312
329	35	1	184.598	177.506
329	36	1	142.67400000000023	135.12600000000003
329	37	1	68.82035928143705	96.51497005988024
329	38	1	147.2854291417165	196.08982035928145
329	39	1	145.95600000000005	163.82799999999997
329	40	1	160.11976047904204	148.74850299401203
329	41	1	108.86055776892432	160.99999999999997
329	42	1	81.462	23.677999999999994
329	43	1	57.83433133732535	85.98802395209589
329	44	1	3.7639999999999985	95.40799999999992
329	45	1	112.43000000000002	132.51000000000005
330	1	2	4.959999999999995	4.979999999999998
330	2	2	4.944	45.03600000000001
330	3	2	4.877049180327865	84.87704918032787
330	4	2	4.877049180327865	125.1229508196721
330	5	2	5.036000000000001	164.9400000000001
330	6	2	45.027999999999984	4.912000000000001
330	7	2	45.00000000000003	45.00000000000002
330	8	2	45.132	85.40399999999994
330	9	2	45.00000000000003	124.99999999999997
330	10	2	45.012	165.10399999999987
330	11	2	84.87704918032783	5.1229508196721305
330	12	2	85.01200000000003	45.040000000000006
330	13	2	84.952	84.93999999999998
330	14	2	85.01600000000005	125.156
330	15	2	85.52479338842977	165.68595041322322
330	16	2	124.69999999999996	5.000000000000002
330	17	2	124.89200000000002	45.06400000000003
330	18	2	125.03599999999999	84.83200000000001
330	19	2	125.13199999999999	124.59600000000003
330	20	2	125.25714285714291	165.51428571428562
330	21	2	165.03599999999994	5.088
330	22	2	164.97999999999996	45.10399999999999
330	23	2	164.87999999999994	85.09200000000003
330	24	2	164.99999999999994	124.99999999999997
330	25	2	164.90400000000002	164.86799999999994
330	26	1	23.7988047808765	122.37649402390437
330	27	1	62.15199999999997	177.05200000000013
330	28	1	112.82200000000005	145.2980000000001
330	29	1	29.305389221556894	105.74650698602795
330	30	1	27.154	75.66399999999999
330	31	1	48.73852295409183	65.35528942115772
330	32	1	155.42914171656702	60.01397205588822
330	33	1	79.28800000000004	160.73399999999987
330	34	1	92.71115537848604	179.19721115537837
330	35	1	184.66733067729083	177.66733067729075
330	36	1	142.77091633466145	135.07968127490037
330	37	1	68.70459081836329	96.56686626746509
330	38	1	147.34930139720555	195.97205588822357
330	39	1	145.972	163.76599999999988
330	40	1	160.17564870259483	148.66467065868272
330	41	1	109.04191616766467	161.03193612774476
330	42	1	81.45908183632739	23.706586826347287
330	43	1	57.81000000000001	85.94200000000006
330	44	1	3.796407185628745	95.437125748503
330	45	1	112.47200000000002	132.55400000000003
331	1	2	4.959999999999995	4.979999999999998
331	2	2	4.944	45.03600000000001
331	3	2	4.877049180327865	84.87704918032787
331	4	2	4.877049180327865	125.1229508196721
331	5	2	5.036000000000001	164.9400000000001
331	6	2	45.027999999999984	4.912000000000001
331	7	2	45.00000000000003	45.00000000000002
331	8	2	45.132	85.40399999999994
331	9	2	45.00000000000003	124.99999999999997
331	10	2	45.012	165.10399999999987
331	11	2	84.87704918032783	5.1229508196721305
331	12	2	85.01200000000003	45.040000000000006
331	13	2	84.952	84.93999999999998
331	14	2	85.01600000000005	125.156
331	15	2	85.52479338842977	165.68595041322322
331	16	2	124.69999999999996	5.000000000000002
331	17	2	124.89200000000002	45.06400000000003
331	18	2	125.03599999999999	84.83200000000001
331	19	2	125.13199999999999	124.59600000000003
331	20	2	125.25714285714291	165.51428571428562
331	21	2	165.03599999999994	5.088
331	22	2	164.97999999999996	45.10399999999999
331	23	2	164.87999999999994	85.09200000000003
331	24	2	164.99999999999994	124.99999999999997
331	25	2	164.90400000000002	164.86799999999994
331	26	1	23.812375249501017	122.3572854291416
331	27	1	62.175648702594806	177.07185628742533
331	28	1	112.82868525896414	145.32868525896407
331	29	1	29.245508982035922	105.71457085828352
331	30	1	27.035856573705182	75.61155378486053
331	31	1	48.73852295409183	65.35528942115772
331	32	1	155.45617529880494	60.15139442231077
331	33	1	79.28800000000004	160.73399999999987
331	34	1	92.77399999999993	179.092
331	35	1	184.64071856287427	177.95808383233523
331	36	1	142.76494023904388	134.9900398406373
331	37	1	68.59799999999998	96.58799999999998
331	38	1	147.32934131736536	195.98602794411178
331	39	1	145.99800796812755	163.7011952191233
331	40	1	160.19161676646706	148.5808383233531
331	41	1	109.15968063872262	161.13972055888212
331	42	1	81.56000000000002	23.790000000000006
331	43	1	57.80360721442888	85.89979959919835
331	44	1	3.8880000000000012	95.51400000000004
331	45	1	112.45708582834341	132.46307385229525
332	1	2	4.959999999999995	4.979999999999998
332	2	2	4.944	45.03600000000001
332	3	2	4.877049180327865	84.87704918032787
332	4	2	4.877049180327865	125.1229508196721
332	5	2	5.036000000000001	164.9400000000001
332	6	2	45.027999999999984	4.912000000000001
332	7	2	45.00000000000003	45.00000000000002
332	8	2	45.132	85.40399999999994
332	9	2	45.00000000000003	124.99999999999997
332	10	2	45.012	165.10399999999987
332	11	2	84.87704918032783	5.1229508196721305
332	12	2	85.01200000000003	45.040000000000006
332	13	2	84.952	84.93999999999998
332	14	2	85.01600000000005	125.156
332	15	2	85.52479338842977	165.68595041322322
332	16	2	124.69999999999996	5.000000000000002
332	17	2	124.89200000000002	45.06400000000003
332	18	2	125.03599999999999	84.83200000000001
332	19	2	125.13199999999999	124.59600000000003
332	20	2	125.25714285714291	165.51428571428562
332	21	2	165.03599999999994	5.088
332	22	2	164.97999999999996	45.10399999999999
332	23	2	164.87999999999994	85.09200000000003
332	24	2	164.99999999999994	124.99999999999997
332	25	2	164.90400000000002	164.86799999999994
332	26	1	23.836327345309403	122.33532934131729
332	27	1	62.16766467065869	177.0658682634732
332	28	1	112.84462151394419	145.31673306772916
332	29	1	29.231536926147708	105.6666666666666
332	30	1	26.920159680638708	75.62275449101799
332	31	1	48.729999999999954	65.378
332	32	1	155.48400000000007	60.31400000000004
332	33	1	79.31536926147706	160.7225548902194
332	34	1	92.89641434262941	178.90438247011932
332	35	1	184.77844311377245	178.12375249501005
332	36	1	142.78600000000014	134.91399999999996
332	37	1	68.58882235528947	96.79840319361277
332	38	1	147.31799999999993	195.984
332	39	1	146.03193612774461	163.6766467065868
332	40	1	160.10978043912172	148.62874251497
332	41	1	109.35400000000007	161.184
332	42	1	81.50200000000001	23.79399999999997
332	43	1	57.83433133732535	85.81636726546903
332	44	1	3.9101796407185674	95.53493013972043
332	45	1	112.41035856573708	132.46015936254977
333	1	2	4.959999999999995	4.979999999999998
333	2	2	4.944	45.03600000000001
333	3	2	4.877049180327865	84.87704918032787
333	4	2	4.877049180327865	125.1229508196721
333	5	2	5.036000000000001	164.9400000000001
333	6	2	45.027999999999984	4.912000000000001
333	7	2	45.00000000000003	45.00000000000002
333	8	2	45.132	85.40399999999994
333	9	2	45.00000000000003	124.99999999999997
333	10	2	45.012	165.10399999999987
333	11	2	84.87704918032783	5.1229508196721305
333	12	2	85.01200000000003	45.040000000000006
333	13	2	84.952	84.93999999999998
333	14	2	85.01600000000005	125.156
333	15	2	85.52479338842977	165.68595041322322
333	16	2	124.69999999999996	5.000000000000002
333	17	2	124.89200000000002	45.06400000000003
333	18	2	125.03599999999999	84.83200000000001
333	19	2	125.13199999999999	124.59600000000003
333	20	2	125.25714285714291	165.51428571428562
333	21	2	165.03599999999994	5.088
333	22	2	164.97999999999996	45.10399999999999
333	23	2	164.87999999999994	85.09200000000003
333	24	2	164.99999999999994	124.99999999999997
333	25	2	164.90400000000002	164.86799999999994
333	26	1	23.836327345309403	122.33532934131729
333	27	1	62.09362549800794	177.0597609561752
333	28	1	112.808383233533	145.3033932135729
333	29	1	29.21600000000001	105.67200000000003
333	30	1	26.821999999999992	75.64999999999998
333	31	1	48.718562874251504	65.38522954091817
333	32	1	155.59081836327346	60.41117764471058
333	33	1	79.3373253493014	160.7205588822354
333	34	1	92.96207584830334	178.83832335329322
333	35	1	184.78842315369263	178.26147704590832
333	36	1	142.80677290836667	134.87250996015953
333	37	1	68.45999999999997	96.80400000000003
333	38	1	147.33333333333348	195.9121756487026
333	39	1	146.06986027944114	163.66866267465082
333	40	1	160.10000000000008	148.666
333	41	1	109.47011952191242	161.27290836653398
333	42	1	81.51792828685258	23.822709163346595
333	43	1	57.83433133732535	85.81636726546903
333	44	1	3.977999999999994	95.62999999999992
333	45	1	112.49301397205588	132.47105788423158
334	1	2	4.959999999999995	4.979999999999998
334	2	2	4.944	45.03600000000001
334	3	2	4.877049180327865	84.87704918032787
334	4	2	4.877049180327865	125.1229508196721
334	5	2	5.036000000000001	164.9400000000001
334	6	2	45.027999999999984	4.912000000000001
334	7	2	45.00000000000003	45.00000000000002
334	8	2	45.132	85.40399999999994
334	9	2	45.00000000000003	124.99999999999997
334	10	2	45.012	165.10399999999987
334	11	2	84.87704918032783	5.1229508196721305
334	12	2	85.01200000000003	45.040000000000006
334	13	2	84.952	84.93999999999998
334	14	2	85.01600000000005	125.156
334	15	2	85.52479338842977	165.68595041322322
334	16	2	124.69999999999996	5.000000000000002
334	17	2	124.89200000000002	45.06400000000003
334	18	2	125.03599999999999	84.83200000000001
334	19	2	125.13199999999999	124.59600000000003
334	20	2	125.25714285714291	165.51428571428562
334	21	2	165.03599999999994	5.088
334	22	2	164.97999999999996	45.10399999999999
334	23	2	164.87999999999994	85.09200000000003
334	24	2	164.99999999999994	124.99999999999997
334	25	2	164.90400000000002	164.86799999999994
334	26	1	23.86227544910182	122.34331337325351
334	27	1	62.089999999999996	177.06799999999987
334	28	1	112.87200000000006	145.286
334	29	1	29.1936127744511	105.65069860279449
334	30	1	26.700000000000003	75.69399999999995
334	31	1	48.69261477045913	65.42315369261479
334	32	1	155.66399999999993	60.52
334	33	1	79.36199999999994	160.72200000000015
334	34	1	92.94422310756968	178.8227091633467
334	35	1	184.70259481037925	178.2794411177646
334	36	1	142.86626746506968	134.77844311377234
334	37	1	68.36000000000007	96.91000000000007
334	38	1	147.3453093812375	195.80439121756487
334	39	1	146.056	163.63599999999997
334	40	1	160.08982035928136	148.7085828343314
334	41	1	109.58565737051794	161.179282868526
334	42	1	81.55378486055771	23.896414342629477
334	43	1	57.81237524950102	85.79241516966067
334	44	1	4.093999999999999	95.76600000000015
334	45	1	112.49301397205583	132.48702594810382
335	1	2	4.959999999999995	4.979999999999998
335	2	2	4.944	45.03600000000001
335	3	2	4.877049180327865	84.87704918032787
335	4	2	4.877049180327865	125.1229508196721
335	5	2	5.036000000000001	164.9400000000001
335	6	2	45.027999999999984	4.912000000000001
335	7	2	45.00000000000003	45.00000000000002
335	8	2	45.132	85.40399999999994
335	9	2	45.00000000000003	124.99999999999997
335	10	2	45.012	165.10399999999987
335	11	2	84.87704918032783	5.1229508196721305
335	12	2	85.01200000000003	45.040000000000006
335	13	2	84.952	84.93999999999998
335	14	2	85.01600000000005	125.156
335	15	2	85.52479338842977	165.68595041322322
335	16	2	124.69999999999996	5.000000000000002
335	17	2	124.89200000000002	45.06400000000003
335	18	2	125.03599999999999	84.83200000000001
335	19	2	125.13199999999999	124.59600000000003
335	20	2	125.25714285714291	165.51428571428562
335	21	2	165.03599999999994	5.088
335	22	2	164.97999999999996	45.10399999999999
335	23	2	164.87999999999994	85.09200000000003
335	24	2	164.99999999999994	124.99999999999997
335	25	2	164.90400000000002	164.86799999999994
335	26	1	23.880239520958092	122.35329341317374
335	27	1	62.08782435129738	177.07784431137728
335	28	1	112.7864271457085	145.1996007984034
335	29	1	29.167664670658695	105.620758483034
335	30	1	26.581673306772913	75.70119521912356
335	31	1	48.646706586826284	65.43512974051907
335	32	1	155.73053892215555	60.70059880239523
335	33	1	79.36799999999991	160.76799999999997
335	34	1	93.05588822355286	178.73852295409182
335	35	1	184.726	178.45599999999985
335	36	1	142.91799999999992	134.6579999999999
335	37	1	68.33466135458168	97.01394422310757
335	38	1	147.31936127744535	195.74850299401197
335	39	1	146.00400000000005	163.51199999999997
335	40	1	160.06799999999996	148.70800000000008
335	41	1	109.60999999999994	161.11799999999985
335	42	1	81.54890219560889	23.890219560878247
335	43	1	57.81836327345313	85.70459081836327
335	44	1	4.146000000000005	95.79999999999998
335	45	1	112.57684630738527	132.44111776447116
336	1	2	4.959999999999995	4.979999999999998
336	2	2	4.944	45.03600000000001
336	3	2	4.877049180327865	84.87704918032787
336	4	2	4.877049180327865	125.1229508196721
336	5	2	5.036000000000001	164.9400000000001
336	6	2	45.027999999999984	4.912000000000001
336	7	2	45.00000000000003	45.00000000000002
336	8	2	45.132	85.40399999999994
336	9	2	45.00000000000003	124.99999999999997
336	10	2	45.012	165.10399999999987
336	11	2	84.87704918032783	5.1229508196721305
336	12	2	85.01200000000003	45.040000000000006
336	13	2	84.952	84.93999999999998
336	14	2	85.01600000000005	125.156
336	15	2	85.52479338842977	165.68595041322322
336	16	2	124.69999999999996	5.000000000000002
336	17	2	124.89200000000002	45.06400000000003
336	18	2	125.03599999999999	84.83200000000001
336	19	2	125.13199999999999	124.59600000000003
336	20	2	125.25714285714291	165.51428571428562
336	21	2	165.03599999999994	5.088
336	22	2	164.97999999999996	45.10399999999999
336	23	2	164.87999999999994	85.09200000000003
336	24	2	164.99999999999994	124.99999999999997
336	25	2	164.90400000000002	164.86799999999994
336	26	1	24.013999999999974	122.39999999999998
336	27	1	62.06986027944105	177.0199600798403
336	28	1	112.78200000000005	145.20599999999993
336	29	1	29.033932135728527	105.57684630738524
336	30	1	26.556886227544886	75.66866267465076
336	31	1	48.588822355289444	65.48502994011976
336	32	1	155.82035928143722	60.898203592814376
336	33	1	79.40599999999998	160.70600000000013
336	34	1	93.09780439121755	178.6666666666667
336	35	1	184.72255489021958	178.45309381237516
336	36	1	142.90600000000012	134.55800000000002
336	37	1	68.20558882235531	97.14570858283433
336	38	1	147.21756487025948	195.7864271457086
336	39	1	145.99401197604777	163.47904191616772
336	40	1	160.058	148.69
336	41	1	109.67465069860282	161.21157684630728
336	42	1	81.50400000000008	23.938
336	43	1	57.79600000000001	85.58999999999995
336	44	1	4.187624750499002	95.85828343313372
336	45	1	112.6187624750498	132.493013972056
337	1	2	4.959999999999995	4.979999999999998
337	2	2	4.944	45.03600000000001
337	3	2	4.877049180327865	84.87704918032787
337	4	2	4.877049180327865	125.1229508196721
337	5	2	5.036000000000001	164.9400000000001
337	6	2	45.027999999999984	4.912000000000001
337	7	2	45.00000000000003	45.00000000000002
337	8	2	45.132	85.40399999999994
337	9	2	45.00000000000003	124.99999999999997
337	10	2	45.012	165.10399999999987
337	11	2	84.87704918032783	5.1229508196721305
337	12	2	85.01200000000003	45.040000000000006
337	13	2	84.952	84.93999999999998
337	14	2	85.01600000000005	125.156
337	15	2	85.52479338842977	165.68595041322322
337	16	2	124.69999999999996	5.000000000000002
337	17	2	124.89200000000002	45.06400000000003
337	18	2	125.03599999999999	84.83200000000001
337	19	2	125.13199999999999	124.59600000000003
337	20	2	125.25714285714291	165.51428571428562
337	21	2	165.03599999999994	5.088
337	22	2	164.97999999999996	45.10399999999999
337	23	2	164.87999999999994	85.09200000000003
337	24	2	164.99999999999994	124.99999999999997
337	25	2	164.90400000000002	164.86799999999994
337	26	1	24.009980039920144	122.38123752495008
337	27	1	62.12224448897791	177.09218436873746
337	28	1	112.73400000000002	145.18199999999993
337	29	1	29.091999999999985	105.51199999999996
337	30	1	26.55400000000002	75.61800000000002
337	31	1	48.57800000000001	65.51400000000002
337	32	1	155.90019960079846	61.069860279441095
337	33	1	79.39200000000004	160.738
337	34	1	93.08582834331325	178.59481037924144
337	35	1	184.79482071713147	178.5697211155377
337	36	1	142.99600798403193	134.49700598802417
337	37	1	68.11399999999998	97.304
337	38	1	147.14171656686625	195.7425149700599
337	39	1	145.95608782435116	163.3932135728543
337	40	1	160.09980039920154	148.65469061876243
337	41	1	109.77245508982035	161.259481037924
337	42	1	81.54491017964074	23.946107784431145
337	43	1	57.79600000000001	85.58999999999995
337	44	1	4.35928143712575	95.91816367265473
337	45	1	112.68263473053895	132.51896207584844
338	1	2	4.959999999999995	4.979999999999998
338	2	2	4.944	45.03600000000001
338	3	2	4.877049180327865	84.87704918032787
338	4	2	4.877049180327865	125.1229508196721
338	5	2	5.036000000000001	164.9400000000001
338	6	2	45.027999999999984	4.912000000000001
338	7	2	45.00000000000003	45.00000000000002
338	8	2	45.132	85.40399999999994
338	9	2	45.00000000000003	124.99999999999997
338	10	2	45.012	165.10399999999987
338	11	2	84.87704918032783	5.1229508196721305
338	12	2	85.01200000000003	45.040000000000006
338	13	2	84.952	84.93999999999998
338	14	2	85.01600000000005	125.156
338	15	2	85.52479338842977	165.68595041322322
338	16	2	124.69999999999996	5.000000000000002
338	17	2	124.89200000000002	45.06400000000003
338	18	2	125.03599999999999	84.83200000000001
338	19	2	125.13199999999999	124.59600000000003
338	20	2	125.25714285714291	165.51428571428562
338	21	2	165.03599999999994	5.088
338	22	2	164.97999999999996	45.10399999999999
338	23	2	164.87999999999994	85.09200000000003
338	24	2	164.99999999999994	124.99999999999997
338	25	2	164.90400000000002	164.86799999999994
338	26	1	24.030000000000005	122.39400000000006
338	27	1	62.11576846307381	177.11377245508967
338	28	1	112.6906187624751	145.1377245508983
338	29	1	29.090000000000025	105.526
338	30	1	26.371999999999986	75.69600000000008
338	31	1	48.55688622754491	65.52894211576846
338	32	1	155.90438247011934	61.177290836653405
338	33	1	79.37400000000001	160.70000000000007
338	34	1	93.0558882235529	178.56087824351295
338	35	1	184.72600000000003	178.6479999999999
338	36	1	143.01000000000005	134.36399999999992
338	37	1	68.09561752988037	97.36055776892432
338	38	1	147.10400000000004	195.72
338	39	1	145.94411177644704	163.2874251497006
338	40	1	160.08764940239033	148.57968127490042
338	41	1	109.79880478087648	161.31673306772913
338	42	1	81.44111776447106	23.90219560878245
338	43	1	57.79600000000001	85.58999999999995
338	44	1	4.513999999999998	96.13400000000011
338	45	1	112.77	132.5139999999999
339	1	2	4.959999999999995	4.979999999999998
339	2	2	4.944	45.03600000000001
339	3	2	4.877049180327865	84.87704918032787
339	4	2	4.877049180327865	125.1229508196721
339	5	2	5.036000000000001	164.9400000000001
339	6	2	45.027999999999984	4.912000000000001
339	7	2	45.00000000000003	45.00000000000002
339	8	2	45.132	85.40399999999994
339	9	2	45.00000000000003	124.99999999999997
339	10	2	45.012	165.10399999999987
339	11	2	84.87704918032783	5.1229508196721305
339	12	2	85.01200000000003	45.040000000000006
339	13	2	84.952	84.93999999999998
339	14	2	85.01600000000005	125.156
339	15	2	85.52479338842977	165.68595041322322
339	16	2	124.69999999999996	5.000000000000002
339	17	2	124.89200000000002	45.06400000000003
339	18	2	125.03599999999999	84.83200000000001
339	19	2	125.13199999999999	124.59600000000003
339	20	2	125.25714285714291	165.51428571428562
339	21	2	165.03599999999994	5.088
339	22	2	164.97999999999996	45.10399999999999
339	23	2	164.87999999999994	85.09200000000003
339	24	2	164.99999999999994	124.99999999999997
339	25	2	164.90400000000002	164.86799999999994
339	26	1	24.07185628742515	122.48303393213581
339	27	1	62.23552894211576	177.1836327345308
339	28	1	112.70799999999997	145.14400000000018
339	29	1	29.08964143426294	105.46414342629485
339	30	1	26.25851703406813	75.60921843687382
339	31	1	48.51000000000002	65.54800000000003
339	32	1	156.06175298804777	61.503984063744994
339	33	1	79.39999999999996	160.68200000000007
339	34	1	93.09980039920148	178.39920159680636
339	35	1	184.81274900398407	178.7250996015936
339	36	1	143.11400000000003	134.22399999999993
339	37	1	67.99001996007988	97.53493013972056
339	38	1	147.11399999999995	195.66399999999985
339	39	1	145.90399999999974	163.1
339	40	1	160.0818363273451	148.5189620758484
339	41	1	109.93413173652698	161.32335329341305
339	42	1	81.4710578842315	23.930139720558866
339	43	1	57.80638722554886	85.54890219560872
339	44	1	4.750000000000006	96.27399999999999
339	45	1	112.76447105788432	132.4710578842313
340	1	2	4.959999999999995	4.979999999999998
340	2	2	4.944	45.03600000000001
340	3	2	4.877049180327865	84.87704918032787
340	4	2	4.877049180327865	125.1229508196721
340	5	2	5.036000000000001	164.9400000000001
340	6	2	45.027999999999984	4.912000000000001
340	7	2	45.00000000000003	45.00000000000002
340	8	2	45.132	85.40399999999994
340	9	2	45.00000000000003	124.99999999999997
340	10	2	45.012	165.10399999999987
340	11	2	84.87704918032783	5.1229508196721305
340	12	2	85.01200000000003	45.040000000000006
340	13	2	84.952	84.93999999999998
340	14	2	85.01600000000005	125.156
340	15	2	85.52479338842977	165.68595041322322
340	16	2	124.69999999999996	5.000000000000002
340	17	2	124.89200000000002	45.06400000000003
340	18	2	125.03599999999999	84.83200000000001
340	19	2	125.13199999999999	124.59600000000003
340	20	2	125.25714285714291	165.51428571428562
340	21	2	165.03599999999994	5.088
340	22	2	164.97999999999996	45.10399999999999
340	23	2	164.87999999999994	85.09200000000003
340	24	2	164.99999999999994	124.99999999999997
340	25	2	164.90400000000002	164.86799999999994
340	26	1	24.06374501992031	122.48406374501988
340	27	1	62.235999999999976	177.24800000000002
340	28	1	112.59081836327341	145.08582834331347
340	29	1	29.107784431137706	105.39520958083827
340	30	1	26.113772455089837	75.56487025948105
340	31	1	48.469999999999985	65.58200000000005
340	32	1	156.14800000000002	61.62999999999997
340	33	1	79.35199999999996	160.70400000000024
340	34	1	93.11377245508987	178.2415169660677
340	35	1	184.976	178.83200000000025
340	36	1	143.10379241516952	134.10778443113765
340	37	1	67.8639999999999	97.62400000000004
340	38	1	147.05988023952077	195.6447105788422
340	39	1	145.91017964071844	163.09181636726555
340	40	1	160.01400000000015	148.60399999999998
340	41	1	110.06772908366527	161.3386454183269
340	42	1	81.43227091633463	23.944223107569716
340	43	1	57.78443113772453	85.48303393213575
340	44	1	4.828343313373248	96.28742514970061
340	45	1	112.79600000000008	132.4519999999999
341	1	2	4.959999999999995	4.979999999999998
341	2	2	4.944	45.03600000000001
341	3	2	4.877049180327865	84.87704918032787
341	4	2	4.877049180327865	125.1229508196721
341	5	2	5.036000000000001	164.9400000000001
341	6	2	45.027999999999984	4.912000000000001
341	7	2	45.00000000000003	45.00000000000002
341	8	2	45.132	85.40399999999994
341	9	2	45.00000000000003	124.99999999999997
341	10	2	45.012	165.10399999999987
341	11	2	84.87704918032783	5.1229508196721305
341	12	2	85.01200000000003	45.040000000000006
341	13	2	84.952	84.93999999999998
341	14	2	85.01600000000005	125.156
341	15	2	85.52479338842977	165.68595041322322
341	16	2	124.69999999999996	5.000000000000002
341	17	2	124.89200000000002	45.06400000000003
341	18	2	125.03599999999999	84.83200000000001
341	19	2	125.13199999999999	124.59600000000003
341	20	2	125.25714285714291	165.51428571428562
341	21	2	165.03599999999994	5.088
341	22	2	164.97999999999996	45.10399999999999
341	23	2	164.87999999999994	85.09200000000003
341	24	2	164.99999999999994	124.99999999999997
341	25	2	164.90400000000002	164.86799999999994
341	26	1	24.089999999999982	122.42800000000004
341	27	1	62.318000000000026	177.2260000000002
341	28	1	112.52095808383231	145.0479041916165
341	29	1	29.089820359281433	105.23552894211576
341	30	1	25.944	75.46599999999998
341	31	1	48.42399999999998	65.59200000000008
341	32	1	156.23552894211565	61.752495009980116
341	33	1	79.36599999999999	160.69600000000023
341	34	1	93.13600000000007	178.218
341	35	1	184.92215568862278	178.9680638722554
341	36	1	143.16999999999976	134.04599999999996
341	37	1	67.81836327345306	97.76447105788418
341	38	1	147.05588822355296	195.60079840319355
341	39	1	145.8942115768462	163.0259481037925
341	40	1	160.01400000000015	148.60399999999998
341	41	1	110.13545816733061	161.2788844621514
341	42	1	81.40918163672649	23.890219560878265
341	43	1	57.78000000000002	85.44200000000001
341	44	1	4.944223107569715	96.44422310756968
341	45	1	112.88023952095817	132.4890219560879
342	1	2	4.959999999999995	4.979999999999998
342	2	2	4.944	45.03600000000001
342	3	2	4.877049180327865	84.87704918032787
342	4	2	4.877049180327865	125.1229508196721
342	5	2	5.036000000000001	164.9400000000001
342	6	2	45.027999999999984	4.912000000000001
342	7	2	45.00000000000003	45.00000000000002
342	8	2	45.132	85.40399999999994
342	9	2	45.00000000000003	124.99999999999997
342	10	2	45.012	165.10399999999987
342	11	2	84.87704918032783	5.1229508196721305
342	12	2	85.01200000000003	45.040000000000006
342	13	2	84.952	84.93999999999998
342	14	2	85.01600000000005	125.156
342	15	2	85.52479338842977	165.68595041322322
342	16	2	124.69999999999996	5.000000000000002
342	17	2	124.89200000000002	45.06400000000003
342	18	2	125.03599999999999	84.83200000000001
342	19	2	125.13199999999999	124.59600000000003
342	20	2	125.25714285714291	165.51428571428562
342	21	2	165.03599999999994	5.088
342	22	2	164.97999999999996	45.10399999999999
342	23	2	164.87999999999994	85.09200000000003
342	24	2	164.99999999999994	124.99999999999997
342	25	2	164.90400000000002	164.86799999999994
342	26	1	24.048000000000012	122.57000000000004
342	27	1	62.459999999999994	177.25800000000018
342	28	1	112.52400000000004	145.02799999999982
342	29	1	29.074000000000005	105.29999999999993
342	30	1	25.78486055776891	75.49003984063741
342	31	1	48.41599999999993	65.60800000000003
342	32	1	156.31736526946108	61.9980039920159
342	33	1	79.39321357285428	160.70858283433134
342	34	1	93.16966067864269	178.12974051896217
342	35	1	185.06199999999998	179.09000000000015
342	36	1	143.187624750499	133.90019960079823
342	37	1	67.75449101796403	97.86826347305387
342	38	1	147.12999999999994	195.43999999999997
342	39	1	145.880239520958	162.93013972055877
342	40	1	159.9639999999998	148.59400000000005
342	41	1	110.24351297405182	161.28942115768461
342	42	1	81.39720558882242	23.89820359281435
342	43	1	57.7924151696607	85.39920159680645
342	44	1	5.132000000000011	96.52599999999994
342	45	1	112.98400000000002	132.49400000000009
343	1	2	4.959999999999995	4.979999999999998
343	2	2	4.944	45.03600000000001
343	3	2	4.877049180327865	84.87704918032787
343	4	2	4.877049180327865	125.1229508196721
343	5	2	5.036000000000001	164.9400000000001
343	6	2	45.027999999999984	4.912000000000001
343	7	2	45.00000000000003	45.00000000000002
343	8	2	45.132	85.40399999999994
343	9	2	45.00000000000003	124.99999999999997
343	10	2	45.012	165.10399999999987
343	11	2	84.87704918032783	5.1229508196721305
343	12	2	85.01200000000003	45.040000000000006
343	13	2	84.952	84.93999999999998
343	14	2	85.01600000000005	125.156
343	15	2	85.52479338842977	165.68595041322322
343	16	2	124.69999999999996	5.000000000000002
343	17	2	124.89200000000002	45.06400000000003
343	18	2	125.03599999999999	84.83200000000001
343	19	2	125.13199999999999	124.59600000000003
343	20	2	125.25714285714291	165.51428571428562
343	21	2	165.03599999999994	5.088
343	22	2	164.97999999999996	45.10399999999999
343	23	2	164.87999999999994	85.09200000000003
343	24	2	164.99999999999994	124.99999999999997
343	25	2	164.90400000000002	164.86799999999994
343	26	1	23.99599999999999	122.57600000000004
343	27	1	62.545999999999985	177.3020000000001
343	28	1	112.55489021956089	145.04790419161654
343	29	1	29.118000000000034	105.27399999999992
343	30	1	25.582834331337324	75.56686626746502
343	31	1	48.35199999999996	65.63599999999998
343	32	1	156.4211576846307	62.28942115768467
343	33	1	79.38199999999998	160.716
343	34	1	93.28542914171662	178.0000000000001
343	35	1	185.04191616766465	179.183632734531
343	36	1	143.17564870259477	133.85029940119767
343	37	1	67.63872255489018	97.88822355289429
343	38	1	147.18562874251515	195.38123752495
343	39	1	145.88399999999982	162.914
343	40	1	159.9639999999998	148.59400000000005
343	41	1	110.30339321357278	161.3612774451099
343	42	1	81.38844621513945	23.9163346613546
343	43	1	57.79	85.35200000000007
343	44	1	5.285999999999997	96.66000000000007
343	45	1	112.98403193612779	132.45708582834325
344	1	2	4.959999999999995	4.979999999999998
344	2	2	4.944	45.03600000000001
344	3	2	4.877049180327865	84.87704918032787
344	4	2	4.877049180327865	125.1229508196721
344	5	2	5.036000000000001	164.9400000000001
344	6	2	45.027999999999984	4.912000000000001
344	7	2	45.00000000000003	45.00000000000002
344	8	2	45.132	85.40399999999994
344	9	2	45.00000000000003	124.99999999999997
344	10	2	45.012	165.10399999999987
344	11	2	84.87704918032783	5.1229508196721305
344	12	2	85.01200000000003	45.040000000000006
344	13	2	84.952	84.93999999999998
344	14	2	85.01600000000005	125.156
344	15	2	85.52479338842977	165.68595041322322
344	16	2	124.69999999999996	5.000000000000002
344	17	2	124.89200000000002	45.06400000000003
344	18	2	125.03599999999999	84.83200000000001
344	19	2	125.13199999999999	124.59600000000003
344	20	2	125.25714285714291	165.51428571428562
344	21	2	165.03599999999994	5.088
344	22	2	164.97999999999996	45.10399999999999
344	23	2	164.87999999999994	85.09200000000003
344	24	2	164.99999999999994	124.99999999999997
344	25	2	164.90400000000002	164.86799999999994
344	26	1	23.94188376753508	122.62525050100203
344	27	1	62.64600000000005	177.40399999999977
344	28	1	112.47000000000003	145.00399999999982
344	29	1	29.201596806387215	105.28143712574855
344	30	1	25.334661354581666	75.56374501992028
344	31	1	48.267465069860286	65.64471057884228
344	32	1	156.44910179640732	62.315369261477095
344	33	1	79.396	160.7280000000001
344	34	1	93.38999999999999	177.90400000000005
344	35	1	184.94810379241517	179.24950099800395
344	36	1	143.21556886227557	133.8303393213571
344	37	1	67.51394422310753	97.91633466135464
344	38	1	147.2674650698604	195.18762475049908
344	39	1	145.86027944111763	162.8902195608781
344	40	1	159.9639999999998	148.59400000000005
344	41	1	110.39599999999996	161.35800000000006
344	42	1	81.24351297405178	23.892215568862284
344	43	1	57.79	85.31000000000004
344	44	1	5.438	96.70799999999996
344	45	1	113.03199999999993	132.48199999999997
345	1	2	4.959999999999995	4.979999999999998
345	2	2	4.944	45.03600000000001
345	3	2	4.877049180327865	84.87704918032787
345	4	2	4.877049180327865	125.1229508196721
345	5	2	5.036000000000001	164.9400000000001
345	6	2	45.027999999999984	4.912000000000001
345	7	2	45.00000000000003	45.00000000000002
345	8	2	45.132	85.40399999999994
345	9	2	45.00000000000003	124.99999999999997
345	10	2	45.012	165.10399999999987
345	11	2	84.87704918032783	5.1229508196721305
345	12	2	85.01200000000003	45.040000000000006
345	13	2	84.952	84.93999999999998
345	14	2	85.01600000000005	125.156
345	15	2	85.52479338842977	165.68595041322322
345	16	2	124.69999999999996	5.000000000000002
345	17	2	124.89200000000002	45.06400000000003
345	18	2	125.03599999999999	84.83200000000001
345	19	2	125.13199999999999	124.59600000000003
345	20	2	125.25714285714291	165.51428571428562
345	21	2	165.03599999999994	5.088
345	22	2	164.97999999999996	45.10399999999999
345	23	2	164.87999999999994	85.09200000000003
345	24	2	164.99999999999994	124.99999999999997
345	25	2	164.90400000000002	164.86799999999994
345	26	1	23.96606786427144	122.68862275449098
345	27	1	62.648000000000025	177.46199999999985
345	28	1	112.43113772455101	145.01996007984025
345	29	1	29.25498007968128	105.23904382470113
345	30	1	25.105577689243017	75.53784860557765
345	31	1	48.13799999999999	65.68799999999996
345	32	1	156.61876247504978	62.56686626746503
345	33	1	79.3173652694611	160.81836327345317
345	34	1	93.46906187624758	177.88423153692608
345	35	1	185.07968127490042	179.41633466135465
345	36	1	143.252	133.7760000000001
345	37	1	67.36653386454186	98.01792828685261
345	38	1	147.16766467065887	195.19560878243522
345	39	1	145.87025948103786	162.84431137724556
345	40	1	159.9639999999998	148.59400000000005
345	41	1	110.4071856287425	161.3672654690619
345	42	1	81.18326693227088	23.902390438247007
345	43	1	57.764471057884265	85.24550898203599
345	44	1	5.481037924151696	96.7185628742515
345	45	1	113.12400000000001	132.50400000000013
346	1	2	4.959999999999995	4.979999999999998
346	2	2	4.944	45.03600000000001
346	3	2	4.877049180327865	84.87704918032787
346	4	2	4.877049180327865	125.1229508196721
346	5	2	5.036000000000001	164.9400000000001
346	6	2	45.027999999999984	4.912000000000001
346	7	2	45.00000000000003	45.00000000000002
346	8	2	45.132	85.40399999999994
346	9	2	45.00000000000003	124.99999999999997
346	10	2	45.012	165.10399999999987
346	11	2	84.87704918032783	5.1229508196721305
346	12	2	85.01200000000003	45.040000000000006
346	13	2	84.952	84.93999999999998
346	14	2	85.01600000000005	125.156
346	15	2	85.52479338842977	165.68595041322322
346	16	2	124.69999999999996	5.000000000000002
346	17	2	124.89200000000002	45.06400000000003
346	18	2	125.03599999999999	84.83200000000001
346	19	2	125.13199999999999	124.59600000000003
346	20	2	125.25714285714291	165.51428571428562
346	21	2	165.03599999999994	5.088
346	22	2	164.97999999999996	45.10399999999999
346	23	2	164.87999999999994	85.09200000000003
346	24	2	164.99999999999994	124.99999999999997
346	25	2	164.90400000000002	164.86799999999994
346	26	1	23.994011976047904	122.72854291417165
346	27	1	62.73199999999998	177.4959999999999
346	28	1	112.28286852589628	144.96812749003976
346	29	1	29.281437125748525	105.23353293413179
346	30	1	24.92430278884461	75.49003984063744
346	31	1	48.066	65.72999999999995
346	32	1	156.82600000000002	62.81
346	33	1	79.3353293413174	160.7604790419163
346	34	1	93.4950099800399	177.79241516966076
346	35	1	185.11155378486055	179.6314741035858
346	36	1	143.36127744510975	133.68662674650707
346	37	1	67.21556886227542	98.02395209580843
346	38	1	147.19000000000008	195.16600000000008
346	39	1	145.84462151394413	162.70717131474103
346	40	1	159.9639999999998	148.59400000000005
346	41	1	110.49999999999997	161.38400000000007
346	42	1	81.21599999999991	23.95200000000001
346	43	1	57.65800000000001	85.17399999999994
346	44	1	5.552000000000004	96.78599999999997
346	45	1	113.17999999999995	132.52400000000014
347	1	2	4.959999999999995	4.979999999999998
347	2	2	4.944	45.03600000000001
347	3	2	4.877049180327865	84.87704918032787
347	4	2	4.877049180327865	125.1229508196721
347	5	2	5.036000000000001	164.9400000000001
347	6	2	45.027999999999984	4.912000000000001
347	7	2	45.00000000000003	45.00000000000002
347	8	2	45.132	85.40399999999994
347	9	2	45.00000000000003	124.99999999999997
347	10	2	45.012	165.10399999999987
347	11	2	84.87704918032783	5.1229508196721305
347	12	2	85.01200000000003	45.040000000000006
347	13	2	84.952	84.93999999999998
347	14	2	85.01600000000005	125.156
347	15	2	85.52479338842977	165.68595041322322
347	16	2	124.69999999999996	5.000000000000002
347	17	2	124.89200000000002	45.06400000000003
347	18	2	125.03599999999999	84.83200000000001
347	19	2	125.13199999999999	124.59600000000003
347	20	2	125.25714285714291	165.51428571428562
347	21	2	165.03599999999994	5.088
347	22	2	164.97999999999996	45.10399999999999
347	23	2	164.87999999999994	85.09200000000003
347	24	2	164.99999999999994	124.99999999999997
347	25	2	164.90400000000002	164.86799999999994
347	26	1	23.986027944111772	122.84630738522947
347	27	1	62.714570858283444	177.54291417165675
347	28	1	112.18800000000007	144.94000000000005
347	29	1	29.358000000000022	105.18200000000007
347	30	1	24.724000000000014	75.47400000000012
347	31	1	47.9321357285429	65.87425149700599
347	32	1	156.9721115537848	62.81872509960161
347	33	1	79.32999999999998	160.7960000000002
347	34	1	93.51199999999997	177.71199999999996
347	35	1	185.10756972111554	179.62151394422324
347	36	1	143.40637450199188	133.6075697211157
347	37	1	67.17330677290829	98.06573705179284
347	38	1	147.21956087824356	195.02395209580834
347	39	1	145.82035928143722	162.54491017964088
347	40	1	159.9639999999998	148.59400000000005
347	41	1	110.59281437125748	161.42115768463066
347	42	1	81.19799999999996	23.935999999999996
347	43	1	57.634	85.16599999999991
347	44	1	5.744510978043913	96.91616766467068
347	45	1	113.23399999999994	132.552
348	1	2	4.959999999999995	4.979999999999998
348	2	2	4.944	45.03600000000001
348	3	2	4.877049180327865	84.87704918032787
348	4	2	4.877049180327865	125.1229508196721
348	5	2	5.036000000000001	164.9400000000001
348	6	2	45.027999999999984	4.912000000000001
348	7	2	45.00000000000003	45.00000000000002
348	8	2	45.132	85.40399999999994
348	9	2	45.00000000000003	124.99999999999997
348	10	2	45.012	165.10399999999987
348	11	2	84.87704918032783	5.1229508196721305
348	12	2	85.01200000000003	45.040000000000006
348	13	2	84.952	84.93999999999998
348	14	2	85.01600000000005	125.156
348	15	2	85.52479338842977	165.68595041322322
348	16	2	124.69999999999996	5.000000000000002
348	17	2	124.89200000000002	45.06400000000003
348	18	2	125.03599999999999	84.83200000000001
348	19	2	125.13199999999999	124.59600000000003
348	20	2	125.25714285714291	165.51428571428562
348	21	2	165.03599999999994	5.088
348	22	2	164.97999999999996	45.10399999999999
348	23	2	164.87999999999994	85.09200000000003
348	24	2	164.99999999999994	124.99999999999997
348	25	2	164.90400000000002	164.86799999999994
348	26	1	23.96207584830339	122.84630738522955
348	27	1	62.738000000000014	177.6200000000001
348	28	1	112.13972055888217	144.95608782435147
348	29	1	29.36200000000001	105.16000000000007
348	30	1	24.39679358717433	75.57314629258522
348	31	1	47.764471057884265	65.9041916167664
348	32	1	157.1037924151696	62.95009980039915
348	33	1	79.31199999999994	160.80599999999984
348	34	1	93.596	177.6480000000002
348	35	1	185.17330677290835	179.9023904382469
348	36	1	143.45600000000022	133.48600000000005
348	37	1	67.18363273453096	98.10778443113777
348	38	1	147.31736526946102	194.86427145708572
348	39	1	145.82400000000004	162.38800000000006
348	40	1	159.9640718562874	148.53892215568865
348	41	1	110.71257485029942	161.49101796407192
348	42	1	81.36200000000007	24.02000000000003
348	43	1	57.58400000000004	85.14600000000004
348	44	1	5.750499001996006	96.93413173652688
348	45	1	113.37924151696612	132.57684630738532
349	1	2	4.959999999999995	4.979999999999998
349	2	2	4.944	45.03600000000001
349	3	2	4.877049180327865	84.87704918032787
349	4	2	4.877049180327865	125.1229508196721
349	5	2	5.036000000000001	164.9400000000001
349	6	2	45.027999999999984	4.912000000000001
349	7	2	45.00000000000003	45.00000000000002
349	8	2	45.132	85.40399999999994
349	9	2	45.00000000000003	124.99999999999997
349	10	2	45.012	165.10399999999987
349	11	2	84.87704918032783	5.1229508196721305
349	12	2	85.01200000000003	45.040000000000006
349	13	2	84.952	84.93999999999998
349	14	2	85.01600000000005	125.156
349	15	2	85.52479338842977	165.68595041322322
349	16	2	124.69999999999996	5.000000000000002
349	17	2	124.89200000000002	45.06400000000003
349	18	2	125.03599999999999	84.83200000000001
349	19	2	125.13199999999999	124.59600000000003
349	20	2	125.25714285714291	165.51428571428562
349	21	2	165.03599999999994	5.088
349	22	2	164.97999999999996	45.10399999999999
349	23	2	164.87999999999994	85.09200000000003
349	24	2	164.99999999999994	124.99999999999997
349	25	2	164.90400000000002	164.86799999999994
349	26	1	23.89641434262948	122.91434262948204
349	27	1	62.81600000000003	177.6600000000001
349	28	1	112.08764940239045	144.91832669322704
349	29	1	29.364000000000022	105.14000000000007
349	30	1	24.274000000000015	75.53199999999995
349	31	1	47.6467065868264	66.01596806387222
349	32	1	157.18	63.128000000000036
349	33	1	79.30600000000003	160.73199999999997
349	34	1	93.60079840319365	177.61676646706616
349	35	1	185.182	180.0340000000001
349	36	1	143.54890219560897	133.41516966067874
349	37	1	67.08200000000005	98.04599999999996
349	38	1	147.3884462151394	194.72709163346622
349	39	1	145.8020000000001	162.35200000000015
349	40	1	159.98799999999997	148.54200000000003
349	41	1	110.750499001996	161.4650698602793
349	42	1	81.39720558882235	24.013972055888235
349	43	1	57.581162324649334	85.1402805611222
349	44	1	5.81836327345308	96.97005988023948
349	45	1	113.43712574850301	132.63073852295406
350	1	2	4.959999999999995	4.979999999999998
350	2	2	4.944	45.03600000000001
350	3	2	4.877049180327865	84.87704918032787
350	4	2	4.877049180327865	125.1229508196721
350	5	2	5.036000000000001	164.9400000000001
350	6	2	45.027999999999984	4.912000000000001
350	7	2	45.00000000000003	45.00000000000002
350	8	2	45.132	85.40399999999994
350	9	2	45.00000000000003	124.99999999999997
350	10	2	45.012	165.10399999999987
350	11	2	84.87704918032783	5.1229508196721305
350	12	2	85.01200000000003	45.040000000000006
350	13	2	84.952	84.93999999999998
350	14	2	85.01600000000005	125.156
350	15	2	85.52479338842977	165.68595041322322
350	16	2	124.69999999999996	5.000000000000002
350	17	2	124.89200000000002	45.06400000000003
350	18	2	125.03599999999999	84.83200000000001
350	19	2	125.13199999999999	124.59600000000003
350	20	2	125.25714285714291	165.51428571428562
350	21	2	165.03599999999994	5.088
350	22	2	164.97999999999996	45.10399999999999
350	23	2	164.87999999999994	85.09200000000003
350	24	2	164.99999999999994	124.99999999999997
350	25	2	164.90400000000002	164.86799999999994
350	26	1	23.872255489021963	122.93812375249506
350	27	1	62.90800000000001	177.74800000000005
350	28	1	112.09018036072155	144.9338677354708
350	29	1	29.324000000000016	105.15799999999994
350	30	1	24.257999999999996	75.57400000000003
350	31	1	47.62674650698608	66.01996007984032
350	32	1	157.21357285429133	63.11377245508985
350	33	1	79.35199999999993	160.68599999999998
350	34	1	93.63473053892223	177.55888223552896
350	35	1	185.21713147410358	180.28486055776887
350	36	1	143.63672654690615	133.36726546906164
350	37	1	67.05389221556888	98.15568862275451
350	38	1	147.47105788423153	194.60878243512957
350	39	1	145.79400000000012	162.23399999999998
350	40	1	159.98799999999997	148.54200000000003
350	41	1	110.80199999999999	161.44199999999995
350	42	1	81.354	23.926000000000002
350	43	1	57.59919839679364	85.11422845691385
350	44	1	5.9419999999999975	97.00599999999996
350	45	1	113.472	132.68600000000004
351	1	2	4.959999999999995	4.979999999999998
351	2	2	4.944	45.03600000000001
351	3	2	4.877049180327865	84.87704918032787
351	4	2	4.877049180327865	125.1229508196721
351	5	2	5.036000000000001	164.9400000000001
351	6	2	45.027999999999984	4.912000000000001
351	7	2	45.00000000000003	45.00000000000002
351	8	2	45.132	85.40399999999994
351	9	2	45.00000000000003	124.99999999999997
351	10	2	45.012	165.10399999999987
351	11	2	84.87704918032783	5.1229508196721305
351	12	2	85.01200000000003	45.040000000000006
351	13	2	84.952	84.93999999999998
351	14	2	85.01600000000005	125.156
351	15	2	85.52479338842977	165.68595041322322
351	16	2	124.69999999999996	5.000000000000002
351	17	2	124.89200000000002	45.06400000000003
351	18	2	125.03599999999999	84.83200000000001
351	19	2	125.13199999999999	124.59600000000003
351	20	2	125.25714285714291	165.51428571428562
351	21	2	165.03599999999994	5.088
351	22	2	164.97999999999996	45.10399999999999
351	23	2	164.87999999999994	85.09200000000003
351	24	2	164.99999999999994	124.99999999999997
351	25	2	164.90400000000002	164.86799999999994
351	26	1	23.874251497006	123.02195608782428
351	27	1	62.86999999999998	177.71400000000008
351	28	1	112.05389221556905	144.8802395209581
351	29	1	29.32934131736526	105.25149700598794
351	30	1	24.124	75.57199999999992
351	31	1	47.57200000000003	66.12399999999997
351	32	1	157.25349301397208	63.14171656686623
351	33	1	79.29341317365274	160.74251497005983
351	34	1	93.69199999999998	177.40199999999982
351	35	1	185.22155688622755	180.35928143712573
351	36	1	143.74051896207567	133.2934131736526
351	37	1	67.05788423153695	98.19361277445117
351	38	1	147.43512974051902	194.51297405189612
351	39	1	145.8323353293413	162.33532934131725
351	40	1	159.90419161676633	148.53493013972067
351	41	1	110.86599999999993	161.378
351	42	1	81.39442231075704	23.996015936254977
351	43	1	57.58799999999998	85.13599999999992
351	44	1	6.201999999999993	97.04199999999997
351	45	1	113.49101796407193	132.68662674650707
352	1	2	4.959999999999995	4.979999999999998
352	2	2	4.944	45.03600000000001
352	3	2	4.877049180327865	84.87704918032787
352	4	2	4.877049180327865	125.1229508196721
352	5	2	5.036000000000001	164.9400000000001
352	6	2	45.027999999999984	4.912000000000001
352	7	2	45.00000000000003	45.00000000000002
352	8	2	45.132	85.40399999999994
352	9	2	45.00000000000003	124.99999999999997
352	10	2	45.012	165.10399999999987
352	11	2	84.87704918032783	5.1229508196721305
352	12	2	85.01200000000003	45.040000000000006
352	13	2	84.952	84.93999999999998
352	14	2	85.01600000000005	125.156
352	15	2	85.52479338842977	165.68595041322322
352	16	2	124.69999999999996	5.000000000000002
352	17	2	124.89200000000002	45.06400000000003
352	18	2	125.03599999999999	84.83200000000001
352	19	2	125.13199999999999	124.59600000000003
352	20	2	125.25714285714291	165.51428571428562
352	21	2	165.03599999999994	5.088
352	22	2	164.97999999999996	45.10399999999999
352	23	2	164.87999999999994	85.09200000000003
352	24	2	164.99999999999994	124.99999999999997
352	25	2	164.90400000000002	164.86799999999994
352	26	1	23.86027944111776	123.01996007984042
352	27	1	62.93599999999999	177.72600000000014
352	28	1	112.03984063745013	144.84860557768914
352	29	1	29.367999999999995	105.23599999999993
352	30	1	23.955999999999992	75.61400000000008
352	31	1	47.455999999999996	66.212
352	32	1	157.39121756487035	63.37524950099802
352	33	1	79.3113772455089	160.69261477045893
352	34	1	93.66400000000003	177.32800000000015
352	35	1	185.3027888446215	180.3844621513945
352	36	1	143.7924151696606	133.1756487025948
352	37	1	66.95399999999998	98.284
352	38	1	147.37199999999982	194.49400000000009
352	39	1	145.78399999999988	162.20400000000032
352	40	1	159.88399999999984	148.53400000000005
352	41	1	110.97405189620754	161.46706586826363
352	42	1	81.35000000000004	23.968000000000032
352	43	1	57.599999999999966	85.016
352	44	1	6.365999999999998	97.09400000000018
352	45	1	113.54890219560886	132.63273453093808
353	1	2	4.959999999999995	4.979999999999998
353	2	2	4.944	45.03600000000001
353	3	2	4.877049180327865	84.87704918032787
353	4	2	4.877049180327865	125.1229508196721
353	5	2	5.036000000000001	164.9400000000001
353	6	2	45.027999999999984	4.912000000000001
353	7	2	45.00000000000003	45.00000000000002
353	8	2	45.132	85.40399999999994
353	9	2	45.00000000000003	124.99999999999997
353	10	2	45.012	165.10399999999987
353	11	2	84.87704918032783	5.1229508196721305
353	12	2	85.01200000000003	45.040000000000006
353	13	2	84.952	84.93999999999998
353	14	2	85.01600000000005	125.156
353	15	2	85.52479338842977	165.68595041322322
353	16	2	124.69999999999996	5.000000000000002
353	17	2	124.89200000000002	45.06400000000003
353	18	2	125.03599999999999	84.83200000000001
353	19	2	125.13199999999999	124.59600000000003
353	20	2	125.25714285714291	165.51428571428562
353	21	2	165.03599999999994	5.088
353	22	2	164.97999999999996	45.10399999999999
353	23	2	164.87999999999994	85.09200000000003
353	24	2	164.99999999999994	124.99999999999997
353	25	2	164.90400000000002	164.86799999999994
353	26	1	23.798403193612792	123.06986027944113
353	27	1	62.976000000000006	177.73600000000008
353	28	1	112.02799999999993	144.84400000000008
353	29	1	29.357285429141726	105.22554890219567
353	30	1	23.8502994011976	75.65069860279442
353	31	1	47.35528942115772	66.22155688622763
353	32	1	157.42714570858297	63.51497005988021
353	33	1	79.3572854291417	160.69061876247503
353	34	1	93.68399999999998	177.31400000000022
353	35	1	185.31936127744513	180.48303393213558
353	36	1	143.84031936127755	133.19161676646723
353	37	1	66.84860557768927	98.38247011952193
353	38	1	147.4471057884231	194.39520958083824
353	39	1	145.82799999999992	162.20799999999994
353	40	1	159.94199999999995	148.5359999999998
353	41	1	111.03999999999989	161.42600000000007
353	42	1	81.22954091816374	23.934131736526957
353	43	1	57.61077844311376	84.97604790419162
353	44	1	6.485029940119751	97.1097804391219
353	45	1	113.61077844311376	132.6946107784432
354	1	2	4.959999999999995	4.979999999999998
354	2	2	4.944	45.03600000000001
354	3	2	4.877049180327865	84.87704918032787
354	4	2	4.877049180327865	125.1229508196721
354	5	2	5.036000000000001	164.9400000000001
354	6	2	45.027999999999984	4.912000000000001
354	7	2	45.00000000000003	45.00000000000002
354	8	2	45.132	85.40399999999994
354	9	2	45.00000000000003	124.99999999999997
354	10	2	45.012	165.10399999999987
354	11	2	84.87704918032783	5.1229508196721305
354	12	2	85.01200000000003	45.040000000000006
354	13	2	84.952	84.93999999999998
354	14	2	85.01600000000005	125.156
354	15	2	85.52479338842977	165.68595041322322
354	16	2	124.69999999999996	5.000000000000002
354	17	2	124.89200000000002	45.06400000000003
354	18	2	125.03599999999999	84.83200000000001
354	19	2	125.13199999999999	124.59600000000003
354	20	2	125.25714285714291	165.51428571428562
354	21	2	165.03599999999994	5.088
354	22	2	164.97999999999996	45.10399999999999
354	23	2	164.87999999999994	85.09200000000003
354	24	2	164.99999999999994	124.99999999999997
354	25	2	164.90400000000002	164.86799999999994
354	26	1	23.74650698602795	123.13972055888217
354	27	1	63.10379241516966	177.81636726546898
354	28	1	112.02794411177638	144.83632734530934
354	29	1	29.405189620758495	105.15568862275448
354	30	1	23.674650698602804	75.68063872255487
354	31	1	47.22999999999998	66.29400000000011
354	32	1	157.53493013972064	63.61077844311378
354	33	1	79.37325349301396	160.70259481037905
354	34	1	93.77800000000012	177.22600000000017
354	35	1	185.46307385229542	180.62275449101782
354	36	1	143.85600000000014	133.10399999999984
354	37	1	66.72255489021954	98.46107784431139
354	38	1	147.45109780439137	194.2634730538921
354	39	1	145.82035928143716	162.18363273453093
354	40	1	159.93999999999988	148.51000000000022
354	41	1	111.16766467065864	161.45309381237516
354	42	1	81.17365269461077	23.868263473053883
354	43	1	57.60800000000001	84.928
354	44	1	6.659999999999992	97.202
354	45	1	113.67800000000005	132.7079999999999
355	1	2	4.959999999999995	4.979999999999998
355	2	2	4.944	45.03600000000001
355	3	2	4.877049180327865	84.87704918032787
355	4	2	4.877049180327865	125.1229508196721
355	5	2	5.036000000000001	164.9400000000001
355	6	2	45.027999999999984	4.912000000000001
355	7	2	45.00000000000003	45.00000000000002
355	8	2	45.132	85.40399999999994
355	9	2	45.00000000000003	124.99999999999997
355	10	2	45.012	165.10399999999987
355	11	2	84.87704918032783	5.1229508196721305
355	12	2	85.01200000000003	45.040000000000006
355	13	2	84.952	84.93999999999998
355	14	2	85.01600000000005	125.156
355	15	2	85.52479338842977	165.68595041322322
355	16	2	124.69999999999996	5.000000000000002
355	17	2	124.89200000000002	45.06400000000003
355	18	2	125.03599999999999	84.83200000000001
355	19	2	125.13199999999999	124.59600000000003
355	20	2	125.25714285714291	165.51428571428562
355	21	2	165.03599999999994	5.088
355	22	2	164.97999999999996	45.10399999999999
355	23	2	164.87999999999994	85.09200000000003
355	24	2	164.99999999999994	124.99999999999997
355	25	2	164.90400000000002	164.86799999999994
355	26	1	23.58565737051792	123.24900398406376
355	27	1	63.02390438247011	177.76693227091639
355	28	1	112.0677290836653	144.83266932270908
355	29	1	29.41117764471059	105.13173652694604
355	30	1	23.612	75.73400000000005
355	31	1	47.20600000000001	66.28800000000001
355	32	1	157.6027944111773	63.812375249500995
355	33	1	79.392	160.64999999999992
355	34	1	93.73199999999997	177.1959999999999
355	35	1	185.49500998003992	180.67664670658678
355	36	1	143.91600000000022	133.03399999999982
355	37	1	66.71513944223106	98.56175298804786
355	38	1	147.3872255489023	194.0798403193615
355	39	1	145.8522954091816	162.1776447105788
355	40	1	160.0079999999999	148.41600000000003
355	41	1	111.19760479041919	161.48303393213567
355	42	1	81.16334661354583	23.852589641434268
355	43	1	57.61277445109782	84.88622754491011
355	44	1	6.86372745490982	97.24649298597195
355	45	1	113.79840319361274	132.74451097804373
356	1	2	4.959999999999995	4.979999999999998
356	2	2	4.944	45.03600000000001
356	3	2	4.877049180327865	84.87704918032787
356	4	2	4.877049180327865	125.1229508196721
356	5	2	5.036000000000001	164.9400000000001
356	6	2	45.027999999999984	4.912000000000001
356	7	2	45.00000000000003	45.00000000000002
356	8	2	45.132	85.40399999999994
356	9	2	45.00000000000003	124.99999999999997
356	10	2	45.012	165.10399999999987
356	11	2	84.87704918032783	5.1229508196721305
356	12	2	85.01200000000003	45.040000000000006
356	13	2	84.952	84.93999999999998
356	14	2	85.01600000000005	125.156
356	15	2	85.52479338842977	165.68595041322322
356	16	2	124.69999999999996	5.000000000000002
356	17	2	124.89200000000002	45.06400000000003
356	18	2	125.03599999999999	84.83200000000001
356	19	2	125.13199999999999	124.59600000000003
356	20	2	125.25714285714291	165.51428571428562
356	21	2	165.03599999999994	5.088
356	22	2	164.97999999999996	45.10399999999999
356	23	2	164.87999999999994	85.09200000000003
356	24	2	164.99999999999994	124.99999999999997
356	25	2	164.90400000000002	164.86799999999994
356	26	1	23.53093812375249	123.30538922155684
356	27	1	63.001999999999995	177.7660000000001
356	28	1	112.1077844311377	144.8483033932134
356	29	1	29.42714570858284	105.12574850299403
356	30	1	23.251999999999995	75.82399999999988
356	31	1	47.153386454183305	66.26693227091634
356	32	1	157.51593625498018	63.81872509960157
356	33	1	79.3493013972056	160.63672654690635
356	34	1	93.67864271457084	177.1656686626746
356	35	1	185.60358565737053	180.7589641434264
356	36	1	144.0339321357284	132.97405189620753
356	37	1	66.60678642714566	98.7085828343313
356	38	1	147.32669322709154	193.93227091633472
356	39	1	145.7864271457085	162.02994011976034
356	40	1	160.09580838323362	148.41117764471076
356	41	1	111.24800000000003	161.51800000000006
356	42	1	81.05588822355286	23.83033932135727
356	43	1	57.59281437125744	84.85828343313385
356	44	1	6.896207584830336	97.26347305389221
356	45	1	113.98007968127479	132.78884462151396
357	1	2	4.959999999999995	4.979999999999998
357	2	2	4.944	45.03600000000001
357	3	2	4.877049180327865	84.87704918032787
357	4	2	4.877049180327865	125.1229508196721
357	5	2	5.036000000000001	164.9400000000001
357	6	2	45.027999999999984	4.912000000000001
357	7	2	45.00000000000003	45.00000000000002
357	8	2	45.132	85.40399999999994
357	9	2	45.00000000000003	124.99999999999997
357	10	2	45.012	165.10399999999987
357	11	2	84.87704918032783	5.1229508196721305
357	12	2	85.01200000000003	45.040000000000006
357	13	2	84.952	84.93999999999998
357	14	2	85.01600000000005	125.156
357	15	2	85.52479338842977	165.68595041322322
357	16	2	124.69999999999996	5.000000000000002
357	17	2	124.89200000000002	45.06400000000003
357	18	2	125.03599999999999	84.83200000000001
357	19	2	125.13199999999999	124.59600000000003
357	20	2	125.25714285714291	165.51428571428562
357	21	2	165.03599999999994	5.088
357	22	2	164.97999999999996	45.10399999999999
357	23	2	164.87999999999994	85.09200000000003
357	24	2	164.99999999999994	124.99999999999997
357	25	2	164.90400000000002	164.86799999999994
357	26	1	23.610778443113766	123.37125748502999
357	27	1	62.96606786427145	177.82235528942124
357	28	1	112.12175648702589	144.87824351297388
357	29	1	29.40718562874254	105.07385229540918
357	30	1	22.90799999999999	75.91400000000003
357	31	1	46.94610778443115	66.40518962075845
357	32	1	157.65069860279448	63.86626746506985
357	33	1	79.21357285429146	160.7005988023953
357	34	1	93.70119521912348	177.1533864541832
357	35	1	185.65269461077844	180.87824351297414
357	36	1	144.02794411177646	132.98802395209586
357	37	1	66.534	98.75800000000002
357	38	1	147.39399999999992	193.83800000000005
357	39	1	145.77200000000005	161.9399999999998
357	40	1	160.10420841683364	148.42885771543104
357	41	1	111.26294820717135	161.57968127490054
357	42	1	81.16367265469073	23.93612774451098
357	43	1	57.55089820359277	84.84830339321357
357	44	1	6.984000000000006	97.33799999999995
357	45	1	113.96806387225543	132.7864271457086
358	1	2	4.959999999999995	4.979999999999998
358	2	2	4.944	45.03600000000001
358	3	2	4.877049180327865	84.87704918032787
358	4	2	4.877049180327865	125.1229508196721
358	5	2	5.036000000000001	164.9400000000001
358	6	2	45.027999999999984	4.912000000000001
358	7	2	45.00000000000003	45.00000000000002
358	8	2	45.132	85.40399999999994
358	9	2	45.00000000000003	124.99999999999997
358	10	2	45.012	165.10399999999987
358	11	2	84.87704918032783	5.1229508196721305
358	12	2	85.01200000000003	45.040000000000006
358	13	2	84.952	84.93999999999998
358	14	2	85.01600000000005	125.156
358	15	2	85.52479338842977	165.68595041322322
358	16	2	124.69999999999996	5.000000000000002
358	17	2	124.89200000000002	45.06400000000003
358	18	2	125.03599999999999	84.83200000000001
358	19	2	125.13199999999999	124.59600000000003
358	20	2	125.25714285714291	165.51428571428562
358	21	2	165.03599999999994	5.088
358	22	2	164.97999999999996	45.10399999999999
358	23	2	164.87999999999994	85.09200000000003
358	24	2	164.99999999999994	124.99999999999997
358	25	2	164.90400000000002	164.86799999999994
358	26	1	23.552894211576845	123.44111776447113
358	27	1	63.0578842315369	177.86027944111768
358	28	1	112.2007952286282	144.89662027833012
358	29	1	29.40718562874254	105.11576846307386
358	30	1	22.738522954091813	76.03992015968059
358	31	1	46.90239043824704	66.41235059760952
358	32	1	157.65469061876257	64.06387225548903
358	33	1	79.22000000000001	160.64600000000002
358	34	1	93.69920318725104	177.09362549800795
358	35	1	185.79681274900398	180.98605577689239
358	36	1	144.15568862275444	132.7385229540919
358	37	1	66.47105788423148	98.94011976047905
358	38	1	147.31872509960158	193.77091633466122
358	39	1	145.76800000000003	161.80400000000003
358	40	1	160.15768463073852	148.4151696606788
358	41	1	111.30000000000005	161.57399999999996
358	42	1	81.09181636726551	23.930139720558874
358	43	1	57.53784860557772	84.8266932270917
358	44	1	7.079999999999999	97.336
358	45	1	114.185628742515	132.83832335329345
359	1	2	4.959999999999995	4.979999999999998
359	2	2	4.944	45.03600000000001
359	3	2	4.877049180327865	84.87704918032787
359	4	2	4.877049180327865	125.1229508196721
359	5	2	5.036000000000001	164.9400000000001
359	6	2	45.027999999999984	4.912000000000001
359	7	2	45.00000000000003	45.00000000000002
359	8	2	45.132	85.40399999999994
359	9	2	45.00000000000003	124.99999999999997
359	10	2	45.012	165.10399999999987
359	11	2	84.87704918032783	5.1229508196721305
359	12	2	85.01200000000003	45.040000000000006
359	13	2	84.952	84.93999999999998
359	14	2	85.01600000000005	125.156
359	15	2	85.52479338842977	165.68595041322322
359	16	2	124.69999999999996	5.000000000000002
359	17	2	124.89200000000002	45.06400000000003
359	18	2	125.03599999999999	84.83200000000001
359	19	2	125.13199999999999	124.59600000000003
359	20	2	125.25714285714291	165.51428571428562
359	21	2	165.03599999999994	5.088
359	22	2	164.97999999999996	45.10399999999999
359	23	2	164.87999999999994	85.09200000000003
359	24	2	164.99999999999994	124.99999999999997
359	25	2	164.90400000000002	164.86799999999994
359	26	1	23.532934131736535	123.45309381237519
359	27	1	63.07400000000003	177.9280000000001
359	28	1	112.29200000000002	144.89799999999994
359	29	1	29.423153692614772	105.08982035928142
359	30	1	22.477045908183634	76.14371257485034
359	31	1	46.71457085828343	66.45708582834315
359	32	1	157.61477045908177	64.2055888223553
359	33	1	79.23046092184364	160.65330661322645
359	34	1	93.77245508982044	176.91616766467047
359	35	1	185.72400000000002	181.0779999999999
359	36	1	144.10978043912164	132.59281437125767
359	37	1	66.4131736526946	99.15768463073852
359	38	1	147.24351297405184	193.70459081836327
359	39	1	145.80799999999996	161.76799999999994
359	40	1	160.18326693227104	148.2529880478089
359	41	1	111.3339999999999	161.6139999999999
359	42	1	80.90219560878243	23.856287425149702
359	43	1	57.540000000000035	84.76600000000005
359	44	1	7.26653306613226	97.44889779559125
359	45	1	114.2051792828685	132.87848605577673
360	1	2	4.959999999999995	4.979999999999998
360	2	2	4.944	45.03600000000001
360	3	2	4.877049180327865	84.87704918032787
360	4	2	4.877049180327865	125.1229508196721
360	5	2	5.036000000000001	164.9400000000001
360	6	2	45.027999999999984	4.912000000000001
360	7	2	45.00000000000003	45.00000000000002
360	8	2	45.132	85.40399999999994
360	9	2	45.00000000000003	124.99999999999997
360	10	2	45.012	165.10399999999987
360	11	2	84.87704918032783	5.1229508196721305
360	12	2	85.01200000000003	45.040000000000006
360	13	2	84.952	84.93999999999998
360	14	2	85.01600000000005	125.156
360	15	2	85.52479338842977	165.68595041322322
360	16	2	124.69999999999996	5.000000000000002
360	17	2	124.89200000000002	45.06400000000003
360	18	2	125.03599999999999	84.83200000000001
360	19	2	125.13199999999999	124.59600000000003
360	20	2	125.25714285714291	165.51428571428562
360	21	2	165.03599999999994	5.088
360	22	2	164.97999999999996	45.10399999999999
360	23	2	164.87999999999994	85.09200000000003
360	24	2	164.99999999999994	124.99999999999997
360	25	2	164.90400000000002	164.86799999999994
360	26	1	23.45508982035929	123.44311377245505
360	27	1	63.16167664670657	177.9860279441117
360	28	1	112.31536926147699	144.89221556886218
360	29	1	29.38522954091817	105.04590818363275
360	30	1	22.193227091633467	76.26095617529886
360	31	1	46.402390438247046	66.55577689243033
360	32	1	157.62399999999994	64.28000000000002
360	33	1	79.20599999999999	160.59400000000014
360	34	1	93.77245508982044	176.91616766467047
360	35	1	185.75400000000002	181.216
360	36	1	144.16135458167332	132.61553784860573
360	37	1	66.32934131736523	99.52295409181643
360	38	1	147.1736526946107	193.6407185628742
360	39	1	145.7879999999998	161.71999999999989
360	40	1	160.20800000000006	148.18800000000007
360	41	1	111.33466135458166	161.62749003984078
360	42	1	80.78999999999999	23.805999999999987
360	43	1	57.58764940239043	84.70517928286861
360	44	1	7.278000000000003	97.432
360	45	1	114.19399999999996	132.8739999999999
361	1	2	4.959999999999995	4.979999999999998
361	2	2	4.944	45.03600000000001
361	3	2	4.877049180327865	84.87704918032787
361	4	2	4.877049180327865	125.1229508196721
361	5	2	5.036000000000001	164.9400000000001
361	6	2	45.027999999999984	4.912000000000001
361	7	2	45.00000000000003	45.00000000000002
361	8	2	45.132	85.40399999999994
361	9	2	45.00000000000003	124.99999999999997
361	10	2	45.012	165.10399999999987
361	11	2	84.87704918032783	5.1229508196721305
361	12	2	85.01200000000003	45.040000000000006
361	13	2	84.952	84.93999999999998
361	14	2	85.01600000000005	125.156
361	15	2	85.52479338842977	165.68595041322322
361	16	2	124.69999999999996	5.000000000000002
361	17	2	124.89200000000002	45.06400000000003
361	18	2	125.03599999999999	84.83200000000001
361	19	2	125.13199999999999	124.59600000000003
361	20	2	125.25714285714291	165.51428571428562
361	21	2	165.03599999999994	5.088
361	22	2	164.97999999999996	45.10399999999999
361	23	2	164.87999999999994	85.09200000000003
361	24	2	164.99999999999994	124.99999999999997
361	25	2	164.90400000000002	164.86799999999994
361	26	1	23.432865731462925	123.45490981963925
361	27	1	63.275449101796355	178.1017964071856
361	28	1	112.24200000000005	144.88400000000013
361	29	1	29.351297405189623	104.96606786427154
361	30	1	22.083832335329333	76.30339321357286
361	31	1	46.31000000000001	66.58199999999992
361	32	1	157.6946107784431	64.4091816367265
361	33	1	79.19999999999999	160.58599999999998
361	34	1	93.76646706586826	176.816367265469
361	35	1	185.72654690618762	181.37325349301398
361	36	1	144.12974051896217	132.5748502994012
361	37	1	66.2834331337325	99.64471057884228
361	38	1	147.15369261477062	193.44111776447104
361	39	1	145.80439121756496	161.68063872255482
361	40	1	160.24999999999997	148.07000000000002
361	41	1	111.38999999999989	161.6340000000001
361	42	1	80.6155378486056	23.72908366533866
361	43	1	57.54382470119525	84.76494023904384
361	44	1	7.308617234468937	97.46292585170342
361	45	1	114.29940119760482	132.90818363273448
362	1	2	4.959999999999995	4.979999999999998
362	2	2	4.944	45.03600000000001
362	3	2	4.877049180327865	84.87704918032787
362	4	2	4.877049180327865	125.1229508196721
362	5	2	5.036000000000001	164.9400000000001
362	6	2	45.027999999999984	4.912000000000001
362	7	2	45.00000000000003	45.00000000000002
362	8	2	45.132	85.40399999999994
362	9	2	45.00000000000003	124.99999999999997
362	10	2	45.012	165.10399999999987
362	11	2	84.87704918032783	5.1229508196721305
362	12	2	85.01200000000003	45.040000000000006
362	13	2	84.952	84.93999999999998
362	14	2	85.01600000000005	125.156
362	15	2	85.52479338842977	165.68595041322322
362	16	2	124.69999999999996	5.000000000000002
362	17	2	124.89200000000002	45.06400000000003
362	18	2	125.03599999999999	84.83200000000001
362	19	2	125.13199999999999	124.59600000000003
362	20	2	125.25714285714291	165.51428571428562
362	21	2	165.03599999999994	5.088
362	22	2	164.97999999999996	45.10399999999999
362	23	2	164.87999999999994	85.09200000000003
362	24	2	164.99999999999994	124.99999999999997
362	25	2	164.90400000000002	164.86799999999994
362	26	1	23.33932135728543	123.52295409181633
362	27	1	63.376	178.17800000000005
362	28	1	112.24649298597188	144.89378757515024
362	29	1	29.326000000000022	104.96000000000006
362	30	1	21.838323353293415	76.33532934131736
362	31	1	46.25748502994012	66.54690618762487
362	32	1	157.82868525896433	64.3745019920319
362	33	1	79.11576846307383	160.55688622754496
362	34	1	93.77200000000006	176.70800000000003
362	35	1	185.5617529880478	181.40836653386484
362	36	1	144.11976047904187	132.49500998003992
362	37	1	66.31137724550895	99.73253493013978
362	38	1	147.1477045908184	193.3792415169662
362	39	1	145.7624750499001	161.55089820359294
362	40	1	160.25548902195592	148.06387225548903
362	41	1	111.44999999999989	161.70399999999995
362	42	1	80.52894211576834	23.712574850299397
362	43	1	57.518962075848336	84.79441117764473
362	44	1	7.363273453093816	97.47105788423146
362	45	1	114.22355289421156	132.92415169660683
363	1	2	4.959999999999995	4.979999999999998
363	2	2	4.944	45.03600000000001
363	3	2	4.877049180327865	84.87704918032787
363	4	2	4.877049180327865	125.1229508196721
363	5	2	5.036000000000001	164.9400000000001
363	6	2	45.027999999999984	4.912000000000001
363	7	2	45.00000000000003	45.00000000000002
363	8	2	45.132	85.40399999999994
363	9	2	45.00000000000003	124.99999999999997
363	10	2	45.012	165.10399999999987
363	11	2	84.87704918032783	5.1229508196721305
363	12	2	85.01200000000003	45.040000000000006
363	13	2	84.952	84.93999999999998
363	14	2	85.01600000000005	125.156
363	15	2	85.52479338842977	165.68595041322322
363	16	2	124.69999999999996	5.000000000000002
363	17	2	124.89200000000002	45.06400000000003
363	18	2	125.03599999999999	84.83200000000001
363	19	2	125.13199999999999	124.59600000000003
363	20	2	125.25714285714291	165.51428571428562
363	21	2	165.03599999999994	5.088
363	22	2	164.97999999999996	45.10399999999999
363	23	2	164.87999999999994	85.09200000000003
363	24	2	164.99999999999994	124.99999999999997
363	25	2	164.90400000000002	164.86799999999994
363	26	1	23.30139720558882	123.56686626746497
363	27	1	63.33133732534932	178.2095808383234
363	28	1	112.21556886227548	144.87824351297414
363	29	1	29.29540918163674	104.84231536926153
363	30	1	21.695219123505993	76.35059760956167
363	31	1	46.16733067729081	66.45019920318721
363	32	1	157.808764940239	64.4163346613546
363	33	1	79.15631262525042	160.52505010020045
363	34	1	93.75399999999993	176.66799999999998
363	35	1	185.5349301397206	181.46506986027936
363	36	1	144.20200000000003	132.43
363	37	1	66.27490039840637	99.91832669322704
363	38	1	147.21800000000002	193.21000000000018
363	39	1	145.77045908183646	161.43113772455112
363	40	1	160.2375249500999	148.01197604790426
363	41	1	111.5069860279441	161.8443113772455
363	42	1	80.58483033932141	23.764471057884233
363	43	1	57.522954091816366	84.58283433133735
363	44	1	7.487025948103797	97.49700598802397
363	45	1	114.314	132.91799999999984
364	1	2	4.959999999999995	4.979999999999998
364	2	2	4.944	45.03600000000001
364	3	2	4.877049180327865	84.87704918032787
364	4	2	4.877049180327865	125.1229508196721
364	5	2	5.036000000000001	164.9400000000001
364	6	2	45.027999999999984	4.912000000000001
364	7	2	45.00000000000003	45.00000000000002
364	8	2	45.132	85.40399999999994
364	9	2	45.00000000000003	124.99999999999997
364	10	2	45.012	165.10399999999987
364	11	2	84.87704918032783	5.1229508196721305
364	12	2	85.01200000000003	45.040000000000006
364	13	2	84.952	84.93999999999998
364	14	2	85.01600000000005	125.156
364	15	2	85.52479338842977	165.68595041322322
364	16	2	124.69999999999996	5.000000000000002
364	17	2	124.89200000000002	45.06400000000003
364	18	2	125.03599999999999	84.83200000000001
364	19	2	125.13199999999999	124.59600000000003
364	20	2	125.25714285714291	165.51428571428562
364	21	2	165.03599999999994	5.088
364	22	2	164.97999999999996	45.10399999999999
364	23	2	164.87999999999994	85.09200000000003
364	24	2	164.99999999999994	124.99999999999997
364	25	2	164.90400000000002	164.86799999999994
364	26	1	23.231536926147687	123.59880239520973
364	27	1	63.361277445109785	178.19760479041918
364	28	1	112.27689243027889	144.89243027888452
364	29	1	29.26147704590816	104.81037924151696
364	30	1	21.536926147704587	76.49500998003992
364	31	1	46.015968063872286	66.4491017964072
364	32	1	157.84630738522955	64.54890219560878
364	33	1	79.25450901803613	160.4488977955911
364	34	1	93.78000000000006	176.61800000000005
364	35	1	185.56886227544913	181.55688622754482
364	36	1	144.26746506986024	132.30738522954096
364	37	1	66.25948103792415	100.06786427145711
364	38	1	147.11600000000013	193.2100000000001
364	39	1	145.76247504990033	161.33333333333331
364	40	1	160.23799999999994	148.04000000000005
364	41	1	111.56799999999996	161.88399999999996
364	42	1	80.66666666666671	23.72654690618765
364	43	1	57.52495009980042	84.499001996008
364	44	1	7.568	97.58400000000005
364	45	1	114.29659318637266	132.92585170340675
365	1	2	4.959999999999995	4.979999999999998
365	2	2	4.944	45.03600000000001
365	3	2	4.877049180327865	84.87704918032787
365	4	2	4.877049180327865	125.1229508196721
365	5	2	5.036000000000001	164.9400000000001
365	6	2	45.027999999999984	4.912000000000001
365	7	2	45.00000000000003	45.00000000000002
365	8	2	45.132	85.40399999999994
365	9	2	45.00000000000003	124.99999999999997
365	10	2	45.012	165.10399999999987
365	11	2	84.87704918032783	5.1229508196721305
365	12	2	85.01200000000003	45.040000000000006
365	13	2	84.952	84.93999999999998
365	14	2	85.01600000000005	125.156
365	15	2	85.52479338842977	165.68595041322322
365	16	2	124.69999999999996	5.000000000000002
365	17	2	124.89200000000002	45.06400000000003
365	18	2	125.03599999999999	84.83200000000001
365	19	2	125.13199999999999	124.59600000000003
365	20	2	125.25714285714291	165.51428571428562
365	21	2	165.03599999999994	5.088
365	22	2	164.97999999999996	45.10399999999999
365	23	2	164.87999999999994	85.09200000000003
365	24	2	164.99999999999994	124.99999999999997
365	25	2	164.90400000000002	164.86799999999994
365	26	1	23.207584830339336	123.59281437125752
365	27	1	63.390438247012014	178.2290836653386
365	28	1	112.32934131736523	144.89620758483025
365	29	1	29.233999999999977	104.78200000000001
365	30	1	21.390438247011957	76.66733067729083
365	31	1	45.91017964071858	66.51497005988028
365	32	1	157.8742514970061	64.65269461077848
365	33	1	79.29540918163673	160.4111776447106
365	34	1	93.758483033932	176.60279441117765
365	35	1	185.5189620758483	181.69461077844315
365	36	1	144.316	132.24200000000002
365	37	1	66.22554890219567	100.07984031936115
365	38	1	147.11599999999993	193.08400000000012
365	39	1	145.75648702594822	161.23952095808383
365	40	1	160.21756487025928	147.96806387225539
365	41	1	111.64670658682634	161.9999999999999
365	42	1	80.55089820359285	23.69261477045908
365	43	1	57.48902195608783	84.42514970059881
365	44	1	7.631999999999993	97.59800000000003
365	45	1	114.37524950099808	132.9001996007986
366	1	2	4.959999999999995	4.979999999999998
366	2	2	4.944	45.03600000000001
366	3	2	4.877049180327865	84.87704918032787
366	4	2	4.877049180327865	125.1229508196721
366	5	2	5.036000000000001	164.9400000000001
366	6	2	45.027999999999984	4.912000000000001
366	7	2	45.00000000000003	45.00000000000002
366	8	2	45.132	85.40399999999994
366	9	2	45.00000000000003	124.99999999999997
366	10	2	45.012	165.10399999999987
366	11	2	84.87704918032783	5.1229508196721305
366	12	2	85.01200000000003	45.040000000000006
366	13	2	84.952	84.93999999999998
366	14	2	85.01600000000005	125.156
366	15	2	85.52479338842977	165.68595041322322
366	16	2	124.69999999999996	5.000000000000002
366	17	2	124.89200000000002	45.06400000000003
366	18	2	125.03599999999999	84.83200000000001
366	19	2	125.13199999999999	124.59600000000003
366	20	2	125.25714285714291	165.51428571428562
366	21	2	165.03599999999994	5.088
366	22	2	164.97999999999996	45.10399999999999
366	23	2	164.87999999999994	85.09200000000003
366	24	2	164.99999999999994	124.99999999999997
366	25	2	164.90400000000002	164.86799999999994
366	26	1	23.135728542914173	123.64071856287414
366	27	1	63.45200000000002	178.29399999999998
366	28	1	112.3233532934131	144.89820359281447
366	29	1	29.28143712574849	104.77445109780452
366	30	1	21.31872509960163	76.81872509960162
366	31	1	45.86653386454177	66.50398406374494
366	32	1	157.87250996015928	64.60557768924305
366	33	1	79.29799999999999	160.42599999999987
366	34	1	93.85400000000001	176.41999999999993
366	35	1	185.496015936255	181.78087649402406
366	36	1	144.35458167330663	132.2151394422311
366	37	1	66.19800000000006	100.20000000000005
366	38	1	147.17564870259486	193.0499001996007
366	39	1	145.76247504990022	161.17165668662668
366	40	1	160.32199999999986	147.942
366	41	1	111.69400000000007	162.02999999999997
366	42	1	80.46	23.638000000000016
366	43	1	57.486000000000004	84.35000000000002
366	44	1	7.821999999999997	97.63400000000001
366	45	1	114.43712574850301	132.9221556886228
367	1	2	4.959999999999995	4.979999999999998
367	2	2	4.944	45.03600000000001
367	3	2	4.877049180327865	84.87704918032787
367	4	2	4.877049180327865	125.1229508196721
367	5	2	5.036000000000001	164.9400000000001
367	6	2	45.027999999999984	4.912000000000001
367	7	2	45.00000000000003	45.00000000000002
367	8	2	45.132	85.40399999999994
367	9	2	45.00000000000003	124.99999999999997
367	10	2	45.012	165.10399999999987
367	11	2	84.87704918032783	5.1229508196721305
367	12	2	85.01200000000003	45.040000000000006
367	13	2	84.952	84.93999999999998
367	14	2	85.01600000000005	125.156
367	15	2	85.52479338842977	165.68595041322322
367	16	2	124.69999999999996	5.000000000000002
367	17	2	124.89200000000002	45.06400000000003
367	18	2	125.03599999999999	84.83200000000001
367	19	2	125.13199999999999	124.59600000000003
367	20	2	125.25714285714291	165.51428571428562
367	21	2	165.03599999999994	5.088
367	22	2	164.97999999999996	45.10399999999999
367	23	2	164.87999999999994	85.09200000000003
367	24	2	164.99999999999994	124.99999999999997
367	25	2	164.90400000000002	164.86799999999994
367	26	1	23.12774451097802	123.63872255489025
367	27	1	63.620000000000005	178.3439999999997
367	28	1	112.38123752495011	144.88223552894223
367	29	1	29.277445109780455	104.72654690618774
367	30	1	21.085828343313352	76.94810379241508
367	31	1	45.764940239043824	66.54980079681272
367	32	1	157.8568588469185	64.7455268389661
367	33	1	79.2994011976048	160.37325349301406
367	34	1	93.91199999999995	176.32599999999994
367	35	1	185.59880239520962	181.84830339321348
367	36	1	144.3665338645418	132.0717131474104
367	37	1	66.14799999999994	100.26799999999994
367	38	1	147.1736526946107	192.98602794411198
367	39	1	145.79999999999998	161.1379999999998
367	40	1	160.37000000000012	147.87799999999987
367	41	1	111.74451097804386	162.08183632734531
367	42	1	80.47011952191237	23.675298804780876
367	43	1	57.55289421157684	84.2634730538923
367	44	1	8.045908183632735	97.872255489022
367	45	1	114.4810379241517	132.9481037924152
368	1	2	4.959999999999995	4.979999999999998
368	2	2	4.944	45.03600000000001
368	3	2	4.877049180327865	84.87704918032787
368	4	2	4.877049180327865	125.1229508196721
368	5	2	5.036000000000001	164.9400000000001
368	6	2	45.027999999999984	4.912000000000001
368	7	2	45.00000000000003	45.00000000000002
368	8	2	45.132	85.40399999999994
368	9	2	45.00000000000003	124.99999999999997
368	10	2	45.012	165.10399999999987
368	11	2	84.87704918032783	5.1229508196721305
368	12	2	85.01200000000003	45.040000000000006
368	13	2	84.952	84.93999999999998
368	14	2	85.01600000000005	125.156
368	15	2	85.52479338842977	165.68595041322322
368	16	2	124.69999999999996	5.000000000000002
368	17	2	124.89200000000002	45.06400000000003
368	18	2	125.03599999999999	84.83200000000001
368	19	2	125.13199999999999	124.59600000000003
368	20	2	125.25714285714291	165.51428571428562
368	21	2	165.03599999999994	5.088
368	22	2	164.97999999999996	45.10399999999999
368	23	2	164.87999999999994	85.09200000000003
368	24	2	164.99999999999994	124.99999999999997
368	25	2	164.90400000000002	164.86799999999994
368	26	1	23.132	123.61600000000001
368	27	1	63.66999999999998	178.53600000000012
368	28	1	112.35129740518964	144.84431137724533
368	29	1	29.27544910179641	104.7025948103793
368	30	1	20.950298210735614	76.98011928429422
368	31	1	45.622754491018	66.6167664670659
368	32	1	158.0239520958083	64.93013972055888
368	33	1	79.31000000000004	160.38200000000006
368	34	1	94.02199999999998	176.13799999999998
368	35	1	185.69461077844312	181.97205588822357
368	36	1	144.4151696606787	131.98003992015964
368	37	1	66.13972055888222	100.42514970059872
368	38	1	147.1037924151694	192.9500998003992
368	39	1	145.78842315369252	161.08183632734537
368	40	1	160.3804780876493	147.8565737051794
368	41	1	111.81799999999996	162.08599999999979
368	42	1	80.50698602794414	23.630738522954093
368	43	1	57.55999999999999	84.118
368	44	1	8.173652694610782	97.9161676646707
368	45	1	114.6379999999999	133.00200000000012
369	1	2	4.959999999999995	4.979999999999998
369	2	2	4.944	45.03600000000001
369	3	2	4.877049180327865	84.87704918032787
369	4	2	4.877049180327865	125.1229508196721
369	5	2	5.036000000000001	164.9400000000001
369	6	2	45.027999999999984	4.912000000000001
369	7	2	45.00000000000003	45.00000000000002
369	8	2	45.132	85.40399999999994
369	9	2	45.00000000000003	124.99999999999997
369	10	2	45.012	165.10399999999987
369	11	2	84.87704918032783	5.1229508196721305
369	12	2	85.01200000000003	45.040000000000006
369	13	2	84.952	84.93999999999998
369	14	2	85.01600000000005	125.156
369	15	2	85.52479338842977	165.68595041322322
369	16	2	124.69999999999996	5.000000000000002
369	17	2	124.89200000000002	45.06400000000003
369	18	2	125.03599999999999	84.83200000000001
369	19	2	125.13199999999999	124.59600000000003
369	20	2	125.25714285714291	165.51428571428562
369	21	2	165.03599999999994	5.088
369	22	2	164.97999999999996	45.10399999999999
369	23	2	164.87999999999994	85.09200000000003
369	24	2	164.99999999999994	124.99999999999997
369	25	2	164.90400000000002	164.86799999999994
369	26	1	23.15199999999999	123.58999999999992
369	27	1	63.74200000000001	178.60000000000002
369	28	1	112.35129740518964	144.84431137724533
369	29	1	29.281437125748504	104.65868263473055
369	30	1	20.914	77.03799999999998
369	31	1	45.51792828685261	66.61155378486062
369	32	1	158.04199999999994	64.95600000000006
369	33	1	79.33133732534941	160.35928143712567
369	34	1	94.10000000000002	176.00199999999998
369	35	1	185.714	182.00400000000008
369	36	1	144.51593625498026	131.95219123505967
369	37	1	66.14171656686626	100.72455089820359
369	38	1	147.15968063872273	192.86027944111777
369	39	1	145.80677290836655	161.01792828685242
369	40	1	160.49101796407194	147.80838323353285
369	41	1	111.896	162.19799999999984
369	42	1	80.59999999999995	23.694000000000003
369	43	1	57.54799999999997	84.07400000000005
369	44	1	8.277445109780437	97.92415169660674
369	45	1	114.75199999999998	133.05600000000004
370	1	2	4.959999999999995	4.979999999999998
370	2	2	4.944	45.03600000000001
370	3	2	4.877049180327865	84.87704918032787
370	4	2	4.877049180327865	125.1229508196721
370	5	2	5.036000000000001	164.9400000000001
370	6	2	45.027999999999984	4.912000000000001
370	7	2	45.00000000000003	45.00000000000002
370	8	2	45.132	85.40399999999994
370	9	2	45.00000000000003	124.99999999999997
370	10	2	45.012	165.10399999999987
370	11	2	84.87704918032783	5.1229508196721305
370	12	2	85.01200000000003	45.040000000000006
370	13	2	84.952	84.93999999999998
370	14	2	85.01600000000005	125.156
370	15	2	85.52479338842977	165.68595041322322
370	16	2	124.69999999999996	5.000000000000002
370	17	2	124.89200000000002	45.06400000000003
370	18	2	125.03599999999999	84.83200000000001
370	19	2	125.13199999999999	124.59600000000003
370	20	2	125.25714285714291	165.51428571428562
370	21	2	165.03599999999994	5.088
370	22	2	164.97999999999996	45.10399999999999
370	23	2	164.87999999999994	85.09200000000003
370	24	2	164.99999999999994	124.99999999999997
370	25	2	164.90400000000002	164.86799999999994
370	26	1	23.11576846307385	123.61077844311383
370	27	1	63.81836327345311	178.68662674650685
370	28	1	112.33466135458168	144.83864541832665
370	29	1	29.26000000000001	104.64999999999996
370	30	1	20.760479041916167	77.07385229540911
370	31	1	45.46015936254982	66.55378486055773
370	32	1	158.02395209580857	65.00000000000001
370	33	1	79.39520958083823	160.29141716566858
370	34	1	94.11377245508974	175.9481037924151
370	35	1	185.72055888223554	182.0558882235527
370	36	1	144.51792828685268	131.91434262948204
370	37	1	66.15968063872259	100.85429141716568
370	38	1	147.24799999999996	192.69199999999998
370	39	1	145.82834331337332	161.00598802395206
370	40	1	160.50898203592826	147.74251497005983
370	41	1	112.02794411177638	162.40119760479038
370	42	1	80.62075848303398	23.682634730538926
370	43	1	57.58283433133731	83.96007984031937
370	44	1	8.356000000000003	97.9679999999999
370	45	1	114.80638722554899	133.06387225548906
371	1	2	4.959999999999995	4.979999999999998
371	2	2	4.944	45.03600000000001
371	3	2	4.877049180327865	84.87704918032787
371	4	2	4.877049180327865	125.1229508196721
371	5	2	5.036000000000001	164.9400000000001
371	6	2	45.027999999999984	4.912000000000001
371	7	2	45.00000000000003	45.00000000000002
371	8	2	45.132	85.40399999999994
371	9	2	45.00000000000003	124.99999999999997
371	10	2	45.012	165.10399999999987
371	11	2	84.87704918032783	5.1229508196721305
371	12	2	85.01200000000003	45.040000000000006
371	13	2	84.952	84.93999999999998
371	14	2	85.01600000000005	125.156
371	15	2	85.52479338842977	165.68595041322322
371	16	2	124.69999999999996	5.000000000000002
371	17	2	124.89200000000002	45.06400000000003
371	18	2	125.03599999999999	84.83200000000001
371	19	2	125.13199999999999	124.59600000000003
371	20	2	125.25714285714291	165.51428571428562
371	21	2	165.03599999999994	5.088
371	22	2	164.97999999999996	45.10399999999999
371	23	2	164.87999999999994	85.09200000000003
371	24	2	164.99999999999994	124.99999999999997
371	25	2	164.90400000000002	164.86799999999994
371	26	1	23.063745019920322	123.69322709163346
371	27	1	63.88023952095808	178.80638722554897
371	28	1	112.26000000000006	144.79399999999993
371	29	1	29.333333333333336	104.622754491018
371	30	1	20.563999999999982	77.04200000000002
371	31	1	45.34600000000007	66.556
371	32	1	157.95409181636714	65.12774451097802
371	33	1	79.45109780439122	160.23153692614784
371	34	1	94.12999999999998	175.83600000000004
371	35	1	185.64870259481037	182.0938123752494
371	36	1	144.54399999999993	131.88999999999996
371	37	1	66.13972055888213	100.91816367265471
371	38	1	147.2734530938125	192.61077844311356
371	39	1	145.77844311377254	160.87425149700604
371	40	1	160.4990019960081	147.6706586826347
371	41	1	112.1039999999999	162.48799999999997
371	42	1	80.59880239520957	23.620758483033956
371	43	1	57.580838323353284	83.87824351297402
371	44	1	8.444000000000003	98.09400000000005
371	45	1	114.87025948103786	133.07984031936113
372	1	2	4.959999999999995	4.979999999999998
372	2	2	4.944	45.03600000000001
372	3	2	4.877049180327865	84.87704918032787
372	4	2	4.877049180327865	125.1229508196721
372	5	2	5.036000000000001	164.9400000000001
372	6	2	45.027999999999984	4.912000000000001
372	7	2	45.00000000000003	45.00000000000002
372	8	2	45.132	85.40399999999994
372	9	2	45.00000000000003	124.99999999999997
372	10	2	45.012	165.10399999999987
372	11	2	84.87704918032783	5.1229508196721305
372	12	2	85.01200000000003	45.040000000000006
372	13	2	84.952	84.93999999999998
372	14	2	85.01600000000005	125.156
372	15	2	85.52479338842977	165.68595041322322
372	16	2	124.69999999999996	5.000000000000002
372	17	2	124.89200000000002	45.06400000000003
372	18	2	125.03599999999999	84.83200000000001
372	19	2	125.13199999999999	124.59600000000003
372	20	2	125.25714285714291	165.51428571428562
372	21	2	165.03599999999994	5.088
372	22	2	164.97999999999996	45.10399999999999
372	23	2	164.87999999999994	85.09200000000003
372	24	2	164.99999999999994	124.99999999999997
372	25	2	164.90400000000002	164.86799999999994
372	26	1	23.057884231536928	123.70658682634718
372	27	1	63.802395209580816	178.76247504990027
372	28	1	112.30339321357292	144.81437125748496
372	29	1	29.307385229540923	104.56686626746499
372	30	1	20.55489021956089	77.07784431137728
372	31	1	45.2175648702595	66.46906187624748
372	32	1	158.1097804391218	65.26546906187623
372	33	1	79.49199999999995	160.1739999999999
372	34	1	94.09780439121757	175.8223552894212
372	35	1	185.5836653386454	182.2330677290836
372	36	1	144.61676646706593	131.82634730538916
372	37	1	66.07385229540908	100.94411177644716
372	38	1	147.3040000000001	192.5699999999998
372	39	1	145.80439121756478	160.7724550898202
372	40	1	160.59481037924158	147.61277445109775
372	41	1	112.1039999999999	162.48799999999997
372	42	1	80.5708582834332	23.644710578842307
372	43	1	57.580838323353284	83.79640718562881
372	44	1	8.532000000000009	98.08400000000002
372	45	1	114.95608782435127	133.1017964071855
373	1	2	4.959999999999995	4.979999999999998
373	2	2	4.944	45.03600000000001
373	3	2	4.877049180327865	84.87704918032787
373	4	2	4.877049180327865	125.1229508196721
373	5	2	5.036000000000001	164.9400000000001
373	6	2	45.027999999999984	4.912000000000001
373	7	2	45.00000000000003	45.00000000000002
373	8	2	45.132	85.40399999999994
373	9	2	45.00000000000003	124.99999999999997
373	10	2	45.012	165.10399999999987
373	11	2	84.87704918032783	5.1229508196721305
373	12	2	85.01200000000003	45.040000000000006
373	13	2	84.952	84.93999999999998
373	14	2	85.01600000000005	125.156
373	15	2	85.52479338842977	165.68595041322322
373	16	2	124.69999999999996	5.000000000000002
373	17	2	124.89200000000002	45.06400000000003
373	18	2	125.03599999999999	84.83200000000001
373	19	2	125.13199999999999	124.59600000000003
373	20	2	125.25714285714291	165.51428571428562
373	21	2	165.03599999999994	5.088
373	22	2	164.97999999999996	45.10399999999999
373	23	2	164.87999999999994	85.09200000000003
373	24	2	164.99999999999994	124.99999999999997
373	25	2	164.90400000000002	164.86799999999994
373	26	1	23.09580838323355	123.74650698602797
373	27	1	63.79800000000002	178.83
373	28	1	112.3386773547094	144.79158316633263
373	29	1	29.192000000000004	104.53200000000004
373	30	1	20.488047808764936	77.06972111553785
373	31	1	45.0617529880478	66.44422310756974
373	32	1	158.14970059880233	65.24550898203587
373	33	1	79.46800000000003	160.14199999999997
373	34	1	94.09780439121751	175.68862275449095
373	35	1	185.56972111553787	182.34063745019935
373	36	1	144.584	131.726
373	37	1	66.0798403193613	100.94211576846298
373	38	1	147.4099999999998	192.37200000000004
373	39	1	145.77844311377243	160.6047904191618
373	40	1	160.67800000000005	147.61800000000005
373	41	1	112.11976047904184	162.48502994011986
373	42	1	80.62999999999998	23.66599999999999
373	43	1	57.562874251497	83.78642714570854
373	44	1	8.488047808764936	98.06374501992033
373	45	1	115.06400000000001	133.15599999999992
374	1	2	4.959999999999995	4.979999999999998
374	2	2	4.944	45.03600000000001
374	3	2	4.877049180327865	84.87704918032787
374	4	2	4.877049180327865	125.1229508196721
374	5	2	5.036000000000001	164.9400000000001
374	6	2	45.027999999999984	4.912000000000001
374	7	2	45.00000000000003	45.00000000000002
374	8	2	45.132	85.40399999999994
374	9	2	45.00000000000003	124.99999999999997
374	10	2	45.012	165.10399999999987
374	11	2	84.87704918032783	5.1229508196721305
374	12	2	85.01200000000003	45.040000000000006
374	13	2	84.952	84.93999999999998
374	14	2	85.01600000000005	125.156
374	15	2	85.52479338842977	165.68595041322322
374	16	2	124.69999999999996	5.000000000000002
374	17	2	124.89200000000002	45.06400000000003
374	18	2	125.03599999999999	84.83200000000001
374	19	2	125.13199999999999	124.59600000000003
374	20	2	125.25714285714291	165.51428571428562
374	21	2	165.03599999999994	5.088
374	22	2	164.97999999999996	45.10399999999999
374	23	2	164.87999999999994	85.09200000000003
374	24	2	164.99999999999994	124.99999999999997
374	25	2	164.90400000000002	164.86799999999994
374	26	1	23.025948103792427	123.8243512974052
374	27	1	63.84969939879762	178.98997995991976
374	28	1	112.29141716566865	144.78243512974043
374	29	1	29.171999999999983	104.57600000000002
374	30	1	20.52	77.23799999999993
374	31	1	44.9920159680639	66.39121756487023
374	32	1	158.072	65.242
374	33	1	79.44200000000001	160.11799999999988
374	34	1	94.03000000000002	175.62400000000008
374	35	1	185.67664670658684	182.33133732534944
374	36	1	144.614	131.70400000000004
374	37	1	66.07385229540915	100.9800399201597
374	38	1	147.46015936254963	192.24103585657346
374	39	1	145.78356713426848	160.54709418837675
374	40	1	160.66666666666669	147.57085828343324
374	41	1	112.16766467065874	162.57884231536931
374	42	1	80.55378486055783	23.63346613545817
374	43	1	57.52600000000003	83.82799999999995
374	44	1	8.49399999999999	98.11400000000005
374	45	1	115.06400000000001	133.15599999999992
375	1	2	4.959999999999995	4.979999999999998
375	2	2	4.944	45.03600000000001
375	3	2	4.877049180327865	84.87704918032787
375	4	2	4.877049180327865	125.1229508196721
375	5	2	5.036000000000001	164.9400000000001
375	6	2	45.027999999999984	4.912000000000001
375	7	2	45.00000000000003	45.00000000000002
375	8	2	45.132	85.40399999999994
375	9	2	45.00000000000003	124.99999999999997
375	10	2	45.012	165.10399999999987
375	11	2	84.87704918032783	5.1229508196721305
375	12	2	85.01200000000003	45.040000000000006
375	13	2	84.952	84.93999999999998
375	14	2	85.01600000000005	125.156
375	15	2	85.52479338842977	165.68595041322322
375	16	2	124.69999999999996	5.000000000000002
375	17	2	124.89200000000002	45.06400000000003
375	18	2	125.03599999999999	84.83200000000001
375	19	2	125.13199999999999	124.59600000000003
375	20	2	125.25714285714291	165.51428571428562
375	21	2	165.03599999999994	5.088
375	22	2	164.97999999999996	45.10399999999999
375	23	2	164.87999999999994	85.09200000000003
375	24	2	164.99999999999994	124.99999999999997
375	25	2	164.90400000000002	164.86799999999994
375	26	1	23.05788423153694	123.82035928143709
375	27	1	63.94799999999999	179.12400000000014
375	28	1	112.37125748502999	144.7744510978046
375	29	1	29.15768463073851	104.54091816367264
375	30	1	20.4191616766467	77.19960079840314
375	31	1	44.86626746506982	66.28542914171658
375	32	1	158.0179640718563	65.30938123752497
375	33	1	79.38600000000007	160.08000000000004
375	34	1	94.04780876494026	175.52788844621506
375	35	1	185.698	182.39000000000001
375	36	1	144.63600000000014	131.504
375	37	1	66.02794411177643	101.09181636726557
375	38	1	147.35329341317356	192.12574850299399
375	39	1	145.74200000000025	160.42200000000005
375	40	1	160.7259999999999	147.49400000000009
375	41	1	112.23199999999997	162.61000000000007
375	42	1	80.62475049900199	23.688622754490982
375	43	1	57.5309381237525	83.70059880239518
375	44	1	8.542914171656678	98.14970059880244
375	45	1	114.99999999999993	133.17165668662668
376	1	2	4.959999999999995	4.979999999999998
376	2	2	4.944	45.03600000000001
376	3	2	4.877049180327865	84.87704918032787
376	4	2	4.877049180327865	125.1229508196721
376	5	2	5.036000000000001	164.9400000000001
376	6	2	45.027999999999984	4.912000000000001
376	7	2	45.00000000000003	45.00000000000002
376	8	2	45.132	85.40399999999994
376	9	2	45.00000000000003	124.99999999999997
376	10	2	45.012	165.10399999999987
376	11	2	84.87704918032783	5.1229508196721305
376	12	2	85.01200000000003	45.040000000000006
376	13	2	84.952	84.93999999999998
376	14	2	85.01600000000005	125.156
376	15	2	85.52479338842977	165.68595041322322
376	16	2	124.69999999999996	5.000000000000002
376	17	2	124.89200000000002	45.06400000000003
376	18	2	125.03599999999999	84.83200000000001
376	19	2	125.13199999999999	124.59600000000003
376	20	2	125.25714285714291	165.51428571428562
376	21	2	165.03599999999994	5.088
376	22	2	164.97999999999996	45.10399999999999
376	23	2	164.87999999999994	85.09200000000003
376	24	2	164.99999999999994	124.99999999999997
376	25	2	164.90400000000002	164.86799999999994
376	26	1	22.98003992015968	123.93413173652694
376	27	1	64.01796407185624	179.26347305389214
376	28	1	112.32800000000005	144.7540000000002
376	29	1	29.10821643286574	104.51102204408811
376	30	1	20.385229540918154	77.20159680638716
376	31	1	44.669322709163346	66.31474103585666
376	32	1	157.9980079681275	65.28486055776885
376	33	1	79.34530938123747	160.0838323353294
376	34	1	94.10599999999998	175.39800000000022
376	35	1	185.76	182.45400000000006
376	36	1	144.67529880478094	131.50597609561754
376	37	1	66.03784860557766	101.0019920318726
376	38	1	147.34262948207163	191.96215139442222
376	39	1	145.72600000000017	160.37599999999998
376	40	1	160.8323353293416	147.38323353293427
376	41	1	112.30677290836647	162.78486055776898
376	42	1	80.68799999999999	23.684000000000005
376	43	1	57.51497005988028	83.58682634730543
376	44	1	8.660678642714569	98.29740518962076
376	45	1	114.99999999999993	133.17165668662668
377	1	2	4.959999999999995	4.979999999999998
377	2	2	4.944	45.03600000000001
377	3	2	4.877049180327865	84.87704918032787
377	4	2	4.877049180327865	125.1229508196721
377	5	2	5.036000000000001	164.9400000000001
377	6	2	45.027999999999984	4.912000000000001
377	7	2	45.00000000000003	45.00000000000002
377	8	2	45.132	85.40399999999994
377	9	2	45.00000000000003	124.99999999999997
377	10	2	45.012	165.10399999999987
377	11	2	84.87704918032783	5.1229508196721305
377	12	2	85.01200000000003	45.040000000000006
377	13	2	84.952	84.93999999999998
377	14	2	85.01600000000005	125.156
377	15	2	85.52479338842977	165.68595041322322
377	16	2	124.69999999999996	5.000000000000002
377	17	2	124.89200000000002	45.06400000000003
377	18	2	125.03599999999999	84.83200000000001
377	19	2	125.13199999999999	124.59600000000003
377	20	2	125.25714285714291	165.51428571428562
377	21	2	165.03599999999994	5.088
377	22	2	164.97999999999996	45.10399999999999
377	23	2	164.87999999999994	85.09200000000003
377	24	2	164.99999999999994	124.99999999999997
377	25	2	164.90400000000002	164.86799999999994
377	26	1	22.918000000000003	124.06400000000002
377	27	1	64.1197604790419	179.32534930139727
377	28	1	112.4621513944223	144.73505976095598
377	29	1	29.043912175648693	104.51097804391215
377	30	1	20.325349301397207	77.27345309381242
377	31	1	44.618000000000045	66.25800000000007
377	32	1	158.10800000000012	65.34200000000006
377	33	1	79.31799999999998	160.0140000000001
377	34	1	94.20359281437125	175.23952095808383
377	35	1	185.706	182.51199999999992
377	36	1	144.68662674650693	131.37524950099805
377	37	1	65.99199999999996	101.06000000000007
377	38	1	147.37649402390448	191.71713147410367
377	39	1	145.68200000000004	160.2839999999999
377	40	1	160.80876494023894	147.4741035856573
377	41	1	112.35059760956173	162.86852589641438
377	42	1	80.72055888223557	23.666666666666682
377	43	1	57.531999999999975	83.43599999999995
377	44	1	8.66866267465071	98.39520958083833
377	45	1	115.02199999999995	133.13399999999984
378	1	2	4.959999999999995	4.979999999999998
378	2	2	4.944	45.03600000000001
378	3	2	4.877049180327865	84.87704918032787
378	4	2	4.877049180327865	125.1229508196721
378	5	2	5.036000000000001	164.9400000000001
378	6	2	45.027999999999984	4.912000000000001
378	7	2	45.00000000000003	45.00000000000002
378	8	2	45.132	85.40399999999994
378	9	2	45.00000000000003	124.99999999999997
378	10	2	45.012	165.10399999999987
378	11	2	84.87704918032783	5.1229508196721305
378	12	2	85.01200000000003	45.040000000000006
378	13	2	84.952	84.93999999999998
378	14	2	85.01600000000005	125.156
378	15	2	85.52479338842977	165.68595041322322
378	16	2	124.69999999999996	5.000000000000002
378	17	2	124.89200000000002	45.06400000000003
378	18	2	125.03599999999999	84.83200000000001
378	19	2	125.13199999999999	124.59600000000003
378	20	2	125.25714285714291	165.51428571428562
378	21	2	165.03599999999994	5.088
378	22	2	164.97999999999996	45.10399999999999
378	23	2	164.87999999999994	85.09200000000003
378	24	2	164.99999999999994	124.99999999999997
378	25	2	164.90400000000002	164.86799999999994
378	26	1	22.89399999999998	124.12199999999994
378	27	1	64.15737051792829	179.36852589641418
378	28	1	112.48799999999996	144.77200000000005
378	29	1	29.06374501992034	104.49203187251004
378	30	1	20.176352705410807	77.27454909819639
378	31	1	44.37924151696608	66.28942115768469
378	32	1	158.14143426294817	65.44023904382465
378	33	1	79.29000000000003	159.95600000000007
378	34	1	94.22709163346613	175.14940239043844
378	35	1	185.646	182.58399999999997
378	36	1	144.71943887775552	131.32665330661317
378	37	1	66.00999999999999	101.21200000000005
378	38	1	147.404	191.61199999999997
378	39	1	145.62	160.11800000000017
378	40	1	160.8542914171657	147.4970059880241
378	41	1	112.34530938123747	162.85628742514973
378	42	1	80.76646706586823	23.606786427145714
378	43	1	57.54581673306773	83.26494023904385
378	44	1	8.810000000000004	98.44999999999999
378	45	1	115.13173652694611	133.17165668662673
379	1	2	4.959999999999995	4.979999999999998
379	2	2	4.944	45.03600000000001
379	3	2	4.877049180327865	84.87704918032787
379	4	2	4.877049180327865	125.1229508196721
379	5	2	5.036000000000001	164.9400000000001
379	6	2	45.027999999999984	4.912000000000001
379	7	2	45.00000000000003	45.00000000000002
379	8	2	45.132	85.40399999999994
379	9	2	45.00000000000003	124.99999999999997
379	10	2	45.012	165.10399999999987
379	11	2	84.87704918032783	5.1229508196721305
379	12	2	85.01200000000003	45.040000000000006
379	13	2	84.952	84.93999999999998
379	14	2	85.01600000000005	125.156
379	15	2	85.52479338842977	165.68595041322322
379	16	2	124.69999999999996	5.000000000000002
379	17	2	124.89200000000002	45.06400000000003
379	18	2	125.03599999999999	84.83200000000001
379	19	2	125.13199999999999	124.59600000000003
379	20	2	125.25714285714291	165.51428571428562
379	21	2	165.03599999999994	5.088
379	22	2	164.97999999999996	45.10399999999999
379	23	2	164.87999999999994	85.09200000000003
379	24	2	164.99999999999994	124.99999999999997
379	25	2	164.90400000000002	164.86799999999994
379	26	1	22.924302788844628	124.19920318725097
379	27	1	64.25149700598804	179.47904191616774
379	28	1	112.4950099800399	144.7844311377246
379	29	1	28.95799999999999	104.43599999999999
379	30	1	20.217564870259483	77.26347305389221
379	31	1	44.05988023952096	66.2375249500998
379	32	1	158.26347305389223	65.50499001996008
379	33	1	79.24950099800401	159.94411177644707
379	34	1	94.24750499001999	175.05389221556885
379	35	1	185.66334661354583	182.56175298804772
379	36	1	144.6999999999999	131.16199999999995
379	37	1	65.99400000000003	101.17799999999997
379	38	1	147.38722554890222	191.48303393213578
379	39	1	145.62075848303402	160.03992015968072
379	40	1	160.88822355289417	147.41117764471068
379	41	1	112.39321357285435	162.89421157684626
379	42	1	80.76047904191623	23.644710578842307
379	43	1	57.51593625498008	83.12549800796805
379	44	1	8.78286852589641	98.59561752988047
379	45	1	115.2574850299401	133.15968063872253
380	1	2	4.959999999999995	4.979999999999998
380	2	2	4.944	45.03600000000001
380	3	2	4.877049180327865	84.87704918032787
380	4	2	4.877049180327865	125.1229508196721
380	5	2	5.036000000000001	164.9400000000001
380	6	2	45.027999999999984	4.912000000000001
380	7	2	45.00000000000003	45.00000000000002
380	8	2	45.132	85.40399999999994
380	9	2	45.00000000000003	124.99999999999997
380	10	2	45.012	165.10399999999987
380	11	2	84.87704918032783	5.1229508196721305
380	12	2	85.01200000000003	45.040000000000006
380	13	2	84.952	84.93999999999998
380	14	2	85.01600000000005	125.156
380	15	2	85.52479338842977	165.68595041322322
380	16	2	124.69999999999996	5.000000000000002
380	17	2	124.89200000000002	45.06400000000003
380	18	2	125.03599999999999	84.83200000000001
380	19	2	125.13199999999999	124.59600000000003
380	20	2	125.25714285714291	165.51428571428562
380	21	2	165.03599999999994	5.088
380	22	2	164.97999999999996	45.10399999999999
380	23	2	164.87999999999994	85.09200000000003
380	24	2	164.99999999999994	124.99999999999997
380	25	2	164.90400000000002	164.86799999999994
380	26	1	22.901999999999994	124.23400000000004
380	27	1	64.29740518962073	179.55688622754496
380	28	1	112.54291417165672	144.7664670658684
380	29	1	28.928143712574848	104.36726546906203
380	30	1	20.120000000000008	77.27399999999997
380	31	1	44.000000000000014	66.07185628742516
380	32	1	158.20758483033927	65.66467065868268
380	33	1	79.19161676646712	159.8443113772454
380	34	1	94.25	174.98999999999995
380	35	1	185.59199999999998	182.6240000000001
380	36	1	144.7679999999999	131.14199999999985
380	37	1	65.90019960079842	101.31736526946096
380	38	1	147.20400000000018	191.348
380	39	1	145.67065868263475	160.06187624750476
380	40	1	160.8822355289423	147.35129740518957
380	41	1	112.33598409542734	162.8290258449303
380	42	1	80.75249500998004	23.63872255489021
380	43	1	57.528942115768416	82.98602794411184
380	44	1	8.928143712574848	98.66067864271457
380	45	1	115.31599999999997	133.16
381	1	2	4.959999999999995	4.979999999999998
381	2	2	4.944	45.03600000000001
381	3	2	4.877049180327865	84.87704918032787
381	4	2	4.877049180327865	125.1229508196721
381	5	2	5.036000000000001	164.9400000000001
381	6	2	45.027999999999984	4.912000000000001
381	7	2	45.00000000000003	45.00000000000002
381	8	2	45.132	85.40399999999994
381	9	2	45.00000000000003	124.99999999999997
381	10	2	45.012	165.10399999999987
381	11	2	84.87704918032783	5.1229508196721305
381	12	2	85.01200000000003	45.040000000000006
381	13	2	84.952	84.93999999999998
381	14	2	85.01600000000005	125.156
381	15	2	85.52479338842977	165.68595041322322
381	16	2	124.69999999999996	5.000000000000002
381	17	2	124.89200000000002	45.06400000000003
381	18	2	125.03599999999999	84.83200000000001
381	19	2	125.13199999999999	124.59600000000003
381	20	2	125.25714285714291	165.51428571428562
381	21	2	165.03599999999994	5.088
381	22	2	164.97999999999996	45.10399999999999
381	23	2	164.87999999999994	85.09200000000003
381	24	2	164.99999999999994	124.99999999999997
381	25	2	164.90400000000002	164.86799999999994
381	26	1	22.816000000000003	124.33200000000001
381	27	1	64.4462151394423	179.5338645418326
381	28	1	112.59200000000007	144.7739999999998
381	29	1	29.0439121756487	104.35129740518971
381	30	1	20.06986027944114	77.32335329341313
381	31	1	43.87276341948312	66.00397614314112
381	32	1	158.22862823061632	65.56461232604379
381	33	1	79.20999999999995	159.84599999999998
381	34	1	94.39720558882235	174.89620758483025
381	35	1	185.60279441117765	182.64670658682647
381	36	1	144.79999999999976	131.062
381	37	1	65.814	101.41200000000009
381	38	1	147.19760479041923	191.2794411177645
381	39	1	145.62600000000018	159.92400000000006
381	40	1	160.90419161676644	147.4051896207584
381	41	1	112.39399999999998	162.78
381	42	1	80.7165668662675	23.638722554890222
381	43	1	57.57000000000004	82.86400000000002
381	44	1	9.113772455089821	98.84031936127744
381	45	1	115.27200000000003	133.146
382	1	2	4.959999999999995	4.979999999999998
382	2	2	4.944	45.03600000000001
382	3	2	4.877049180327865	84.87704918032787
382	4	2	4.877049180327865	125.1229508196721
382	5	2	5.036000000000001	164.9400000000001
382	6	2	45.027999999999984	4.912000000000001
382	7	2	45.00000000000003	45.00000000000002
382	8	2	45.132	85.40399999999994
382	9	2	45.00000000000003	124.99999999999997
382	10	2	45.012	165.10399999999987
382	11	2	84.87704918032783	5.1229508196721305
382	12	2	85.01200000000003	45.040000000000006
382	13	2	84.952	84.93999999999998
382	14	2	85.01600000000005	125.156
382	15	2	85.52479338842977	165.68595041322322
382	16	2	124.69999999999996	5.000000000000002
382	17	2	124.89200000000002	45.06400000000003
382	18	2	125.03599999999999	84.83200000000001
382	19	2	125.13199999999999	124.59600000000003
382	20	2	125.25714285714291	165.51428571428562
382	21	2	165.03599999999994	5.088
382	22	2	164.97999999999996	45.10399999999999
382	23	2	164.87999999999994	85.09200000000003
382	24	2	164.99999999999994	124.99999999999997
382	25	2	164.90400000000002	164.86799999999994
382	26	1	22.820000000000018	124.38399999999997
382	27	1	64.57171314741034	179.58964143426292
382	28	1	112.55089820359284	144.7704590818362
382	29	1	28.88	104.32400000000007
382	30	1	20.0439121756487	77.27944111776456
382	31	1	43.5546719681909	66.03777335984094
382	32	1	158.28087649402386	65.51992031872513
382	33	1	79.20000000000002	159.79199999999997
382	34	1	94.49199999999995	174.73399999999992
382	35	1	185.64670658682633	182.62674650698605
382	36	1	144.80838323353305	130.97005988023926
382	37	1	65.73852295409176	101.56287425149691
382	38	1	147.1716566866265	191.2774451097806
382	39	1	145.64800000000005	159.9099999999999
382	40	1	160.89221556886233	147.36526946107784
382	41	1	112.43712574850294	162.88423153692608
382	42	1	80.78443113772454	23.61477045908184
382	43	1	57.55489021956095	82.80039920159682
382	44	1	9.18363273453095	98.86626746506998
382	45	1	115.31536926147712	133.1397205588822
383	1	2	4.959999999999995	4.979999999999998
383	2	2	4.944	45.03600000000001
383	3	2	4.877049180327865	84.87704918032787
383	4	2	4.877049180327865	125.1229508196721
383	5	2	5.036000000000001	164.9400000000001
383	6	2	45.027999999999984	4.912000000000001
383	7	2	45.00000000000003	45.00000000000002
383	8	2	45.132	85.40399999999994
383	9	2	45.00000000000003	124.99999999999997
383	10	2	45.012	165.10399999999987
383	11	2	84.87704918032783	5.1229508196721305
383	12	2	85.01200000000003	45.040000000000006
383	13	2	84.952	84.93999999999998
383	14	2	85.01600000000005	125.156
383	15	2	85.52479338842977	165.68595041322322
383	16	2	124.69999999999996	5.000000000000002
383	17	2	124.89200000000002	45.06400000000003
383	18	2	125.03599999999999	84.83200000000001
383	19	2	125.13199999999999	124.59600000000003
383	20	2	125.25714285714291	165.51428571428562
383	21	2	165.03599999999994	5.088
383	22	2	164.97999999999996	45.10399999999999
383	23	2	164.87999999999994	85.09200000000003
383	24	2	164.99999999999994	124.99999999999997
383	25	2	164.90400000000002	164.86799999999994
383	26	1	22.808383233532933	124.44710578842324
383	27	1	64.6047904191617	179.60479041916173
383	28	1	112.59880239520963	144.79041916167657
383	29	1	28.898203592814347	104.37125748503001
383	30	1	19.994023904382463	77.26095617529884
383	31	1	43.35458167330682	66.00199203187248
383	32	1	158.31000000000012	65.52600000000001
383	33	1	79.22	159.71599999999995
383	34	1	94.44510978043918	174.75449101796417
383	35	1	185.68127490039842	182.61354581673325
383	36	1	144.82399999999996	130.9539999999998
383	37	1	65.69599999999996	101.61200000000002
383	38	1	147.21556886227535	191.06986027944112
383	39	1	145.59800000000004	159.76399999999984
383	40	1	161.00000000000006	147.30738522954093
383	41	1	112.45800000000004	162.89200000000014
383	42	1	80.74799999999999	23.666000000000015
383	43	1	57.55378486055776	82.59960159362555
383	44	1	9.405189620758483	99.09780439121766
383	45	1	115.3473053892216	133.11177644710577
384	1	2	4.959999999999995	4.979999999999998
384	2	2	4.944	45.03600000000001
384	3	2	4.877049180327865	84.87704918032787
384	4	2	4.877049180327865	125.1229508196721
384	5	2	5.036000000000001	164.9400000000001
384	6	2	45.027999999999984	4.912000000000001
384	7	2	45.00000000000003	45.00000000000002
384	8	2	45.132	85.40399999999994
384	9	2	45.00000000000003	124.99999999999997
384	10	2	45.012	165.10399999999987
384	11	2	84.87704918032783	5.1229508196721305
384	12	2	85.01200000000003	45.040000000000006
384	13	2	84.952	84.93999999999998
384	14	2	85.01600000000005	125.156
384	15	2	85.52479338842977	165.68595041322322
384	16	2	124.69999999999996	5.000000000000002
384	17	2	124.89200000000002	45.06400000000003
384	18	2	125.03599999999999	84.83200000000001
384	19	2	125.13199999999999	124.59600000000003
384	20	2	125.25714285714291	165.51428571428562
384	21	2	165.03599999999994	5.088
384	22	2	164.97999999999996	45.10399999999999
384	23	2	164.87999999999994	85.09200000000003
384	24	2	164.99999999999994	124.99999999999997
384	25	2	164.90400000000002	164.86799999999994
384	26	1	22.808383233532933	124.44710578842324
384	27	1	64.67400000000004	179.62799999999993
384	28	1	112.6566866267465	144.77445109780442
384	29	1	28.886000000000013	104.42200000000003
384	30	1	19.916167664670645	77.23552894211576
384	31	1	43.17799999999997	65.99800000000006
384	32	1	158.30000000000004	65.54600000000006
384	33	1	79.288	159.68999999999994
384	34	1	94.39000000000001	174.7520000000001
384	35	1	185.69660678642714	182.67065868263467
384	36	1	144.84231536926137	130.81237524950095
384	37	1	65.71513944223108	101.66533864541837
384	38	1	147.15568862275438	190.8602794411178
384	39	1	145.63944223107575	159.723107569721
384	40	1	161.07385229540918	147.19361277445105
384	41	1	112.51497005988021	162.93413173652706
384	42	1	80.84200000000001	23.755999999999997
384	43	1	57.53199999999999	82.47600000000003
384	44	1	9.480079681274896	99.13147410358566
384	45	1	115.3453093812376	133.1117764471058
385	1	2	4.959999999999995	4.979999999999998
385	2	2	4.944	45.03600000000001
385	3	2	4.877049180327865	84.87704918032787
385	4	2	4.877049180327865	125.1229508196721
385	5	2	5.036000000000001	164.9400000000001
385	6	2	45.027999999999984	4.912000000000001
385	7	2	45.00000000000003	45.00000000000002
385	8	2	45.132	85.40399999999994
385	9	2	45.00000000000003	124.99999999999997
385	10	2	45.012	165.10399999999987
385	11	2	84.87704918032783	5.1229508196721305
385	12	2	85.01200000000003	45.040000000000006
385	13	2	84.952	84.93999999999998
385	14	2	85.01600000000005	125.156
385	15	2	85.52479338842977	165.68595041322322
385	16	2	124.69999999999996	5.000000000000002
385	17	2	124.89200000000002	45.06400000000003
385	18	2	125.03599999999999	84.83200000000001
385	19	2	125.13199999999999	124.59600000000003
385	20	2	125.25714285714291	165.51428571428562
385	21	2	165.03599999999994	5.088
385	22	2	164.97999999999996	45.10399999999999
385	23	2	164.87999999999994	85.09200000000003
385	24	2	164.99999999999994	124.99999999999997
385	25	2	164.90400000000002	164.86799999999994
385	26	1	22.85029940119758	124.47904191616774
385	27	1	64.63473053892216	179.6746506986028
385	28	1	112.74850299401204	144.77245508982034
385	29	1	28.85828343313371	104.44510978043915
385	30	1	19.812749003984063	77.25298804780867
385	31	1	42.97005988023953	65.98802395209576
385	32	1	158.2954091816366	65.55489021956082
385	33	1	79.24400000000006	159.74200000000027
385	34	1	94.39920159680638	174.68662674650687
385	35	1	185.584	182.71600000000012
385	36	1	144.8259999999998	130.66400000000004
385	37	1	65.69660678642714	101.80638722554893
385	38	1	147.1656686626748	190.7325349301398
385	39	1	145.60279441117768	159.5628742514969
385	40	1	161.05788423153692	147.18363273453093
385	41	1	112.53399999999998	162.91600000000022
385	42	1	80.85799999999993	23.751999999999995
385	43	1	57.58	82.32599999999994
385	44	1	9.606786427145714	99.32335329341319
385	45	1	115.29600000000006	133.08200000000002
386	1	2	4.959999999999995	4.979999999999998
386	2	2	4.944	45.03600000000001
386	3	2	4.877049180327865	84.87704918032787
386	4	2	4.877049180327865	125.1229508196721
386	5	2	5.036000000000001	164.9400000000001
386	6	2	45.027999999999984	4.912000000000001
386	7	2	45.00000000000003	45.00000000000002
386	8	2	45.132	85.40399999999994
386	9	2	45.00000000000003	124.99999999999997
386	10	2	45.012	165.10399999999987
386	11	2	84.87704918032783	5.1229508196721305
386	12	2	85.01200000000003	45.040000000000006
386	13	2	84.952	84.93999999999998
386	14	2	85.01600000000005	125.156
386	15	2	85.52479338842977	165.68595041322322
386	16	2	124.69999999999996	5.000000000000002
386	17	2	124.89200000000002	45.06400000000003
386	18	2	125.03599999999999	84.83200000000001
386	19	2	125.13199999999999	124.59600000000003
386	20	2	125.25714285714291	165.51428571428562
386	21	2	165.03599999999994	5.088
386	22	2	164.97999999999996	45.10399999999999
386	23	2	164.87999999999994	85.09200000000003
386	24	2	164.99999999999994	124.99999999999997
386	25	2	164.90400000000002	164.86799999999994
386	26	1	22.910179640718535	124.55888223552887
386	27	1	64.77999999999997	179.71400000000003
386	28	1	112.80399999999999	144.80600000000015
386	29	1	28.853999999999992	104.49600000000005
386	30	1	19.653386454183277	77.19521912350596
386	31	1	42.756487025948125	65.89421157684629
386	32	1	158.33864541832673	65.53585657370517
386	33	1	79.22111553784853	159.73705179282862
386	34	1	94.4750499001996	174.66467065868272
386	35	1	185.5	182.8019999999999
386	36	1	144.88199999999998	130.64800000000008
386	37	1	65.67400000000002	101.79799999999999
386	38	1	147.11177644710574	190.62275449101807
386	39	1	145.61676646706582	159.61876247504983
386	40	1	161.07768924302806	147.12549800796822
386	41	1	112.57171314741046	163.01792828685248
386	42	1	80.948	23.85200000000002
386	43	1	57.540918163672664	82.18962075848304
386	44	1	9.730538922155679	99.35329341317359
386	45	1	115.30938123752493	133.08982035928153
387	1	2	4.959999999999995	4.979999999999998
387	2	2	4.944	45.03600000000001
387	3	2	4.877049180327865	84.87704918032787
387	4	2	4.877049180327865	125.1229508196721
387	5	2	5.036000000000001	164.9400000000001
387	6	2	45.027999999999984	4.912000000000001
387	7	2	45.00000000000003	45.00000000000002
387	8	2	45.132	85.40399999999994
387	9	2	45.00000000000003	124.99999999999997
387	10	2	45.012	165.10399999999987
387	11	2	84.87704918032783	5.1229508196721305
387	12	2	85.01200000000003	45.040000000000006
387	13	2	84.952	84.93999999999998
387	14	2	85.01600000000005	125.156
387	15	2	85.52479338842977	165.68595041322322
387	16	2	124.69999999999996	5.000000000000002
387	17	2	124.89200000000002	45.06400000000003
387	18	2	125.03599999999999	84.83200000000001
387	19	2	125.13199999999999	124.59600000000003
387	20	2	125.25714285714291	165.51428571428562
387	21	2	165.03599999999994	5.088
387	22	2	164.97999999999996	45.10399999999999
387	23	2	164.87999999999994	85.09200000000003
387	24	2	164.99999999999994	124.99999999999997
387	25	2	164.90400000000002	164.86799999999994
387	26	1	22.902195608782435	124.66866267465078
387	27	1	64.98007968127489	179.81872509960175
387	28	1	112.94800000000002	144.82400000000004
387	29	1	28.774000000000015	104.50799999999991
387	30	1	19.64071856287425	77.22954091816362
387	31	1	42.5568862275449	65.91816367265477
387	32	1	158.34462151394445	65.64143426294818
387	33	1	79.21000000000005	159.65000000000015
387	34	1	94.5	174.61599999999987
387	35	1	185.56799999999998	182.86999999999986
387	36	1	144.9720558882237	130.58882235528952
387	37	1	65.66067864271453	101.90818363273455
387	38	1	147.06000000000006	190.5319999999999
387	39	1	145.6746506986027	159.57684630738535
387	40	1	161.15338645418308	147.0677290836653
387	41	1	112.52200000000006	162.94599999999997
387	42	1	81.06986027944106	23.96207584830338
387	43	1	57.57485029940116	81.93413173652702
387	44	1	9.734530938123742	99.50299401197627
387	45	1	115.35199999999996	133.0700000000001
388	1	2	4.959999999999995	4.979999999999998
388	2	2	4.944	45.03600000000001
388	3	2	4.877049180327865	84.87704918032787
388	4	2	4.877049180327865	125.1229508196721
388	5	2	5.036000000000001	164.9400000000001
388	6	2	45.027999999999984	4.912000000000001
388	7	2	45.00000000000003	45.00000000000002
388	8	2	45.132	85.40399999999994
388	9	2	45.00000000000003	124.99999999999997
388	10	2	45.012	165.10399999999987
388	11	2	84.87704918032783	5.1229508196721305
388	12	2	85.01200000000003	45.040000000000006
388	13	2	84.952	84.93999999999998
388	14	2	85.01600000000005	125.156
388	15	2	85.52479338842977	165.68595041322322
388	16	2	124.69999999999996	5.000000000000002
388	17	2	124.89200000000002	45.06400000000003
388	18	2	125.03599999999999	84.83200000000001
388	19	2	125.13199999999999	124.59600000000003
388	20	2	125.25714285714291	165.51428571428562
388	21	2	165.03599999999994	5.088
388	22	2	164.97999999999996	45.10399999999999
388	23	2	164.87999999999994	85.09200000000003
388	24	2	164.99999999999994	124.99999999999997
388	25	2	164.90400000000002	164.86799999999994
388	26	1	22.924	124.69999999999993
388	27	1	64.99001996007986	179.84231536926137
388	28	1	113.07800000000007	144.87999999999988
388	29	1	28.796812749003973	104.48406374501984
388	30	1	19.64342629482071	77.26494023904378
388	31	1	42.21357285429142	65.98403193612778
388	32	1	158.34999999999997	65.58999999999999
388	33	1	79.20916334661362	159.66533864541842
388	34	1	94.54491017964078	174.5289421157684
388	35	1	185.4550898203593	182.90419161676638
388	36	1	144.99800000000013	130.50599999999994
388	37	1	65.64071856287428	101.93213572854293
388	38	1	147.03592814371254	190.46506986027921
388	39	1	145.69400000000022	159.5180000000001
388	40	1	161.16367265469054	146.99800399201598
388	41	1	112.5831663326653	163.03607214428874
388	42	1	80.92215568862262	23.978043912175636
388	43	1	57.58882235528937	81.68063872255487
388	44	1	9.838	99.68200000000003
388	45	1	115.43313373253497	133.053892215569
389	1	2	4.959999999999995	4.979999999999998
389	2	2	4.944	45.03600000000001
389	3	2	4.877049180327865	84.87704918032787
389	4	2	4.877049180327865	125.1229508196721
389	5	2	5.036000000000001	164.9400000000001
389	6	2	45.027999999999984	4.912000000000001
389	7	2	45.00000000000003	45.00000000000002
389	8	2	45.132	85.40399999999994
389	9	2	45.00000000000003	124.99999999999997
389	10	2	45.012	165.10399999999987
389	11	2	84.87704918032783	5.1229508196721305
389	12	2	85.01200000000003	45.040000000000006
389	13	2	84.952	84.93999999999998
389	14	2	85.01600000000005	125.156
389	15	2	85.52479338842977	165.68595041322322
389	16	2	124.69999999999996	5.000000000000002
389	17	2	124.89200000000002	45.06400000000003
389	18	2	125.03599999999999	84.83200000000001
389	19	2	125.13199999999999	124.59600000000003
389	20	2	125.25714285714291	165.51428571428562
389	21	2	165.03599999999994	5.088
389	22	2	164.97999999999996	45.10399999999999
389	23	2	164.87999999999994	85.09200000000003
389	24	2	164.99999999999994	124.99999999999997
389	25	2	164.90400000000002	164.86799999999994
389	26	1	22.968063872255485	124.74451097804383
389	27	1	65.10578842315368	179.87225548902194
389	28	1	113.21513944223106	144.90239043824693
389	29	1	28.811999999999983	104.45999999999995
389	30	1	19.548902195608786	77.2854291417165
389	31	1	41.97205588822352	66.07784431137733
389	32	1	158.36127744510998	65.58083832335328
389	33	1	79.24151696606783	159.6087824351295
389	34	1	94.48303393213571	174.5968063872255
389	35	1	185.3792415169661	182.9421157684632
389	36	1	145.0918163672655	130.38922155688624
389	37	1	65.68263473053895	101.94211576846303
389	38	1	147.08399999999995	190.32799999999983
389	39	1	145.67065868263464	159.4710578842315
389	40	1	161.2195608782435	146.932135728543
389	41	1	112.59400000000001	163.08199999999985
389	42	1	80.99800399201592	24.063872255489034
389	43	1	57.56400000000001	81.75000000000004
389	44	1	9.888446215139437	99.86055776892431
389	45	1	115.55688622754498	133.04191616766485
390	1	2	4.959999999999995	4.979999999999998
390	2	2	4.944	45.03600000000001
390	3	2	4.877049180327865	84.87704918032787
390	4	2	4.877049180327865	125.1229508196721
390	5	2	5.036000000000001	164.9400000000001
390	6	2	45.027999999999984	4.912000000000001
390	7	2	45.00000000000003	45.00000000000002
390	8	2	45.132	85.40399999999994
390	9	2	45.00000000000003	124.99999999999997
390	10	2	45.012	165.10399999999987
390	11	2	84.87704918032783	5.1229508196721305
390	12	2	85.01200000000003	45.040000000000006
390	13	2	84.952	84.93999999999998
390	14	2	85.01600000000005	125.156
390	15	2	85.52479338842977	165.68595041322322
390	16	2	124.69999999999996	5.000000000000002
390	17	2	124.89200000000002	45.06400000000003
390	18	2	125.03599999999999	84.83200000000001
390	19	2	125.13199999999999	124.59600000000003
390	20	2	125.25714285714291	165.51428571428562
390	21	2	165.03599999999994	5.088
390	22	2	164.97999999999996	45.10399999999999
390	23	2	164.87999999999994	85.09200000000003
390	24	2	164.99999999999994	124.99999999999997
390	25	2	164.90400000000002	164.86799999999994
390	26	1	23.011999999999997	124.78399999999988
390	27	1	65.17599999999999	179.82399999999996
390	28	1	113.28542914171656	144.93013972055886
390	29	1	28.8027888446215	104.52191235059765
390	30	1	19.526946107784422	77.30538922155684
390	31	1	41.748502994011986	66.05988023952085
390	32	1	158.45708582834354	65.52295409181627
390	33	1	79.28542914171656	159.56487025948093
390	34	1	94.43000000000004	174.64000000000004
390	35	1	185.25149700598803	183.01596806387238
390	36	1	145.10799999999986	130.31000000000012
390	37	1	65.67400000000004	102.01999999999997
390	38	1	147.11155378486043	190.16533864541827
390	39	1	145.69721115537877	159.316733067729
390	40	1	161.32400000000015	146.85800000000015
390	41	1	112.59481037924154	163.12175648702583
390	42	1	81.04790419161677	24.033932135728538
390	43	1	57.49700598802395	81.74850299401201
390	44	1	10.006000000000004	100.03199999999998
390	45	1	115.61800000000001	133.04400000000007
391	1	2	4.959999999999995	4.979999999999998
391	2	2	4.944	45.03600000000001
391	3	2	4.877049180327865	84.87704918032787
391	4	2	4.877049180327865	125.1229508196721
391	5	2	5.036000000000001	164.9400000000001
391	6	2	45.027999999999984	4.912000000000001
391	7	2	45.00000000000003	45.00000000000002
391	8	2	45.132	85.40399999999994
391	9	2	45.00000000000003	124.99999999999997
391	10	2	45.012	165.10399999999987
391	11	2	84.87704918032783	5.1229508196721305
391	12	2	85.01200000000003	45.040000000000006
391	13	2	84.952	84.93999999999998
391	14	2	85.01600000000005	125.156
391	15	2	85.52479338842977	165.68595041322322
391	16	2	124.69999999999996	5.000000000000002
391	17	2	124.89200000000002	45.06400000000003
391	18	2	125.03599999999999	84.83200000000001
391	19	2	125.13199999999999	124.59600000000003
391	20	2	125.25714285714291	165.51428571428562
391	21	2	165.03599999999994	5.088
391	22	2	164.97999999999996	45.10399999999999
391	23	2	164.87999999999994	85.09200000000003
391	24	2	164.99999999999994	124.99999999999997
391	25	2	164.90400000000002	164.86799999999994
391	26	1	23.047999999999995	124.81400000000006
391	27	1	65.10778443113772	179.92415169660686
391	28	1	113.34930139720561	144.91217564870277
391	29	1	28.786427145708576	104.48902195608783
391	30	1	19.532934131736518	77.39121756487027
391	31	1	41.67065868263472	66.07784431137722
391	32	1	158.47599999999994	65.51200000000004
391	33	1	79.29258517034073	159.54509018036077
391	34	1	94.55200000000002	174.4139999999998
391	35	1	185.2574850299401	183.09580838323365
391	36	1	145.20841683366737	130.17635270541086
391	37	1	65.65668662674653	102.07584830339324
391	38	1	147.06986027944114	189.9900199600798
391	39	1	145.69261477045913	159.12375249501
391	40	1	161.45399999999987	146.82999999999998
391	41	1	112.61999999999993	163.17199999999997
391	42	1	81.06599999999993	24.005999999999982
391	43	1	57.49200000000002	81.68800000000006
391	44	1	10.015936254980069	100.2749003984064
391	45	1	115.6606786427146	133.03592814371257
392	1	2	4.959999999999995	4.979999999999998
392	2	2	4.944	45.03600000000001
392	3	2	4.877049180327865	84.87704918032787
392	4	2	4.877049180327865	125.1229508196721
392	5	2	5.036000000000001	164.9400000000001
392	6	2	45.027999999999984	4.912000000000001
392	7	2	45.00000000000003	45.00000000000002
392	8	2	45.132	85.40399999999994
392	9	2	45.00000000000003	124.99999999999997
392	10	2	45.012	165.10399999999987
392	11	2	84.87704918032783	5.1229508196721305
392	12	2	85.01200000000003	45.040000000000006
392	13	2	84.952	84.93999999999998
392	14	2	85.01600000000005	125.156
392	15	2	85.52479338842977	165.68595041322322
392	16	2	124.69999999999996	5.000000000000002
392	17	2	124.89200000000002	45.06400000000003
392	18	2	125.03599999999999	84.83200000000001
392	19	2	125.13199999999999	124.59600000000003
392	20	2	125.25714285714291	165.51428571428562
392	21	2	165.03599999999994	5.088
392	22	2	164.97999999999996	45.10399999999999
392	23	2	164.87999999999994	85.09200000000003
392	24	2	164.99999999999994	124.99999999999997
392	25	2	164.90400000000002	164.86799999999994
392	26	1	23.047808764940243	124.79681274900408
392	27	1	65.41117764471058	179.96007984031914
392	28	1	113.41516966067864	144.9121756487027
392	29	1	28.72255489021955	104.48502994011965
392	30	1	19.446000000000005	77.35399999999991
392	31	1	41.51297405189622	66.0678642714571
392	32	1	158.52589641434272	65.52788844621513
392	33	1	79.26800000000003	159.36000000000004
392	34	1	94.54399999999994	174.38999999999996
392	35	1	185.25149700598803	183.09580838323365
392	36	1	145.31137724550902	130.0499001996009
392	37	1	65.59281437125745	102.17964071856285
392	38	1	147.00199203187248	189.74701195219126
392	39	1	145.54581673306757	158.85657370517922
392	40	1	161.58483033932131	146.90219560878242
392	41	1	112.63872255489021	163.2335329341318
392	42	1	81.17000000000007	24.019999999999996
392	43	1	57.499999999999964	81.56374501992039
392	44	1	10.037848605577688	100.43426294820715
392	45	1	115.70800000000001	133.02200000000005
393	1	2	4.959999999999995	4.979999999999998
393	2	2	4.944	45.03600000000001
393	3	2	4.877049180327865	84.87704918032787
393	4	2	4.877049180327865	125.1229508196721
393	5	2	5.036000000000001	164.9400000000001
393	6	2	45.027999999999984	4.912000000000001
393	7	2	45.00000000000003	45.00000000000002
393	8	2	45.132	85.40399999999994
393	9	2	45.00000000000003	124.99999999999997
393	10	2	45.012	165.10399999999987
393	11	2	84.87704918032783	5.1229508196721305
393	12	2	85.01200000000003	45.040000000000006
393	13	2	84.952	84.93999999999998
393	14	2	85.01600000000005	125.156
393	15	2	85.52479338842977	165.68595041322322
393	16	2	124.69999999999996	5.000000000000002
393	17	2	124.89200000000002	45.06400000000003
393	18	2	125.03599999999999	84.83200000000001
393	19	2	125.13199999999999	124.59600000000003
393	20	2	125.25714285714291	165.51428571428562
393	21	2	165.03599999999994	5.088
393	22	2	164.97999999999996	45.10399999999999
393	23	2	164.87999999999994	85.09200000000003
393	24	2	164.99999999999994	124.99999999999997
393	25	2	164.90400000000002	164.86799999999994
393	26	1	23.04590818363273	124.86027944111787
393	27	1	65.622754491018	180.08183632734543
393	28	1	113.43400000000004	144.93199999999996
393	29	1	28.721115537848604	104.51195219123508
393	30	1	19.590818363273456	77.33133732534937
393	31	1	41.35728542914171	65.96007984031924
393	32	1	158.45708582834322	65.42115768463076
393	33	1	79.21200000000012	159.41599999999968
393	34	1	94.61077844311377	174.34131736526948
393	35	1	185.2075848303393	183.15169660678652
393	36	1	145.38123752495017	129.9760479041916
393	37	1	65.54399999999994	102.19
393	38	1	147.09381237524937	189.4650698602795
393	39	1	145.42828685258988	158.65537848605575
393	40	1	161.626	146.9319999999998
393	41	1	112.68336673346703	163.28256513026062
393	42	1	81.28399999999992	24.075999999999986
393	43	1	57.48702594810382	81.33133732534935
393	44	1	10.145418326693227	100.45418326693228
393	45	1	115.79840319361283	133.04391217564867
394	1	2	4.959999999999995	4.979999999999998
394	2	2	4.944	45.03600000000001
394	3	2	4.877049180327865	84.87704918032787
394	4	2	4.877049180327865	125.1229508196721
394	5	2	5.036000000000001	164.9400000000001
394	6	2	45.027999999999984	4.912000000000001
394	7	2	45.00000000000003	45.00000000000002
394	8	2	45.132	85.40399999999994
394	9	2	45.00000000000003	124.99999999999997
394	10	2	45.012	165.10399999999987
394	11	2	84.87704918032783	5.1229508196721305
394	12	2	85.01200000000003	45.040000000000006
394	13	2	84.952	84.93999999999998
394	14	2	85.01600000000005	125.156
394	15	2	85.52479338842977	165.68595041322322
394	16	2	124.69999999999996	5.000000000000002
394	17	2	124.89200000000002	45.06400000000003
394	18	2	125.03599999999999	84.83200000000001
394	19	2	125.13199999999999	124.59600000000003
394	20	2	125.25714285714291	165.51428571428562
394	21	2	165.03599999999994	5.088
394	22	2	164.97999999999996	45.10399999999999
394	23	2	164.87999999999994	85.09200000000003
394	24	2	164.99999999999994	124.99999999999997
394	25	2	164.90400000000002	164.86799999999994
394	26	1	23.04382470119523	124.84661354581671
394	27	1	65.66866267465069	180.16766467065852
394	28	1	113.39121756487019	144.91616766467072
394	29	1	28.687374749499	104.45691382765526
394	30	1	19.51497005988024	77.29341317365268
394	31	1	41.19560878243514	66.00399201596811
394	32	1	158.51097804391202	65.43712574850301
394	33	1	79.18962075848306	159.41516966067866
394	34	1	94.54491017964075	174.35528942115755
394	35	1	185.20958083832338	183.19161676646712
394	36	1	145.43600000000015	129.8920000000002
394	37	1	65.47704590818368	102.21157684630738
394	38	1	147.11999999999995	189.226
394	39	1	145.38999999999996	158.20800000000003
394	40	1	161.9118236472946	146.87975951903806
394	41	1	112.74650698602798	163.35928143712584
394	42	1	81.32335329341322	24.123752495010006
394	43	1	57.526946107784404	81.187624750499
394	44	1	10.24750499001996	100.50099800399194
394	45	1	115.76600000000002	133.06400000000002
395	1	2	4.959999999999995	4.979999999999998
395	2	2	4.944	45.03600000000001
395	3	2	4.877049180327865	84.87704918032787
395	4	2	4.877049180327865	125.1229508196721
395	5	2	5.036000000000001	164.9400000000001
395	6	2	45.027999999999984	4.912000000000001
395	7	2	45.00000000000003	45.00000000000002
395	8	2	45.132	85.40399999999994
395	9	2	45.00000000000003	124.99999999999997
395	10	2	45.012	165.10399999999987
395	11	2	84.87704918032783	5.1229508196721305
395	12	2	85.01200000000003	45.040000000000006
395	13	2	84.952	84.93999999999998
395	14	2	85.01600000000005	125.156
395	15	2	85.52479338842977	165.68595041322322
395	16	2	124.69999999999996	5.000000000000002
395	17	2	124.89200000000002	45.06400000000003
395	18	2	125.03599999999999	84.83200000000001
395	19	2	125.13199999999999	124.59600000000003
395	20	2	125.25714285714291	165.51428571428562
395	21	2	165.03599999999994	5.088
395	22	2	164.97999999999996	45.10399999999999
395	23	2	164.87999999999994	85.09200000000003
395	24	2	164.99999999999994	124.99999999999997
395	25	2	164.90400000000002	164.86799999999994
395	26	1	23.005988023952106	124.97804391217562
395	27	1	65.78243512974058	180.17964071856287
395	28	1	113.42200000000003	144.93199999999993
395	29	1	28.5808383233533	104.51896207584834
395	30	1	19.50000000000001	77.21599999999997
395	31	1	41.02794411177651	65.98802395209586
395	32	1	158.47609561753	65.38844621513941
395	33	1	79.08200000000005	159.3880000000002
395	34	1	94.51992031872508	174.31673306772922
395	35	1	185.18962075848304	183.22754491017955
395	36	1	145.48502994011963	129.72854291417164
395	37	1	65.42115768463074	102.2315369261477
395	38	1	147.07968127490034	189.1314741035856
395	39	1	145.368	158.16800000000006
395	40	1	161.92000000000013	146.834
395	41	1	112.76247504990012	163.41716566866253
395	42	1	81.30339321357287	24.177644710578825
395	43	1	57.553999999999995	80.87800000000006
395	44	1	10.401197604790422	100.51097804391212
395	45	1	115.85229540918166	133.12574850299399
396	1	2	4.959999999999995	4.979999999999998
396	2	2	4.944	45.03600000000001
396	3	2	4.877049180327865	84.87704918032787
396	4	2	4.877049180327865	125.1229508196721
396	5	2	5.036000000000001	164.9400000000001
396	6	2	45.027999999999984	4.912000000000001
396	7	2	45.00000000000003	45.00000000000002
396	8	2	45.132	85.40399999999994
396	9	2	45.00000000000003	124.99999999999997
396	10	2	45.012	165.10399999999987
396	11	2	84.87704918032783	5.1229508196721305
396	12	2	85.01200000000003	45.040000000000006
396	13	2	84.952	84.93999999999998
396	14	2	85.01600000000005	125.156
396	15	2	85.52479338842977	165.68595041322322
396	16	2	124.69999999999996	5.000000000000002
396	17	2	124.89200000000002	45.06400000000003
396	18	2	125.03599999999999	84.83200000000001
396	19	2	125.13199999999999	124.59600000000003
396	20	2	125.25714285714291	165.51428571428562
396	21	2	165.03599999999994	5.088
396	22	2	164.97999999999996	45.10399999999999
396	23	2	164.87999999999994	85.09200000000003
396	24	2	164.99999999999994	124.99999999999997
396	25	2	164.90400000000002	164.86799999999994
396	26	1	23.04980079681273	125.06573705179284
396	27	1	65.69600000000001	180.13599999999997
396	28	1	113.43912175648704	144.8882235528942
396	29	1	28.496015936254985	104.49800796812748
396	30	1	19.577689243027887	77.26892430278888
396	31	1	40.860557768924316	65.98207171314748
396	32	1	158.3892215568862	65.32135728542906
396	33	1	79.04391217564874	159.3053892215567
396	34	1	94.48200000000001	174.14199999999994
396	35	1	185.244	183.26199999999997
396	36	1	145.59481037924152	129.6187624750498
396	37	1	65.41400000000006	102.30600000000005
396	38	1	146.99201596806392	188.94810379241517
396	39	1	145.40319361277443	158.12574850299424
396	40	1	161.89599999999993	146.78400000000008
396	41	1	112.716	163.42800000000005
396	42	1	81.28343313373266	24.093812375249506
396	43	1	57.582834331337345	80.7524950099801
396	44	1	10.397205588822345	100.64670658682635
396	45	1	115.842	133.11000000000004
397	1	2	4.959999999999995	4.979999999999998
397	2	2	4.944	45.03600000000001
397	3	2	4.877049180327865	84.87704918032787
397	4	2	4.877049180327865	125.1229508196721
397	5	2	5.036000000000001	164.9400000000001
397	6	2	45.027999999999984	4.912000000000001
397	7	2	45.00000000000003	45.00000000000002
397	8	2	45.132	85.40399999999994
397	9	2	45.00000000000003	124.99999999999997
397	10	2	45.012	165.10399999999987
397	11	2	84.87704918032783	5.1229508196721305
397	12	2	85.01200000000003	45.040000000000006
397	13	2	84.952	84.93999999999998
397	14	2	85.01600000000005	125.156
397	15	2	85.52479338842977	165.68595041322322
397	16	2	124.69999999999996	5.000000000000002
397	17	2	124.89200000000002	45.06400000000003
397	18	2	125.03599999999999	84.83200000000001
397	19	2	125.13199999999999	124.59600000000003
397	20	2	125.25714285714291	165.51428571428562
397	21	2	165.03599999999994	5.088
397	22	2	164.97999999999996	45.10399999999999
397	23	2	164.87999999999994	85.09200000000003
397	24	2	164.99999999999994	124.99999999999997
397	25	2	164.90400000000002	164.86799999999994
397	26	1	23.03792415169661	125.11976047904187
397	27	1	65.67864271457083	180.09181636726564
397	28	1	113.49500998003987	144.91816367265488
397	29	1	28.531999999999993	104.46799999999999
397	30	1	19.554890219560892	77.29940119760477
397	31	1	40.6566866267465	65.96007984031935
397	32	1	158.3892215568862	65.32135728542906
397	33	1	79.02600000000005	159.2480000000001
397	34	1	94.46600000000011	174.10799999999998
397	35	1	185.2754491017964	183.29141716566883
397	36	1	145.63200000000003	129.55599999999987
397	37	1	65.41117764471062	102.34331337325352
397	38	1	146.91816367265474	188.6986027944111
397	39	1	145.42345924453275	158.02186878727625
397	40	1	162.07185628742508	146.66267465069865
397	41	1	112.70658682634729	163.44510978043925
397	42	1	81.33266932270914	24.151394422310773
397	43	1	57.59760956175299	80.58565737051796
397	44	1	10.504990019960077	100.79041916167662
397	45	1	115.91017964071857	133.12774451097798
398	1	2	4.959999999999995	4.979999999999998
398	2	2	4.944	45.03600000000001
398	3	2	4.877049180327865	84.87704918032787
398	4	2	4.877049180327865	125.1229508196721
398	5	2	5.036000000000001	164.9400000000001
398	6	2	45.027999999999984	4.912000000000001
398	7	2	45.00000000000003	45.00000000000002
398	8	2	45.132	85.40399999999994
398	9	2	45.00000000000003	124.99999999999997
398	10	2	45.012	165.10399999999987
398	11	2	84.87704918032783	5.1229508196721305
398	12	2	85.01200000000003	45.040000000000006
398	13	2	84.952	84.93999999999998
398	14	2	85.01600000000005	125.156
398	15	2	85.52479338842977	165.68595041322322
398	16	2	124.69999999999996	5.000000000000002
398	17	2	124.89200000000002	45.06400000000003
398	18	2	125.03599999999999	84.83200000000001
398	19	2	125.13199999999999	124.59600000000003
398	20	2	125.25714285714291	165.51428571428562
398	21	2	165.03599999999994	5.088
398	22	2	164.97999999999996	45.10399999999999
398	23	2	164.87999999999994	85.09200000000003
398	24	2	164.99999999999994	124.99999999999997
398	25	2	164.90400000000002	164.86799999999994
398	26	1	23.023952095808365	125.15568862275438
398	27	1	65.66533864541834	180.13346613545804
398	28	1	113.50799999999994	144.93200000000024
398	29	1	28.460000000000015	104.52400000000011
398	30	1	19.626746506986034	77.31337325349298
398	31	1	40.44510978043908	65.9001996007984
398	32	1	158.38722554890185	65.32934131736528
398	33	1	78.99800399201604	159.21157684630734
398	34	1	94.52400000000004	173.9639999999998
398	35	1	185.2754491017964	183.3572854291414
398	36	1	145.70858283433125	129.46307385229554
398	37	1	65.33799999999994	102.39400000000003
398	38	1	147.01796407185634	188.42514970059872
398	39	1	145.3093812375249	157.77844311377254
398	40	1	162.1377245508982	146.65269461077855
398	41	1	112.71799999999998	163.47600000000008
398	42	1	81.42231075697215	24.245019920318747
398	43	1	57.509960159362585	80.51792828685258
398	44	1	10.634730538922152	100.88023952095813
398	45	1	115.94621513944226	133.15936254980073
399	1	2	4.959999999999995	4.979999999999998
399	2	2	4.944	45.03600000000001
399	3	2	4.877049180327865	84.87704918032787
399	4	2	4.877049180327865	125.1229508196721
399	5	2	5.036000000000001	164.9400000000001
399	6	2	45.027999999999984	4.912000000000001
399	7	2	45.00000000000003	45.00000000000002
399	8	2	45.132	85.40399999999994
399	9	2	45.00000000000003	124.99999999999997
399	10	2	45.012	165.10399999999987
399	11	2	84.87704918032783	5.1229508196721305
399	12	2	85.01200000000003	45.040000000000006
399	13	2	84.952	84.93999999999998
399	14	2	85.01600000000005	125.156
399	15	2	85.52479338842977	165.68595041322322
399	16	2	124.69999999999996	5.000000000000002
399	17	2	124.89200000000002	45.06400000000003
399	18	2	125.03599999999999	84.83200000000001
399	19	2	125.13199999999999	124.59600000000003
399	20	2	125.25714285714291	165.51428571428562
399	21	2	165.03599999999994	5.088
399	22	2	164.97999999999996	45.10399999999999
399	23	2	164.87999999999994	85.09200000000003
399	24	2	164.99999999999994	124.99999999999997
399	25	2	164.90400000000002	164.86799999999994
399	26	1	23.076000000000032	125.18400000000005
399	27	1	65.5537848605578	180.19322709163345
399	28	1	113.54491017964067	144.96007984031957
399	29	1	28.469061876247505	104.5548902195608
399	30	1	19.600798403193608	77.29341317365268
399	31	1	40.278884462151396	65.87250996015933
399	32	1	158.38722554890185	65.32934131736528
399	33	1	79.03799999999991	159.19400000000005
399	34	1	94.4231536926147	173.97005988023955
399	35	1	185.19760479041918	183.43512974051882
399	36	1	145.7330677290836	129.33864541832673
399	37	1	65.29740518962079	102.43313373253496
399	38	1	146.9121756487027	188.27345309381235
399	39	1	145.30738522954104	157.76047904191603
399	40	1	162.04590818363275	146.6327345309381
399	41	1	112.69400000000002	163.478
399	42	1	81.57684630738515	24.335329341317365
399	43	1	57.45309381237525	80.45508982035935
399	44	1	10.719123505976086	100.86254980079688
399	45	1	116.02600000000005	133.20199999999997
400	1	2	4.959999999999995	4.979999999999998
400	2	2	4.944	45.03600000000001
400	3	2	4.877049180327865	84.87704918032787
400	4	2	4.877049180327865	125.1229508196721
400	5	2	5.036000000000001	164.9400000000001
400	6	2	45.027999999999984	4.912000000000001
400	7	2	45.00000000000003	45.00000000000002
400	8	2	45.132	85.40399999999994
400	9	2	45.00000000000003	124.99999999999997
400	10	2	45.012	165.10399999999987
400	11	2	84.87704918032783	5.1229508196721305
400	12	2	85.01200000000003	45.040000000000006
400	13	2	84.952	84.93999999999998
400	14	2	85.01600000000005	125.156
400	15	2	85.52479338842977	165.68595041322322
400	16	2	124.69999999999996	5.000000000000002
400	17	2	124.89200000000002	45.06400000000003
400	18	2	125.03599999999999	84.83200000000001
400	19	2	125.13199999999999	124.59600000000003
400	20	2	125.25714285714291	165.51428571428562
400	21	2	165.03599999999994	5.088
400	22	2	164.97999999999996	45.10399999999999
400	23	2	164.87999999999994	85.09200000000003
400	24	2	164.99999999999994	124.99999999999997
400	25	2	164.90400000000002	164.86799999999994
400	26	1	22.980039920159687	125.26546906187632
400	27	1	65.57171314741038	180.26294820717126
400	28	1	113.58999999999999	144.9920000000001
400	29	1	28.407999999999998	104.54800000000009
400	30	1	19.550898203592812	77.2754491017964
400	31	1	39.999999999999964	65.84231536926147
400	32	1	158.46506986027947	65.31137724550896
400	33	1	79.03799999999991	159.19400000000005
400	34	1	94.4291417165669	173.92614770459087
400	35	1	185.17529880478085	183.47011952191218
400	36	1	145.762	129.16799999999984
400	37	1	65.25948103792412	102.43113772455095
400	38	1	146.8100000000001	187.97400000000005
400	39	1	145.20517928286864	157.60159362549797
400	40	1	162.061876247505	146.56487025948107
400	41	1	112.73453093812373	163.52694610778445
400	42	1	81.74302788844614	24.43426294820718
400	43	1	57.375249500998024	80.32335329341322
400	44	1	10.727091633466122	100.88047808764944
400	45	1	116.18399999999998	133.254
401	1	2	4.959999999999995	4.979999999999998
401	2	2	4.944	45.03600000000001
401	3	2	4.877049180327865	84.87704918032787
401	4	2	4.877049180327865	125.1229508196721
401	5	2	5.036000000000001	164.9400000000001
401	6	2	45.027999999999984	4.912000000000001
401	7	2	45.00000000000003	45.00000000000002
401	8	2	45.132	85.40399999999994
401	9	2	45.00000000000003	124.99999999999997
401	10	2	45.012	165.10399999999987
401	11	2	84.87704918032783	5.1229508196721305
401	12	2	85.01200000000003	45.040000000000006
401	13	2	84.952	84.93999999999998
401	14	2	85.01600000000005	125.156
401	15	2	85.52479338842977	165.68595041322322
401	16	2	124.69999999999996	5.000000000000002
401	17	2	124.89200000000002	45.06400000000003
401	18	2	125.03599999999999	84.83200000000001
401	19	2	125.13199999999999	124.59600000000003
401	20	2	125.25714285714291	165.51428571428562
401	21	2	165.03599999999994	5.088
401	22	2	164.97999999999996	45.10399999999999
401	23	2	164.87999999999994	85.09200000000003
401	24	2	164.99999999999994	124.99999999999997
401	25	2	164.90400000000002	164.86799999999994
401	26	1	22.924302788844642	125.45019920318725
401	27	1	65.54400000000005	180.25599999999983
401	28	1	113.58283433133732	144.99800399201595
401	29	1	28.341317365269457	104.62075848303391
401	30	1	19.54800000000001	77.28199999999991
401	31	1	39.67664670658684	65.93013972055883
401	32	1	158.4620000000001	65.33599999999997
401	33	1	79.02794411177643	159.12175648702595
401	34	1	94.3912175648702	173.8463073852297
401	35	1	185.196	183.51799999999997
401	36	1	145.91417165668653	129.04191616766477
401	37	1	65.188	102.54800000000009
401	38	1	146.7065868263472	187.84431137724556
401	39	1	145.1257485029939	157.45109780439108
401	40	1	162.0537848605577	146.59163346613565
401	41	1	112.77800000000005	163.63200000000023
401	42	1	82.01195219123504	24.55577689243028
401	43	1	57.25400000000002	80.252
401	44	1	10.804780876494021	100.99203187250993
401	45	1	116.16999999999999	133.28599999999992
402	1	2	4.959999999999995	4.979999999999998
402	2	2	4.944	45.03600000000001
402	3	2	4.877049180327865	84.87704918032787
402	4	2	4.877049180327865	125.1229508196721
402	5	2	5.036000000000001	164.9400000000001
402	6	2	45.027999999999984	4.912000000000001
402	7	2	45.00000000000003	45.00000000000002
402	8	2	45.132	85.40399999999994
402	9	2	45.00000000000003	124.99999999999997
402	10	2	45.012	165.10399999999987
402	11	2	84.87704918032783	5.1229508196721305
402	12	2	85.01200000000003	45.040000000000006
402	13	2	84.952	84.93999999999998
402	14	2	85.01600000000005	125.156
402	15	2	85.52479338842977	165.68595041322322
402	16	2	124.69999999999996	5.000000000000002
402	17	2	124.89200000000002	45.06400000000003
402	18	2	125.03599999999999	84.83200000000001
402	19	2	125.13199999999999	124.59600000000003
402	20	2	125.25714285714291	165.51428571428562
402	21	2	165.03599999999994	5.088
402	22	2	164.97999999999996	45.10399999999999
402	23	2	164.87999999999994	85.09200000000003
402	24	2	164.99999999999994	124.99999999999997
402	25	2	164.90400000000002	164.86799999999994
402	26	1	22.950099800399173	125.52694610778431
402	27	1	65.5748502994012	180.22754491017963
402	28	1	113.63799999999998	145.05200000000002
402	29	1	28.303393213572836	104.70259481037922
402	30	1	19.5637450199203	77.32470119521912
402	31	1	39.546906187624785	65.87225548902188
402	32	1	158.49500998003987	65.28143712574851
402	33	1	79.05400000000003	159.02800000000016
402	34	1	94.44200000000001	173.75599999999974
402	35	1	185.31536926147703	183.5728542914171
402	36	1	145.98602794411173	128.8642714570857
402	37	1	65.16167664670662	102.64471057884224
402	38	1	146.7176938369781	187.56858846918485
402	39	1	145.03784860557784	157.26892430278855
402	40	1	161.95200000000008	146.63800000000012
402	41	1	112.754	163.70200000000014
402	42	1	82.13572854291422	24.628742514970067
402	43	1	57.236	80.06200000000005
402	44	1	10.892215568862278	101.03193612774446
402	45	1	116.14171656686631	133.313373253493
403	1	2	4.959999999999995	4.979999999999998
403	2	2	4.944	45.03600000000001
403	3	2	4.877049180327865	84.87704918032787
403	4	2	4.877049180327865	125.1229508196721
403	5	2	5.036000000000001	164.9400000000001
403	6	2	45.027999999999984	4.912000000000001
403	7	2	45.00000000000003	45.00000000000002
403	8	2	45.132	85.40399999999994
403	9	2	45.00000000000003	124.99999999999997
403	10	2	45.012	165.10399999999987
403	11	2	84.87704918032783	5.1229508196721305
403	12	2	85.01200000000003	45.040000000000006
403	13	2	84.952	84.93999999999998
403	14	2	85.01600000000005	125.156
403	15	2	85.52479338842977	165.68595041322322
403	16	2	124.69999999999996	5.000000000000002
403	17	2	124.89200000000002	45.06400000000003
403	18	2	125.03599999999999	84.83200000000001
403	19	2	125.13199999999999	124.59600000000003
403	20	2	125.25714285714291	165.51428571428562
403	21	2	165.03599999999994	5.088
403	22	2	164.97999999999996	45.10399999999999
403	23	2	164.87999999999994	85.09200000000003
403	24	2	164.99999999999994	124.99999999999997
403	25	2	164.90400000000002	164.86799999999994
403	26	1	22.964071856287426	125.58882235528924
403	27	1	65.59281437125752	180.16566866267453
403	28	1	113.63600000000004	145.06800000000004
403	29	1	28.311377245508986	104.78043912175647
403	30	1	19.51600000000002	77.34000000000003
403	31	1	39.334661354581705	65.8565737051793
403	32	1	158.51297405189615	65.28542914171655
403	33	1	79.06599999999997	158.954
403	34	1	94.35999999999993	173.83199999999982
403	35	1	185.24750499002	183.63672654690626
403	36	1	146.052	128.6959999999999
403	37	1	65.14371257485024	102.70858283433128
403	38	1	146.90219560878242	187.2614770459082
403	39	1	144.9521912350597	157.14143426294814
403	40	1	161.81799999999978	146.40200000000002
403	41	1	112.73253493013966	163.748502994012
403	42	1	82.17764471057883	24.736526946107777
403	43	1	57.20758483033927	79.89021956087821
403	44	1	11.00998003992016	101.07385229540914
403	45	1	116.13772455089826	133.31936127744532
404	1	2	4.959999999999995	4.979999999999998
404	2	2	4.944	45.03600000000001
404	3	2	4.877049180327865	84.87704918032787
404	4	2	4.877049180327865	125.1229508196721
404	5	2	5.036000000000001	164.9400000000001
404	6	2	45.027999999999984	4.912000000000001
404	7	2	45.00000000000003	45.00000000000002
404	8	2	45.132	85.40399999999994
404	9	2	45.00000000000003	124.99999999999997
404	10	2	45.012	165.10399999999987
404	11	2	84.87704918032783	5.1229508196721305
404	12	2	85.01200000000003	45.040000000000006
404	13	2	84.952	84.93999999999998
404	14	2	85.01600000000005	125.156
404	15	2	85.52479338842977	165.68595041322322
404	16	2	124.69999999999996	5.000000000000002
404	17	2	124.89200000000002	45.06400000000003
404	18	2	125.03599999999999	84.83200000000001
404	19	2	125.13199999999999	124.59600000000003
404	20	2	125.25714285714291	165.51428571428562
404	21	2	165.03599999999994	5.088
404	22	2	164.97999999999996	45.10399999999999
404	23	2	164.87999999999994	85.09200000000003
404	24	2	164.99999999999994	124.99999999999997
404	25	2	164.90400000000002	164.86799999999994
404	26	1	22.916334661354593	125.68127490039828
404	27	1	65.66866267465065	180.1836327345309
404	28	1	113.67664670658687	145.07984031936132
404	29	1	28.318000000000005	104.83200000000004
404	30	1	19.499001996007998	77.28742514970055
404	31	1	39.285999999999945	65.81400000000001
404	32	1	158.50099800399224	65.24351297405184
404	33	1	78.96799999999996	158.8760000000001
404	34	1	94.36327345309374	173.74650698602795
404	35	1	185.18924302788847	183.679282868526
404	36	1	146.06972111553776	128.57768924302786
404	37	1	65.1319999999999	102.71000000000001
404	38	1	146.90618762475063	187.06187624750487
404	39	1	144.84400000000014	157.00400000000005
404	40	1	161.8079999999999	146.58399999999997
404	41	1	112.75848303393201	163.8383233532934
404	42	1	82.28742514970065	24.89221556886228
404	43	1	57.24750499001997	79.67265469061876
404	44	1	11.159680638722559	101.03592814371254
404	45	1	116.20641282565131	133.36873747494988
405	1	2	4.959999999999995	4.979999999999998
405	2	2	4.944	45.03600000000001
405	3	2	4.877049180327865	84.87704918032787
405	4	2	4.877049180327865	125.1229508196721
405	5	2	5.036000000000001	164.9400000000001
405	6	2	45.027999999999984	4.912000000000001
405	7	2	45.00000000000003	45.00000000000002
405	8	2	45.132	85.40399999999994
405	9	2	45.00000000000003	124.99999999999997
405	10	2	45.012	165.10399999999987
405	11	2	84.87704918032783	5.1229508196721305
405	12	2	85.01200000000003	45.040000000000006
405	13	2	84.952	84.93999999999998
405	14	2	85.01600000000005	125.156
405	15	2	85.52479338842977	165.68595041322322
405	16	2	124.69999999999996	5.000000000000002
405	17	2	124.89200000000002	45.06400000000003
405	18	2	125.03599999999999	84.83200000000001
405	19	2	125.13199999999999	124.59600000000003
405	20	2	125.25714285714291	165.51428571428562
405	21	2	165.03599999999994	5.088
405	22	2	164.97999999999996	45.10399999999999
405	23	2	164.87999999999994	85.09200000000003
405	24	2	164.99999999999994	124.99999999999997
405	25	2	164.90400000000002	164.86799999999994
405	26	1	23.063999999999982	125.54799999999999
405	27	1	65.722	180.26200000000014
405	28	1	113.68200000000004	145.08599999999993
405	29	1	28.274000000000008	104.83999999999995
405	30	1	19.56287425149702	77.3373253493014
405	31	1	39.0039920159681	65.65069860279428
405	32	1	158.4770459081836	65.19161676646705
405	33	1	78.90219560878245	158.84830339321343
405	34	1	94.384	173.65400000000008
405	35	1	185.192	183.69800000000004
405	36	1	146.0219560878243	128.4570858283433
405	37	1	65.10978043912172	102.72455089820362
405	38	1	146.96407185628766	186.7485029940118
405	39	1	144.82199999999992	156.89199999999988
405	40	1	161.7904191616767	146.5908183632735
405	41	1	112.77045908183631	163.88023952095784
405	42	1	82.25799999999997	24.878000000000025
405	43	1	57.20318725099598	79.41633466135461
405	44	1	11.179999999999994	101.098
405	45	1	116.22399999999998	133.40000000000015
406	1	2	4.959999999999995	4.979999999999998
406	2	2	4.944	45.03600000000001
406	3	2	4.877049180327865	84.87704918032787
406	4	2	4.877049180327865	125.1229508196721
406	5	2	5.036000000000001	164.9400000000001
406	6	2	45.027999999999984	4.912000000000001
406	7	2	45.00000000000003	45.00000000000002
406	8	2	45.132	85.40399999999994
406	9	2	45.00000000000003	124.99999999999997
406	10	2	45.012	165.10399999999987
406	11	2	84.87704918032783	5.1229508196721305
406	12	2	85.01200000000003	45.040000000000006
406	13	2	84.952	84.93999999999998
406	14	2	85.01600000000005	125.156
406	15	2	85.52479338842977	165.68595041322322
406	16	2	124.69999999999996	5.000000000000002
406	17	2	124.89200000000002	45.06400000000003
406	18	2	125.03599999999999	84.83200000000001
406	19	2	125.13199999999999	124.59600000000003
406	20	2	125.25714285714291	165.51428571428562
406	21	2	165.03599999999994	5.088
406	22	2	164.97999999999996	45.10399999999999
406	23	2	164.87999999999994	85.09200000000003
406	24	2	164.99999999999994	124.99999999999997
406	25	2	164.90400000000002	164.86799999999994
406	26	1	23.005988023952096	125.63073852295412
406	27	1	65.82200000000002	180.28400000000002
406	28	1	113.70259481037925	145.1057884231537
406	29	1	28.137450199203183	104.87848605577689
406	30	1	19.58	77.30999999999999
406	31	1	38.87250996015937	65.62350597609556
406	32	1	158.5269461077844	65.16566866267459
406	33	1	78.8902195608783	158.80838323353308
406	34	1	94.35399999999993	173.5860000000002
406	35	1	185.1377245508982	183.67864271457074
406	36	1	145.94211576846305	128.12974051896202
406	37	1	65.08782435129746	102.77045908183631
406	38	1	146.9820359281438	186.5788423153694
406	39	1	144.78884462151387	156.84860557768914
406	40	1	161.66533864541836	146.61752988047795
406	41	1	112.798	163.98199999999997
406	42	1	82.36127744510983	24.928143712574837
406	43	1	57.20999999999997	79.32600000000001
406	44	1	11.143712574850303	101.14371257485034
406	45	1	116.22399999999998	133.40000000000015
407	1	2	4.959999999999995	4.979999999999998
407	2	2	4.944	45.03600000000001
407	3	2	4.877049180327865	84.87704918032787
407	4	2	4.877049180327865	125.1229508196721
407	5	2	5.036000000000001	164.9400000000001
407	6	2	45.027999999999984	4.912000000000001
407	7	2	45.00000000000003	45.00000000000002
407	8	2	45.132	85.40399999999994
407	9	2	45.00000000000003	124.99999999999997
407	10	2	45.012	165.10399999999987
407	11	2	84.87704918032783	5.1229508196721305
407	12	2	85.01200000000003	45.040000000000006
407	13	2	84.952	84.93999999999998
407	14	2	85.01600000000005	125.156
407	15	2	85.52479338842977	165.68595041322322
407	16	2	124.69999999999996	5.000000000000002
407	17	2	124.89200000000002	45.06400000000003
407	18	2	125.03599999999999	84.83200000000001
407	19	2	125.13199999999999	124.59600000000003
407	20	2	125.25714285714291	165.51428571428562
407	21	2	165.03599999999994	5.088
407	22	2	164.97999999999996	45.10399999999999
407	23	2	164.87999999999994	85.09200000000003
407	24	2	164.99999999999994	124.99999999999997
407	25	2	164.90400000000002	164.86799999999994
407	26	1	23.039920159680655	125.60079840319374
407	27	1	65.89000000000006	180.35200000000003
407	28	1	113.70259481037925	145.1057884231537
407	29	1	28.08383233532933	104.90818363273449
407	30	1	19.53000000000001	77.29599999999996
407	31	1	38.74251497005989	65.62075848303394
407	32	1	158.4750499001996	65.13972055888216
407	33	1	78.92799999999997	158.7019999999999
407	34	1	94.34200000000006	173.55599999999995
407	35	1	185.06586826347305	183.73053892215572
407	36	1	145.87600000000018	127.91400000000002
407	37	1	65.05189620758483	102.69061876247501
407	38	1	146.95418326693215	186.44621513944222
407	39	1	144.71912350597623	156.72310756972107
407	40	1	161.61876247505	146.6267465069862
407	41	1	112.798	163.98199999999997
407	42	1	82.42514970059882	24.994011976047894
407	43	1	57.12400000000004	79.29400000000003
407	44	1	11.12948207171315	101.20119521912346
407	45	1	116.34730538922153	133.4071856287424
408	1	2	4.959999999999995	4.979999999999998
408	2	2	4.944	45.03600000000001
408	3	2	4.877049180327865	84.87704918032787
408	4	2	4.877049180327865	125.1229508196721
408	5	2	5.036000000000001	164.9400000000001
408	6	2	45.027999999999984	4.912000000000001
408	7	2	45.00000000000003	45.00000000000002
408	8	2	45.132	85.40399999999994
408	9	2	45.00000000000003	124.99999999999997
408	10	2	45.012	165.10399999999987
408	11	2	84.87704918032783	5.1229508196721305
408	12	2	85.01200000000003	45.040000000000006
408	13	2	84.952	84.93999999999998
408	14	2	85.01600000000005	125.156
408	15	2	85.52479338842977	165.68595041322322
408	16	2	124.69999999999996	5.000000000000002
408	17	2	124.89200000000002	45.06400000000003
408	18	2	125.03599999999999	84.83200000000001
408	19	2	125.13199999999999	124.59600000000003
408	20	2	125.25714285714291	165.51428571428562
408	21	2	165.03599999999994	5.088
408	22	2	164.97999999999996	45.10399999999999
408	23	2	164.87999999999994	85.09200000000003
408	24	2	164.99999999999994	124.99999999999997
408	25	2	164.90400000000002	164.86799999999994
408	26	1	23.16566866267464	125.46706586826345
408	27	1	65.89221556886235	180.39920159680636
408	28	1	113.79241516966067	145.14970059880255
408	29	1	27.96407185628743	104.89021956087831
408	30	1	19.456000000000014	77.26400000000004
408	31	1	38.459081836327336	65.73053892215572
408	32	1	158.46706586826335	65.0858283433133
408	33	1	78.9541832669322	158.65338645418325
408	34	1	94.35270541082154	173.48697394789593
408	35	1	185.00598802395209	183.81437125748513
408	36	1	145.7984031936127	127.70658682634722
408	37	1	64.96007984031937	102.64271457085825
408	38	1	146.78999999999985	186.26399999999998
408	39	1	144.68662674650696	156.66666666666669
408	40	1	161.50000000000023	146.73399999999984
408	41	1	112.83199999999998	164.07999999999998
408	42	1	82.54980079681269	25.087649402390443
408	43	1	57.09399999999997	78.92799999999995
408	44	1	11.095808383233532	101.31536926147707
408	45	1	116.34200000000003	133.39199999999994
409	1	2	4.959999999999995	4.979999999999998
409	2	2	4.944	45.03600000000001
409	3	2	4.877049180327865	84.87704918032787
409	4	2	4.877049180327865	125.1229508196721
409	5	2	5.036000000000001	164.9400000000001
409	6	2	45.027999999999984	4.912000000000001
409	7	2	45.00000000000003	45.00000000000002
409	8	2	45.132	85.40399999999994
409	9	2	45.00000000000003	124.99999999999997
409	10	2	45.012	165.10399999999987
409	11	2	84.87704918032783	5.1229508196721305
409	12	2	85.01200000000003	45.040000000000006
409	13	2	84.952	84.93999999999998
409	14	2	85.01600000000005	125.156
409	15	2	85.52479338842977	165.68595041322322
409	16	2	124.69999999999996	5.000000000000002
409	17	2	124.89200000000002	45.06400000000003
409	18	2	125.03599999999999	84.83200000000001
409	19	2	125.13199999999999	124.59600000000003
409	20	2	125.25714285714291	165.51428571428562
409	21	2	165.03599999999994	5.088
409	22	2	164.97999999999996	45.10399999999999
409	23	2	164.87999999999994	85.09200000000003
409	24	2	164.99999999999994	124.99999999999997
409	25	2	164.90400000000002	164.86799999999994
409	26	1	23.169660678642725	125.44910179640725
409	27	1	65.85429141716567	180.42315369261485
409	28	1	113.82000000000001	145.17399999999995
409	29	1	27.95219123505979	104.92828685258962
409	30	1	19.47200000000002	77.26799999999994
409	31	1	38.28286852589639	65.74900398406376
409	32	1	158.46706586826335	65.0858283433133
409	33	1	78.92600000000003	158.57800000000006
409	34	1	94.2948207171315	173.47211155378488
409	35	1	185.00597609561754	183.8486055776892
409	36	1	145.79681274900403	127.51792828685257
409	37	1	64.87824351297407	102.63473053892221
409	38	1	146.84661354581687	186.15737051792806
409	39	1	144.65600000000026	156.556
409	40	1	161.4750499001997	146.77045908183638
409	41	1	112.83199999999998	164.07999999999998
409	42	1	82.62624254473161	25.117296222664017
409	43	1	57.09800000000003	78.59599999999999
409	44	1	11.157684630738517	101.33732534930132
409	45	1	116.46107784431132	133.42115768463066
410	1	2	4.959999999999995	4.979999999999998
410	2	2	4.944	45.03600000000001
410	3	2	4.877049180327865	84.87704918032787
410	4	2	4.877049180327865	125.1229508196721
410	5	2	5.036000000000001	164.9400000000001
410	6	2	45.027999999999984	4.912000000000001
410	7	2	45.00000000000003	45.00000000000002
410	8	2	45.132	85.40399999999994
410	9	2	45.00000000000003	124.99999999999997
410	10	2	45.012	165.10399999999987
410	11	2	84.87704918032783	5.1229508196721305
410	12	2	85.01200000000003	45.040000000000006
410	13	2	84.952	84.93999999999998
410	14	2	85.01600000000005	125.156
410	15	2	85.52479338842977	165.68595041322322
410	16	2	124.69999999999996	5.000000000000002
410	17	2	124.89200000000002	45.06400000000003
410	18	2	125.03599999999999	84.83200000000001
410	19	2	125.13199999999999	124.59600000000003
410	20	2	125.25714285714291	165.51428571428562
410	21	2	165.03599999999994	5.088
410	22	2	164.97999999999996	45.10399999999999
410	23	2	164.87999999999994	85.09200000000003
410	24	2	164.99999999999994	124.99999999999997
410	25	2	164.90400000000002	164.86799999999994
410	26	1	23.099800399201595	125.49900199600799
410	27	1	65.90199999999997	180.4079999999997
410	28	1	113.81237524950099	145.18163672654677
410	29	1	27.776447105788424	105.0179640718563
410	30	1	19.52399999999998	77.41400000000009
410	31	1	38.00798403193612	65.85029940119755
410	32	1	158.46706586826335	65.0858283433133
410	33	1	78.95009980039916	158.51297405189624
410	34	1	94.2375249500999	173.44710578842327
410	35	1	184.92415169660677	183.86826347305393
410	36	1	145.85429141716588	127.40918163672646
410	37	1	64.81000000000004	102.62999999999994
410	38	1	147.00798403193613	185.91217564870252
410	39	1	144.6047904191617	156.45908183632716
410	40	1	161.4721115537849	146.91832669322696
410	41	1	112.83599999999991	164.1980000000001
410	42	1	82.74302788844619	25.197211155378472
410	43	1	56.92828685258967	78.40239043824707
410	44	1	10.996015936254976	101.47211155378486
410	45	1	116.55289421157683	133.43113772455064
411	1	2	4.959999999999995	4.979999999999998
411	2	2	4.944	45.03600000000001
411	3	2	4.877049180327865	84.87704918032787
411	4	2	4.877049180327865	125.1229508196721
411	5	2	5.036000000000001	164.9400000000001
411	6	2	45.027999999999984	4.912000000000001
411	7	2	45.00000000000003	45.00000000000002
411	8	2	45.132	85.40399999999994
411	9	2	45.00000000000003	124.99999999999997
411	10	2	45.012	165.10399999999987
411	11	2	84.87704918032783	5.1229508196721305
411	12	2	85.01200000000003	45.040000000000006
411	13	2	84.952	84.93999999999998
411	14	2	85.01600000000005	125.156
411	15	2	85.52479338842977	165.68595041322322
411	16	2	124.69999999999996	5.000000000000002
411	17	2	124.89200000000002	45.06400000000003
411	18	2	125.03599999999999	84.83200000000001
411	19	2	125.13199999999999	124.59600000000003
411	20	2	125.25714285714291	165.51428571428562
411	21	2	165.03599999999994	5.088
411	22	2	164.97999999999996	45.10399999999999
411	23	2	164.87999999999994	85.09200000000003
411	24	2	164.99999999999994	124.99999999999997
411	25	2	164.90400000000002	164.86799999999994
411	26	1	23.137724550898184	125.58283433133721
411	27	1	66.0199600798404	180.44910179640712
411	28	1	113.93587174348698	145.21242484969946
411	29	1	27.506958250497007	105.14711729622258
411	30	1	19.448	77.44400000000003
411	31	1	37.75449101796408	65.8922155688622
411	32	1	158.48199999999989	65.06000000000006
411	33	1	78.91417165668662	158.53892215568862
411	34	1	94.31200000000001	173.3600000000001
411	35	1	184.89399999999998	183.8900000000002
411	36	1	145.7764471057885	127.18562874251494
411	37	1	64.7904191616767	102.63073852295406
411	38	1	146.94211576846325	185.8443113772454
411	39	1	144.6075697211155	156.20517928286858
411	40	1	161.53600000000017	146.89
411	41	1	112.85429141716565	164.243512974052
411	42	1	82.76047904191624	25.21357285429143
411	43	1	56.860279441117804	78.15169660678646
411	44	1	10.950000000000003	101.56000000000003
411	45	1	116.54600000000009	133.44000000000005
412	1	2	4.959999999999995	4.979999999999998
412	2	2	4.944	45.03600000000001
412	3	2	4.877049180327865	84.87704918032787
412	4	2	4.877049180327865	125.1229508196721
412	5	2	5.036000000000001	164.9400000000001
412	6	2	45.027999999999984	4.912000000000001
412	7	2	45.00000000000003	45.00000000000002
412	8	2	45.132	85.40399999999994
412	9	2	45.00000000000003	124.99999999999997
412	10	2	45.012	165.10399999999987
412	11	2	84.87704918032783	5.1229508196721305
412	12	2	85.01200000000003	45.040000000000006
412	13	2	84.952	84.93999999999998
412	14	2	85.01600000000005	125.156
412	15	2	85.52479338842977	165.68595041322322
412	16	2	124.69999999999996	5.000000000000002
412	17	2	124.89200000000002	45.06400000000003
412	18	2	125.03599999999999	84.83200000000001
412	19	2	125.13199999999999	124.59600000000003
412	20	2	125.25714285714291	165.51428571428562
412	21	2	165.03599999999994	5.088
412	22	2	164.97999999999996	45.10399999999999
412	23	2	164.87999999999994	85.09200000000003
412	24	2	164.99999999999994	124.99999999999997
412	25	2	164.90400000000002	164.86799999999994
412	26	1	23.069860279441123	125.67664670658688
412	27	1	66.16199999999989	180.48999999999998
412	28	1	113.99599198396794	145.2364729458918
412	29	1	27.546906187624767	105.20758483033924
412	30	1	19.51097804391217	77.4650698602795
412	31	1	37.57085828343312	65.81437125748498
412	32	1	158.50898203592808	65.01397205588825
412	33	1	78.92399999999996	158.50799999999995
412	34	1	94.25200000000001	173.32600000000014
412	35	1	184.92015968063873	183.90019960079815
412	36	1	145.70858283433157	127.00199600798396
412	37	1	64.74051896207585	102.67465069860278
412	38	1	146.94023904382453	185.68326693227093
412	39	1	144.60159362549797	156.09362549800815
412	40	1	161.6127744510979	146.86027944111777
412	41	1	112.8622754491017	164.27544910179637
412	42	1	82.83233532934129	25.26347305389221
412	43	1	56.808383233532965	77.86427145708576
412	44	1	11.124000000000002	101.58199999999994
412	45	1	116.62400000000005	133.482
413	1	2	4.959999999999995	4.979999999999998
413	2	2	4.944	45.03600000000001
413	3	2	4.877049180327865	84.87704918032787
413	4	2	4.877049180327865	125.1229508196721
413	5	2	5.036000000000001	164.9400000000001
413	6	2	45.027999999999984	4.912000000000001
413	7	2	45.00000000000003	45.00000000000002
413	8	2	45.132	85.40399999999994
413	9	2	45.00000000000003	124.99999999999997
413	10	2	45.012	165.10399999999987
413	11	2	84.87704918032783	5.1229508196721305
413	12	2	85.01200000000003	45.040000000000006
413	13	2	84.952	84.93999999999998
413	14	2	85.01600000000005	125.156
413	15	2	85.52479338842977	165.68595041322322
413	16	2	124.69999999999996	5.000000000000002
413	17	2	124.89200000000002	45.06400000000003
413	18	2	125.03599999999999	84.83200000000001
413	19	2	125.13199999999999	124.59600000000003
413	20	2	125.25714285714291	165.51428571428562
413	21	2	165.03599999999994	5.088
413	22	2	164.97999999999996	45.10399999999999
413	23	2	164.87999999999994	85.09200000000003
413	24	2	164.99999999999994	124.99999999999997
413	25	2	164.90400000000002	164.86799999999994
413	26	1	22.98802395209582	125.78243512974043
413	27	1	66.34599999999996	180.55800000000013
413	28	1	114.12199999999997	145.268
413	29	1	27.33799999999999	105.31599999999993
413	30	1	19.510978043912168	77.4630738522954
413	31	1	37.399999999999956	65.83999999999995
413	32	1	158.52599999999995	65.00000000000001
413	33	1	78.8780000000001	158.43200000000004
413	34	1	94.246	173.22200000000024
413	35	1	184.9880239520958	183.99401197604794
413	36	1	145.66067864271457	126.80838323353288
413	37	1	64.64000000000004	102.69599999999991
413	38	1	147.08565737051785	185.37250996015925
413	39	1	144.66334661354574	155.9302788844623
413	40	1	161.63073852295406	146.8522954091816
413	41	1	112.91017964071865	164.3353293413173
413	42	1	82.89641434262953	25.304780876494032
413	43	1	56.70916334661354	77.64741035856555
413	44	1	11.146000000000003	101.57199999999989
413	45	1	116.62400000000005	133.482
414	1	2	4.959999999999995	4.979999999999998
414	2	2	4.944	45.03600000000001
414	3	2	4.877049180327865	84.87704918032787
414	4	2	4.877049180327865	125.1229508196721
414	5	2	5.036000000000001	164.9400000000001
414	6	2	45.027999999999984	4.912000000000001
414	7	2	45.00000000000003	45.00000000000002
414	8	2	45.132	85.40399999999994
414	9	2	45.00000000000003	124.99999999999997
414	10	2	45.012	165.10399999999987
414	11	2	84.87704918032783	5.1229508196721305
414	12	2	85.01200000000003	45.040000000000006
414	13	2	84.952	84.93999999999998
414	14	2	85.01600000000005	125.156
414	15	2	85.52479338842977	165.68595041322322
414	16	2	124.69999999999996	5.000000000000002
414	17	2	124.89200000000002	45.06400000000003
414	18	2	125.03599999999999	84.83200000000001
414	19	2	125.13199999999999	124.59600000000003
414	20	2	125.25714285714291	165.51428571428562
414	21	2	165.03599999999994	5.088
414	22	2	164.97999999999996	45.10399999999999
414	23	2	164.87999999999994	85.09200000000003
414	24	2	164.99999999999994	124.99999999999997
414	25	2	164.90400000000002	164.86799999999994
414	26	1	23.033932135728538	125.79041916167668
414	27	1	66.43599999999995	180.6559999999999
414	28	1	114.14371257485024	145.24950099800398
414	29	1	27.336653386454202	105.41035856573704
414	30	1	19.534791252485093	77.48508946322065
414	31	1	37.28087649402389	65.81274900398404
414	32	1	158.54491017964062	64.99401197604796
414	33	1	78.76447105788425	158.42714570858286
414	34	1	94.21556886227549	173.13972055888226
414	35	1	185.03199999999998	184.05399999999997
414	36	1	145.7635270541083	126.67134268537072
414	37	1	64.60279441117767	102.7345309381237
414	38	1	147.13972055888206	185.16966067864286
414	39	1	144.5728542914172	155.76247504990025
414	40	1	161.59680638722566	146.8742514970059
414	41	1	112.92614770459073	164.42514970059867
414	42	1	82.96207584830341	25.38323353293412
414	43	1	56.67465069860271	77.29940119760485
414	44	1	11.123752495009972	101.63672654690626
414	45	1	116.8203592814371	133.51696606786436
415	1	2	4.959999999999995	4.979999999999998
415	2	2	4.944	45.03600000000001
415	3	2	4.877049180327865	84.87704918032787
415	4	2	4.877049180327865	125.1229508196721
415	5	2	5.036000000000001	164.9400000000001
415	6	2	45.027999999999984	4.912000000000001
415	7	2	45.00000000000003	45.00000000000002
415	8	2	45.132	85.40399999999994
415	9	2	45.00000000000003	124.99999999999997
415	10	2	45.012	165.10399999999987
415	11	2	84.87704918032783	5.1229508196721305
415	12	2	85.01200000000003	45.040000000000006
415	13	2	84.952	84.93999999999998
415	14	2	85.01600000000005	125.156
415	15	2	85.52479338842977	165.68595041322322
415	16	2	124.69999999999996	5.000000000000002
415	17	2	124.89200000000002	45.06400000000003
415	18	2	125.03599999999999	84.83200000000001
415	19	2	125.13199999999999	124.59600000000003
415	20	2	125.25714285714291	165.51428571428562
415	21	2	165.03599999999994	5.088
415	22	2	164.97999999999996	45.10399999999999
415	23	2	164.87999999999994	85.09200000000003
415	24	2	164.99999999999994	124.99999999999997
415	25	2	164.90400000000002	164.86799999999994
415	26	1	23.055776892430288	125.81673306772907
415	27	1	66.40119760479041	180.6566866267465
415	28	1	114.26946107784433	145.27744510978047
415	29	1	27.34462151394424	105.45816733067727
415	30	1	19.572000000000006	77.49800000000002
415	31	1	37.14171656686625	65.7944111776447
415	32	1	158.55888223552896	64.99800399201598
415	33	1	78.81000000000003	158.37400000000028
415	34	1	94.19760479041913	173.0918163672653
415	35	1	184.94610778443112	184.19560878243504
415	36	1	145.79640718562877	126.46506986027948
415	37	1	64.54690618762474	102.68463073852298
415	38	1	147.18924302788844	184.97410358565745
415	39	1	144.51799999999986	155.52199999999993
415	40	1	161.59680638722543	146.89620758483025
415	41	1	112.87599999999995	164.51199999999977
415	42	1	83.12948207171316	25.390438247011943
415	43	1	56.614770459081825	76.98802395209584
415	44	1	11.195608782435132	101.64870259481046
415	45	1	116.85199999999998	133.53800000000007
416	1	2	4.959999999999995	4.979999999999998
416	2	2	4.944	45.03600000000001
416	3	2	4.877049180327865	84.87704918032787
416	4	2	4.877049180327865	125.1229508196721
416	5	2	5.036000000000001	164.9400000000001
416	6	2	45.027999999999984	4.912000000000001
416	7	2	45.00000000000003	45.00000000000002
416	8	2	45.132	85.40399999999994
416	9	2	45.00000000000003	124.99999999999997
416	10	2	45.012	165.10399999999987
416	11	2	84.87704918032783	5.1229508196721305
416	12	2	85.01200000000003	45.040000000000006
416	13	2	84.952	84.93999999999998
416	14	2	85.01600000000005	125.156
416	15	2	85.52479338842977	165.68595041322322
416	16	2	124.69999999999996	5.000000000000002
416	17	2	124.89200000000002	45.06400000000003
416	18	2	125.03599999999999	84.83200000000001
416	19	2	125.13199999999999	124.59600000000003
416	20	2	125.25714285714291	165.51428571428562
416	21	2	165.03599999999994	5.088
416	22	2	164.97999999999996	45.10399999999999
416	23	2	164.87999999999994	85.09200000000003
416	24	2	164.99999999999994	124.99999999999997
416	25	2	164.90400000000002	164.86799999999994
416	26	1	22.924151696606803	125.98802395209583
416	27	1	66.38446215139449	180.68924302788847
416	28	1	114.33333333333337	145.31936127744504
416	29	1	27.343313373253512	105.5349301397205
416	30	1	19.520958083832326	77.51297405189631
416	31	1	37.01596806387223	65.72654690618756
416	32	1	158.56087824351278	64.99800399201598
416	33	1	78.80239520958084	158.3572854291418
416	34	1	94.14171656686625	173.12375249501017
416	35	1	184.94810379241517	184.22155688622766
416	36	1	145.7960000000001	126.23600000000005
416	37	1	64.45219123505979	102.76095617529886
416	38	1	147.24151696606802	184.72055888223545
416	39	1	144.4521912350599	155.2151394422311
416	40	1	161.68525896414346	146.94023904382465
416	41	1	112.85999999999997	164.5679999999999
416	42	1	83.18962075848309	25.433133732534923
416	43	1	56.54690618762476	76.75648702594806
416	44	1	11.325349301397194	101.686626746507
416	45	1	116.87425149700596	133.52095808383237
417	1	2	4.959999999999995	4.979999999999998
417	2	2	4.944	45.03600000000001
417	3	2	4.877049180327865	84.87704918032787
417	4	2	4.877049180327865	125.1229508196721
417	5	2	5.036000000000001	164.9400000000001
417	6	2	45.027999999999984	4.912000000000001
417	7	2	45.00000000000003	45.00000000000002
417	8	2	45.132	85.40399999999994
417	9	2	45.00000000000003	124.99999999999997
417	10	2	45.012	165.10399999999987
417	11	2	84.87704918032783	5.1229508196721305
417	12	2	85.01200000000003	45.040000000000006
417	13	2	84.952	84.93999999999998
417	14	2	85.01600000000005	125.156
417	15	2	85.52479338842977	165.68595041322322
417	16	2	124.69999999999996	5.000000000000002
417	17	2	124.89200000000002	45.06400000000003
417	18	2	125.03599999999999	84.83200000000001
417	19	2	125.13199999999999	124.59600000000003
417	20	2	125.25714285714291	165.51428571428562
417	21	2	165.03599999999994	5.088
417	22	2	164.97999999999996	45.10399999999999
417	23	2	164.87999999999994	85.09200000000003
417	24	2	164.99999999999994	124.99999999999997
417	25	2	164.90400000000002	164.86799999999994
417	26	1	22.910179640718578	126.0818363273454
417	27	1	66.38123752495008	180.70059880239523
417	28	1	114.414	145.3559999999999
417	29	1	27.313373253493022	105.65668662674652
417	30	1	19.5808383233533	77.58483033932148
417	31	1	36.818000000000005	65.71400000000006
417	32	1	158.54199999999992	65.00399999999998
417	33	1	78.86826347305389	158.26546906187602
417	34	1	94.04200000000002	173.14999999999995
417	35	1	184.95808383233532	184.27345309381244
417	36	1	145.76000000000005	125.94399999999996
417	37	1	64.2908366533864	102.83665338645419
417	38	1	147.14143426294805	184.60557768924306
417	39	1	144.4111776447107	154.93213572854307
417	40	1	161.62948207171326	146.95219123505976
417	41	1	112.80039920159682	164.6427145708583
417	42	1	83.26546906187632	25.435129740518974
417	43	1	56.464143426294825	76.20717131474102
417	44	1	11.364541832669332	101.7330677290837
417	45	1	116.97005988023956	133.53293413173654
418	1	2	4.959999999999995	4.979999999999998
418	2	2	4.944	45.03600000000001
418	3	2	4.877049180327865	84.87704918032787
418	4	2	4.877049180327865	125.1229508196721
418	5	2	5.036000000000001	164.9400000000001
418	6	2	45.027999999999984	4.912000000000001
418	7	2	45.00000000000003	45.00000000000002
418	8	2	45.132	85.40399999999994
418	9	2	45.00000000000003	124.99999999999997
418	10	2	45.012	165.10399999999987
418	11	2	84.87704918032783	5.1229508196721305
418	12	2	85.01200000000003	45.040000000000006
418	13	2	84.952	84.93999999999998
418	14	2	85.01600000000005	125.156
418	15	2	85.52479338842977	165.68595041322322
418	16	2	124.69999999999996	5.000000000000002
418	17	2	124.89200000000002	45.06400000000003
418	18	2	125.03599999999999	84.83200000000001
418	19	2	125.13199999999999	124.59600000000003
418	20	2	125.25714285714291	165.51428571428562
418	21	2	165.03599999999994	5.088
418	22	2	164.97999999999996	45.10399999999999
418	23	2	164.87999999999994	85.09200000000003
418	24	2	164.99999999999994	124.99999999999997
418	25	2	164.90400000000002	164.86799999999994
418	26	1	22.932	126.15000000000009
418	27	1	66.45708582834328	180.79041916167654
418	28	1	114.45109780439125	145.38123752495002
418	29	1	27.239520958083826	105.810379241517
418	30	1	19.596806387225563	77.59281437125755
418	31	1	36.530938123752485	65.88822355289423
418	32	1	158.56487025948084	64.8922155688623
418	33	1	78.81400000000004	158.33200000000002
418	34	1	94.07199999999999	173.09200000000027
418	35	1	184.96	184.2880000000001
418	36	1	145.69123505976086	125.60756972111548
418	37	1	64.268	102.89800000000004
418	38	1	147.06986027944103	184.45908183632721
418	39	1	144.2914171656686	154.7824351297406
418	40	1	161.44311377245523	147.003992015968
418	41	1	112.82599999999994	164.6620000000002
418	42	1	83.42914171656693	25.38922155688623
418	43	1	56.33001988071565	76.05566600397604
418	44	1	11.397205588822354	101.7265469061876
418	45	1	117.04391217564871	133.52495009980035
419	1	2	4.959999999999995	4.979999999999998
419	2	2	4.944	45.03600000000001
419	3	2	4.877049180327865	84.87704918032787
419	4	2	4.877049180327865	125.1229508196721
419	5	2	5.036000000000001	164.9400000000001
419	6	2	45.027999999999984	4.912000000000001
419	7	2	45.00000000000003	45.00000000000002
419	8	2	45.132	85.40399999999994
419	9	2	45.00000000000003	124.99999999999997
419	10	2	45.012	165.10399999999987
419	11	2	84.87704918032783	5.1229508196721305
419	12	2	85.01200000000003	45.040000000000006
419	13	2	84.952	84.93999999999998
419	14	2	85.01600000000005	125.156
419	15	2	85.52479338842977	165.68595041322322
419	16	2	124.69999999999996	5.000000000000002
419	17	2	124.89200000000002	45.06400000000003
419	18	2	125.03599999999999	84.83200000000001
419	19	2	125.13199999999999	124.59600000000003
419	20	2	125.25714285714291	165.51428571428562
419	21	2	165.03599999999994	5.088
419	22	2	164.97999999999996	45.10399999999999
419	23	2	164.87999999999994	85.09200000000003
419	24	2	164.99999999999994	124.99999999999997
419	25	2	164.90400000000002	164.86799999999994
419	26	1	22.942115768463065	126.1497005988025
419	27	1	66.52694610778443	180.82235528942115
419	28	1	114.49301397205592	145.4211576846307
419	29	1	27.195608782435134	105.87025948103785
419	30	1	19.686626746506974	77.6407185628743
419	31	1	36.371257485029965	65.85628742514962
419	32	1	158.56886227544916	64.84830339321363
419	33	1	78.73599999999998	158.26400000000018
419	34	1	94.15799999999992	172.916
419	35	1	185.00998003992015	184.29940119760474
419	36	1	145.59960159362552	125.31075697211149
419	37	1	64.2834331337325	103.01596806387226
419	38	1	147.23904382470147	184.2051792828685
419	39	1	144.207171314741	154.6035856573706
419	40	1	161.3406374501992	146.94621513944222
419	41	1	112.78443113772455	164.73852295409185
419	42	1	83.48902195608787	25.45908183632736
419	43	1	56.19599999999996	76.07800000000005
419	44	1	11.498007968127485	101.80079681274903
419	45	1	117.09362549800798	133.54183266932267
420	1	2	4.959999999999995	4.979999999999998
420	2	2	4.944	45.03600000000001
420	3	2	4.877049180327865	84.87704918032787
420	4	2	4.877049180327865	125.1229508196721
420	5	2	5.036000000000001	164.9400000000001
420	6	2	45.027999999999984	4.912000000000001
420	7	2	45.00000000000003	45.00000000000002
420	8	2	45.132	85.40399999999994
420	9	2	45.00000000000003	124.99999999999997
420	10	2	45.012	165.10399999999987
420	11	2	84.87704918032783	5.1229508196721305
420	12	2	85.01200000000003	45.040000000000006
420	13	2	84.952	84.93999999999998
420	14	2	85.01600000000005	125.156
420	15	2	85.52479338842977	165.68595041322322
420	16	2	124.69999999999996	5.000000000000002
420	17	2	124.89200000000002	45.06400000000003
420	18	2	125.03599999999999	84.83200000000001
420	19	2	125.13199999999999	124.59600000000003
420	20	2	125.25714285714291	165.51428571428562
420	21	2	165.03599999999994	5.088
420	22	2	164.97999999999996	45.10399999999999
420	23	2	164.87999999999994	85.09200000000003
420	24	2	164.99999999999994	124.99999999999997
420	25	2	164.90400000000002	164.86799999999994
420	26	1	22.94810379241518	126.18163672654677
420	27	1	66.6060000000001	180.81799999999996
420	28	1	114.51992031872508	145.4282868525895
420	29	1	27.09381237524951	105.90419161676638
420	30	1	19.681274900398392	77.6274900398407
420	31	1	36.141716566866265	65.85429141716561
420	32	1	158.58400000000003	64.82000000000004
420	33	1	78.72854291417161	158.18962075848307
420	34	1	94.20199999999996	172.8219999999998
420	35	1	185.002	184.338
420	36	1	145.6079999999999	125.20600000000005
420	37	1	64.18962075848303	103.13772455089813
420	38	1	147.25349301397196	184.0738522954091
420	39	1	144.20318725099588	154.573705179283
420	40	1	161.24950099800392	146.94810379241528
420	41	1	112.7604790419161	164.7465069860278
420	42	1	83.62350597609559	25.490039840637444
420	43	1	56.083832335329305	75.7964071856288
420	44	1	11.536926147704602	101.80638722554893
420	45	1	117.22954091816375	133.54291417165678
421	1	2	4.959999999999995	4.979999999999998
421	2	2	4.944	45.03600000000001
421	3	2	4.877049180327865	84.87704918032787
421	4	2	4.877049180327865	125.1229508196721
421	5	2	5.036000000000001	164.9400000000001
421	6	2	45.027999999999984	4.912000000000001
421	7	2	45.00000000000003	45.00000000000002
421	8	2	45.132	85.40399999999994
421	9	2	45.00000000000003	124.99999999999997
421	10	2	45.012	165.10399999999987
421	11	2	84.87704918032783	5.1229508196721305
421	12	2	85.01200000000003	45.040000000000006
421	13	2	84.952	84.93999999999998
421	14	2	85.01600000000005	125.156
421	15	2	85.52479338842977	165.68595041322322
421	16	2	124.69999999999996	5.000000000000002
421	17	2	124.89200000000002	45.06400000000003
421	18	2	125.03599999999999	84.83200000000001
421	19	2	125.13199999999999	124.59600000000003
421	20	2	125.25714285714291	165.51428571428562
421	21	2	165.03599999999994	5.088
421	22	2	164.97999999999996	45.10399999999999
421	23	2	164.87999999999994	85.09200000000003
421	24	2	164.99999999999994	124.99999999999997
421	25	2	164.90400000000002	164.86799999999994
421	26	1	23.14570858283435	126.07385229540917
421	27	1	66.70858283433132	180.8003992015969
421	28	1	114.57199999999993	145.45600000000002
421	29	1	27.09362549800797	105.95617529880475
421	30	1	19.67065868263472	77.624750499002
421	31	1	35.86055776892429	65.93625498007965
421	32	1	158.5848303393213	64.8542914171657
421	33	1	78.5421686746988	158.22289156626528
421	34	1	94.20159680638726	172.70459081836336
421	35	1	185.024	184.35000000000005
421	36	1	145.6806387225549	125.05988023952095
421	37	1	64.09400000000001	103.13599999999995
421	38	1	147.3972055888223	183.9241516966068
421	39	1	144.1693227091634	154.44820717131472
421	40	1	161.1776447105788	146.94810379241514
421	41	1	112.7844311377246	164.77245508982034
421	42	1	83.61232604373753	25.564612326043726
421	43	1	56.06400000000002	75.48400000000011
421	44	1	11.56886227544911	101.87824351297405
421	45	1	117.23752495009984	133.60479041916173
422	1	2	4.959999999999995	4.979999999999998
422	2	2	4.944	45.03600000000001
422	3	2	4.877049180327865	84.87704918032787
422	4	2	4.877049180327865	125.1229508196721
422	5	2	5.036000000000001	164.9400000000001
422	6	2	45.027999999999984	4.912000000000001
422	7	2	45.00000000000003	45.00000000000002
422	8	2	45.132	85.40399999999994
422	9	2	45.00000000000003	124.99999999999997
422	10	2	45.012	165.10399999999987
422	11	2	84.87704918032783	5.1229508196721305
422	12	2	85.01200000000003	45.040000000000006
422	13	2	84.952	84.93999999999998
422	14	2	85.01600000000005	125.156
422	15	2	85.52479338842977	165.68595041322322
422	16	2	124.69999999999996	5.000000000000002
422	17	2	124.89200000000002	45.06400000000003
422	18	2	125.03599999999999	84.83200000000001
422	19	2	125.13199999999999	124.59600000000003
422	20	2	125.25714285714291	165.51428571428562
422	21	2	165.03599999999994	5.088
422	22	2	164.97999999999996	45.10399999999999
422	23	2	164.87999999999994	85.09200000000003
422	24	2	164.99999999999994	124.99999999999997
422	25	2	164.90400000000002	164.86799999999994
422	26	1	23.097804391217554	126.0738522954093
422	27	1	66.97005988023946	180.83632734530937
422	28	1	114.57199999999993	145.45600000000002
422	29	1	27.072	106.01000000000006
422	30	1	19.68725099601595	77.64541832669315
422	31	1	35.59481037924148	65.8602794411177
422	32	1	158.5848303393213	64.84031936127744
422	33	1	78.358	158.24599999999984
422	34	1	94.23600000000002	172.57999999999987
422	35	1	184.99	184.37599999999998
422	36	1	145.6274900398407	124.93227091633473
422	37	1	63.84000000000003	103.13999999999996
422	38	1	147.40518962075853	183.79041916167665
422	39	1	144.13572854291434	154.31137724550916
422	40	1	161.12948207171317	146.8864541832669
422	41	1	112.80039920159682	164.7964071856287
422	42	1	83.74451097804388	25.586826347305404
422	43	1	55.974000000000025	75.07999999999997
422	44	1	11.61354581673307	101.90239043824697
422	45	1	117.21042084168334	133.6072144288577
423	1	2	4.959999999999995	4.979999999999998
423	2	2	4.944	45.03600000000001
423	3	2	4.877049180327865	84.87704918032787
423	4	2	4.877049180327865	125.1229508196721
423	5	2	5.036000000000001	164.9400000000001
423	6	2	45.027999999999984	4.912000000000001
423	7	2	45.00000000000003	45.00000000000002
423	8	2	45.132	85.40399999999994
423	9	2	45.00000000000003	124.99999999999997
423	10	2	45.012	165.10399999999987
423	11	2	84.87704918032783	5.1229508196721305
423	12	2	85.01200000000003	45.040000000000006
423	13	2	84.952	84.93999999999998
423	14	2	85.01600000000005	125.156
423	15	2	85.52479338842977	165.68595041322322
423	16	2	124.69999999999996	5.000000000000002
423	17	2	124.89200000000002	45.06400000000003
423	18	2	125.03599999999999	84.83200000000001
423	19	2	125.13199999999999	124.59600000000003
423	20	2	125.25714285714291	165.51428571428562
423	21	2	165.03599999999994	5.088
423	22	2	164.97999999999996	45.10399999999999
423	23	2	164.87999999999994	85.09200000000003
423	24	2	164.99999999999994	124.99999999999997
423	25	2	164.90400000000002	164.86799999999994
423	26	1	23.138000000000005	126.05600000000004
423	27	1	66.97005988023949	180.8123752495009
423	28	1	114.6107784431137	145.45309381237524
423	29	1	26.989999999999995	106.13400000000003
423	30	1	19.73852295409182	77.7524950099801
423	31	1	35.33999999999998	65.9460000000001
423	32	1	158.59081836327343	64.81437125748498
423	33	1	78.44111776447109	158.10978043912164
423	34	1	94.25548902195617	172.48702594810385
423	35	1	184.98399999999998	184.40400000000014
423	36	1	145.59081836327346	124.69061876247503
423	37	1	63.71656686626748	103.22355289421158
423	38	1	147.4351297405189	183.6746506986027
423	39	1	144.16733067729075	154.16533864541853
423	40	1	161.08782435129737	146.8363273453095
423	41	1	112.76799999999999	164.82399999999998
423	42	1	83.73306772908363	25.454183266932258
423	43	1	55.739043824701206	74.8625498007968
423	44	1	11.591999999999997	101.96799999999996
423	45	1	117.30139720558881	133.59081836327346
424	1	2	4.959999999999995	4.979999999999998
424	2	2	4.944	45.03600000000001
424	3	2	4.877049180327865	84.87704918032787
424	4	2	4.877049180327865	125.1229508196721
424	5	2	5.036000000000001	164.9400000000001
424	6	2	45.027999999999984	4.912000000000001
424	7	2	45.00000000000003	45.00000000000002
424	8	2	45.132	85.40399999999994
424	9	2	45.00000000000003	124.99999999999997
424	10	2	45.012	165.10399999999987
424	11	2	84.87704918032783	5.1229508196721305
424	12	2	85.01200000000003	45.040000000000006
424	13	2	84.952	84.93999999999998
424	14	2	85.01600000000005	125.156
424	15	2	85.52479338842977	165.68595041322322
424	16	2	124.69999999999996	5.000000000000002
424	17	2	124.89200000000002	45.06400000000003
424	18	2	125.03599999999999	84.83200000000001
424	19	2	125.13199999999999	124.59600000000003
424	20	2	125.25714285714291	165.51428571428562
424	21	2	165.03599999999994	5.088
424	22	2	164.97999999999996	45.10399999999999
424	23	2	164.87999999999994	85.09200000000003
424	24	2	164.99999999999994	124.99999999999997
424	25	2	164.90400000000002	164.86799999999994
424	26	1	23.16	126.05200000000006
424	27	1	66.87624750499002	180.82435129740523
424	28	1	114.73400000000001	145.53799999999998
424	29	1	27.016000000000002	106.16399999999999
424	30	1	19.736000000000004	77.80200000000004
424	31	1	35.1556886227545	65.98203592814372
424	32	1	158.60600000000005	64.78399999999999
424	33	1	78.40718562874264	158.1516966067865
424	34	1	94.19560878243516	172.52295409181633
424	35	1	185.00998003992015	184.3992015968066
424	36	1	145.53199999999993	124.48000000000003
424	37	1	63.6447105788423	103.23353293413176
424	38	1	147.34331337325347	183.55489021956103
424	39	1	144.21314741035857	154.08167330677293
424	40	1	161.02	146.7920000000002
424	41	1	112.75449101796407	164.85029940119762
424	42	1	83.8123752495011	25.479041916167667
424	43	1	55.58483033932134	74.6686626746508
424	44	1	11.610778443113768	102.08582834331337
424	45	1	117.40239043824691	133.61354581673308
425	1	2	4.959999999999995	4.979999999999998
425	2	2	4.944	45.03600000000001
425	3	2	4.877049180327865	84.87704918032787
425	4	2	4.877049180327865	125.1229508196721
425	5	2	5.036000000000001	164.9400000000001
425	6	2	45.027999999999984	4.912000000000001
425	7	2	45.00000000000003	45.00000000000002
425	8	2	45.132	85.40399999999994
425	9	2	45.00000000000003	124.99999999999997
425	10	2	45.012	165.10399999999987
425	11	2	84.87704918032783	5.1229508196721305
425	12	2	85.01200000000003	45.040000000000006
425	13	2	84.952	84.93999999999998
425	14	2	85.01600000000005	125.156
425	15	2	85.52479338842977	165.68595041322322
425	16	2	124.69999999999996	5.000000000000002
425	17	2	124.89200000000002	45.06400000000003
425	18	2	125.03599999999999	84.83200000000001
425	19	2	125.13199999999999	124.59600000000003
425	20	2	125.25714285714291	165.51428571428562
425	21	2	165.03599999999994	5.088
425	22	2	164.97999999999996	45.10399999999999
425	23	2	164.87999999999994	85.09200000000003
425	24	2	164.99999999999994	124.99999999999997
425	25	2	164.90400000000002	164.86799999999994
425	26	1	23.199203187251	126.01792828685257
425	27	1	66.928	180.88199999999998
425	28	1	114.80838323353298	145.59081836327337
425	29	1	27.009999999999984	106.22400000000005
425	30	1	19.718562874251493	77.82235528942117
425	31	1	35.00000000000001	65.96015936254985
425	32	1	158.60000000000005	64.78199999999998
425	33	1	78.39400000000003	158.1279999999999
425	34	1	94.0419161676647	172.5409181636727
425	35	1	185.0199600798403	184.4351297405189
425	36	1	145.58083832335316	124.35129740518964
425	37	1	63.51799999999996	103.37399999999998
425	38	1	147.29540918163678	183.53093812375243
425	39	1	144.1932270916335	154.05976095617535
425	40	1	160.92614770459082	146.82235528942104
425	41	1	112.72854291417164	164.93812375249493
425	42	1	83.87225548902198	25.495009980039924
425	43	1	55.51896207584827	74.3473053892216
425	44	1	11.650698602794419	102.11576846307388
425	45	1	117.48199999999999	133.65600000000003
426	1	2	4.959999999999995	4.979999999999998
426	2	2	4.944	45.03600000000001
426	3	2	4.877049180327865	84.87704918032787
426	4	2	4.877049180327865	125.1229508196721
426	5	2	5.036000000000001	164.9400000000001
426	6	2	45.027999999999984	4.912000000000001
426	7	2	45.00000000000003	45.00000000000002
426	8	2	45.132	85.40399999999994
426	9	2	45.00000000000003	124.99999999999997
426	10	2	45.012	165.10399999999987
426	11	2	84.87704918032783	5.1229508196721305
426	12	2	85.01200000000003	45.040000000000006
426	13	2	84.952	84.93999999999998
426	14	2	85.01600000000005	125.156
426	15	2	85.52479338842977	165.68595041322322
426	16	2	124.69999999999996	5.000000000000002
426	17	2	124.89200000000002	45.06400000000003
426	18	2	125.03599999999999	84.83200000000001
426	19	2	125.13199999999999	124.59600000000003
426	20	2	125.25714285714291	165.51428571428562
426	21	2	165.03599999999994	5.088
426	22	2	164.97999999999996	45.10399999999999
426	23	2	164.87999999999994	85.09200000000003
426	24	2	164.99999999999994	124.99999999999997
426	25	2	164.90400000000002	164.86799999999994
426	26	1	23.2	126.01599999999988
426	27	1	67.00400000000002	180.8860000000001
426	28	1	114.85199999999996	145.60600000000002
426	29	1	27.0179640718563	106.20758483033937
426	30	1	19.705179282868514	77.906374501992
426	31	1	34.88469184890654	65.9224652087475
426	32	1	158.62075848303388	64.75049900199602
426	33	1	78.38522954091817	158.11377245509
426	34	1	94.11976047904197	172.3672654690618
426	35	1	184.98203592814372	184.43113772455084
426	36	1	145.5776892430278	124.2908366533864
426	37	1	63.4610778443114	103.29940119760478
426	38	1	147.36852589641447	183.42231075697214
426	39	1	144.16566866267476	153.96806387225536
426	40	1	160.92215568862272	146.81037924151696
426	41	1	112.76693227091627	165.12350597609574
426	42	1	83.88047808764942	25.551792828685265
426	43	1	55.37848605577686	74.20916334661364
426	44	1	11.54183266932271	102.28884462151392
426	45	1	117.47799999999998	133.65799999999987
427	1	2	4.959999999999995	4.979999999999998
427	2	2	4.944	45.03600000000001
427	3	2	4.877049180327865	84.87704918032787
427	4	2	4.877049180327865	125.1229508196721
427	5	2	5.036000000000001	164.9400000000001
427	6	2	45.027999999999984	4.912000000000001
427	7	2	45.00000000000003	45.00000000000002
427	8	2	45.132	85.40399999999994
427	9	2	45.00000000000003	124.99999999999997
427	10	2	45.012	165.10399999999987
427	11	2	84.87704918032783	5.1229508196721305
427	12	2	85.01200000000003	45.040000000000006
427	13	2	84.952	84.93999999999998
427	14	2	85.01600000000005	125.156
427	15	2	85.52479338842977	165.68595041322322
427	16	2	124.69999999999996	5.000000000000002
427	17	2	124.89200000000002	45.06400000000003
427	18	2	125.03599999999999	84.83200000000001
427	19	2	125.13199999999999	124.59600000000003
427	20	2	125.25714285714291	165.51428571428562
427	21	2	165.03599999999994	5.088
427	22	2	164.97999999999996	45.10399999999999
427	23	2	164.87999999999994	85.09200000000003
427	24	2	164.99999999999994	124.99999999999997
427	25	2	164.90400000000002	164.86799999999994
427	26	1	23.201999999999998	126.05599999999993
427	27	1	67.024	180.93200000000004
427	28	1	114.86626746506984	145.62275449101796
427	29	1	26.997999999999994	106.32200000000003
427	30	1	19.754491017964074	77.91217564870257
427	31	1	34.82669322709163	65.89243027888448
427	32	1	158.63599999999988	64.72199999999998
427	33	1	78.40119760479033	158.00998003992012
427	34	1	93.93799999999993	172.40400000000002
427	35	1	184.97205588822354	184.40518962075853
427	36	1	145.60279441117774	124.26347305389227
427	37	1	63.351297405189634	103.3712574850299
427	38	1	147.31075697211156	183.3346613545817
427	39	1	144.2075848303393	153.928143712575
427	40	1	160.91999999999993	146.77800000000002
427	41	1	112.7270916334662	165.1354581673306
427	42	1	83.9143426294821	25.615537848605573
427	43	1	55.23952095808383	74.11776447105798
427	44	1	11.713147410358557	102.28087649402384
427	45	1	117.55200000000006	133.66599999999974
428	1	2	4.959999999999995	4.979999999999998
428	2	2	4.944	45.03600000000001
428	3	2	4.877049180327865	84.87704918032787
428	4	2	4.877049180327865	125.1229508196721
428	5	2	5.036000000000001	164.9400000000001
428	6	2	45.027999999999984	4.912000000000001
428	7	2	45.00000000000003	45.00000000000002
428	8	2	45.132	85.40399999999994
428	9	2	45.00000000000003	124.99999999999997
428	10	2	45.012	165.10399999999987
428	11	2	84.87704918032783	5.1229508196721305
428	12	2	85.01200000000003	45.040000000000006
428	13	2	84.952	84.93999999999998
428	14	2	85.01600000000005	125.156
428	15	2	85.52479338842977	165.68595041322322
428	16	2	124.69999999999996	5.000000000000002
428	17	2	124.89200000000002	45.06400000000003
428	18	2	125.03599999999999	84.83200000000001
428	19	2	125.13199999999999	124.59600000000003
428	20	2	125.25714285714291	165.51428571428562
428	21	2	165.03599999999994	5.088
428	22	2	164.97999999999996	45.10399999999999
428	23	2	164.87999999999994	85.09200000000003
428	24	2	164.99999999999994	124.99999999999997
428	25	2	164.90400000000002	164.86799999999994
428	26	1	23.147704590818364	126.15568862275438
428	27	1	67.00399201596812	181.0219560878244
428	28	1	114.82999999999998	145.63200000000006
428	29	1	27.031936127744547	106.33133732534922
428	30	1	19.796407185628745	77.93612774451101
428	31	1	34.7544910179641	65.84031936127747
428	32	1	158.69600000000005	64.632
428	33	1	78.38522954091813	157.95209580838304
428	34	1	93.93213572854296	172.30339321357295
428	35	1	185.04399999999998	184.428
428	36	1	145.63073852295426	124.21556886227552
428	37	1	63.27145708582836	103.43313373253501
428	38	1	147.3299999999999	183.168
428	39	1	144.1636726546906	153.81237524950114
428	40	1	160.91000000000014	146.79200000000006
428	41	1	112.7085828343314	165.1057884231536
428	42	1	84.00398406374495	25.67529880478087
428	43	1	55.17764471057886	73.8323353293414
428	44	1	11.744	102.33599999999993
428	45	1	117.55200000000006	133.66599999999974
429	1	2	4.959999999999995	4.979999999999998
429	2	2	4.944	45.03600000000001
429	3	2	4.877049180327865	84.87704918032787
429	4	2	4.877049180327865	125.1229508196721
429	5	2	5.036000000000001	164.9400000000001
429	6	2	45.027999999999984	4.912000000000001
429	7	2	45.00000000000003	45.00000000000002
429	8	2	45.132	85.40399999999994
429	9	2	45.00000000000003	124.99999999999997
429	10	2	45.012	165.10399999999987
429	11	2	84.87704918032783	5.1229508196721305
429	12	2	85.01200000000003	45.040000000000006
429	13	2	84.952	84.93999999999998
429	14	2	85.01600000000005	125.156
429	15	2	85.52479338842977	165.68595041322322
429	16	2	124.69999999999996	5.000000000000002
429	17	2	124.89200000000002	45.06400000000003
429	18	2	125.03599999999999	84.83200000000001
429	19	2	125.13199999999999	124.59600000000003
429	20	2	125.25714285714291	165.51428571428562
429	21	2	165.03599999999994	5.088
429	22	2	164.97999999999996	45.10399999999999
429	23	2	164.87999999999994	85.09200000000003
429	24	2	164.99999999999994	124.99999999999997
429	25	2	164.90400000000002	164.86799999999994
429	26	1	23.194000000000003	126.29800000000002
429	27	1	66.96407185628743	181.0339321357284
429	28	1	114.87000000000012	145.6500000000001
429	29	1	26.976047904191624	106.5888223552894
429	30	1	19.786427145708576	78.00998003992015
429	31	1	34.55776892430281	65.94621513944229
429	32	1	158.69061876247514	64.63473053892217
429	33	1	78.37200000000003	157.9300000000001
429	34	1	93.89820359281433	172.3053892215568
429	35	1	185.0119760479042	184.45908183632736
429	36	1	145.51097804391208	123.96806387225546
429	37	1	63.15768463073847	103.34331337325354
429	38	1	147.3772455089821	183.12974051896214
429	39	1	144.19284294234598	153.71172962226652
429	40	1	160.85229540918152	146.73453093812375
429	41	1	112.64870259481036	165.11177644710585
429	42	1	83.96606786427152	25.716566866267467
429	43	1	55.062000000000005	73.57599999999995
429	44	1	11.878243512974057	102.43912175648704
429	45	1	117.55200000000006	133.66599999999974
430	1	2	4.959999999999995	4.979999999999998
430	2	2	4.944	45.03600000000001
430	3	2	4.877049180327865	84.87704918032787
430	4	2	4.877049180327865	125.1229508196721
430	5	2	5.036000000000001	164.9400000000001
430	6	2	45.027999999999984	4.912000000000001
430	7	2	45.00000000000003	45.00000000000002
430	8	2	45.132	85.40399999999994
430	9	2	45.00000000000003	124.99999999999997
430	10	2	45.012	165.10399999999987
430	11	2	84.87704918032783	5.1229508196721305
430	12	2	85.01200000000003	45.040000000000006
430	13	2	84.952	84.93999999999998
430	14	2	85.01600000000005	125.156
430	15	2	85.52479338842977	165.68595041322322
430	16	2	124.69999999999996	5.000000000000002
430	17	2	124.89200000000002	45.06400000000003
430	18	2	125.03599999999999	84.83200000000001
430	19	2	125.13199999999999	124.59600000000003
430	20	2	125.25714285714291	165.51428571428562
430	21	2	165.03599999999994	5.088
430	22	2	164.97999999999996	45.10399999999999
430	23	2	164.87999999999994	85.09200000000003
430	24	2	164.99999999999994	124.99999999999997
430	25	2	164.90400000000002	164.86799999999994
430	26	1	23.24400000000003	126.31200000000014
430	27	1	66.96207584830347	181.02994011976025
430	28	1	114.97795591182364	145.71342685370726
430	29	1	26.94211576846307	106.68662674650699
430	30	1	19.72111553784862	78.1772908366533
430	31	1	34.567729083665306	65.9780876494024
430	32	1	158.75449101796414	64.56287425149699
430	33	1	78.39840637450207	157.81474103585663
430	34	1	93.89779559118229	172.24448897795597
430	35	1	184.976	184.47999999999993
430	36	1	145.53386454183243	123.87051792828687
430	37	1	63.03393213572857	103.32534930139725
430	38	1	147.27744510978044	183.00998003992012
430	39	1	144.1516966067865	153.61077844311387
430	40	1	160.844930417495	146.71371769383683
430	41	1	112.62674650698602	165.16566866267456
430	42	1	83.96007984031938	25.794411177644697
430	43	1	54.99000000000002	73.41799999999999
430	44	1	11.757999999999994	102.58399999999999
430	45	1	117.52399999999994	133.65599999999995
431	1	2	4.959999999999995	4.979999999999998
431	2	2	4.944	45.03600000000001
431	3	2	4.877049180327865	84.87704918032787
431	4	2	4.877049180327865	125.1229508196721
431	5	2	5.036000000000001	164.9400000000001
431	6	2	45.027999999999984	4.912000000000001
431	7	2	45.00000000000003	45.00000000000002
431	8	2	45.132	85.40399999999994
431	9	2	45.00000000000003	124.99999999999997
431	10	2	45.012	165.10399999999987
431	11	2	84.87704918032783	5.1229508196721305
431	12	2	85.01200000000003	45.040000000000006
431	13	2	84.952	84.93999999999998
431	14	2	85.01600000000005	125.156
431	15	2	85.52479338842977	165.68595041322322
431	16	2	124.69999999999996	5.000000000000002
431	17	2	124.89200000000002	45.06400000000003
431	18	2	125.03599999999999	84.83200000000001
431	19	2	125.13199999999999	124.59600000000003
431	20	2	125.25714285714291	165.51428571428562
431	21	2	165.03599999999994	5.088
431	22	2	164.97999999999996	45.10399999999999
431	23	2	164.87999999999994	85.09200000000003
431	24	2	164.99999999999994	124.99999999999997
431	25	2	164.90400000000002	164.86799999999994
431	26	1	23.287425149700574	126.32335329341315
431	27	1	66.95808383233536	181.02794411177638
431	28	1	114.97205588822357	145.71257485029935
431	29	1	26.964071856287433	106.74051896207585
431	30	1	19.684000000000005	78.32599999999994
431	31	1	34.50796812749009	65.94422310756973
431	32	1	158.7744510978044	64.54690618762481
431	33	1	78.32734530938127	157.81636726546915
431	34	1	93.90000000000005	172.1199999999999
431	35	1	184.9001996007984	184.4570858283433
431	36	1	145.5608782435129	123.81836327345319
431	37	1	62.95617529880471	103.33266932270914
431	38	1	147.365269461078	182.92614770459073
431	39	1	144.1417165668663	153.50898203592814
431	40	1	160.786	146.70200000000008
431	41	1	112.63473053892227	165.27145708582827
431	42	1	83.99201596806387	25.816367265469072
431	43	1	54.874251497005986	73.20159680638724
431	44	1	11.70459081836327	102.68063872255482
431	45	1	117.65000000000009	133.62800000000004
432	1	2	4.959999999999995	4.979999999999998
432	2	2	4.944	45.03600000000001
432	3	2	4.877049180327865	84.87704918032787
432	4	2	4.877049180327865	125.1229508196721
432	5	2	5.036000000000001	164.9400000000001
432	6	2	45.027999999999984	4.912000000000001
432	7	2	45.00000000000003	45.00000000000002
432	8	2	45.132	85.40399999999994
432	9	2	45.00000000000003	124.99999999999997
432	10	2	45.012	165.10399999999987
432	11	2	84.87704918032783	5.1229508196721305
432	12	2	85.01200000000003	45.040000000000006
432	13	2	84.952	84.93999999999998
432	14	2	85.01600000000005	125.156
432	15	2	85.52479338842977	165.68595041322322
432	16	2	124.69999999999996	5.000000000000002
432	17	2	124.89200000000002	45.06400000000003
432	18	2	125.03599999999999	84.83200000000001
432	19	2	125.13199999999999	124.59600000000003
432	20	2	125.25714285714291	165.51428571428562
432	21	2	165.03599999999994	5.088
432	22	2	164.97999999999996	45.10399999999999
432	23	2	164.87999999999994	85.09200000000003
432	24	2	164.99999999999994	124.99999999999997
432	25	2	164.90400000000002	164.86799999999994
432	26	1	23.219123505976103	126.38247011952187
432	27	1	67.00199600798405	181.08982035928148
432	28	1	115.0279441117764	145.75049900199613
432	29	1	26.888000000000027	106.814
432	30	1	19.666666666666657	78.369261477046
432	31	1	34.451097804391225	65.94211576846305
432	32	1	158.78000000000023	64.52600000000001
432	33	1	78.38922155688621	157.7724550898204
432	34	1	93.9021956087824	172.08582834331335
432	35	1	184.9121756487026	184.48502994011977
432	36	1	145.5249500998004	123.69660678642717
432	37	1	62.80478087649403	103.40836653386451
432	38	1	147.47305389221563	182.83832335329345
432	39	1	144.1513944223107	153.46613545816754
432	40	1	160.7724550898204	146.68463073852305
432	41	1	112.64399999999998	165.34799999999998
432	42	1	84.05788423153696	25.902195608782424
432	43	1	54.75848303393219	73.02195608782428
432	44	1	11.631474103585665	102.72709163346615
432	45	1	117.69860279441127	133.620758483034
433	1	2	4.959999999999995	4.979999999999998
433	2	2	4.944	45.03600000000001
433	3	2	4.877049180327865	84.87704918032787
433	4	2	4.877049180327865	125.1229508196721
433	5	2	5.036000000000001	164.9400000000001
433	6	2	45.027999999999984	4.912000000000001
433	7	2	45.00000000000003	45.00000000000002
433	8	2	45.132	85.40399999999994
433	9	2	45.00000000000003	124.99999999999997
433	10	2	45.012	165.10399999999987
433	11	2	84.87704918032783	5.1229508196721305
433	12	2	85.01200000000003	45.040000000000006
433	13	2	84.952	84.93999999999998
433	14	2	85.01600000000005	125.156
433	15	2	85.52479338842977	165.68595041322322
433	16	2	124.69999999999996	5.000000000000002
433	17	2	124.89200000000002	45.06400000000003
433	18	2	125.03599999999999	84.83200000000001
433	19	2	125.13199999999999	124.59600000000003
433	20	2	125.25714285714291	165.51428571428562
433	21	2	165.03599999999994	5.088
433	22	2	164.97999999999996	45.10399999999999
433	23	2	164.87999999999994	85.09200000000003
433	24	2	164.99999999999994	124.99999999999997
433	25	2	164.90400000000002	164.86799999999994
433	26	1	23.23000000000003	126.44
433	27	1	67.03599999999997	181.1859999999999
433	28	1	115.07400000000007	145.78199999999987
433	29	1	26.779999999999998	106.97599999999997
433	30	1	19.65799999999998	78.45999999999985
433	31	1	34.20159680638725	65.97005988023955
433	32	1	158.78243512974046	64.50698602794408
433	33	1	78.35129740518964	157.80638722554883
433	34	1	93.92599999999993	171.99999999999986
433	35	1	184.946	184.57600000000016
433	36	1	145.46015936254977	123.58167330677296
433	37	1	62.68	103.52
433	38	1	147.61477045908185	182.69860279441102
433	39	1	144.13745019920324	153.40039840637445
433	40	1	160.6966067864271	146.64870259481054
433	41	1	112.664	165.40399999999997
433	42	1	84.14770459081838	25.920159680638704
433	43	1	54.658000000000015	72.71
433	44	1	11.589641434262942	102.79880478087651
433	45	1	117.69660678642715	133.6007984031936
434	1	2	4.959999999999995	4.979999999999998
434	2	2	4.944	45.03600000000001
434	3	2	4.877049180327865	84.87704918032787
434	4	2	4.877049180327865	125.1229508196721
434	5	2	5.036000000000001	164.9400000000001
434	6	2	45.027999999999984	4.912000000000001
434	7	2	45.00000000000003	45.00000000000002
434	8	2	45.132	85.40399999999994
434	9	2	45.00000000000003	124.99999999999997
434	10	2	45.012	165.10399999999987
434	11	2	84.87704918032783	5.1229508196721305
434	12	2	85.01200000000003	45.040000000000006
434	13	2	84.952	84.93999999999998
434	14	2	85.01600000000005	125.156
434	15	2	85.52479338842977	165.68595041322322
434	16	2	124.69999999999996	5.000000000000002
434	17	2	124.89200000000002	45.06400000000003
434	18	2	125.03599999999999	84.83200000000001
434	19	2	125.13199999999999	124.59600000000003
434	20	2	125.25714285714291	165.51428571428562
434	21	2	165.03599999999994	5.088
434	22	2	164.97999999999996	45.10399999999999
434	23	2	164.87999999999994	85.09200000000003
434	24	2	164.99999999999994	124.99999999999997
434	25	2	164.90400000000002	164.86799999999994
434	26	1	23.38400000000001	126.36199999999995
434	27	1	67.07599999999995	181.13800000000003
434	28	1	115.10800000000008	145.80999999999992
434	29	1	26.728542914171655	107.05389221556887
434	30	1	19.670658682634727	78.48103792415169
434	31	1	34.06399999999997	66.1
434	32	1	158.79200000000003	64.48400000000001
434	33	1	78.41117764471055	157.6706586826349
434	34	1	93.83999999999999	172.04600000000008
434	35	1	184.876	184.5740000000001
434	36	1	145.45908183632733	123.36526946107783
434	37	1	62.634730538922106	103.61077844311374
434	38	1	147.67864271457074	182.58682634730533
434	39	1	144.09561752988046	153.2131474103585
434	40	1	160.6347305389222	146.59081836327354
434	41	1	112.6540000000001	165.47399999999985
434	42	1	84.24302788844614	25.99402390438247
434	43	1	54.58283433133734	72.43912175648707
434	44	1	11.647999999999996	102.85800000000003
434	45	1	117.9061876247505	133.63672654690603
435	1	2	4.959999999999995	4.979999999999998
435	2	2	4.944	45.03600000000001
435	3	2	4.877049180327865	84.87704918032787
435	4	2	4.877049180327865	125.1229508196721
435	5	2	5.036000000000001	164.9400000000001
435	6	2	45.027999999999984	4.912000000000001
435	7	2	45.00000000000003	45.00000000000002
435	8	2	45.132	85.40399999999994
435	9	2	45.00000000000003	124.99999999999997
435	10	2	45.012	165.10399999999987
435	11	2	84.87704918032783	5.1229508196721305
435	12	2	85.01200000000003	45.040000000000006
435	13	2	84.952	84.93999999999998
435	14	2	85.01600000000005	125.156
435	15	2	85.52479338842977	165.68595041322322
435	16	2	124.69999999999996	5.000000000000002
435	17	2	124.89200000000002	45.06400000000003
435	18	2	125.03599999999999	84.83200000000001
435	19	2	125.13199999999999	124.59600000000003
435	20	2	125.25714285714291	165.51428571428562
435	21	2	165.03599999999994	5.088
435	22	2	164.97999999999996	45.10399999999999
435	23	2	164.87999999999994	85.09200000000003
435	24	2	164.99999999999994	124.99999999999997
435	25	2	164.90400000000002	164.86799999999994
435	26	1	23.474103585657385	126.28685258964141
435	27	1	67.06387225548899	181.25748502994006
435	28	1	115.12749003984058	145.820717131474
435	29	1	26.716000000000015	107.088
435	30	1	19.63600000000001	78.49600000000002
435	31	1	33.81636726546905	66.07185628742512
435	32	1	158.8240000000002	64.48600000000002
435	33	1	78.36454183266927	157.64342629482078
435	34	1	93.68862275449094	172.14371257485035
435	35	1	184.82634730538922	184.56487025948104
435	36	1	145.45309381237513	123.25748502994014
435	37	1	62.378486055776904	103.52390438247004
435	38	1	147.78884462151402	182.44023904382468
435	39	1	144.06586826347294	153.0159680638722
435	40	1	160.64071856287435	146.57085828343313
435	41	1	112.60678642714565	165.50499001996013
435	42	1	84.42199999999998	26.093999999999987
435	43	1	54.42714570858281	72.22754491017965
435	44	1	11.646706586826344	102.87425149700597
435	45	1	117.96600000000002	133.58599999999993
436	1	2	4.959999999999995	4.979999999999998
436	2	2	4.944	45.03600000000001
436	3	2	4.877049180327865	84.87704918032787
436	4	2	4.877049180327865	125.1229508196721
436	5	2	5.036000000000001	164.9400000000001
436	6	2	45.027999999999984	4.912000000000001
436	7	2	45.00000000000003	45.00000000000002
436	8	2	45.132	85.40399999999994
436	9	2	45.00000000000003	124.99999999999997
436	10	2	45.012	165.10399999999987
436	11	2	84.87704918032783	5.1229508196721305
436	12	2	85.01200000000003	45.040000000000006
436	13	2	84.952	84.93999999999998
436	14	2	85.01600000000005	125.156
436	15	2	85.52479338842977	165.68595041322322
436	16	2	124.69999999999996	5.000000000000002
436	17	2	124.89200000000002	45.06400000000003
436	18	2	125.03599999999999	84.83200000000001
436	19	2	125.13199999999999	124.59600000000003
436	20	2	125.25714285714291	165.51428571428562
436	21	2	165.03599999999994	5.088
436	22	2	164.97999999999996	45.10399999999999
436	23	2	164.87999999999994	85.09200000000003
436	24	2	164.99999999999994	124.99999999999997
436	25	2	164.90400000000002	164.86799999999994
436	26	1	23.50898203592816	126.26746506986007
436	27	1	67.16200000000003	181.19800000000004
436	28	1	115.13173652694609	145.8183632734532
436	29	1	26.700598802395216	107.14171656686625
436	30	1	19.65269461077845	78.51896207584832
436	31	1	33.60599999999995	65.97200000000011
436	32	1	158.84200000000013	64.43999999999994
436	33	1	78.38323353293409	157.60279441117757
436	34	1	93.62599999999995	172.16400000000016
436	35	1	184.754	184.64600000000013
436	36	1	145.35270541082156	123.04809619238476
436	37	1	62.233067729083665	103.50996015936263
436	38	1	147.94399999999987	182.27200000000002
436	39	1	144.0796812749005	152.89641434262933
436	40	1	160.57085828343313	146.52295409181636
436	41	1	112.59481037924144	165.53293413173662
436	42	1	84.45418326693228	26.12549800796813
436	43	1	54.2295409181637	71.96207584830343
436	44	1	11.652694610778449	102.91417165668659
436	45	1	117.98800000000004	133.60999999999984
437	1	2	4.959999999999995	4.979999999999998
437	2	2	4.944	45.03600000000001
437	3	2	4.877049180327865	84.87704918032787
437	4	2	4.877049180327865	125.1229508196721
437	5	2	5.036000000000001	164.9400000000001
437	6	2	45.027999999999984	4.912000000000001
437	7	2	45.00000000000003	45.00000000000002
437	8	2	45.132	85.40399999999994
437	9	2	45.00000000000003	124.99999999999997
437	10	2	45.012	165.10399999999987
437	11	2	84.87704918032783	5.1229508196721305
437	12	2	85.01200000000003	45.040000000000006
437	13	2	84.952	84.93999999999998
437	14	2	85.01600000000005	125.156
437	15	2	85.52479338842977	165.68595041322322
437	16	2	124.69999999999996	5.000000000000002
437	17	2	124.89200000000002	45.06400000000003
437	18	2	125.03599999999999	84.83200000000001
437	19	2	125.13199999999999	124.59600000000003
437	20	2	125.25714285714291	165.51428571428562
437	21	2	165.03599999999994	5.088
437	22	2	164.97999999999996	45.10399999999999
437	23	2	164.87999999999994	85.09200000000003
437	24	2	164.99999999999994	124.99999999999997
437	25	2	164.90400000000002	164.86799999999994
437	26	1	23.572854291417197	126.21357285429164
437	27	1	67.15169660678643	181.27944111776458
437	28	1	115.18800000000007	145.8560000000001
437	29	1	26.60800000000001	107.17000000000006
437	30	1	19.750499001996022	78.6167664670659
437	31	1	33.4051896207585	65.83632734530941
437	32	1	158.8902195608784	64.39720558882232
437	33	1	78.3645418326693	157.61155378486043
437	34	1	93.50600000000004	172.23800000000006
437	35	1	184.59481037924152	184.57085828343324
437	36	1	145.318	123.04800000000002
437	37	1	61.99203187250994	103.43027888446206
437	38	1	148.05588822355267	182.07385229540915
437	39	1	144.02794411177655	152.70858283433122
437	40	1	160.61599999999987	146.49399999999997
437	41	1	112.54690618762474	165.5568862275448
437	42	1	84.54980079681275	26.191235059760952
437	43	1	54.05999999999998	71.89200000000001
437	44	1	11.58964143426294	103.0079681274901
437	45	1	117.93787575150309	133.62525050100191
438	1	2	4.959999999999995	4.979999999999998
438	2	2	4.944	45.03600000000001
438	3	2	4.877049180327865	84.87704918032787
438	4	2	4.877049180327865	125.1229508196721
438	5	2	5.036000000000001	164.9400000000001
438	6	2	45.027999999999984	4.912000000000001
438	7	2	45.00000000000003	45.00000000000002
438	8	2	45.132	85.40399999999994
438	9	2	45.00000000000003	124.99999999999997
438	10	2	45.012	165.10399999999987
438	11	2	84.87704918032783	5.1229508196721305
438	12	2	85.01200000000003	45.040000000000006
438	13	2	84.952	84.93999999999998
438	14	2	85.01600000000005	125.156
438	15	2	85.52479338842977	165.68595041322322
438	16	2	124.69999999999996	5.000000000000002
438	17	2	124.89200000000002	45.06400000000003
438	18	2	125.03599999999999	84.83200000000001
438	19	2	125.13199999999999	124.59600000000003
438	20	2	125.25714285714291	165.51428571428562
438	21	2	165.03599999999994	5.088
438	22	2	164.97999999999996	45.10399999999999
438	23	2	164.87999999999994	85.09200000000003
438	24	2	164.99999999999994	124.99999999999997
438	25	2	164.90400000000002	164.86799999999994
438	26	1	23.5728542914172	126.24750499001999
438	27	1	67.1573705179283	181.31673306772905
438	28	1	115.28942115768469	145.93413173652692
438	29	1	26.467065868263465	107.24750499002005
438	30	1	19.87824351297405	78.76247504990019
438	31	1	33.211999999999996	65.67800000000008
438	32	1	158.89620758483014	64.36926147704592
438	33	1	78.45508982035929	157.49700598802386
438	34	1	93.46706586826339	172.15568862275458
438	35	1	184.5	184.55000000000004
438	36	1	145.28143712574845	122.98203592814376
438	37	1	61.90800000000004	103.31200000000003
438	38	1	148.00598802395217	181.9880239520957
438	39	1	144.00998003992004	152.63872255489008
438	40	1	160.58600000000007	146.48999999999995
438	41	1	112.54690618762474	165.89421157684615
438	42	1	84.63399999999996	26.360000000000014
438	43	1	53.93400000000003	71.75800000000004
438	44	1	11.51097804391218	103.03193612774449
438	45	1	117.87624750498998	133.64071856287438
439	1	2	4.959999999999995	4.979999999999998
439	2	2	4.944	45.03600000000001
439	3	2	4.877049180327865	84.87704918032787
439	4	2	4.877049180327865	125.1229508196721
439	5	2	5.036000000000001	164.9400000000001
439	6	2	45.027999999999984	4.912000000000001
439	7	2	45.00000000000003	45.00000000000002
439	8	2	45.132	85.40399999999994
439	9	2	45.00000000000003	124.99999999999997
439	10	2	45.012	165.10399999999987
439	11	2	84.87704918032783	5.1229508196721305
439	12	2	85.01200000000003	45.040000000000006
439	13	2	84.952	84.93999999999998
439	14	2	85.01600000000005	125.156
439	15	2	85.52479338842977	165.68595041322322
439	16	2	124.69999999999996	5.000000000000002
439	17	2	124.89200000000002	45.06400000000003
439	18	2	125.03599999999999	84.83200000000001
439	19	2	125.13199999999999	124.59600000000003
439	20	2	125.25714285714291	165.51428571428562
439	21	2	165.03599999999994	5.088
439	22	2	164.97999999999996	45.10399999999999
439	23	2	164.87999999999994	85.09200000000003
439	24	2	164.99999999999994	124.99999999999997
439	25	2	164.90400000000002	164.86799999999994
439	26	1	23.682000000000006	126.19199999999992
439	27	1	67.20916334661356	181.34262948207171
439	28	1	115.48303393213571	145.97205588822354
439	29	1	26.44510978043912	107.29940119760477
439	30	1	19.878486055776886	78.78685258964148
439	31	1	33.17599999999999	65.81600000000003
439	32	1	158.93200000000004	64.27200000000002
439	33	1	78.45999999999998	157.49399999999994
439	34	1	93.47105788423151	172.11576846307383
439	35	1	184.439121756487	184.4750499001995
439	36	1	145.2928286852592	122.88247011952193
439	37	1	61.69599999999999	103.27200000000002
439	38	1	148.05189620758495	181.94211576846305
439	39	1	143.99800399201598	152.64271457085817
439	40	1	160.55688622754496	146.4411177644711
439	41	1	112.53000000000003	165.96600000000012
439	42	1	84.90019960079836	26.289421157684625
439	43	1	53.84200000000003	71.62399999999997
439	44	1	11.453093812375249	103.07584830339323
439	45	1	117.862	133.638
440	1	2	4.959999999999995	4.979999999999998
440	2	2	4.944	45.03600000000001
440	3	2	4.877049180327865	84.87704918032787
440	4	2	4.877049180327865	125.1229508196721
440	5	2	5.036000000000001	164.9400000000001
440	6	2	45.027999999999984	4.912000000000001
440	7	2	45.00000000000003	45.00000000000002
440	8	2	45.132	85.40399999999994
440	9	2	45.00000000000003	124.99999999999997
440	10	2	45.012	165.10399999999987
440	11	2	84.87704918032783	5.1229508196721305
440	12	2	85.01200000000003	45.040000000000006
440	13	2	84.952	84.93999999999998
440	14	2	85.01600000000005	125.156
440	15	2	85.52479338842977	165.68595041322322
440	16	2	124.69999999999996	5.000000000000002
440	17	2	124.89200000000002	45.06400000000003
440	18	2	125.03599999999999	84.83200000000001
440	19	2	125.13199999999999	124.59600000000003
440	20	2	125.25714285714291	165.51428571428562
440	21	2	165.03599999999994	5.088
440	22	2	164.97999999999996	45.10399999999999
440	23	2	164.87999999999994	85.09200000000003
440	24	2	164.99999999999994	124.99999999999997
440	25	2	164.90400000000002	164.86799999999994
440	26	1	23.664670658682624	126.19560878243524
440	27	1	67.33532934131736	181.30938123752514
440	28	1	115.57485029940115	146.06986027944123
440	29	1	26.34530938123751	107.31936127744513
440	30	1	19.944	78.872
440	31	1	33.10379241516968	65.79241516966071
440	32	1	158.9401197604791	64.26546906187626
440	33	1	78.51800000000007	157.35199999999983
440	34	1	93.37524950099804	172.1856287425147
440	35	1	184.414	184.47199999999995
440	36	1	145.24302788844625	122.74501992031875
440	37	1	61.520000000000024	103.14600000000002
440	38	1	148.0439121756487	181.86826347305396
440	39	1	143.90219560878236	152.40918163672663
440	40	1	160.48303393213573	146.47105788423153
440	41	1	112.45708582834335	166.02994011976048
440	42	1	84.9661354581673	26.44223107569722
440	43	1	53.860279441117754	71.22155688622755
440	44	1	11.349301397205588	103.14171656686639
440	45	1	117.72055888223548	133.5908183632735
441	1	2	4.959999999999995	4.979999999999998
441	2	2	4.944	45.03600000000001
441	3	2	4.877049180327865	84.87704918032787
441	4	2	4.877049180327865	125.1229508196721
441	5	2	5.036000000000001	164.9400000000001
441	6	2	45.027999999999984	4.912000000000001
441	7	2	45.00000000000003	45.00000000000002
441	8	2	45.132	85.40399999999994
441	9	2	45.00000000000003	124.99999999999997
441	10	2	45.012	165.10399999999987
441	11	2	84.87704918032783	5.1229508196721305
441	12	2	85.01200000000003	45.040000000000006
441	13	2	84.952	84.93999999999998
441	14	2	85.01600000000005	125.156
441	15	2	85.52479338842977	165.68595041322322
441	16	2	124.69999999999996	5.000000000000002
441	17	2	124.89200000000002	45.06400000000003
441	18	2	125.03599999999999	84.83200000000001
441	19	2	125.13199999999999	124.59600000000003
441	20	2	125.25714285714291	165.51428571428562
441	21	2	165.03599999999994	5.088
441	22	2	164.97999999999996	45.10399999999999
441	23	2	164.87999999999994	85.09200000000003
441	24	2	164.99999999999994	124.99999999999997
441	25	2	164.90400000000002	164.86799999999994
441	26	1	23.68662674650699	126.21157684630727
441	27	1	67.38922155688624	181.2934131736528
441	28	1	115.60079840319361	146.08183632734526
441	29	1	26.311377245508993	107.33133732534937
441	30	1	19.948207171314753	78.91832669322703
441	31	1	33.00597609561755	65.79681274900399
441	32	1	158.9859999999999	64.16799999999998
441	33	1	78.52200000000006	157.286
441	34	1	93.38000000000008	172.16800000000006
441	35	1	184.4	184.5240000000001
441	36	1	145.1760000000001	122.626
441	37	1	61.40119760479046	102.98203592814372
441	38	1	148.17000000000002	181.788
441	39	1	143.90419161676644	152.37125748503004
441	40	1	160.40518962075845	146.40518962075856
441	41	1	112.37399999999994	166.09000000000026
441	42	1	85.15568862275458	26.570858283433132
441	43	1	53.73705179282868	70.98605577689247
441	44	1	11.27689243027889	103.28685258964138
441	45	1	117.81999999999996	133.61200000000002
442	1	2	4.959999999999995	4.979999999999998
442	2	2	4.944	45.03600000000001
442	3	2	4.877049180327865	84.87704918032787
442	4	2	4.877049180327865	125.1229508196721
442	5	2	5.036000000000001	164.9400000000001
442	6	2	45.027999999999984	4.912000000000001
442	7	2	45.00000000000003	45.00000000000002
442	8	2	45.132	85.40399999999994
442	9	2	45.00000000000003	124.99999999999997
442	10	2	45.012	165.10399999999987
442	11	2	84.87704918032783	5.1229508196721305
442	12	2	85.01200000000003	45.040000000000006
442	13	2	84.952	84.93999999999998
442	14	2	85.01600000000005	125.156
442	15	2	85.52479338842977	165.68595041322322
442	16	2	124.69999999999996	5.000000000000002
442	17	2	124.89200000000002	45.06400000000003
442	18	2	125.03599999999999	84.83200000000001
442	19	2	125.13199999999999	124.59600000000003
442	20	2	125.25714285714291	165.51428571428562
442	21	2	165.03599999999994	5.088
442	22	2	164.97999999999996	45.10399999999999
442	23	2	164.87999999999994	85.09200000000003
442	24	2	164.99999999999994	124.99999999999997
442	25	2	164.90400000000002	164.86799999999994
442	26	1	23.726	126.22199999999992
442	27	1	67.37924151696603	181.43113772455087
442	28	1	115.748502994012	146.15369261477062
442	29	1	26.23353293413172	107.47305389221552
442	30	1	19.91599999999999	79.02400000000004
442	31	1	32.99001996007985	65.82634730538922
442	32	1	158.94610778443132	64.10778443113773
442	33	1	78.58882235528948	157.24351297405192
442	34	1	93.2914171656686	172.2415169660679
442	35	1	184.32868525896416	184.5139442231076
442	36	1	145.20359281437143	122.59281437125752
442	37	1	61.32270916334659	102.80677290836648
442	38	1	148.17365269461078	181.7624750499003
442	39	1	143.93213572854287	152.31536926147703
442	40	1	160.43999999999997	146.39400000000006
442	41	1	112.32534930139722	166.1437125748504
442	42	1	85.30538922155685	26.63872255489023
442	43	1	53.63872255489027	70.74251497005986
442	44	1	11.288844621513947	103.33067729083672
442	45	1	117.74251497005996	133.59281437125736
443	1	2	4.959999999999995	4.979999999999998
443	2	2	4.944	45.03600000000001
443	3	2	4.877049180327865	84.87704918032787
443	4	2	4.877049180327865	125.1229508196721
443	5	2	5.036000000000001	164.9400000000001
443	6	2	45.027999999999984	4.912000000000001
443	7	2	45.00000000000003	45.00000000000002
443	8	2	45.132	85.40399999999994
443	9	2	45.00000000000003	124.99999999999997
443	10	2	45.012	165.10399999999987
443	11	2	84.87704918032783	5.1229508196721305
443	12	2	85.01200000000003	45.040000000000006
443	13	2	84.952	84.93999999999998
443	14	2	85.01600000000005	125.156
443	15	2	85.52479338842977	165.68595041322322
443	16	2	124.69999999999996	5.000000000000002
443	17	2	124.89200000000002	45.06400000000003
443	18	2	125.03599999999999	84.83200000000001
443	19	2	125.13199999999999	124.59600000000003
443	20	2	125.25714285714291	165.51428571428562
443	21	2	165.03599999999994	5.088
443	22	2	164.97999999999996	45.10399999999999
443	23	2	164.87999999999994	85.09200000000003
443	24	2	164.99999999999994	124.99999999999997
443	25	2	164.90400000000002	164.86799999999994
443	26	1	23.768463073852292	126.2375249500999
443	27	1	67.32200000000002	181.47200000000004
443	28	1	115.71257485029935	146.1656686626746
443	29	1	26.182000000000013	107.55600000000003
443	30	1	19.960079840319366	79.09780439121755
443	31	1	32.83233532934131	65.77844311377247
443	32	1	158.99600798403208	64.02794411177642
443	33	1	78.6035856573705	157.2151394422311
443	34	1	93.22709163346612	172.24302788844625
443	35	1	184.126	184.476
443	36	1	145.15568862275464	122.42115768463076
443	37	1	61.183632734530974	102.72654690618761
443	38	1	148.25748502994009	181.70259481037922
443	39	1	143.8904382470121	152.23505976095615
443	40	1	160.35528942115783	146.31337325349295
443	41	1	112.28143712574861	166.2295409181636
443	42	1	85.60636182902581	26.638170974155063
443	43	1	53.55577689243025	70.67131474103583
443	44	1	11.357285429141712	103.34530938123761
443	45	1	117.80399999999987	133.59599999999995
444	1	2	4.959999999999995	4.979999999999998
444	2	2	4.944	45.03600000000001
444	3	2	4.877049180327865	84.87704918032787
444	4	2	4.877049180327865	125.1229508196721
444	5	2	5.036000000000001	164.9400000000001
444	6	2	45.027999999999984	4.912000000000001
444	7	2	45.00000000000003	45.00000000000002
444	8	2	45.132	85.40399999999994
444	9	2	45.00000000000003	124.99999999999997
444	10	2	45.012	165.10399999999987
444	11	2	84.87704918032783	5.1229508196721305
444	12	2	85.01200000000003	45.040000000000006
444	13	2	84.952	84.93999999999998
444	14	2	85.01600000000005	125.156
444	15	2	85.52479338842977	165.68595041322322
444	16	2	124.69999999999996	5.000000000000002
444	17	2	124.89200000000002	45.06400000000003
444	18	2	125.03599999999999	84.83200000000001
444	19	2	125.13199999999999	124.59600000000003
444	20	2	125.25714285714291	165.51428571428562
444	21	2	165.03599999999994	5.088
444	22	2	164.97999999999996	45.10399999999999
444	23	2	164.87999999999994	85.09200000000003
444	24	2	164.99999999999994	124.99999999999997
444	25	2	164.90400000000002	164.86799999999994
444	26	1	23.747011952191237	126.33266932270921
444	27	1	67.30738522954091	181.45508982035932
444	28	1	115.75848303393212	146.19361277445117
444	29	1	26.13999999999999	107.636
444	30	1	20.007984031936115	79.15169660678653
444	31	1	32.7065868263473	65.8103792415169
444	32	1	159.07799999999986	63.82000000000001
444	33	1	78.64870259481039	157.15568862275455
444	34	1	93.22554890219556	172.1976047904191
444	35	1	184.12375249500994	184.49700598802409
444	36	1	145.1856287425152	122.32734530938112
444	37	1	61.14171656686629	102.66467065868265
444	38	1	148.35586481113313	181.64612326043726
444	39	1	143.88645418326703	152.12549800796816
444	40	1	160.42914171656696	146.33133732534907
444	41	1	112.22554890219554	166.32934131736542
444	42	1	85.69199999999995	26.678000000000004
444	43	1	53.544910179640716	70.44710578842329
444	44	1	11.343313373253483	103.34730538922165
444	45	1	117.91816367265476	133.6087824351297
445	1	2	4.959999999999995	4.979999999999998
445	2	2	4.944	45.03600000000001
445	3	2	4.877049180327865	84.87704918032787
445	4	2	4.877049180327865	125.1229508196721
445	5	2	5.036000000000001	164.9400000000001
445	6	2	45.027999999999984	4.912000000000001
445	7	2	45.00000000000003	45.00000000000002
445	8	2	45.132	85.40399999999994
445	9	2	45.00000000000003	124.99999999999997
445	10	2	45.012	165.10399999999987
445	11	2	84.87704918032783	5.1229508196721305
445	12	2	85.01200000000003	45.040000000000006
445	13	2	84.952	84.93999999999998
445	14	2	85.01600000000005	125.156
445	15	2	85.52479338842977	165.68595041322322
445	16	2	124.69999999999996	5.000000000000002
445	17	2	124.89200000000002	45.06400000000003
445	18	2	125.03599999999999	84.83200000000001
445	19	2	125.13199999999999	124.59600000000003
445	20	2	125.25714285714291	165.51428571428562
445	21	2	165.03599999999994	5.088
445	22	2	164.97999999999996	45.10399999999999
445	23	2	164.87999999999994	85.09200000000003
445	24	2	164.99999999999994	124.99999999999997
445	25	2	164.90400000000002	164.86799999999994
445	26	1	23.74850299401198	126.34530938123741
445	27	1	67.3952095808384	181.44710578842307
445	28	1	115.84400000000004	146.21000000000012
445	29	1	26.005976095617527	107.75099601593625
445	30	1	20.0379241516966	79.20958083832332
445	31	1	32.62874251497006	65.76247504990016
445	32	1	159.03792415169664	63.78243512974057
445	33	1	78.64870259481039	157.14570858283426
445	34	1	93.25548902195602	172.1596806387225
445	35	1	184.11	184.52399999999997
445	36	1	145.17964071856298	122.28143712574852
445	37	1	61.12800000000004	102.48600000000005
445	38	1	148.45309381237522	181.5568862275447
445	39	1	143.84599999999995	151.96599999999992
445	40	1	160.36127744510983	146.2974051896204
445	41	1	112.21956087824358	166.3293413173653
445	42	1	85.80039920159686	26.72654690618761
445	43	1	53.60279441117765	70.1297405189621
445	44	1	11.29141716566865	103.35528942115768
445	45	1	117.81563126252512	133.6092184368737
446	1	2	4.959999999999995	4.979999999999998
446	2	2	4.944	45.03600000000001
446	3	2	4.877049180327865	84.87704918032787
446	4	2	4.877049180327865	125.1229508196721
446	5	2	5.036000000000001	164.9400000000001
446	6	2	45.027999999999984	4.912000000000001
446	7	2	45.00000000000003	45.00000000000002
446	8	2	45.132	85.40399999999994
446	9	2	45.00000000000003	124.99999999999997
446	10	2	45.012	165.10399999999987
446	11	2	84.87704918032783	5.1229508196721305
446	12	2	85.01200000000003	45.040000000000006
446	13	2	84.952	84.93999999999998
446	14	2	85.01600000000005	125.156
446	15	2	85.52479338842977	165.68595041322322
446	16	2	124.69999999999996	5.000000000000002
446	17	2	124.89200000000002	45.06400000000003
446	18	2	125.03599999999999	84.83200000000001
446	19	2	125.13199999999999	124.59600000000003
446	20	2	125.25714285714291	165.51428571428562
446	21	2	165.03599999999994	5.088
446	22	2	164.97999999999996	45.10399999999999
446	23	2	164.87999999999994	85.09200000000003
446	24	2	164.99999999999994	124.99999999999997
446	25	2	164.90400000000002	164.86799999999994
446	26	1	23.728542914171673	126.38522954091809
446	27	1	67.45908183632733	181.5269461077846
446	28	1	115.94621513944223	146.2868525896414
446	29	1	25.93413173652694	107.78842315369269
446	30	1	20.075848303393204	79.30139720558876
446	31	1	32.42914171656686	65.74451097804395
446	32	1	158.95808383233546	63.646706586826404
446	33	1	78.62075848303387	157.15768463073854
446	34	1	93.25548902195602	172.1596806387225
446	35	1	184.076	184.502
446	36	1	145.05776892430296	122.19920318725102
446	37	1	60.91816367265464	102.27944111776446
446	38	1	148.33067729083663	181.52191235059766
446	39	1	143.844	151.93999999999997
446	40	1	160.39920159680636	146.30738522954098
446	41	1	112.15200000000002	166.546
446	42	1	85.82235528942117	26.73453093812375
446	43	1	53.48799999999998	69.66399999999999
446	44	1	11.203592814371257	103.40718562874251
446	45	1	117.8096192384769	133.64729458917827
447	1	2	4.959999999999995	4.979999999999998
447	2	2	4.944	45.03600000000001
447	3	2	4.877049180327865	84.87704918032787
447	4	2	4.877049180327865	125.1229508196721
447	5	2	5.036000000000001	164.9400000000001
447	6	2	45.027999999999984	4.912000000000001
447	7	2	45.00000000000003	45.00000000000002
447	8	2	45.132	85.40399999999994
447	9	2	45.00000000000003	124.99999999999997
447	10	2	45.012	165.10399999999987
447	11	2	84.87704918032783	5.1229508196721305
447	12	2	85.01200000000003	45.040000000000006
447	13	2	84.952	84.93999999999998
447	14	2	85.01600000000005	125.156
447	15	2	85.52479338842977	165.68595041322322
447	16	2	124.69999999999996	5.000000000000002
447	17	2	124.89200000000002	45.06400000000003
447	18	2	125.03599999999999	84.83200000000001
447	19	2	125.13199999999999	124.59600000000003
447	20	2	125.25714285714291	165.51428571428562
447	21	2	165.03599999999994	5.088
447	22	2	164.97999999999996	45.10399999999999
447	23	2	164.87999999999994	85.09200000000003
447	24	2	164.99999999999994	124.99999999999997
447	25	2	164.90400000000002	164.86799999999994
447	26	1	23.81763527054107	126.35671342685374
447	27	1	67.4621513944224	181.55776892430282
447	28	1	116.06600000000009	146.3660000000001
447	29	1	25.904382470119536	107.86852589641427
447	30	1	20.13173652694611	79.41317365269462
447	31	1	32.35329341317365	65.77045908183635
447	32	1	159.0119760479041	63.60279441117765
447	33	1	78.70599999999997	157.0619999999999
447	34	1	93.22999999999992	172.16399999999993
447	35	1	184.04	184.558
447	36	1	145.07370517928302	122.20916334661347
447	37	1	60.87425149700599	102.02994011976048
447	38	1	148.33665338645437	181.496015936255
447	39	1	143.8406374501993	151.9382470119521
447	40	1	160.46400000000008	146.32600000000008
447	41	1	112.0756972111554	166.65139442231097
447	42	1	85.87025948103796	26.66267465069862
447	43	1	53.471172962226625	69.30815109343936
447	44	1	11.166000000000002	103.45599999999995
447	45	1	117.8639999999999	133.6619999999998
448	1	2	4.959999999999995	4.979999999999998
448	2	2	4.944	45.03600000000001
448	3	2	4.877049180327865	84.87704918032787
448	4	2	4.877049180327865	125.1229508196721
448	5	2	5.036000000000001	164.9400000000001
448	6	2	45.027999999999984	4.912000000000001
448	7	2	45.00000000000003	45.00000000000002
448	8	2	45.132	85.40399999999994
448	9	2	45.00000000000003	124.99999999999997
448	10	2	45.012	165.10399999999987
448	11	2	84.87704918032783	5.1229508196721305
448	12	2	85.01200000000003	45.040000000000006
448	13	2	84.952	84.93999999999998
448	14	2	85.01600000000005	125.156
448	15	2	85.52479338842977	165.68595041322322
448	16	2	124.69999999999996	5.000000000000002
448	17	2	124.89200000000002	45.06400000000003
448	18	2	125.03599999999999	84.83200000000001
448	19	2	125.13199999999999	124.59600000000003
448	20	2	125.25714285714291	165.51428571428562
448	21	2	165.03599999999994	5.088
448	22	2	164.97999999999996	45.10399999999999
448	23	2	164.87999999999994	85.09200000000003
448	24	2	164.99999999999994	124.99999999999997
448	25	2	164.90400000000002	164.86799999999994
448	26	1	23.817999999999998	126.36199999999992
448	27	1	67.46506986027943	181.66267465069862
448	28	1	116.12574850299403	146.44910179640715
448	29	1	25.906187624750487	107.8962075848303
448	30	1	20.21199999999998	79.58799999999991
448	31	1	32.187624750499	65.75848303393208
448	32	1	159.01202404809624	63.356713426853666
448	33	1	78.59481037924157	157.1636726546905
448	34	1	93.17200000000007	172.2
448	35	1	184.046	184.57200000000003
448	36	1	145.02994011976057	122.18163672654683
448	37	1	60.70318725099607	101.7828685258964
448	38	1	148.3505976095617	181.46613545816734
448	39	1	143.8203592814373	151.864271457086
448	40	1	160.45508982035932	146.35329341317367
448	41	1	112.00598802395213	166.77245508982017
448	42	1	85.87649402390441	26.735059760956176
448	43	1	53.25948103792415	69.15968063872249
448	44	1	11.123752495009985	103.51696606786427
448	45	1	117.8639999999999	133.6619999999998
449	1	2	4.959999999999995	4.979999999999998
449	2	2	4.944	45.03600000000001
449	3	2	4.877049180327865	84.87704918032787
449	4	2	4.877049180327865	125.1229508196721
449	5	2	5.036000000000001	164.9400000000001
449	6	2	45.027999999999984	4.912000000000001
449	7	2	45.00000000000003	45.00000000000002
449	8	2	45.132	85.40399999999994
449	9	2	45.00000000000003	124.99999999999997
449	10	2	45.012	165.10399999999987
449	11	2	84.87704918032783	5.1229508196721305
449	12	2	85.01200000000003	45.040000000000006
449	13	2	84.952	84.93999999999998
449	14	2	85.01600000000005	125.156
449	15	2	85.52479338842977	165.68595041322322
449	16	2	124.69999999999996	5.000000000000002
449	17	2	124.89200000000002	45.06400000000003
449	18	2	125.03599999999999	84.83200000000001
449	19	2	125.13199999999999	124.59600000000003
449	20	2	125.25714285714291	165.51428571428562
449	21	2	165.03599999999994	5.088
449	22	2	164.97999999999996	45.10399999999999
449	23	2	164.87999999999994	85.09200000000003
449	24	2	164.99999999999994	124.99999999999997
449	25	2	164.90400000000002	164.86799999999994
449	26	1	23.870517928286883	126.40438247011953
449	27	1	67.43512974051893	181.72055888223557
449	28	1	116.16533864541836	146.50796812748985
449	29	1	25.752	108.02200000000006
449	30	1	20.281437125748507	79.6926147704591
449	31	1	32.06800000000001	65.74199999999998
449	32	1	158.9940239043825	63.21115537848605
449	33	1	78.55999999999997	157.2160000000001
449	34	1	93.1360000000001	172.17999999999992
449	35	1	184.05199999999996	184.566
449	36	1	145.09181636726547	122.22954091816364
449	37	1	60.60956175298801	101.5776892430279
449	38	1	148.3872255489023	181.41117764471048
449	39	1	143.82035928143713	151.82235528942115
449	40	1	160.50399999999962	146.36199999999994
449	41	1	111.97011952191231	167.00199203187253
449	42	1	85.88600000000007	26.86600000000002
449	43	1	53.185628742514965	68.83632734530936
449	44	1	11.0418326693227	103.55776892430283
449	45	1	117.976	133.70600000000007
450	1	2	4.959999999999995	4.979999999999998
450	2	2	4.944	45.03600000000001
450	3	2	4.877049180327865	84.87704918032787
450	4	2	4.877049180327865	125.1229508196721
450	5	2	5.036000000000001	164.9400000000001
450	6	2	45.027999999999984	4.912000000000001
450	7	2	45.00000000000003	45.00000000000002
450	8	2	45.132	85.40399999999994
450	9	2	45.00000000000003	124.99999999999997
450	10	2	45.012	165.10399999999987
450	11	2	84.87704918032783	5.1229508196721305
450	12	2	85.01200000000003	45.040000000000006
450	13	2	84.952	84.93999999999998
450	14	2	85.01600000000005	125.156
450	15	2	85.52479338842977	165.68595041322322
450	16	2	124.69999999999996	5.000000000000002
450	17	2	124.89200000000002	45.06400000000003
450	18	2	125.03599999999999	84.83200000000001
450	19	2	125.13199999999999	124.59600000000003
450	20	2	125.25714285714291	165.51428571428562
450	21	2	165.03599999999994	5.088
450	22	2	164.97999999999996	45.10399999999999
450	23	2	164.87999999999994	85.09200000000003
450	24	2	164.99999999999994	124.99999999999997
450	25	2	164.90400000000002	164.86799999999994
450	26	1	23.886227544910177	126.37524950099804
450	27	1	67.45400000000005	181.69200000000018
450	28	1	116.11952191235069	146.52589641434244
450	29	1	25.78	107.99800000000003
450	30	1	20.383233532934124	79.81437125748506
450	31	1	31.949999999999985	65.64599999999997
450	32	1	159.00199600798416	63.09980039920158
450	33	1	78.39520958083837	157.29940119760468
450	34	1	93.0279441117765	172.23353293413186
450	35	1	183.994	184.55799999999994
450	36	1	145.109561752988	122.20119521912348
450	37	1	60.36327345309382	101.11377245508969
450	38	1	148.41317365269467	181.2854291417166
450	39	1	143.82634730538928	151.75249500997995
450	40	1	160.60079840319347	146.34530938123768
450	41	1	111.94422310756974	167.0099601593625
450	42	1	85.81800000000005	26.959999999999987
450	43	1	53.067864271457104	68.44710578842316
450	44	1	11.088000000000005	103.57200000000003
450	45	1	118.01996007984029	133.71257485029955
451	1	2	4.959999999999995	4.979999999999998
451	2	2	4.944	45.03600000000001
451	3	2	4.877049180327865	84.87704918032787
451	4	2	4.877049180327865	125.1229508196721
451	5	2	5.036000000000001	164.9400000000001
451	6	2	45.027999999999984	4.912000000000001
451	7	2	45.00000000000003	45.00000000000002
451	8	2	45.132	85.40399999999994
451	9	2	45.00000000000003	124.99999999999997
451	10	2	45.012	165.10399999999987
451	11	2	84.87704918032783	5.1229508196721305
451	12	2	85.01200000000003	45.040000000000006
451	13	2	84.952	84.93999999999998
451	14	2	85.01600000000005	125.156
451	15	2	85.52479338842977	165.68595041322322
451	16	2	124.69999999999996	5.000000000000002
451	17	2	124.89200000000002	45.06400000000003
451	18	2	125.03599999999999	84.83200000000001
451	19	2	125.13199999999999	124.59600000000003
451	20	2	125.25714285714291	165.51428571428562
451	21	2	165.03599999999994	5.088
451	22	2	164.97999999999996	45.10399999999999
451	23	2	164.87999999999994	85.09200000000003
451	24	2	164.99999999999994	124.99999999999997
451	25	2	164.90400000000002	164.86799999999994
451	26	1	23.899999999999995	126.38399999999992
451	27	1	67.3692614770459	181.65868263473058
451	28	1	116.18562874251498	146.5708582834333
451	29	1	25.762475049900207	108.02594810379237
451	30	1	20.451999999999995	79.94399999999992
451	31	1	31.882235528942097	65.52894211576847
451	32	1	159.06813627254508	63.06212424849697
451	33	1	78.3213572854292	157.3552894211575
451	34	1	93.03187250996005	172.20717131474117
451	35	1	183.95409181636725	184.59880239520962
451	36	1	145.1237524950099	122.22554890219564
451	37	1	60.29141716566871	100.9960079840319
451	38	1	148.4071856287425	181.2375249500998
451	39	1	143.7964071856288	151.72055888223554
451	40	1	160.61876247505	146.3812375249499
451	41	1	111.94610778443123	167.09580838323345
451	42	1	85.84262948207162	27.055776892430284
451	43	1	52.84431137724551	68.313373253493
451	44	1	10.978000000000007	103.67000000000003
451	45	1	118.05000000000005	133.742
452	1	2	4.959999999999995	4.979999999999998
452	2	2	4.944	45.03600000000001
452	3	2	4.877049180327865	84.87704918032787
452	4	2	4.877049180327865	125.1229508196721
452	5	2	5.036000000000001	164.9400000000001
452	6	2	45.027999999999984	4.912000000000001
452	7	2	45.00000000000003	45.00000000000002
452	8	2	45.132	85.40399999999994
452	9	2	45.00000000000003	124.99999999999997
452	10	2	45.012	165.10399999999987
452	11	2	84.87704918032783	5.1229508196721305
452	12	2	85.01200000000003	45.040000000000006
452	13	2	84.952	84.93999999999998
452	14	2	85.01600000000005	125.156
452	15	2	85.52479338842977	165.68595041322322
452	16	2	124.69999999999996	5.000000000000002
452	17	2	124.89200000000002	45.06400000000003
452	18	2	125.03599999999999	84.83200000000001
452	19	2	125.13199999999999	124.59600000000003
452	20	2	125.25714285714291	165.51428571428562
452	21	2	165.03599999999994	5.088
452	22	2	164.97999999999996	45.10399999999999
452	23	2	164.87999999999994	85.09200000000003
452	24	2	164.99999999999994	124.99999999999997
452	25	2	164.90400000000002	164.86799999999994
452	26	1	23.96407185628743	126.2934131736528
452	27	1	67.39043824701204	181.71115537848618
452	28	1	116.22554890219565	146.65868263473035
452	29	1	25.610000000000017	108.07800000000003
452	30	1	20.550000000000008	80.07000000000004
452	31	1	31.822355289421143	65.51097804391217
452	32	1	159.1097804391218	62.92015968063871
452	33	1	78.30999999999995	157.3279999999998
452	34	1	92.99400000000004	172.20199999999988
452	35	1	183.872	184.61800000000008
452	36	1	145.1242484969939	122.1623246492986
452	37	1	60.11752988047806	100.59760956175303
452	38	1	148.42115768463103	181.17165668662668
452	39	1	143.77689243027908	151.59760956175313
452	40	1	160.66666666666677	146.2994011976048
452	41	1	111.93600000000002	167.19999999999982
452	42	1	85.79840319361281	27.131736526946117
452	43	1	52.774900398406395	67.97410358565737
452	44	1	10.820000000000007	103.74000000000002
452	45	1	118.10179640718566	133.77445109780436
453	1	2	4.959999999999995	4.979999999999998
453	2	2	4.944	45.03600000000001
453	3	2	4.877049180327865	84.87704918032787
453	4	2	4.877049180327865	125.1229508196721
453	5	2	5.036000000000001	164.9400000000001
453	6	2	45.027999999999984	4.912000000000001
453	7	2	45.00000000000003	45.00000000000002
453	8	2	45.132	85.40399999999994
453	9	2	45.00000000000003	124.99999999999997
453	10	2	45.012	165.10399999999987
453	11	2	84.87704918032783	5.1229508196721305
453	12	2	85.01200000000003	45.040000000000006
453	13	2	84.952	84.93999999999998
453	14	2	85.01600000000005	125.156
453	15	2	85.52479338842977	165.68595041322322
453	16	2	124.69999999999996	5.000000000000002
453	17	2	124.89200000000002	45.06400000000003
453	18	2	125.03599999999999	84.83200000000001
453	19	2	125.13199999999999	124.59600000000003
453	20	2	125.25714285714291	165.51428571428562
453	21	2	165.03599999999994	5.088
453	22	2	164.97999999999996	45.10399999999999
453	23	2	164.87999999999994	85.09200000000003
453	24	2	164.99999999999994	124.99999999999997
453	25	2	164.90400000000002	164.86799999999994
453	26	1	24.045908183632715	126.31137724550888
453	27	1	67.32934131736525	181.66267465069862
453	28	1	116.28143712574854	146.70059880239504
453	29	1	25.46506986027944	108.28343313373247
453	30	1	20.58882235528942	80.15768463073859
453	31	1	31.74302788844622	65.53386454183274
453	32	1	159.038	62.719999999999985
453	33	1	78.36999999999999	157.28799999999998
453	34	1	92.94200000000004	172.24000000000004
453	35	1	183.72599999999997	184.61399999999998
453	36	1	145.12400000000002	122.154
453	37	1	59.972111553784856	100.45816733067733
453	38	1	148.37200000000013	181.1199999999998
453	39	1	143.75648702594808	151.47305389221557
453	40	1	160.66399999999996	146.3100000000001
453	41	1	111.95200000000006	167.35799999999995
453	42	1	85.95209580838325	27.13772455089822
453	43	1	52.641999999999996	67.78400000000005
453	44	1	10.746506986027942	103.7704590818363
453	45	1	118.07200000000003	133.81399999999982
454	1	2	4.959999999999995	4.979999999999998
454	2	2	4.944	45.03600000000001
454	3	2	4.877049180327865	84.87704918032787
454	4	2	4.877049180327865	125.1229508196721
454	5	2	5.036000000000001	164.9400000000001
454	6	2	45.027999999999984	4.912000000000001
454	7	2	45.00000000000003	45.00000000000002
454	8	2	45.132	85.40399999999994
454	9	2	45.00000000000003	124.99999999999997
454	10	2	45.012	165.10399999999987
454	11	2	84.87704918032783	5.1229508196721305
454	12	2	85.01200000000003	45.040000000000006
454	13	2	84.952	84.93999999999998
454	14	2	85.01600000000005	125.156
454	15	2	85.52479338842977	165.68595041322322
454	16	2	124.69999999999996	5.000000000000002
454	17	2	124.89200000000002	45.06400000000003
454	18	2	125.03599999999999	84.83200000000001
454	19	2	125.13199999999999	124.59600000000003
454	20	2	125.25714285714291	165.51428571428562
454	21	2	165.03599999999994	5.088
454	22	2	164.97999999999996	45.10399999999999
454	23	2	164.87999999999994	85.09200000000003
454	24	2	164.99999999999994	124.99999999999997
454	25	2	164.90400000000002	164.86799999999994
454	26	1	24.138000000000023	126.27800000000008
454	27	1	67.34131736526949	181.66267465069848
454	28	1	116.60279441117767	146.86427145708598
454	29	1	25.379241516966054	108.33732534930142
454	30	1	20.64400000000001	80.284
454	31	1	31.602794411177623	65.49900199600788
454	32	1	158.9920159680639	62.52694610778436
454	33	1	78.37924151696605	157.27345309381235
454	34	1	92.94200000000004	172.24000000000004
454	35	1	183.60678642714572	184.71057884231524
454	36	1	145.1832669322709	122.12151394422311
454	37	1	59.85400000000001	100.05400000000003
454	38	1	148.422	181.108
454	39	1	143.83233532934142	151.35928143712576
454	40	1	160.83033932135726	146.34730538922153
454	41	1	111.94200000000004	167.42199999999997
454	42	1	85.9123505976095	27.258964143426304
454	43	1	52.460159362549796	67.47410358565743
454	44	1	10.644710578842313	103.83433133732532
454	45	1	118.084	133.87000000000006
455	1	2	4.959999999999995	4.979999999999998
455	2	2	4.944	45.03600000000001
455	3	2	4.877049180327865	84.87704918032787
455	4	2	4.877049180327865	125.1229508196721
455	5	2	5.036000000000001	164.9400000000001
455	6	2	45.027999999999984	4.912000000000001
455	7	2	45.00000000000003	45.00000000000002
455	8	2	45.132	85.40399999999994
455	9	2	45.00000000000003	124.99999999999997
455	10	2	45.012	165.10399999999987
455	11	2	84.87704918032783	5.1229508196721305
455	12	2	85.01200000000003	45.040000000000006
455	13	2	84.952	84.93999999999998
455	14	2	85.01600000000005	125.156
455	15	2	85.52479338842977	165.68595041322322
455	16	2	124.69999999999996	5.000000000000002
455	17	2	124.89200000000002	45.06400000000003
455	18	2	125.03599999999999	84.83200000000001
455	19	2	125.13199999999999	124.59600000000003
455	20	2	125.25714285714291	165.51428571428562
455	21	2	165.03599999999994	5.088
455	22	2	164.97999999999996	45.10399999999999
455	23	2	164.87999999999994	85.09200000000003
455	24	2	164.99999999999994	124.99999999999997
455	25	2	164.90400000000002	164.86799999999994
455	26	1	24.188000000000002	126.24199999999986
455	27	1	67.28742514970054	181.65868263473058
455	28	1	116.68463073852303	146.9401197604789
455	29	1	25.24400000000001	108.41399999999999
455	30	1	20.63199999999999	80.38400000000001
455	31	1	31.485029940119787	65.49500998003984
455	32	1	159.10200000000003	62.33600000000004
455	33	1	78.46414342629494	157.18924302788852
455	34	1	92.73107569721114	172.39442231075697
455	35	1	183.61876247504992	184.71057884231527
455	36	1	145.2035928143713	122.08582834331332
455	37	1	59.67065868263476	99.63073852295413
455	38	1	148.37325349301412	181.0419161676647
455	39	1	143.83033932135731	151.2255489021954
455	40	1	160.84031936127727	146.26347305389214
455	41	1	111.91616766467064	167.51497005988023
455	42	1	85.936127744511	27.215568862275465
455	43	1	52.24151696606785	67.13772455089817
455	44	1	10.500998003992011	103.92415169660677
455	45	1	118.0379241516966	133.9181636726547
456	1	2	4.959999999999995	4.979999999999998
456	2	2	4.944	45.03600000000001
456	3	2	4.877049180327865	84.87704918032787
456	4	2	4.877049180327865	125.1229508196721
456	5	2	5.036000000000001	164.9400000000001
456	6	2	45.027999999999984	4.912000000000001
456	7	2	45.00000000000003	45.00000000000002
456	8	2	45.132	85.40399999999994
456	9	2	45.00000000000003	124.99999999999997
456	10	2	45.012	165.10399999999987
456	11	2	84.87704918032783	5.1229508196721305
456	12	2	85.01200000000003	45.040000000000006
456	13	2	84.952	84.93999999999998
456	14	2	85.01600000000005	125.156
456	15	2	85.52479338842977	165.68595041322322
456	16	2	124.69999999999996	5.000000000000002
456	17	2	124.89200000000002	45.06400000000003
456	18	2	125.03599999999999	84.83200000000001
456	19	2	125.13199999999999	124.59600000000003
456	20	2	125.25714285714291	165.51428571428562
456	21	2	165.03599999999994	5.088
456	22	2	164.97999999999996	45.10399999999999
456	23	2	164.87999999999994	85.09200000000003
456	24	2	164.99999999999994	124.99999999999997
456	25	2	164.90400000000002	164.86799999999994
456	26	1	24.22954091816367	126.24151696606788
456	27	1	67.23799999999999	181.61400000000003
456	28	1	116.78486055776894	146.99800796812775
456	29	1	25.183999999999997	108.48000000000002
456	30	1	20.673999999999992	80.42400000000005
456	31	1	31.443113772455092	65.49101796407176
456	32	1	158.9720558882237	62.281437125748525
456	33	1	78.48702594810383	157.1816367265467
456	34	1	92.69660678642721	172.37724550898213
456	35	1	183.57285429141717	184.73453093812367
456	36	1	145.26693227091639	122.0856573705179
456	37	1	59.67729083665345	99.43824701195216
456	38	1	148.38522954091806	180.95209580838315
456	39	1	143.86199999999997	151.1659999999998
456	40	1	160.864271457086	146.27145708582853
456	41	1	111.88000000000001	167.6120000000001
456	42	1	86.15936254980092	27.151394422310755
456	43	1	52.05378486055778	66.92629482071715
456	44	1	10.421157684630739	103.97804391217558
456	45	1	118.03000000000004	133.99200000000016
457	1	2	4.959999999999995	4.979999999999998
457	2	2	4.944	45.03600000000001
457	3	2	4.877049180327865	84.87704918032787
457	4	2	4.877049180327865	125.1229508196721
457	5	2	5.036000000000001	164.9400000000001
457	6	2	45.027999999999984	4.912000000000001
457	7	2	45.00000000000003	45.00000000000002
457	8	2	45.132	85.40399999999994
457	9	2	45.00000000000003	124.99999999999997
457	10	2	45.012	165.10399999999987
457	11	2	84.87704918032783	5.1229508196721305
457	12	2	85.01200000000003	45.040000000000006
457	13	2	84.952	84.93999999999998
457	14	2	85.01600000000005	125.156
457	15	2	85.52479338842977	165.68595041322322
457	16	2	124.69999999999996	5.000000000000002
457	17	2	124.89200000000002	45.06400000000003
457	18	2	125.03599999999999	84.83200000000001
457	19	2	125.13199999999999	124.59600000000003
457	20	2	125.25714285714291	165.51428571428562
457	21	2	165.03599999999994	5.088
457	22	2	164.97999999999996	45.10399999999999
457	23	2	164.87999999999994	85.09200000000003
457	24	2	164.99999999999994	124.99999999999997
457	25	2	164.90400000000002	164.86799999999994
457	26	1	24.327999999999992	126.216
457	27	1	67.19599999999998	181.56999999999985
457	28	1	116.85029940119757	147.0738522954091
457	29	1	25.087824351297414	108.58682634730538
457	30	1	20.73800000000001	80.59200000000001
457	31	1	31.37000000000001	65.51600000000003
457	32	1	158.97205588822354	62.10578842315368
457	33	1	78.50499001996012	157.15568862275452
457	34	1	92.56999999999998	172.45400000000012
457	35	1	183.51999999999998	184.79199999999994
457	36	1	145.28542914171646	122.11177644710574
457	37	1	59.57768924302792	99.30079681274897
457	38	1	148.40999999999997	180.926
457	39	1	143.8040000000001	151.064
457	40	1	160.85628742514965	146.37325349301418
457	41	1	111.84630738522958	167.7784431137725
457	42	1	86.16367265469063	27.14570858283432
457	43	1	51.80360721442887	66.77154308617236
457	44	1	10.24750499001996	104.06387225548902
457	45	1	117.98602794411173	134.0119760479043
458	1	2	4.959999999999995	4.979999999999998
458	2	2	4.944	45.03600000000001
458	3	2	4.877049180327865	84.87704918032787
458	4	2	4.877049180327865	125.1229508196721
458	5	2	5.036000000000001	164.9400000000001
458	6	2	45.027999999999984	4.912000000000001
458	7	2	45.00000000000003	45.00000000000002
458	8	2	45.132	85.40399999999994
458	9	2	45.00000000000003	124.99999999999997
458	10	2	45.012	165.10399999999987
458	11	2	84.87704918032783	5.1229508196721305
458	12	2	85.01200000000003	45.040000000000006
458	13	2	84.952	84.93999999999998
458	14	2	85.01600000000005	125.156
458	15	2	85.52479338842977	165.68595041322322
458	16	2	124.69999999999996	5.000000000000002
458	17	2	124.89200000000002	45.06400000000003
458	18	2	125.03599999999999	84.83200000000001
458	19	2	125.13199999999999	124.59600000000003
458	20	2	125.25714285714291	165.51428571428562
458	21	2	165.03599999999994	5.088
458	22	2	164.97999999999996	45.10399999999999
458	23	2	164.87999999999994	85.09200000000003
458	24	2	164.99999999999994	124.99999999999997
458	25	2	164.90400000000002	164.86799999999994
458	26	1	24.329341317365255	126.26347305389228
458	27	1	67.17564870259484	181.57085828343307
458	28	1	116.99999999999999	147.20558882235545
458	29	1	25.02594810379242	108.60878243512973
458	30	1	20.72709163346613	80.73505976095626
458	31	1	31.323353293413167	65.55489021956092
458	32	1	159.13944223107578	62.09760956175302
458	33	1	78.5828343313374	157.0678642714571
458	34	1	92.52894211576857	172.48502994011992
458	35	1	183.55	184.84000000000015
458	36	1	145.31137724550905	122.09780439121752
458	37	1	59.449304174950306	99.02584493041748
458	38	1	148.4031936127746	180.89221556886247
458	39	1	143.76047904191603	150.91417165668668
458	40	1	160.8602794411179	146.37125748502984
458	41	1	111.72255489021956	168.08782435129743
458	42	1	86.20558882235527	27.219560878243517
458	43	1	51.73652694610779	66.5169660678643
458	44	1	9.966067864271453	104.22754491017967
458	45	1	117.932	134.01000000000008
459	1	2	4.959999999999995	4.979999999999998
459	2	2	4.944	45.03600000000001
459	3	2	4.877049180327865	84.87704918032787
459	4	2	4.877049180327865	125.1229508196721
459	5	2	5.036000000000001	164.9400000000001
459	6	2	45.027999999999984	4.912000000000001
459	7	2	45.00000000000003	45.00000000000002
459	8	2	45.132	85.40399999999994
459	9	2	45.00000000000003	124.99999999999997
459	10	2	45.012	165.10399999999987
459	11	2	84.87704918032783	5.1229508196721305
459	12	2	85.01200000000003	45.040000000000006
459	13	2	84.952	84.93999999999998
459	14	2	85.01600000000005	125.156
459	15	2	85.52479338842977	165.68595041322322
459	16	2	124.69999999999996	5.000000000000002
459	17	2	124.89200000000002	45.06400000000003
459	18	2	125.03599999999999	84.83200000000001
459	19	2	125.13199999999999	124.59600000000003
459	20	2	125.25714285714291	165.51428571428562
459	21	2	165.03599999999994	5.088
459	22	2	164.97999999999996	45.10399999999999
459	23	2	164.87999999999994	85.09200000000003
459	24	2	164.99999999999994	124.99999999999997
459	25	2	164.90400000000002	164.86799999999994
459	26	1	24.33266932270915	126.31274900398418
459	27	1	67.1397205588823	181.5688622754491
459	28	1	117.2195608782435	147.32534930139718
459	29	1	24.976000000000017	108.71000000000005
459	30	1	20.804780876494014	80.88844621513947
459	31	1	31.181636726546916	65.65469061876246
459	32	1	159.0718562874252	61.956087824351314
459	33	1	78.5828343313374	157.0678642714571
459	34	1	92.51399999999994	172.46200000000007
459	35	1	183.63872255489022	184.80039920159663
459	36	1	145.32734530938137	122.11576846307385
459	37	1	59.32071713147404	98.78685258964154
459	38	1	148.44111776447122	180.84231536926126
459	39	1	143.7524950099802	150.8203592814371
459	40	1	160.84600000000012	146.31000000000006
459	41	1	111.69061876247501	168.29540918163678
459	42	1	86.27490039840637	27.15936254980079
459	43	1	51.55378486055779	66.31274900398407
459	44	1	9.874	104.29399999999998
459	45	1	117.69599999999998	134.00199999999998
460	1	2	4.959999999999995	4.979999999999998
460	2	2	4.944	45.03600000000001
460	3	2	4.877049180327865	84.87704918032787
460	4	2	4.877049180327865	125.1229508196721
460	5	2	5.036000000000001	164.9400000000001
460	6	2	45.027999999999984	4.912000000000001
460	7	2	45.00000000000003	45.00000000000002
460	8	2	45.132	85.40399999999994
460	9	2	45.00000000000003	124.99999999999997
460	10	2	45.012	165.10399999999987
460	11	2	84.87704918032783	5.1229508196721305
460	12	2	85.01200000000003	45.040000000000006
460	13	2	84.952	84.93999999999998
460	14	2	85.01600000000005	125.156
460	15	2	85.52479338842977	165.68595041322322
460	16	2	124.69999999999996	5.000000000000002
460	17	2	124.89200000000002	45.06400000000003
460	18	2	125.03599999999999	84.83200000000001
460	19	2	125.13199999999999	124.59600000000003
460	20	2	125.25714285714291	165.51428571428562
460	21	2	165.03599999999994	5.088
460	22	2	164.97999999999996	45.10399999999999
460	23	2	164.87999999999994	85.09200000000003
460	24	2	164.99999999999994	124.99999999999997
460	25	2	164.90400000000002	164.86799999999994
460	26	1	24.311377245508965	126.31936127744508
460	27	1	67.04199999999993	181.52799999999993
460	28	1	117.33996023856864	147.4433399602388
460	29	1	24.86200000000002	108.75
460	30	1	20.81474103585657	81.0418326693227
460	31	1	31.10179640718566	65.74850299401196
460	32	1	159.06972111553785	61.8326693227092
460	33	1	78.62200000000001	157.06199999999995
460	34	1	92.42199999999988	172.5
460	35	1	183.688622754491	184.8263473053892
460	36	1	145.23353293413174	121.97405189620758
460	37	1	59.241999999999976	98.63799999999999
460	38	1	148.44311377245512	180.8183632734532
460	39	1	143.77644710578844	150.70059880239518
460	40	1	160.8822355289422	146.307385229541
460	41	1	111.586	168.51800000000014
460	42	1	86.25149700598804	27.21157684630737
460	43	1	51.4652087475149	66.22465208747516
460	44	1	9.78443113772455	104.2994011976049
460	45	1	117.68600000000008	134.06200000000004
461	1	2	4.959999999999995	4.979999999999998
461	2	2	4.944	45.03600000000001
461	3	2	4.877049180327865	84.87704918032787
461	4	2	4.877049180327865	125.1229508196721
461	5	2	5.036000000000001	164.9400000000001
461	6	2	45.027999999999984	4.912000000000001
461	7	2	45.00000000000003	45.00000000000002
461	8	2	45.132	85.40399999999994
461	9	2	45.00000000000003	124.99999999999997
461	10	2	45.012	165.10399999999987
461	11	2	84.87704918032783	5.1229508196721305
461	12	2	85.01200000000003	45.040000000000006
461	13	2	84.952	84.93999999999998
461	14	2	85.01600000000005	125.156
461	15	2	85.52479338842977	165.68595041322322
461	16	2	124.69999999999996	5.000000000000002
461	17	2	124.89200000000002	45.06400000000003
461	18	2	125.03599999999999	84.83200000000001
461	19	2	125.13199999999999	124.59600000000003
461	20	2	125.25714285714291	165.51428571428562
461	21	2	165.03599999999994	5.088
461	22	2	164.97999999999996	45.10399999999999
461	23	2	164.87999999999994	85.09200000000003
461	24	2	164.99999999999994	124.99999999999997
461	25	2	164.90400000000002	164.86799999999994
461	26	1	24.454	126.21800000000009
461	27	1	66.98605577689243	181.577689243028
461	28	1	117.34000000000005	147.474
461	29	1	24.790419161676663	108.88023952095807
461	30	1	21.007984031936115	81.23952095808384
461	31	1	31.014000000000003	65.68600000000004
461	32	1	159.05199999999977	61.64799999999999
461	33	1	78.65537848605585	157.0099601593625
461	34	1	92.38323353293413	172.47504990019948
461	35	1	183.624750499002	184.85628742514956
461	36	1	145.15800000000002	121.83000000000006
461	37	1	59.2255489021956	98.53493013972052
461	38	1	148.4191616766466	180.7804391217565
461	39	1	143.69400000000013	150.53599999999994
461	40	1	160.82470119521918	146.2908366533865
461	41	1	111.56199999999994	168.58399999999986
461	42	1	86.36726546906192	27.183632734530963
461	43	1	51.33532934131737	66.13572854291414
461	44	1	9.728000000000002	104.3320000000001
461	45	1	117.64271457085829	134.05788423153683
462	1	2	4.959999999999995	4.979999999999998
462	2	2	4.944	45.03600000000001
462	3	2	4.877049180327865	84.87704918032787
462	4	2	4.877049180327865	125.1229508196721
462	5	2	5.036000000000001	164.9400000000001
462	6	2	45.027999999999984	4.912000000000001
462	7	2	45.00000000000003	45.00000000000002
462	8	2	45.132	85.40399999999994
462	9	2	45.00000000000003	124.99999999999997
462	10	2	45.012	165.10399999999987
462	11	2	84.87704918032783	5.1229508196721305
462	12	2	85.01200000000003	45.040000000000006
462	13	2	84.952	84.93999999999998
462	14	2	85.01600000000005	125.156
462	15	2	85.52479338842977	165.68595041322322
462	16	2	124.69999999999996	5.000000000000002
462	17	2	124.89200000000002	45.06400000000003
462	18	2	125.03599999999999	84.83200000000001
462	19	2	125.13199999999999	124.59600000000003
462	20	2	125.25714285714291	165.51428571428562
462	21	2	165.03599999999994	5.088
462	22	2	164.97999999999996	45.10399999999999
462	23	2	164.87999999999994	85.09200000000003
462	24	2	164.99999999999994	124.99999999999997
462	25	2	164.90400000000002	164.86799999999994
462	26	1	24.529058116232456	126.18837675350703
462	27	1	66.97609561752977	181.5378486055777
462	28	1	117.39442231075697	147.55776892430282
462	29	1	24.62075848303395	109.07784431137723
462	30	1	21.114000000000026	81.37399999999991
462	31	1	30.964071856287443	65.85828343313369
462	32	1	159.04600000000002	61.57199999999998
462	33	1	78.67400000000012	157.0240000000001
462	34	1	92.33999999999997	172.4839999999999
462	35	1	183.66334661354585	184.85059760956167
462	36	1	145.19400000000007	121.84400000000001
462	37	1	58.94011976047908	98.07185628742516
462	38	1	148.3426294820718	180.77490039840652
462	39	1	143.65668662674645	150.4770459081836
462	40	1	160.79441117764486	146.27145708582825
462	41	1	111.46599999999997	168.7480000000001
462	42	1	86.43912175648704	27.181636726546913
462	43	1	51.09000000000003	65.802
462	44	1	9.630738522954095	104.38323353293424
462	45	1	117.50698602794411	134.09181636726524
463	1	2	4.959999999999995	4.979999999999998
463	2	2	4.944	45.03600000000001
463	3	2	4.877049180327865	84.87704918032787
463	4	2	4.877049180327865	125.1229508196721
463	5	2	5.036000000000001	164.9400000000001
463	6	2	45.027999999999984	4.912000000000001
463	7	2	45.00000000000003	45.00000000000002
463	8	2	45.132	85.40399999999994
463	9	2	45.00000000000003	124.99999999999997
463	10	2	45.012	165.10399999999987
463	11	2	84.87704918032783	5.1229508196721305
463	12	2	85.01200000000003	45.040000000000006
463	13	2	84.952	84.93999999999998
463	14	2	85.01600000000005	125.156
463	15	2	85.52479338842977	165.68595041322322
463	16	2	124.69999999999996	5.000000000000002
463	17	2	124.89200000000002	45.06400000000003
463	18	2	125.03599999999999	84.83200000000001
463	19	2	125.13199999999999	124.59600000000003
463	20	2	125.25714285714291	165.51428571428562
463	21	2	165.03599999999994	5.088
463	22	2	164.97999999999996	45.10399999999999
463	23	2	164.87999999999994	85.09200000000003
463	24	2	164.99999999999994	124.99999999999997
463	25	2	164.90400000000002	164.86799999999994
463	26	1	24.664670658682645	126.14371257485017
463	27	1	66.87400000000004	181.5019999999999
463	28	1	117.49101796407189	147.63073852295406
463	29	1	24.481037924151707	109.22155688622752
463	30	1	21.163672654690618	81.5289421157685
463	31	1	30.86055776892432	65.7410358565737
463	32	1	158.9121756487025	61.5049900199601
463	33	1	78.72055888223554	156.92614770459085
463	34	1	92.2819999999999	172.48800000000014
463	35	1	183.59281437125748	184.9461077844312
463	36	1	145.21314741035852	121.796812749004
463	37	1	58.732000000000006	97.85999999999997
463	38	1	148.23552894211574	180.738522954092
463	39	1	143.63346613545838	150.3207171314741
463	40	1	160.78400000000002	146.25600000000009
463	41	1	111.3253493013972	168.822355289421
463	42	1	86.47000000000007	27.12200000000002
463	43	1	50.81037924151699	65.6946107784431
463	44	1	9.539999999999994	104.42200000000004
463	45	1	117.41916167664674	134.1237524950101
464	1	2	4.959999999999995	4.979999999999998
464	2	2	4.944	45.03600000000001
464	3	2	4.877049180327865	84.87704918032787
464	4	2	4.877049180327865	125.1229508196721
464	5	2	5.036000000000001	164.9400000000001
464	6	2	45.027999999999984	4.912000000000001
464	7	2	45.00000000000003	45.00000000000002
464	8	2	45.132	85.40399999999994
464	9	2	45.00000000000003	124.99999999999997
464	10	2	45.012	165.10399999999987
464	11	2	84.87704918032783	5.1229508196721305
464	12	2	85.01200000000003	45.040000000000006
464	13	2	84.952	84.93999999999998
464	14	2	85.01600000000005	125.156
464	15	2	85.52479338842977	165.68595041322322
464	16	2	124.69999999999996	5.000000000000002
464	17	2	124.89200000000002	45.06400000000003
464	18	2	125.03599999999999	84.83200000000001
464	19	2	125.13199999999999	124.59600000000003
464	20	2	125.25714285714291	165.51428571428562
464	21	2	165.03599999999994	5.088
464	22	2	164.97999999999996	45.10399999999999
464	23	2	164.87999999999994	85.09200000000003
464	24	2	164.99999999999994	124.99999999999997
464	25	2	164.90400000000002	164.86799999999994
464	26	1	24.70858283433137	126.13173652694603
464	27	1	66.796	181.504
464	28	1	117.75896414342633	147.7490039840638
464	29	1	24.332669322709126	109.37649402390443
464	30	1	21.231999999999978	81.68199999999999
464	31	1	30.816367265469058	65.78842315369255
464	32	1	158.80638722554895	61.27944111776448
464	33	1	78.73253493013972	156.8522954091816
464	34	1	92.24200000000005	172.4559999999999
464	35	1	183.718	184.93800000000002
464	36	1	145.23752495009984	121.79640718562874
464	37	1	58.67864271457086	97.72255489021954
464	38	1	148.23752495009975	180.68662674650713
464	39	1	143.6779999999999	150.14399999999992
464	40	1	160.78200000000015	146.21000000000015
464	41	1	111.24701195219123	168.83864541832676
464	42	1	86.54091816367264	27.131736526946128
464	43	1	50.625498007968076	65.52390438247012
464	44	1	9.464143426294815	104.39442231075695
464	45	1	117.39679358717444	134.1583166332665
465	1	2	4.959999999999995	4.979999999999998
465	2	2	4.944	45.03600000000001
465	3	2	4.877049180327865	84.87704918032787
465	4	2	4.877049180327865	125.1229508196721
465	5	2	5.036000000000001	164.9400000000001
465	6	2	45.027999999999984	4.912000000000001
465	7	2	45.00000000000003	45.00000000000002
465	8	2	45.132	85.40399999999994
465	9	2	45.00000000000003	124.99999999999997
465	10	2	45.012	165.10399999999987
465	11	2	84.87704918032783	5.1229508196721305
465	12	2	85.01200000000003	45.040000000000006
465	13	2	84.952	84.93999999999998
465	14	2	85.01600000000005	125.156
465	15	2	85.52479338842977	165.68595041322322
465	16	2	124.69999999999996	5.000000000000002
465	17	2	124.89200000000002	45.06400000000003
465	18	2	125.03599999999999	84.83200000000001
465	19	2	125.13199999999999	124.59600000000003
465	20	2	125.25714285714291	165.51428571428562
465	21	2	165.03599999999994	5.088
465	22	2	164.97999999999996	45.10399999999999
465	23	2	164.87999999999994	85.09200000000003
465	24	2	164.99999999999994	124.99999999999997
465	25	2	164.90400000000002	164.86799999999994
465	26	1	24.752495009980034	126.0838323353294
465	27	1	66.664	181.48599999999988
465	28	1	117.69860279441129	147.80439121756496
465	29	1	24.18600000000002	109.54399999999991
465	30	1	21.260956175298816	81.88247011952191
465	31	1	30.74251497005989	65.87425149700599
465	32	1	158.78199999999998	61.189999999999976
465	33	1	78.74103585657362	156.84462151394436
465	34	1	92.18800000000005	172.4600000000001
465	35	1	183.69199999999998	184.91200000000006
465	36	1	145.24750499001982	121.72455089820346
465	37	1	58.6067864271457	97.51097804391208
465	38	1	148.18562874251515	180.7005988023954
465	39	1	143.64870259481032	150.04590818363275
465	40	1	160.78000000000017	146.18200000000007
465	41	1	111.19038076152307	168.92384769539072
465	42	1	86.61077844311382	27.03193612774449
465	43	1	50.468127490039834	65.31274900398418
465	44	1	9.381999999999993	104.412
465	45	1	117.49601593625498	134.17928286852572
466	1	2	4.959999999999995	4.979999999999998
466	2	2	4.944	45.03600000000001
466	3	2	4.877049180327865	84.87704918032787
466	4	2	4.877049180327865	125.1229508196721
466	5	2	5.036000000000001	164.9400000000001
466	6	2	45.027999999999984	4.912000000000001
466	7	2	45.00000000000003	45.00000000000002
466	8	2	45.132	85.40399999999994
466	9	2	45.00000000000003	124.99999999999997
466	10	2	45.012	165.10399999999987
466	11	2	84.87704918032783	5.1229508196721305
466	12	2	85.01200000000003	45.040000000000006
466	13	2	84.952	84.93999999999998
466	14	2	85.01600000000005	125.156
466	15	2	85.52479338842977	165.68595041322322
466	16	2	124.69999999999996	5.000000000000002
466	17	2	124.89200000000002	45.06400000000003
466	18	2	125.03599999999999	84.83200000000001
466	19	2	125.13199999999999	124.59600000000003
466	20	2	125.25714285714291	165.51428571428562
466	21	2	165.03599999999994	5.088
466	22	2	164.97999999999996	45.10399999999999
466	23	2	164.87999999999994	85.09200000000003
466	24	2	164.99999999999994	124.99999999999997
466	25	2	164.90400000000002	164.86799999999994
466	26	1	24.826347305389234	126.04790419161668
466	27	1	66.60000000000001	181.46999999999986
466	28	1	117.76095617529883	147.84063745019918
466	29	1	24.08999999999998	109.64199999999992
466	30	1	21.329341317365287	82.06586826347309
466	31	1	30.679282868525913	65.76892430278883
466	32	1	158.72908366533866	61.14541832669319
466	33	1	78.79840319361288	156.77644710578835
466	34	1	92.15369261477052	172.49500998004
466	35	1	183.73852295409182	185.01197604790414
466	36	1	145.27145708582813	121.70259481037913
466	37	1	58.63745019920317	97.37649402390431
466	38	1	148.1314741035856	180.69123505976108
466	39	1	143.6347305389221	150.05588822355296
466	40	1	160.7165668662674	146.11576846307398
466	41	1	111.12375249501001	168.9800399201597
466	42	1	86.86826347305384	27.007984031936143
466	43	1	50.27091633466135	65.07171314741035
466	44	1	9.401197604790418	104.34930139720568
466	45	1	117.53000000000002	134.2100000000001
467	1	2	4.959999999999995	4.979999999999998
467	2	2	4.944	45.03600000000001
467	3	2	4.877049180327865	84.87704918032787
467	4	2	4.877049180327865	125.1229508196721
467	5	2	5.036000000000001	164.9400000000001
467	6	2	45.027999999999984	4.912000000000001
467	7	2	45.00000000000003	45.00000000000002
467	8	2	45.132	85.40399999999994
467	9	2	45.00000000000003	124.99999999999997
467	10	2	45.012	165.10399999999987
467	11	2	84.87704918032783	5.1229508196721305
467	12	2	85.01200000000003	45.040000000000006
467	13	2	84.952	84.93999999999998
467	14	2	85.01600000000005	125.156
467	15	2	85.52479338842977	165.68595041322322
467	16	2	124.69999999999996	5.000000000000002
467	17	2	124.89200000000002	45.06400000000003
467	18	2	125.03599999999999	84.83200000000001
467	19	2	125.13199999999999	124.59600000000003
467	20	2	125.25714285714291	165.51428571428562
467	21	2	165.03599999999994	5.088
467	22	2	164.97999999999996	45.10399999999999
467	23	2	164.87999999999994	85.09200000000003
467	24	2	164.99999999999994	124.99999999999997
467	25	2	164.90400000000002	164.86799999999994
467	26	1	24.936000000000018	126.01199999999987
467	27	1	66.54200000000006	181.40599999999992
467	28	1	117.88645418326695	147.92629482071712
467	29	1	23.89021956087825	109.80838323353294
467	30	1	21.28884462151394	82.12749003984068
467	31	1	30.6746506986028	65.74251497005974
467	32	1	158.77199999999996	61.10800000000003
467	33	1	78.90019960079836	156.6846307385229
467	34	1	92.05389221556895	172.54091816367256
467	35	1	183.6892430278884	185.02988047808748
467	36	1	145.25599999999997	121.61799999999998
467	37	1	58.468000000000025	97.17400000000004
467	38	1	148.2011952191235	180.59163346613545
467	39	1	143.61000000000018	149.99399999999986
467	40	1	160.5999999999999	145.98200000000014
467	41	1	111.04391217564876	169.10778443113787
467	42	1	86.9500998003992	26.99600798403193
467	43	1	50.159362549800875	64.94621513944223
467	44	1	9.397999999999993	104.374
467	45	1	117.47504990019955	134.2115768463075
468	1	2	4.959999999999995	4.979999999999998
468	2	2	4.944	45.03600000000001
468	3	2	4.877049180327865	84.87704918032787
468	4	2	4.877049180327865	125.1229508196721
468	5	2	5.036000000000001	164.9400000000001
468	6	2	45.027999999999984	4.912000000000001
468	7	2	45.00000000000003	45.00000000000002
468	8	2	45.132	85.40399999999994
468	9	2	45.00000000000003	124.99999999999997
468	10	2	45.012	165.10399999999987
468	11	2	84.87704918032783	5.1229508196721305
468	12	2	85.01200000000003	45.040000000000006
468	13	2	84.952	84.93999999999998
468	14	2	85.01600000000005	125.156
468	15	2	85.52479338842977	165.68595041322322
468	16	2	124.69999999999996	5.000000000000002
468	17	2	124.89200000000002	45.06400000000003
468	18	2	125.03599999999999	84.83200000000001
468	19	2	125.13199999999999	124.59600000000003
468	20	2	125.25714285714291	165.51428571428562
468	21	2	165.03599999999994	5.088
468	22	2	164.97999999999996	45.10399999999999
468	23	2	164.87999999999994	85.09200000000003
468	24	2	164.99999999999994	124.99999999999997
468	25	2	164.90400000000002	164.86799999999994
468	26	1	25.10179640718562	125.88423153692618
468	27	1	66.49301397205589	181.43712574850318
468	28	1	118.055888223553	148.0558882235531
468	29	1	23.730538922155674	109.9161676646706
468	30	1	21.199999999999985	82.22200000000002
468	31	1	30.573705179282854	65.99003984063741
468	32	1	158.662	60.865999999999985
468	33	1	79.1177644710579	156.52095808383254
468	34	1	92.03199999999997	172.52400000000014
468	35	1	183.8183632734531	184.99600798403205
468	36	1	145.16566866267428	121.43712574850294
468	37	1	58.35129740518963	96.99800399201595
468	38	1	148.30538922155694	180.56886227544896
468	39	1	143.58000000000004	149.85600000000005
468	40	1	160.542	145.956
468	41	1	110.89620758483034	169.30139720558887
468	42	1	86.93426294820716	26.994023904382445
468	43	1	49.85828343313377	64.76247504990022
468	44	1	9.306613226452908	104.39879759519039
468	45	1	117.47504990019952	134.25349301397208
469	1	2	4.959999999999995	4.979999999999998
469	2	2	4.944	45.03600000000001
469	3	2	4.877049180327865	84.87704918032787
469	4	2	4.877049180327865	125.1229508196721
469	5	2	5.036000000000001	164.9400000000001
469	6	2	45.027999999999984	4.912000000000001
469	7	2	45.00000000000003	45.00000000000002
469	8	2	45.132	85.40399999999994
469	9	2	45.00000000000003	124.99999999999997
469	10	2	45.012	165.10399999999987
469	11	2	84.87704918032783	5.1229508196721305
469	12	2	85.01200000000003	45.040000000000006
469	13	2	84.952	84.93999999999998
469	14	2	85.01600000000005	125.156
469	15	2	85.52479338842977	165.68595041322322
469	16	2	124.69999999999996	5.000000000000002
469	17	2	124.89200000000002	45.06400000000003
469	18	2	125.03599999999999	84.83200000000001
469	19	2	125.13199999999999	124.59600000000003
469	20	2	125.25714285714291	165.51428571428562
469	21	2	165.03599999999994	5.088
469	22	2	164.97999999999996	45.10399999999999
469	23	2	164.87999999999994	85.09200000000003
469	24	2	164.99999999999994	124.99999999999997
469	25	2	164.90400000000002	164.86799999999994
469	26	1	25.14171656686627	125.9361277445109
469	27	1	66.44710578842313	181.41516966067869
469	28	1	118.1277445109781	148.10578842315368
469	29	1	23.65269461077845	110.05189620758479
469	30	1	21.236000000000004	82.34400000000002
469	31	1	30.541999999999987	66.0260000000001
469	32	1	158.64670658682627	60.80039920159683
469	33	1	79.15737051792827	156.4501992031874
469	34	1	91.94011976047909	172.58083832335333
469	35	1	183.79640718562877	184.99401197604791
469	36	1	145.11576846307398	121.33532934131736
469	37	1	58.17999999999997	96.94200000000001
469	38	1	148.318	180.53599999999992
469	39	1	143.56287425149696	149.8383233532933
469	40	1	160.51792828685257	145.9521912350595
469	41	1	110.74251497005987	169.34331337325344
469	42	1	86.81037924151694	27.027944111776453
469	43	1	49.72255489021952	64.48103792415175
469	44	1	9.314629258517039	104.38476953907809
469	45	1	117.49301397205588	134.2694610778443
470	1	2	4.959999999999995	4.979999999999998
470	2	2	4.944	45.03600000000001
470	3	2	4.877049180327865	84.87704918032787
470	4	2	4.877049180327865	125.1229508196721
470	5	2	5.036000000000001	164.9400000000001
470	6	2	45.027999999999984	4.912000000000001
470	7	2	45.00000000000003	45.00000000000002
470	8	2	45.132	85.40399999999994
470	9	2	45.00000000000003	124.99999999999997
470	10	2	45.012	165.10399999999987
470	11	2	84.87704918032783	5.1229508196721305
470	12	2	85.01200000000003	45.040000000000006
470	13	2	84.952	84.93999999999998
470	14	2	85.01600000000005	125.156
470	15	2	85.52479338842977	165.68595041322322
470	16	2	124.69999999999996	5.000000000000002
470	17	2	124.89200000000002	45.06400000000003
470	18	2	125.03599999999999	84.83200000000001
470	19	2	125.13199999999999	124.59600000000003
470	20	2	125.25714285714291	165.51428571428562
470	21	2	165.03599999999994	5.088
470	22	2	164.97999999999996	45.10399999999999
470	23	2	164.87999999999994	85.09200000000003
470	24	2	164.99999999999994	124.99999999999997
470	25	2	164.90400000000002	164.86799999999994
470	26	1	25.151696606786416	125.97604790419153
470	27	1	66.36926147704588	181.36926147704594
470	28	1	118.06759443339969	148.14314115308161
470	29	1	23.628742514970046	110.07784431137729
470	30	1	21.259999999999987	82.46200000000005
470	31	1	30.419161676646716	66.1596806387226
470	32	1	158.6179999999999	60.774
470	33	1	79.14400000000002	156.44800000000015
470	34	1	91.8063872255488	172.58682634730533
470	35	1	183.82669322709162	185.003984063745
470	36	1	145.12375249500994	121.29740518962069
470	37	1	58.05776892430282	96.75498007968118
470	38	1	148.35000000000008	180.5279999999999
470	39	1	143.5557768924304	149.80876494023903
470	40	1	160.46706586826352	145.91217564870274
470	41	1	110.63273453093811	169.46107784431155
470	42	1	86.82435129740509	27.023952095808387
470	43	1	49.50099403578531	64.35188866799206
470	44	1	9.123505976095622	104.48207171314736
470	45	1	117.55489021956089	134.28942115768447
471	1	2	4.959999999999995	4.979999999999998
471	2	2	4.944	45.03600000000001
471	3	2	4.877049180327865	84.87704918032787
471	4	2	4.877049180327865	125.1229508196721
471	5	2	5.036000000000001	164.9400000000001
471	6	2	45.027999999999984	4.912000000000001
471	7	2	45.00000000000003	45.00000000000002
471	8	2	45.132	85.40399999999994
471	9	2	45.00000000000003	124.99999999999997
471	10	2	45.012	165.10399999999987
471	11	2	84.87704918032783	5.1229508196721305
471	12	2	85.01200000000003	45.040000000000006
471	13	2	84.952	84.93999999999998
471	14	2	85.01600000000005	125.156
471	15	2	85.52479338842977	165.68595041322322
471	16	2	124.69999999999996	5.000000000000002
471	17	2	124.89200000000002	45.06400000000003
471	18	2	125.03599999999999	84.83200000000001
471	19	2	125.13199999999999	124.59600000000003
471	20	2	125.25714285714291	165.51428571428562
471	21	2	165.03599999999994	5.088
471	22	2	164.97999999999996	45.10399999999999
471	23	2	164.87999999999994	85.09200000000003
471	24	2	164.99999999999994	124.99999999999997
471	25	2	164.90400000000002	164.86799999999994
471	26	1	25.221556886227532	125.95209580838329
471	27	1	66.24351297405188	181.38922155688618
471	28	1	118.14171656686625	148.18363273453093
471	29	1	23.467999999999996	110.284
471	30	1	21.336000000000006	82.68200000000006
471	31	1	30.38844621513945	66.24103585657375
471	32	1	158.48605577689264	60.54581673306771
471	33	1	79.10379241516965	156.48502994012003
471	34	1	91.83599999999996	172.51200000000003
471	35	1	183.92814371257484	184.9960079840317
471	36	1	145.11377245508987	121.28542914171662
471	37	1	57.92614770459082	96.41317365269454
471	38	1	148.37200000000007	180.42000000000004
471	39	1	143.53093812375246	149.74451097804393
471	40	1	160.38400000000016	145.83600000000007
471	41	1	110.56199999999997	169.41399999999996
471	42	1	86.87848605577702	26.996015936254985
471	43	1	49.37125748502995	64.13972055888233
471	44	1	9.069860279441116	104.4770459081837
471	45	1	117.53399999999993	134.36199999999994
472	1	2	4.959999999999995	4.979999999999998
472	2	2	4.944	45.03600000000001
472	3	2	4.877049180327865	84.87704918032787
472	4	2	4.877049180327865	125.1229508196721
472	5	2	5.036000000000001	164.9400000000001
472	6	2	45.027999999999984	4.912000000000001
472	7	2	45.00000000000003	45.00000000000002
472	8	2	45.132	85.40399999999994
472	9	2	45.00000000000003	124.99999999999997
472	10	2	45.012	165.10399999999987
472	11	2	84.87704918032783	5.1229508196721305
472	12	2	85.01200000000003	45.040000000000006
472	13	2	84.952	84.93999999999998
472	14	2	85.01600000000005	125.156
472	15	2	85.52479338842977	165.68595041322322
472	16	2	124.69999999999996	5.000000000000002
472	17	2	124.89200000000002	45.06400000000003
472	18	2	125.03599999999999	84.83200000000001
472	19	2	125.13199999999999	124.59600000000003
472	20	2	125.25714285714291	165.51428571428562
472	21	2	165.03599999999994	5.088
472	22	2	164.97999999999996	45.10399999999999
472	23	2	164.87999999999994	85.09200000000003
472	24	2	164.99999999999994	124.99999999999997
472	25	2	164.90400000000002	164.86799999999994
472	26	1	25.3572854291417	125.98203592814366
472	27	1	66.18962075848299	181.4231536926146
472	28	1	118.2315369261476	148.23153692614764
472	29	1	23.357285429141733	110.40119760479047
472	30	1	21.44910179640717	82.88223552894203
472	31	1	30.338645418326696	66.26693227091629
472	32	1	158.41	60.391999999999975
472	33	1	79.17365269461078	156.4451097804389
472	34	1	91.82634730538908	172.51896207584832
472	35	1	183.86027944111777	184.96606786427137
472	36	1	145.10000000000002	121.23199999999997
472	37	1	57.6993987975952	96.09418837675338
472	38	1	148.45219123505962	180.31274900398404
472	39	1	143.42800000000003	149.58399999999995
472	40	1	160.24000000000015	145.90599999999998
472	41	1	110.51097804391213	169.53892215568854
472	42	1	86.83233532934135	27.06387225548901
472	43	1	49.301397205588806	63.90818363273453
472	44	1	8.906374501992032	104.50398406374501
472	45	1	117.52304609218434	134.35270541082173
473	1	2	4.959999999999995	4.979999999999998
473	2	2	4.944	45.03600000000001
473	3	2	4.877049180327865	84.87704918032787
473	4	2	4.877049180327865	125.1229508196721
473	5	2	5.036000000000001	164.9400000000001
473	6	2	45.027999999999984	4.912000000000001
473	7	2	45.00000000000003	45.00000000000002
473	8	2	45.132	85.40399999999994
473	9	2	45.00000000000003	124.99999999999997
473	10	2	45.012	165.10399999999987
473	11	2	84.87704918032783	5.1229508196721305
473	12	2	85.01200000000003	45.040000000000006
473	13	2	84.952	84.93999999999998
473	14	2	85.01600000000005	125.156
473	15	2	85.52479338842977	165.68595041322322
473	16	2	124.69999999999996	5.000000000000002
473	17	2	124.89200000000002	45.06400000000003
473	18	2	125.03599999999999	84.83200000000001
473	19	2	125.13199999999999	124.59600000000003
473	20	2	125.25714285714291	165.51428571428562
473	21	2	165.03599999999994	5.088
473	22	2	164.97999999999996	45.10399999999999
473	23	2	164.87999999999994	85.09200000000003
473	24	2	164.99999999999994	124.99999999999997
473	25	2	164.90400000000002	164.86799999999994
473	26	1	25.481037924151682	125.92614770459076
473	27	1	66.05389221556882	181.40718562874252
473	28	1	118.28199999999995	148.38799999999995
473	29	1	23.255489021956116	110.52894211576849
473	30	1	21.531999999999993	83.09400000000001
473	31	1	30.27091633466139	66.37649402390436
473	32	1	158.3187250996015	60.231075697211125
473	33	1	79.13999999999997	156.44999999999982
473	34	1	91.74650698602802	172.5389221556887
473	35	1	183.75449101796409	185.1177644710578
473	36	1	145.07784431137736	121.13173652694613
473	37	1	57.5548902195609	95.7864271457086
473	38	1	148.3912175648701	180.24750499001988
473	39	1	143.39840637450214	149.54581673306754
473	40	1	160.1939999999999	145.90599999999998
473	41	1	110.32600000000001	169.816
473	42	1	86.87624750498999	27.08582834331336
473	43	1	49.12175648702591	63.80439121756488
473	44	1	8.81636726546906	104.56487025948094
473	45	1	117.54780876494023	134.39840637450206
474	1	2	4.959999999999995	4.979999999999998
474	2	2	4.944	45.03600000000001
474	3	2	4.877049180327865	84.87704918032787
474	4	2	4.877049180327865	125.1229508196721
474	5	2	5.036000000000001	164.9400000000001
474	6	2	45.027999999999984	4.912000000000001
474	7	2	45.00000000000003	45.00000000000002
474	8	2	45.132	85.40399999999994
474	9	2	45.00000000000003	124.99999999999997
474	10	2	45.012	165.10399999999987
474	11	2	84.87704918032783	5.1229508196721305
474	12	2	85.01200000000003	45.040000000000006
474	13	2	84.952	84.93999999999998
474	14	2	85.01600000000005	125.156
474	15	2	85.52479338842977	165.68595041322322
474	16	2	124.69999999999996	5.000000000000002
474	17	2	124.89200000000002	45.06400000000003
474	18	2	125.03599999999999	84.83200000000001
474	19	2	125.13199999999999	124.59600000000003
474	20	2	125.25714285714291	165.51428571428562
474	21	2	165.03599999999994	5.088
474	22	2	164.97999999999996	45.10399999999999
474	23	2	164.87999999999994	85.09200000000003
474	24	2	164.99999999999994	124.99999999999997
474	25	2	164.90400000000002	164.86799999999994
474	26	1	25.54183266932273	125.94621513944227
474	27	1	65.93812375249499	181.42714570858288
474	28	1	118.38922155688621	148.4451097804391
474	29	1	23.123752495009963	110.62874251497004
474	30	1	21.640562248995987	83.26104417670676
474	31	1	30.29540918163673	66.45908183632746
474	32	1	158.35329341317356	60.21157684630737
474	33	1	79.184	156.39400000000006
474	34	1	91.67465069860275	172.560878243513
474	35	1	183.7005988023952	185.22554890219564
474	36	1	145.11776447105785	121.125748502994
474	37	1	57.44111776447105	95.59081836327347
474	38	1	148.38323353293399	180.2574850299399
474	39	1	143.41916167664672	149.42514970059875
474	40	1	160.09799999999976	145.80400000000003
474	41	1	110.25149700598799	169.8802395209582
474	42	1	86.85628742514977	27.153692614770478
474	43	1	49.047808764940214	63.591633466135484
474	44	1	8.866000000000012	104.55799999999998
474	45	1	117.42115768463078	134.41716566866282
475	1	2	4.959999999999995	4.979999999999998
475	2	2	4.944	45.03600000000001
475	3	2	4.877049180327865	84.87704918032787
475	4	2	4.877049180327865	125.1229508196721
475	5	2	5.036000000000001	164.9400000000001
475	6	2	45.027999999999984	4.912000000000001
475	7	2	45.00000000000003	45.00000000000002
475	8	2	45.132	85.40399999999994
475	9	2	45.00000000000003	124.99999999999997
475	10	2	45.012	165.10399999999987
475	11	2	84.87704918032783	5.1229508196721305
475	12	2	85.01200000000003	45.040000000000006
475	13	2	84.952	84.93999999999998
475	14	2	85.01600000000005	125.156
475	15	2	85.52479338842977	165.68595041322322
475	16	2	124.69999999999996	5.000000000000002
475	17	2	124.89200000000002	45.06400000000003
475	18	2	125.03599999999999	84.83200000000001
475	19	2	125.13199999999999	124.59600000000003
475	20	2	125.25714285714291	165.51428571428562
475	21	2	165.03599999999994	5.088
475	22	2	164.97999999999996	45.10399999999999
475	23	2	164.87999999999994	85.09200000000003
475	24	2	164.99999999999994	124.99999999999997
475	25	2	164.90400000000002	164.86799999999994
475	26	1	25.692614770459095	125.8423153692616
475	27	1	65.9441117764471	181.39920159680642
475	28	1	118.53784860557768	148.54183266932264
475	29	1	22.992000000000015	110.77000000000008
475	30	1	21.790000000000003	83.40999999999997
475	31	1	30.281437125748504	66.45908183632736
475	32	1	158.243512974052	60.197604790419184
475	33	1	79.28399999999989	156.28799999999993
475	34	1	91.61523046092178	172.5871743486974
475	35	1	183.638	185.19600000000003
475	36	1	145.10578842315363	121.11576846307386
475	37	1	57.32335329341318	95.49700598802397
475	38	1	148.44223107569724	180.1733067729084
475	39	1	143.30339321357295	149.35329341317365
475	40	1	160.0799999999999	145.86
475	41	1	110.1676646706587	169.9081836327345
475	42	1	86.90219560878248	27.195608782435134
475	43	1	49.00199203187253	63.432270916334694
475	44	1	8.830339321357284	104.51497005988027
475	45	1	117.30339321357303	134.43912175648703
476	1	2	4.959999999999995	4.979999999999998
476	2	2	4.944	45.03600000000001
476	3	2	4.877049180327865	84.87704918032787
476	4	2	4.877049180327865	125.1229508196721
476	5	2	5.036000000000001	164.9400000000001
476	6	2	45.027999999999984	4.912000000000001
476	7	2	45.00000000000003	45.00000000000002
476	8	2	45.132	85.40399999999994
476	9	2	45.00000000000003	124.99999999999997
476	10	2	45.012	165.10399999999987
476	11	2	84.87704918032783	5.1229508196721305
476	12	2	85.01200000000003	45.040000000000006
476	13	2	84.952	84.93999999999998
476	14	2	85.01600000000005	125.156
476	15	2	85.52479338842977	165.68595041322322
476	16	2	124.69999999999996	5.000000000000002
476	17	2	124.89200000000002	45.06400000000003
476	18	2	125.03599999999999	84.83200000000001
476	19	2	125.13199999999999	124.59600000000003
476	20	2	125.25714285714291	165.51428571428562
476	21	2	165.03599999999994	5.088
476	22	2	164.97999999999996	45.10399999999999
476	23	2	164.87999999999994	85.09200000000003
476	24	2	164.99999999999994	124.99999999999997
476	25	2	164.90400000000002	164.86799999999994
476	26	1	25.838323353293436	125.87425149700604
476	27	1	65.88000000000002	181.36000000000004
476	28	1	118.59760956175299	148.60358565737053
476	29	1	22.896207584830368	110.88822355289415
476	30	1	21.826347305389238	83.5109780439122
476	31	1	30.186000000000018	66.464
476	32	1	158.00597609561746	59.94820717131473
476	33	1	79.29399999999993	156.21399999999988
476	34	1	91.5358565737052	172.54183266932273
476	35	1	183.73000000000002	185.25599999999994
476	36	1	145.1157684630737	121.11976047904191
476	37	1	57.086000000000034	95.372
476	38	1	148.49800000000005	180.14200000000014
476	39	1	143.26452905811644	149.3867735470941
476	40	1	159.95009980039944	145.85628742514984
476	41	1	110.11000000000013	170.08400000000003
476	42	1	86.90854870775348	27.28827037773357
476	43	1	48.83233532934131	63.08782435129744
476	44	1	8.805999999999992	104.49799999999999
476	45	1	117.30938123752503	134.4670658682634
477	1	2	4.959999999999995	4.979999999999998
477	2	2	4.944	45.03600000000001
477	3	2	4.877049180327865	84.87704918032787
477	4	2	4.877049180327865	125.1229508196721
477	5	2	5.036000000000001	164.9400000000001
477	6	2	45.027999999999984	4.912000000000001
477	7	2	45.00000000000003	45.00000000000002
477	8	2	45.132	85.40399999999994
477	9	2	45.00000000000003	124.99999999999997
477	10	2	45.012	165.10399999999987
477	11	2	84.87704918032783	5.1229508196721305
477	12	2	85.01200000000003	45.040000000000006
477	13	2	84.952	84.93999999999998
477	14	2	85.01600000000005	125.156
477	15	2	85.52479338842977	165.68595041322322
477	16	2	124.69999999999996	5.000000000000002
477	17	2	124.89200000000002	45.06400000000003
477	18	2	125.03599999999999	84.83200000000001
477	19	2	125.13199999999999	124.59600000000003
477	20	2	125.25714285714291	165.51428571428562
477	21	2	165.03599999999994	5.088
477	22	2	164.97999999999996	45.10399999999999
477	23	2	164.87999999999994	85.09200000000003
477	24	2	164.99999999999994	124.99999999999997
477	25	2	164.90400000000002	164.86799999999994
477	26	1	25.939999999999994	125.78399999999993
477	27	1	65.82270916334666	181.36254980079684
477	28	1	118.68662674650703	148.69660678642714
477	29	1	22.806387225548917	110.98403193612769
477	30	1	21.82035928143714	83.60079840319348
477	31	1	30.08383233532934	66.43712574850295
477	32	1	157.99800399201575	59.97604790419162
477	33	1	79.30139720558876	156.13972055888212
477	34	1	91.43512974051902	172.5528942115769
477	35	1	183.75648702594813	185.26147704590815
477	36	1	145.15369261477034	121.13173652694617
477	37	1	56.926000000000016	95.34800000000008
477	38	1	148.4180000000001	180.07800000000012
477	39	1	143.24351297405192	149.4471057884232
477	40	1	159.9121756487026	145.8502994011973
477	41	1	110.02594810379233	170.1756487025948
477	42	1	86.93013972055881	27.23952095808385
477	43	1	48.72908366533865	62.984063745019945
477	44	1	8.821643286573154	104.51503006012025
477	45	1	117.40800000000003	134.56400000000005
478	1	2	4.959999999999995	4.979999999999998
478	2	2	4.944	45.03600000000001
478	3	2	4.877049180327865	84.87704918032787
478	4	2	4.877049180327865	125.1229508196721
478	5	2	5.036000000000001	164.9400000000001
478	6	2	45.027999999999984	4.912000000000001
478	7	2	45.00000000000003	45.00000000000002
478	8	2	45.132	85.40399999999994
478	9	2	45.00000000000003	124.99999999999997
478	10	2	45.012	165.10399999999987
478	11	2	84.87704918032783	5.1229508196721305
478	12	2	85.01200000000003	45.040000000000006
478	13	2	84.952	84.93999999999998
478	14	2	85.01600000000005	125.156
478	15	2	85.52479338842977	165.68595041322322
478	16	2	124.69999999999996	5.000000000000002
478	17	2	124.89200000000002	45.06400000000003
478	18	2	125.03599999999999	84.83200000000001
478	19	2	125.13199999999999	124.59600000000003
478	20	2	125.25714285714291	165.51428571428562
478	21	2	165.03599999999994	5.088
478	22	2	164.97999999999996	45.10399999999999
478	23	2	164.87999999999994	85.09200000000003
478	24	2	164.99999999999994	124.99999999999997
478	25	2	164.90400000000002	164.86799999999994
478	26	1	26.049900199600792	125.81037924151696
478	27	1	65.71399999999997	181.33400000000003
478	28	1	118.74051896207588	148.7964071856286
478	29	1	22.84800000000001	110.97399999999999
478	30	1	21.784431137724553	83.72854291417168
478	31	1	30.005988023952117	66.49301397205586
478	32	1	157.8859999999999	59.882000000000026
478	33	1	79.40518962075853	156.04191616766462
478	34	1	91.39043824701194	172.50796812749005
478	35	1	183.82000000000002	185.21400000000014
478	36	1	145.12599999999992	121.06400000000009
478	37	1	56.78356713426853	95.25651302605206
478	38	1	148.44599999999986	180.07199999999992
478	39	1	143.25600000000003	149.44600000000017
478	40	1	159.81600000000006	145.782
478	41	1	109.91217564870266	170.32934131736502
478	42	1	87.03193612774454	27.215568862275457
478	43	1	48.564870259481054	62.89421157684631
478	44	1	8.768000000000008	104.54000000000003
478	45	1	117.50898203592803	134.6287425149701
479	1	2	4.959999999999995	4.979999999999998
479	2	2	4.944	45.03600000000001
479	3	2	4.877049180327865	84.87704918032787
479	4	2	4.877049180327865	125.1229508196721
479	5	2	5.036000000000001	164.9400000000001
479	6	2	45.027999999999984	4.912000000000001
479	7	2	45.00000000000003	45.00000000000002
479	8	2	45.132	85.40399999999994
479	9	2	45.00000000000003	124.99999999999997
479	10	2	45.012	165.10399999999987
479	11	2	84.87704918032783	5.1229508196721305
479	12	2	85.01200000000003	45.040000000000006
479	13	2	84.952	84.93999999999998
479	14	2	85.01600000000005	125.156
479	15	2	85.52479338842977	165.68595041322322
479	16	2	124.69999999999996	5.000000000000002
479	17	2	124.89200000000002	45.06400000000003
479	18	2	125.03599999999999	84.83200000000001
479	19	2	125.13199999999999	124.59600000000003
479	20	2	125.25714285714291	165.51428571428562
479	21	2	165.03599999999994	5.088
479	22	2	164.97999999999996	45.10399999999999
479	23	2	164.87999999999994	85.09200000000003
479	24	2	164.99999999999994	124.99999999999997
479	25	2	164.90400000000002	164.86799999999994
479	26	1	26.150000000000013	125.85600000000007
479	27	1	65.60956175298807	181.31075697211153
479	28	1	118.83632734530941	148.8982035928144
479	29	1	22.650698602794407	111.15568862275452
479	30	1	21.798000000000012	83.81799999999994
479	31	1	29.920159680638726	66.50099800399198
479	32	1	157.74251497005977	59.75848303393217
479	33	1	79.49700598802403	155.99401197604797
479	34	1	91.318	172.5260000000001
479	35	1	183.91199999999998	185.19599999999994
479	36	1	145.14970059880244	121.05788423153692
479	37	1	56.67664670658683	95.07185628742506
479	38	1	148.4590818363275	180.0558882235528
479	39	1	143.21912350597606	149.40438247011954
479	40	1	159.8299999999999	145.7859999999999
479	41	1	109.81437125748499	170.43912175648708
479	42	1	87.12574850299393	27.17165668662674
479	43	1	48.48303393213579	62.70459081836322
479	44	1	8.780876494023914	104.49402390438246
479	45	1	117.4600000000001	134.71999999999986
480	1	2	4.959999999999995	4.979999999999998
480	2	2	4.944	45.03600000000001
480	3	2	4.877049180327865	84.87704918032787
480	4	2	4.877049180327865	125.1229508196721
480	5	2	5.036000000000001	164.9400000000001
480	6	2	45.027999999999984	4.912000000000001
480	7	2	45.00000000000003	45.00000000000002
480	8	2	45.132	85.40399999999994
480	9	2	45.00000000000003	124.99999999999997
480	10	2	45.012	165.10399999999987
480	11	2	84.87704918032783	5.1229508196721305
480	12	2	85.01200000000003	45.040000000000006
480	13	2	84.952	84.93999999999998
480	14	2	85.01600000000005	125.156
480	15	2	85.52479338842977	165.68595041322322
480	16	2	124.69999999999996	5.000000000000002
480	17	2	124.89200000000002	45.06400000000003
480	18	2	125.03599999999999	84.83200000000001
480	19	2	125.13199999999999	124.59600000000003
480	20	2	125.25714285714291	165.51428571428562
480	21	2	165.03599999999994	5.088
480	22	2	164.97999999999996	45.10399999999999
480	23	2	164.87999999999994	85.09200000000003
480	24	2	164.99999999999994	124.99999999999997
480	25	2	164.90400000000002	164.86799999999994
480	26	1	26.367999999999995	125.736
480	27	1	65.53293413173648	181.36127744510978
480	28	1	118.94200000000001	149.1099999999999
480	29	1	22.49301397205588	111.32534930139718
480	30	1	21.876494023904385	83.91832669322713
480	31	1	29.870259481037927	66.51497005988027
480	32	1	157.7504990019959	59.7325349301397
480	33	1	79.49700598802403	155.99401197604797
480	34	1	91.24199999999996	172.56399999999988
480	35	1	183.86227544910182	185.25349301397205
480	36	1	145.17764471057885	121.02994011976045
480	37	1	56.495009980039924	94.84031936127745
480	38	1	148.4570858283433	180.02395209580857
480	39	1	143.17800000000005	149.2019999999999
480	40	1	159.7609561752989	145.80876494023914
480	41	1	109.7764471057884	170.58483033932131
480	42	1	87.16800000000002	27.105999999999977
480	43	1	48.43512974051901	62.630738522954054
480	44	1	8.794411177644713	104.50299401197599
480	45	1	117.46600000000001	134.81400000000002
481	1	2	4.959999999999995	4.979999999999998
481	2	2	4.944	45.03600000000001
481	3	2	4.877049180327865	84.87704918032787
481	4	2	4.877049180327865	125.1229508196721
481	5	2	5.036000000000001	164.9400000000001
481	6	2	45.027999999999984	4.912000000000001
481	7	2	45.00000000000003	45.00000000000002
481	8	2	45.132	85.40399999999994
481	9	2	45.00000000000003	124.99999999999997
481	10	2	45.012	165.10399999999987
481	11	2	84.87704918032783	5.1229508196721305
481	12	2	85.01200000000003	45.040000000000006
481	13	2	84.952	84.93999999999998
481	14	2	85.01600000000005	125.156
481	15	2	85.52479338842977	165.68595041322322
481	16	2	124.69999999999996	5.000000000000002
481	17	2	124.89200000000002	45.06400000000003
481	18	2	125.03599999999999	84.83200000000001
481	19	2	125.13199999999999	124.59600000000003
481	20	2	125.25714285714291	165.51428571428562
481	21	2	165.03599999999994	5.088
481	22	2	164.97999999999996	45.10399999999999
481	23	2	164.87999999999994	85.09200000000003
481	24	2	164.99999999999994	124.99999999999997
481	25	2	164.90400000000002	164.86799999999994
481	26	1	26.536926147704595	125.56487025948114
481	27	1	65.47504990019962	181.3293413173652
481	28	1	119.15199999999997	149.23399999999998
481	29	1	22.311999999999998	111.44799999999998
481	30	1	21.832669322709148	83.94223107569724
481	31	1	29.850299401197606	66.58483033932126
481	32	1	157.67465069860296	59.64071856287426
481	33	1	79.62200000000003	155.9639999999999
481	34	1	91.14199999999998	172.65000000000003
481	35	1	183.74650698602798	185.24351297405198
481	36	1	145.14171656686622	121.01397205588829
481	37	1	56.434262948207135	94.74900398406373
481	38	1	148.35999999999993	180.00999999999993
481	39	1	143.19123505976103	149.2111553784859
481	40	1	159.75599999999986	145.7580000000001
481	41	1	109.68799999999995	170.72800000000015
481	42	1	87.23107569721117	27.071713147410353
481	43	1	48.30079681274904	62.48207171314744
481	44	1	8.790836653386457	104.47011952191237
481	45	1	117.35129740518961	134.8483033932135
482	1	2	4.959999999999995	4.979999999999998
482	2	2	4.944	45.03600000000001
482	3	2	4.877049180327865	84.87704918032787
482	4	2	4.877049180327865	125.1229508196721
482	5	2	5.036000000000001	164.9400000000001
482	6	2	45.027999999999984	4.912000000000001
482	7	2	45.00000000000003	45.00000000000002
482	8	2	45.132	85.40399999999994
482	9	2	45.00000000000003	124.99999999999997
482	10	2	45.012	165.10399999999987
482	11	2	84.87704918032783	5.1229508196721305
482	12	2	85.01200000000003	45.040000000000006
482	13	2	84.952	84.93999999999998
482	14	2	85.01600000000005	125.156
482	15	2	85.52479338842977	165.68595041322322
482	16	2	124.69999999999996	5.000000000000002
482	17	2	124.89200000000002	45.06400000000003
482	18	2	125.03599999999999	84.83200000000001
482	19	2	125.13199999999999	124.59600000000003
482	20	2	125.25714285714291	165.51428571428562
482	21	2	165.03599999999994	5.088
482	22	2	164.97999999999996	45.10399999999999
482	23	2	164.87999999999994	85.09200000000003
482	24	2	164.99999999999994	124.99999999999997
482	25	2	164.90400000000002	164.86799999999994
482	26	1	26.578842315369258	125.58682634730536
482	27	1	65.38522954091817	181.41716566866276
482	28	1	119.38323353293416	149.37325349301392
482	29	1	22.24799999999999	111.56799999999994
482	30	1	21.83632734530939	84.07784431137732
482	31	1	29.800399201596836	66.6267465069861
482	32	1	157.52095808383262	59.48502994011977
482	33	1	79.68725099601599	155.87649402390446
482	34	1	90.96200000000002	172.78199999999993
482	35	1	183.8303393213573	185.27944111776446
482	36	1	145.20958083832352	121.04790419161678
482	37	1	56.32135728542915	94.62874251497006
482	38	1	148.3884462151396	180.0239043824702
482	39	1	143.23306772908379	149.05179282868525
482	40	1	159.73453093812367	145.7465069860281
482	41	1	109.58000000000003	170.68400000000008
482	42	1	87.28343313373259	27.04790419161677
482	43	1	48.131474103585646	62.3764940239044
482	44	1	8.726546906187634	104.54091816367261
482	45	1	117.12999999999995	134.91199999999998
483	1	2	4.959999999999995	4.979999999999998
483	2	2	4.944	45.03600000000001
483	3	2	4.877049180327865	84.87704918032787
483	4	2	4.877049180327865	125.1229508196721
483	5	2	5.036000000000001	164.9400000000001
483	6	2	45.027999999999984	4.912000000000001
483	7	2	45.00000000000003	45.00000000000002
483	8	2	45.132	85.40399999999994
483	9	2	45.00000000000003	124.99999999999997
483	10	2	45.012	165.10399999999987
483	11	2	84.87704918032783	5.1229508196721305
483	12	2	85.01200000000003	45.040000000000006
483	13	2	84.952	84.93999999999998
483	14	2	85.01600000000005	125.156
483	15	2	85.52479338842977	165.68595041322322
483	16	2	124.69999999999996	5.000000000000002
483	17	2	124.89200000000002	45.06400000000003
483	18	2	125.03599999999999	84.83200000000001
483	19	2	125.13199999999999	124.59600000000003
483	20	2	125.25714285714291	165.51428571428562
483	21	2	165.03599999999994	5.088
483	22	2	164.97999999999996	45.10399999999999
483	23	2	164.87999999999994	85.09200000000003
483	24	2	164.99999999999994	124.99999999999997
483	25	2	164.90400000000002	164.86799999999994
483	26	1	26.72854291417164	125.54491017964074
483	27	1	65.31863727454908	181.50300601202395
483	28	1	119.53293413173652	149.38722554890228
483	29	1	22.217564870259487	111.63473053892216
483	30	1	21.86653386454184	84.15537848605592
483	31	1	29.73253493013971	66.66467065868262
483	32	1	157.52000000000018	59.46999999999998
483	33	1	79.69660678642714	155.90618762475054
483	34	1	90.89421157684627	172.7704590818363
483	35	1	183.93	185.2960000000001
483	36	1	145.22155688622766	121.0099800399201
483	37	1	56.23904382470121	94.40836653386461
483	38	1	148.43313373253483	179.9261477045907
483	39	1	143.28400000000013	149.09799999999998
483	40	1	159.77644710578858	145.6367265469062
483	41	1	109.51896207584832	170.6726546906186
483	42	1	87.458	27.02
483	43	1	47.98199999999996	62.21199999999998
483	44	1	8.664670658682638	104.52495009980038
483	45	1	117.1636726546906	134.93413173652692
484	1	2	4.959999999999995	4.979999999999998
484	2	2	4.944	45.03600000000001
484	3	2	4.877049180327865	84.87704918032787
484	4	2	4.877049180327865	125.1229508196721
484	5	2	5.036000000000001	164.9400000000001
484	6	2	45.027999999999984	4.912000000000001
484	7	2	45.00000000000003	45.00000000000002
484	8	2	45.132	85.40399999999994
484	9	2	45.00000000000003	124.99999999999997
484	10	2	45.012	165.10399999999987
484	11	2	84.87704918032783	5.1229508196721305
484	12	2	85.01200000000003	45.040000000000006
484	13	2	84.952	84.93999999999998
484	14	2	85.01600000000005	125.156
484	15	2	85.52479338842977	165.68595041322322
484	16	2	124.69999999999996	5.000000000000002
484	17	2	124.89200000000002	45.06400000000003
484	18	2	125.03599999999999	84.83200000000001
484	19	2	125.13199999999999	124.59600000000003
484	20	2	125.25714285714291	165.51428571428562
484	21	2	165.03599999999994	5.088
484	22	2	164.97999999999996	45.10399999999999
484	23	2	164.87999999999994	85.09200000000003
484	24	2	164.99999999999994	124.99999999999997
484	25	2	164.90400000000002	164.86799999999994
484	26	1	26.84199999999999	125.55599999999994
484	27	1	65.07784431137728	181.51896207584838
484	28	1	119.5876494023905	149.48406374501997
484	29	1	22.134268537074153	111.80160320641279
484	30	1	21.94810379241517	84.42115768463077
484	31	1	29.629482071713138	66.73107569721117
484	32	1	157.5398406374501	59.430278884462155
484	33	1	79.72055888223548	155.8862275449102
484	34	1	90.79599999999996	172.74399999999997
484	35	1	183.82669322709162	185.37649402390443
484	36	1	145.24599999999995	121.03199999999994
484	37	1	56.07768924302786	94.26693227091627
484	38	1	148.40799999999993	179.8920000000001
484	39	1	143.2754491017965	149.11776447105785
484	40	1	159.74302788844616	145.69920318725107
484	41	1	109.52599999999993	170.72000000000023
484	42	1	87.57399999999993	27.041999999999998
484	43	1	47.808000000000035	62.320000000000014
484	44	1	8.542914171656692	104.61876247504993
484	45	1	117.21513944223108	135.01195219123488
485	1	2	4.959999999999995	4.979999999999998
485	2	2	4.944	45.03600000000001
485	3	2	4.877049180327865	84.87704918032787
485	4	2	4.877049180327865	125.1229508196721
485	5	2	5.036000000000001	164.9400000000001
485	6	2	45.027999999999984	4.912000000000001
485	7	2	45.00000000000003	45.00000000000002
485	8	2	45.132	85.40399999999994
485	9	2	45.00000000000003	124.99999999999997
485	10	2	45.012	165.10399999999987
485	11	2	84.87704918032783	5.1229508196721305
485	12	2	85.01200000000003	45.040000000000006
485	13	2	84.952	84.93999999999998
485	14	2	85.01600000000005	125.156
485	15	2	85.52479338842977	165.68595041322322
485	16	2	124.69999999999996	5.000000000000002
485	17	2	124.89200000000002	45.06400000000003
485	18	2	125.03599999999999	84.83200000000001
485	19	2	125.13199999999999	124.59600000000003
485	20	2	125.25714285714291	165.51428571428562
485	21	2	165.03599999999994	5.088
485	22	2	164.97999999999996	45.10399999999999
485	23	2	164.87999999999994	85.09200000000003
485	24	2	164.99999999999994	124.99999999999997
485	25	2	164.90400000000002	164.86799999999994
485	26	1	27.03799999999998	125.44199999999987
485	27	1	64.96200000000003	181.4360000000001
485	28	1	119.56573705179284	149.52390438247025
485	29	1	22.12	111.86200000000005
485	30	1	21.96812749003984	84.4960159362551
485	31	1	29.554000000000027	66.75200000000001
485	32	1	157.5229540918163	59.41716566866269
485	33	1	79.81399999999998	155.83199999999997
485	34	1	90.68662674650697	172.8083832335328
485	35	1	183.78642714570856	185.38123752494994
485	36	1	145.2674650698602	121.00798403193606
485	37	1	56.01400000000002	94.27999999999994
485	38	1	148.41117764471045	179.88223552894192
485	39	1	143.24599999999998	149.11199999999994
485	40	1	159.68463073852294	145.7245508982036
485	41	1	109.43512974051903	170.79640718562885
485	42	1	87.81673306772907	26.922310756972102
485	43	1	47.68662674650703	62.17764471057876
485	44	1	8.540000000000001	104.64800000000005
485	45	1	117.30938123752487	135.0838323353294
486	1	2	4.959999999999995	4.979999999999998
486	2	2	4.944	45.03600000000001
486	3	2	4.877049180327865	84.87704918032787
486	4	2	4.877049180327865	125.1229508196721
486	5	2	5.036000000000001	164.9400000000001
486	6	2	45.027999999999984	4.912000000000001
486	7	2	45.00000000000003	45.00000000000002
486	8	2	45.132	85.40399999999994
486	9	2	45.00000000000003	124.99999999999997
486	10	2	45.012	165.10399999999987
486	11	2	84.87704918032783	5.1229508196721305
486	12	2	85.01200000000003	45.040000000000006
486	13	2	84.952	84.93999999999998
486	14	2	85.01600000000005	125.156
486	15	2	85.52479338842977	165.68595041322322
486	16	2	124.69999999999996	5.000000000000002
486	17	2	124.89200000000002	45.06400000000003
486	18	2	125.03599999999999	84.83200000000001
486	19	2	125.13199999999999	124.59600000000003
486	20	2	125.25714285714291	165.51428571428562
486	21	2	165.03599999999994	5.088
486	22	2	164.97999999999996	45.10399999999999
486	23	2	164.87999999999994	85.09200000000003
486	24	2	164.99999999999994	124.99999999999997
486	25	2	164.90400000000002	164.86799999999994
486	26	1	27.113772455089816	125.4730538922156
486	27	1	64.984	181.56599999999997
486	28	1	119.63944223107576	149.58764940239055
486	29	1	22.11576846307384	111.98602794411191
486	30	1	22.057884231536924	84.76047904191623
486	31	1	29.500998003992	66.71856287425153
486	32	1	157.50199203187242	59.40637450199209
486	33	1	79.92599999999996	155.7579999999999
486	34	1	90.61599999999997	172.84400000000002
486	35	1	183.79959919839683	185.45490981963928
486	36	1	145.26546906187644	120.96407185628738
486	37	1	55.924151696606756	94.25149700598806
486	38	1	148.42399999999978	179.85799999999983
486	39	1	143.23552894211574	149.06586826347302
486	40	1	159.68662674650696	145.69461077844312
486	41	1	109.38399999999999	170.906
486	42	1	87.91017964071855	26.96407185628741
486	43	1	47.520958083832326	62.129740518962066
486	44	1	8.387225548902192	104.76047904191616
486	45	1	117.30938123752489	135.08582834331324
487	1	2	4.959999999999995	4.979999999999998
487	2	2	4.944	45.03600000000001
487	3	2	4.877049180327865	84.87704918032787
487	4	2	4.877049180327865	125.1229508196721
487	5	2	5.036000000000001	164.9400000000001
487	6	2	45.027999999999984	4.912000000000001
487	7	2	45.00000000000003	45.00000000000002
487	8	2	45.132	85.40399999999994
487	9	2	45.00000000000003	124.99999999999997
487	10	2	45.012	165.10399999999987
487	11	2	84.87704918032783	5.1229508196721305
487	12	2	85.01200000000003	45.040000000000006
487	13	2	84.952	84.93999999999998
487	14	2	85.01600000000005	125.156
487	15	2	85.52479338842977	165.68595041322322
487	16	2	124.69999999999996	5.000000000000002
487	17	2	124.89200000000002	45.06400000000003
487	18	2	125.03599999999999	84.83200000000001
487	19	2	125.13199999999999	124.59600000000003
487	20	2	125.25714285714291	165.51428571428562
487	21	2	165.03599999999994	5.088
487	22	2	164.97999999999996	45.10399999999999
487	23	2	164.87999999999994	85.09200000000003
487	24	2	164.99999999999994	124.99999999999997
487	25	2	164.90400000000002	164.86799999999994
487	26	1	27.20800000000001	125.4219999999999
487	27	1	64.89620758483034	181.65069860279442
487	28	1	119.66666666666666	149.6247504990019
487	29	1	22.071856287425167	112.01996007984033
487	30	1	22.021956087824336	84.87824351297398
487	31	1	29.383233532934135	66.91217564870253
487	32	1	157.52095808383245	59.339321357285435
487	33	1	79.96207584830337	155.72854291417175
487	34	1	90.61077844311376	172.81636726546898
487	35	1	183.78243512974052	185.46706586826352
487	36	1	145.2664015904572	120.91848906560634
487	37	1	55.89021956087826	93.92415169660681
487	38	1	148.42115768463069	179.82834331337324
487	39	1	143.1956087824354	149.00598802395209
487	40	1	159.66932270916342	145.7250996015937
487	41	1	109.36526946107784	170.99201596806392
487	42	1	87.95999999999997	26.935999999999993
487	43	1	47.414342629482114	61.99003984063749
487	44	1	8.322	104.82599999999994
487	45	1	117.25748502994014	135.13972055888212
488	1	2	4.959999999999995	4.979999999999998
488	2	2	4.944	45.03600000000001
488	3	2	4.877049180327865	84.87704918032787
488	4	2	4.877049180327865	125.1229508196721
488	5	2	5.036000000000001	164.9400000000001
488	6	2	45.027999999999984	4.912000000000001
488	7	2	45.00000000000003	45.00000000000002
488	8	2	45.132	85.40399999999994
488	9	2	45.00000000000003	124.99999999999997
488	10	2	45.012	165.10399999999987
488	11	2	84.87704918032783	5.1229508196721305
488	12	2	85.01200000000003	45.040000000000006
488	13	2	84.952	84.93999999999998
488	14	2	85.01600000000005	125.156
488	15	2	85.52479338842977	165.68595041322322
488	16	2	124.69999999999996	5.000000000000002
488	17	2	124.89200000000002	45.06400000000003
488	18	2	125.03599999999999	84.83200000000001
488	19	2	125.13199999999999	124.59600000000003
488	20	2	125.25714285714291	165.51428571428562
488	21	2	165.03599999999994	5.088
488	22	2	164.97999999999996	45.10399999999999
488	23	2	164.87999999999994	85.09200000000003
488	24	2	164.99999999999994	124.99999999999997
488	25	2	164.90400000000002	164.86799999999994
488	26	1	27.247504990019973	125.38522954091808
488	27	1	64.87624750498996	181.67265469061886
488	28	1	119.63147410358562	149.68127490039834
488	29	1	22.045908183632736	112.05788423153696
488	30	1	22.077844311377245	84.93413173652708
488	31	1	29.268924302788815	66.8426294820717
488	32	1	157.4970059880239	59.325349301397246
488	33	1	79.99999999999999	155.66467065868267
488	34	1	90.49700598802393	172.90019960079837
488	35	1	183.77	185.49600000000015
488	36	1	145.3360000000001	120.92600000000003
488	37	1	55.850000000000016	93.62999999999991
488	38	1	148.44710578842313	179.79441117764466
488	39	1	143.187624750499	148.9001996007986
488	40	1	159.63672654690603	145.63872255489017
488	41	1	109.24351297405192	171.05588822355267
488	42	1	88.00399201596802	26.90019960079841
488	43	1	47.341317365269454	61.91417165668658
488	44	1	8.297405189620761	104.82235528942121
488	45	1	117.23199999999996	135.172
489	1	2	4.959999999999995	4.979999999999998
489	2	2	4.944	45.03600000000001
489	3	2	4.877049180327865	84.87704918032787
489	4	2	4.877049180327865	125.1229508196721
489	5	2	5.036000000000001	164.9400000000001
489	6	2	45.027999999999984	4.912000000000001
489	7	2	45.00000000000003	45.00000000000002
489	8	2	45.132	85.40399999999994
489	9	2	45.00000000000003	124.99999999999997
489	10	2	45.012	165.10399999999987
489	11	2	84.87704918032783	5.1229508196721305
489	12	2	85.01200000000003	45.040000000000006
489	13	2	84.952	84.93999999999998
489	14	2	85.01600000000005	125.156
489	15	2	85.52479338842977	165.68595041322322
489	16	2	124.69999999999996	5.000000000000002
489	17	2	124.89200000000002	45.06400000000003
489	18	2	125.03599999999999	84.83200000000001
489	19	2	125.13199999999999	124.59600000000003
489	20	2	125.25714285714291	165.51428571428562
489	21	2	165.03599999999994	5.088
489	22	2	164.97999999999996	45.10399999999999
489	23	2	164.87999999999994	85.09200000000003
489	24	2	164.99999999999994	124.99999999999997
489	25	2	164.90400000000002	164.86799999999994
489	26	1	27.311377245508993	125.33333333333334
489	27	1	64.82235528942117	181.64471057884234
489	28	1	119.77445109780444	149.810379241517
489	29	1	21.902000000000008	112.18199999999995
489	30	1	22.16199999999999	85.05600000000003
489	31	1	29.205588822355313	66.85229540918151
489	32	1	157.56087824351295	59.333333333333336
489	33	1	79.97005988023946	155.69261477045916
489	34	1	90.36327345309381	172.98602794411167
489	35	1	183.78443113772454	185.55888223552896
489	36	1	145.30339321357272	120.8223552894212
489	37	1	55.76693227091634	93.51394422310763
489	38	1	148.47800000000007	179.74400000000003
489	39	1	143.17365269461078	148.92814371257475
489	40	1	159.6015936254981	145.56573705179275
489	41	1	109.14799999999998	171.08000000000004
489	42	1	88.20000000000005	26.841999999999977
489	43	1	47.280876494023886	61.70119521912355
489	44	1	8.2988047808765	104.80278884462149
489	45	1	117.30538922155688	135.30139720558893
490	1	2	4.959999999999995	4.979999999999998
490	2	2	4.944	45.03600000000001
490	3	2	4.877049180327865	84.87704918032787
490	4	2	4.877049180327865	125.1229508196721
490	5	2	5.036000000000001	164.9400000000001
490	6	2	45.027999999999984	4.912000000000001
490	7	2	45.00000000000003	45.00000000000002
490	8	2	45.132	85.40399999999994
490	9	2	45.00000000000003	124.99999999999997
490	10	2	45.012	165.10399999999987
490	11	2	84.87704918032783	5.1229508196721305
490	12	2	85.01200000000003	45.040000000000006
490	13	2	84.952	84.93999999999998
490	14	2	85.01600000000005	125.156
490	15	2	85.52479338842977	165.68595041322322
490	16	2	124.69999999999996	5.000000000000002
490	17	2	124.89200000000002	45.06400000000003
490	18	2	125.03599999999999	84.83200000000001
490	19	2	125.13199999999999	124.59600000000003
490	20	2	125.25714285714291	165.51428571428562
490	21	2	165.03599999999994	5.088
490	22	2	164.97999999999996	45.10399999999999
490	23	2	164.87999999999994	85.09200000000003
490	24	2	164.99999999999994	124.99999999999997
490	25	2	164.90400000000002	164.86799999999994
490	26	1	27.43887775551102	125.3206412825652
490	27	1	64.8296593186373	181.65931863727457
490	28	1	119.80638722554889	149.86027944111774
490	29	1	21.812375249500995	112.26746506986026
490	30	1	22.245508982035936	85.3373253493014
490	31	1	29.079999999999995	66.77199999999995
490	32	1	157.53692614770446	59.31736526946105
490	33	1	79.95608782435126	155.71057884231536
490	34	1	90.31337325349291	173.01397205588813
490	35	1	183.74	185.61799999999988
490	36	1	145.272	120.74199999999999
490	37	1	55.61999999999995	93.37999999999994
490	38	1	148.56513026052107	179.57915831663342
490	39	1	143.11976047904184	148.76447105788426
490	40	1	159.57485029940128	145.51896207584824
490	41	1	109.1357285429142	171.08582834331347
490	42	1	88.29341317365277	26.796407185628734
490	43	1	47.18363273453093	61.59680638722555
490	44	1	8.196000000000002	104.86399999999999
490	45	1	117.26400000000002	135.30200000000008
491	1	2	4.959999999999995	4.979999999999998
491	2	2	4.944	45.03600000000001
491	3	2	4.877049180327865	84.87704918032787
491	4	2	4.877049180327865	125.1229508196721
491	5	2	5.036000000000001	164.9400000000001
491	6	2	45.027999999999984	4.912000000000001
491	7	2	45.00000000000003	45.00000000000002
491	8	2	45.132	85.40399999999994
491	9	2	45.00000000000003	124.99999999999997
491	10	2	45.012	165.10399999999987
491	11	2	84.87704918032783	5.1229508196721305
491	12	2	85.01200000000003	45.040000000000006
491	13	2	84.952	84.93999999999998
491	14	2	85.01600000000005	125.156
491	15	2	85.52479338842977	165.68595041322322
491	16	2	124.69999999999996	5.000000000000002
491	17	2	124.89200000000002	45.06400000000003
491	18	2	125.03599999999999	84.83200000000001
491	19	2	125.13199999999999	124.59600000000003
491	20	2	125.25714285714291	165.51428571428562
491	21	2	165.03599999999994	5.088
491	22	2	164.97999999999996	45.10399999999999
491	23	2	164.87999999999994	85.09200000000003
491	24	2	164.99999999999994	124.99999999999997
491	25	2	164.90400000000002	164.86799999999994
491	26	1	27.477045908183644	125.40119760479033
491	27	1	64.83200000000001	181.68400000000003
491	28	1	119.83632734530933	149.93013972055897
491	29	1	21.740518962075857	112.34131736526943
491	30	1	22.343313373253505	85.49101796407187
491	31	1	28.941999999999968	66.74200000000003
491	32	1	157.4103585657372	59.177290836653405
491	33	1	80.08982035928145	155.59880239520962
491	34	1	90.2380000000001	173.05800000000013
491	35	1	183.5888223552894	185.71057884231558
491	36	1	145.23752495009975	120.66866267465078
491	37	1	55.576846307385225	93.43512974051895
491	38	1	148.50299401197614	179.52295409181625
491	39	1	143.06772908366537	148.64342629482056
491	40	1	159.4340000000002	145.51200000000003
491	41	1	109.04790419161674	171.23153692614753
491	42	1	88.36327345309374	26.75648702594808
491	43	1	47.10159362549805	61.57569721115541
491	44	1	8.126000000000005	104.87200000000001
491	45	1	117.058	135.34599999999995
492	1	2	4.959999999999995	4.979999999999998
492	2	2	4.944	45.03600000000001
492	3	2	4.877049180327865	84.87704918032787
492	4	2	4.877049180327865	125.1229508196721
492	5	2	5.036000000000001	164.9400000000001
492	6	2	45.027999999999984	4.912000000000001
492	7	2	45.00000000000003	45.00000000000002
492	8	2	45.132	85.40399999999994
492	9	2	45.00000000000003	124.99999999999997
492	10	2	45.012	165.10399999999987
492	11	2	84.87704918032783	5.1229508196721305
492	12	2	85.01200000000003	45.040000000000006
492	13	2	84.952	84.93999999999998
492	14	2	85.01600000000005	125.156
492	15	2	85.52479338842977	165.68595041322322
492	16	2	124.69999999999996	5.000000000000002
492	17	2	124.89200000000002	45.06400000000003
492	18	2	125.03599999999999	84.83200000000001
492	19	2	125.13199999999999	124.59600000000003
492	20	2	125.25714285714291	165.51428571428562
492	21	2	165.03599999999994	5.088
492	22	2	164.97999999999996	45.10399999999999
492	23	2	164.87999999999994	85.09200000000003
492	24	2	164.99999999999994	124.99999999999997
492	25	2	164.90400000000002	164.86799999999994
492	26	1	27.54491017964072	125.2534930139721
492	27	1	64.80400000000003	181.6619999999999
492	28	1	119.92015968063876	150.03193612774453
492	29	1	21.609999999999992	112.48000000000006
492	30	1	22.264000000000028	85.54999999999998
492	31	1	28.926147704590836	66.88822355289429
492	32	1	157.3107569721116	59.08964143426297
492	33	1	80.16566866267465	155.53892215568868
492	34	1	90.2380000000001	173.05800000000013
492	35	1	183.63147410358567	185.71115537848618
492	36	1	145.2340000000001	120.62599999999999
492	37	1	55.52495009980043	93.17165668662673
492	38	1	148.47211155378508	179.45418326693206
492	39	1	143.09181636726524	148.566866267465
492	40	1	159.44600000000014	145.48599999999993
492	41	1	108.93426294820722	171.394422310757
492	42	1	88.4990019960079	26.720558882235522
492	43	1	47.02199999999999	61.45399999999998
492	44	1	8.085828343313384	104.86427145708582
492	45	1	117.07768924302783	135.37450199203204
493	1	2	4.959999999999995	4.979999999999998
493	2	2	4.944	45.03600000000001
493	3	2	4.877049180327865	84.87704918032787
493	4	2	4.877049180327865	125.1229508196721
493	5	2	5.036000000000001	164.9400000000001
493	6	2	45.027999999999984	4.912000000000001
493	7	2	45.00000000000003	45.00000000000002
493	8	2	45.132	85.40399999999994
493	9	2	45.00000000000003	124.99999999999997
493	10	2	45.012	165.10399999999987
493	11	2	84.87704918032783	5.1229508196721305
493	12	2	85.01200000000003	45.040000000000006
493	13	2	84.952	84.93999999999998
493	14	2	85.01600000000005	125.156
493	15	2	85.52479338842977	165.68595041322322
493	16	2	124.69999999999996	5.000000000000002
493	17	2	124.89200000000002	45.06400000000003
493	18	2	125.03599999999999	84.83200000000001
493	19	2	125.13199999999999	124.59600000000003
493	20	2	125.25714285714291	165.51428571428562
493	21	2	165.03599999999994	5.088
493	22	2	164.97999999999996	45.10399999999999
493	23	2	164.87999999999994	85.09200000000003
493	24	2	164.99999999999994	124.99999999999997
493	25	2	164.90400000000002	164.86799999999994
493	26	1	27.61200000000001	125.28400000000006
493	27	1	64.75600000000001	181.694
493	28	1	120.02390438247018	150.1155378486057
493	29	1	21.516000000000005	112.58200000000002
493	30	1	22.29740518962075	85.63073852295415
493	31	1	28.82530120481926	66.85140562248993
493	32	1	157.25298804780897	58.92231075697206
493	33	1	80.29800000000003	155.44800000000004
493	34	1	90.18525896414343	173.11553784860536
493	35	1	183.75200000000004	185.70999999999995
493	36	1	145.27200000000016	120.63000000000014
493	37	1	55.47305389221556	92.92015968063875
493	38	1	148.50499001996013	179.33333333333348
493	39	1	143.138	148.4639999999999
493	40	1	159.49500998004007	145.5009980039919
493	41	1	108.83632734530939	171.47904191616755
493	42	1	88.54400000000003	26.681999999999984
493	43	1	46.91816367265471	61.29940119760478
493	44	1	8.074000000000005	104.86600000000003
493	45	1	117.13572854291411	135.46906187624745
494	1	2	4.959999999999995	4.979999999999998
494	2	2	4.944	45.03600000000001
494	3	2	4.877049180327865	84.87704918032787
494	4	2	4.877049180327865	125.1229508196721
494	5	2	5.036000000000001	164.9400000000001
494	6	2	45.027999999999984	4.912000000000001
494	7	2	45.00000000000003	45.00000000000002
494	8	2	45.132	85.40399999999994
494	9	2	45.00000000000003	124.99999999999997
494	10	2	45.012	165.10399999999987
494	11	2	84.87704918032783	5.1229508196721305
494	12	2	85.01200000000003	45.040000000000006
494	13	2	84.952	84.93999999999998
494	14	2	85.01600000000005	125.156
494	15	2	85.52479338842977	165.68595041322322
494	16	2	124.69999999999996	5.000000000000002
494	17	2	124.89200000000002	45.06400000000003
494	18	2	125.03599999999999	84.83200000000001
494	19	2	125.13199999999999	124.59600000000003
494	20	2	125.25714285714291	165.51428571428562
494	21	2	165.03599999999994	5.088
494	22	2	164.97999999999996	45.10399999999999
494	23	2	164.87999999999994	85.09200000000003
494	24	2	164.99999999999994	124.99999999999997
494	25	2	164.90400000000002	164.86799999999994
494	26	1	27.479041916167652	125.40518962075856
494	27	1	64.73904382470117	181.78685258964134
494	28	1	120.17764471057885	150.2934131736527
494	29	1	21.450000000000006	112.674
494	30	1	22.366533864541836	85.70717131474107
494	31	1	28.7684630738523	66.75648702594806
494	32	1	157.17529880478082	58.79282868525898
494	33	1	80.35528942115775	155.37325349301412
494	34	1	90.16766467065877	173.12175648702595
494	35	1	183.688622754491	185.74251497005977
494	36	1	145.25199999999998	120.56199999999997
494	37	1	55.43824701195218	92.7370517928286
494	38	1	148.49101796407192	179.34530938123734
494	39	1	143.11799999999988	148.41199999999995
494	40	1	159.44710578842324	145.4950099800401
494	41	1	108.74999999999997	171.60799999999995
494	42	1	88.622754491018	26.660678642714565
494	43	1	46.954183266932326	61.16334661354581
494	44	1	8.06387225548901	104.79640718562877
494	45	1	117.11599999999999	135.57000000000022
495	1	2	4.959999999999995	4.979999999999998
495	2	2	4.944	45.03600000000001
495	3	2	4.877049180327865	84.87704918032787
495	4	2	4.877049180327865	125.1229508196721
495	5	2	5.036000000000001	164.9400000000001
495	6	2	45.027999999999984	4.912000000000001
495	7	2	45.00000000000003	45.00000000000002
495	8	2	45.132	85.40399999999994
495	9	2	45.00000000000003	124.99999999999997
495	10	2	45.012	165.10399999999987
495	11	2	84.87704918032783	5.1229508196721305
495	12	2	85.01200000000003	45.040000000000006
495	13	2	84.952	84.93999999999998
495	14	2	85.01600000000005	125.156
495	15	2	85.52479338842977	165.68595041322322
495	16	2	124.69999999999996	5.000000000000002
495	17	2	124.89200000000002	45.06400000000003
495	18	2	125.03599999999999	84.83200000000001
495	19	2	125.13199999999999	124.59600000000003
495	20	2	125.25714285714291	165.51428571428562
495	21	2	165.03599999999994	5.088
495	22	2	164.97999999999996	45.10399999999999
495	23	2	164.87999999999994	85.09200000000003
495	24	2	164.99999999999994	124.99999999999997
495	25	2	164.90400000000002	164.86799999999994
495	26	1	27.596806387225556	125.32534930139713
495	27	1	64.7445109780439	181.7744510978044
495	28	1	120.32399999999998	150.39000000000004
495	29	1	21.361277445109792	112.78443113772448
495	30	1	22.397205588822356	85.82235528942118
495	31	1	28.71115537848605	66.71314741035854
495	32	1	157.14400000000003	58.70400000000003
495	33	1	80.35528942115775	155.37325349301412
495	34	1	90.16766467065877	173.12175648702595
495	35	1	183.6447105788423	185.8083832335331
495	36	1	145.27944111776466	120.50299401197607
495	37	1	55.41000000000001	92.648
495	38	1	148.51400000000004	179.29000000000016
495	39	1	143.12350597609557	148.32470119521923
495	40	1	159.4031936127743	145.5469061876248
495	41	1	108.76400000000002	171.69199999999998
495	42	1	88.79041916167655	26.618762475049913
495	43	1	46.86826347305392	61.19960079840319
495	44	1	8.080000000000004	104.80400000000006
495	45	1	116.99201596806384	135.6866267465069
496	1	2	4.959999999999995	4.979999999999998
496	2	2	4.944	45.03600000000001
496	3	2	4.877049180327865	84.87704918032787
496	4	2	4.877049180327865	125.1229508196721
496	5	2	5.036000000000001	164.9400000000001
496	6	2	45.027999999999984	4.912000000000001
496	7	2	45.00000000000003	45.00000000000002
496	8	2	45.132	85.40399999999994
496	9	2	45.00000000000003	124.99999999999997
496	10	2	45.012	165.10399999999987
496	11	2	84.87704918032783	5.1229508196721305
496	12	2	85.01200000000003	45.040000000000006
496	13	2	84.952	84.93999999999998
496	14	2	85.01600000000005	125.156
496	15	2	85.52479338842977	165.68595041322322
496	16	2	124.69999999999996	5.000000000000002
496	17	2	124.89200000000002	45.06400000000003
496	18	2	125.03599999999999	84.83200000000001
496	19	2	125.13199999999999	124.59600000000003
496	20	2	125.25714285714291	165.51428571428562
496	21	2	165.03599999999994	5.088
496	22	2	164.97999999999996	45.10399999999999
496	23	2	164.87999999999994	85.09200000000003
496	24	2	164.99999999999994	124.99999999999997
496	25	2	164.90400000000002	164.86799999999994
496	26	1	27.77245508982035	125.2974051896206
496	27	1	64.71057884231537	181.72654690618768
496	28	1	120.46906187624757	150.4471057884232
496	29	1	21.249500998003988	112.94411177644713
496	30	1	22.523904382470104	85.98804780876496
496	31	1	28.58682634730538	66.64870259481035
496	32	1	157.0800000000001	58.62600000000001
496	33	1	80.41600000000004	155.32000000000005
496	34	1	90.16733067729089	173.1394422310757
496	35	1	183.59680638722557	185.8522954091818
496	36	1	145.31199999999984	120.51800000000001
496	37	1	55.312000000000026	92.52000000000007
496	38	1	148.464	179.31000000000003
496	39	1	143.14541832669332	148.2828685258963
496	40	1	159.42199999999988	145.5839999999998
496	41	1	108.7125748502994	171.75449101796394
496	42	1	88.74650698602798	26.636726546906203
496	43	1	46.79441117764474	61.10978043912179
496	44	1	7.948103792415156	104.91616766467061
496	45	1	117.04800000000002	135.71400000000006
497	1	2	4.959999999999995	4.979999999999998
497	2	2	4.944	45.03600000000001
497	3	2	4.877049180327865	84.87704918032787
497	4	2	4.877049180327865	125.1229508196721
497	5	2	5.036000000000001	164.9400000000001
497	6	2	45.027999999999984	4.912000000000001
497	7	2	45.00000000000003	45.00000000000002
497	8	2	45.132	85.40399999999994
497	9	2	45.00000000000003	124.99999999999997
497	10	2	45.012	165.10399999999987
497	11	2	84.87704918032783	5.1229508196721305
497	12	2	85.01200000000003	45.040000000000006
497	13	2	84.952	84.93999999999998
497	14	2	85.01600000000005	125.156
497	15	2	85.52479338842977	165.68595041322322
497	16	2	124.69999999999996	5.000000000000002
497	17	2	124.89200000000002	45.06400000000003
497	18	2	125.03599999999999	84.83200000000001
497	19	2	125.13199999999999	124.59600000000003
497	20	2	125.25714285714291	165.51428571428562
497	21	2	165.03599999999994	5.088
497	22	2	164.97999999999996	45.10399999999999
497	23	2	164.87999999999994	85.09200000000003
497	24	2	164.99999999999994	124.99999999999997
497	25	2	164.90400000000002	164.86799999999994
497	26	1	27.71600000000001	125.36400000000012
497	27	1	64.69799999999995	181.66600000000014
497	28	1	120.75648702594802	150.6626746506987
497	29	1	21.197604790419145	113.03992015968065
497	30	1	22.70200000000001	86.21
497	31	1	28.5269461077844	66.57884231536929
497	32	1	157.00399999999988	58.49599999999999
497	33	1	80.52894211576856	155.23952095808386
497	34	1	90.03600000000009	173.15200000000007
497	35	1	183.65737051792829	185.87051792828674
497	36	1	145.27944111776443	120.40119760479045
497	37	1	55.268	92.40199999999987
497	38	1	148.48902195608775	179.24950099800407
497	39	1	143.1437125748501	148.07385229540913
497	40	1	159.4191616766467	145.5548902195609
497	41	1	108.55976095617525	171.90637450199193
497	42	1	88.74900398406386	26.675298804780873
497	43	1	46.806387225548924	61.057884231536924
497	44	1	7.984031936127747	104.9001996007984
497	45	1	117.02200000000008	135.85799999999983
498	1	2	4.959999999999995	4.979999999999998
498	2	2	4.944	45.03600000000001
498	3	2	4.877049180327865	84.87704918032787
498	4	2	4.877049180327865	125.1229508196721
498	5	2	5.036000000000001	164.9400000000001
498	6	2	45.027999999999984	4.912000000000001
498	7	2	45.00000000000003	45.00000000000002
498	8	2	45.132	85.40399999999994
498	9	2	45.00000000000003	124.99999999999997
498	10	2	45.012	165.10399999999987
498	11	2	84.87704918032783	5.1229508196721305
498	12	2	85.01200000000003	45.040000000000006
498	13	2	84.952	84.93999999999998
498	14	2	85.01600000000005	125.156
498	15	2	85.52479338842977	165.68595041322322
498	16	2	124.69999999999996	5.000000000000002
498	17	2	124.89200000000002	45.06400000000003
498	18	2	125.03599999999999	84.83200000000001
498	19	2	125.13199999999999	124.59600000000003
498	20	2	125.25714285714291	165.51428571428562
498	21	2	165.03599999999994	5.088
498	22	2	164.97999999999996	45.10399999999999
498	23	2	164.87999999999994	85.09200000000003
498	24	2	164.99999999999994	124.99999999999997
498	25	2	164.90400000000002	164.86799999999994
498	26	1	27.89820359281439	125.23952095808376
498	27	1	64.63527054108214	181.72745490981973
498	28	1	120.80638722554892	150.7325349301397
498	29	1	21.146	113.09199999999998
498	30	1	22.798403193612764	86.30738522954097
498	31	1	28.470119521912363	66.4422310756972
498	32	1	157.02794411177635	58.429141716566825
498	33	1	80.53293413173648	155.25349301397205
498	34	1	89.8942115768464	173.2235528942117
498	35	1	183.54690618762476	185.86626746506977
498	36	1	145.27689243027896	120.34661354581681
498	37	1	55.254	92.314
498	38	1	148.46399999999994	179.1959999999999
498	39	1	143.18199999999996	147.9820000000002
498	40	1	159.3892215568861	145.54291417165663
498	41	1	108.50299401197606	171.90019960079854
498	42	1	88.83999999999992	26.612000000000002
498	43	1	46.78043912175653	60.99600798403195
498	44	1	7.8665338645418394	104.95019920318715
498	45	1	117.09580838323355	135.91616766467075
499	1	2	4.959999999999995	4.979999999999998
499	2	2	4.944	45.03600000000001
499	3	2	4.877049180327865	84.87704918032787
499	4	2	4.877049180327865	125.1229508196721
499	5	2	5.036000000000001	164.9400000000001
499	6	2	45.027999999999984	4.912000000000001
499	7	2	45.00000000000003	45.00000000000002
499	8	2	45.132	85.40399999999994
499	9	2	45.00000000000003	124.99999999999997
499	10	2	45.012	165.10399999999987
499	11	2	84.87704918032783	5.1229508196721305
499	12	2	85.01200000000003	45.040000000000006
499	13	2	84.952	84.93999999999998
499	14	2	85.01600000000005	125.156
499	15	2	85.52479338842977	165.68595041322322
499	16	2	124.69999999999996	5.000000000000002
499	17	2	124.89200000000002	45.06400000000003
499	18	2	125.03599999999999	84.83200000000001
499	19	2	125.13199999999999	124.59600000000003
499	20	2	125.25714285714291	165.51428571428562
499	21	2	165.03599999999994	5.088
499	22	2	164.97999999999996	45.10399999999999
499	23	2	164.87999999999994	85.09200000000003
499	24	2	164.99999999999994	124.99999999999997
499	25	2	164.90400000000002	164.86799999999994
499	26	1	27.916334661354572	125.34661354581678
499	27	1	64.54291417165669	181.85229540918172
499	28	1	120.90419161676638	150.79840319361267
499	29	1	21.113999999999994	113.15400000000005
499	30	1	22.910179640718564	86.45708582834335
499	31	1	28.399201596806392	66.29940119760495
499	32	1	156.94422310756977	58.22509960159363
499	33	1	80.48103792415165	155.3193612774451
499	34	1	89.81836327345319	173.27345309381232
499	35	1	183.5868263473054	185.83033932135714
499	36	1	145.3446215139445	120.29083665338645
499	37	1	55.230000000000004	92.22600000000006
499	38	1	148.38922155688635	179.19760479041918
499	39	1	143.16799999999995	147.85400000000004
499	40	1	159.30538922155682	145.55888223552898
499	41	1	108.49601593625493	171.92828685258962
499	42	1	88.85599999999998	26.60200000000001
499	43	1	46.734530938123754	60.994011976047915
499	44	1	7.88223552894212	104.96806387225543
499	45	1	117.06573705179287	135.98406374501965
